1628061226.693214 1.126665 0.000000 0.000000 0.000000 0.000000 0.000000
1628061226.793400 0.687378 0.666737 3.921193 6.362042 0.468272 12.105622
1628061226.893631 0.650084 0.648048 5.983719 6.558833 0.438020 14.278704
1628061226.993769 1.079069 0.857448 4.841307 5.854307 0.483925 13.116056
1628061227.093946 0.719464 0.658856 4.662142 6.113847 0.482539 12.636848
1628061227.194169 0.683062 0.641101 4.972749 6.253261 0.435268 12.985441
1628061227.294334 1.748274 1.493903 4.734873 5.808563 0.910729 14.696342
1628061227.394535 1.756070 1.520427 8.976254 6.756424 0.953074 19.962249
1628061227.494778 1.519265 1.585262 8.539660 7.008095 0.891910 19.544192
1628061227.594905 1.846557 1.518456 9.452807 7.355689 0.926522 21.100031
1628061227.695132 1.607167 1.438255 8.465156 6.632850 0.920416 19.063844
1628061227.795267 1.866206 1.566872 9.767506 8.174552 1.017670 22.392806
1628061227.895672 1.770199 1.554703 8.994161 7.043293 0.981865 20.344221
1628061227.995633 1.886144 1.593880 9.227313 7.780633 0.956650 21.444620
1628061228.096170 1.669081 1.327576 10.014713 8.169167 0.862616 22.043153
1628061228.196015 1.082584 0.847767 5.849589 7.948754 0.709317 16.438011
1628061228.297880 0.711057 0.692373 5.878484 8.088778 0.467600 15.838292
1628061228.396395 0.751041 0.686803 5.740833 8.535707 0.453459 16.167843
1628061228.496598 1.063055 0.854562 5.671992 9.698239 0.723247 18.011095
1628061228.596814 0.771612 0.700278 5.759537 9.219700 0.471779 16.922906
1628061228.697109 1.145113 0.859882 8.922764 13.668254 0.782196 25.378209
1628061228.797287 1.984091 1.404033 9.222498 8.614100 1.178898 22.403620
1628061228.897447 1.879476 1.318951 9.096071 8.686041 1.115854 22.096393
1628061228.997510 1.609438 1.412372 10.797291 10.119310 0.948309 24.886720
1628061229.098345 1.774876 1.507574 6.523438 9.233878 0.911311 19.951077
1628061229.197898 1.738381 1.472632 9.230367 10.898775 0.971099 24.311254
1628061229.299993 1.845965 1.741120 11.014579 10.005092 1.029507 25.636263
1628061229.398255 1.703443 1.461047 9.378990 9.727965 0.971446 23.242891
1628061229.506777 1.822115 1.622653 10.200596 9.703601 1.021009 24.369974
1628061229.598680 1.968758 1.583706 9.604366 9.914094 1.012567 24.083491
1628061229.698805 1.838423 1.646775 6.369420 9.686786 1.111836 20.653240
1628061229.799457 1.945808 1.565547 10.560325 10.364145 1.049740 25.485565
1628061229.901217 1.654684 1.430682 7.938020 9.666425 1.134754 21.824565
1628061230.000052 1.833522 1.591939 6.574797 10.826559 1.035974 21.862791
1628061230.099560 1.504190 1.418890 10.196717 10.190415 1.003313 24.313525
1628061230.199746 1.830498 1.694267 11.583315 11.165238 1.335534 27.608852
1628061230.299949 1.656919 1.520825 10.151225 10.823178 1.093180 25.245327
1628061230.400510 1.893425 1.714916 10.133317 12.709245 1.105172 27.556075
1628061230.501853 1.733823 1.573902 10.355097 10.748195 1.018242 25.429259
1628061230.600721 1.815637 1.605185 10.517783 10.344992 1.011023 25.294620
1628061230.701835 1.703172 1.557847 9.949127 11.991423 1.015885 26.217454
1628061230.800910 1.795289 1.451514 10.334717 12.460803 0.934762 26.977085
1628061230.901170 1.700990 1.507874 10.088475 10.538247 1.013910 24.849496
1628061231.001256 2.091521 1.870816 11.760564 11.954640 1.169176 28.846717
1628061231.101468 1.327723 1.322389 7.674491 12.065850 0.890286 23.280739
1628061231.201633 1.736887 1.539270 10.879025 10.244626 1.068108 25.467916
1628061231.301878 1.791501 1.576548 10.652126 11.219128 1.014717 26.254020
1628061231.402022 1.679696 1.424227 7.097054 11.325897 0.930978 22.457852
1628061231.502165 1.675453 1.559720 7.329068 11.447251 1.032945 23.044437
1628061231.602581 1.707503 1.514308 11.389031 11.560399 1.020793 27.192034
1628061231.702538 1.841961 1.705032 11.688782 12.167755 1.137055 28.540585
1628061231.802719 1.609456 1.477862 11.447261 12.271829 1.106374 27.912782
1628061231.903067 1.769916 1.585662 7.500463 11.209570 1.129921 23.195532
1628061232.003098 1.907784 1.655859 11.491589 11.451616 1.113689 27.620537
1628061232.103324 1.816597 1.594446 10.876308 11.752347 1.082781 27.122479
1628061232.203485 1.753578 1.502584 11.007988 11.852735 1.069801 27.186686
1628061232.303682 1.878452 1.583220 11.779128 12.048204 1.074491 28.363495
1628061232.403852 1.964338 1.708302 12.006074 12.055022 1.178926 28.912662
1628061232.504042 2.065657 1.592371 13.335508 13.118066 1.056880 31.168482
1628061232.604215 1.937431 1.656454 11.795661 11.877549 1.183630 28.450725
1628061232.704400 1.834785 1.570924 11.368033 11.118110 1.244510 27.136362
1628061232.804593 1.697054 1.456520 10.988037 12.501791 1.283422 27.926824
1628061232.904788 1.794392 1.623885 11.680168 12.581651 1.164357 28.844453
1628061233.004969 2.016118 1.675639 13.847172 11.691926 1.474616 30.705471
1628061233.105162 1.736994 1.512652 11.102141 12.006950 1.060721 27.419458
1628061233.205389 1.867658 1.599469 11.290279 11.860148 1.214251 27.831805
1628061233.305844 1.907501 1.713540 10.874818 11.203463 1.142887 26.842209
1628061233.405735 1.800995 1.651170 11.105060 12.053642 1.108153 27.719020
1628061233.505896 2.066619 1.715043 11.866544 11.696186 1.197056 28.541448
1628061233.606100 1.545076 1.393850 11.801925 12.019822 0.979556 27.740229
1628061233.706275 1.897898 1.569216 12.042867 11.784330 1.101970 28.396281
1628061233.806471 1.785136 1.606428 11.163914 13.496595 1.149267 29.201340
1628061233.906798 1.668915 1.482306 12.462362 11.349105 1.016550 27.979238
1628061234.006858 2.007832 1.818970 11.113680 12.934859 1.176434 29.051775
1628061234.107053 1.849620 1.563387 11.781637 12.375330 1.258510 28.828484
1628061234.207212 1.715982 1.528394 11.695425 12.547596 1.049167 28.536564
1628061234.308417 1.660178 1.467026 8.263143 12.717977 1.026293 25.134617
1628061234.407590 2.014072 1.741966 11.776506 12.474177 1.332930 29.339651
1628061234.508045 1.841526 1.537624 7.579775 12.032863 0.784788 23.776576
1628061234.607980 1.867652 1.642548 13.489326 12.752226 1.188039 30.939791
1628061234.708234 1.878288 1.636803 12.693129 11.558534 1.109740 28.876494
1628061234.808316 1.952121 1.699087 8.504982 11.547492 1.176494 24.880176
1628061234.908552 2.064950 1.820988 11.914935 12.084547 1.197675 29.083095
1628061235.008688 2.088288 1.825470 13.395036 12.402850 1.207238 30.918882
1628061235.108882 1.826585 1.606049 11.568432 11.150738 1.112190 27.263994
1628061235.209086 1.678543 1.461117 12.202942 12.485146 1.026288 28.854036
1628061235.309884 1.962819 1.575224 12.250147 12.269015 1.118379 29.175584
1628061235.409468 1.929239 1.560290 11.776459 11.697577 1.051848 28.015413
1628061235.509919 1.863881 1.564332 12.188761 11.364954 1.257152 28.239080
1628061235.609866 1.746038 1.528573 11.655517 10.926956 1.045190 26.902274
1628061235.710265 1.745810 1.506963 11.844149 13.235754 1.095965 29.428641
1628061235.810222 2.184156 1.643995 14.075041 10.920397 1.107769 29.931358
1628061235.910415 1.765195 1.539331 12.516624 11.210000 1.250629 28.281779
1628061236.010572 1.836193 1.370210 12.400193 10.979647 1.420977 28.007220
1628061236.110872 1.720118 1.483862 7.419179 10.739259 0.935949 22.298367
1628061236.210949 1.897578 1.687580 12.593231 11.761520 1.270578 29.210487
1628061236.311130 1.968299 1.562075 12.494725 12.455270 1.108604 29.588973
1628061236.411321 1.840070 1.533196 7.645923 11.553532 1.022015 23.594736
1628061236.517101 2.082928 1.676762 10.353436 13.332348 1.476367 28.921841
1628061236.611715 1.733303 1.523368 12.699863 11.607171 1.026270 28.589975
1628061236.714134 1.961962 1.668359 12.223903 12.898311 1.118410 29.870945
1628061236.812061 2.006147 1.661867 12.151800 11.381794 1.276887 28.478495
1628061236.912234 1.700949 1.466903 12.749284 11.623964 1.136859 28.677959
1628061237.012466 1.553094 1.076663 11.725012 12.969716 0.539233 27.863718
1628061237.112729 1.831171 1.498725 13.193782 11.685024 1.046430 29.255132
1628061237.212910 1.474095 1.409611 12.713365 10.510313 0.990990 27.098374
1628061237.313247 1.970255 1.672845 12.196587 11.177097 1.096101 28.112885
1628061237.413232 1.876859 1.634486 12.923408 12.085444 1.237759 29.757956
1628061237.513499 2.333133 1.365912 9.125909 14.817721 0.899144 28.541819
1628061237.613581 2.081677 1.646587 12.619551 12.275527 1.135277 29.758619
1628061237.713740 1.811638 1.616950 12.971680 11.923971 1.309082 29.633321
1628061237.813942 1.584107 1.501116 12.412599 12.053482 1.074436 28.625740
1628061237.914500 1.572575 1.390507 12.150574 10.381817 0.929440 26.424913
1628061238.014311 1.800463 1.562886 13.077403 11.279358 1.167898 28.888008
1628061238.114996 1.857191 1.634515 13.296591 11.336531 1.092844 29.217672
1628061238.214699 1.404580 1.270364 13.343833 10.937521 1.087875 28.044173
1628061238.314863 1.811411 1.571340 11.594520 11.360777 0.986484 27.324532
1628061238.415072 1.582775 1.378233 12.575259 11.510382 1.028620 28.075269
1628061238.515232 2.088905 1.581373 12.412353 11.367740 1.249069 28.699440
1628061238.615411 1.737922 1.471523 11.979894 11.551044 1.149546 27.889929
1628061238.715640 1.697282 1.504365 12.415346 12.610987 1.201634 29.429614
1628061238.815811 1.721038 1.495736 11.706786 10.949236 1.026212 26.899008
1628061238.915975 1.833445 1.518513 11.847975 9.996073 0.968991 26.164997
1628061239.016171 1.892539 1.486124 16.093165 9.914017 1.316626 30.702471
1628061239.116354 1.763262 1.528633 12.277101 12.203700 1.032917 28.805613
1628061239.217260 1.019329 0.827556 11.083461 10.424877 0.589111 23.944334
1628061239.317303 1.758515 1.566145 12.300150 12.480031 1.000290 29.105131
1628061239.416985 2.012029 1.595138 11.418370 12.130865 1.089489 28.245891
1628061239.517299 2.101195 1.658270 13.422431 13.983036 1.521290 32.686222
1628061239.617280 1.736843 1.586278 12.581209 10.651271 1.203527 27.759128
1628061239.718812 1.926811 1.695124 12.186664 11.941233 1.138890 28.888722
1628061239.817673 1.566643 1.419016 12.129163 12.710762 0.921034 28.746618
1628061239.919683 1.916180 1.460276 13.377278 11.133595 1.011484 28.898813
1628061240.018031 1.753533 1.422371 12.267516 11.502449 0.952528 27.898397
1628061240.118334 1.692009 1.551170 12.388542 12.542450 0.992342 29.166513
1628061240.218396 1.780629 1.545986 8.644798 12.972203 0.985123 25.928739
1628061240.318672 1.930407 1.686039 8.409765 11.811371 1.092719 24.930301
1628061240.418788 1.662378 1.512164 12.194415 10.909821 0.970630 27.249408
1628061240.519010 1.763739 1.547936 8.471473 11.167087 1.009314 23.959549
1628061240.619154 1.801933 1.567456 8.921602 9.861885 0.993093 23.145969
1628061240.721848 1.863858 1.534965 12.659879 13.155391 0.979174 30.193267
1628061240.819518 1.780358 1.437624 8.359351 11.223395 0.926110 23.726838
1628061240.920178 1.984009 1.615954 11.960676 11.578270 1.115051 28.253960
1628061241.019919 1.826324 1.481458 12.872275 13.481973 0.951803 30.613833
1628061241.120324 1.733921 1.463193 12.608218 11.274695 0.956608 28.036635
1628061241.220284 1.911196 1.606859 14.407550 12.745850 1.059422 31.730877
1628061241.320460 1.855709 1.592024 11.860386 10.897200 0.995751 27.201070
1628061241.420657 1.891240 1.614619 11.432418 10.345599 1.032694 26.316570
1628061241.520924 1.939756 1.544838 13.010947 12.358888 0.968101 29.822530
1628061241.621022 1.932589 1.598461 12.522105 11.284687 1.009565 28.347407
1628061241.721483 1.958138 1.575783 12.784538 10.912575 0.993109 28.224143
1628061241.821393 1.901454 1.610941 11.416695 11.220813 1.007645 27.157548
1628061241.921619 2.018725 1.724581 12.957279 11.152102 1.068873 28.921560
1628061242.021870 1.840662 1.584263 13.596864 12.710534 1.022929 30.755252
1628061242.121949 1.992146 1.573627 12.187514 10.977022 0.996460 27.726769
1628061242.223886 1.871603 1.557220 11.544245 11.305816 0.964955 27.243839
1628061242.322320 1.957080 1.593136 12.764636 10.957135 1.011824 28.283811
1628061242.422616 1.746535 1.526272 8.214204 10.422275 0.945550 22.854836
1628061242.522696 1.939807 1.572883 12.537994 11.124092 0.983698 28.158474
1628061242.624331 1.423162 1.388131 12.314613 11.260301 0.894978 27.281185
1628061242.723092 1.806226 1.617952 11.937713 11.592643 1.023943 27.978477
1628061242.823263 1.701013 1.485535 12.291013 11.604104 0.935524 28.017189
1628061242.923448 1.860394 1.549949 12.684245 10.544963 0.957824 27.597375
1628061243.025840 1.847345 1.652300 12.622393 11.072735 1.052066 28.246839
1628061243.123830 1.872911 1.609240 12.912550 9.902650 1.025815 27.323166
1628061243.223999 1.687637 1.533768 12.491755 10.686105 0.970989 27.370254
1628061243.324435 1.697825 1.506285 12.754432 10.970942 0.939890 27.869374
1628061243.424402 1.779115 1.571023 12.652274 10.893846 0.985466 27.881724
1628061243.524580 1.741211 1.517871 12.440509 10.554999 0.981198 27.235788
1628061243.624750 1.813990 1.502309 12.740259 10.068138 0.978615 27.103311
1628061243.724949 1.887559 1.575674 12.793573 12.036952 0.991188 29.284946
1628061243.825126 1.865347 1.574693 11.855630 10.161878 0.983054 26.440602
1628061243.925322 1.809980 1.449887 13.205709 12.025891 0.887562 29.379029
1628061244.026014 1.785220 1.541213 12.895468 10.238915 0.984859 27.445675
1628061244.125955 2.145412 1.711390 12.977026 10.414577 1.020100 28.268505
1628061244.227029 2.004349 1.589836 8.260332 11.116642 0.995121 23.966280
1628061244.326104 2.095222 1.523863 13.276803 10.649563 0.957912 28.503363
1628061244.426243 1.807549 1.579102 11.628661 10.740421 0.962432 26.718165
1628061244.526491 2.031436 1.670436 12.484583 10.160075 0.987461 27.333991
1628061244.722768 3.159833 1.787192 14.062546 10.253030 1.138578 30.401179
1628061244.726826 0.000222 0.697006 8.176797 9.715884 0.468320 19.058229
1628061244.826988 1.798231 1.446972 12.804978 11.005961 0.937937 27.994079
1628061244.927187 1.773541 1.589438 13.043046 10.934801 1.029451 28.370277
1628061245.027443 1.851985 1.572448 12.013219 10.873054 0.988391 27.299097
1628061245.127574 1.872916 1.669235 13.731621 11.044907 1.023405 29.342084
1628061245.228174 1.811700 1.550201 13.544769 9.433980 1.148370 27.489020
1628061245.327963 1.484923 1.566508 12.784203 10.862198 1.014872 27.712704
1628061245.428164 1.839035 1.599315 12.778449 9.885653 0.989588 27.092040
1628061245.528396 1.866323 0.842070 11.586383 11.850685 0.722101 26.867562
1628061245.628736 1.519758 1.390312 9.125111 10.226405 0.893282 23.154868
1628061245.728734 2.189699 1.659064 12.452042 9.566438 1.011590 26.878833
1628061245.829187 1.970874 1.674354 12.983864 10.317932 0.965424 27.912448
1628061245.929059 1.831815 1.588936 13.254724 9.344950 0.962223 26.982648
1628061246.029502 1.601181 1.431600 12.078552 9.626328 0.893500 25.631161
1628061246.129431 1.918097 1.586716 13.026609 10.680898 0.942617 28.154937
1628061246.229607 1.652182 1.564353 12.190797 10.077398 0.923998 26.408728
1628061246.329808 1.544952 0.704986 9.350813 9.656437 0.458116 21.715304
1628061246.430076 1.707557 1.491565 12.477015 8.698739 0.945927 25.320803
1628061246.530167 1.762993 1.455169 12.435593 9.258982 0.953894 25.866631
1628061246.631171 1.641548 1.395454 11.786462 10.199918 0.861670 25.885052
1628061246.730540 1.922698 1.527596 12.824572 8.530314 0.914992 25.720172
1628061246.830762 1.700811 1.520575 12.349822 10.469769 0.934149 26.975126
1628061246.930939 1.721854 1.550880 12.910589 8.672831 0.948963 25.805117
1628061247.031155 1.549664 1.351321 11.785240 9.254039 0.835170 24.775434
1628061247.131289 1.820855 1.649558 12.757961 8.651057 0.982608 25.862039
1628061247.231580 1.684354 1.530824 13.323679 9.455902 0.901129 26.895888
1628061247.331666 1.679880 1.496940 13.878385 8.281787 0.918553 26.255545
1628061247.434614 1.756488 1.531048 8.377011 8.828967 0.931940 21.425454
1628061247.532049 1.835114 1.512217 11.344853 9.439415 0.923602 25.055201
1628061247.632344 1.797657 1.586789 11.857780 9.397439 0.938401 25.578066
1628061247.732410 2.075676 1.695571 12.274509 8.590887 1.014840 25.651483
1628061247.832626 1.374110 1.278865 13.212340 8.594262 0.804103 25.263680
1628061247.932796 1.994571 1.658116 12.211967 8.621800 0.994575 25.481029
1628061248.033034 1.882726 1.543472 12.772049 8.415165 0.942211 25.555623
1628061248.133191 1.734064 1.563739 13.242328 7.854662 0.925523 25.320316
1628061248.233521 1.706019 1.468409 12.409425 8.698606 0.920878 25.203337
1628061248.333536 1.816473 1.554102 11.961441 9.279258 0.954434 25.565708
1628061248.433727 1.877490 1.506160 11.066952 7.995336 0.941815 23.387753
1628061248.533922 1.867635 1.537899 12.904789 8.332207 0.949177 25.591707
1628061248.634361 1.983486 1.607335 12.038533 7.309100 0.942449 23.880903
1628061248.734271 1.829463 1.547643 12.999668 9.541812 0.947841 26.866427
1628061248.834895 1.879896 1.568071 12.068361 7.150005 0.930874 23.597207
1628061248.934662 1.986268 1.631412 12.412534 10.046521 1.075187 27.151922
1628061249.035169 1.614728 1.502361 12.102363 8.528505 0.884207 24.632164
1628061249.135063 1.558153 1.369459 12.699061 9.024460 0.908574 25.559707
1628061249.235210 1.851481 1.533387 11.698620 7.870437 0.919500 23.873425
1628061249.335408 1.690191 1.421808 12.539981 7.454255 0.892104 23.998339
1628061249.435601 1.869127 1.626940 12.364148 8.621603 0.970297 25.452115
1628061249.535766 1.968776 1.663029 11.748518 8.439228 0.976792 24.796343
1628061249.636180 1.886317 1.575538 11.638419 8.829330 0.900680 24.830284
1628061249.736172 1.725888 1.509982 12.648901 8.510608 0.924163 25.319542
1628061249.837962 1.865068 1.518151 12.275082 8.197895 0.887116 24.743312
1628061249.936535 1.718107 1.489005 12.284783 7.939500 0.872886 24.304281
1628061250.036709 1.786439 1.461589 13.235644 7.839582 1.006817 25.330071
1628061250.136897 1.612305 1.454192 11.672103 7.193759 0.860479 22.792838
1628061250.237101 1.945971 1.563109 11.884344 6.723533 0.911511 23.028468
1628061250.337306 1.527193 1.301312 11.883670 7.745915 0.819639 23.277729
1628061250.437464 1.798154 1.518772 11.807936 7.711753 0.923018 23.759633
1628061250.537665 1.798757 1.452515 11.098516 7.955204 0.887077 23.192069
1628061250.637832 1.956837 1.519642 10.897110 8.957288 0.905428 24.236305
1628061250.738014 1.936951 1.576378 12.587089 7.658953 0.932931 24.692302
1628061250.838319 1.801809 1.487787 12.041206 7.673829 0.879364 23.883995
1628061250.938461 1.724559 1.500434 7.877166 7.444337 0.865849 19.412345
1628061251.041824 1.867030 1.507277 11.658039 7.536373 0.935158 23.503877
1628061251.138799 2.129914 1.481004 15.236965 8.702140 1.138275 28.688298
1628061251.239800 1.829041 1.549296 12.444022 7.727694 0.909400 24.459453
1628061251.339149 1.734421 1.530278 8.836923 7.945008 0.969486 21.016116
1628061251.439324 2.093996 1.427986 12.341059 7.296836 1.067955 24.227832
1628061251.539522 1.717083 1.574882 11.735250 7.823758 0.924394 23.775367
1628061251.639713 1.739963 1.497571 12.573816 6.670174 0.920430 23.401954
1628061251.739890 1.966611 1.606018 12.679597 7.644237 0.952115 24.848578
1628061251.840486 1.906117 1.554054 11.981145 7.365337 0.866580 23.673233
1628061251.940288 1.944941 1.596355 12.479157 8.027937 0.929234 24.977624
1628061252.040456 2.110758 1.205856 9.579024 8.496824 0.671823 22.064285
1628061252.140635 1.740971 1.546242 12.183216 6.799737 0.930286 23.200452
1628061252.240829 1.900212 1.569057 12.134461 8.334439 0.937042 24.875211
1628061252.341029 1.990320 1.609505 11.861536 6.961285 0.964190 23.386836
1628061252.441191 2.177849 1.659691 11.970188 7.130586 0.956817 23.895131
1628061252.541373 1.742644 1.456175 11.327130 7.322165 0.876555 22.724669
1628061252.641559 2.095688 1.366739 15.214797 7.984995 0.886663 27.548882
1628061252.741804 1.818292 1.541062 11.697032 8.167891 0.936045 24.160322
1628061252.841935 1.765204 1.448545 11.439088 7.158737 0.853108 22.664682
1628061252.942122 1.771063 1.473077 12.335049 7.675336 0.866196 24.120721
1628061253.042304 1.873701 1.521414 12.231095 7.053548 0.894335 23.574093
1628061253.142519 1.859384 1.576148 8.453954 8.594347 0.420386 20.904219
1628061253.242836 1.922552 1.653335 11.974858 7.119436 0.945056 23.615237
1628061253.342901 1.903627 1.583744 11.744167 8.090925 0.927886 24.250349
1628061253.443193 1.899711 1.566179 12.226464 6.763172 0.977974 23.433500
1628061253.543298 1.708162 1.529338 13.607743 8.480648 0.908709 26.234600
1628061253.645851 2.048058 1.600506 12.246769 8.518143 0.941270 25.354746
1628061253.743640 1.778324 1.447095 7.281458 7.050053 0.780094 18.337024
1628061253.843815 1.955710 1.533226 12.112491 6.484467 0.904178 22.990072
1628061253.944167 2.301970 1.474361 10.548628 6.903263 0.657650 21.885872
1628061254.046004 1.829154 1.513070 12.241903 6.841691 0.889635 23.315453
1628061254.144407 1.787587 1.504461 8.803729 7.144566 0.794760 20.035103
1628061254.244726 1.830922 1.503751 12.039059 6.223724 0.897910 22.495366
1628061254.344762 1.598831 1.470034 11.484520 6.363070 0.850710 21.767165
1628061254.445826 0.808490 0.943077 12.173717 7.046030 0.628900 21.600214
1628061254.545140 1.873553 1.525000 7.943702 7.020330 0.862224 19.224809
1628061254.645446 1.815237 1.564221 12.084062 6.619785 0.897991 22.981296
1628061254.745516 1.794739 1.506286 11.870752 7.337008 0.868613 23.377398
1628061254.846579 1.841153 1.505492 12.008550 6.528114 0.871465 22.754774
1628061254.946110 1.888779 1.573745 8.400259 6.520057 0.930897 19.313737
1628061255.046056 2.014708 1.572363 13.657672 6.866711 0.894129 25.005583
1628061255.146277 1.732359 1.533763 8.305412 7.878222 0.901567 20.351323
1628061255.246415 1.640524 1.406305 13.866655 7.169486 0.885281 24.968251
1628061255.346630 1.791896 1.516643 12.319773 5.932009 0.869037 22.429358
1628061255.446850 1.848338 1.625511 8.772713 7.092414 0.936667 20.275643
1628061255.547023 1.890287 1.689339 12.477044 6.841023 0.975990 23.873683
1628061255.647221 2.022457 1.537911 11.665419 5.738420 0.902615 21.866822
1628061255.747368 1.821125 1.637205 11.335357 6.782225 0.829659 22.405571
1628061255.847571 1.880677 1.642055 11.780526 6.667434 0.931221 22.901913
1628061255.947827 2.331002 1.455815 11.241008 6.687658 1.069114 22.784597
1628061256.047935 2.052084 1.713453 8.966762 7.034973 0.942659 20.709931
1628061256.148193 1.444239 1.344990 8.524083 5.881199 0.775864 17.970375
1628061256.248303 2.147558 1.230701 11.588019 5.688956 0.662156 21.317390
1628061256.349025 2.050128 1.576878 7.501960 5.512211 0.509139 17.150316
1628061256.448673 1.316443 1.147015 10.670787 6.166431 0.802639 20.103315
1628061256.548853 1.801963 1.524743 10.538904 6.121289 0.900213 20.887112
1628061256.649031 1.898728 1.451071 11.700960 6.863029 0.817462 22.731250
1628061256.749230 0.833814 0.760482 9.763803 6.682401 0.411610 18.452110
1628061256.849416 1.983439 1.631679 11.621341 5.810893 0.922814 21.970166
1628061256.949612 1.780903 1.466048 11.028668 6.578851 0.847471 21.701941
1628061257.049821 2.068904 1.869298 12.234322 5.046651 0.962729 22.181904
1628061257.149967 1.642540 1.494325 12.172747 6.419781 0.878430 22.607823
1628061257.250178 1.835749 1.621325 12.677798 5.885201 0.917633 22.937706
1628061257.350347 1.788886 1.508155 11.449026 6.358890 0.847239 21.952196
1628061257.450547 1.410430 1.390992 12.941708 6.451888 0.814728 23.009746
1628061257.552238 1.788473 1.556919 12.019752 6.336760 0.905296 22.607200
1628061257.650929 1.763860 1.542864 13.469096 6.392479 0.918974 24.087273
1628061257.751097 1.831166 1.629388 11.872235 6.471657 0.969272 22.773718
1628061257.851298 1.718130 1.434889 11.931211 6.759229 0.841853 22.685312
1628061257.951506 1.616181 1.459769 12.314736 6.014146 0.856256 22.261088
1628061258.051659 1.671392 1.355144 12.381868 5.359692 0.799246 21.567342
1628061258.153445 1.892081 1.547517 8.540000 6.399528 0.916435 19.295561
1628061258.252059 1.777386 1.529422 11.941424 6.200581 0.868547 22.317360
1628061258.354302 2.008044 1.625517 11.823304 6.494065 0.913559 22.864489
1628061258.452866 1.863308 1.455787 8.783482 5.913534 0.885468 18.901579
1628061258.552597 1.911726 1.630198 11.866137 6.739572 0.933890 23.081523
1628061258.652795 1.738980 1.518362 12.694709 6.795610 0.939460 23.687121
1628061258.752978 1.816565 1.462662 12.840136 6.002331 0.868602 22.990296
1628061258.853215 0.755340 0.775972 12.691777 8.707871 0.491819 23.422779
1628061258.953447 1.679995 1.507395 12.481099 6.370820 0.906811 22.946120
1628061259.053540 1.449376 1.333557 10.849313 5.056356 0.815022 19.503624
1628061259.153807 1.618670 1.535616 11.662418 6.751253 0.897486 22.465443
1628061259.253936 1.856805 1.641553 12.990008 4.784963 0.982670 22.255999
1628061259.354321 1.670560 1.507861 12.080486 7.126149 0.872588 23.257644
1628061259.454288 1.740919 1.581061 11.384452 6.085303 0.931640 21.723375
1628061259.554461 1.760935 1.558505 11.463124 5.914692 0.928644 21.625900
1628061259.654713 1.601711 1.651972 13.771426 5.798661 0.905465 23.729235
1628061259.756536 1.622167 1.400274 12.302155 5.349404 0.834708 21.508708
1628061259.855074 1.700901 1.409831 11.794318 5.377508 0.838979 21.121537
1628061259.955241 1.803620 1.598915 7.503899 5.685710 0.600337 17.192481
1628061260.055426 1.737844 1.508623 7.678778 5.729395 0.936722 17.591362
1628061260.155796 1.434572 1.289715 11.672017 6.533235 0.790049 21.719588
1628061260.255784 1.696409 1.503449 12.451151 5.988054 0.877439 22.516502
1628061260.356753 1.760297 1.562697 12.402474 6.136857 0.952979 22.815304
1628061260.456196 1.613126 1.429523 11.950104 5.557781 0.847248 21.397782
1628061260.556327 1.721744 1.517562 11.569574 7.512027 0.879719 23.200626
1628061260.656532 1.936249 1.600519 11.711877 7.093391 0.934780 23.276816
1628061260.756867 1.660912 1.382535 11.854086 6.094365 0.851728 21.843626
1628061260.856919 1.805920 1.623431 11.650849 6.675057 0.963593 22.718850
1628061260.957078 1.913045 1.630770 11.711806 5.072975 0.939195 21.267791
1628061261.057271 1.847747 1.639012 12.401707 6.363761 0.950683 23.202910
1628061261.157611 1.903082 1.552358 12.426024 5.110034 0.872050 21.863548
1628061261.257673 1.984333 0.822651 13.774431 6.340299 0.634656 23.556370
1628061261.358093 1.674004 1.391908 11.795497 7.182721 0.845517 22.889647
1628061261.458007 1.671216 1.395982 11.016754 5.156902 0.797363 20.038217
1628061261.558366 1.813660 1.508127 11.462937 4.674834 0.830678 20.290236
1628061261.658418 2.192655 1.462542 12.093910 6.364331 0.787347 22.900785
1628061261.758631 1.702593 1.474697 11.235471 5.981277 0.807349 21.201387
1628061261.858820 1.684389 1.397158 11.404256 5.293329 0.805603 20.584735
1628061261.958963 1.887469 1.577424 11.689411 5.859314 0.883725 21.897343
1628061262.059136 1.795961 1.508945 11.502549 5.398344 0.873832 21.079631
1628061262.161283 1.900379 1.585543 12.152001 5.309513 0.869815 21.817251
1628061262.259530 1.710931 1.471518 11.658674 4.686376 0.764279 20.291778
1628061262.359706 1.894963 1.513248 7.383586 5.748872 0.819221 17.359890
1628061262.459894 1.978246 1.346940 10.810613 5.773642 0.926324 20.835765
1628061262.560081 0.723936 0.662550 7.017875 4.456489 0.375207 13.236057
1628061262.660262 1.908687 1.605519 11.138113 5.957062 0.832476 21.441857
1628061262.760491 1.934292 1.588815 12.087738 4.397261 0.818798 20.826904
1628061262.860621 1.791668 1.383895 8.307358 5.492664 0.734865 17.710450
1628061262.961002 1.691638 1.401389 11.023284 5.035220 0.746489 19.898020
1628061263.060997 1.813388 1.399788 9.581093 4.959078 0.695419 18.448766
1628061263.163875 2.046728 1.634278 11.496791 5.190855 0.802162 21.170814
1628061263.261396 1.560882 1.388154 12.261936 5.013894 0.749070 20.973936
1628061263.361565 2.069089 1.650551 12.073475 5.345956 0.847359 21.986430
1628061263.461745 2.102658 1.587002 10.685646 5.447518 0.680165 20.502989
1628061263.561931 1.960659 1.534939 10.794787 5.108037 0.757692 20.156114
1628061263.662166 2.362073 1.608961 9.732487 5.168485 0.756603 19.628609
1628061263.762304 1.779694 1.449191 10.170364 5.245232 0.723858 19.368339
1628061263.862500 2.069955 1.777924 10.612888 4.091869 0.751701 19.304337
1628061263.963244 1.745254 1.394856 9.706178 5.369140 0.707129 18.922557
1628061264.062865 1.902938 1.485629 11.081996 4.257520 0.718227 19.446310
1628061264.163097 1.745919 1.483170 10.350086 5.692237 0.710531 19.981943
1628061264.263250 1.750955 1.346024 9.922158 4.385815 0.699201 18.104153
1628061264.367899 1.862526 1.458312 10.514799 4.686334 0.709471 19.231442
1628061264.463623 1.901895 1.514680 10.529713 4.103249 0.726009 18.775546
1628061264.563808 1.955477 1.515693 9.260604 3.916373 0.736490 17.384637
1628061264.664021 1.699324 1.423974 11.205150 4.117820 0.710498 19.156766
1628061264.764201 2.236001 1.614772 7.308775 3.751201 0.724658 15.635407
1628061264.864367 1.750434 1.390457 11.236563 4.586582 0.655339 19.619375
1628061264.964558 1.759736 1.355588 6.130232 3.584653 0.654023 13.484232
1628061265.064782 1.976238 1.586049 9.734395 3.996403 0.699681 17.992766
1628061265.165842 1.872114 1.502148 6.221864 3.606644 0.723858 13.926628
1628061265.265134 1.374256 1.235115 8.637322 4.501526 0.623353 16.371572
1628061265.365302 1.736686 1.354336 9.723884 3.188198 0.647772 16.650876
1628061265.465487 1.683010 1.339758 9.063157 2.697836 0.619297 15.403058
1628061265.565831 1.681499 1.398019 9.796483 4.266011 0.622290 17.764302
1628061265.665877 1.738737 1.368822 9.557664 3.204640 0.641175 16.511038
1628061265.766095 1.783343 1.408407 9.732672 3.628701 0.658247 17.211370
1628061265.866254 1.830872 1.516468 5.750265 3.508606 0.684330 13.290541
1628061265.966424 2.098493 1.578927 9.994286 3.998682 0.714027 18.384415
1628061266.066643 1.910195 1.571535 6.700492 3.435386 0.703427 14.321035
1628061266.166828 1.896426 1.442155 9.614292 3.339395 0.678725 16.970993
1628061266.266995 1.965726 1.586758 6.212229 2.927625 0.657042 13.349380
1628061266.367958 1.926132 1.393008 9.590921 3.423869 0.617648 16.951578
1628061266.467369 1.647202 1.283793 9.619457 3.624371 0.561116 16.735939
1628061266.567552 0.733642 0.637307 9.268497 3.330542 0.553595 14.523583
1628061266.667770 1.784149 1.434422 9.253963 3.121655 0.642502 16.236691
1628061266.768046 2.091064 1.591109 9.324615 3.925202 0.665779 17.597769
1628061266.868654 1.904798 1.390487 5.257547 3.050199 0.608462 12.211493
1628061266.970488 1.889208 1.431599 8.584157 3.763966 0.602745 16.271675
1628061267.068502 1.814318 1.352656 7.457573 2.705853 0.566928 13.897328
1628061267.169177 1.809962 1.457955 9.030341 2.272372 0.611090 15.181720
1628061267.268875 2.030741 1.290616 7.385847 4.134488 0.723926 15.565618
1628061267.369069 2.188636 0.890652 7.321976 4.925292 0.464939 15.791495
1628061267.469260 1.608326 1.343983 6.838109 2.739574 0.595292 13.125284
1628061267.569485 2.017650 1.422645 7.640600 2.782188 0.637631 14.500714
1628061267.669630 1.850355 1.396683 5.752040 2.740332 0.563964 12.303374
1628061267.769784 1.793260 1.417604 5.347183 2.586287 0.600083 11.744417
1628061267.869972 1.528064 1.268346 6.117407 2.277631 0.538476 11.729924
1628061267.970165 1.729184 1.359250 8.937714 2.392571 0.576420 14.995139
1628061268.070404 1.841177 1.434439 5.043646 3.333874 0.597276 12.250412
1628061268.170546 1.870829 1.515094 8.781548 2.546015 0.603374 15.316860
1628061268.270740 1.453605 1.191966 6.856351 2.621558 0.565653 12.689133
1628061268.373250 2.063617 1.510287 9.018432 2.811422 0.633236 16.036994
1628061268.471120 1.435857 1.295575 8.398642 2.428951 0.558178 14.117203
1628061268.571299 1.889265 1.488993 9.123301 3.953928 0.622337 17.077824
1628061268.671498 1.636105 1.347604 8.726071 2.971425 0.584712 15.265917
1628061268.771670 1.779766 1.350134 8.880002 2.967920 0.591983 15.569805
1628061268.871901 1.756298 1.351550 5.996393 3.103073 0.610401 12.817715
1628061268.972040 1.857698 1.510387 9.308337 2.525413 0.613303 15.815138
1628061269.072276 1.777489 1.372449 8.841881 2.087544 0.580989 14.660352
1628061269.172440 1.926469 1.487716 9.031192 3.341745 0.677825 16.464947
1628061269.272604 1.774687 1.366471 5.533803 2.541913 0.583849 11.800723
1628061269.372806 1.649668 1.317629 8.846744 3.774403 0.543915 16.132359
1628061269.472995 2.388361 1.437215 8.586243 3.057415 0.584185 16.053419
1628061269.573160 2.280646 1.601496 9.521707 3.395598 0.638595 17.438042
1628061269.673337 1.376901 1.339900 5.940281 2.964829 0.558087 12.179998
1628061269.773581 1.677105 1.359739 9.463641 2.046377 0.614060 15.160922
1628061269.873744 1.868652 1.490601 8.415663 2.350218 0.603920 14.729054
1628061269.973924 1.854192 1.430770 8.676917 3.385108 0.596703 15.943690
1628061270.074085 1.805474 1.495296 5.459372 2.738475 0.621978 12.120595
1628061270.174284 2.044924 1.498282 8.739552 2.687197 0.586974 15.556929
1628061270.274478 1.691009 1.369338 9.012665 2.131723 0.563263 14.767998
1628061270.374649 1.744551 1.473003 8.617201 3.689526 0.552830 16.077111
1628061270.474832 1.943756 1.455504 4.930741 2.193844 0.574714 11.098559
1628061270.575027 2.168833 1.503012 8.937404 2.027679 0.555981 15.192909
1628061270.675207 1.207935 0.794630 5.218400 2.906007 0.393223 10.520195
1628061270.775400 1.847413 1.403688 5.575797 3.069506 0.534030 12.430434
1628061270.875609 1.677783 1.321858 8.335821 1.999156 0.597768 13.932386
1628061270.976856 1.624708 1.279253 5.542424 3.176007 0.495474 12.117866
1628061271.076096 2.121915 1.300525 4.988420 2.421963 0.412011 11.244834
1628061271.176168 1.986889 1.497967 7.959654 2.835287 0.524017 14.803814
1628061271.276367 1.720539 1.459137 8.888503 3.748571 0.551295 16.368045
1628061271.376515 1.964740 0.958027 5.317874 2.122035 0.370935 10.733611
1628061271.476970 2.209192 1.345899 7.418575 2.795424 0.578131 14.347221
1628061271.576918 2.047960 1.388609 8.578251 2.434857 0.490682 14.940359
1628061271.678977 1.725525 1.313869 4.937176 1.534961 0.501733 10.013264
1628061271.777301 2.019130 1.533756 8.585301 2.990011 0.551401 15.679599
1628061271.877591 1.692380 1.372699 4.080659 2.307129 0.485864 9.938731
1628061271.977666 1.831133 1.608540 8.368953 2.835185 0.589665 15.233476
1628061272.080500 1.516795 1.270510 7.381705 2.411434 0.471537 13.051981
1628061272.178017 1.843424 1.521760 7.768005 2.727118 0.520400 14.380707
1628061272.282193 1.458612 1.191119 4.955564 1.877346 0.436416 9.919057
1628061272.378427 1.899875 1.453742 7.686993 2.208806 0.533223 13.782639
1628061272.478656 1.535654 1.223149 4.633564 1.704281 0.458375 9.555023
1628061272.578773 1.747131 1.400153 7.619287 3.320342 0.516395 14.603308
1628061272.682389 1.494208 1.180339 5.054115 1.708699 0.466231 9.903592
1628061272.779178 1.826783 1.335566 7.818878 2.466307 0.511944 13.959478
1628061272.880108 1.728543 1.297731 4.971178 1.920008 0.526382 10.443842
1628061272.979518 1.700588 1.355713 7.917905 1.801979 0.551258 13.327443
1628061273.081953 1.628158 1.337781 8.248504 3.215558 0.559571 14.989572
1628061273.179886 1.441581 1.124444 4.106156 1.422657 0.454581 8.549419
1628061273.281781 0.931551 0.828408 5.607113 1.656167 0.368003 9.391242
1628061273.380273 0.947203 0.638896 5.387997 2.532313 0.370147 9.876556
1628061273.481817 1.504542 0.966074 4.869889 2.302556 0.347501 9.990562
1628061273.580666 1.656100 1.083390 7.668286 1.952655 0.626662 12.987093
1628061273.682221 1.259967 1.062537 7.329851 2.334038 0.464725 12.451118
1628061273.781029 1.363840 1.118141 7.735309 2.752108 0.503632 13.473030
1628061273.885916 1.222228 1.054222 5.012610 1.650293 0.498294 9.437647
1628061273.981395 1.504305 1.164996 4.473213 2.273107 0.498884 9.914505
1628061274.084414 1.124559 0.933866 4.580769 1.368181 0.419693 8.427068
1628061274.181781 1.348407 0.998987 7.392667 4.312276 0.458303 14.510640
1628061274.281943 1.548616 1.048976 7.868749 1.661161 0.646495 12.773997
1628061274.382162 1.282411 1.072114 7.015820 2.990722 0.486112 12.847179
1628061274.482579 1.171798 0.986327 6.469962 2.977118 0.422459 12.027664
1628061274.582519 1.220630 1.035579 6.895796 3.128728 0.458233 12.738966
1628061274.686332 1.102663 0.899851 6.756836 3.391153 0.402312 12.552815
1628061274.782894 1.324234 1.030125 7.134167 3.102913 0.488394 13.079833
1628061274.883067 1.180579 1.015002 6.709216 4.245272 0.442506 13.592575
1628061274.983265 1.408676 1.035610 6.682813 3.791733 0.447398 13.366230
1628061275.083434 1.055361 0.925307 4.397573 1.974949 0.425886 8.779076
1628061275.183666 1.102293 0.912277 6.711532 3.223905 0.389827 12.339834
1628061275.283822 1.243493 1.097583 6.619333 2.207770 0.484056 11.652235
1628061275.384004 1.438938 1.083130 7.038467 3.834609 0.448876 13.844020
1628061275.484218 1.294292 0.986174 5.958036 3.202983 0.391786 11.833271
1628061275.584375 1.228574 1.028085 6.218408 1.990446 0.411052 10.876565
1628061275.685961 1.118520 0.927712 5.652165 3.245169 0.377308 11.320874
1628061275.784799 1.273740 1.018998 5.948270 3.146771 0.408508 11.796287
1628061275.884938 1.233184 1.016632 3.951730 2.209466 0.397140 8.808152
1628061275.985139 1.311105 1.072911 6.080750 2.913215 0.420176 11.798157
1628061276.085425 1.170519 0.962605 5.418804 2.982337 0.393612 10.927877
1628061276.185523 1.758387 1.065711 7.105093 3.348543 0.526147 13.803881
1628061276.286407 1.314963 1.045505 4.518214 2.279739 0.409028 9.567449
1628061276.385878 1.425500 1.132617 6.027361 2.899743 0.426203 11.911424
1628061276.487234 1.317100 1.055776 5.787777 3.048411 0.425995 11.635059
1628061276.586265 1.468408 1.200706 3.748629 1.918955 0.433834 8.770532
1628061276.688531 1.234208 1.068448 5.727110 3.083798 0.408574 11.522138
1628061276.786636 1.318882 1.100894 4.276073 2.792272 0.214004 9.702125
1628061276.886834 1.200190 0.965686 5.544991 2.896487 0.359434 10.966788
1628061276.987000 1.540817 1.233923 6.282397 2.879167 0.487573 12.423877
1628061277.087191 1.380712 1.084374 5.594516 2.653303 0.395436 11.108341
1628061277.187370 1.329309 1.094486 4.336811 1.778099 0.435379 8.974084
1628061277.287797 1.239458 1.038549 5.120591 2.641374 0.392121 10.432093
1628061277.390438 1.733834 1.049506 4.937988 1.793905 0.383101 9.898334
1628061277.489368 1.490506 1.090304 5.801102 4.094424 0.401010 12.877346
1628061277.588133 1.340413 1.067923 5.784171 2.429423 0.421946 11.043876
1628061277.689170 1.328548 1.055931 6.151373 3.291130 0.386696 12.213678
1628061277.794168 1.555953 1.143687 4.369685 1.903024 0.442883 9.415232
1628061277.888674 1.382976 1.067034 5.702374 3.384792 0.394224 11.931400
1628061277.988880 1.564174 1.167316 6.147819 2.985602 0.422744 12.287655
1628061278.089861 1.492429 1.131533 5.935845 3.559129 0.401530 12.520466
1628061278.189250 1.419688 1.161334 3.250800 1.637669 0.449615 7.919106
1628061278.289472 1.422104 1.086775 6.326491 2.664662 0.403259 11.903291
1628061278.389615 1.624208 1.272456 4.428534 1.805665 0.459877 9.590740
1628061278.490183 1.500584 1.170747 4.808344 1.799826 0.413242 9.692743
1628061278.590114 1.539532 1.156916 6.141488 3.259515 0.408941 12.506392
1628061278.690188 1.526291 1.162517 6.331264 3.121573 0.419391 12.561036
1628061278.790370 1.552846 1.207500 4.828872 2.158768 0.457030 10.205016
1628061278.890780 1.262242 0.991498 5.949679 3.712916 0.342368 12.258703
1628061278.990732 1.461636 1.147529 3.898451 2.400538 0.433747 9.341901
1628061279.090978 1.461779 1.102518 6.078481 3.329622 0.381825 12.354225
1628061279.191112 1.724053 1.261563 4.106120 1.873727 0.410512 9.375975
1628061279.291313 1.391137 1.069757 6.174754 3.262202 0.385905 12.283755
1628061279.391510 1.747983 0.911722 3.997803 2.901300 0.327713 9.886521
1628061279.491678 1.853098 1.167777 6.890838 2.346649 0.508620 12.766982
1628061279.591953 1.648662 1.293397 4.076064 2.066442 0.428389 9.512954
1628061279.692059 1.221724 1.061263 5.488924 3.982938 0.378668 12.133517
1628061279.792257 1.470342 1.115041 5.106142 2.091511 0.401992 10.185028
1628061279.892422 1.544214 1.185281 6.816154 4.345563 0.454153 14.345365
1628061279.992933 1.682744 1.281038 6.689615 2.267450 0.451449 12.372296
1628061280.092802 1.513463 1.213545 6.460529 3.891671 0.416525 13.495733
1628061280.193244 1.628807 1.238030 6.473621 2.952088 0.418755 12.711301
1628061280.293175 1.552138 1.197522 6.546826 3.424740 0.424088 13.145314
1628061280.393750 1.735429 1.398880 4.605242 2.141811 0.478631 10.359993
1628061280.493549 0.992219 0.900185 4.292148 2.241284 0.286930 8.712766
1628061280.593859 1.577573 1.285518 3.917166 1.958272 0.443701 9.182230
1628061280.693921 1.736697 1.277645 6.628112 3.880681 0.430471 13.953606
1628061280.794131 1.721453 1.342180 5.705487 2.447816 0.460880 11.677816
1628061280.897740 1.556318 1.196264 6.499115 2.626185 0.387042 12.264924
1628061280.994488 1.719479 1.338223 3.321032 2.204840 0.325483 8.909057
1628061281.094987 1.844463 1.235021 6.756770 5.610925 0.414809 15.861988
1628061281.194856 1.740284 1.409758 6.989521 3.027476 0.476297 13.643336
1628061281.295065 1.612147 1.251914 6.507079 3.422121 0.393722 13.186983
1628061281.395231 1.583472 1.333549 6.477139 3.446656 0.403078 13.243894
1628061281.495445 1.811298 1.401965 7.183255 3.395682 0.476990 14.269190
1628061281.595950 1.653578 1.315968 6.628259 2.759734 0.430091 12.787630
1628061281.696060 1.727569 1.375853 6.900696 4.260172 0.473218 14.737508
1628061281.796894 1.564325 1.217141 6.150697 3.706839 0.384017 13.023019
1628061281.896271 1.656111 1.299952 6.602495 3.615847 0.421803 13.596208
1628061281.996512 1.765558 1.414693 6.519112 2.629551 0.440642 12.769556
1628061282.096740 1.873002 1.366151 7.092933 4.076837 0.485887 14.894810
1628061282.196747 1.621888 1.320386 6.527566 3.767951 0.421204 13.658995
1628061282.296950 1.739232 1.322342 6.869310 3.746334 0.450709 14.127927
1628061282.397263 1.813617 1.375189 3.429988 3.130423 0.457462 10.206679
1628061282.497299 1.677659 1.257792 6.493051 2.821860 0.414138 12.664500
1628061282.597514 1.876541 1.440472 6.967726 3.265466 0.469883 14.020088
1628061282.697778 1.588539 1.283494 6.889813 3.683183 0.425005 13.870034
1628061282.798135 1.618334 1.229991 6.582660 2.971257 0.444286 12.846528
1628061282.899964 1.544290 1.186257 4.635632 2.449220 0.397689 10.213088
1628061282.998696 1.657818 1.252756 6.867459 3.986082 0.436741 14.200856
1628061283.099906 1.794351 1.365623 7.461876 4.302670 0.486886 15.411406
1628061283.198642 1.698031 1.405148 4.434896 2.379055 0.498008 10.415138
1628061283.298800 1.518688 1.171680 7.142866 5.216207 0.419672 15.469113
1628061283.398989 1.598324 1.275730 7.486840 4.395360 0.454049 15.210303
1628061283.499162 1.631802 1.301461 6.307532 3.451965 0.479407 13.172167
1628061283.599404 1.806969 1.313702 7.721970 3.011389 0.482985 14.337015
1628061283.699725 1.684201 1.283171 7.948733 4.887421 0.466601 16.270127
1628061283.799724 1.640620 1.342251 4.510443 3.093988 0.517915 11.105217
1628061283.899911 0.770157 0.555351 4.067388 2.602815 0.210945 8.206656
1628061284.000129 1.738282 1.395702 7.892595 3.034051 0.519541 14.580171
1628061284.100319 1.499637 1.193589 7.612289 3.625818 0.486793 14.418126
1628061284.200483 1.679894 1.359041 8.316600 2.673372 0.510286 14.539193
1628061284.300665 1.563534 1.309976 8.316340 4.636525 0.506442 16.332817
1628061284.400852 1.532224 1.197980 7.640480 3.582582 0.485199 14.438465
1628061284.501046 1.480820 1.148469 8.044330 4.787678 0.458178 15.919475
1628061284.601213 1.489307 1.207084 8.214139 3.426957 0.509058 14.846545
1628061284.702056 1.755215 1.146165 5.040922 3.127488 0.580834 11.650624
1628061284.801593 1.545962 1.243499 8.185356 2.844746 0.528692 14.348255
1628061284.901975 1.513998 1.195555 8.439499 3.305574 0.537951 14.992577
1628061285.001974 1.446172 1.139609 6.314819 3.258667 0.499894 12.659161
1628061285.102183 1.588846 1.255634 8.796795 4.146796 0.536775 16.324846
1628061285.202337 1.451175 1.267066 7.898868 2.846026 0.537360 14.000495
1628061285.302525 1.411829 1.146693 8.629281 4.029439 0.520094 15.737336
1628061285.402742 1.537695 1.291315 5.444690 2.865929 0.551526 11.691155
1628061285.502906 1.397911 1.084646 7.015801 4.658032 0.544176 14.700566
1628061285.603125 1.304045 1.117903 8.694995 3.758177 0.564872 15.439992
1628061285.703525 1.549125 1.232481 9.043976 4.647347 0.605784 17.078713
1628061285.803484 1.350541 1.165746 8.191976 3.596260 0.587081 14.891604
1628061285.903684 1.462909 1.130387 4.896797 3.625464 0.575764 11.691321
1628061286.003863 1.472547 1.200133 8.905255 4.282854 0.614283 16.475072
1628061286.104032 1.302535 1.075961 9.042229 4.418568 0.566587 16.405880
1628061286.204223 1.439646 1.136514 5.767802 3.388293 0.641417 12.373672
1628061286.304414 1.371361 1.144849 9.161744 4.515246 0.576946 16.770146
1628061286.404597 1.308620 1.116501 8.169565 3.301149 0.580065 14.475900
1628061286.504783 1.428220 1.192807 5.214637 3.492300 0.638819 11.966783
1628061286.605150 1.506810 1.235175 6.106869 3.952363 0.617138 13.418355
1628061286.705176 1.362678 1.333066 8.796434 3.548752 0.666802 15.707732
1628061286.805848 1.428899 1.268258 8.465890 4.499985 0.646950 16.309982
1628061286.905549 1.529019 1.225409 5.935707 3.679321 0.617924 12.987380
1628061287.007071 1.552388 1.218635 5.872744 3.386812 0.631216 12.661795
1628061287.105915 1.453576 1.183576 4.390597 4.637375 0.537744 12.202868
1628061287.206324 1.355247 1.167731 5.368222 3.390798 0.578753 11.860751
1628061287.306293 1.124196 0.999355 8.303210 6.127761 0.534321 17.088843
1628061287.406469 1.365587 1.106991 7.726570 4.282384 0.563789 15.045321
1628061287.506646 1.512219 1.209611 8.723351 4.582582 0.560071 16.587834
1628061287.608059 1.379880 1.143709 7.321102 4.733409 0.559680 15.137780
1628061287.707020 1.619483 1.267333 7.527248 3.174628 0.550708 14.139400
1628061287.809990 1.452770 1.203671 5.542404 3.440820 0.551115 12.190780
1628061287.907391 1.554715 0.981157 6.752507 3.335224 0.447562 13.071165
1628061288.008461 1.455941 1.140467 7.797488 4.292126 0.521061 15.207083
1628061288.107780 1.437410 1.124816 7.411609 3.332040 0.491226 13.797101
1628061288.208245 1.626962 1.036007 5.034034 5.348023 0.399322 13.444348
1628061288.308180 1.330457 1.125258 5.555532 3.388268 0.509234 11.908749
1628061288.408378 1.415176 1.104633 7.420368 4.415513 0.523381 14.879071
1628061288.508567 1.414014 1.116726 5.489890 3.526515 0.479348 12.026493
1628061288.613063 1.576800 1.197352 4.746115 3.256763 0.530504 11.307534
1628061288.708938 1.450674 1.119392 4.800577 3.959896 0.522777 11.853316
1628061288.809854 1.451880 1.175103 8.075568 3.780212 0.502615 14.985378
1628061288.909291 1.634578 1.190621 8.606341 4.690785 0.585212 16.707537
1628061289.012959 1.754798 1.346423 8.382953 4.659547 0.616804 16.760525
1628061289.109704 1.788897 1.316226 8.762034 3.827774 0.557938 16.252869
1628061289.210164 1.736326 1.354373 4.870222 3.478288 0.580127 12.019336
1628061289.310026 1.686222 1.317499 8.281470 4.979446 0.563513 16.828150
1628061289.410354 1.845308 1.396187 8.468596 3.516724 0.606427 15.833242
1628061289.510428 1.485232 1.200909 9.042876 4.930318 0.534813 17.194148
1628061289.616078 1.732080 1.339548 4.780797 4.496583 0.612380 12.961388
1628061289.710773 1.791809 1.372439 8.608520 5.318343 0.578484 17.669595
1628061289.813340 1.743995 1.378620 8.511117 5.605851 0.590722 17.830305
1628061289.911135 1.537468 1.193070 8.336896 4.685532 0.526460 16.279426
1628061290.011329 1.728955 1.294806 4.808072 4.171875 0.559394 12.563102
1628061290.111535 1.789760 1.396743 8.952326 4.520697 0.581701 17.241227
1628061290.212095 1.539657 1.304518 8.437173 5.303390 0.537976 17.122714
1628061290.311901 1.442768 1.171399 7.985721 5.632670 0.514028 16.746586
1628061290.414455 2.029211 1.528134 8.037789 4.380632 0.608428 16.584194
1628061290.512266 1.905292 1.446253 8.464661 4.424322 0.622537 16.863065
1628061290.612448 1.756920 1.321948 8.386441 5.194873 0.547779 17.207961
1628061290.712752 1.583772 1.259387 8.179200 5.339014 0.551043 16.912416
1628061290.812968 1.904034 1.700761 9.131617 6.084349 0.648356 19.469117
1628061290.913017 1.796491 1.582351 8.538320 4.813931 0.600087 17.331180
1628061291.013248 1.519690 1.407087 9.117903 5.186918 0.582506 17.814104
1628061291.113394 1.511044 1.175673 8.268852 4.875255 0.501756 16.332580
1628061291.213777 1.746903 1.371845 5.126247 4.621910 0.561299 13.428204
1628061291.313759 1.765672 1.516606 8.999606 4.165109 0.567868 17.014861
1628061291.413954 1.898654 1.472264 8.551889 4.671692 0.593139 17.187638
1628061291.514183 1.553752 1.297262 10.272745 5.725939 0.551864 19.401562
1628061291.617162 1.925179 1.370809 8.842230 4.877741 0.539280 17.555239
1628061291.714660 1.669666 1.467297 8.678013 5.258070 0.558918 17.631964
1628061291.814769 1.938402 1.490601 9.514319 4.032653 0.600586 17.576561
1628061291.914915 1.691356 1.336341 8.783425 4.837493 0.575860 17.224475
1628061292.016103 1.788544 1.335708 5.005735 4.134219 0.530170 12.794376
1628061292.115259 1.982200 1.376864 9.150154 4.056748 0.616862 17.182828
1628061292.215448 1.854010 1.412621 8.551723 4.382373 0.557827 16.758554
1628061292.315894 1.629409 1.264067 8.952718 3.984075 0.506536 16.336805
1628061292.415818 1.986255 1.414218 9.074173 4.204615 0.569145 17.248406
1628061292.516020 2.077256 1.630930 5.748253 3.723189 0.621336 13.800964
1628061292.616198 2.039225 1.485430 9.999209 4.373891 0.584670 18.482425
1628061292.716393 1.885920 1.302882 7.219959 4.314712 0.526499 15.249972
1628061292.816588 1.794345 1.438720 8.822609 3.781517 0.557966 16.395157
1628061292.916792 1.921804 1.439947 8.546637 4.578722 0.599718 17.086828
1628061293.017014 1.769327 1.346485 8.841997 3.900598 0.541797 16.400204
1628061293.117152 2.182838 1.643320 5.645144 3.766635 0.630338 13.868275
1628061293.217330 1.895617 1.475709 9.050545 4.785135 0.587022 17.794028
1628061293.317525 1.652356 1.281196 8.639242 4.558498 0.518066 16.649358
1628061293.417710 1.839676 1.501766 9.157835 5.105412 0.604798 18.209487
1628061293.517902 0.878752 0.719005 6.921626 5.614076 0.311306 14.444765
1628061293.618072 1.933640 1.484131 9.271671 4.783039 0.571481 18.043962
1628061293.718270 2.036705 1.561196 6.336981 4.358776 0.596647 14.890305
1628061293.818737 1.969752 1.472909 8.885026 4.168249 0.578840 17.074776
1628061293.918652 1.833571 1.465790 10.159235 4.382503 0.584780 18.425879
1628061294.018815 1.803824 1.410891 5.353816 4.320524 0.565475 13.454530
1628061294.119055 1.919996 1.501078 9.293544 5.268973 0.629336 18.612927
1628061294.219202 2.038141 1.458816 9.427800 4.062955 0.809794 17.797506
1628061294.319387 1.897625 1.407434 5.588803 3.862785 0.562310 13.318957
1628061294.419588 1.847311 1.504673 8.962755 4.209678 0.568169 17.092586
1628061294.519786 1.896395 1.475472 9.591192 4.842862 0.583255 18.389176
1628061294.619958 1.839145 1.507114 8.884377 4.448173 0.581203 17.260012
1628061294.720160 2.054141 1.486622 6.095443 3.802511 0.642681 14.081398
1628061294.821500 2.119529 1.533036 8.938745 4.228229 0.594168 17.413707
1628061294.920499 1.780756 1.413591 9.279069 4.479369 0.567568 17.520353
1628061295.020741 1.791684 1.434155 9.011673 5.330424 0.565936 18.133872
1628061295.120872 1.489791 1.206545 5.207786 4.789188 0.505600 13.198910
1628061295.221057 2.062499 1.533184 8.888446 4.091979 0.615303 17.191411
1628061295.321298 1.682332 1.336202 9.151344 3.866169 0.535281 16.571328
1628061295.421441 1.988698 1.558591 9.409617 5.212448 0.598159 18.767513
1628061295.521653 1.699330 1.332006 6.199956 4.637130 0.505518 14.373940
1628061295.621902 1.955669 1.504913 9.144516 4.730889 0.592331 17.928318
1628061295.721997 1.741932 1.378141 9.038344 5.589156 0.533235 18.280808
1628061295.822182 1.922178 1.491370 8.479099 4.171842 0.594160 16.658649
1628061295.922372 1.669160 1.319702 9.588632 5.728559 0.533679 18.839732
1628061296.022559 1.995642 1.616863 9.463291 4.747050 0.617639 18.440485
1628061296.122799 1.783460 1.419040 5.564674 3.918026 0.549250 13.234450
1628061296.222942 1.990724 1.562234 9.343965 4.724066 0.608892 18.229881
1628061296.323144 1.777491 1.466245 6.082119 4.692177 0.586829 14.604861
1628061296.423373 1.725784 1.390211 9.163958 4.633742 0.572768 17.486463
1628061296.523496 1.641501 1.376950 8.960532 4.316445 0.524497 16.819925
1628061296.623705 1.987918 1.490086 9.490946 5.432958 0.551326 18.953234
1628061296.723929 1.736068 1.387233 9.092141 4.074122 0.566363 16.855927
1628061296.824090 1.966776 1.530100 9.432465 4.733033 0.637203 18.299577
1628061296.924261 1.608434 1.248859 8.665158 4.353861 0.580729 16.457041
1628061297.024712 1.819423 1.416073 9.043319 5.127701 0.547254 17.953770
1628061297.124664 1.869336 1.506481 9.074854 4.369364 0.584235 17.404270
1628061297.224811 1.718131 1.369528 9.473780 6.592701 0.573165 19.727305
1628061297.325015 2.044803 1.575859 9.747620 6.305506 0.618099 20.291887
1628061297.425208 1.906198 1.456967 9.696547 4.354593 0.595941 18.010246
1628061297.525381 1.805948 1.462761 5.364571 4.209772 0.411505 13.254557
1628061297.625716 1.881863 1.383821 8.388409 4.291366 0.561839 16.507298
1628061297.726108 2.063496 1.590095 9.436676 4.961540 0.607004 18.658811
1628061297.825959 1.885614 1.529525 5.570285 3.463242 0.588794 13.037460
1628061297.926117 1.973026 1.279091 8.980525 5.172720 0.509777 17.915139
1628061298.029067 1.675935 1.352554 9.294849 5.602927 0.532869 18.459134
1628061298.126519 1.884351 1.433378 9.391831 4.116618 0.589622 17.415800
1628061298.226687 2.075008 1.593695 8.531194 3.933789 0.613993 16.747679
1628061298.326938 2.248865 1.597787 6.384443 4.128440 0.636748 14.996283
1628061298.428220 1.601443 1.332587 9.334868 4.235751 0.548197 17.052846
1628061298.529349 1.661143 1.348692 8.636945 3.870143 0.519638 16.036561
1628061298.627458 2.095286 1.647593 9.570012 5.741439 0.634841 19.689171
1628061298.727628 1.981509 1.531799 9.511286 4.118777 0.603833 17.747204
1628061298.828422 1.885617 1.476622 8.823716 5.304101 0.578869 18.068925
1628061298.927990 2.022238 1.568734 5.641043 4.131732 0.620556 13.984303
1628061299.028190 2.153395 1.616971 9.270555 4.460478 0.602995 18.104394
1628061299.128395 1.714171 1.454224 9.170786 4.860751 0.591101 17.791033
1628061299.228565 2.018869 1.674610 9.234089 4.698999 0.667917 18.294484
1628061299.328752 1.885666 1.507956 9.259024 3.942941 0.588928 17.184515
1628061299.428941 2.020535 1.649362 9.336716 4.766859 0.630963 18.404435
1628061299.529133 1.812068 1.387286 9.662037 4.899558 0.616941 18.377890
1628061299.629363 2.401979 1.023390 6.061504 7.156567 0.457742 17.101182
1628061299.729507 1.701522 1.405189 6.338113 5.188452 0.564787 15.198063
1628061299.829699 1.933324 1.540126 9.447959 5.070423 0.607270 18.599102
1628061299.929872 1.537872 1.321695 6.672244 4.522972 0.552073 14.606856
1628061300.030057 2.009257 1.515989 9.340956 5.205813 0.568627 18.640642
1628061300.130240 1.404383 1.210101 8.238231 4.064224 0.509851 15.426790
1628061300.230445 1.895419 1.471758 5.732469 3.679501 0.534135 13.313282
1628061300.333882 1.743320 1.392036 8.983825 4.271529 0.559071 16.949781
1628061300.430825 1.847227 1.444707 9.559017 4.633994 0.550867 18.035812
1628061300.531140 1.562640 1.308497 9.514940 4.100403 0.558520 17.045000
1628061300.631205 1.669144 1.300267 9.173093 4.061140 0.520609 16.724253
1628061300.731683 1.809376 1.442665 6.092190 4.281771 0.576815 14.202817
1628061300.831599 2.192607 1.544886 9.601245 4.426413 0.707586 18.472737
1628061300.932768 1.515596 1.260714 8.865597 4.195905 0.530783 16.368595
1628061301.031946 1.927976 1.547467 9.770434 4.310842 0.694113 18.250832
1628061301.136146 1.740183 1.426903 5.919478 4.698696 0.577364 14.362624
1628061301.232311 2.042878 1.665145 10.125353 4.162590 0.726208 18.722174
1628061301.332499 1.826124 1.475823 8.888682 4.907651 0.591385 17.689665
1628061301.432720 2.039556 1.519266 10.136286 4.855011 0.642952 19.193071
1628061301.535293 1.894394 1.566874 6.005138 4.147939 0.639072 14.253417
1628061301.633059 2.191420 1.069966 8.587945 5.374888 0.463111 17.687330
1628061301.733551 1.599531 1.318321 9.593232 3.856291 0.535648 16.903023
1628061301.833512 1.793208 1.399526 9.183779 4.755625 0.555162 17.687300
1628061301.938004 1.958632 1.504717 5.800127 4.699819 0.597687 14.560982
1628061302.035006 1.892951 1.468236 8.608142 3.914238 0.610736 16.494303
1628061302.135117 1.856537 1.431503 4.826753 4.439231 0.553658 13.107682
1628061302.234182 2.037025 1.513714 8.713893 3.839742 0.633031 16.737405
1628061302.338089 1.817506 1.481024 8.803048 4.552512 0.616883 17.270973
1628061302.434696 2.166253 1.613201 9.137330 3.885263 0.648582 17.450629
1628061302.536271 1.558430 1.317693 9.361138 3.791015 0.554605 16.582881
1628061302.634938 2.219261 1.613159 9.188925 3.279444 0.685294 16.986083
1628061302.736301 1.863647 1.456119 5.549404 3.851750 0.584394 13.305314
1628061302.835369 1.830441 1.380197 9.033847 3.793216 0.558564 16.596265
1628061302.935546 1.966116 1.468524 9.260134 4.161668 0.570952 17.427394
1628061303.035681 2.073583 1.638412 9.606550 3.524935 0.636588 17.480068
1628061303.136086 1.528213 1.257403 5.499217 4.387518 0.509954 13.182305
1628061303.236171 1.983870 1.460047 8.517038 3.983314 0.567919 16.512188
1628061303.336254 1.928383 1.557244 5.676037 4.287209 0.604087 14.052960
1628061303.436460 1.901042 1.505332 9.485177 4.040664 0.570839 17.503054
1628061303.536689 1.121587 0.864626 8.929372 4.623294 0.339830 15.878709
1628061303.636812 1.703688 1.410125 9.870014 4.543952 0.568428 18.096207
1628061303.736991 1.876514 1.577010 7.385977 3.921011 0.592788 15.353300
1628061303.837479 1.945661 1.582426 9.175354 3.678899 0.632880 17.015220
1628061303.937383 1.811026 1.387189 9.399437 3.533377 0.530175 16.661204
1628061304.037647 1.481132 1.223053 8.324476 4.608604 0.489703 16.126968
1628061304.137730 1.754384 1.337001 9.342161 4.075768 0.524505 17.033819
1628061304.237971 1.925939 1.495112 5.474159 3.614184 0.576349 13.085743
1628061304.338109 1.935278 1.473920 9.349470 3.494516 0.613423 16.866607
1628061304.438347 1.717252 1.332790 9.156292 3.532789 0.538182 16.277305
1628061304.540594 1.831255 1.448959 8.742604 3.302431 0.550749 15.875998
1628061304.638680 2.137738 1.511242 9.954030 4.018519 0.703844 18.325373
1628061304.739226 1.845012 1.519317 9.353516 3.418448 0.595689 16.731982
1628061304.839064 2.224877 0.655820 7.470210 2.918558 0.281701 13.551166
1628061304.939572 1.782633 1.419640 5.572923 3.614163 0.573375 12.962734
1628061305.039540 1.834209 1.411452 9.256631 2.999309 0.587129 16.088730
1628061305.141240 1.696645 1.367867 6.063715 3.840028 0.551598 13.519853
1628061305.239803 2.089953 1.519213 9.673718 4.331767 0.607607 18.222258
1628061305.340186 2.003991 1.603280 10.099102 3.569639 0.612797 17.888809
1628061305.440177 1.083999 1.043528 7.407261 2.894511 0.464309 12.893608
1628061305.540378 1.588815 1.255151 8.938942 3.050076 0.507298 15.340282
1628061305.640588 1.767271 1.523490 10.384617 3.862192 0.599537 18.137107
1628061305.740750 1.690358 1.359751 8.833726 3.464847 0.549862 15.898544
1628061305.840928 2.000144 1.530014 9.224594 3.677453 0.605501 17.037706
1628061305.941107 1.660298 1.313932 5.983705 3.269004 0.507310 12.734249
1628061306.041350 1.847367 1.380230 9.281564 3.196816 0.517658 16.223635
1628061306.141778 1.593527 1.273658 8.759734 3.924579 0.498808 16.050306
1628061306.241795 1.640823 1.309172 9.247463 3.145602 0.564342 15.907402
1628061306.342367 1.813089 1.369038 5.253719 3.052024 0.516708 12.004578
1628061306.442051 1.870880 1.455962 9.039659 3.637701 0.553239 16.557441
1628061306.542231 1.792957 1.315910 9.192096 3.817122 0.537879 16.655964
1628061306.642439 1.781820 1.391798 9.056985 2.700263 0.526227 15.457093
1628061306.742620 1.609990 1.249690 5.255033 3.339665 0.496384 11.950762
1628061306.843190 2.004702 1.470012 8.850408 3.691374 0.552293 16.568789
1628061306.943459 1.293639 1.147839 7.593544 3.118973 0.467960 13.621955
1628061307.043304 1.837998 1.397564 9.382169 3.894216 0.547038 17.058985
1628061307.143807 1.544444 1.211472 5.347135 2.523503 0.474135 11.100689
1628061307.243639 1.839768 1.360187 8.224169 3.003743 0.523766 14.951633
1628061307.344421 1.623864 1.218760 5.299216 3.248619 0.477076 11.867535
1628061307.443922 1.911765 1.633767 8.803187 3.937527 0.572163 16.858409
1628061307.545483 1.748174 1.388367 8.193208 2.886123 0.546991 14.762863
1628061307.644543 1.755211 1.343820 10.894471 3.834105 0.548471 18.376078
1628061307.744860 2.381299 1.436993 9.257947 3.750625 0.703998 17.530862
1628061307.845847 1.774540 1.356050 8.171677 3.566388 0.532888 15.401543
1628061307.945003 1.889167 1.500753 8.954693 4.099619 0.586198 17.030430
1628061308.045056 1.788545 1.390604 8.803727 3.843575 0.572293 16.398744
1628061308.145239 1.911850 1.471748 5.993330 4.027112 0.585199 13.989239
1628061308.245429 1.870726 1.433535 9.162169 2.905840 0.575363 15.947633
1628061308.347154 2.042412 1.530140 9.595218 3.691058 0.624585 17.483413
1628061308.445793 1.721062 1.280166 6.948319 3.475887 0.499956 13.925390
1628061308.546112 1.696778 1.313905 9.087571 2.857719 0.519822 15.475795
1628061308.646255 1.942878 1.490923 8.960652 3.447099 0.568105 16.409657
1628061308.746511 2.001245 1.452798 8.545806 2.982376 0.540576 15.522801
1628061308.846584 2.112968 1.410408 8.205494 3.065802 0.288798 15.083470
1628061308.949865 1.660120 1.281051 9.054315 2.958734 0.522262 15.476482
1628061309.046928 1.724447 1.361475 8.604616 3.101520 0.566915 15.358973
1628061309.147567 2.104990 1.462807 9.213719 2.774785 0.562855 16.119156
1628061309.247306 1.760502 1.354689 9.477151 4.065227 0.540336 17.197905
1628061309.348057 1.858420 1.414915 9.526040 3.145671 0.555639 16.500685
1628061309.447664 1.788025 1.384307 8.853049 3.379331 0.548073 15.952785
1628061309.548945 2.197885 1.557630 9.925953 3.610365 0.822003 18.113836
1628061309.648065 0.833326 0.786296 7.759296 3.914567 0.330020 13.623505
1628061309.749901 1.985893 1.420310 9.071937 4.365387 0.541964 17.385491
1628061309.848442 2.103618 1.458481 8.386625 2.482153 0.579508 15.010385
1628061309.949495 1.901614 1.427039 9.039892 4.632725 0.560111 17.561381
1628061310.048804 1.850333 1.397056 8.148746 3.666676 0.540316 15.603127
1628061310.148980 1.893057 1.463927 9.032824 4.091087 0.559962 17.040857
1628061310.249201 1.630078 1.295786 4.641694 3.195463 0.498319 11.261340
1628061310.349419 1.873160 1.407245 8.598279 3.652099 0.542082 16.072865
1628061310.449577 2.070537 1.577744 8.591616 3.232084 0.587586 16.059567
1628061310.549733 2.089296 1.622241 9.339531 3.663188 0.601882 17.316138
1628061310.649959 1.845234 1.469163 8.154114 2.965879 0.556662 14.991052
1628061310.750104 2.046069 1.475730 8.923286 4.358799 0.574377 17.378261
1628061310.850305 2.039837 1.450057 8.996818 3.258463 0.566517 16.311692
1628061310.950478 1.913859 1.426174 5.337402 4.300508 0.521790 13.499733
1628061311.050694 1.858202 1.428123 4.700205 3.354502 0.596196 11.937228
1628061311.150851 1.820246 1.451270 9.053412 3.372514 0.567853 16.265295
1628061311.251055 1.700663 1.294260 8.390947 3.766607 0.513837 15.666314
1628061311.351225 1.958234 1.450992 8.758557 3.389702 0.539383 16.096868
1628061311.451438 2.023365 1.529040 9.243346 2.712299 0.609490 16.117540
1628061311.551808 1.655732 1.317185 9.058876 3.143622 0.520634 15.696049
1628061311.651995 1.928087 1.410022 8.528040 3.154010 0.536807 15.556966
1628061311.753579 2.008674 1.254827 7.778611 2.622462 0.635450 14.300024
1628061311.852169 1.950619 1.539307 9.709002 2.111699 0.571730 15.882357
1628061311.952491 2.076089 1.433031 5.518940 2.261012 0.546239 11.835311
1628061312.052560 1.898974 1.397893 9.129479 2.530795 0.544819 15.501960
1628061312.152727 1.802289 1.310667 8.580729 2.811601 0.522528 15.027814
1628061312.252913 1.868097 1.455404 5.009711 2.289274 0.575002 11.197488
1628061312.353612 1.814835 1.308751 6.898823 2.460187 0.491372 12.973968
1628061312.453337 2.284631 1.191235 5.196550 4.412791 0.366434 13.451641
1628061312.553486 1.545874 1.222664 5.231073 2.423057 0.465738 10.888406
1628061312.653658 1.865342 1.412277 8.843233 3.127723 0.553384 15.801959
1628061312.757919 1.809682 1.303396 8.480050 3.131426 0.513445 15.237999
1628061312.854034 2.073788 1.443042 8.654861 2.675189 0.575535 15.422415
1628061312.954233 1.991242 1.395497 8.822894 3.296850 0.519486 16.025969
1628061313.054409 1.653450 1.346234 8.829512 3.359999 0.570720 15.759915
1628061313.155150 1.834066 1.418668 8.953248 2.897288 0.582359 15.685629
1628061313.254781 1.711035 1.306437 5.471702 2.943362 0.532568 11.965104
1628061313.356079 1.937629 1.367046 9.381915 4.876337 0.559754 18.122681
1628061313.455170 1.879438 1.437424 8.587660 2.905027 0.592131 15.401680
1628061313.555349 2.428946 1.483492 9.846128 5.064783 0.763973 19.587322
1628061313.655556 1.703864 1.298050 4.636582 3.150459 0.512741 11.301696
1628061313.755953 1.987661 1.367719 8.149899 2.482659 0.523989 14.511927
1628061313.855917 2.024991 1.504586 4.796702 2.599110 0.591565 11.516954
1628061313.956117 1.649008 1.311866 8.293469 3.746405 0.502145 15.502893
1628061314.056308 1.966021 1.426545 8.772152 3.368632 0.556132 16.089482
1628061314.156485 1.811515 1.445925 8.804542 2.796887 0.520658 15.379527
1628061314.256694 1.901632 1.390706 5.088848 2.638143 0.537404 11.556733
1628061314.356859 1.437294 1.183422 7.612275 3.219997 0.434918 13.887906
1628061314.457046 1.835153 1.390569 6.273687 3.341049 0.551974 13.392432
1628061314.557361 2.107621 1.519276 9.266422 3.461738 0.568805 16.923862
1628061314.657422 1.714833 1.330054 5.038146 3.206228 0.529331 11.818592
1628061314.757621 1.794274 1.350223 8.538932 3.983207 0.509432 16.176068
1628061314.857813 1.967742 1.591185 5.519722 2.794491 0.645347 12.518487
1628061314.957970 1.689503 1.261050 8.568813 2.371728 0.493695 14.384789
1628061315.058168 1.735111 1.358062 8.708994 3.267109 0.517058 15.586334
1628061315.158355 2.163404 1.694205 5.452586 2.618609 0.588623 12.517427
1628061315.258887 2.010672 1.473703 9.252153 4.372651 0.574145 17.683324
1628061315.358738 1.942449 1.446839 8.250516 3.199424 0.532225 15.371453
1628061315.458923 1.757309 1.384620 4.496148 2.985977 0.531722 11.155776
1628061315.559122 1.830803 1.373835 8.636053 4.268218 0.528719 16.637628
1628061315.660553 1.694448 1.378530 5.349466 3.049153 0.514916 11.986513
1628061315.759483 2.140446 1.617436 10.242603 3.465620 0.631866 18.097971
1628061315.859798 1.724447 1.378515 8.639671 3.142362 0.532810 15.417805
1628061315.959850 1.757564 1.380734 9.327222 4.279780 0.538949 17.284249
1628061316.060045 2.187919 1.349694 8.698262 3.200475 0.687074 16.123424
1628061316.160277 1.980382 1.562266 9.586262 2.888059 0.619261 16.636230
1628061316.261847 1.511654 1.305049 6.690892 3.191404 0.525917 13.224916
1628061316.360619 1.847461 1.472676 9.923722 3.173395 0.601472 17.018726
1628061316.467683 1.823488 1.403568 5.842392 3.436706 0.553445 13.059599
1628061316.560991 2.238684 1.609599 10.898301 3.968719 0.652584 19.367887
1628061316.661157 1.849723 1.471502 6.531053 3.297854 0.565619 13.715751
1628061316.761382 1.764167 1.346671 10.256403 2.857288 0.562927 16.787456
1628061316.862018 1.553828 1.278760 9.620745 3.521604 0.503156 16.478093
1628061316.961753 1.937314 1.544554 10.843460 4.032685 0.620567 18.978580
1628061317.065512 1.931976 1.550243 10.441910 3.444517 0.620838 17.989484
1628061317.162095 1.958229 1.530019 10.471313 2.737343 0.634340 17.331244
1628061317.262305 1.702280 1.312681 5.372270 3.310513 0.299493 11.997237
1628061317.362512 1.658144 1.403589 9.471802 3.120157 0.587286 16.240978
1628061317.462695 1.932319 1.520207 9.818201 3.221868 0.626376 17.118971
1628061317.562853 1.857526 1.433740 9.386602 5.533620 0.590433 18.801921
1628061317.663037 2.070222 1.539408 7.043365 3.432351 0.626158 14.711504
1628061317.763234 2.095742 1.229389 8.792478 5.092466 0.429994 17.640069
1628061317.863415 1.788579 1.347858 5.473053 2.889629 0.532675 12.031794
1628061317.965868 1.882290 1.466685 9.737121 3.268689 0.620171 16.974956
1628061318.063786 1.976804 1.467250 5.132971 3.283847 0.585826 12.446698
1628061318.163983 1.464054 1.238540 9.333114 4.288237 0.510939 16.834884
1628061318.264169 1.733034 1.451830 8.799857 3.080695 0.567911 15.633327
1628061318.365033 1.931569 1.474260 5.239629 2.744066 0.595743 11.985267
1628061318.464730 1.272539 1.170665 9.407531 4.470959 0.595773 16.917467
1628061318.564732 1.888496 1.510157 8.692163 4.018776 0.575426 16.685018
1628061318.664919 1.675848 1.415331 8.782724 3.832866 0.579390 16.286159
1628061318.765119 1.887578 1.455686 8.787603 3.943553 0.587424 16.661844
1628061318.865335 1.622910 1.344064 8.840870 2.955246 0.543790 15.306880
1628061318.965709 1.656447 1.298858 8.381950 3.142381 0.542968 15.022604
1628061319.066013 1.948860 1.483394 8.429427 3.066859 0.633467 15.562007
1628061319.165864 1.891714 1.511849 9.231046 3.958791 0.597530 17.190930
1628061319.266033 1.730613 1.415613 8.981468 2.832250 0.580716 15.540660
1628061319.366254 1.646453 1.253319 4.617010 3.046610 0.255782 10.819174
1628061319.466748 1.634331 1.375273 4.701832 2.847610 0.541563 11.100609
1628061319.566656 1.834808 1.452342 8.812440 3.849894 0.576414 16.525898
1628061319.666786 1.494991 1.142904 8.314905 2.329398 0.512311 13.794509
1628061319.766989 2.170761 1.298708 6.932803 4.831417 0.432657 15.666346
1628061319.867159 1.930124 1.432508 8.026958 2.854950 0.543273 14.787813
1628061319.967353 1.775454 1.461258 9.291945 3.868383 0.571514 16.968554
1628061320.067565 1.944456 1.596389 8.541378 2.520333 0.640504 15.243060
1628061320.169876 1.914157 1.398407 5.614084 2.607563 0.574458 12.108669
1628061320.267938 1.886585 1.479603 8.888843 2.849298 0.593134 15.697463
1628061320.368098 1.730180 1.318608 9.001737 3.175580 0.546343 15.772448
1628061320.468856 1.853497 1.335830 8.849149 2.468144 0.589589 15.096209
1628061320.569860 1.719837 1.274445 8.965264 3.621288 0.551136 16.131970
1628061320.668710 1.666960 1.435991 8.827207 3.384255 0.560813 15.875226
1628061320.769051 1.699752 1.361702 9.267190 3.941945 0.561263 16.831852
1628061320.869033 1.675855 1.374058 7.208075 2.896103 0.588050 13.742141
1628061320.969226 1.666094 1.290829 9.086730 3.226154 0.563059 15.832866
1628061321.073231 1.652809 1.376959 8.209901 3.353152 0.642964 15.235785
1628061321.169596 1.547844 1.213568 9.057466 2.862791 0.543374 15.225043
1628061321.270327 1.576778 1.277841 8.899735 3.419301 0.539667 15.713322
1628061321.370723 1.484109 1.130292 8.389593 3.166096 0.503950 14.674040
1628061321.470180 1.436027 1.184428 8.437808 3.633811 0.508047 15.200121
1628061321.570472 1.549955 1.169075 8.922954 4.274849 0.490453 16.407286
1628061321.671329 1.848091 1.460553 9.196424 3.870040 0.622124 16.997232
1628061321.770737 2.212028 1.389115 7.297452 4.822469 0.795726 16.516790
1628061321.873874 2.040105 1.291523 9.922700 4.534285 0.661626 18.450239
1628061321.971108 1.639807 1.303637 9.197024 2.736495 0.565220 15.442183
1628061322.073815 2.012756 1.230998 9.592638 5.015697 0.655732 18.507821
1628061322.171484 1.421750 1.179731 9.026706 2.564091 0.515755 14.708033
1628061322.271658 1.780647 1.187528 8.603592 2.733751 0.501622 14.807140
1628061322.371861 1.477194 1.191774 8.368622 3.244510 0.503509 14.785609
1628061322.472261 0.646344 0.574377 4.936993 2.859497 0.259921 9.277132
1628061322.572245 1.710420 1.418098 8.840316 3.668090 0.603628 16.240552
1628061322.672604 1.692252 1.340307 8.674274 3.852054 0.524190 16.083077
1628061322.772593 1.621616 1.281967 8.883233 3.446604 0.538666 15.772086
1628061322.873176 1.674458 1.308347 8.909082 3.430359 0.491271 15.813517
1628061322.972984 1.572572 1.328975 8.756623 2.693247 0.526646 14.878063
1628061323.073167 1.586269 1.298359 8.551246 3.826136 0.511114 15.773124
1628061323.173364 1.789393 1.311124 4.794942 3.285752 0.495852 11.677063
1628061323.273677 1.896272 0.946729 6.673736 4.545374 0.362966 14.425077
1628061323.373736 1.689969 1.343476 5.394171 2.804006 0.546984 11.778606
1628061323.473980 1.736506 1.309845 8.809113 3.082677 0.509522 15.447663
1628061323.574125 1.728421 1.307161 8.843450 3.661284 0.493676 16.033992
1628061323.675379 1.774760 1.311800 8.585935 3.220497 0.478670 15.371662
1628061323.774478 1.685608 1.240224 9.175822 3.103421 0.487395 15.692470
1628061323.874774 1.527649 1.183251 8.234540 2.558747 0.451352 13.955539
1628061323.974859 1.598068 1.216964 8.203086 2.692154 0.490644 14.200916
1628061324.076492 1.526381 1.128607 6.914032 2.940617 0.442573 12.952210
1628061324.175255 1.635510 1.158113 7.818077 2.745522 0.418175 13.775397
1628061324.275988 1.642581 1.180427 7.619204 3.305289 0.443014 14.190515
1628061324.375669 1.298458 1.012578 7.655390 3.229445 0.425009 13.620880
1628061324.476096 1.508056 1.163897 7.917197 2.448783 0.466401 13.504334
1628061324.575992 1.542168 1.213118 6.266100 2.724956 0.502462 12.248804
1628061324.676304 1.591800 1.098251 8.076668 3.177361 0.441074 14.385154
1628061324.776354 1.738649 1.226711 9.143120 2.867519 0.522279 15.498278
1628061324.876566 1.602339 1.109308 7.746014 3.919925 0.438132 14.815718
1628061324.976726 1.502069 1.139728 5.123914 2.911062 0.466384 11.143157
1628061325.077359 1.617901 1.272802 8.475574 3.237310 0.521609 15.125196
1628061325.177116 1.493988 1.208696 8.309061 2.580320 0.507188 14.099253
1628061325.277327 1.419747 1.108920 4.145900 2.705937 0.507492 9.887996
1628061325.377486 1.398720 1.123852 7.872553 4.016350 0.443901 14.855376
1628061325.477666 1.449987 1.135940 4.631004 3.145093 0.485152 10.847176
1628061325.577862 1.504501 1.083787 8.570560 4.199022 0.478216 15.836086
1628061325.678067 1.440996 1.091362 5.265774 2.435882 0.449521 10.683535
1628061325.778244 1.556861 1.074944 8.044489 3.716294 0.452583 14.845171
1628061325.878422 1.321508 1.038716 7.885324 3.723201 0.440099 14.408848
1628061325.978640 1.441754 1.015358 7.269090 4.721424 0.410612 14.858238
1628061326.078856 1.449315 1.096962 7.546259 3.586909 0.438368 14.117813
1628061326.179035 1.505934 1.084113 4.405705 2.784336 0.444249 10.224337
1628061326.279221 1.424033 1.083051 7.474084 4.183689 0.444882 14.609739
1628061326.379381 1.418908 1.075479 7.272072 3.175006 0.465495 13.406960
1628061326.479878 1.474487 1.097125 7.016862 3.414209 0.438898 13.441581
1628061326.579766 1.520814 1.040632 6.947934 3.846323 0.434342 13.790045
1628061326.679918 1.649896 1.142367 4.093344 2.059577 0.443018 9.388202
1628061326.780872 1.509181 1.140848 6.798775 2.600737 0.439643 12.489184
1628061326.880301 1.318810 0.974659 5.940814 2.607983 0.376657 11.218923
1628061326.980513 1.374759 1.055896 4.320001 1.827668 0.409384 8.987708
1628061327.080663 1.651963 1.154904 6.623888 3.587293 0.453035 13.471083
1628061327.180889 1.356644 1.020769 6.443230 3.732345 0.450255 13.003243
1628061327.281047 0.624148 0.442682 3.830122 3.000577 0.196898 8.094427
1628061327.381235 1.197544 0.868887 4.521452 2.464026 0.369190 9.421099
1628061327.481412 1.327568 0.992334 6.234797 3.401997 0.426833 12.383529
1628061327.581596 1.275212 0.977390 5.968019 3.910190 0.423765 12.554576
1628061327.681794 1.532332 1.147134 6.601839 3.201925 0.563797 13.047027
1628061327.781977 1.093378 0.832382 6.177131 4.267475 0.384006 12.754372
1628061327.882769 1.323815 1.121152 6.590450 5.608728 0.547040 15.191185
1628061327.986983 1.470454 0.869106 4.629161 2.588065 0.480316 10.037102
1628061328.082547 1.213910 0.896880 5.910322 4.194170 0.381276 12.596558
1628061328.182734 1.209735 0.914880 5.631093 3.045676 0.397088 11.198472
1628061328.282930 1.248294 0.931029 6.189112 4.400225 0.383860 13.152520
1628061328.383103 1.295735 0.981287 4.580709 2.308218 0.409461 9.575410
1628061328.483326 1.402455 1.081185 6.084523 3.180947 0.453264 12.202374
1628061328.583500 1.568363 1.082482 7.150512 2.899992 0.444022 13.145371
1628061328.683661 1.486947 1.097799 6.085947 3.344397 0.436539 12.451629
1628061328.783855 1.387905 0.703519 5.091109 4.250368 0.323792 11.756693
1628061328.884036 1.551429 1.122397 6.097716 3.047123 0.440765 12.259430
1628061328.984240 1.696886 0.957873 7.115908 4.940144 0.482432 15.193243
1628061329.084416 1.375599 0.993345 6.425134 3.556205 0.394784 12.745067
1628061329.184609 1.369333 1.025708 4.244560 2.449166 0.416139 9.504906
1628061329.284790 1.851865 1.185498 7.243326 3.430522 0.498892 14.210103
1628061329.384985 1.236577 0.965565 4.496056 1.889788 0.381256 8.969242
1628061329.485174 1.519971 1.138967 6.530265 2.943013 0.448100 12.580316
1628061329.585353 1.252985 0.950616 6.491548 2.749106 0.390240 11.834495
1628061329.685568 1.572247 1.161269 6.710247 3.875840 0.426367 13.745970
1628061329.785738 1.410229 1.045826 7.315814 3.510515 0.432213 13.714597
1628061329.885926 1.343168 0.998503 5.405925 2.036427 0.414241 10.198264
1628061329.986110 1.255191 1.132126 7.205291 2.714651 0.427578 12.734837
1628061330.086322 1.801894 1.180426 7.944098 3.885485 0.491753 15.303656
1628061330.195477 1.451628 1.033567 4.329348 1.864826 0.411952 9.091321
1628061330.286669 1.726718 1.151705 8.144315 2.706397 0.460090 14.189225
1628061330.389325 1.494009 1.090371 5.074874 2.040038 0.422941 10.122233
1628061330.487062 1.752700 1.241937 8.982709 2.752002 0.504199 15.233547
1628061330.594311 0.619865 0.489957 4.439760 2.892156 0.207892 8.649630
1628061330.687443 1.589954 1.032252 5.842100 3.143014 0.394957 12.002277
1628061330.787619 1.532930 1.093331 7.870532 1.864043 0.434867 12.795703
1628061330.887856 1.688825 1.288162 8.362288 2.760375 0.500848 14.600498
1628061330.988669 1.773844 1.059042 6.424276 3.109487 0.490745 12.857394
1628061331.088165 1.664576 1.166724 7.876812 2.635383 0.410642 13.754137
1628061331.192154 1.612486 1.251661 8.027684 2.586582 0.442838 13.921251
1628061331.288547 1.680414 1.299177 8.317826 2.421303 0.459065 14.177785
1628061331.394420 1.827077 1.322116 8.858882 2.913712 0.462448 15.384235
1628061331.488922 1.791322 1.246110 8.289605 2.410792 0.423547 14.161376
1628061331.589102 2.155712 1.260236 7.603976 2.643688 0.549412 14.213024
1628061331.689304 1.295605 0.566596 4.855895 3.466258 0.215235 10.399589
1628061331.789876 1.800451 1.298026 5.125081 2.134421 0.436013 10.793992
1628061331.889706 2.178748 1.294304 10.190201 3.494361 0.566473 17.724087
1628061331.989859 2.308904 1.350188 9.898735 3.038762 0.568074 17.164663
1628061332.090045 2.121985 1.252291 8.419941 2.519614 0.519512 14.833343
1628061332.194449 1.782260 1.233599 8.623031 1.717278 0.446701 13.802869
1628061332.290418 1.743206 1.205393 8.444133 3.691208 0.449421 15.533361
1628061332.390747 2.127295 0.729662 7.771332 2.307226 0.228429 13.163944
1628061332.491555 1.921051 1.407683 8.598386 2.129792 0.455738 14.512650
1628061332.591342 1.927194 1.379404 8.752096 2.475505 0.479478 15.013677
1628061332.691245 1.648141 1.243619 8.407984 2.927763 0.454638 14.682145
1628061332.793382 1.989640 1.396527 8.619128 2.410630 0.484682 14.900607
1628061332.891544 2.073899 1.400377 9.308362 2.464945 0.473660 15.721243
1628061332.992311 1.725763 1.277098 5.119291 2.417088 0.446353 10.985593
1628061333.091949 1.864640 1.379517 8.087182 2.146987 0.472664 13.950990
1628061333.192625 1.797399 1.389806 9.003139 2.517023 0.487916 15.195283
1628061333.292960 1.782714 1.384607 8.724352 3.279044 0.507426 15.678143
1628061333.392494 1.941666 1.391604 8.825020 2.022723 0.498788 14.679801
1628061333.492683 1.835285 1.384084 5.676216 2.289627 0.464797 11.650009
1628061333.592863 1.876570 1.413134 8.778667 2.304508 0.474003 14.846882
1628061333.694317 1.678860 1.318925 8.603795 2.394741 0.459265 14.455586
1628061333.793236 1.877048 1.523624 9.508888 2.546189 0.526512 15.982261
1628061333.893505 1.917560 1.337242 9.856816 2.443430 0.493408 16.048456
1628061333.993609 2.237190 1.265357 8.706577 2.109916 0.449139 14.768179
1628061334.093818 1.736448 1.280664 9.451432 3.465921 0.477009 16.411474
1628061334.194203 1.957263 1.451535 9.295556 2.573348 0.550250 15.827952
1628061334.294185 1.194945 1.080084 8.345624 2.861329 0.451842 13.933824
1628061334.397853 1.894234 1.362640 9.368561 3.004292 0.496889 16.126616
1628061334.494584 1.849766 1.368130 9.483065 2.693954 0.488368 15.883283
1628061334.595437 1.825017 1.459204 5.901215 2.586690 0.578587 12.350713
1628061334.694941 1.704858 1.316385 9.809613 2.294942 0.523794 15.649592
1628061334.795130 2.000698 1.443932 9.280057 2.652867 0.565151 15.942705
1628061334.895336 1.900669 1.432549 9.653937 3.586788 0.573302 17.147245
1628061334.995494 1.888824 1.531976 9.413070 1.867457 0.597760 15.299087
1628061335.095688 1.798001 1.376144 9.551749 2.886868 0.526886 16.139648
1628061335.197055 2.146501 1.310292 7.845057 3.717529 0.626335 15.645714
1628061335.296066 2.336059 1.397188 9.386363 2.702391 0.654227 16.476228
1628061335.396244 2.272435 1.403413 10.469363 2.336849 0.648487 17.130547
1628061335.496424 1.967253 1.494864 5.468000 2.071587 0.530513 11.532217
1628061335.597277 1.564008 1.288056 10.167214 3.565696 0.513088 17.098062
1628061335.696851 1.730108 1.336634 9.802760 2.459246 0.546847 15.875595
1628061335.796987 1.751820 1.385680 9.467818 3.153699 0.553253 16.312270
1628061335.897171 1.807917 1.417346 11.574880 3.224182 0.632368 18.656693
1628061335.997374 1.959045 1.254843 7.662448 2.165779 0.496237 13.538352
1628061336.097566 1.988594 1.645747 10.159188 2.924750 0.663828 17.382107
1628061336.197760 1.964023 1.527530 10.583673 2.195807 0.567488 16.838521
1628061336.297956 1.889805 1.471751 8.978778 2.274653 0.577204 15.192191
1628061336.398131 1.995777 1.305828 7.166049 2.419645 0.533717 13.421016
1628061336.498298 2.100679 1.574558 9.123421 2.577286 0.636334 16.012278
1628061336.598498 2.084744 1.359895 9.058154 2.523464 0.669138 15.695395
1628061336.698945 1.771737 1.455479 8.278536 2.573170 0.619110 14.698032
1628061336.799387 1.868223 1.465768 9.193286 2.964316 0.575305 16.066898
1628061336.899078 2.240578 1.623157 10.342493 3.167321 0.644386 18.017935
1628061336.999245 1.697751 1.335660 8.937442 2.652356 0.523171 15.146380
1628061337.099440 1.908377 1.472852 9.114190 2.598550 0.588770 15.682739
1628061337.199614 1.996334 1.467870 8.890508 2.865290 0.534122 15.754124
1628061337.299839 1.789045 1.457460 9.033164 3.588912 0.569486 16.438067
1628061337.400018 1.631532 1.306266 9.023490 2.323964 0.550165 14.835417
1628061337.500184 1.838440 1.513877 4.803573 2.711833 0.272933 11.140656
1628061337.600371 1.898593 1.217614 6.939913 3.089515 0.573437 13.719072
1628061337.700561 1.491518 1.092794 5.702598 2.327507 0.435577 11.049994
1628061337.800840 1.844709 1.413129 9.056770 2.961642 0.550318 15.826568
1628061337.900931 1.524790 1.330241 6.801303 5.795191 0.587306 16.038831
1628061338.001114 2.098907 1.624821 5.199228 2.416525 0.663871 12.003352
1628061338.101349 1.774871 1.398124 8.997999 2.904927 0.553644 15.629565
1628061338.201499 1.976438 1.424961 8.699094 2.854204 0.545670 15.500367
1628061338.301680 1.908433 1.477602 9.155724 3.231854 0.581269 16.354882
1628061338.401864 1.928931 1.451148 8.918362 2.923529 0.576772 15.798742
1628061338.502100 2.069658 1.594206 8.778115 2.268804 0.649339 15.360122
1628061338.602241 1.731901 1.363150 8.652284 3.323645 0.554253 15.625233
1628061338.702423 1.797968 1.452155 9.401453 3.283304 0.576503 16.511383
1628061338.802629 1.662304 1.365706 6.380157 2.839797 0.561267 12.809231
1628061338.902829 1.855034 1.534002 9.090771 3.297661 0.634056 16.411524
1628061339.003070 2.098099 1.691183 9.277656 2.351939 0.632707 16.051584
1628061339.103185 1.709754 1.358457 8.382976 2.658596 0.550817 14.660600
1628061339.203371 1.799045 1.422440 8.462768 2.456524 0.550091 14.690868
1628061339.303551 1.718726 1.413735 4.951347 2.448285 0.573795 11.105888
1628061339.405854 2.005125 1.683976 8.883865 2.392699 0.667062 15.632727
1628061339.504018 1.873238 1.555018 8.830214 2.318113 0.700852 15.277435
1628061339.604131 1.755376 1.408025 5.268968 2.116197 0.542261 11.090827
1628061339.704334 1.999632 1.620209 8.917624 2.276544 0.684494 15.498503
1628061339.804500 1.693999 1.427369 9.167072 2.691686 0.600868 15.580994
1628061339.904685 1.861063 1.467121 9.091614 2.759277 0.597175 15.776250
1628061340.004889 1.888683 1.582133 9.472492 2.958071 0.660246 16.561625
1628061340.105056 1.868657 1.492410 9.008668 3.555185 0.576170 16.501090
1628061340.205242 1.865275 1.420773 9.359077 3.085576 0.588290 16.318991
1628061340.305489 1.743176 1.470467 8.286628 2.451342 0.580655 14.532268
1628061340.405623 1.876161 1.453673 9.443868 3.012619 0.567051 16.353372
1628061340.505816 1.955484 1.561979 8.848925 2.351468 0.622098 15.339954
1628061340.606007 1.929228 1.547362 9.651606 2.991044 0.707934 16.827174
1628061340.706224 1.725785 1.400775 5.477915 2.679255 0.585716 11.869446
1628061340.806404 1.941691 1.522543 9.886241 2.474191 0.696296 16.520962
1628061340.906584 1.725006 1.434215 5.580617 2.580574 0.586809 11.907221
1628061341.006761 1.994422 1.559598 9.872147 2.339265 0.711342 16.476774
1628061341.106977 1.938994 1.519923 5.430596 2.388671 0.611004 11.889188
1628061341.207130 1.794447 1.434371 9.474041 3.328792 0.586360 16.618011
1628061341.307325 1.846610 1.476736 8.764842 2.053204 0.588304 14.729696
1628061341.407507 1.785460 1.505916 9.180868 2.739694 0.609733 15.821671
1628061341.507709 1.857992 1.395843 5.504214 2.294759 0.589799 11.642607
1628061341.607924 2.064919 1.527254 9.951077 2.484707 0.601910 16.629867
1628061341.708060 2.048311 1.587957 9.167651 2.066288 0.628913 15.499120
1628061341.808264 2.311645 1.654401 10.528433 2.651220 0.653827 17.799526
1628061341.908706 1.683260 1.415605 5.612605 1.923574 0.562999 11.198043
1628061342.008618 2.103883 1.391033 10.650420 3.639051 0.714928 18.499315
1628061342.108825 1.852184 1.618222 6.150047 2.057367 0.670510 12.348330
1628061342.208996 1.974095 1.554560 9.380438 2.005312 0.621843 15.536248
1628061342.309184 1.668578 1.418925 5.530456 2.341601 0.596082 11.555642
1628061342.409382 2.142156 1.491446 10.051629 1.833152 0.607718 16.126101
1628061342.509557 1.948181 1.590688 9.102220 2.089060 0.609799 15.339948
1628061342.609748 1.888686 1.495490 9.611330 2.823347 0.599118 16.417971
1628061342.709935 1.907664 1.523500 9.949695 2.217261 0.596860 16.194980
1628061342.810122 1.742849 1.408277 5.946756 1.982181 0.586997 11.667060
1628061342.910352 2.042857 1.705449 9.780787 2.093505 0.736228 16.358826
1628061343.010534 1.780235 1.404111 5.749559 2.006027 0.562328 11.502260
1628061343.111202 1.977294 1.580162 5.804535 1.944389 0.703241 12.009621
1628061343.210880 1.669864 1.388775 9.182596 2.279132 0.588841 15.109208
1628061343.311089 1.884694 1.521322 9.158593 1.864292 0.586669 15.015570
1628061343.411253 1.907583 1.488630 9.564584 2.332110 0.570154 15.863061
1628061343.512329 1.776623 1.464151 8.894851 1.926722 0.577634 14.639981
1628061343.611624 2.005413 1.492951 9.332418 1.672740 0.585174 15.088696
1628061343.712074 1.772536 1.444101 5.624873 2.450508 0.541085 11.833103
1628061343.812026 2.092639 1.593522 9.423907 2.166255 0.603210 15.879533
1628061343.912217 1.987516 1.547362 9.121636 2.632555 0.587585 15.876654
1628061344.012402 1.942646 1.522040 10.476143 2.361379 0.615055 16.917263
1628061344.112576 1.806823 1.478092 9.413992 3.206972 0.604033 16.509912
1628061344.212800 1.774646 1.389391 6.344473 2.357359 0.538510 12.404379
1628061344.312970 1.763191 1.393732 6.806482 2.099451 0.541170 12.604026
1628061344.413175 1.876140 1.538555 10.002346 2.626073 0.603463 16.646577
1628061344.513508 1.995975 1.509352 5.728659 2.416588 0.567371 12.217945
1628061344.613526 1.844521 1.419989 9.300521 2.289950 0.570009 15.424990
1628061344.714008 1.794527 1.382932 9.346697 2.644070 0.547562 15.715788
1628061344.813937 1.633049 1.356978 9.406817 2.532086 0.556051 15.484981
1628061344.914342 1.884859 1.510117 5.071332 2.293199 0.593106 11.352613
1628061345.014250 1.944882 1.626660 5.595018 2.739617 0.651109 12.557286
1628061345.114507 1.824009 1.360805 9.145146 2.435903 0.537769 15.303632
1628061345.214633 1.792893 1.399457 10.460532 2.490933 0.570056 16.713871
1628061345.315008 1.980886 1.480039 9.425072 2.212467 0.563896 15.662360
1628061345.415015 2.184896 1.402119 7.772266 2.040191 0.557403 13.956875
1628061345.515196 1.840603 1.423171 8.890662 1.999370 0.549022 14.702828
1628061345.615382 1.937222 1.474699 5.528507 1.783442 0.591483 11.315353
1628061345.715665 2.139820 1.590682 4.783177 1.970743 0.580002 11.064424
1628061345.815751 2.165024 1.587802 9.805738 1.956948 0.601061 16.116573
1628061345.915961 1.831649 1.476678 5.316362 2.211204 0.557079 11.392972
1628061346.016159 2.186333 1.328752 9.260741 2.827056 0.535250 16.138132
1628061346.117153 1.917706 1.463269 8.466623 1.713817 0.548806 14.110221
1628061346.216505 1.831220 1.509939 8.201222 2.050999 0.548535 14.141915
1628061346.316878 1.899598 1.503946 4.393772 1.302069 0.573068 9.672453
1628061346.416890 1.925953 1.508862 8.494934 2.362138 0.601599 14.893486
1628061346.517113 1.994980 1.599264 7.795188 2.414379 0.551646 14.355457
1628061346.714538 3.328969 1.782394 5.867395 2.095655 0.703681 13.778094
1628061346.717456 0.000398 0.928353 6.670560 2.132377 0.440862 10.172550
1628061346.817648 1.916166 1.545809 8.502273 2.793461 0.600928 15.358637
1628061346.917821 1.818520 1.489003 8.215490 1.733230 0.567750 13.823993
1628061347.018046 1.739375 1.379641 7.920344 2.252685 0.529723 13.821768
1628061347.118520 1.866835 1.454962 8.196138 1.717289 0.574513 13.809737
1628061347.218379 2.109178 1.628937 5.096242 2.185789 0.603818 11.623964
1628061347.318568 1.742963 1.315724 7.697142 2.312604 0.521167 13.589600
1628061347.418798 1.883670 1.445497 7.832280 1.734386 0.550049 13.445882
1628061347.521227 1.874391 1.450490 8.975916 2.817390 0.562854 15.681041
1628061347.619152 1.766467 1.358158 5.067567 1.717148 0.529339 10.438679
1628061347.719324 1.786633 1.447923 8.539948 2.565498 0.556825 14.896827
1628061347.819545 1.760542 1.439313 9.070753 1.878920 0.567048 14.716576
1628061347.920904 1.870107 1.388981 8.699397 2.598952 0.510495 15.067932
1628061348.019926 2.025391 1.479706 9.643907 1.612501 0.553684 15.315189
1628061348.125533 1.927539 1.445835 5.447589 1.464361 0.567672 10.852996
1628061348.220290 1.939019 1.532938 9.064281 1.490321 0.626719 14.653278
1628061348.320445 1.891401 1.472439 9.260926 1.988828 0.578943 15.192537
1628061348.420646 1.855675 1.478068 9.505761 1.502521 0.617089 14.959114
1628061348.521327 1.747252 1.373542 10.164191 2.227642 0.573003 16.085630
1628061348.621006 1.786808 1.423064 8.842031 1.475341 0.572693 14.099937
1628061348.721387 1.804950 1.492346 9.202881 2.405724 0.602831 15.508732
1628061348.821402 1.663807 1.362376 6.463767 1.700731 0.638481 11.829162
1628061348.925773 1.920715 1.438832 9.697032 1.348839 0.569798 14.975216
1628061349.021761 1.513690 1.228953 9.125683 2.341978 0.517885 14.728189
1628061349.122045 1.839004 1.364817 9.065230 1.366320 0.586713 14.222084
1628061349.222149 1.802831 1.525594 10.082307 1.814268 0.691202 15.916202
1628061349.322322 1.761126 1.431735 9.158783 1.673294 0.572773 14.597711
1628061349.422523 1.970467 1.575422 9.295937 1.742405 0.599777 15.184008
1628061349.522702 1.749272 1.389801 9.744174 2.094509 0.544948 15.522704
1628061349.622885 1.615148 1.348475 8.695563 1.133262 0.517885 13.310333
1628061349.723080 1.844256 1.462728 9.543539 2.377788 0.650454 15.878765
1628061349.823310 1.613350 1.247789 9.052155 1.764768 0.501738 14.179800
1628061349.923565 1.936295 1.488114 4.988215 1.458797 0.488115 10.359536
1628061350.023660 1.661508 1.366613 9.108364 1.576133 0.554830 14.267448
1628061350.123974 1.792152 1.472557 9.521381 2.163422 0.570842 15.520354
1628061350.224021 2.311984 1.393207 7.193961 2.533878 0.654295 14.087325
1628061350.324208 2.076327 1.276201 8.065124 1.873226 0.673179 13.964057
1628061350.424417 1.789825 1.432629 9.183036 1.313359 0.552671 14.271520
1628061350.525213 2.006818 1.632443 9.408231 2.164395 0.634768 15.846655
1628061350.624764 1.698453 1.315156 6.712627 1.290857 0.521625 11.538718
1628061350.724953 1.815437 1.494555 8.880445 1.685575 0.576563 14.452575
1628061350.825173 1.635232 1.334370 9.548991 1.473190 0.570579 14.562362
1628061350.925860 1.928127 1.474996 9.377196 1.910425 0.613411 15.304155
1628061351.025513 1.661451 1.349792 5.513151 1.837213 0.551435 10.913042
1628061351.125754 1.744136 1.517463 9.363424 2.199598 0.608438 15.433059
1628061351.225918 1.791251 1.224746 7.570803 1.907642 0.480351 12.974793
1628061351.326080 2.077377 1.459441 10.228106 2.769551 0.568565 17.103040
1628061351.426281 1.678608 1.361225 9.442929 1.726495 0.541225 14.750482
1628061351.526690 1.837146 1.421071 9.377966 2.018951 0.572882 15.228016
1628061351.626648 1.802730 1.471287 10.076869 1.818999 0.586982 15.756867
1628061351.728015 2.019921 1.521137 10.129997 1.605015 0.640981 15.917051
1628061351.827045 1.810994 1.469135 7.277889 2.056407 0.577828 13.192253
1628061351.927208 1.128009 1.149546 9.964405 2.057313 0.513298 14.812571
1628061352.027406 1.751027 1.414794 9.186601 1.691809 0.608008 14.652239
1628061352.130073 1.889877 1.514936 8.996290 1.766949 0.591737 14.759789
1628061352.227781 1.859186 1.567063 5.915643 1.685638 0.598770 11.626300
1628061352.327985 1.871580 1.520450 8.867919 1.882345 0.616937 14.759231
1628061352.428183 1.877146 1.557623 5.175585 0.881828 0.413036 9.905218
1628061352.528337 1.923135 1.492008 8.798450 2.234536 0.610674 15.058803
1628061352.628530 1.975054 1.610059 8.795170 1.204741 0.630546 14.215570
1628061352.728708 2.067593 1.502924 5.380956 1.486195 0.605320 11.042988
1628061352.828893 1.955017 1.568640 9.043786 1.108540 0.658645 14.334628
1628061352.929251 1.656988 1.283663 8.363614 1.642621 0.528939 13.475825
1628061353.029275 2.069726 1.587273 5.774964 1.152201 0.634045 11.218209
1628061353.130135 2.013726 1.531548 9.690304 1.689847 0.600329 15.525754
1628061353.229650 1.839155 1.409852 9.349406 1.066458 0.562334 14.227205
1628061353.329872 2.003588 1.491505 9.272311 2.444399 0.601710 15.813513
1628061353.430039 1.908210 1.473195 9.743027 1.520769 0.571712 15.216913
1628061353.533875 1.474300 1.243637 6.403347 1.925345 0.489420 11.536049
1628061353.630404 1.779078 1.557182 8.818668 1.434321 0.544392 14.133641
1628061353.730596 1.934331 1.544793 9.096327 1.660272 0.612558 14.848281
1628061353.830889 1.835675 1.440826 8.396295 1.469505 0.547944 13.690245
1628061353.930963 1.875531 1.395767 9.278104 1.593083 0.526526 14.669011
1628061354.031454 1.428464 1.295626 10.248919 2.135125 0.572373 15.680507
1628061354.131340 2.108607 0.676045 8.533257 1.921276 0.290806 13.529991
1628061354.232009 1.589840 1.388511 9.447731 1.760031 0.573309 14.759422
1628061354.331714 1.950519 1.396045 9.053977 1.258554 0.567280 14.226375
1628061354.431963 1.792016 1.478766 9.658827 1.883956 0.574918 15.388483
1628061354.532122 1.751642 1.362665 9.653366 2.131475 0.541661 15.440809
1628061354.632976 1.631700 1.255780 9.385591 1.773987 0.511788 14.558846
1628061354.732463 1.891987 1.453139 9.982541 1.837983 0.586052 15.751702
1628061354.832651 1.580026 1.256157 9.344395 1.227880 0.497223 13.905681
1628061354.932851 1.695545 1.264859 9.028477 2.216565 0.535556 14.741002
1628061355.033037 1.795069 1.471956 9.692951 1.773929 0.585955 15.319860
1628061355.133217 2.108644 1.634682 9.104766 1.417928 0.762769 15.028789
1628061355.233412 1.681244 1.312654 5.443040 1.204644 0.546474 10.188056
1628061355.333683 1.977170 1.399232 9.169726 2.103292 0.569516 15.218936
1628061355.433781 1.690111 1.297473 5.912565 1.115801 0.539583 10.555533
1628061355.534000 2.197415 1.509080 9.322767 1.787122 0.651836 15.468220
1628061355.634300 1.561757 1.288975 9.334581 1.278163 0.562141 14.025617
1628061355.734337 1.870062 1.464779 8.723856 1.988109 0.581990 14.628796
1628061355.834548 1.865187 1.507165 6.379952 1.198330 0.611411 11.562045
1628061355.934721 2.091206 1.520453 5.597893 1.192538 0.609368 11.011458
1628061356.034941 1.774786 1.460142 8.114213 1.647819 0.577127 13.574087
1628061356.135136 1.936052 1.442209 9.301146 1.869589 0.621166 15.170162
1628061356.235614 1.801504 1.395070 8.587065 2.161363 0.526067 14.471069
1628061356.335467 2.165547 1.567096 9.030785 1.689849 0.587944 15.041221
1628061356.435746 1.696277 1.315386 8.587147 1.232149 0.527381 13.358340
1628061356.535857 1.769239 1.400272 9.149854 2.000153 0.522338 14.841856
1628061356.636040 1.869655 1.597569 8.749692 1.255938 0.582410 14.055264
1628061356.736269 2.324031 1.447801 6.880266 2.456763 0.414030 13.522891
1628061356.837439 1.767086 1.436797 4.899691 1.079764 0.545560 9.728898
1628061356.936706 1.898146 1.552273 9.095377 1.511150 0.587186 14.644132
1628061357.037846 1.919664 1.458255 8.937830 1.326004 0.581257 14.223010
1628061357.136997 1.801421 1.387225 5.011247 1.342011 0.529407 10.071311
1628061357.237855 1.811147 1.408989 5.515627 1.141776 0.534808 10.412347
1628061357.337364 2.058469 1.554207 9.644488 2.225092 0.615790 16.098046
1628061357.437898 1.678203 1.340374 5.840254 1.404702 0.520939 10.784472
1628061357.537777 1.597563 1.545361 9.316330 2.292764 0.607878 15.359896
1628061357.638651 2.143568 1.356614 8.347649 0.964667 0.701819 13.514317
1628061357.738115 1.770960 1.474362 8.432315 1.478153 0.532673 13.688463
1628061357.838289 1.692887 1.364689 8.449482 2.132030 0.532911 14.171999
1628061357.938477 1.892925 1.434116 8.783801 1.436358 0.533951 14.081151
1628061358.038666 1.969376 1.543269 9.000947 1.181487 0.592017 14.287096
1628061358.138862 1.834228 1.426555 9.159270 1.531466 0.605166 14.556685
1628061358.239040 1.661838 1.293744 8.991454 2.115827 0.509603 14.572466
1628061358.339223 1.989148 1.523397 8.899314 1.633201 0.561751 14.606811
1628061358.439457 1.884941 1.280738 4.772888 1.820411 0.394015 10.152993
1628061358.539608 1.826040 1.437056 8.336055 1.055432 0.601102 13.255685
1628061358.640376 1.541875 1.320505 6.028508 1.529313 0.511687 10.931888
1628061358.739975 1.948534 1.580774 9.444425 1.229982 0.573403 14.777118
1628061358.840388 2.063413 1.443338 5.099671 1.083888 0.536934 10.227244
1628061358.940405 1.843483 1.512761 8.605318 1.280278 0.552723 13.794563
1628061359.040568 1.869328 1.516354 9.134126 2.440308 0.551518 15.511634
1628061359.140745 1.804857 1.412404 9.237839 2.244540 0.553185 15.252825
1628061359.240914 1.755486 1.331517 8.888779 1.818660 0.556037 14.350479
1628061359.341139 1.967892 1.552785 9.541421 2.058842 0.588879 15.709819
1628061359.441301 1.823636 1.441825 5.860976 1.430812 0.550534 11.107783
1628061359.541501 1.989391 1.436179 9.254350 1.186577 0.586240 14.452737
1628061359.641665 1.749649 1.415470 6.852638 1.263879 0.555790 11.837426
1628061359.741867 1.897425 1.490451 9.560832 1.817127 0.586552 15.352387
1628061359.842880 1.999012 1.715218 7.828418 1.461755 0.339962 13.344365
1628061359.942251 1.840801 1.503940 9.430925 1.635084 0.586323 14.997073
1628061360.044318 1.436682 1.095863 7.576728 1.691452 0.432990 12.233715
1628061360.142638 1.727348 1.391565 6.796952 1.872915 0.585201 12.373981
1628061360.248840 2.313116 1.452629 9.684288 1.407870 0.738318 15.596221
1628061360.343009 1.764737 1.346035 5.127421 1.911351 0.533750 10.683294
1628061360.443177 1.692978 1.385739 8.605221 1.477051 0.561540 13.722529
1628061360.543397 1.913637 1.492001 9.242797 3.250381 0.599345 16.498161
1628061360.643549 1.831045 1.486793 5.524861 1.711316 0.618093 11.172108
1628061360.743772 1.627913 1.343055 9.242459 1.530374 0.565645 14.309446
1628061360.845868 1.936349 1.433767 9.310199 1.737855 0.609559 15.027729
1628061360.944121 1.771150 1.430121 10.045352 1.890572 0.594343 15.731538
1628061361.044299 1.842287 1.421129 9.277334 2.008391 0.582696 15.131837
1628061361.144509 1.921199 1.519342 8.986039 1.225869 0.631387 14.283836
1628061361.244675 2.053528 1.660108 10.257158 1.682412 0.693734 16.346940
1628061361.344881 1.964682 1.557547 9.134647 1.882960 0.636386 15.176222
1628061361.445067 1.943323 1.511675 6.258465 1.585389 0.629143 11.927995
1628061361.545248 1.772804 1.500462 9.574545 2.134340 0.608487 15.590638
1628061361.645430 2.007247 1.279580 5.224422 1.742091 0.299891 10.553231
1628061361.745614 1.735098 1.391423 7.010007 1.673058 0.609851 12.419437
1628061361.846519 1.926821 1.582840 8.867431 2.113257 0.639693 15.130042
1628061361.946007 1.838088 1.456474 5.772268 1.637696 0.615207 11.319733
1628061362.046605 1.572753 1.319095 6.130693 1.880664 0.551214 11.454419
1628061362.146419 1.803668 1.467751 8.918674 1.521166 0.639030 14.350289
1628061362.246554 2.535336 0.843544 8.159444 1.660879 0.325364 13.524567
1628061362.346782 1.887679 1.451579 9.563644 1.978387 0.616777 15.498066
1628061362.457118 2.017807 1.454195 6.043346 2.304255 0.619426 12.439029
1628061362.547135 1.821770 1.429478 8.516585 2.176377 0.604682 14.548892
1628061362.647308 1.985443 1.586549 5.538226 1.245630 0.611830 10.967678
1628061362.747567 1.982928 1.565166 10.122921 2.357185 0.681860 16.710060
1628061362.848289 1.862682 1.447797 8.929766 1.652768 0.594755 14.487768
1628061362.947885 1.797692 1.458241 5.361924 2.704524 0.601868 11.924249
1628061363.048107 1.991057 1.498517 10.124778 3.123106 0.646753 17.384211
1628061363.148242 1.565494 1.364345 8.921189 1.481319 0.619487 13.951834
1628061363.249852 1.813355 1.405941 9.216316 1.882516 0.623694 14.941822
1628061363.348618 1.787577 1.420296 9.668985 1.796492 0.664531 15.337881
1628061363.448813 1.809588 1.365337 9.077935 1.621249 0.628278 14.502387
1628061363.550929 1.867592 1.775753 10.225179 2.499934 0.731975 17.100433
1628061363.649854 1.951235 1.486785 9.678669 1.805168 0.644480 15.566337
1628061363.749463 2.121002 0.882222 9.175916 1.548898 0.476139 14.204177
1628061363.849557 2.030782 1.513333 9.272873 1.635515 0.662221 15.114724
1628061363.949826 1.948956 1.617449 6.570359 1.777283 0.716677 12.630724
1628061364.053864 1.730025 1.359849 9.527521 1.888907 0.572620 15.078922
1628061364.150131 2.214792 1.404617 10.510178 2.676843 0.810997 17.617427
1628061364.250309 2.111768 1.667059 10.320136 1.706380 0.705984 16.511327
1628061364.350521 1.854985 1.556910 9.589797 1.398112 0.669155 15.068959
1628061364.450719 1.778680 1.458106 9.441948 1.971446 0.666476 15.316656
1628061364.550883 1.829574 1.530522 6.055976 1.640353 0.646745 11.703170
1628061364.651074 1.795158 1.455803 10.041575 1.740553 0.632710 15.665799
1628061364.751252 1.842103 1.570819 6.171039 1.554443 0.671113 11.809517
1628061364.851444 1.845098 1.430754 9.615048 2.263186 0.647625 15.801711
1628061364.951679 1.759333 1.472330 5.968571 2.173651 0.693657 12.067542
1628061365.051820 1.769635 1.527939 10.296308 2.205026 0.702162 16.501070
1628061365.151999 1.837324 1.600454 10.130000 2.069581 0.701697 16.339056
1628061365.252192 1.914236 1.524765 9.482542 2.127451 0.658733 15.707727
1628061365.352397 1.616058 1.341579 10.095656 2.261691 0.617739 15.932723
1628061365.452892 1.812323 1.466508 6.771304 1.663252 0.647058 12.360445
1628061365.552749 1.751445 1.485936 9.845571 2.043043 0.665157 15.791152
1628061365.653568 2.024788 1.703614 11.711986 1.673801 1.036993 18.151182
1628061365.754158 1.771600 1.355102 8.765976 2.150877 0.599139 14.642694
1628061365.853686 1.727337 1.435616 6.271740 1.809739 0.653318 11.897750
1628061365.953527 1.708344 1.397693 6.636883 1.958799 0.650675 12.352394
1628061366.053694 2.035963 1.566341 10.171636 2.046410 0.741493 16.561843
1628061366.153896 0.992779 0.853925 6.841351 2.097140 0.383074 11.168269
1628061366.254066 1.979958 1.579502 10.575930 2.168611 0.729501 17.033502
1628061366.354527 2.148427 1.540068 7.464568 2.049078 0.694275 13.896416
1628061366.454444 1.935336 1.623589 10.717284 2.476499 0.706444 17.459152
1628061366.554641 1.844913 1.401420 9.640354 1.673804 0.632691 15.193182
1628061366.655456 1.826580 1.469766 10.370126 1.847024 0.654564 16.168060
1628061366.755042 1.677062 1.336940 9.426541 2.146669 0.607782 15.194994
1628061366.855224 1.874428 1.486800 9.944291 2.029532 0.642204 15.977255
1628061366.955427 1.965472 1.649115 5.927603 1.798080 0.707444 12.047714
1628061367.055577 2.034390 1.636584 10.561380 2.051864 0.726448 17.010666
1628061367.156776 0.754528 0.648521 5.950721 1.851941 0.329938 9.535649
1628061367.256230 1.627051 1.436884 9.651321 1.629336 0.656409 15.001001
1628061367.356169 1.623842 1.315895 5.766795 1.777336 0.318765 10.802633
1628061367.456352 1.768036 1.525781 9.735764 1.818725 0.692249 15.540555
1628061367.556517 1.851153 1.494794 9.577675 1.761737 0.667843 15.353202
1628061367.656780 1.828949 1.458258 10.101529 1.869749 0.667961 15.926446
1628061367.756902 1.818117 1.480355 6.396773 1.739464 0.697441 12.132150
1628061367.857078 1.949437 1.461284 9.953765 2.009166 0.676623 16.050275
1628061367.957291 1.873852 1.522673 6.303601 1.543876 0.664592 11.908594
1628061368.057453 2.019291 1.564852 9.967100 1.914268 0.683174 16.148685
1628061368.157662 1.613670 1.430254 11.864282 2.539833 0.712177 18.160216
1628061368.257827 1.981185 1.653771 11.575453 1.942869 0.773133 17.926411
1628061368.358026 1.670260 1.514198 9.874730 1.999871 0.658629 15.717688
1628061368.458216 1.739938 1.545210 10.924948 1.828078 0.689171 16.727345
1628061368.558475 1.753126 1.466295 6.459629 1.710198 0.652795 12.042043
1628061368.658599 2.049499 1.531277 10.805989 2.118574 0.675133 17.180472
1628061368.758805 1.561455 1.338512 7.254258 1.677502 0.615292 12.447019
1628061368.859122 1.658235 1.478535 10.028759 1.783581 0.683038 15.632148
1628061368.959220 1.702801 1.528124 9.754166 2.069677 0.690086 15.744854
1628061369.059336 2.053546 1.686349 10.713901 1.933382 0.742207 17.129385
1628061369.159513 1.725181 1.498098 8.371505 1.565019 0.694863 13.854666
1628061369.263805 1.899189 1.530520 10.749502 1.948605 0.679689 16.807505
1628061369.359908 1.592079 1.370963 9.450966 1.732333 0.610516 14.756857
1628061369.460111 1.776429 1.487025 9.391813 1.344358 0.675921 14.675546
1628061369.560293 1.661431 1.473815 6.410767 2.217403 0.674866 12.438282
1628061369.660459 1.925118 1.483224 9.962081 1.895126 0.700124 15.965673
1628061369.760643 1.769325 1.540564 10.949820 1.832080 0.671598 16.763387
1628061369.860852 1.900758 1.511247 8.114704 1.364142 0.650637 13.541488
1628061369.961030 1.653306 1.387115 7.154924 1.660509 0.601686 12.457540
1628061370.061222 2.088592 1.552325 9.955372 1.632356 0.696748 15.925393
1628061370.161417 1.942091 1.672034 10.304424 2.067250 0.705861 16.691660
1628061370.261587 1.659378 1.310602 7.673398 1.636512 0.598039 12.877929
1628061370.362160 1.831147 1.513976 9.480424 2.146338 0.638587 15.610472
1628061370.462021 1.408210 1.054420 6.560260 2.068213 0.426764 11.517867
1628061370.562156 1.766448 1.449699 5.824971 1.426410 0.636457 11.103985
1628061370.662335 1.652022 1.370831 5.925415 1.814761 0.568480 11.331509
1628061370.762593 1.780602 1.442499 8.901072 1.570420 0.598816 14.293409
1628061370.862710 1.634053 1.452505 9.533522 1.597055 0.584065 14.801200
1628061370.963181 1.888249 1.461244 9.149381 1.366952 0.593973 14.459799
1628061371.063092 1.979481 1.537103 9.648530 2.155792 0.686773 16.007679
1628061371.170781 1.872489 1.361885 5.615042 1.244844 0.577423 10.671683
1628061371.263472 1.914688 1.462574 9.120637 1.816705 0.590314 14.904918
1628061371.363665 2.045319 1.723387 6.271462 1.210710 0.773068 12.023946
1628061371.463867 1.949192 1.562574 9.332725 1.956371 0.642672 15.443534
1628061371.568973 1.940652 1.561249 9.645832 1.619318 0.731896 15.498947
1628061371.664233 1.487531 1.267031 9.249012 2.018910 0.575242 14.597726
1628061371.768434 1.925077 1.536282 9.009782 1.543892 0.692042 14.707075
1628061371.864649 1.808506 1.449414 9.338713 1.560943 0.604616 14.762192
1628061371.965890 2.055474 1.510345 9.678167 1.711708 0.670246 15.625940
1628061372.064984 1.839790 1.456114 9.295915 1.148756 0.626282 14.366857
1628061372.165154 1.887281 1.524304 5.764454 1.277237 0.688644 11.141920
1628061372.265341 1.787096 1.437230 9.495897 1.675989 0.612934 15.009146
1628061372.365541 1.909729 1.444217 5.346610 1.374224 0.601576 10.676356
1628061372.465762 1.853044 1.426770 9.014931 1.477045 0.592774 14.364564
1628061372.565907 1.772083 1.409181 9.352954 1.901872 0.591298 15.027388
1628061372.666092 1.919891 1.527329 8.962194 1.497028 0.634585 14.541027
1628061372.767917 1.863111 1.479174 5.582210 1.234358 0.609221 10.768074
1628061372.866469 1.839818 1.467093 9.394050 1.546298 0.586663 14.833922
1628061372.968306 1.909763 1.526277 9.443028 1.138543 0.600232 14.617843
1628061373.066842 1.668895 1.360906 9.480653 1.532726 0.567046 14.610226
1628061373.167094 2.036803 1.542578 8.701213 1.488969 0.611111 14.380674
1628061373.267242 0.964240 0.975308 10.186152 1.736603 0.435805 14.298108
1628061373.367544 1.850576 1.552425 5.907130 1.082236 0.615311 11.007678
1628061373.467760 1.944847 1.531935 10.515301 2.092189 0.601095 16.685367
1628061373.568230 1.891365 1.451850 10.012747 1.660002 0.604705 15.620669
1628061373.668071 1.793614 1.444229 9.901951 1.377830 0.593957 15.111581
1628061373.768373 1.955501 1.540284 9.688268 1.365660 0.635953 15.185666
1628061373.868461 2.344109 1.162995 8.473934 1.845288 0.310076 14.136402
1628061373.968554 1.793765 1.181255 5.618030 0.980187 0.298259 9.871496
1628061374.068816 1.936869 1.481347 9.848293 1.430792 0.624807 15.322108
1628061374.169029 2.027962 1.537734 6.832426 1.490079 0.631636 12.519837
1628061374.269108 1.885602 1.522604 9.389194 1.437007 0.686765 14.921172
1628061374.369318 1.923597 1.626883 7.158470 2.102539 0.646392 13.457881
1628061374.469676 1.899569 1.613873 6.274075 1.554829 0.672482 12.014828
1628061374.570017 2.140082 1.671585 6.022956 1.301965 0.706914 11.843502
1628061374.669865 1.910582 1.504664 9.671239 1.149459 0.623624 14.859568
1628061374.770072 1.969790 1.548998 8.450454 1.293116 0.628345 13.890703
1628061374.870252 1.711345 1.507362 9.937895 1.799954 0.634913 15.591469
1628061374.973856 1.732737 1.409652 9.444837 1.417587 0.619500 14.624313
1628061375.070616 1.715432 1.461525 9.205628 1.435917 0.649133 14.467635
1628061375.170876 1.957120 1.456952 5.440450 1.193286 0.328741 10.376549
1628061375.270991 1.793601 1.440495 9.836009 1.508594 0.608033 15.186732
1628061375.371169 1.823897 1.458803 5.686147 1.563762 0.611161 11.143770
1628061375.471392 1.851174 1.516403 9.393417 1.452983 0.630796 14.844773
1628061375.571545 1.828141 1.494910 8.778088 1.564853 0.644429 14.310421
1628061375.671835 1.850461 1.483155 10.381305 1.529277 0.698991 15.943189
1628061375.772926 1.957615 1.503554 9.266927 1.350025 0.620630 14.698751
1628061375.872131 1.804695 1.522253 9.534214 1.659922 0.638912 15.159996
1628061375.972301 2.021217 1.552928 9.459415 1.356782 0.655551 15.045893
1628061376.072514 1.963654 1.485573 9.666714 1.206168 0.602875 14.924984
1628061376.174384 1.731344 1.402473 9.839292 1.956270 0.584171 15.513550
1628061376.272888 2.385420 1.725089 11.798274 2.039517 0.721095 18.669395
1628061376.373049 1.860611 1.867995 9.874672 1.781671 0.676735 16.061684
1628061376.473248 2.028442 1.596237 9.702847 1.431287 0.642571 15.401384
1628061376.573459 2.065025 1.644278 6.432152 1.389479 0.654146 12.185080
1628061376.673923 1.938526 1.562341 9.543260 1.314720 0.670569 15.029416
1628061376.775769 1.881294 1.526108 9.472493 2.137398 0.647779 15.665072
1628061376.873995 2.450928 1.451865 10.719233 2.541501 0.795037 17.958564
1628061376.974319 2.148598 1.625623 11.336938 1.610522 0.676467 17.398148
1628061377.074433 2.265507 1.341284 10.936743 2.315753 0.596310 17.455597
1628061377.174805 1.962021 1.577703 10.080651 1.345735 0.693874 15.659984
1628061377.274790 1.675575 1.434852 10.121306 1.524986 0.643666 15.400385
1628061377.374990 1.778619 1.277243 9.157986 2.024973 0.560185 14.799006
1628061377.475143 1.979039 1.459954 7.100428 1.281409 0.637590 12.458420
1628061377.575309 2.069713 1.602329 10.206445 1.477125 0.672253 16.027865
1628061377.675501 1.778276 1.443220 10.048717 1.381180 0.591517 15.242910
1628061377.775682 1.688583 1.432311 10.107670 1.371127 0.647778 15.247469
1628061377.875895 1.700500 1.455676 7.402489 1.384854 0.597067 12.540586
1628061377.976055 1.703213 1.426663 10.203644 1.758269 0.602576 15.694365
1628061378.076259 1.823989 1.491684 6.796953 1.457364 0.613968 12.183958
1628061378.180484 1.960244 1.636823 6.421340 1.154258 0.678637 11.851302
1628061378.276653 0.735746 0.704229 9.261595 1.203249 0.295571 12.200390
1628061378.377864 1.583636 1.297650 10.096409 1.638707 0.557265 15.173667
1628061378.477046 1.842220 1.439112 6.485756 1.194144 0.586386 11.547618
1628061378.577896 1.761617 1.507093 10.218548 1.491860 0.683861 15.662979
1628061378.678812 1.593869 1.350735 9.736156 1.082502 0.587686 14.350948
1628061378.777593 1.942949 1.548107 10.614942 1.789915 0.732360 16.628273
1628061378.878141 1.464377 1.284694 6.474434 0.992486 0.571958 10.787949
1628061378.977935 1.923565 1.571825 9.940045 1.548793 0.652614 15.636842
1628061379.078571 1.736149 1.477770 10.005218 2.268897 0.619062 16.107096
1628061379.178355 1.854789 1.456994 6.100915 1.101674 0.625789 11.140161
1628061379.278545 1.691658 1.458196 9.878576 1.428714 0.590140 15.047284
1628061379.378688 1.942661 1.547458 10.504527 1.702508 0.612250 16.309404
1628061379.478899 1.926232 1.519940 9.804531 1.702394 0.612225 15.565322
1628061379.581789 1.837178 1.499809 10.309042 1.394372 0.592930 15.633331
1628061379.679261 1.837691 1.536896 9.566975 1.338122 0.628650 14.908334
1628061379.779507 1.719779 1.401204 10.375596 2.134509 0.575616 16.206704
1628061379.879660 1.407579 1.238665 6.345189 1.303882 0.538680 10.833995
1628061379.979880 1.898640 1.460352 10.159477 2.048845 0.610700 16.178014
1628061380.080019 1.831795 1.501985 9.521393 1.438041 0.645359 14.938573
1628061380.181247 1.697919 1.436411 10.472852 1.967476 0.613218 16.187876
1628061380.280395 1.631978 1.408413 11.184485 2.160002 0.635541 17.020419
1628061380.381862 1.853577 1.502951 10.010771 1.638662 0.641571 15.647532
1628061380.480774 1.986008 1.607835 6.376485 1.429310 0.647153 12.046791
1628061380.581857 1.835401 1.482687 10.286134 2.240137 0.663320 16.507679
1628061380.681153 1.835333 1.553699 10.747056 1.219596 0.667144 16.022828
1628061380.781315 1.840346 1.499703 11.268022 2.022605 0.688878 17.319554
1628061380.881517 1.964060 1.540305 9.726094 1.984200 0.665264 15.879923
1628061380.981738 1.852707 1.474023 10.940337 2.153985 0.647539 17.068591
1628061381.081899 1.830129 1.382605 10.177374 1.458978 0.607247 15.456333
1628061381.182074 2.145820 1.439770 9.686902 2.588668 0.775949 16.637109
1628061381.282294 1.851341 1.578682 10.342070 2.243902 0.691643 16.707638
1628061381.382486 1.344246 1.245735 8.735217 1.942737 0.597693 13.865628
1628061381.482636 1.807166 1.495043 10.623031 1.987197 0.659231 16.571668
1628061381.582871 1.821249 1.515941 10.473749 1.723844 0.671558 16.206341
1628061381.683031 1.508815 1.343942 10.272364 2.026492 0.598764 15.750377
1628061381.783198 2.004549 1.413442 7.838021 2.660136 0.611751 14.527899
1628061381.883565 1.941071 1.338145 7.470782 3.412273 0.629897 14.792168
1628061381.983603 1.808177 1.453790 11.230476 2.128067 0.759973 17.380483
1628061382.083781 1.997902 1.570321 9.905806 1.808579 0.722219 16.004827
1628061382.183967 2.030298 1.641700 10.493986 1.634093 0.783628 16.583705
1628061382.284301 1.692206 1.434329 6.469475 1.637310 0.659178 11.892498
1628061382.384342 2.135396 1.444743 9.469048 2.347840 0.656462 16.053489
1628061382.484520 1.870647 1.572322 10.977722 2.008522 0.687810 17.117023
1628061382.584766 1.860372 1.580120 10.656757 1.787650 0.695047 16.579946
1628061382.686980 1.759912 1.496181 6.620943 1.719274 0.632325 12.228635
1628061382.785079 1.924568 1.588178 10.769711 1.894242 0.666779 16.843478
1628061382.885269 1.845538 1.523258 10.325882 1.661114 0.663544 16.019336
1628061382.985533 1.787219 1.520869 7.286820 1.277310 0.698388 12.570606
1628061383.086096 1.795140 1.540950 7.732685 2.067438 0.685941 13.822154
1628061383.185894 1.858904 1.581622 10.574385 1.852097 0.667600 16.534608
1628061383.286096 1.790522 1.510032 9.963774 1.442648 0.667671 15.374647
1628061383.386217 2.019163 1.575942 6.136041 2.097679 0.695346 12.524171
1628061383.486408 1.752303 1.495335 6.981200 1.598189 0.689299 12.516326
1628061383.586604 1.787679 1.519129 10.339532 2.426856 0.693791 16.766987
1628061383.686830 1.632311 1.601198 9.233495 1.734883 0.665391 14.867278
1628061383.788096 1.756694 1.475071 9.746902 1.548429 0.647450 15.174546
1628061383.887665 1.842011 1.568999 6.463300 1.361921 0.708609 11.944840
1628061383.987720 1.966071 1.573573 10.385072 2.526508 0.688812 17.140036
1628061384.087831 1.867842 1.503185 6.363104 1.422828 0.642098 11.799057
1628061384.188096 1.965877 1.481544 9.600168 2.562280 0.646439 16.256308
1628061384.288714 1.520098 1.419520 10.269219 2.464965 0.642162 16.315964
1628061384.388459 2.215908 1.672452 10.542067 1.903900 0.738431 17.072758
1628061384.489881 2.078822 1.812557 10.867645 1.659334 0.826447 17.244805
1628061384.588681 2.120108 1.421639 10.933714 2.747118 0.625434 17.848013
1628061384.688845 1.742442 1.501799 9.916095 1.756361 0.670568 15.587265
1628061384.789090 1.895830 1.535675 10.573859 2.112271 0.677951 16.795586
1628061384.889037 1.927927 1.604827 9.999881 1.792317 0.723707 16.048659
1628061384.989227 1.952927 1.599848 10.171839 2.244051 0.712249 16.680914
1628061385.089562 1.925592 1.588015 10.588735 1.804256 0.729092 16.635690
1628061385.189606 1.847570 1.496638 9.988831 2.204407 0.664138 16.201584
1628061385.289786 1.932684 1.589355 5.818640 1.983502 0.699031 12.023212
1628061385.390099 1.818540 1.506300 9.558365 1.771570 0.649597 15.304372
1628061385.490189 2.104884 1.570406 10.736956 1.594157 0.686819 16.693222
1628061385.590352 1.616458 1.400934 9.125800 1.620061 0.611052 14.374305
1628061385.690583 1.642746 1.373837 6.544911 1.566136 0.592590 11.720220
1628061385.791109 1.857836 1.570427 10.183850 1.670774 0.696447 15.979334
1628061385.891224 1.707833 1.479448 9.365472 1.718026 0.613870 14.884649
1628061385.991118 1.734221 1.442806 10.290951 1.571286 0.605775 15.645039
1628061386.093150 1.623803 1.331496 6.226084 1.313165 0.570815 11.065363
1628061386.191478 2.208897 1.602630 10.166815 2.249315 0.676056 16.903713
1628061386.291674 1.784893 1.548555 9.701290 1.339878 0.644524 15.019140
1628061386.391867 1.873346 1.463587 10.021656 2.666038 0.638047 16.662674
1628061386.492047 2.005003 1.528124 10.559446 2.119714 0.627478 16.839765
1628061386.592248 2.002992 1.652049 5.531588 1.210083 0.669565 11.066277
1628061386.692442 1.869366 1.473866 9.443210 1.326047 0.591906 14.704395
1628061386.792614 2.033930 1.594655 9.822358 1.903016 0.672062 16.026021
1628061386.892839 1.910571 1.674022 5.609696 1.122904 0.667545 10.984738
1628061386.993032 1.757545 1.411627 9.610213 1.249477 0.635347 14.664209
1628061387.093567 1.868025 1.437477 10.168509 1.425201 0.607095 15.506307
1628061387.193366 1.629193 1.408653 5.719937 1.354012 0.597271 10.709066
1628061387.296170 1.893526 1.534135 6.612273 1.215197 0.664402 11.919533
1628061387.394095 1.744752 1.467979 9.320587 1.299103 0.616620 14.449041
1628061387.493929 1.962517 1.643386 11.013780 1.877600 0.693863 17.191146
1628061387.594108 1.973997 1.357465 10.991340 2.553636 0.610253 17.486691
1628061387.694370 1.790100 1.117525 7.036856 1.292167 0.577972 11.814620
1628061387.794503 1.899044 1.593939 10.086798 1.284750 0.683666 15.548197
1628061387.894730 1.831428 1.558501 6.258022 0.945267 0.673051 11.266269
1628061387.994866 1.941626 1.596289 9.840078 1.238674 0.661648 15.278315
1628061388.095061 1.721526 1.415242 9.304261 1.436261 0.629722 14.507012
1628061388.195262 1.837678 1.552203 10.009971 1.127165 0.631641 15.158658
1628061388.295476 1.985958 1.586728 6.624545 1.303761 0.673214 12.174206
1628061388.395614 2.038975 1.589862 9.221246 1.318825 0.707270 14.876178
1628061388.495811 0.822224 0.786151 7.087315 1.307687 0.391793 10.395170
1628061388.596001 1.877600 1.571179 10.051803 1.150353 0.666614 15.317549
1628061388.696224 1.771714 1.525948 9.744726 1.303183 0.655986 15.001557
1628061388.796444 1.915053 1.561785 5.639062 1.086962 0.666366 10.869228
1628061388.896591 1.866526 1.518540 7.002105 1.242993 0.657218 12.287382
1628061388.996742 2.032774 1.700125 10.115254 1.780966 0.710542 16.339661
1628061389.097851 1.881544 1.538065 9.611800 1.521603 0.690779 15.243791
1628061389.197148 1.812515 1.548084 6.363682 1.350341 0.633864 11.708486
1628061389.297308 1.932395 1.540102 10.406699 1.599234 0.653824 16.132254
1628061389.397879 1.919498 1.577510 5.627933 1.100785 0.643014 10.868740
1628061389.497690 1.681791 1.408836 10.508526 0.887915 0.613027 15.100095
1628061389.597917 1.783329 1.473548 9.927496 1.472609 0.614350 15.271332
1628061389.698215 1.670978 1.408548 9.972935 1.580758 0.637360 15.270579
1628061389.798256 1.695311 1.480221 10.225854 1.327733 0.641612 15.370731
1628061389.898459 1.887432 1.521137 9.449388 1.310733 0.641413 14.810103
1628061389.998684 1.655486 1.464063 6.625556 1.061093 0.630051 11.436249
1628061390.098820 1.442709 1.300521 9.550238 1.881560 0.583632 14.758660
1628061390.199005 1.769259 1.506674 9.206889 1.482036 0.628286 14.593144
1628061390.299232 1.618733 1.340861 10.172936 2.560565 0.599067 16.292162
1628061390.399390 0.775338 0.782168 9.917109 1.216745 0.374638 13.065998
1628061390.499566 1.603730 1.403306 9.964479 1.315857 0.621082 14.908454
1628061390.599751 1.592007 1.368744 9.726549 1.454997 0.578657 14.720954
1628061390.699949 1.645098 1.400276 9.326757 1.152975 0.618270 14.143376
1628061390.800150 1.759791 1.424938 5.813002 1.161124 0.631119 10.789974
1628061390.900839 1.639409 1.373140 9.881126 1.941899 0.621817 15.457391
1628061391.000512 1.568216 1.332542 9.381620 1.143621 0.605192 14.031191
1628061391.100772 1.784900 1.528656 10.486875 1.537192 0.663332 16.000955
1628061391.200879 1.835626 1.472340 6.449277 1.955273 0.591514 12.304030
1628061391.301545 1.529121 1.343466 10.730674 1.855745 0.665282 16.124288
1628061391.401293 2.036114 1.601166 9.829033 1.968051 0.691127 16.125491
1628061391.501863 1.394664 1.280038 6.593916 1.103302 0.560036 10.931956
1628061391.601665 1.985547 1.555176 9.981394 1.676000 0.653696 15.851813
1628061391.703499 1.589347 1.309535 9.347686 1.030814 0.572955 13.850337
1628061391.802229 2.121671 1.625369 9.598285 0.988541 0.683782 15.017648
1628061391.902771 1.805506 1.460445 6.647150 0.997018 0.597945 11.508064
1628061392.002476 1.981023 1.441137 8.700582 1.150325 0.630120 13.903187
1628061392.102603 1.789620 1.473551 10.216328 1.272209 0.604531 15.356239
1628061392.202773 1.662167 1.424472 9.803285 1.553573 0.585008 15.028505
1628061392.302964 1.690780 1.445911 9.470859 1.040865 0.587847 14.236262
1628061392.403152 1.490269 1.302114 7.618175 1.609187 0.585628 12.605373
1628061392.503333 1.849622 1.568766 10.379362 1.380380 0.646873 15.825003
1628061392.603907 1.646750 1.395655 5.932468 1.093382 0.605832 10.674087
1628061392.703703 1.958001 1.522620 10.367753 1.204001 0.652363 15.704738
1628061392.804007 1.808289 1.450985 9.576755 1.223603 0.636829 14.696461
1628061392.904090 1.561414 1.298443 9.877194 1.420996 0.545222 14.703269
1628061393.004301 1.650745 1.388029 9.312685 1.334819 0.599106 14.285384
1628061393.104466 1.831806 1.461665 6.075768 1.118703 0.629347 11.117289
1628061393.204657 1.819265 1.512099 5.847085 1.305568 0.614332 11.098349
1628061393.304846 1.781781 1.554217 10.241866 1.945079 0.692936 16.215879
1628061393.405621 1.712306 1.410033 9.594851 1.266959 0.654447 14.638596
1628061393.505223 1.852811 1.526588 9.380881 1.556706 0.640595 14.957581
1628061393.605472 2.115104 1.022695 8.231965 1.786635 0.480712 13.637111
1628061393.705594 1.634732 1.396375 9.730339 1.517746 0.619735 14.898927
1628061393.805783 1.842208 1.535330 10.163203 1.288506 0.670767 15.500014
1628061393.905961 1.963809 1.466599 10.575446 1.840306 0.638427 16.484587
1628061394.006167 1.713658 1.611873 8.200924 1.456307 0.616621 13.599383
1628061394.106343 1.813766 1.611628 11.025484 1.280603 0.696939 16.428420
1628061394.206557 1.711856 1.446260 9.989593 1.763135 0.613852 15.524696
1628061394.306717 1.296213 1.325114 10.684384 2.163568 0.619151 16.088430
1628061394.406914 1.856093 1.525197 6.747824 1.438183 0.636097 12.203394
1628061394.507097 1.621333 1.346499 11.042395 1.639483 0.601110 16.250820
1628061394.607298 2.244086 0.891897 8.174564 1.301485 0.467421 13.079453
1628061394.707489 1.894685 1.521083 6.248111 1.248911 0.646184 11.558974
1628061394.807664 1.815113 1.495647 9.016054 1.089224 0.620618 14.036656
1628061394.908185 1.853960 1.555583 10.590661 1.534159 0.662112 16.196475
1628061395.008032 1.590872 1.383765 6.075204 1.351800 0.580427 10.982068
1628061395.108239 1.581570 1.322468 6.484744 1.553363 0.582649 11.524794
1628061395.208436 1.781262 1.500185 9.505451 1.280525 0.633226 14.700649
1628061395.308603 2.140464 1.788059 6.336092 0.963052 0.709706 11.937373
1628061395.408801 1.796034 1.490913 9.479043 1.281884 0.646263 14.694137
1628061395.508972 1.766569 1.563359 11.005278 1.685648 0.685276 16.706130
1628061395.609182 1.836921 1.568368 6.398406 1.919957 0.651860 12.375512
1628061395.709385 1.937684 1.572459 10.100250 1.666973 0.693714 15.971080
1628061395.809770 2.010308 0.979184 8.481503 1.649558 0.332139 13.452692
1628061395.909819 1.907662 1.597123 6.179987 1.579558 0.706404 11.970734
1628061396.010204 1.793700 1.536095 9.328147 1.311514 0.658630 14.628086
1628061396.110148 1.997803 1.582668 9.953224 1.816067 0.708618 16.058380
1628061396.210382 1.998912 1.349673 7.948055 2.126238 0.488371 13.911249
1628061396.310475 1.791639 1.559685 9.894013 2.508346 0.729676 16.483359
1628061396.410671 1.753045 1.445404 5.556505 1.391877 0.617469 10.764300
1628061396.510865 1.846461 1.507487 10.758730 2.020926 0.686796 16.820400
1628061396.613503 0.716829 0.664168 5.530305 1.935271 0.306241 9.152814
1628061396.711257 1.875219 1.568097 9.165577 1.606151 0.659364 14.874408
1628061396.812435 1.895904 1.524128 5.892764 1.414059 0.689965 11.416820
1628061396.911608 2.220822 1.439592 11.205962 2.538756 0.645342 18.050474
1628061397.011804 2.108998 1.605152 10.382302 1.966617 0.698359 16.761428
1628061397.111998 1.784231 1.536618 10.143235 2.165015 0.677263 16.306362
1628061397.212172 1.927735 1.550308 6.141586 1.321170 0.656015 11.596814
1628061397.312358 1.828774 1.523923 10.008990 1.771950 0.670561 15.804198
1628061397.414001 1.876540 1.506708 9.780871 1.311103 0.876104 15.351326
1628061397.512743 1.954419 1.615866 10.359869 1.391076 0.707001 16.028231
1628061397.709249 3.228230 1.711569 10.062871 1.282352 0.720216 17.005238
1628061397.809555 3.174028 1.849873 9.797853 2.358120 0.757882 17.937756
1628061397.813973 0.000310 0.696561 5.516441 1.522189 0.309668 8.045169
1628061397.913506 1.729217 1.498080 9.799183 2.650309 0.653026 16.329815
1628061398.014229 1.935909 1.501883 5.994711 1.480759 0.689687 11.602949
1628061398.113884 1.585575 1.410532 10.847835 2.368271 0.638087 16.850300
1628061398.214097 1.612151 1.355711 9.779355 1.624614 0.598159 14.969990
1628061398.314302 1.566745 1.334214 9.219453 1.541744 0.605810 14.267966
1628061398.415965 1.845730 1.554475 9.684263 1.355132 0.679750 15.119350
1628061398.516672 1.902273 1.574913 11.210077 1.937636 0.725937 17.350836
1628061398.614808 1.985494 1.572302 9.964348 1.767520 0.689957 15.979621
1628061398.715048 2.097936 1.746174 9.925418 1.939295 0.754002 16.462825
1628061398.815188 2.259049 1.467900 8.197432 1.545422 0.768900 14.238703
1628061398.915387 1.768131 1.566236 10.209145 2.623600 0.648762 16.815874
1628061399.015579 1.815556 1.425088 5.565696 1.298226 0.361261 10.465827
1628061399.115757 1.428537 1.288365 8.853874 1.792185 0.593964 13.956925
1628061399.216026 1.769716 1.504895 9.976876 2.290446 0.636157 16.178090
1628061399.316133 1.844256 1.528835 6.287791 2.026266 0.646831 12.333979
1628061399.416310 1.685105 1.433509 9.731133 1.614100 0.600508 15.064355
1628061399.516528 1.919614 1.534123 10.039908 1.366956 0.704385 15.564986
1628061399.616684 1.515314 1.293668 10.420924 1.977198 0.572276 15.779380
1628061399.716921 1.966440 1.640318 10.196890 1.365132 0.693313 15.862093
1628061399.817071 1.577654 1.355419 9.497108 2.107832 0.587228 15.125241
1628061399.917277 1.680227 1.335832 6.778257 1.342539 0.580031 11.716886
1628061400.017434 2.145279 1.778750 6.346812 1.956695 0.719801 12.947337
1628061400.117809 1.502377 1.288329 6.730827 1.754052 0.584221 11.859806
1628061400.222837 1.798506 1.447878 9.667160 1.800687 0.767656 15.481887
1628061400.318012 2.034050 1.659217 10.066787 1.505082 0.654813 15.919949
1628061400.418202 1.606511 1.398873 9.391616 1.804002 0.632814 14.833816
1628061400.518409 2.042224 1.385136 11.191326 1.854523 0.639565 17.112774
1628061400.618608 1.745556 1.445207 9.793002 1.714960 0.622418 15.321143
1628061400.718787 1.654399 1.377557 6.307478 1.696095 0.596270 11.631799
1628061400.819594 1.673983 1.393762 9.384646 1.507626 0.602061 14.562078
1628061400.919147 2.332830 1.503259 8.632431 1.812874 0.583206 14.864600
1628061401.024683 1.949952 1.556197 5.758509 1.386924 0.674288 11.325870
1628061401.119531 1.860195 1.598311 9.273225 1.322270 0.711344 14.765345
1628061401.219901 1.910122 1.556500 9.896264 1.574532 0.670919 15.608337
1628061401.319914 1.790209 1.468916 6.266576 1.577516 0.639727 11.742944
1628061401.420076 1.836851 1.478077 9.588604 1.872499 0.631452 15.407483
1628061401.520283 2.067249 1.560449 9.604429 1.532395 0.702120 15.466642
1628061401.620559 1.746763 1.365531 5.935381 1.502176 0.614871 11.164722
1628061401.720674 1.903942 1.581228 10.320461 1.983538 0.673731 16.462900
1628061401.820860 1.643322 1.352180 10.360853 3.130057 0.603421 17.089833
1628061401.921028 1.750203 1.442202 10.128714 1.910121 0.664030 15.895270
1628061402.021241 1.812342 1.477663 9.457763 1.379143 0.666758 14.793669
1628061402.121388 1.936956 1.519477 8.963165 1.440696 0.638503 14.498797
1628061402.221803 1.892333 1.502132 9.680982 1.658262 0.775702 15.509411
1628061402.321779 1.625192 1.324320 9.564152 1.900389 0.608065 15.022118
1628061402.421962 1.731044 1.427083 10.094225 2.203892 0.686759 16.143003
1628061402.522157 1.832493 1.489995 9.761074 1.591632 0.679851 15.355045
1628061402.622347 1.903136 1.531567 10.294581 2.312685 0.749733 16.791702
1628061402.722538 2.318981 1.075989 8.335568 1.666179 0.490287 13.887004
1628061402.823256 2.287289 1.123461 9.103196 1.877410 0.317198 14.708554
1628061402.922931 1.662907 1.304383 5.696734 1.762273 0.596530 11.022827
1628061403.023119 1.796034 1.456271 9.362774 1.854815 0.607694 15.077588
1628061403.123270 1.544197 1.259533 9.903576 1.635179 0.569069 14.911554
1628061403.223463 1.755576 1.437939 9.895810 1.990548 0.632330 15.712203
1628061403.323658 1.744644 1.341420 9.562524 1.620680 0.597011 14.866279
1628061403.423836 1.882407 1.448525 9.908855 2.156550 0.669954 16.066291
1628061403.524040 1.646829 1.426615 9.473505 1.858754 0.608852 15.014555
1628061403.624217 1.846383 1.483454 8.682391 1.494450 0.645093 14.151771
1628061403.724418 0.725747 0.617996 6.929093 2.697476 0.287166 11.257478
1628061403.826456 1.690307 1.316673 6.521708 1.544305 0.575413 11.648406
1628061403.924776 1.576831 1.314639 6.334633 1.742425 0.589519 11.558047
1628061404.024988 1.864911 1.522045 9.642930 1.314322 0.633428 14.977636
1628061404.125153 1.949379 1.532489 6.989122 1.824258 0.639665 12.934913
1628061404.226587 1.764041 1.460474 9.844547 2.008180 0.615863 15.693105
1628061404.325536 1.782402 1.459685 9.086630 1.768146 0.622542 14.719405
1628061404.426043 1.967170 1.489230 9.550354 1.931908 0.631233 15.569895
1628061404.525922 1.241371 0.799360 9.525295 2.932280 0.477442 14.975748
1628061404.630166 1.798535 1.449624 11.790425 1.696846 0.618569 17.353999
1628061404.726279 1.983123 1.288790 5.908963 1.401475 0.571699 11.154050
1628061404.826555 2.134304 1.073009 8.396435 2.063925 0.467365 14.135038
1628061404.926663 1.860757 1.432050 9.421815 1.615788 0.622053 14.952463
1628061405.027187 1.944431 1.469617 5.145725 2.475036 0.643946 11.678755
1628061405.127052 1.745748 1.399988 9.071720 1.327984 0.601622 14.147062
1628061405.227241 1.808569 1.389190 9.432475 1.628065 0.596630 14.854929
1628061405.327422 1.567815 1.264734 10.167448 2.580272 0.570420 16.150689
1628061405.427668 1.875551 1.457056 8.833731 1.396113 0.626047 14.188498
1628061405.527801 1.791911 1.440315 9.253956 2.129157 0.617618 15.232957
1628061405.628009 1.828344 1.464984 9.033656 2.067079 0.605591 14.999654
1628061405.728177 1.721357 1.381945 9.500809 1.217765 0.603548 14.425424
1628061405.829277 1.857118 1.369200 8.971438 1.523754 0.585516 14.307026
1628061405.928571 1.984822 1.608461 4.774796 1.384738 0.498734 10.251551
1628061406.028757 1.780870 1.479811 9.890416 2.745762 0.612482 16.509341
1628061406.128935 1.714014 1.378639 9.068127 1.348838 0.559241 14.068859
1628061406.229256 2.010115 1.514831 9.537933 1.914431 0.624052 15.601362
1628061406.329348 1.670348 1.343898 9.497355 1.644736 0.570146 14.726483
1628061406.432058 1.996484 1.477277 9.429585 1.851548 0.612740 15.367634
1628061406.529947 1.904737 1.456348 9.516556 1.848413 0.598794 15.324848
1628061406.629879 2.138528 1.351147 6.627167 2.716586 0.689818 13.523246
1628061406.730049 1.463308 1.239016 8.543517 1.284996 0.568401 13.099238
1628061406.830427 1.797102 1.409250 9.008572 1.372141 0.636631 14.223696
1628061406.930472 1.887793 1.637902 8.916800 1.759233 0.660782 14.862510
1628061407.030643 1.775131 1.404021 9.432857 2.634310 0.618849 15.865168
1628061407.130831 1.813918 1.374580 9.127737 1.547223 0.615706 14.479164
1628061407.231058 1.829188 1.453176 9.019179 2.502685 0.618968 15.423196
1628061407.331191 1.569405 1.307532 9.784826 1.694238 0.810689 15.166690
1628061407.431385 1.893233 1.396347 8.518491 1.965544 0.581321 14.354936
1628061407.531573 1.978261 1.406134 8.907905 2.211876 0.612412 15.116588
1628061407.631753 1.841622 1.374257 8.878187 1.844713 0.599630 14.538409
1628061407.731960 2.072762 1.594189 5.880241 1.803483 0.685031 12.035706
1628061407.834764 1.788698 1.373606 9.216455 2.777810 0.606659 15.763228
1628061407.932322 1.829900 1.331667 9.951618 1.615688 0.584497 15.313370
1628061408.032622 2.063402 1.501354 9.421726 1.822156 0.667014 15.475652
1628061408.132692 1.728492 1.443599 9.011794 1.587656 0.614930 14.386471
1628061408.232902 1.884029 1.499262 5.468173 1.422708 0.678022 10.952194
1628061408.333094 1.621321 1.387863 6.021623 1.674276 0.618342 11.323425
1628061408.433530 1.828028 1.403933 6.332379 2.706801 0.659304 12.930445
1628061408.533447 2.012619 1.577371 10.142973 1.960491 0.719666 16.413120
1628061408.633908 2.147333 1.482585 10.296801 2.278014 0.699672 16.904405
1628061408.733837 1.904867 1.444277 5.704295 1.650778 0.643527 11.347744
1628061408.834017 2.075679 1.570131 10.682438 3.797252 0.670503 18.796003
1628061408.934206 1.696764 1.313761 10.179610 2.071125 0.631127 15.892387
1628061409.034788 2.079232 1.605016 6.517731 1.981310 0.779915 12.963204
1628061409.134586 1.824857 1.450543 9.638946 1.973821 0.677980 15.566147
1628061409.234783 1.809711 1.405449 8.655921 2.171994 0.658530 14.701605
1628061409.335021 1.975623 1.540020 10.151417 2.005336 0.680312 16.352708
1628061409.435193 1.887381 1.422107 5.913857 1.741411 0.669321 11.634077
1628061409.535413 1.909294 1.521840 5.481306 1.780667 0.694860 11.387967
1628061409.635519 1.812160 1.455435 9.584036 2.128691 0.684593 15.664915
1628061409.735771 1.812481 1.540034 9.885821 2.475784 0.718539 16.432659
1628061409.835900 1.794997 1.269387 9.104187 2.022509 0.341005 14.532085
1628061409.936072 1.779982 1.449601 9.377900 1.981094 0.690165 15.278742
1628061410.036613 1.748799 1.609994 10.174675 1.699535 0.860480 16.093483
1628061410.136450 1.895088 1.460085 6.756439 1.944429 0.693712 12.749753
1628061410.237468 1.591288 1.302519 10.030486 2.367186 0.622188 15.913667
1628061410.336947 1.505285 1.246503 6.853008 1.682014 0.610415 11.897225
1628061410.437082 2.045034 1.542031 11.195635 1.981293 0.733194 17.497187
1628061410.537206 1.661619 1.353896 9.795630 1.546621 0.612033 14.969799
1628061410.637414 1.898599 1.497652 6.650142 1.351640 0.691632 12.089665
1628061410.737582 1.811155 1.234436 7.786845 1.790111 0.735704 13.358251
1628061410.840245 2.092675 1.383722 9.783767 2.571059 0.511818 16.343041
1628061410.938120 1.872360 1.428866 9.958996 2.150263 0.640079 16.050564
1628061411.038228 1.751422 1.504997 9.677947 1.814152 0.660641 15.409159
1628061411.138415 1.808832 1.494870 9.835432 1.823569 0.687935 15.650638
1628061411.238743 1.629028 1.400663 9.705770 1.747819 0.639262 15.122542
1628061411.340739 1.624665 1.320755 9.240832 1.859602 0.597889 14.643743
1628061411.438901 2.120318 1.726760 9.712946 2.215183 0.747803 16.523010
1628061411.539100 1.768964 1.407954 6.324996 1.364700 0.649647 11.516261
1628061411.639274 1.704298 1.350031 5.753212 1.541218 0.486361 10.835120
1628061411.740206 1.839286 1.345661 5.471807 1.576961 0.327193 10.560908
1628061411.840212 1.493067 1.265810 6.855897 1.559082 0.619507 11.793363
1628061411.940325 1.968348 1.533252 5.725726 1.924544 0.367668 11.519538
1628061412.040039 1.953085 1.489030 9.497611 1.297524 0.649750 14.887000
1628061412.140372 1.723422 1.367275 9.574236 1.538112 0.648624 14.851669
1628061412.240437 1.860986 1.666136 9.978331 1.618746 0.722843 15.847042
1628061412.340594 2.019950 1.654883 10.864689 2.511597 0.715401 17.766520
1628061412.440782 1.983314 1.592023 10.340158 1.804189 0.677824 16.397508
1628061412.540978 1.784662 1.510130 9.567101 1.874581 0.687687 15.424161
1628061412.641174 2.326034 1.472013 9.185994 2.199040 0.490003 15.673084
1628061412.741870 1.822465 1.553839 6.616397 1.778007 0.651235 12.421943
1628061412.841533 1.963806 1.594845 9.817049 1.737952 0.727152 15.840804
1628061412.942728 2.172926 1.694702 9.742128 2.116498 0.716024 16.442278
1628061413.042542 1.939289 1.574921 10.174524 1.947526 0.684701 16.320961
1628061413.144188 1.851823 1.475550 6.562282 1.867666 0.653372 12.410693
1628061413.242294 1.913803 1.555030 10.283305 1.980626 0.722039 16.454803
1628061413.342486 1.780337 1.480549 6.819974 1.861021 0.682993 12.624874
1628061413.442663 1.787209 1.401742 8.461398 1.720497 0.656359 14.027205
1628061413.542901 1.656587 1.426280 9.433620 2.657751 0.661703 15.835941
1628061413.643046 2.040370 1.513705 9.930035 2.121597 0.669839 16.275546
1628061413.743227 1.864419 1.596788 5.761069 1.561972 0.781177 11.565425
1628061413.843444 1.883577 1.410163 9.692282 2.048409 0.643079 15.677510
1628061413.944831 2.108000 1.930776 9.389843 1.810868 0.947839 16.187326
1628061414.043828 2.004401 1.617625 9.799075 1.950208 0.726358 16.097667
1628061414.144134 1.983339 1.662803 10.436398 1.912953 0.755332 16.750825
1628061414.244167 2.021410 1.547926 10.721603 1.922939 0.722046 16.935924
1628061414.344355 1.798103 1.469275 7.797433 1.549479 0.674917 13.289207
1628061414.444582 2.095410 1.630322 10.671314 2.830564 0.747341 17.974951
1628061414.545836 1.735856 1.403879 7.832161 1.818443 0.707437 13.497776
1628061414.644960 1.636742 1.366736 11.530960 2.177127 0.665356 17.376921
1628061414.745867 1.916889 1.303519 9.188786 2.374382 0.789603 15.573179
1628061414.845461 1.913019 1.606697 6.983607 2.182105 0.722072 13.407500
1628061414.947248 2.029779 1.571108 10.322472 1.618782 0.729703 16.271844
1628061415.045687 1.954957 1.508263 9.882910 1.804489 0.681464 15.832083
1628061415.146154 2.094431 1.644744 9.624085 1.995928 0.719054 16.078242
1628061415.246063 2.080967 1.906304 10.709647 1.655878 0.816078 17.168874
1628061415.346322 1.766219 1.431530 5.895908 1.450757 0.640428 11.184842
1628061415.446685 1.858529 1.497557 9.623766 1.908524 0.700964 15.589340
1628061415.547649 1.630742 1.369842 7.351745 1.379546 0.625893 12.357768
1628061415.646829 2.024031 1.546857 9.492992 1.344789 0.697158 15.105827
1628061415.747026 2.083942 1.357719 8.940554 1.937024 0.831444 15.150683
1628061415.847181 2.060867 1.346472 7.833843 1.543637 0.610955 13.395774
1628061415.949949 1.825156 1.491410 5.795187 1.537064 0.671155 11.319972
1628061416.047591 1.758009 1.393491 9.708034 1.141327 0.654610 14.655471
1628061416.147950 1.745171 1.429302 9.595496 2.011071 0.635579 15.416619
1628061416.247951 2.108363 1.228343 7.884036 1.577407 0.526348 13.324497
1628061416.349487 1.918072 1.576769 11.134602 1.648718 0.720243 16.998404
1628061416.448320 1.820946 1.513925 9.619239 1.499676 0.680654 15.134440
1628061416.549924 1.581888 1.348488 10.161885 1.062852 0.629893 14.785006
1628061416.648760 1.708543 0.671359 11.316934 2.416184 0.360748 16.473768
1628061416.749204 1.697170 1.458949 10.582897 1.840477 0.712386 16.291879
1628061416.849080 1.953435 1.694855 9.547796 1.496659 0.771097 15.463842
1628061416.949704 1.993574 1.344899 9.700295 1.514083 0.817387 15.370238
1628061417.049468 1.821033 1.462492 10.859689 2.059503 0.665275 16.867992
1628061417.151561 1.884064 1.478577 10.474439 2.440017 0.649220 16.926317
1628061417.249834 1.849528 1.528038 9.911266 1.670561 0.688048 15.647441
1628061417.350006 1.806272 1.513508 10.537042 1.861184 0.688421 16.406427
1628061417.450190 1.967507 1.578821 7.552356 1.563017 0.719654 13.381355
1628061417.550391 1.955869 1.648671 10.610677 1.627132 0.778699 16.621048
1628061417.650583 1.873527 1.539796 6.399493 1.462560 0.686455 11.961831
1628061417.750805 1.668364 1.514858 10.505853 2.044319 0.710816 16.444210
1628061417.850971 1.991312 1.661468 10.817491 1.632758 0.742164 16.845193
1628061417.951230 1.997737 1.588342 11.029218 2.633110 0.715901 17.964308
1628061418.051328 1.747169 1.469013 10.103857 1.756605 0.680236 15.756880
1628061418.151513 1.908109 1.590573 10.228867 1.803378 0.737326 16.268253
1628061418.251745 1.778552 1.521412 5.771467 1.538506 0.537613 11.147550
1628061418.353857 1.697075 1.392734 10.254263 1.482011 0.634567 15.460650
1628061418.452075 1.873091 1.558310 6.704369 1.535066 0.705839 12.376675
1628061418.552333 1.841474 1.656881 9.631843 1.871013 0.767668 15.768879
1628061418.652577 1.819343 1.537501 10.261752 1.459798 0.733902 15.812296
1628061418.753045 1.994828 1.422030 11.748692 2.198106 0.688795 18.052451
1628061418.852850 1.928927 1.573516 9.291179 1.216814 0.874706 14.885142
1628061418.953102 1.051011 1.053560 8.217504 0.974803 0.550015 11.846893
1628061419.053212 1.842855 1.523996 6.885130 1.574228 0.702455 12.528664
1628061419.153393 1.798348 1.448439 10.170280 1.066784 0.677030 15.160881
1628061419.253584 1.764964 1.522363 6.339966 1.703511 0.673901 12.004705
1628061419.353773 1.741065 1.516299 10.257775 1.228197 0.686766 15.430102
1628061419.453959 1.691366 1.500935 10.008170 1.813406 0.712385 15.726262
1628061419.554322 1.706971 1.468486 10.348431 1.829670 0.677023 16.030581
1628061419.654334 1.802408 1.584062 10.060228 1.398748 0.714122 15.559568
1628061419.754534 1.997900 1.617344 11.433078 1.441019 0.750569 17.239910
1628061419.854709 1.705241 1.420382 9.745071 1.942273 0.677508 15.490475
1628061419.954959 1.780670 1.555387 11.164482 1.308548 0.706497 16.515584
1628061420.055116 1.820232 1.460351 10.322736 1.335789 0.664846 15.603954
1628061420.155288 1.972895 1.514320 11.080546 2.307110 0.703639 17.578510
1628061420.255477 1.828598 1.468631 9.937956 1.280273 0.680389 15.195847
1628061420.355708 2.158474 1.485404 8.189133 2.503678 0.536336 14.873025
1628061420.455869 1.527756 1.333556 7.721066 1.245248 0.643915 12.471541
1628061420.556037 1.722622 1.535572 10.590815 1.721929 0.712790 16.283728
1628061420.656230 1.718506 1.458714 11.606177 1.790989 0.689743 17.264129
1628061420.756426 2.137207 1.627606 11.094544 1.299728 0.717321 16.876406
1628061420.856614 1.673616 1.397096 8.861619 1.759653 0.442701 14.134685
1628061420.956806 1.883794 1.566659 10.111142 1.339757 0.699013 15.600365
1628061421.057001 1.914223 1.618160 9.989961 1.654848 0.715651 15.892843
1628061421.157174 1.864092 1.595836 10.450518 1.770974 0.737336 16.418756
1628061421.257363 1.835106 1.546381 7.496425 1.286244 0.696164 12.860320
1628061421.357587 1.708514 1.307208 10.522962 1.426643 0.642876 15.608203
1628061421.457814 1.767619 1.450522 6.690295 1.342745 0.670697 11.921878
1628061421.557922 2.193532 1.663229 11.156609 1.604978 0.746307 17.364655
1628061421.658124 1.699674 1.523661 7.732135 1.336290 0.706009 12.997769
1628061421.758339 1.966752 1.579384 10.939320 1.364400 0.720185 16.570041
1628061421.858512 1.823518 1.415451 7.034067 1.105314 0.623293 12.001643
1628061421.958685 1.966485 1.702104 10.740345 1.451454 0.735422 16.595810
1628061422.058857 1.737714 1.465217 9.515195 1.302913 0.675222 14.696261
1628061422.159072 1.835269 1.581855 9.974265 1.358099 0.689519 15.439007
1628061422.259236 1.830982 1.561158 9.883344 1.230756 0.719963 15.226203
1628061422.359422 1.923655 1.608113 11.034157 1.459189 0.724890 16.750004
1628061422.459662 1.752603 1.584120 9.599071 1.777316 0.712264 15.425374
1628061422.559800 1.797905 1.592122 12.339819 1.744259 0.726425 18.200530
1628061422.660018 1.672241 1.395343 10.189270 2.307143 0.633759 16.197756
1628061422.764475 1.869004 1.554570 10.240582 1.369749 0.747283 15.781188
1628061422.860372 1.902567 1.524528 6.713402 1.197302 0.647732 11.985531
1628061422.960559 2.251951 1.580743 8.921327 1.304549 0.676982 14.735552
1628061423.060768 1.667694 1.394442 10.220198 1.569051 0.635978 15.487363
1628061423.160955 1.864828 1.567357 10.613820 1.510774 0.710119 16.266898
1628061423.261140 1.919848 1.583363 6.151825 0.995137 0.690443 11.340616
1628061423.361311 2.053902 1.668893 10.820913 1.364854 0.728151 16.636713
1628061423.461530 1.789172 1.508284 9.545262 1.052392 0.639519 14.534629
1628061423.561682 2.094890 1.730908 9.649069 1.476208 0.747810 15.698885
1628061423.661933 1.901132 1.625836 6.069841 1.352970 0.702001 11.651780
1628061423.762057 1.800873 1.433427 9.963449 1.892409 0.644038 15.734196
1628061423.862277 1.979931 1.581843 10.307775 1.354510 0.689438 15.913497
1628061423.968718 1.771163 1.466566 6.260545 1.564337 0.648936 11.711547
1628061424.062666 1.837217 1.605892 5.964699 1.620546 0.690561 11.718915
1628061424.162817 1.979807 1.723991 10.725551 1.351813 0.719341 16.500503
1628061424.263017 1.159902 0.700623 6.467424 1.599411 0.349147 10.276507
1628061424.363202 1.898223 1.650541 9.885849 1.294087 0.704270 15.432970
1628061424.463392 1.752429 1.551812 10.660530 1.244558 0.696216 15.905545
1628061424.563565 1.824345 1.541594 11.797230 1.936693 0.703892 17.803754
1628061424.664660 1.742122 1.471055 10.249262 1.141309 0.686951 15.290699
1628061424.763944 2.210338 1.445562 11.203611 1.639759 0.850937 17.350207
1628061424.864712 1.695713 1.364233 5.877761 1.412046 0.316453 10.666206
1628061424.964329 1.787954 1.423186 10.501721 1.648090 0.649127 16.010078
1628061425.064519 2.167532 1.441244 8.034195 2.435632 0.690352 14.768955
1628061425.164730 1.862535 1.526728 6.298169 0.998143 0.662681 11.348256
1628061425.265039 2.279438 1.444922 10.643308 1.376887 0.827673 16.572228
1628061425.365084 1.974513 1.548985 10.773423 1.409196 0.664363 16.370480
1628061425.465296 1.960154 1.628839 9.764854 1.490447 0.687666 15.531960
1628061425.565455 1.551724 1.306831 9.889548 1.402219 0.589102 14.739424
1628061425.666126 1.814595 1.078602 5.319770 1.619323 0.296730 10.129020
1628061425.765921 1.696000 1.504964 9.373184 1.037961 0.649249 14.261358
1628061425.866195 1.960152 1.665054 9.689702 1.104045 0.703330 15.122283
1628061425.966206 1.989271 1.539015 6.142107 1.587190 0.660514 11.918097
1628061426.066407 1.702680 1.517637 8.158376 1.043427 0.637028 13.059148
1628061426.166602 1.830847 1.580447 10.149296 1.829350 0.687043 16.076983
1628061426.267358 2.067894 1.663927 6.228306 1.080786 0.720411 11.761324
1628061426.366969 1.836267 1.513934 9.953853 1.510836 0.671581 15.486471
1628061426.467194 1.798872 1.484439 9.963747 1.266833 0.652896 15.166787
1628061426.567336 2.040921 1.703165 11.657310 1.668218 0.757051 17.826665
1628061426.667535 1.900535 1.562656 10.025639 1.366356 0.685790 15.540976
1628061426.767708 1.920549 1.743308 10.734083 1.415930 0.725491 16.539361
1628061426.869288 2.137430 1.729733 10.006467 1.125027 0.742393 15.741050
1628061426.968101 1.927376 1.597226 11.709763 1.426778 0.698052 17.359195
1628061427.069035 1.593319 1.359106 10.202776 1.288541 0.613838 15.057580
1628061427.168468 1.517147 1.312310 10.743658 1.396591 0.609308 15.579014
1628061427.271271 2.014258 1.602378 6.939332 1.226929 0.704395 12.487292
1628061427.368865 1.883670 1.326408 9.531752 1.366644 0.587277 14.695751
1628061427.469027 1.836657 1.510488 9.563591 1.053484 0.659732 14.623952
1628061427.569230 1.125414 0.836865 6.509112 1.367966 0.486467 10.325824
1628061427.669611 1.482111 1.068038 6.367810 1.449422 0.326503 10.693884
1628061427.769650 1.821283 1.518676 10.061392 1.088450 0.652219 15.142020
1628061427.869785 1.756633 1.442052 6.459454 1.225854 0.636946 11.520939
1628061427.970007 2.011119 1.630116 10.656414 1.230649 0.704627 16.232925
1628061428.073999 1.840135 1.512117 8.829609 0.972920 0.644553 13.799334
1628061428.170367 1.996633 1.731536 10.754965 1.482585 0.747910 16.713629
1628061428.272400 1.638911 1.342025 9.365097 0.908695 0.597062 13.851790
1628061428.370732 1.932808 1.608978 10.931730 1.285992 0.669884 16.429392
1628061428.470924 1.941560 1.673445 6.266129 1.052582 0.708573 11.642289
1628061428.571104 1.813068 1.538191 9.989176 1.413840 0.685852 15.440127
1628061428.672172 1.781718 1.452183 9.564624 0.923993 0.605670 14.328188
1628061428.771489 1.683365 1.527229 11.044965 1.439541 0.674304 16.369404
1628061428.871771 1.920170 1.574993 10.116326 1.235962 0.662331 15.509782
1628061428.971871 1.816947 1.489620 10.319440 1.186330 0.643342 15.455679
1628061429.072116 1.846905 1.632478 9.524396 1.103886 0.645962 14.753627
1628061429.172251 1.621092 1.367801 5.890821 1.194435 0.595222 10.669371
1628061429.274339 1.847789 1.463233 9.225915 1.029144 0.605569 14.171650
1628061429.372626 1.900119 1.568809 10.632884 1.373951 0.663053 16.138816
1628061429.472852 1.910118 1.562209 10.243127 1.161652 0.646368 15.523474
1628061429.572984 0.712380 1.204890 7.346649 1.253935 0.560970 11.078824
1628061429.673305 1.887028 1.549876 9.867823 1.164488 0.656627 15.125842
1628061429.773842 1.441160 1.329496 9.897981 1.279166 0.546279 14.494082
1628061429.874205 1.963553 1.597191 10.151605 1.148234 0.657741 15.518324
1628061429.973779 1.798268 1.264541 9.934545 2.287110 0.534003 15.818467
1628061430.073946 1.827081 1.426222 9.304516 1.487329 0.589827 14.634975
1628061430.174143 2.272196 1.736822 10.246503 1.325409 0.685196 16.266126
1628061430.274335 2.038819 1.582365 9.093802 1.209173 0.612941 14.537100
1628061430.374511 1.855174 1.539820 9.675415 1.500124 0.585638 15.156171
1628061430.475440 1.728370 1.407548 8.771395 0.979257 0.577020 13.463590
1628061430.574894 1.687537 1.350111 9.415234 1.286208 0.558676 14.297766
1628061430.675081 1.914301 1.503041 5.057637 1.021269 0.550404 10.046652
1628061430.775259 0.762206 0.645244 7.703748 1.599916 0.273174 10.984288
1628061430.875437 1.803941 1.426280 6.063078 0.911005 0.557317 10.761621
1628061430.975627 1.463308 1.235299 9.137921 1.317917 0.521583 13.676028
1628061431.075847 1.839644 1.492072 5.689216 1.096112 0.583938 10.700982
1628061431.176071 1.864540 1.489123 6.384759 0.754965 0.548057 11.041444
1628061431.276186 1.977553 1.547446 5.748861 1.086962 0.606146 10.966968
1628061431.376500 1.922991 1.471577 9.068535 1.021389 0.562244 14.046736
1628061431.476893 2.001868 1.567774 7.063734 1.066841 0.586858 12.287075
1628061431.576796 1.855009 1.499762 8.732605 0.960745 0.574295 13.622416
1628061431.676948 1.702576 1.352104 9.269499 0.989442 0.539013 13.852634
1628061431.777124 2.265139 1.566206 5.115115 1.282081 0.350932 10.579473
1628061431.877320 1.981377 1.496143 9.270267 1.235964 0.583376 14.567127
1628061431.977550 1.615863 1.284978 9.750802 1.545322 0.597671 14.794636
1628061432.077695 1.998329 1.507833 9.223017 1.815433 0.590789 15.135401
1628061432.177895 1.768039 1.362118 5.789492 0.958323 0.556907 10.434879
1628061432.279091 1.810719 1.431459 7.141896 1.192575 0.557900 12.134549
1628061432.378288 1.689892 1.342943 9.360874 2.128465 0.604870 15.127044
1628061432.478461 1.721840 1.437788 9.309433 1.322222 0.585300 14.376583
1628061432.578666 1.540718 1.270206 9.322986 1.828088 0.532472 14.494470
1628061432.678833 1.753917 1.200517 5.172308 1.198324 0.283917 9.608983
1628061432.779013 1.538815 1.380258 7.928079 1.669830 0.607129 13.124111
1628061432.879210 1.718964 1.412643 5.692392 1.725520 0.569526 11.119045
1628061432.979435 1.452538 1.207678 9.444404 1.163592 0.553743 13.821955
1628061433.079700 1.864845 1.494888 5.572503 0.912380 0.563688 10.408304
1628061433.179773 2.260046 0.932278 8.767274 0.968332 0.305647 13.233577
1628061433.279956 1.804179 1.381712 8.643033 1.442449 0.541397 13.812770
1628061433.380158 1.749886 1.415634 5.024496 0.994943 0.288306 9.473265
1628061433.481952 1.936186 1.428858 8.767283 1.901888 0.571710 14.605925
1628061433.580530 1.979276 1.264724 6.826317 2.053312 0.572156 12.695785
1628061433.681846 1.776900 1.403257 6.101692 1.097626 0.557431 10.936906
1628061433.780906 1.902681 1.506083 6.014395 1.380661 0.593932 11.397752
1628061433.881089 1.879906 1.522130 8.723581 1.479434 0.595059 14.200110
1628061433.981359 1.575221 1.320077 9.284048 1.424982 0.560634 14.164962
1628061434.081487 1.724838 1.391077 8.802197 1.442754 0.554834 13.915700
1628061434.181665 1.022895 0.962853 6.632700 1.994861 0.422034 11.035343
1628061434.281842 1.668258 1.394139 8.950310 1.194354 0.536672 13.743733
1628061434.382037 1.736695 1.472648 9.427398 1.297033 0.595565 14.529339
1628061434.482588 1.786861 1.406447 5.057332 1.298461 0.336577 9.885678
1628061434.582413 1.642925 1.297826 9.141522 1.454574 0.522152 14.058999
1628061434.682599 1.755299 1.402165 8.715380 1.533821 0.540341 13.947006
1628061434.782830 1.828261 1.425932 5.150843 1.014088 0.553968 9.973092
1628061434.883041 1.699496 1.357282 8.992653 1.257243 0.520218 13.826892
1628061434.983205 1.565838 1.309515 8.714821 1.612726 0.482678 13.685578
1628061435.083375 1.748017 1.343359 8.499095 1.542725 0.527650 13.660846
1628061435.183561 1.303237 1.135699 7.634571 1.018600 0.477094 11.569201
1628061435.283739 1.977682 1.426889 9.222683 1.124018 0.515916 14.267188
1628061435.383923 1.738029 1.464634 4.843518 0.924825 0.419462 9.390468
1628061435.484110 2.001216 1.408910 8.889455 0.996170 0.534046 13.829797
1628061435.584335 1.937687 1.512730 9.082753 1.450693 0.556729 14.540592
1628061435.684480 1.760405 1.396801 8.744317 1.331271 0.509179 13.741973
1628061435.784759 1.752092 1.401546 8.394844 0.829491 0.497545 12.875518
1628061435.884870 1.994990 1.503902 8.871651 0.874036 0.523005 13.767584
1628061435.985247 1.760738 1.476656 5.049459 1.122742 0.544266 9.953861
1628061436.085259 1.903395 1.434651 8.982196 1.006293 0.549965 13.876500
1628061436.185492 1.444420 1.231612 8.150355 0.857029 0.491553 12.174969
1628061436.285605 1.533555 1.265214 5.303155 1.096055 0.476581 9.674560
1628061436.386130 1.968192 1.421762 8.820851 1.459664 0.513754 14.184223
1628061436.486003 1.747346 1.353797 8.808439 1.291594 0.493456 13.694632
1628061436.586604 1.685806 1.278502 8.459612 1.080482 0.468421 12.972823
1628061436.686424 1.584245 1.207852 7.691066 1.097949 0.482870 12.063982
1628061436.786592 1.671685 1.350166 8.945884 1.338729 0.550269 13.856733
1628061436.886770 2.035976 1.537336 9.078093 1.299423 0.570827 14.521655
1628061436.986940 1.899138 1.389118 9.425241 2.075582 0.544671 15.333750
1628061437.087117 1.777357 1.304087 4.865627 0.973034 0.542673 9.462778
1628061437.187333 1.819241 1.184078 6.658871 1.102575 0.608989 11.373754
1628061437.287500 1.835290 1.503219 6.109142 1.223052 0.580980 11.251683
1628061437.387698 1.674110 1.371093 8.776811 1.062859 0.549554 13.434427
1628061437.488389 1.863464 1.458259 9.190295 1.551837 0.554365 14.618220
1628061437.588085 1.810266 1.500306 5.937192 0.981693 0.598034 10.827491
1628061437.688282 1.389000 1.128044 8.944462 1.276271 0.455026 13.192803
1628061437.790092 1.865005 1.334815 5.538035 1.280572 0.532615 10.551042
1628061437.889832 1.862637 1.461705 9.356495 1.964762 0.587375 15.232974
1628061437.988814 1.975706 1.563524 9.389850 1.013626 0.611412 14.554118
1628061438.089008 2.027423 1.514470 9.959548 1.661711 0.592416 15.755568
1628061438.189216 1.969898 1.475380 5.456564 0.834016 0.548451 10.284309
1628061438.289377 1.875870 1.460826 9.544127 1.525612 0.600179 15.006614
1628061438.389724 1.578260 1.247543 5.250747 0.979219 0.496036 9.551805
1628061438.489793 1.878276 1.487976 9.809107 1.330549 0.577377 15.083285
1628061438.589954 1.569870 1.364096 9.388663 1.021194 0.556140 13.899963
1628061438.690166 1.782160 1.457976 9.760282 1.342163 0.615952 14.958533
1628061438.790333 1.748549 1.373118 9.941668 2.050895 0.577298 15.691528
1628061438.890555 1.740112 1.444960 9.438076 1.078436 0.628125 14.329709
1628061438.991493 1.740992 1.428050 9.873344 1.387067 0.596340 15.025793
1628061439.090974 1.839838 1.419655 8.958253 1.160620 0.577467 13.955833
1628061439.191093 1.929476 1.467951 9.122230 0.808705 0.591462 13.919824
1628061439.291285 1.756341 1.412550 9.225707 1.982517 0.595734 14.972849
1628061439.392480 1.541114 1.285400 9.203669 0.875126 0.544842 13.450151
1628061439.494210 1.693360 1.388650 8.945642 1.135343 0.580373 13.743368
1628061439.596092 2.119235 1.549710 9.536482 1.451441 0.521666 15.178534
1628061439.692027 1.863174 1.461468 5.974979 1.070888 0.574368 10.944877
1628061439.792214 1.892429 1.454212 9.278567 1.484120 0.582076 14.691404
1628061439.892401 1.796623 1.428052 8.849502 1.079833 0.597750 13.751760
1628061439.992601 1.953174 1.519467 5.384573 0.828306 0.504852 10.190372
1628061440.092770 1.932979 1.533243 9.507902 0.996532 0.619163 14.589819
1628061440.192969 1.938884 1.538607 6.004081 1.343021 0.637749 11.462342
1628061440.293164 2.043173 1.586686 10.174461 1.205489 0.640902 15.650711
1628061440.393475 2.083076 1.522530 6.737233 1.278887 0.668807 12.290533
1628061440.493891 1.910044 1.441060 9.933469 0.949506 0.598178 14.832257
1628061440.595630 1.754353 1.377964 5.464408 1.182034 0.561173 10.339932
1628061440.693912 2.045300 1.510191 9.832702 0.897211 0.634655 14.920059
1628061440.794202 1.857269 1.438785 9.547888 1.090590 0.587978 14.522510
1628061440.894280 1.720370 1.390008 10.131796 1.357908 0.589806 15.189888
1628061440.996592 1.927940 1.502184 10.416288 1.405708 0.641688 15.893808
1628061441.094660 1.798020 1.385418 9.515023 1.277793 0.583502 14.559756
1628061441.197149 1.277694 1.284811 10.385370 2.254936 0.588641 15.791452
1628061441.295031 0.753498 0.715982 6.292358 1.233113 0.342455 9.337406
1628061441.395242 1.908263 1.456230 6.089989 1.039138 0.571687 11.065307
1628061441.495415 1.725025 1.373106 8.380422 1.294096 0.560875 13.333524
1628061441.597853 1.884960 1.570653 5.177355 1.441107 0.624552 10.698627
1628061441.695825 1.846845 1.452574 9.762289 1.144114 0.592245 14.798067
1628061441.795973 1.529601 1.266231 6.196074 0.944943 0.538671 10.475520
1628061441.896197 1.841226 1.425307 9.685646 1.127486 0.568211 14.647876
1628061441.996370 1.545880 1.276074 5.364011 0.798688 0.550924 9.535577
1628061442.096548 1.526757 1.331273 5.058429 1.267883 0.544129 9.728471
1628061442.196847 1.643156 1.359041 9.084852 1.454977 0.542035 14.084061
1628061442.296961 1.684640 1.348385 6.761280 0.830451 0.549632 11.174388
1628061442.397136 1.805430 1.421470 5.397579 1.392400 0.564137 10.581016
1628061442.497307 1.693187 1.331133 9.309269 1.821199 0.558066 14.712854
1628061442.597563 1.555210 1.269574 9.135634 1.281052 0.520941 13.762411
1628061442.697675 1.773344 1.397939 8.837190 1.317938 0.560800 13.887211
1628061442.797869 1.691002 1.319681 5.505303 1.692861 0.550378 10.759225
1628061442.898070 1.747254 1.403323 11.299393 2.223846 0.594158 17.267974
1628061442.998331 1.835975 1.453967 9.599519 1.513664 0.605957 15.009082
1628061443.099277 1.746749 1.335413 9.279459 1.796744 0.554911 14.713276
1628061443.201231 1.571417 1.284613 8.338834 0.879746 0.513204 12.587814
1628061443.298815 1.832607 1.474221 9.056243 2.426755 0.593698 15.383524
1628061443.399008 2.022660 1.409984 7.778075 0.932812 0.285575 12.429106
1628061443.499190 1.722085 1.393282 8.749829 1.684956 0.581865 14.132017
1628061443.599385 1.948532 1.323622 7.501891 0.806702 0.525706 12.106453
1628061443.699594 2.126644 1.404364 8.489920 1.124816 0.568295 13.714039
1628061443.799771 1.848232 1.432319 8.899436 1.075251 0.696871 13.952109
1628061443.900266 1.775450 1.427619 8.583490 1.430917 0.567377 13.784853
1628061444.000128 1.511162 1.261480 9.091065 1.400905 0.571250 13.835862
1628061444.100400 1.776671 1.299031 4.918676 0.910120 0.517758 9.422256
1628061444.200540 1.605764 1.196581 8.542541 1.632746 0.510080 13.487712
1628061444.300715 1.745126 1.334642 8.355665 0.929459 0.560950 12.925842
1628061444.400881 1.590267 1.195776 6.121732 1.327536 0.478929 10.714240
1628061444.501090 1.757723 1.413660 7.880626 1.244020 0.529295 12.825324
1628061444.601276 1.741609 1.327628 5.543469 0.836927 0.516200 9.965833
1628061444.701444 1.607144 1.364139 7.994437 1.519202 0.539047 13.023969
1628061444.801635 1.497768 1.228429 7.672498 1.366758 0.500948 12.266401
1628061444.901837 1.987316 1.213059 8.480300 1.080563 0.506477 13.267715
1628061445.002016 1.921143 1.371295 7.696718 1.736169 0.412845 13.138170
1628061445.102355 1.609750 1.274358 5.163677 0.969899 0.513529 9.531213
1628061445.202397 1.688474 1.325570 8.409068 1.464925 0.609486 13.497523
1628061445.302905 1.760211 1.375821 8.138429 1.288405 0.538129 13.100995
1628061445.402769 1.685753 1.272412 4.866893 1.307067 0.556973 9.689098
1628061445.503012 1.620626 1.250337 8.651574 2.390935 0.523754 14.437226
1628061445.603146 1.497840 1.207002 4.629360 1.086610 0.569101 8.989913
1628061445.703354 1.690467 1.319114 8.363649 1.029235 0.561443 12.963908
1628061445.803616 1.578999 1.206626 7.992707 1.251085 0.541517 12.570934
1628061445.904367 1.716285 1.424194 8.927103 2.024477 0.613152 14.705211
1628061446.003893 1.637666 1.233203 5.176991 1.489993 0.577590 10.115443
1628061446.104098 1.568679 1.297332 8.114762 1.577575 0.553220 13.111568
1628061446.204284 1.508795 1.218120 8.754613 1.579056 0.537601 13.598185
1628061446.304468 1.658828 1.341703 4.788918 1.036311 0.577875 9.403635
1628061446.404654 1.686938 1.270344 5.573398 1.051168 0.527752 10.109600
1628061446.504848 1.556799 1.205375 8.699256 1.432250 0.532747 13.426427
1628061446.605026 1.372233 1.169430 8.790780 1.784611 0.539343 13.656397
1628061446.705221 1.563464 1.196574 8.297111 1.977632 0.509584 13.544365
1628061446.805402 1.491691 1.144999 7.927551 1.822516 0.462254 12.849011
1628061446.905689 1.725629 1.268994 9.126284 1.412275 0.519157 14.052339
1628061447.010046 1.994248 1.202111 6.808262 2.140255 0.383751 12.528627
1628061447.105980 1.612167 1.263016 8.242944 2.161333 0.505837 13.785297
1628061447.206313 1.567441 1.192468 8.507618 0.981774 0.520576 12.769877
1628061447.306356 1.044682 0.758838 6.792679 2.030017 0.389796 11.016012
1628061447.406548 1.922093 1.101491 8.510569 1.859960 0.477938 13.872051
1628061447.506753 1.511739 1.170398 4.476802 1.031807 0.513060 8.703806
1628061447.606927 1.388466 1.112120 8.003887 1.596483 0.491107 12.592063
1628061447.707115 1.543682 1.226332 8.374257 1.201077 0.514031 12.859379
1628061447.807294 1.589217 1.201876 8.581338 2.318395 0.505812 14.196638
1628061447.907510 1.515707 1.152083 4.901590 1.499027 0.468191 9.536598
1628061448.007664 1.505017 1.246245 8.896303 3.822608 0.538499 16.008672
1628061448.107856 1.180762 1.035038 8.351774 0.964528 0.492434 12.024536
1628061448.208042 1.240186 1.051447 8.458500 1.754049 0.458212 12.962394
1628061448.308246 1.586702 1.399816 8.158084 1.034985 0.580144 12.759731
1628061448.408449 1.449482 1.198155 8.583948 0.836303 0.527362 12.595250
1628061448.508630 1.291130 1.029153 7.915444 2.552136 0.449754 13.237617
1628061448.608808 1.463634 1.141975 8.242366 1.593155 0.481632 12.922762
1628061448.709324 1.850521 1.225856 7.410500 2.100370 0.454043 13.041290
1628061448.809173 1.414915 1.322564 8.215123 1.414860 0.589964 12.957426
1628061448.909361 1.417275 1.165589 8.866469 1.529131 0.567234 13.545698
1628061449.009554 1.619657 1.052764 6.151654 1.194146 0.479957 10.498178
1628061449.109751 1.535956 1.245370 5.462256 1.248178 0.534212 10.025972
1628061449.209927 1.319087 1.052707 8.810372 1.106575 0.500601 12.789342
1628061449.310114 1.475157 1.223102 6.682962 1.178524 0.600169 11.159914
1628061449.410314 1.381126 1.160383 9.942479 1.785768 0.560928 14.830684
1628061449.510493 1.481766 1.191513 10.308775 1.432302 0.574625 14.988981
1628061449.610721 1.509947 1.254932 5.750836 1.259855 0.612196 10.387766
1628061449.710873 1.611220 1.197325 9.443373 1.979842 0.599024 14.830784
1628061449.811056 1.307314 1.095522 9.016472 1.792495 0.550737 13.762540
1628061449.911250 1.399352 1.148095 9.123463 1.288333 0.564969 13.524212
1628061450.011435 1.341910 1.076307 8.788111 1.017506 0.527348 12.751182
1628061450.111654 1.385075 1.157833 5.870767 1.373544 0.606866 10.394085
1628061450.211813 1.285912 1.072083 8.498514 1.550451 0.525525 12.932485
1628061450.312027 1.050056 0.887396 8.008510 1.209230 0.421823 11.577015
1628061450.412201 1.149439 0.949324 7.572615 1.260427 0.462923 11.394728
1628061450.512405 1.419702 1.161774 4.784439 1.146811 0.551960 9.064686
1628061450.612566 1.306064 1.238871 9.220622 1.640233 0.709182 14.114972
1628061450.712777 1.544292 1.131331 9.746783 1.139025 0.564338 14.125769
1628061450.812945 1.278047 1.058223 9.079827 1.545268 0.625844 13.587209
1628061450.913146 1.271320 1.060043 9.859329 1.988677 0.574585 14.753954
1628061451.013377 1.094960 0.930413 9.385273 1.704952 0.553765 13.669363
1628061451.113532 0.946828 0.653869 9.171050 1.945315 0.594187 13.311249
1628061451.213711 1.540396 1.053605 9.929522 2.435943 0.743254 15.702720
1628061451.313887 1.224948 1.074513 9.580893 1.254301 0.597561 13.732216
1628061451.414071 1.332988 1.161978 6.305444 1.371690 0.616500 10.788600
1628061451.514295 1.486517 1.040064 9.893442 1.470400 0.721442 14.611865
1628061451.614472 1.134808 0.989968 7.342664 1.349391 0.549785 11.366616
1628061451.714684 1.266938 1.108923 10.993720 1.058485 0.707124 15.135190
1628061451.814833 1.097954 0.933547 6.518778 1.426799 0.526987 10.504065
1628061451.915076 1.252459 1.087013 9.450763 0.961129 0.760294 13.511658
1628061452.015219 1.204598 1.001467 9.665272 1.272828 0.556291 13.700456
1628061452.115416 1.382443 1.165787 10.221924 1.348287 0.742395 14.860836
1628061452.215631 1.114425 1.038553 8.810728 1.142171 0.573726 12.679603
1628061452.315787 1.236839 1.088551 6.352118 1.045888 0.733958 10.457354
1628061452.415970 1.097488 0.953538 5.866740 0.957560 0.543826 9.419152
1628061452.516184 1.384089 1.149627 9.054313 1.197870 0.623096 13.408995
1628061452.616371 1.135141 0.966655 6.377892 0.900817 0.516453 9.896958
1628061452.716528 1.427988 1.207247 9.971745 2.101360 0.845106 15.553446
1628061452.816728 1.031354 0.878932 8.839593 3.628100 0.485333 14.863312
1628061452.916912 1.242837 1.105172 6.516615 1.322401 0.583482 10.770507
1628061453.017093 1.426784 1.010872 6.556518 1.393180 0.529079 10.916433
1628061453.117431 1.255615 1.047428 6.393223 1.052585 0.592625 10.341476
1628061453.217495 1.408394 1.171905 10.199701 1.602434 0.642519 15.024953
1628061453.318514 1.289000 1.123574 6.374501 0.970006 0.588332 10.345413
1628061453.417882 1.305770 1.040831 8.786649 1.733877 0.559855 13.426982
1628061453.518040 1.145350 1.038899 9.443492 1.157549 0.573921 13.359211
1628061453.618229 1.267206 1.026880 9.827088 1.604425 0.527912 14.253511
1628061453.718446 1.306870 1.132911 5.760759 0.994378 0.614896 9.809814
1628061453.818614 1.293392 1.084463 9.200441 1.235711 0.602469 13.416476
1628061453.919197 1.392113 1.193313 9.427220 1.013849 0.682779 13.709274
1628061454.018985 1.244993 1.039814 9.560295 1.523597 0.566531 13.935230
1628061454.119184 1.336118 1.138430 8.873049 1.345902 0.592410 13.285909
1628061454.219407 0.854576 0.978423 7.014357 0.925742 0.501032 10.274130
1628061454.319544 1.207138 1.047369 7.176061 1.053298 0.602602 11.086468
1628061454.419729 1.206507 1.050876 8.284085 1.089210 0.535460 12.166138
1628061454.519914 1.182341 1.082817 9.581280 1.678378 0.571074 14.095890
1628061454.620808 1.318134 1.091105 9.082956 0.868617 0.552290 12.913102
1628061454.721876 1.277666 1.092075 9.229220 1.337013 0.646495 13.582469
1628061454.820485 1.290731 1.147352 8.889574 0.916357 0.578256 12.822270
1628061454.925127 1.432637 1.205054 9.465080 0.855522 0.620651 13.578944
1628061455.020864 1.377036 1.054073 10.080349 1.700873 0.545013 14.757344
1628061455.121131 1.360849 1.207321 10.313883 0.766027 0.692752 14.340832
1628061455.221252 1.160504 1.002432 6.322500 0.939837 0.514040 9.939313
1628061455.321839 1.566832 1.240943 6.287020 1.687156 0.645452 11.427403
1628061455.421622 1.084886 0.921007 9.140534 1.714629 0.488507 13.349563
1628061455.521807 1.538793 1.279135 6.604612 1.016496 0.645346 11.084382
1628061455.622032 1.200394 1.065632 9.209854 1.683816 0.573409 13.733105
1628061455.724478 1.477661 1.144647 9.015204 0.919869 0.598626 13.156007
1628061455.822419 1.567381 1.039441 10.737494 1.922221 0.545043 15.811580
1628061455.924795 1.418956 1.258396 6.283435 1.065959 0.631252 10.657998
1628061456.022981 1.232737 1.053549 9.231113 1.609322 0.553702 13.680423
1628061456.123158 1.453117 1.217688 9.725502 1.556633 0.630150 14.583090
1628061456.223134 1.193668 1.050521 9.293686 1.513785 0.544351 13.596011
1628061456.323314 1.510243 1.152513 7.934457 1.091633 0.616950 12.305796
1628061456.423520 1.180941 1.082174 9.986865 1.583885 0.553263 14.387128
1628061456.524757 1.308305 1.084627 9.657193 1.314025 0.578172 13.942322
1628061456.623887 1.070834 0.998917 9.208296 1.862836 0.523601 13.664484
1628061456.724224 1.695543 1.245562 7.616318 1.073930 0.652082 12.283435
1628061456.824271 1.158651 1.006087 8.913129 1.191287 0.528350 12.797504
1628061456.924539 1.228832 1.059220 6.983549 1.436219 0.579119 11.286939
1628061457.024657 0.997985 0.915162 11.323548 1.510864 0.514859 15.262418
1628061457.124848 1.396319 1.168976 5.949245 1.026021 0.599732 10.140293
1628061457.225022 1.097568 0.954266 9.302218 1.494111 0.508265 13.356428
1628061457.325203 1.475465 1.215752 9.123404 1.331141 0.630677 13.776439
1628061457.425403 1.290332 1.029534 10.145709 2.326794 0.563639 15.356008
1628061457.525578 0.733512 0.707060 8.406447 1.356488 0.454493 11.658000
1628061457.625784 1.230593 1.057124 5.976701 1.265207 0.587496 10.117121
1628061457.726110 1.416966 1.173834 9.563983 2.170819 0.640478 14.966080
1628061457.826154 1.102292 0.937553 5.927483 1.081935 0.512521 9.561784
1628061457.926754 1.345892 1.193789 9.721952 1.198250 0.646594 14.106477
1628061458.026533 1.328433 1.145420 9.557514 1.387893 0.631788 14.051048
1628061458.126737 1.333518 1.140390 6.163922 1.321523 0.618084 10.577437
1628061458.226918 1.213403 1.127322 9.778508 1.667543 0.612088 14.398864
1628061458.327086 1.429708 1.232359 8.783969 1.016000 0.648536 13.110572
1628061458.427289 1.401611 1.266284 6.138948 1.359067 0.636598 10.802508
1628061458.527467 1.070344 0.975884 6.709694 0.957747 0.510001 10.223670
1628061458.627666 1.037746 0.905511 8.957952 1.754906 0.497344 13.153459
1628061458.727850 1.354097 1.134228 8.955116 0.871975 0.557781 12.873197
1628061458.828060 1.288375 1.065447 9.205917 1.471428 0.529358 13.560525
1628061458.928240 1.449816 1.186465 9.371584 1.983422 0.573212 14.564499
1628061459.028486 1.221081 1.104378 9.995075 0.992653 0.562861 13.876048
1628061459.128660 1.507286 1.223422 9.227582 2.109271 0.567720 14.635281
1628061459.228797 1.670263 1.339754 6.372305 1.505585 0.617325 11.505232
1628061459.329019 1.554899 1.262333 9.410251 1.267203 0.580195 14.074881
1628061459.429187 1.531502 1.220283 8.683542 1.631979 0.556959 13.624265
1628061459.529515 1.758197 1.254980 9.138004 1.428309 0.577876 14.157366
1628061459.629559 1.462974 1.224434 8.815532 0.991294 0.568331 13.062565
1628061459.729730 1.430524 1.169044 5.038424 0.909024 0.533991 9.081007
1628061459.829919 1.302405 1.108719 8.069431 0.885289 0.478031 11.843875
1628061459.930173 1.638834 1.166058 8.945177 1.804377 0.546128 14.100574
1628061460.030422 1.528084 1.269899 8.794926 1.521213 0.583540 13.697662
1628061460.130486 1.625158 1.224761 4.577575 0.965155 0.491159 8.883808
1628061460.230667 1.422595 1.191853 8.499923 1.751460 0.498082 13.363913
1628061460.330914 1.669305 1.279879 8.772058 1.401914 0.548253 13.671409
1628061460.431067 1.683267 1.331482 8.434834 1.012795 0.582408 13.044786
1628061460.531236 1.474734 1.186975 4.953260 1.273386 0.489744 9.378099
1628061460.631445 1.235093 1.036865 8.152359 1.120459 0.462535 12.007311
1628061460.735996 1.432441 1.161494 6.569617 1.082747 0.491722 10.738021
1628061460.831896 1.643908 1.264954 8.928618 0.908315 0.516186 13.261981
1628061460.932093 1.360588 1.053875 5.654370 0.934699 0.431770 9.435302
1628061461.032207 1.538136 1.243137 6.360738 0.994281 0.550397 10.686689
1628061461.132395 0.873410 0.719735 4.935571 1.552893 0.295852 8.377461
1628061461.232572 1.401302 1.142717 5.154446 1.485341 0.476621 9.660427
1628061461.332747 1.640666 1.227442 8.862575 1.561401 0.486527 13.778611
1628061461.433004 1.459460 1.216894 5.634163 0.881336 0.475086 9.666939
1628061461.533273 2.286241 1.433478 7.107373 1.547865 0.662076 13.037033
1628061461.633311 1.403880 1.138273 6.753160 1.109900 0.478420 10.883633
1628061461.733912 1.654200 1.331109 8.140992 0.933241 0.482246 12.541788
1628061461.833770 2.113272 1.268171 6.005353 1.353590 0.606421 11.346807
1628061461.933875 1.571725 1.256949 6.099580 1.162183 0.513195 10.603632
1628061462.034081 1.579092 1.207708 8.446807 1.428905 0.477690 13.140202
1628061462.134302 1.795351 1.306152 8.078065 1.159458 0.491230 12.830256
1628061462.234457 1.559340 1.265524 8.218351 1.318395 0.471654 12.833264
1628061462.334633 1.691476 1.284273 8.260436 1.718543 0.517220 13.471948
1628061462.434837 1.666547 1.309701 6.132925 0.988168 0.526523 10.623864
1628061462.535024 1.717244 1.215713 8.391498 1.635435 0.463623 13.423513
1628061462.635198 1.425665 1.161186 5.415224 0.870693 0.475186 9.347954
1628061462.735469 1.992249 1.225725 5.472568 1.274639 0.568243 10.533424
1628061462.835581 1.687445 1.337625 8.445811 1.286494 0.503541 13.260916
1628061462.935772 1.739374 1.337183 8.411578 1.390623 0.513342 13.392100
1628061463.035960 1.556381 1.194277 5.002644 0.847734 0.448563 9.049599
1628061463.136175 1.682464 1.119903 8.611776 1.958144 0.435047 13.807334
1628061463.236348 1.690972 1.281958 5.209268 1.781001 0.488398 10.451597
1628061463.336535 1.777593 1.278374 8.158577 2.283931 0.522298 14.020773
1628061463.436747 1.652540 1.374162 5.528344 1.051611 0.567984 10.174641
1628061463.536894 1.590437 1.134533 4.678026 0.936715 0.463214 8.802925
1628061463.637124 1.300813 1.056275 5.360392 0.990552 0.423877 9.131909
1628061463.738191 1.841768 1.338082 8.350599 0.843202 0.532878 12.906529
1628061463.837849 1.458820 1.213640 8.545560 1.576481 0.504361 13.298862
1628061463.940768 1.575447 1.215317 8.447208 1.622394 0.511232 13.371598
1628061464.037902 1.604688 1.209183 8.274067 1.751948 0.505748 13.345634
1628061464.138058 1.663236 1.341444 8.825354 1.795463 0.533358 14.158855
1628061464.238231 1.385252 1.138928 9.102774 1.206984 0.471678 13.305616
1628061464.338444 1.403115 1.207869 4.679313 1.483463 0.495307 9.269067
1628061464.438621 1.433197 1.188752 8.527163 1.303254 0.480800 12.933166
1628061464.538781 1.725545 1.385755 5.124923 0.884983 0.559443 9.680649
1628061464.639109 1.327771 1.126554 6.458914 1.285974 0.464973 10.664186
1628061464.739187 1.479375 1.128083 8.591899 1.240347 0.461441 12.901145
1628061464.839669 1.447348 1.186172 8.565076 1.148733 0.495311 12.842640
1628061464.939649 1.708390 1.294221 9.120084 1.718131 0.558821 14.399647
1628061465.039742 1.911018 1.351125 9.115401 0.972168 0.548533 13.898245
1628061465.139933 1.505451 1.171342 9.056649 1.266590 0.490853 13.490885
1628061465.240122 1.441679 1.161743 8.567730 1.062157 0.503282 12.736591
1628061465.340295 1.675843 1.320156 9.662729 2.049151 0.540489 15.248368
1628061465.440499 1.401291 1.152283 5.017794 1.356507 0.505412 9.433287
1628061465.540687 1.432197 1.127725 8.692305 1.622136 0.476031 13.350394
1628061465.641344 1.304976 1.052477 8.928277 1.376469 0.470248 13.132447
1628061465.741168 1.644831 1.085814 8.947119 2.085178 0.566913 14.329855
1628061465.842740 1.499806 1.169909 7.743323 1.036560 0.466728 11.916326
1628061465.942082 1.617206 1.252923 8.372662 1.669336 0.511166 13.423293
1628061466.041655 1.487350 1.103415 8.382869 1.218858 0.522879 12.715371
1628061466.141924 1.521970 1.185586 8.908801 2.351969 0.519728 14.488054
1628061466.242027 1.336430 1.139441 8.746947 1.709667 0.507407 13.439892
1628061466.342189 1.290063 1.047080 8.263957 2.033257 0.455154 13.089511
1628061466.443383 1.419939 1.173111 8.255037 1.319226 0.490100 12.657413
1628061466.542637 1.682875 1.306438 8.507773 1.507959 0.533287 13.538332
1628061466.643109 1.735207 1.370794 9.546476 1.807407 0.559080 15.018964
1628061466.742959 1.626771 1.230484 9.038591 1.124211 0.537148 13.557205
1628061466.843126 1.614648 1.039230 8.675631 1.789934 0.547946 13.667389
1628061466.943314 1.513449 1.141539 8.538898 1.785110 0.485711 13.464707
1628061467.047406 1.605977 1.266551 5.408801 1.177426 0.540438 9.999193
1628061467.143721 1.695415 1.271076 8.976254 2.117032 0.520156 14.579933
1628061467.243888 1.475344 1.151805 8.249217 1.279523 0.463776 12.619665
1628061467.344093 1.571326 1.211292 5.149219 1.770628 0.521421 10.223886
1628061467.444309 1.765689 1.166521 8.985135 1.212922 0.483790 13.614057
1628061467.544469 1.532676 1.193164 8.844382 0.949011 0.493328 13.012561
1628061467.644680 1.698611 1.334782 8.744684 1.309024 0.562598 13.649699
1628061467.744830 1.685929 1.301042 9.848347 1.885940 0.577138 15.298396
1628061467.845082 1.570170 1.261890 8.673037 1.067819 0.586641 13.159557
1628061467.945210 1.559011 1.240296 6.427563 0.902942 0.530704 10.660516
1628061468.046415 1.417869 1.176792 8.373208 0.996142 0.553026 12.517037
1628061468.145626 1.556534 1.192191 8.060501 1.105168 0.553404 12.467798
1628061468.245770 1.736702 1.363535 9.454908 1.006070 0.587036 14.148251
1628061468.345972 1.481444 1.143227 6.065676 1.115409 0.495266 10.301022
1628061468.446157 1.664400 1.194770 9.163683 1.541815 0.549341 14.114009
1628061468.546339 1.688754 1.312349 8.626261 1.294131 0.588307 13.509802
1628061468.646573 1.809229 1.260798 10.107700 1.190652 0.508481 14.876860
1628061468.746731 1.621894 1.261096 8.596625 1.011819 0.530076 13.021510
1628061468.846893 1.541337 1.181092 8.252546 1.113500 0.493116 12.581591
1628061468.947088 1.689590 1.290871 8.992506 1.551758 0.532154 14.056879
1628061469.047274 1.445838 1.191614 8.535691 1.412094 0.490176 13.075413
1628061469.147471 1.545930 1.209080 8.036243 1.080501 0.553124 12.424878
1628061469.248852 1.959767 1.168212 9.447952 1.709306 0.614124 14.899361
1628061469.347862 1.617939 1.240128 5.196449 0.985654 0.544761 9.584931
1628061469.449856 1.440903 1.153474 4.707280 0.984964 0.475127 8.761748
1628061469.548236 1.838851 1.152645 7.617346 1.017648 0.469540 12.096030
1628061469.649860 1.666429 1.269384 8.526250 1.198042 0.517159 13.177264
1628061469.748605 1.552265 1.243273 9.386803 1.975188 0.534012 14.691541
1628061469.848781 1.673285 1.284964 8.579511 0.985456 0.520569 13.043785
1628061469.948983 1.699978 1.315205 8.864813 1.584407 0.559832 14.024235
1628061470.049901 1.713580 1.307249 8.447287 1.519347 0.526302 13.513765
1628061470.149368 1.663635 1.315839 8.716701 1.593620 0.538428 13.828223
1628061470.249648 1.639817 1.234701 4.730076 0.907253 0.522724 9.034571
1628061470.349747 1.704401 1.400427 8.612119 1.900593 0.563233 14.180773
1628061470.449960 1.565617 1.259183 8.723472 1.096973 0.510080 13.155325
1628061470.550116 1.851283 1.215115 8.404157 1.888233 0.482206 13.840994
1628061470.653581 1.624952 1.205377 4.732706 1.006754 0.477575 9.047364
1628061470.750482 1.757833 1.618048 8.255003 1.496232 0.513516 13.640632
1628061470.852104 1.828123 1.224495 8.249069 1.157928 0.480388 12.940003
1628061470.950859 1.846524 1.403980 7.863504 1.187815 0.558679 12.860502
1628061471.051049 1.463638 1.181833 4.890012 1.036293 0.507512 9.079288
1628061471.151249 1.280095 1.029057 5.418936 0.866109 0.411414 9.005611
1628061471.251421 1.314611 1.118488 7.783233 1.276114 0.439093 11.931539
1628061471.351612 1.893347 1.391731 8.383800 1.593938 0.542208 13.805024
1628061471.451820 1.716199 1.235271 8.482322 1.925331 0.523326 13.882449
1628061471.551991 1.506205 1.096239 4.458995 1.210504 0.236001 8.507944
1628061471.652197 1.561363 1.175623 8.804802 1.316793 0.507649 13.366230
1628061471.752381 0.669278 0.562766 5.411804 1.154397 0.227432 8.025677
1628061471.852568 1.747463 1.267613 8.020250 2.563554 0.472748 14.071628
1628061471.952771 1.670420 1.260664 4.921659 1.033975 0.493909 9.380627
1628061472.052931 1.675526 1.333896 8.548301 1.968552 0.536164 14.062439
1628061472.153173 2.049825 1.495340 9.025892 1.532367 0.581442 14.684866
1628061472.253342 1.318191 1.101801 8.418096 1.774728 0.492197 13.105013
1628061472.353515 1.900657 1.462310 5.225698 1.167431 0.573682 10.329778
1628061472.453715 1.738466 1.407588 8.730390 1.000801 0.565215 13.442460
1628061472.553919 1.703329 1.306089 5.520326 0.830308 0.515706 9.875758
1628061472.654074 1.700656 1.312551 5.868087 2.252323 0.513014 11.646631
1628061472.754281 1.814965 1.446044 5.454234 1.412389 0.545294 10.672926
1628061472.854461 1.594375 1.236860 5.521810 0.921772 0.503052 9.777869
1628061472.954679 1.574906 1.241793 7.929072 1.709706 0.482262 12.937739
1628061473.054836 1.825028 1.349506 8.918380 1.984823 0.522441 14.600178
1628061473.155037 1.387148 1.226940 6.479837 1.501859 0.548771 11.144555
1628061473.255205 1.993518 1.423361 8.839706 1.251066 0.575655 14.083306
1628061473.355433 1.721127 1.325475 8.229480 1.635801 0.499292 13.411175
1628061473.455592 1.877950 1.522380 5.952738 1.133495 0.558029 11.044592
1628061473.555793 1.659746 1.270984 8.114176 1.438564 0.488473 12.971943
1628061473.655953 1.704430 1.278412 7.711202 1.707719 0.471840 12.873603
1628061473.756144 1.471824 1.143093 7.773177 1.614288 0.468425 12.470807
1628061473.856367 1.764483 1.399790 8.380321 1.766638 0.542307 13.853539
1628061473.956519 1.642369 1.295569 7.934509 1.901053 0.482652 13.256152
1628061474.057620 1.682405 1.313481 5.009510 1.007189 0.544519 9.557104
1628061474.156931 1.660693 1.281886 8.258480 2.082052 0.508627 13.791738
1628061474.257103 1.948015 1.423633 5.733748 1.987167 0.554012 11.646575
1628061474.357295 1.782843 1.333315 8.196975 1.888766 0.555610 13.757509
1628061474.457892 1.715582 1.344746 8.893416 1.811929 0.528170 14.293843
1628061474.557650 1.958128 0.921503 5.747432 2.127519 0.367368 11.121950
1628061474.657846 1.875187 0.727414 7.917808 2.152791 0.245758 12.918958
1628061474.758036 2.389423 1.265167 6.309529 1.234305 0.645820 11.844244
1628061474.858227 1.719305 1.297400 5.230277 1.030775 0.509386 9.787143
1628061474.958445 1.681426 1.250907 5.081398 1.082871 0.507297 9.603899
1628061475.058767 0.727206 0.568293 4.875487 1.148732 0.229579 7.549297
1628061475.158788 1.741234 1.518769 9.513169 2.010544 0.534011 15.317727
1628061475.259982 1.874537 1.337154 4.820349 1.100512 0.499410 9.631962
1628061475.359160 1.715279 1.338655 9.077920 0.906764 0.555391 13.594009
1628061475.459350 2.034210 1.408441 9.264433 1.638415 0.768191 15.113690
1628061475.559569 1.677999 1.369733 4.962156 1.041463 0.523854 9.575205
1628061475.659798 2.003208 1.516941 8.753750 1.628458 0.594307 14.496664
1628061475.759981 1.744267 1.347968 8.960100 1.353191 0.544282 13.949808
1628061475.860114 1.806990 1.317744 8.641856 1.224390 0.519969 13.510949
1628061475.960301 1.636122 1.257503 5.489915 1.134863 0.487417 10.005820
1628061476.060562 1.602736 1.259756 5.118174 1.040823 0.516741 9.538230
1628061476.160678 1.720523 1.387886 8.819013 1.717967 0.549901 14.195290
1628061476.261039 1.843306 1.114113 8.662936 1.021742 0.500811 13.142908
1628061476.361072 1.803610 1.168436 8.486550 1.026375 0.446631 12.931602
1628061476.461449 1.608937 1.218822 9.164450 1.400095 0.537100 13.929404
1628061476.561432 1.703491 1.371053 9.312167 1.963421 0.549194 14.899326
1628061476.662020 1.512969 1.180714 5.540007 1.112291 0.496926 9.842907
1628061476.762272 1.740410 1.299804 8.646115 1.067220 0.563781 13.317330
1628061476.862111 1.819077 1.340882 9.257977 0.742329 0.574451 13.734716
1628061476.962261 1.596436 1.179424 8.990942 1.418773 0.445608 13.631183
1628061477.062432 1.649733 1.301495 8.844343 1.447721 0.483314 13.726606
1628061477.162568 1.773906 1.402648 6.139331 0.862790 0.583391 10.762066
1628061477.263361 1.905377 1.247476 9.400049 1.141363 0.514172 14.208437
1628061477.362967 1.728988 1.333787 9.038055 1.445035 0.558651 14.104516
1628061477.463143 1.758943 1.392664 10.140125 1.389681 0.579920 15.261333
1628061477.563474 1.971879 1.469996 6.030942 0.897793 0.599883 10.970493
1628061477.663537 1.619083 1.260724 8.800436 1.217516 0.517437 13.415196
1628061477.763719 1.702108 1.340128 9.037582 1.376820 0.500283 13.956921
1628061477.863901 1.548757 1.216561 8.677354 0.964422 0.480477 12.887571
1628061477.964065 1.725425 1.106319 6.638181 1.309490 0.549579 11.328994
1628061478.064280 2.128532 1.241939 6.018929 1.470465 0.587933 11.447798
1628061478.164473 1.865416 1.420801 8.236028 1.132954 0.553583 13.208782
1628061478.264660 1.744465 1.312884 9.142748 1.140187 0.547249 13.887533
1628061478.364825 1.828688 1.428586 9.513066 1.693693 0.527006 14.991039
1628061478.465017 1.743689 1.355216 8.656127 1.239196 0.500816 13.495044
1628061478.565234 1.649190 1.306417 5.032883 1.015600 0.515389 9.519479
1628061478.665406 1.858172 1.718537 8.740047 1.530764 0.563589 14.411109
1628061478.765587 1.801052 1.459640 8.871029 0.814660 0.556425 13.502806
1628061478.865780 1.535747 0.837470 4.476083 0.856291 0.221493 7.927084
1628061478.965960 1.924597 1.406891 5.126296 0.786748 0.535729 9.780261
1628061479.066199 1.735554 1.355674 8.594948 1.626609 0.523167 13.835952
1628061479.166436 1.574940 1.245103 5.289352 1.182158 0.505785 9.797338
1628061479.266521 1.573402 1.294392 9.060578 1.612845 0.480508 14.021725
1628061479.369188 1.835960 1.392820 4.479451 1.092602 0.421564 9.222397
1628061479.467735 1.632492 1.283258 8.400135 1.559155 0.487269 13.362309
1628061479.567101 1.839176 1.401660 8.483321 1.043676 0.518799 13.286632
1628061479.667277 1.646017 1.262408 8.909686 1.666475 0.491874 13.976460
1628061479.767479 1.772160 1.375053 8.450675 1.311859 0.539003 13.448750
1628061479.867676 1.585367 1.268083 7.210982 0.782733 0.483903 11.331068
1628061479.967900 1.842216 1.336142 9.005027 1.346751 0.514517 14.044653
1628061480.068040 1.780165 1.347765 9.148189 1.424622 0.514368 14.215109
1628061480.168235 1.454904 1.232603 9.295289 1.008452 0.509429 13.500677
1628061480.268429 1.827235 1.431859 8.725932 1.217595 0.544634 13.747255
1628061480.368699 1.757051 1.365000 5.387734 0.870305 0.518496 9.898586
1628061480.468797 1.655498 1.247062 8.820547 1.122769 0.471574 13.317450
1628061480.569055 1.998526 1.435454 9.425279 1.048572 0.532133 14.439964
1628061480.669175 1.819472 1.382241 9.206459 1.221724 0.492686 14.122582
1628061480.770327 1.582350 1.259894 8.561870 0.946447 0.481294 12.831855
1628061480.869563 1.736164 1.306630 8.858325 1.289445 0.480395 13.670959
1628061480.969978 1.677391 1.330969 8.910024 0.775664 0.507568 13.201616
1628061481.070203 1.673046 1.295482 5.368275 1.153472 0.480597 9.970872
1628061481.170274 1.695360 1.341744 5.067537 0.936438 0.443347 9.484426
1628061481.270315 1.839613 1.448445 8.767379 0.922944 0.548033 13.526414
1628061481.370487 1.875215 1.435255 5.380155 0.817848 0.524137 10.032610
1628061481.470714 1.864769 1.460346 9.369751 1.113729 0.560091 14.368686
1628061481.570865 1.923905 1.394838 8.875177 1.146467 0.520413 13.860800
1628061481.671062 1.538870 1.402481 7.706823 0.913034 0.524538 12.085746
1628061481.771252 1.635931 1.323242 8.603696 0.943988 0.509994 13.016851
1628061481.871426 1.573042 1.240433 8.297223 0.798255 0.589966 12.498919
1628061481.971639 1.753849 1.330583 5.650129 1.746991 0.514212 10.995764
1628061482.071806 1.539722 1.220405 8.287215 0.844590 0.489840 12.381772
1628061482.172002 1.642297 1.298388 8.188208 0.966956 0.480645 12.576494
1628061482.272296 1.630649 1.267517 8.046535 1.212474 0.483739 12.640914
1628061482.372407 1.737524 1.287421 4.029068 0.542374 0.405296 8.001683
1628061482.472585 1.595623 1.175968 7.653712 1.564526 0.423255 12.413084
1628061482.572826 1.695111 1.323356 4.619846 0.625792 0.493378 8.757483
1628061482.672938 1.625629 1.258175 4.748778 0.684092 0.456517 8.773191
1628061482.773225 1.590756 1.232359 6.913353 0.974255 0.454886 11.165609
1628061482.873322 1.638334 1.245054 5.767036 0.791231 0.494408 9.936063
1628061482.973508 1.888176 1.433426 7.641437 0.812458 0.501385 12.276882
1628061483.073715 1.584295 1.238884 6.881354 0.799990 0.439871 10.944394
1628061483.174119 1.723885 1.284731 4.410143 0.492006 0.474738 8.385503
1628061483.274095 1.452061 1.204872 7.197457 0.695195 0.430815 10.980400
1628061483.374478 1.895408 1.523675 4.357318 0.641000 0.533688 8.951089
1628061483.474488 1.548150 1.191858 6.847809 1.207818 0.434039 11.229674
1628061483.574639 1.812168 1.306694 4.250360 0.430202 0.424758 8.224182
1628061483.674823 1.604173 1.217580 6.769638 1.117765 0.414794 11.123950
1628061483.777495 1.792964 1.365947 4.505856 0.560115 0.487571 8.712453
1628061483.875223 1.600701 1.227831 4.656765 0.589300 0.447875 8.522472
1628061483.978023 1.690445 1.202240 7.758681 1.170116 0.442921 12.264403
1628061484.075599 1.516709 1.224627 4.274909 0.636834 0.411522 8.064601
1628061484.177869 1.834332 1.291995 7.154759 0.986720 0.431343 11.699149
1628061484.276004 1.558491 1.180023 7.284902 1.072723 0.405003 11.501142
1628061484.376253 1.680605 1.291519 5.336716 0.559516 0.412612 9.280968
1628061484.476408 1.475795 1.180960 5.668013 0.503050 0.386289 9.214107
1628061484.577252 1.791614 1.369139 6.107722 0.556444 0.448089 10.273008
1628061484.676762 1.614099 1.279022 6.649249 1.435575 0.423768 11.401713
1628061484.776928 1.846013 1.363410 7.314895 1.102866 0.483419 12.110603
1628061484.877116 1.688301 1.253422 4.456260 0.529651 0.404915 8.332549
1628061484.977288 1.760659 1.324007 7.221054 1.144887 0.497604 11.948211
1628061485.077480 1.702415 1.324973 3.664197 0.608205 0.466079 7.765869
1628061485.177747 1.791930 1.381332 6.783398 1.231268 0.464096 11.652024
1628061485.277864 1.481655 1.217257 7.151679 1.378678 0.409271 11.638540
1628061485.378048 2.015179 1.244694 4.510258 0.770696 0.362540 8.903367
1628061485.478251 1.571874 1.229961 7.025760 1.543582 0.422184 11.793361
1628061485.579443 1.737041 1.331350 6.649009 1.141587 0.455325 11.314312
1628061485.678603 1.582114 1.219145 6.568574 1.110303 0.432426 10.912562
1628061485.783068 1.735308 1.335828 4.750803 0.538152 0.467892 8.827983
1628061485.878980 1.760726 1.306522 6.860357 0.875786 0.444675 11.248066
1628061485.979182 1.265498 1.008087 6.017079 0.616372 0.390743 9.297779
1628061486.079386 1.443025 1.097467 6.960159 1.024004 0.385868 10.910523
1628061486.179547 1.740474 1.326699 7.027312 0.623775 0.472151 11.190411
1628061486.279802 2.069546 1.123408 5.644927 1.007187 0.214698 10.059766
1628061486.380151 1.614979 1.286528 7.442522 0.931845 0.426304 11.702178
1628061486.480227 1.698445 1.335325 7.117764 1.286829 0.469501 11.907864
1628061486.580349 1.674551 1.253071 7.236298 0.830241 0.439190 11.433351
1628061486.680532 1.720921 1.318200 4.684749 0.561159 0.456603 8.741632
1628061486.781996 1.617950 1.213711 6.811198 1.017188 0.421383 11.081430
1628061486.880896 1.738902 1.359995 7.798653 0.857666 0.471111 12.226327
1628061486.981061 1.696926 1.273934 6.396764 0.519934 0.457430 10.344988
1628061487.081258 1.686401 1.299014 5.327117 0.464229 0.438443 9.215204
1628061487.181665 1.663001 1.220690 7.525658 1.070075 0.429519 11.908943
1628061487.281631 1.677710 1.284748 7.762668 0.888724 0.441327 12.055177
1628061487.381821 1.651269 1.276926 8.174179 0.852349 0.477522 12.432245
1628061487.482033 1.400719 1.141746 7.205318 1.034425 0.413512 11.195720
1628061487.582269 1.860720 1.138977 7.803318 1.326510 0.424733 12.554258
1628061487.682393 1.558830 1.191611 7.530474 0.568260 0.458576 11.307751
1628061487.782586 1.892605 1.505205 8.358621 1.097974 0.561056 13.415461
1628061487.882802 1.490867 1.212242 7.572916 1.106845 0.441090 11.823960
1628061487.982966 1.781693 1.317467 8.144554 0.992251 0.492333 12.728298
1628061488.083288 1.657601 1.334854 5.896580 0.574077 0.479150 9.942262
1628061488.183339 1.718876 1.311008 7.861051 1.272231 0.490444 12.653610
1628061488.283529 1.784679 1.378735 4.456123 0.836192 0.492829 8.948558
1628061488.384104 1.739443 1.342832 8.166456 0.819791 0.458639 12.527161
1628061488.483899 1.552309 1.272508 4.744502 0.542960 0.444354 8.556633
1628061488.584104 1.832841 1.470126 8.532750 1.085308 0.517179 13.438204
1628061488.684284 1.642321 1.291538 4.601524 0.708079 0.494488 8.737950
1628061488.784474 1.649631 1.346984 8.185154 1.174954 0.491472 12.848195
1628061488.884653 1.704580 1.341216 7.979041 1.313483 0.473333 12.811653
1628061488.984833 1.892733 1.415967 8.353222 1.350795 0.494617 13.507334
1628061489.085035 2.120125 0.801224 5.411963 1.100917 0.338789 9.773018
1628061489.190216 1.912952 1.410804 5.351428 0.567833 0.495316 9.738333
1628061489.285428 1.561912 1.169685 7.771759 0.589766 0.409455 11.502577
1628061489.386714 1.629176 1.210506 6.344133 0.617271 0.426115 10.227201
1628061489.485844 1.627009 1.306415 5.000880 0.590152 0.491931 9.016387
1628061489.586314 1.396031 1.063034 8.121518 1.007025 0.410176 11.997784
1628061489.686162 1.637306 1.269725 8.735779 0.815931 0.521853 12.980594
1628061489.786361 2.016237 1.480466 5.214757 0.691429 0.515643 9.918532
1628061489.886561 1.470721 1.176553 4.837699 0.683446 0.430629 8.599048
1628061489.986820 1.723684 1.273011 8.255833 1.051622 0.479030 12.783180
1628061490.086942 1.666012 1.281940 8.147107 1.260162 0.459683 12.814904
1628061490.187103 1.619954 1.205435 7.685765 1.137880 0.449979 12.099013
1628061490.287301 1.730225 1.258816 7.701927 0.883346 0.461111 12.035425
1628061490.387542 1.690704 1.202144 4.080879 0.516372 0.421208 7.911307
1628061490.487665 1.551948 1.203988 4.687588 0.805940 0.399920 8.649384
1628061490.587867 1.141235 1.072650 6.842874 0.857558 0.417896 10.332213
1628061490.688046 1.724949 1.272526 7.076078 0.905673 0.454572 11.433798
1628061490.788241 1.726262 1.212846 3.719165 0.778034 0.456273 7.892580
1628061490.888430 1.567579 1.196231 6.337586 1.037795 0.402748 10.541939
1628061490.988624 1.683847 1.484644 6.971189 0.989308 0.428580 11.557568
1628061491.088867 1.690019 1.245369 4.170120 0.702282 0.403029 8.210819
1628061491.188992 1.741111 1.255121 6.788419 1.106806 0.478689 11.370146
1628061491.289214 1.607171 1.298681 6.642172 0.856164 0.432860 10.837048
1628061491.389373 1.795266 1.299637 7.151850 1.359286 0.443135 12.049174
1628061491.489585 1.771905 1.290794 6.470278 0.836561 0.451486 10.821024
1628061491.589769 1.763679 1.293489 3.987186 0.579928 0.412430 8.036712
1628061491.689989 1.936440 1.360296 4.817199 0.706764 0.452118 9.272817
1628061491.790159 1.724940 1.244632 6.812530 0.933347 0.447045 11.162494
1628061491.890341 1.974521 1.713247 7.028933 1.173855 0.514049 12.404605
1628061491.990516 1.869061 1.441915 4.384498 0.553499 0.470061 8.719034
1628061492.090724 1.931794 1.363639 6.918137 1.050201 0.492312 11.756083
1628061492.190891 1.500787 1.226838 6.582117 0.876513 0.428285 10.614540
1628061492.291062 1.651995 1.254968 6.428610 1.021262 0.420531 10.777366
1628061492.391371 1.846817 1.370613 6.629110 1.034175 0.453525 11.334240
1628061492.491477 1.803791 1.327123 4.394046 0.581873 0.491354 8.598187
1628061492.591650 1.638902 1.304014 6.641252 1.039467 0.431225 11.054860
1628061492.691846 1.669990 1.263871 6.984725 0.996477 0.471294 11.386357
1628061492.792066 1.627672 1.193759 7.043597 0.846578 0.424059 11.135665
1628061492.892206 1.663130 1.244039 3.978723 0.654769 0.439714 7.980375
1628061492.992395 1.786719 1.316746 7.975903 1.939051 0.494672 13.513091
1628061493.092599 1.734684 1.335406 7.862442 1.217781 0.500904 12.651217
1628061493.192774 1.840457 1.357494 8.078042 1.516842 0.521017 13.313852
1628061493.292992 1.459084 1.184970 8.132143 1.129036 0.480758 12.385991
1628061493.393169 1.421773 1.150116 9.196556 1.450685 0.463763 13.682893
1628061493.493359 1.637825 1.288474 8.615509 0.883265 0.542996 12.968069
1628061493.593520 1.956330 0.731398 8.232271 2.062937 0.380207 13.363143
1628061493.693720 1.633820 1.347134 4.714330 0.728670 0.493300 8.917254
1628061493.794067 1.944571 0.802224 6.654928 1.395365 0.413063 11.210151
1628061493.894130 1.963932 1.401387 8.682242 1.431965 0.527806 14.007332
1628061493.994284 1.867117 1.364753 4.939154 0.951498 0.559526 9.682048
1628061494.094503 1.198474 1.053475 7.614844 1.412329 0.469514 11.748636
1628061494.194671 1.527365 1.192565 9.647922 1.052220 0.526459 13.946531
1628061494.294846 1.711710 1.513153 8.465059 0.770336 0.612646 13.072904
1628061494.395032 1.683799 1.267794 8.789962 1.245505 0.515810 13.502870
1628061494.495239 1.805472 1.406239 5.808299 0.835154 0.573388 10.428552
1628061494.595438 1.853506 1.370001 9.180509 1.219284 0.559759 14.183059
1628061494.695598 1.519871 1.243683 8.601193 0.856558 0.541592 12.762897
1628061494.795793 1.709573 1.358575 9.340974 1.458079 0.575675 14.442876
1628061494.896022 1.523991 1.236808 8.241651 1.339752 0.524454 12.866656
1628061494.996184 1.740117 1.310373 8.658117 0.999994 0.530961 13.239562
1628061495.096962 1.935238 1.529010 5.037809 0.781171 0.571999 9.855227
1628061495.196560 1.746536 1.309493 9.103065 1.430890 0.557745 14.147729
1628061495.296758 1.846187 1.479790 8.802282 1.106034 0.547434 13.781727
1628061495.396957 1.984685 1.481569 8.406570 0.720745 0.543047 13.136616
1628061495.497113 1.549070 1.240245 8.124966 1.069098 0.483794 12.467173
1628061495.597318 1.615187 1.266635 8.097765 1.150793 0.475229 12.605609
1628061495.697548 1.372854 1.145490 6.772693 0.840288 0.486697 10.618022
1628061495.797676 1.723613 1.280771 8.844576 1.409436 0.530742 13.789138
1628061495.898102 1.624748 1.196356 8.524564 1.279790 0.520719 13.146177
1628061495.998059 1.587269 1.223748 5.415770 0.811513 0.551616 9.589916
1628061496.098794 1.740523 1.306734 5.496234 0.772650 0.522023 9.838164
1628061496.198447 1.336141 1.193570 6.723792 0.938325 0.540782 10.732610
1628061496.298628 1.577615 1.310211 8.602680 1.241339 0.552400 13.284245
1628061496.398835 1.843125 1.419994 9.157338 1.093617 0.575754 14.089828
1628061496.499168 1.833547 1.419754 8.809503 1.276448 0.594331 13.933583
1628061496.599186 1.872738 1.405576 8.850709 0.715406 0.532571 13.377000
1628061496.699420 1.748059 1.382306 9.502784 1.198346 0.574857 14.406352
1628061496.799568 1.567886 1.320308 6.576774 0.696047 0.533778 10.694793
1628061496.900309 1.744721 1.415150 5.867730 0.919899 0.575960 10.523460
1628061496.999980 1.763630 1.420635 9.084128 1.429271 0.563526 14.261190
1628061497.100159 1.750468 1.362385 5.623325 0.695376 0.565425 9.996979
1628061497.200334 1.636657 1.280621 8.862416 0.831027 0.558109 13.168830
1628061497.301316 1.647115 1.286306 5.157819 0.774397 0.558351 9.423988
1628061497.400696 1.753965 1.363453 10.044679 0.971597 0.606095 14.739789
1628061497.501409 1.717469 1.309470 8.908005 0.871508 0.550052 13.356504
1628061497.601094 2.025066 1.433029 9.611613 1.306313 0.564927 14.940948
1628061497.701697 1.790962 1.377820 5.986335 0.915847 0.560931 10.631895
1628061497.801507 1.634531 1.272624 8.811271 0.837348 0.545702 13.101476
1628061497.903324 1.594184 1.323019 6.836801 0.789692 0.579257 11.122953
1628061498.001830 1.816394 1.412962 6.380542 0.849758 0.592326 11.051982
1628061498.103327 1.703472 1.335432 5.350865 0.719840 0.556931 9.666540
1628061498.202273 1.787119 1.301036 8.588962 1.304536 0.522209 13.503862
1628061498.302403 1.921407 1.539475 8.962752 1.351574 0.564357 14.339565
1628061498.402638 1.805226 1.285144 8.366206 0.608021 0.563571 12.628168
1628061498.503149 2.139475 1.252868 7.776692 2.138339 0.572523 13.879897
1628061498.602988 1.754621 1.390774 8.324064 1.386254 0.513231 13.368944
1628061498.703162 1.622281 1.257462 4.696405 1.151344 0.467134 9.194626
1628061498.803400 1.863809 1.398984 8.080061 0.614692 0.541855 12.499401
1628061498.903535 1.901756 1.443452 8.344378 0.794042 0.564793 13.048421
1628061499.003724 1.778223 1.396847 8.706222 1.359791 0.537523 13.778606
1628061499.109238 1.803231 1.272419 5.342418 0.680171 0.512340 9.610579
1628061499.300824 3.012124 1.584473 9.335558 1.071556 0.587063 15.590774
1628061499.308523 0.000389 0.812455 5.750976 0.679799 0.359877 7.603496
1628061499.404483 1.697769 1.389494 9.533378 0.798919 0.572167 13.991727
1628061499.504820 1.783296 1.405350 5.238908 0.846124 0.541684 9.815362
1628061499.604877 1.910214 1.381993 8.478777 1.523403 0.498606 13.792993
1628061499.705092 1.745205 1.358924 8.117383 0.916969 0.499507 12.637988
1628061499.805254 1.813151 1.316570 4.277586 0.675352 0.453042 8.535701
1628061499.905428 1.874623 1.430037 8.896854 1.259081 0.520731 13.981326
1628061500.005692 2.270094 1.591776 5.918462 0.616278 0.616014 11.012624
1628061500.105798 1.805547 1.358249 4.827427 0.988634 0.521392 9.501249
1628061500.206001 0.791700 0.608355 5.454361 0.871043 0.234545 7.960004
1628061500.306201 1.774141 1.365984 8.658526 0.824921 0.533866 13.157438
1628061500.406400 1.837894 1.369482 9.872299 0.978979 0.531473 14.590127
1628061500.506671 1.554545 1.269870 9.536027 0.805803 0.525267 13.691512
1628061500.606751 1.823232 1.391890 9.313923 0.916907 0.595398 14.041350
1628061500.707651 1.874969 1.416125 9.017739 0.753611 0.558252 13.620696
1628061500.807117 1.777343 1.307743 5.114683 0.722928 0.524383 9.447080
1628061500.907331 1.796643 1.409627 8.992573 1.094376 0.532416 13.825635
1628061501.007526 1.754513 1.360836 9.052742 1.020649 0.587084 13.775824
1628061501.108361 1.602110 1.259117 5.917932 0.606296 0.508321 9.893776
1628061501.207916 1.641482 1.323695 8.306270 0.727923 0.513857 12.513227
1628061501.308119 1.663609 1.386684 9.207747 0.779164 0.546585 13.583789
1628061501.408281 1.830091 1.433724 8.236440 0.778708 0.524618 12.803581
1628061501.508445 1.672152 1.323390 9.044026 0.995765 0.544098 13.579431
1628061501.608644 1.711834 1.317514 9.038364 0.963995 0.543925 13.575632
1628061501.708817 1.941847 1.519539 9.832567 0.635853 0.615338 14.545144
1628061501.809041 1.779114 1.414032 8.778071 0.765139 0.609209 13.345565
1628061501.909656 1.821484 1.448452 6.355535 0.783815 0.587720 10.997006
1628061502.009386 2.187832 1.342388 8.856623 0.833056 0.540354 13.760253
1628061502.114643 1.636493 1.240868 9.486132 1.097986 0.650002 14.111481
1628061502.209782 1.586662 1.262485 5.677788 0.707274 0.539591 9.773800
1628061502.316373 1.801781 1.362544 9.036535 0.814913 0.549040 13.564813
1628061502.410175 1.756696 1.329927 9.023770 0.759837 0.537013 13.407243
1628061502.510330 1.706055 1.361383 9.016011 0.975917 0.569407 13.628773
1628061502.610548 1.548827 1.283693 8.238291 0.692702 0.524551 12.288064
1628061502.713414 1.878831 1.507534 5.822200 0.695910 0.724724 10.629199
1628061502.810934 1.652444 1.317758 9.797405 1.003833 0.549121 14.320561
1628061502.911300 1.741737 1.352475 9.978167 1.327506 0.579973 14.979858
1628061503.011311 1.884112 1.419844 6.088258 0.819697 0.593613 10.805524
1628061503.113023 2.000256 1.442669 9.486279 1.159391 0.611954 14.700549
1628061503.211715 1.798229 1.350730 9.540919 1.232226 0.547848 14.469952
1628061503.311911 1.721114 1.310166 9.136502 1.031596 0.563379 13.762757
1628061503.412060 1.550158 1.297950 11.156570 1.136196 0.556409 15.697283
1628061503.512252 1.732268 1.415946 8.861152 1.054688 0.560283 13.624337
1628061503.612453 1.912578 1.512535 6.746895 1.459307 0.618851 12.250166
1628061503.712785 1.648171 1.242865 5.753911 0.934624 0.530106 10.109677
1628061503.812824 1.841487 1.391275 9.009482 1.111304 0.534752 13.888300
1628061503.913004 1.635022 1.266961 8.769494 1.218512 0.530738 13.420727
1628061504.013187 1.597620 0.742306 8.777693 0.827630 0.267441 12.212690
1628061504.113376 1.619974 1.282578 9.097094 1.493392 0.541040 14.034078
1628061504.215853 1.785586 1.454841 6.870931 0.924247 0.608235 11.643840
1628061504.313756 1.632933 1.295509 9.049429 1.395780 0.545624 13.919275
1628061504.413943 1.980078 1.415046 9.440034 1.089241 0.570738 14.495137
1628061504.514111 1.738438 1.391425 8.613208 0.946237 0.585647 13.274955
1628061504.616803 1.734639 1.385013 8.708553 1.260016 0.547582 13.635803
1628061504.714949 1.416681 1.200086 8.187572 0.956533 0.524823 12.285695
1628061504.814684 1.586228 1.288816 5.943650 0.782239 0.548909 10.149842
1628061504.914875 1.743723 1.321343 9.262896 0.684928 0.541755 13.554645
1628061505.015082 1.746725 1.394394 9.052905 1.081015 0.572888 13.847927
1628061505.115248 1.709323 1.355900 8.666645 1.464138 0.553370 13.749376
1628061505.215531 1.503810 1.209152 8.907290 0.684377 0.519938 12.824567
1628061505.315627 1.585968 1.238443 9.119277 1.463418 0.512409 13.919515
1628061505.415837 1.769803 1.299610 5.633388 0.932671 0.512492 10.147964
1628061505.516006 1.861048 1.446973 9.616842 1.184495 0.589004 14.698362
1628061505.616254 1.658381 1.265388 8.580689 0.943354 0.469835 12.917647
1628061505.716397 1.711186 1.280269 8.680088 2.517212 0.504691 14.693446
1628061505.816588 1.517319 1.200061 5.544904 0.627236 0.449194 9.338714
1628061505.916756 1.752873 1.301020 8.554928 1.521455 0.510330 13.640606
1628061506.016947 1.600924 1.255533 8.286633 1.063331 0.493866 12.700287
1628061506.117204 1.867691 1.366511 8.773825 1.258203 0.507279 13.773509
1628061506.217320 1.888149 1.429400 4.545499 0.663058 0.495603 9.021709
1628061506.317595 1.338528 1.237473 7.747053 0.791536 0.501434 11.616024
1628061506.417720 1.668344 1.325027 8.693105 1.019176 0.530386 13.236038
1628061506.517931 1.785632 1.351064 8.737980 1.112599 0.547937 13.535212
1628061506.618089 1.851960 1.404381 5.890515 1.365390 0.557305 11.069551
1628061506.718650 2.054588 1.410962 9.610521 0.877794 0.573217 14.527082
1628061506.818486 1.714203 1.341508 8.763205 1.970394 0.552190 14.341500
1628061506.918640 1.566765 1.247291 9.545851 1.042579 0.521742 13.924228
1628061507.018958 1.902230 1.475460 9.676458 1.187744 0.638077 14.879969
1628061507.119022 1.851986 1.376421 10.371251 1.746241 0.610342 15.956241
1628061507.219239 1.764493 1.425907 5.081989 0.915574 0.468213 9.656176
1628061507.319666 1.350653 1.168956 8.038030 1.061768 0.530266 12.149673
1628061507.419702 1.603225 1.252799 8.268258 1.119757 0.551762 12.795801
1628061507.519808 1.696420 1.392178 9.700679 1.626735 0.576771 14.992783
1628061507.620004 1.837043 1.390209 9.566599 1.448788 0.593636 14.836275
1628061507.720179 1.016749 0.809416 6.908185 1.065978 0.386912 10.187240
1628061507.820395 1.495833 1.219076 9.156690 0.957554 0.539015 13.368168
1628061507.921911 1.954276 0.729100 7.920846 1.867140 0.432405 12.903767
1628061508.020752 1.887152 1.304326 5.114839 0.919299 0.281516 9.507132
1628061508.120922 1.530876 1.231679 9.372777 1.542441 0.558503 14.236276
1628061508.221107 1.786657 1.328884 8.961177 1.554035 0.548916 14.179669
1628061508.321306 1.554858 1.249760 5.825482 2.003245 0.534043 11.167388
1628061508.421493 1.701365 1.464771 9.004910 1.047646 0.604044 13.822736
1628061508.521670 1.894454 1.528226 6.002431 1.300078 0.636585 11.361774
1628061508.621895 1.704148 1.329308 8.748222 0.905427 0.581349 13.268454
1628061508.722057 1.703529 1.373229 8.865748 1.281798 0.578991 13.803295
1628061508.822246 1.690641 1.329048 7.099800 1.126682 0.586157 11.832328
1628061508.922422 1.826784 1.387375 9.962905 1.784745 0.595484 15.557293
1628061509.022618 1.733046 1.401950 9.247991 1.149930 0.572470 14.105387
1628061509.122818 1.508077 1.240593 9.632970 1.270718 0.542661 14.195019
1628061509.223032 2.036189 1.485672 9.063225 0.851621 0.608361 14.045068
1628061509.323215 1.706855 1.255267 5.940553 1.266976 0.530544 10.700195
1628061509.423393 2.053486 1.506867 8.102658 1.342533 0.604828 13.610372
1628061509.523575 1.633781 1.281856 10.684312 1.761911 0.564932 15.926792
1628061509.623836 2.081333 0.901394 7.928916 1.488500 0.437737 12.837880
1628061509.723948 1.860780 1.441067 10.301885 2.885039 0.699771 17.188542
1628061509.824157 1.691112 1.437005 6.605953 1.128685 0.570006 11.432761
1628061509.924334 1.879128 1.459479 10.360293 1.110310 0.618941 15.428151
1628061510.024534 1.928914 1.454955 6.579492 0.904501 0.583937 11.451799
1628061510.124700 1.736655 1.291544 9.752135 1.663092 0.555513 14.998939
1628061510.224913 1.782439 1.449983 9.411003 0.852835 0.586861 14.083121
1628061510.325070 1.658946 1.300331 9.732894 1.078332 0.538082 14.308585
1628061510.425274 1.610610 1.293704 9.692477 0.867737 0.549868 14.014396
1628061510.525500 1.701250 1.272512 6.254135 0.873176 0.256380 10.357453
1628061510.625784 2.016802 1.478134 6.074222 0.816026 0.588887 10.974071
1628061510.725833 1.665624 1.293380 9.711273 2.004702 0.520233 15.195212
1628061510.826042 2.263750 1.534770 5.589542 1.075205 0.583280 11.046547
1628061510.926213 1.500490 1.393941 9.061403 1.028802 0.530330 13.514966
1628061511.026884 1.799887 1.399195 5.222398 0.809774 0.544145 9.775399
1628061511.126632 2.290476 1.321589 8.385797 1.586786 0.447771 14.032419
1628061511.228936 1.859667 1.463138 6.171229 0.902162 0.574948 10.971144
1628061511.326974 1.768610 1.283049 6.111667 1.183269 0.531375 10.877970
1628061511.427794 1.840826 1.468842 9.085704 0.747562 0.601611 13.744545
1628061511.527376 1.838611 1.426494 10.340349 1.296992 0.568998 15.471444
1628061511.627760 1.756359 1.389469 5.508000 1.021944 0.564288 10.240060
1628061511.727726 1.900363 1.439386 9.628089 1.660974 0.580798 15.209610
1628061511.827927 1.662242 1.292997 9.477022 1.279746 0.530926 14.242933
1628061511.928133 1.780657 1.373386 9.426583 1.147264 0.588454 14.316344
1628061512.028351 1.913264 1.412404 6.169244 1.173581 0.562993 11.231486
1628061512.128488 1.646009 1.249232 9.035389 0.924999 0.492079 13.347708
1628061512.228663 1.787374 1.369884 7.099609 0.843812 0.539455 11.640134
1628061512.328882 1.904877 1.419986 9.593694 1.460520 0.629318 15.008395
1628061512.431952 1.624117 1.326218 5.896248 0.925561 0.534062 10.306206
1628061512.529228 1.731825 1.420932 10.623442 1.055605 0.792851 15.624655
1628061512.629424 1.873123 1.153922 5.611134 0.877539 0.296881 9.812599
1628061512.729623 1.948140 1.527338 5.869461 0.893192 0.721678 10.959809
1628061512.833918 1.575888 1.294004 9.994564 1.265866 0.533419 14.663741
1628061512.929999 1.633704 1.308485 10.533344 1.221909 0.609613 15.307055
1628061513.030246 1.719224 1.364353 9.838481 0.880902 0.561074 14.364034
1628061513.130387 1.784892 1.326783 9.888084 1.366404 0.572508 14.938671
1628061513.231196 1.680407 1.395181 9.591972 0.965042 0.570828 14.203430
1628061513.330814 1.677997 1.292212 8.653869 0.927934 0.535939 13.087951
1628061513.434339 1.936214 1.594217 6.510348 0.867682 0.607931 11.516392
1628061513.531136 1.553848 1.261236 9.299384 0.953528 0.531197 13.599193
1628061513.631328 1.848425 1.487828 9.662192 1.130232 0.612829 14.741506
1628061513.731512 1.924981 1.435877 9.928462 1.154650 0.555075 14.999045
1628061513.831872 1.777881 1.387649 9.232340 1.105347 0.557089 14.060306
1628061513.931875 1.841722 1.348483 6.172157 0.717875 0.511847 10.592084
1628061514.032289 1.695819 1.342303 6.348140 0.984960 0.511890 10.883112
1628061514.132293 1.769719 1.416298 9.851690 1.192558 0.536716 14.766981
1628061514.232444 1.704889 1.311065 5.751073 0.823515 0.517034 10.107576
1628061514.332637 1.308615 1.280927 7.994727 0.851955 0.541573 11.977797
1628061514.432838 0.741099 0.794633 8.955170 0.969450 0.345613 11.805965
1628061514.533007 1.891637 1.227801 7.979542 0.933010 0.503487 12.535477
1628061514.633276 1.730735 1.403654 9.683985 1.033362 0.557710 14.409446
1628061514.733385 1.642013 1.416053 9.948900 1.607591 0.546805 15.161362
1628061514.833609 1.827116 1.430806 7.156054 0.790543 0.577089 11.781608
1628061514.933761 1.464384 1.218182 9.426105 0.986329 0.515706 13.610706
1628061515.035735 1.848912 1.473116 6.046977 0.782484 0.575983 10.727472
1628061515.134212 1.987948 1.463830 10.554808 1.097064 0.592269 15.695919
1628061515.234328 1.656374 1.246904 9.470452 0.916872 0.530393 13.820995
1628061515.334552 1.531973 1.261146 9.733186 1.336419 0.511901 14.374625
1628061515.434717 1.766680 1.343689 9.704275 0.957839 0.536753 14.309236
1628061515.534907 1.485632 1.242294 9.567004 1.059237 0.527494 13.881661
1628061515.636056 1.500500 1.217171 7.977740 1.237961 0.526599 12.459971
1628061515.735365 1.967453 1.229987 7.352387 1.184124 0.696921 12.430872
1628061515.835467 1.621848 1.302598 5.630606 0.841763 0.541882 9.938697
1628061515.935676 1.787574 1.428680 9.856614 1.394052 0.609978 15.076898
1628061516.035843 1.924316 1.508594 9.565656 0.863444 0.604441 14.466451
1628061516.136075 1.685168 1.370306 6.103986 0.863713 0.576075 10.599248
1628061516.236254 2.010188 1.486186 9.842254 1.532094 0.621726 15.492448
1628061516.336412 2.032574 1.503278 10.211406 1.244316 0.611281 15.602855
1628061516.437846 1.631363 1.280041 9.332646 0.940643 0.548583 13.733276
1628061516.536792 1.614337 1.313127 9.199295 1.163509 0.525069 13.815337
1628061516.636973 1.851198 1.535291 10.075641 0.970554 0.675319 15.108003
1628061516.737168 1.854845 1.493523 10.354211 1.339882 0.611383 15.653844
1628061516.841711 1.856815 1.522094 7.127017 1.003121 0.642578 12.151625
1628061516.937561 1.723211 1.229507 9.324986 0.885486 0.534113 13.697303
1628061517.038052 1.944144 1.481864 6.861985 1.301896 0.640273 12.230162
1628061517.137931 1.868072 1.451190 10.632538 1.354975 0.657656 15.964431
1628061517.238426 1.904643 1.422913 5.938262 1.140771 0.602826 11.009415
1628061517.338300 1.772876 1.423286 9.757887 0.837910 0.577207 14.369166
1628061517.440771 1.675550 1.257944 9.995051 1.142109 0.527291 14.597945
1628061517.538868 1.724855 1.526030 11.676800 1.575863 0.595958 17.099506
1628061517.641934 2.094734 1.273062 9.944530 1.016499 0.560001 14.888826
1628061517.739048 2.122158 1.357385 6.841114 1.381353 0.561398 12.263408
1628061517.839269 1.785879 1.193140 6.772899 1.034724 0.269544 11.056186
1628061517.939464 1.781505 1.263485 9.389362 1.058026 0.511563 14.003941
1628061518.039708 1.842015 1.418309 6.839497 1.248034 0.564020 11.911875
1628061518.139825 1.734538 1.353142 9.771212 0.916891 0.573921 14.349704
1628061518.239997 1.773673 1.375969 10.961552 1.346726 0.577846 16.035766
1628061518.340194 1.694306 1.326656 6.833490 0.811339 0.570816 11.236607
1628061518.440384 2.237261 1.807274 10.624718 1.506431 0.703905 16.879589
1628061518.540633 1.768548 1.453764 10.191013 1.451461 0.584564 15.449350
1628061518.641068 1.783619 1.353038 9.517913 1.728360 0.538871 14.921801
1628061518.741091 1.728031 1.403283 5.577455 0.974639 0.566322 10.249730
1628061518.841136 1.868419 1.503725 9.614650 1.291099 0.582842 14.860735
1628061518.941331 1.808247 1.389484 6.648178 0.965787 0.561189 11.372885
1628061519.041529 1.621626 1.276404 8.765563 1.258248 0.521903 13.443744
1628061519.141715 1.654208 1.343499 9.533935 1.337606 0.582127 14.451375
1628061519.242032 2.071286 1.461718 9.497686 1.406040 0.592816 15.029546
1628061519.342093 1.817184 1.422464 9.828966 1.202783 0.605007 14.876404
1628061519.442262 1.834037 1.434353 7.170550 0.988684 0.591920 12.019544
1628061519.542464 1.786429 1.449425 9.749852 1.207724 0.605954 14.799384
1628061519.642660 1.824343 1.438559 10.270150 1.106309 0.590702 15.230063
1628061519.742854 1.544291 1.218798 5.399775 1.108854 0.484195 9.755913
1628061519.843053 2.096324 0.967219 6.916907 1.330942 0.405677 11.717069
1628061519.943236 1.937615 1.549275 6.924074 1.057138 0.618752 12.086854
1628061520.043435 1.841864 1.458761 9.847423 1.423655 0.606615 15.178318
1628061520.143600 1.932524 1.545653 9.633687 1.078682 0.628911 14.819457
1628061520.243799 2.146289 1.561717 10.311616 1.114963 0.613946 15.748531
1628061520.343973 1.641830 1.401793 8.330029 1.246799 0.497107 13.117558
1628061520.444154 1.723757 1.372290 5.651752 1.226288 0.549670 10.523757
1628061520.544425 1.724471 1.363349 6.353814 1.292870 0.567425 11.301929
1628061520.644641 1.760921 1.301868 8.656734 0.930304 0.546843 13.196670
1628061520.744733 2.225767 1.385847 8.109094 1.249494 0.274522 13.244724
1628061520.844916 1.729991 1.337858 9.201060 0.923169 0.526478 13.718556
1628061520.945105 1.747181 1.343154 8.863885 1.159705 0.487596 13.601521
1628061521.045294 2.200026 1.237984 7.976887 1.416936 0.561519 13.393352
1628061521.145497 1.793089 1.404731 8.694558 1.113273 0.512718 13.518369
1628061521.245688 1.620584 1.237345 9.483143 1.330647 0.464802 14.136521
1628061521.345862 1.705177 1.350204 5.460052 0.990480 0.523328 10.029241
1628061521.446048 1.985051 1.364056 9.498144 1.160256 0.545208 14.552715
1628061521.546252 1.560052 1.292669 9.475918 1.026411 0.540990 13.896040
1628061521.646421 2.137957 1.327494 10.480854 2.161684 0.380091 16.488080
1628061521.746634 1.861185 1.229299 7.801188 0.921264 0.521940 12.334876
1628061521.846865 1.922056 1.571911 9.912567 1.344685 0.701624 15.452843
1628061521.947002 1.718493 1.424251 5.286146 1.084098 0.276734 9.789722
1628061522.047215 1.847570 1.409463 9.042084 1.267138 0.609930 14.176185
1628061522.147399 1.829750 1.415210 9.846959 0.812574 0.596464 14.500957
1628061522.247578 1.960772 1.514279 9.567346 1.167209 0.597082 14.806688
1628061522.347772 1.497063 1.309111 10.421406 0.973595 0.584551 14.785726
1628061522.447998 1.746041 1.402125 9.751481 1.384716 0.612943 14.897306
1628061522.548135 1.651198 1.352507 9.958366 0.997393 0.583057 14.542521
1628061522.648338 1.847801 1.452919 10.031643 1.273399 0.617793 15.223555
1628061522.748528 1.762833 1.417358 9.586763 1.629092 0.622209 15.018255
1628061522.848731 1.972854 1.267068 7.902686 1.506130 0.669041 13.317779
1628061522.948881 1.594183 1.258003 10.048121 1.240784 0.549169 14.690260
1628061523.049102 1.695961 1.326121 9.553945 0.927028 0.564011 14.067066
1628061523.149299 1.733331 1.366518 6.657826 1.219537 0.581961 11.559173
1628061523.249452 1.955419 1.426338 9.338141 0.889263 0.794627 14.403788
1628061523.349648 1.694972 1.352611 9.679943 1.133532 0.568610 14.429668
1628061523.449830 1.707245 1.363544 9.999962 1.247154 0.572831 14.890736
1628061523.550025 1.161763 1.117217 9.558360 1.084376 0.624871 13.546587
1628061523.650219 2.287055 1.222842 6.658897 1.113193 0.405401 11.687388
1628061523.750402 1.633329 1.280106 5.718123 1.272128 0.552062 10.455748
1628061523.850601 1.842397 1.510851 9.455977 1.030160 0.649699 14.489084
1628061523.950803 1.856668 1.381096 5.478879 1.000360 0.552084 10.269087
1628061524.050987 1.966992 1.390551 10.679254 2.024214 0.583380 16.644391
1628061524.152119 1.687338 1.370525 7.027494 1.170961 0.599623 11.855941
1628061524.251341 1.679584 1.311539 9.371675 0.891715 0.560274 13.814787
1628061524.351719 1.923858 1.608472 9.697601 1.069854 0.641099 14.940884
1628061524.451744 2.079257 1.459572 10.814318 2.278668 0.576373 17.208188
1628061524.551929 1.255609 1.082854 9.093711 1.080723 0.473801 12.986698
1628061524.652108 1.856381 1.361305 9.360767 1.063670 0.562457 14.204580
1628061524.752332 1.909412 1.406407 9.881974 0.846377 0.557391 14.601561
1628061524.852483 1.763512 1.306466 9.279346 1.346453 0.560201 14.255978
1628061524.956282 1.497297 1.232960 9.360449 1.494318 0.522261 14.107285
1628061525.052866 1.568103 1.166166 9.730392 1.208287 0.516335 14.189283
1628061525.153127 1.837174 1.435207 5.853725 1.392824 0.581678 11.100608
1628061525.253226 1.108114 1.052753 9.568993 1.593553 0.489396 13.812809
1628061525.353530 1.786627 1.435473 5.896606 1.094435 0.636332 10.849473
1628061525.453629 1.687286 1.375943 9.858068 1.077222 0.577750 14.576269
1628061525.555663 1.677800 1.379492 8.966979 0.878967 0.569002 13.472240
1628061525.654024 1.736092 1.437097 8.434508 0.999870 0.703085 13.310652
1628061525.754540 1.759711 1.322722 5.210526 0.978410 0.549899 9.821268
1628061525.854371 1.885638 1.376177 9.353695 1.333528 0.632295 14.581333
1628061525.954798 1.684272 1.331430 8.883411 0.779112 0.543887 13.222112
1628061526.054739 1.920076 1.458753 6.273412 0.828215 0.626164 11.106620
1628061526.157900 1.703383 1.328188 9.242578 1.107376 0.550939 13.932464
1628061526.255135 1.623641 1.280215 9.002481 1.286176 0.525849 13.718362
1628061526.357842 1.627514 1.255660 6.021785 0.912748 0.537703 10.355410
1628061526.455545 1.686331 1.265104 8.895093 1.325714 0.527850 13.700092
1628061526.555733 1.481606 1.187608 6.531202 1.027299 0.524830 10.752545
1628061526.655902 1.809560 1.295352 9.321693 1.234478 0.565914 14.226997
1628061526.756073 1.778909 1.363230 9.267353 0.915922 0.558763 13.884177
1628061526.856290 1.824407 1.331512 9.157224 1.425791 0.542836 14.281770
1628061526.962919 1.963627 1.393997 8.846440 0.859505 0.579592 13.643161
1628061527.056651 1.990249 1.411133 9.341949 1.633735 0.616426 14.993492
1628061527.156829 1.799392 1.341525 9.559537 1.066814 0.575050 14.342318
1628061527.257078 1.686940 1.287133 5.355708 1.180600 0.532743 10.043124
1628061527.357200 1.557204 1.237733 9.338879 1.104990 0.536824 13.775630
1628061527.457402 1.738823 1.270518 8.657414 1.312402 0.508426 13.487583
1628061527.557891 1.689559 1.297405 9.033269 1.060838 0.515097 13.596168
1628061527.658391 1.075537 0.683987 5.516875 0.729267 0.340714 8.346380
1628061527.758124 1.583159 1.259331 8.628729 0.775218 0.522051 12.768488
1628061527.858183 1.669616 1.298890 5.283169 1.255284 0.521379 10.028338
1628061527.958338 1.703996 1.360527 9.518626 1.441580 0.618430 14.643159
1628061528.058584 1.852764 1.387627 6.114293 0.741102 0.675481 10.771267
1628061528.159307 1.563868 1.141640 8.904153 0.852026 0.519330 12.981017
1628061528.258936 1.669623 1.279469 10.157680 1.468225 0.701551 15.276548
1628061528.359103 1.576089 1.255590 9.237936 1.352392 0.545031 13.967038
1628061528.459305 1.621529 1.318896 9.516478 0.972776 0.586985 14.016664
1628061528.559504 1.571862 1.286152 9.407172 0.938438 0.558688 13.762312
1628061528.659671 1.568208 1.263108 5.356587 0.770399 0.532024 9.490326
1628061528.759848 1.706659 1.299082 8.350077 0.747105 0.558502 12.661425
1628061528.860053 1.731679 1.343607 9.126461 1.668758 0.562598 14.433103
1628061528.960271 2.253071 1.375424 6.736879 1.178407 0.556743 12.100524
1628061529.060434 1.757682 1.384680 9.045967 1.064956 0.749514 14.002799
1628061529.168464 1.747408 1.387365 5.184567 0.885481 0.569165 9.773986
1628061529.260834 1.725750 1.318438 9.162555 0.899007 0.562495 13.668245
1628061529.362103 1.729257 1.247831 5.113766 0.760612 0.526693 9.378159
1628061529.461200 1.659301 1.241510 8.837375 1.233123 0.558822 13.530131
1628061529.561383 1.889799 1.361991 9.322749 0.832390 0.571400 13.978329
1628061529.661563 1.683812 1.214522 10.776489 1.712551 0.536375 15.923749
1628061529.763443 1.780193 1.280908 9.191949 0.847983 0.549917 13.650950
1628061529.861938 1.512086 1.238742 9.218880 1.227412 0.541823 13.738943
1628061529.962322 1.690061 1.355179 6.013279 1.493938 0.553684 11.106141
1628061530.062394 1.524352 1.209962 9.664273 1.250356 0.527703 14.176646
1628061530.162508 1.737454 1.416984 9.484520 0.899395 0.592596 14.130949
1628061530.262690 1.616441 1.303549 9.561324 1.102009 0.562335 14.145658
1628061530.362910 1.751032 1.312251 9.798504 1.280133 0.556066 14.697986
1628061530.463063 2.069718 1.312498 7.735464 1.576855 0.400225 13.094760
1628061530.566410 1.494201 1.193851 9.701941 0.941448 0.545950 13.877391
1628061530.663445 1.498518 1.144911 6.895933 0.749948 0.487668 10.776978
1628061530.763723 1.924185 1.112219 7.031102 1.267408 0.405281 11.740195
1628061530.863845 1.722034 1.444595 10.621371 1.027961 0.657713 15.473674
1628061530.964541 1.712499 1.353190 10.614900 1.256853 0.582738 15.520180
1628061531.064209 1.824251 1.309715 10.626729 1.396196 0.574709 15.731600
1628061531.166212 1.814661 1.384644 10.098494 1.132014 0.594063 15.023876
1628061531.264588 1.623600 1.222977 5.941547 0.887582 0.538246 10.213952
1628061531.365058 1.628053 1.251801 9.508151 0.808809 0.540214 13.737028
1628061531.464952 1.848680 1.445604 9.886214 0.984636 0.632892 14.798026
1628061531.565140 1.611818 1.292176 6.194096 0.762024 0.552675 10.412789
1628061531.665982 0.642475 0.539568 6.417149 1.099616 0.257538 8.956346
1628061531.765702 1.524509 0.797315 5.733871 0.818072 0.298290 9.172057
1628061531.865721 1.569392 1.185167 9.280483 0.821226 0.530937 13.387205
1628061531.969978 1.776480 1.372158 10.602775 1.678629 0.579289 16.009331
1628061532.066129 1.301163 1.140312 6.691817 0.647792 0.549182 10.330266
1628061532.166341 2.014533 0.986671 6.949495 1.329520 0.401810 11.682029
1628061532.266518 2.060369 1.182885 10.063279 1.574187 0.511246 15.391966
1628061532.369853 1.840518 1.348729 9.418443 0.887716 0.554251 14.049657
1628061532.466844 1.914114 1.511176 5.921400 1.434883 0.623643 11.405216
1628061532.567032 1.546516 1.245985 9.401492 0.931393 0.534053 13.659439
1628061532.667262 1.264892 1.036197 7.833613 1.431796 0.474448 12.040946
1628061532.769852 1.865852 1.342517 9.977109 1.080068 0.547529 14.813075
1628061532.867618 1.641660 1.292749 5.269644 0.721474 0.543938 9.469465
1628061532.969167 1.616320 1.242882 9.402400 0.934277 0.518341 13.714220
1628061533.068005 1.720895 1.279437 9.430385 0.929418 0.524765 13.884900
1628061533.168256 1.463235 1.180301 9.177689 0.887960 0.530839 13.240024
1628061533.268404 1.693989 1.320929 8.890595 0.657597 0.558144 13.121254
1628061533.369916 1.636030 1.219744 6.267251 0.850681 0.494060 10.467766
1628061533.468760 1.589702 1.327694 8.674699 0.772813 0.548966 12.913874
1628061533.569194 1.569372 1.214091 6.855095 1.008740 0.492969 11.140267
1628061533.669145 1.492826 1.244303 8.475542 0.981651 0.476103 12.670425
1628061533.769333 1.893023 1.172368 6.924365 0.796675 0.557528 11.343959
1628061533.869505 1.642192 1.334843 5.136396 1.019228 0.506507 9.639166
1628061533.970195 1.412469 1.139973 8.301604 1.224671 0.432350 12.511067
1628061534.069885 1.586912 1.260613 5.020412 0.701518 0.492618 9.062073
1628061534.170286 1.650638 1.320033 9.028172 1.022129 0.505624 13.526596
1628061534.270298 2.042771 1.302844 7.316407 0.787469 0.514254 11.963745
1628061534.370477 1.942848 1.189026 6.659476 1.035394 0.570726 11.397470
1628061534.470655 1.598371 1.229437 5.070129 0.868902 0.486819 9.253658
1628061534.570834 1.595690 1.292685 8.778940 1.050199 0.471908 13.189422
1628061534.671084 1.981148 1.444410 9.261032 0.820298 0.535176 14.042064
1628061534.771476 1.542736 1.102668 7.014087 0.741683 0.439359 10.840533
1628061534.871408 1.773457 1.355021 8.934556 0.784244 0.532120 13.379398
1628061534.973896 1.814644 1.323179 8.618955 0.619785 0.584816 12.961379
1628061535.071763 1.857734 1.451598 5.828521 0.597878 0.607301 10.343032
1628061535.172398 1.683156 1.355442 10.527589 1.408185 0.598394 15.572766
1628061535.272154 1.910145 1.531293 9.999102 0.890321 0.629497 14.960358
1628061535.372649 1.686156 1.317299 9.351203 1.224136 0.554550 14.133344
1628061535.472530 1.886576 1.408914 9.492527 1.136684 0.600614 14.525315
1628061535.572770 1.769154 1.322999 5.940075 1.494936 0.560318 11.087482
1628061535.672899 1.883252 1.360621 10.000494 1.147254 0.609816 15.001437
1628061535.773706 1.524048 1.307341 10.563879 1.855657 0.560748 15.811673
1628061535.874095 1.849303 1.520579 5.668186 0.729948 0.643435 10.411451
1628061535.973775 1.778368 1.400169 9.782699 1.290501 0.599981 14.851718
1628061536.073672 1.839069 1.401600 9.326268 0.815472 0.584910 13.967319
1628061536.174363 1.625346 1.240739 8.947070 1.198752 0.536414 13.548321
1628061536.274044 1.805147 1.356265 9.542797 0.959522 0.659138 14.322869
1628061536.374223 1.806630 1.329905 9.042898 1.212329 0.549428 13.941190
1628061536.474434 1.718495 1.340789 6.097717 0.838232 0.608992 10.604225
1628061536.574615 1.656279 1.267061 9.325113 1.128254 0.549673 13.926380
1628061536.674785 1.386800 1.128316 8.057002 1.249211 0.602224 12.423553
1628061536.774975 1.744958 1.400724 9.539431 0.915584 0.601279 14.201976
1628061536.875242 1.855518 1.454308 9.480983 1.073420 0.686305 14.550534
1628061536.975358 1.782261 1.378055 9.424616 1.190413 0.610294 14.385639
1628061537.075573 1.827438 1.506011 7.077837 0.992644 0.762130 12.166060
1628061537.175731 1.666775 1.293555 9.050384 1.166189 0.555108 13.732011
1628061537.275949 1.724975 1.350470 6.068016 0.901761 0.640589 10.685811
1628061537.378104 0.799781 0.619470 6.199430 0.911097 0.271754 8.801532
1628061537.476337 1.991726 1.532587 7.353988 0.871269 0.634540 12.384110
1628061537.576488 1.821371 1.414680 10.034540 1.271192 0.590379 15.132162
1628061537.676695 1.447106 1.239371 6.917894 0.928002 0.528628 11.061001
1628061537.776875 1.681719 0.883923 6.187415 1.087962 0.414496 10.255515
1628061537.877083 1.973795 1.554185 7.935079 0.926238 0.640380 13.029677
1628061537.977313 1.628978 1.380608 10.347314 1.235919 0.568548 15.161367
1628061538.077457 1.749267 1.387290 10.270697 1.060800 0.591473 15.059527
1628061538.177643 1.637220 1.234289 10.733201 1.091851 0.536339 15.232900
1628061538.277822 1.741035 1.376646 6.206839 1.360455 0.598384 11.283359
1628061538.378014 1.879860 1.411205 10.614487 1.070684 0.579196 15.555432
1628061538.478186 1.640142 1.328447 5.448029 0.872868 0.532195 9.821681
1628061538.578400 1.805197 1.364875 5.881125 0.941022 0.563007 10.555226
1628061538.678625 1.594325 1.182401 9.972660 1.000234 0.533527 14.283147
1628061538.778953 1.950721 1.370921 6.953615 0.773434 0.602311 11.651002
1628061538.878947 2.019174 1.538061 9.126924 0.811197 0.615123 14.110479
1628061538.979141 1.516457 1.235480 9.015353 1.110469 0.531610 13.409369
1628061539.079423 1.895372 1.477701 7.273430 0.790936 0.645113 12.082552
1628061539.179845 1.745828 1.336279 9.448145 0.886992 0.609570 14.026814
1628061539.279746 1.708165 1.390207 9.648442 0.942840 0.581929 14.271583
1628061539.379924 1.781850 1.351233 6.289031 0.888893 0.535874 10.846881
1628061539.480094 1.682115 1.315157 7.267916 0.707097 0.549875 11.522160
1628061539.580267 1.732436 1.337257 9.525895 1.249955 0.544942 14.390485
1628061539.680943 1.579265 1.273811 6.094408 0.733312 0.530069 10.210865
1628061539.780669 2.023762 1.329334 9.882429 1.278820 0.412690 14.927035
1628061539.880856 1.900691 1.213130 8.839504 1.414017 0.628534 13.995876
1628061539.981039 2.216564 1.375147 8.459493 0.966208 0.534962 13.552374
1628061540.081254 1.737380 1.368358 8.876600 0.747975 0.532185 13.262498
1628061540.181406 1.702552 1.290579 9.558333 1.288760 0.526965 14.367189
1628061540.285371 1.658901 1.359652 4.681187 0.720853 0.543165 8.963758
1628061540.381793 1.861008 1.378472 10.185706 1.180790 0.563562 15.169538
1628061540.482230 1.616961 1.284884 5.733746 0.658787 0.542891 9.837269
1628061540.582184 1.762402 1.309884 9.641963 1.569657 0.588714 14.872620
1628061540.682788 1.044397 1.008845 6.496000 1.150973 0.480324 10.180539
1628061540.782555 1.910239 1.268607 5.936088 0.798577 0.481371 10.394882
1628061540.887663 1.749992 1.340668 5.792383 0.979444 0.539821 10.402308
1628061540.982922 1.680707 1.198698 8.705853 1.981618 0.468840 14.035716
1628061541.085762 1.755283 1.336009 5.787377 0.785094 0.549113 10.212876
1628061541.183327 1.954571 1.387108 9.791436 1.225944 0.564115 14.923174
1628061541.283500 1.493952 1.169641 8.606536 1.152896 0.492080 12.915105
1628061541.383678 0.722443 0.554444 5.093308 0.674998 0.221281 7.266474
1628061541.483862 1.722031 1.375511 9.359457 1.124596 0.605621 14.187216
1628061541.584097 1.709425 1.269239 8.430817 1.261837 0.524992 13.196310
1628061541.689551 1.850324 1.411042 5.564760 0.842510 0.578611 10.247247
1628061541.784453 1.584790 1.220132 8.046383 1.650384 0.528632 13.030321
1628061541.884769 1.680381 1.287285 8.384615 0.792074 0.506593 12.650948
1628061541.984823 1.524795 1.120439 8.495498 1.304456 0.476610 12.921798
1628061542.085670 1.824177 1.409280 4.779455 0.745155 0.579045 9.337112
1628061542.185214 1.570334 1.198656 8.666693 1.267332 0.530285 13.233300
1628061542.285377 1.822755 1.380513 5.117597 0.840556 0.576888 9.738309
1628061542.385607 2.039813 1.255062 5.781351 0.823227 0.610084 10.509537
1628061542.485757 1.669067 1.348015 5.672050 0.870528 0.537436 10.097096
1628061542.585986 1.722397 1.401058 9.091275 1.204765 0.593261 14.012756
1628061542.686143 1.657428 1.343420 8.514954 1.405202 0.545227 13.466231
1628061542.786331 1.709623 1.338951 5.366975 0.900825 0.547033 9.863407
1628061542.886745 1.533065 1.240042 7.892496 0.817114 0.496877 11.979594
1628061542.986710 2.077875 1.278130 9.155917 1.579351 0.559005 14.650278
1628061543.086925 1.789380 1.164294 8.607002 0.795912 0.503684 12.860272
1628061543.187140 1.841965 1.435708 8.200090 0.724739 0.615656 12.818158
1628061543.287268 1.742741 1.327856 8.917195 1.111705 0.505875 13.605372
1628061543.387480 1.707510 1.349713 8.942347 1.245672 0.558900 13.804142
1628061543.487653 1.711473 1.343670 5.744853 0.994532 0.573119 10.367647
1628061543.587863 1.794428 1.309983 5.805220 1.158217 0.566655 10.634503
1628061543.688027 1.658974 1.323845 5.578269 0.778332 0.539304 9.878724
1628061543.788221 1.902682 1.277258 7.101562 1.344019 0.722209 12.347730
1628061543.888409 2.028143 1.507399 5.664065 0.751099 0.598319 10.549025
1628061543.988597 1.759134 1.307763 8.976106 0.868571 0.552921 13.464495
1628061544.088787 2.167660 1.336457 8.204917 0.876686 0.268489 12.854209
1628061544.189023 1.693284 1.305283 10.367957 1.245622 0.534944 15.147090
1628061544.289176 1.763892 1.342134 5.856816 0.928396 0.558147 10.449385
1628061544.389367 1.677963 1.294490 9.035225 0.821006 0.495470 13.324154
1628061544.489887 1.848902 1.506819 8.680309 1.548265 0.520846 14.105141
1628061544.589761 1.760931 1.322996 5.377922 0.658012 0.480014 9.599875
1628061544.689927 1.562738 1.213662 7.699717 1.023395 0.452010 11.951522
1628061544.790125 1.951715 1.575201 8.399548 1.038286 0.535944 13.500694
1628061544.890314 1.593694 1.096150 6.511624 1.139977 0.479080 10.820525
1628061544.990498 1.637270 1.250418 5.819222 0.695939 0.443456 9.846305
1628061545.090701 1.811838 1.429044 7.944726 1.256568 0.505991 12.948167
1628061545.190905 1.792366 1.321796 8.126106 1.682934 0.484369 13.407571
1628061545.291059 1.652272 1.258160 5.064576 0.639066 0.464066 9.078140
1628061545.391237 1.836869 1.400234 5.013853 0.755512 0.550792 9.557260
1628061545.494613 1.925685 1.406019 4.722916 0.753789 0.545455 9.353864
1628061545.591702 1.681410 1.288286 8.683694 0.845132 0.491893 12.990415
1628061545.691817 1.727449 1.342017 8.497459 1.090282 0.489909 13.147116
1628061545.792657 2.119506 1.286363 7.075830 1.630270 0.476901 12.588870
1628061545.893973 1.470828 1.175339 8.485934 1.223629 0.470574 12.826304
1628061545.992565 1.709531 1.317026 9.255038 0.762206 0.555129 13.598930
1628061546.092853 2.045273 1.410344 9.055445 1.164672 0.566256 14.241990
1628061546.192762 1.724529 1.367578 9.065884 1.373619 0.574894 14.106504
1628061546.293345 1.857813 1.377004 5.100362 0.857546 0.542670 9.735395
1628061546.393158 1.647060 1.269987 9.717362 1.445206 0.515426 14.595041
1628061546.494216 1.858253 1.290702 5.612397 1.092887 0.499263 10.353502
1628061546.593512 1.721830 1.224109 8.546288 0.857583 0.468331 12.818141
1628061546.693823 1.846353 1.386413 4.633377 0.841732 0.344748 9.052623
1628061546.794070 1.357351 1.084904 8.250023 0.718995 0.437240 11.848513
1628061546.894088 1.415561 1.223898 6.336176 0.717179 0.454402 10.147216
1628061546.994304 1.766445 1.173225 8.829223 1.052586 0.462144 13.283623
1628061547.094493 1.631468 1.317111 8.385647 1.043501 0.498994 12.876721
1628061547.198073 1.703171 1.202874 5.438276 0.865622 0.450776 9.660719
1628061547.299313 1.599552 1.198613 8.376880 1.237789 0.478699 12.891533
1628061547.395079 1.614019 1.226001 8.023361 1.827295 0.463957 13.154633
1628061547.495366 1.837500 1.311124 4.753298 0.714201 0.543558 9.159681
1628061547.595464 1.615297 1.239649 7.766628 1.285415 0.479330 12.386319
1628061547.695598 1.705457 1.205886 8.390045 0.968289 0.452494 12.722171
1628061547.795787 1.613076 1.215810 5.118722 0.834672 0.468780 9.251060
1628061547.896010 1.663420 1.251123 8.673981 1.468150 0.474689 13.531363
1628061547.996210 1.635036 1.256377 7.890589 0.695302 0.486390 11.963694
1628061548.096368 1.684416 1.283594 8.599878 1.438072 0.455415 13.461375
1628061548.196572 1.566862 1.217888 8.177550 1.389100 0.437169 12.788569
1628061548.297037 1.732183 1.305940 8.220922 0.777498 0.480307 12.516850
1628061548.396928 1.637849 1.277222 7.984539 0.988181 0.473448 12.361239
1628061548.497199 1.452420 1.177325 7.899766 0.962173 0.467325 11.959009
1628061548.597371 1.820778 1.298232 7.490374 1.290221 0.484063 12.383668
1628061548.701868 1.897296 1.265865 8.106003 1.104271 0.448457 12.821892
1628061548.797687 1.732266 1.301327 8.148477 1.131564 0.480076 12.793710
1628061548.902175 1.736544 1.486476 8.068258 1.719242 0.510452 13.520972
1628061548.998091 1.613792 1.266645 8.374576 0.925234 0.473275 12.653522
1628061549.098444 1.494138 1.139358 4.582057 0.613976 0.440438 8.269967
1628061549.198448 1.739682 1.308151 8.499844 1.236077 0.486439 13.270193
1628061549.299998 1.822406 1.369702 8.117048 1.548489 0.472606 13.330251
1628061549.398819 1.482652 1.217201 4.904050 0.844188 0.453597 8.901688
1628061549.499331 1.783142 1.264664 8.117733 1.956277 0.494408 13.616224
1628061549.599198 1.537567 1.199260 7.657664 1.085863 0.460609 11.940963
1628061549.699403 1.645216 1.292015 8.372890 1.295738 0.521307 13.127166
1628061549.799601 1.542863 1.360749 8.480023 0.662946 0.524250 12.570831
1628061549.996289 2.780369 1.443543 8.345710 0.779185 0.553387 13.902194
1628061550.000007 0.000153 0.541398 4.370471 0.807692 0.222849 5.942563
1628061550.100158 1.722602 1.263650 8.571104 0.743306 0.499521 12.800183
1628061550.200342 1.500714 1.209065 8.191071 1.313272 0.477320 12.691442
1628061550.300645 1.622018 1.242071 8.552739 1.368202 0.543443 13.328473
1628061550.400702 1.798506 1.131891 8.756223 0.729390 0.570996 12.987006
1628061550.500900 1.456009 1.170942 5.135898 0.687747 0.486094 8.936690
1628061550.601109 1.615292 1.319946 9.117452 0.827057 0.530998 13.410745
1628061550.701395 1.653526 1.215726 7.338858 0.830921 0.499612 11.538643
1628061550.898789 2.751875 1.443021 9.186545 1.175585 0.586017 15.143043
1628061550.901645 0.000184 0.517685 4.165218 0.846414 0.216921 5.746422
1628061551.001879 1.083378 0.938393 8.235083 0.856417 0.419406 11.532677
1628061551.102539 1.622844 1.214401 4.631074 0.838956 0.499375 8.806650
1628061551.202230 1.466642 1.170940 8.293481 0.561882 0.513911 12.006856
1628061551.302408 1.666233 1.239854 8.871635 1.339038 0.543298 13.660058
1628061551.402625 1.497249 1.159979 8.640810 1.183062 0.499176 12.980276
1628061551.503114 1.748571 1.291351 8.882022 1.492575 0.502172 13.916691
1628061551.602973 1.413927 1.129802 5.401362 0.694266 0.494676 9.134033
1628061551.703161 1.605400 1.217032 8.688663 1.048347 0.494325 13.053767
1628061551.803364 1.489681 1.206651 8.503208 0.743719 0.519323 12.462582
1628061551.903546 1.602035 1.197218 9.141128 1.320189 0.487659 13.748229
1628061552.003776 0.609703 0.507274 4.669298 0.945727 0.223233 6.955235
1628061552.103943 1.406712 1.127302 8.362163 1.641173 0.461469 12.998819
1628061552.204104 1.612189 1.285590 8.464922 0.882236 0.514774 12.759711
1628061552.304330 1.618185 1.172906 8.822026 1.679687 0.485174 13.777978
1628061552.404505 1.458432 1.165500 9.199634 0.887757 0.499611 13.210934
1628061552.504705 1.626055 1.248067 8.645041 1.216629 0.524413 13.260205
1628061552.604866 1.482211 1.182668 8.600728 1.019123 0.475967 12.760697
1628061552.705058 1.593076 1.238163 8.702627 1.221488 0.488160 13.243514
1628061552.805589 1.463561 1.155130 8.284322 1.229096 0.480795 12.612904
1628061552.905426 1.694596 1.217274 8.336204 1.121743 0.473924 12.843741
1628061553.005634 1.568818 1.183985 6.766179 1.018661 0.486943 11.024586
1628061553.105831 1.539192 1.180376 8.348314 1.002891 0.479686 12.550459
1628061553.206070 1.546113 1.215328 8.531963 1.362957 0.499848 13.156209
1628061553.306233 1.478371 1.118186 8.210418 1.253680 0.462843 12.523498
1628061553.407354 1.569606 1.226178 5.090859 0.901273 0.499667 9.287583
1628061553.506576 1.557117 1.205751 8.706472 1.402141 0.500775 13.372256
1628061553.606824 1.891913 1.160560 6.919516 1.337439 0.600204 11.909632
1628061553.706975 1.550817 1.156260 5.817960 0.818562 0.458746 9.802345
1628061553.813385 1.521693 1.179567 5.319110 0.910202 0.489047 9.419619
1628061553.907323 2.384743 1.411213 9.947334 1.767146 0.528736 16.039172
1628061554.007539 1.953159 1.145084 9.184937 1.374164 0.584939 14.242283
1628061554.107712 1.590801 1.187397 8.566481 1.022340 0.476315 12.843334
1628061554.207906 1.488348 1.181067 8.610767 0.911756 0.459796 12.651734
1628061554.308176 1.784592 1.262979 9.207186 1.087968 0.483674 13.826399
1628061554.411579 1.703823 1.304323 8.302434 0.855195 0.514801 12.680576
1628061554.508461 1.529710 1.137579 8.529215 1.287098 0.494995 12.978597
1628061554.608690 1.795538 1.358137 5.560398 0.890920 0.508551 10.113544
1628061554.708875 1.583606 1.256390 9.210796 1.594932 0.490013 14.135737
1628061554.809566 1.613898 1.356846 8.504148 0.887221 0.512705 12.874818
1628061554.909411 1.846920 1.360387 5.417504 0.938770 0.490754 10.054335
1628061555.009742 1.664693 1.221247 8.681792 1.050669 0.484893 13.103294
1628061555.109630 1.817714 1.357366 8.799576 1.083944 0.500941 13.559541
1628061555.211765 1.474927 1.166799 5.177387 1.147893 0.455087 9.422093
1628061555.310145 1.681182 1.240363 8.708352 1.174919 0.475647 13.280463
1628061555.410308 1.801152 1.387714 9.205648 1.669619 0.500563 14.564696
1628061555.510389 1.833791 1.434753 9.203560 1.301942 0.533681 14.307727
1628061555.610886 1.537546 1.175203 8.506371 1.196606 0.460673 12.876399
1628061555.710759 1.011561 0.938506 7.688234 0.809736 0.408946 10.856983
1628061555.810977 1.579699 1.219896 6.115019 0.703286 0.473938 10.091838
1628061555.911148 1.707236 1.187029 8.383473 1.352417 0.625885 13.256040
1628061556.011327 1.393135 1.123588 9.072946 0.838363 0.454154 12.882186
1628061556.111518 1.566110 1.228017 6.452964 0.685175 0.479148 10.411414
1628061556.213888 1.338814 0.949002 8.240516 1.063975 0.216940 11.809247
1628061556.311935 1.686474 1.314544 5.865460 0.954745 0.527987 10.349210
1628061556.412365 1.535279 1.194240 8.477778 0.988991 0.480305 12.676593
1628061556.512246 1.619895 1.207544 8.832039 1.013326 0.465439 13.138243
1628061556.613837 1.624162 1.293379 5.335347 0.787988 0.490201 9.531077
1628061556.712625 1.516044 1.172308 8.758126 1.094735 0.479960 13.021173
1628061556.812817 1.470149 1.215793 8.856966 1.391921 0.477786 13.412615
1628061556.913010 1.629883 1.233414 5.168582 0.876583 0.476806 9.385268
1628061557.013192 1.660631 1.254107 8.526683 0.920564 0.494559 12.856544
1628061557.113380 1.907470 1.411733 9.280753 0.917899 0.546350 14.064205
1628061557.219227 1.647035 1.263164 4.762502 0.823802 0.519320 9.015823
1628061557.313790 1.793986 1.364454 8.506769 1.212224 0.505305 13.382738
1628061557.418134 1.690021 1.227119 6.280220 0.924454 0.491326 10.613140
1628061557.514139 1.802550 1.397227 7.272230 0.925886 0.559469 11.957362
1628061557.614352 1.601565 1.287217 8.361721 0.981684 0.530441 12.762628
1628061557.714517 1.805366 1.467842 5.998806 0.747695 0.576148 10.595857
1628061557.814703 1.612944 1.282290 6.533380 1.114345 0.546419 11.089378
1628061557.914914 1.424286 1.192064 10.075772 1.087178 0.535698 14.314998
1628061558.015089 2.015917 1.300345 7.202319 1.175653 0.668786 12.363020
1628061558.115280 1.278754 0.840977 8.480968 1.848156 0.498806 12.947661
1628061558.215558 2.137265 1.365296 9.579870 1.579298 0.651124 15.312853
1628061558.315659 2.152106 1.354133 9.344977 1.175065 0.699290 14.725571
1628061558.415885 2.022040 1.298581 9.831080 1.137604 0.544814 14.834119
1628061558.516059 1.661481 1.261859 4.914323 0.934881 0.506673 9.279217
1628061558.616430 1.528538 1.195397 5.470842 0.761152 0.493630 9.449559
1628061558.716425 1.663033 1.358433 8.958593 1.251766 0.570369 13.802194
1628061558.816606 1.747209 1.299103 8.689664 1.280791 0.550796 13.567563
1628061558.916842 1.632044 1.225151 8.997174 1.127372 0.518554 13.500295
1628061559.016984 1.738004 1.373432 9.280794 1.465147 0.551655 14.409032
1628061559.117225 1.252801 1.078232 6.423956 1.084061 0.431763 10.270813
1628061559.217364 1.820153 1.373605 8.859905 1.232353 0.554658 13.840674
1628061559.317543 1.678316 1.258022 8.885483 0.896743 0.515978 13.234542
1628061559.422928 1.752602 1.270015 7.882594 1.017477 0.531459 12.454147
1628061559.517950 1.918693 1.397047 5.776943 0.802012 0.567154 10.461849
1628061559.618557 1.630545 1.278699 6.534917 0.882109 0.548413 10.874683
1628061559.718337 1.662326 1.328179 5.794810 0.703392 0.563737 10.052444
1628061559.821866 1.527020 1.208998 8.807087 0.911162 0.488524 12.942791
1628061559.918690 1.739720 1.395309 9.248586 1.021302 0.583164 13.988081
1628061560.019016 1.567861 1.300504 9.726018 1.489829 0.535253 14.619465
1628061560.119087 1.245316 1.078164 5.416278 0.746820 0.419370 8.905948
1628061560.219331 1.543967 1.237523 8.500930 1.114559 0.507792 12.904771
1628061560.319463 1.684543 1.311828 8.255603 0.801976 0.519128 12.573078
1628061560.420441 1.718513 1.228290 9.249254 1.681603 0.487319 14.364979
1628061560.519823 1.621278 1.231737 8.488846 1.228479 0.497727 13.068067
1628061560.620112 1.826647 1.294076 9.170485 1.366461 0.516073 14.173742
1628061560.720204 1.640465 1.304948 8.989009 1.393497 0.495577 13.823496
1628061560.820407 1.657152 1.258458 8.495530 0.902197 0.475158 12.788495
1628061560.920597 1.592691 1.143691 8.132358 0.846054 0.431169 12.145963
1628061561.020766 1.719965 1.356581 8.616243 0.965282 0.519488 13.177559
1628061561.120969 1.727107 1.383031 8.049452 1.060121 0.506358 12.726069
1628061561.221550 1.646161 1.234629 8.346118 1.155579 0.482338 12.864825
1628061561.321325 1.660191 1.319937 5.874439 0.651951 0.537449 10.043967
1628061561.421709 1.580077 1.190368 8.450611 0.778906 0.450068 12.450030
1628061561.521746 1.539610 1.213213 8.715239 0.875095 0.498634 12.841791
1628061561.621906 1.971307 1.116329 5.731108 1.350589 0.389887 10.559220
1628061561.722099 1.857000 1.507729 5.598489 0.988201 0.567280 10.518699
1628061561.822287 1.671568 1.302766 8.676370 0.936974 0.539437 13.127115
1628061561.922463 1.712250 1.259829 6.073705 0.973618 0.499459 10.518861
1628061562.022651 1.564484 1.254014 9.714407 1.294735 0.501432 14.329072
1628061562.122838 2.139241 1.463260 7.649263 0.755276 0.534450 12.541490
1628061562.223041 1.862237 1.489364 9.241592 0.821411 0.603203 14.017807
1628061562.323278 1.825094 1.374222 5.300149 1.015111 0.542619 10.057195
1628061562.423546 1.473592 1.217704 5.457076 0.845869 0.527262 9.521503
1628061562.523630 1.605374 1.338118 8.879808 1.119385 0.589783 13.532468
1628061562.623790 1.539491 1.283748 8.937910 1.313871 0.527328 13.602348
1628061562.724025 1.628431 1.234705 8.095487 1.211862 0.505650 12.676135
1628061562.824852 1.729520 1.370466 5.351345 0.804263 0.594411 9.850005
1628061562.924369 1.811178 1.342106 8.362241 0.889223 0.531803 12.936551
1628061563.024590 1.737666 1.343348 9.258415 1.221964 0.547269 14.108662
1628061563.124759 1.777552 1.303217 5.047941 0.823324 0.512225 9.464259
1628061563.224924 1.670140 1.196806 8.643912 1.459024 0.469211 13.439093
1628061563.325154 1.379641 1.149311 5.853182 0.817463 0.478298 9.677895
1628061563.425450 1.788994 1.328784 8.213965 0.909182 0.538920 12.779845
1628061563.525537 2.004396 1.495380 8.973397 1.330967 0.596350 14.400490
1628061563.625695 1.596147 1.218139 5.218618 0.820506 0.500931 9.354341
1628061563.725871 1.707445 1.371996 5.526899 1.041192 0.599088 10.246620
1628061563.826073 1.523991 1.153408 8.880929 1.125799 0.512169 13.196296
1628061563.926265 1.706847 1.270969 5.507017 0.720802 0.579198 9.784833
1628061564.026458 1.538647 1.172457 9.059484 1.702985 0.469727 13.943300
1628061564.126657 1.512806 1.204371 4.807782 0.602875 0.494871 8.622705
1628061564.226820 1.748347 1.318484 8.281272 1.068996 0.523939 12.941038
1628061564.327011 1.599480 1.266765 8.046365 1.320823 0.483852 12.717285
1628061564.427194 1.620652 1.272323 5.217756 0.963155 0.528359 9.602245
1628061564.527394 1.980877 1.422695 5.745912 0.904907 0.585604 10.639995
1628061564.627577 1.619919 1.262726 8.541895 1.006517 0.511459 12.942516
1628061564.727782 1.810128 1.261410 6.761984 0.880723 0.538844 11.253089
1628061564.827950 1.587593 1.261908 8.419817 1.520836 0.506758 13.296912
1628061564.928140 1.864639 1.344795 8.884126 1.185974 0.555195 13.834729
1628061565.028331 1.611231 1.228395 9.332892 1.300567 0.519163 13.992248
1628061565.128525 1.614717 1.269334 5.465997 1.243632 0.519355 10.113035
1628061565.228720 1.775364 1.315329 8.981970 0.844875 0.553086 13.470624
1628061565.328924 1.339248 1.103904 8.273913 1.217850 0.491126 12.426041
1628061565.429112 1.647558 1.244157 8.651442 1.323700 0.526535 13.393392
1628061565.529296 1.994017 1.437075 7.789289 0.964568 0.624016 12.808965
1628061565.629473 1.574125 1.261144 9.023127 1.527475 0.527865 13.913736
1628061565.729674 1.621895 1.287543 8.750467 1.065411 0.548650 13.273966
1628061565.829878 1.583366 1.260300 9.023429 0.768875 0.572369 13.208339
1628061565.930047 1.916693 1.489341 8.901933 1.117741 0.577424 14.003132
1628061566.030295 2.001900 1.380890 9.586405 2.357668 0.510452 15.837315
1628061566.130421 1.690994 1.353286 5.848420 1.225166 0.550368 10.668234
1628061566.230607 1.379999 0.967126 4.729300 0.830526 0.255187 8.162138
1628061566.330818 1.816460 1.498927 8.925675 0.643436 0.586745 13.471243
1628061566.432306 1.463322 1.165509 5.713992 1.346641 0.481063 10.170527
1628061566.531213 1.909748 1.490538 9.106167 1.164957 0.599904 14.271314
1628061566.631384 1.632305 1.173393 8.979284 0.939426 0.488227 13.212635
1628061566.731589 1.793520 1.498379 7.439334 0.839713 0.579968 12.150914
1628061566.831760 1.742669 1.317913 9.043405 1.181411 0.538652 13.824050
1628061566.932296 1.753590 1.346015 8.821462 0.908343 0.547390 13.376800
1628061567.032466 1.721141 1.292884 9.584155 1.804431 0.547229 14.949840
1628061567.132312 1.640651 1.312523 8.642048 1.127054 0.539611 13.261887
1628061567.232534 1.645874 1.321948 10.421825 0.981080 0.643068 15.013795
1628061567.332780 0.824308 0.589452 5.201191 0.976625 0.255558 7.847134
1628061567.432888 1.453471 1.158851 9.065293 0.877661 0.506534 13.061810
1628061567.533603 1.918804 1.409684 5.409261 0.818821 0.603838 10.160408
1628061567.633254 1.759453 1.554612 10.247950 1.665777 0.631892 15.859684
1628061567.739285 1.670829 1.329541 5.061262 0.819018 0.528574 9.409224
1628061567.833646 1.776922 1.358477 9.220096 0.779018 0.560457 13.694970
1628061567.933846 1.738756 1.333336 8.784618 0.947199 0.570343 13.374252
1628061568.034017 2.020396 0.722057 8.461281 1.690147 0.268090 13.161971
1628061568.137280 1.825266 1.457121 9.458238 1.184176 0.585719 14.510520
1628061568.234410 1.882416 1.438270 9.357860 1.034691 0.595295 14.308532
1628061568.337941 1.816642 1.430546 5.342749 0.794745 0.529785 9.914467
1628061568.434818 1.609369 1.256273 5.589828 0.892679 0.500834 9.848983
1628061568.535961 1.447296 1.131590 5.585981 1.121583 0.479685 9.766135
1628061568.635160 1.648962 1.230636 9.051400 1.106884 0.628739 13.666621
1628061568.737003 1.688900 1.435261 4.937213 0.855320 0.447800 9.364494
1628061568.835577 1.734686 1.318252 5.371164 1.024685 0.550831 9.999618
1628061568.935713 1.600145 1.249089 9.103087 1.114773 0.545730 13.612824
1628061569.035949 1.717813 1.340160 9.405772 1.388196 0.572934 14.424875
1628061569.137960 1.711854 1.322256 9.278675 1.101193 0.524973 13.938951
1628061569.236316 1.924909 1.387272 9.671443 1.494143 0.566449 15.044216
1628061569.336628 1.967420 1.528390 6.228546 0.745380 0.657123 11.126859
1628061569.436719 1.680966 1.306969 8.818417 0.757474 0.532958 13.096784
1628061569.536865 1.705263 1.308562 5.956182 0.629640 0.554866 10.154513
1628061569.637053 1.556268 1.234938 9.006304 1.001778 0.528228 13.327516
1628061569.737634 1.558810 1.243753 5.670672 0.918321 0.523157 9.914713
1628061569.837448 1.553523 1.249176 9.108163 1.395209 0.496183 13.802254
1628061569.938086 1.824719 1.305719 9.022175 1.066433 0.556221 13.775267
1628061570.037804 1.370031 1.188111 7.647435 0.843671 0.521453 11.570701
1628061570.138270 1.621170 1.273716 4.998855 0.842559 0.510452 9.246752
1628061570.238204 1.549167 1.192721 9.102428 1.209790 0.456374 13.510480
1628061570.338367 1.895352 1.373995 9.581948 1.032630 0.564432 14.448357
1628061570.438573 1.767237 1.388083 10.361370 0.846319 0.577129 14.940138
1628061570.538740 1.488695 1.262979 5.131011 0.905889 0.497527 9.286101
1628061570.638930 1.724569 1.286014 7.530877 0.943374 0.531906 12.016740
1628061570.739127 1.865534 1.456531 5.966910 0.721773 0.580959 10.591707
1628061570.839324 1.774761 1.334216 8.908388 0.883210 0.535877 13.436452
1628061570.939536 1.541534 1.256832 8.995495 0.744734 0.530859 13.069454
1628061571.039744 1.480094 1.162380 8.920397 1.331507 0.480658 13.375036
1628061571.139880 1.634917 1.240238 8.659687 0.860811 0.536371 12.932024
1628061571.240097 1.784442 1.374115 6.564372 0.842606 0.548438 11.113973
1628061571.340298 1.692704 1.243724 9.458589 1.091249 0.516091 14.002357
1628061571.440460 1.585787 1.287624 8.840333 1.049221 0.520040 13.283005
1628061571.547550 1.997850 1.470951 5.817025 0.976156 0.587813 10.849795
1628061571.640852 1.655545 1.255627 8.780075 0.768863 0.506379 12.966489
1628061571.741040 1.620068 1.278403 9.061862 1.342396 0.529994 13.832723
1628061571.841228 1.458921 1.151701 8.184646 0.888536 0.493970 12.177774
1628061571.943102 1.610465 1.344014 5.260274 0.898066 0.506994 9.619813
1628061572.041608 1.431868 1.226955 7.059243 0.905841 0.525916 11.149823
1628061572.142062 1.722015 1.328188 8.796547 0.858414 0.505753 13.210917
1628061572.242016 1.464801 1.130049 5.920735 0.748198 0.441957 9.705740
1628061572.342207 1.581379 1.192319 8.380538 0.841113 0.502079 12.497428
1628061572.442386 1.526639 1.241176 8.988753 1.171356 0.489870 13.417794
1628061572.542713 1.503601 1.200983 8.295369 0.760979 0.507482 12.268414
1628061572.642732 1.815681 1.168760 6.560964 1.244342 0.468021 11.257768
1628061572.742910 2.107319 1.386827 7.597259 1.274618 0.490770 12.856793
1628061572.843115 1.455215 1.183902 8.556468 1.412688 0.455005 13.063278
1628061572.946437 1.657663 1.272771 8.555490 0.959123 0.486762 12.931809
1628061573.043515 1.828769 1.339918 9.680735 0.599698 0.587195 14.036315
1628061573.143663 1.638103 1.272212 8.702224 1.286529 0.489786 13.388854
1628061573.243862 1.654366 1.245404 8.071726 1.242259 0.464442 12.678197
1628061573.345474 1.461478 1.126899 5.477591 0.941862 0.434481 9.442311
1628061573.444608 1.152962 0.943068 6.735298 0.744996 0.380404 9.956728
1628061573.544423 1.470319 1.130956 8.504913 1.272222 0.461875 12.840285
1628061573.644623 1.397215 0.670377 5.996582 0.910752 0.343938 9.318864
1628061573.744800 1.412496 1.109608 5.257324 0.923646 0.471058 9.174132
1628061573.845005 1.442081 1.094963 8.171109 1.753250 0.459519 12.920922
1628061573.945226 1.419372 1.104296 8.141678 1.402941 0.461066 12.529353
1628061574.045576 1.437219 1.177037 5.747297 0.878239 0.495834 9.735626
1628061574.145581 2.056662 1.276347 9.804820 1.425310 0.651069 15.214208
1628061574.245757 1.675385 1.299464 6.242545 0.767784 0.543992 10.529170
1628061574.347311 1.635382 1.295958 8.568574 0.956844 0.511230 12.967988
1628061574.446142 1.942420 1.345577 7.568615 0.746553 0.577734 12.180899
1628061574.546326 1.740047 1.374398 8.842055 1.069955 0.568651 13.595106
1628061574.646525 1.766975 1.340241 5.164353 0.711877 0.546698 9.530144
1628061574.749845 1.694235 1.306394 8.591588 0.904037 0.507112 13.003366
1628061574.846899 1.323648 1.039178 8.243119 0.865068 0.424698 11.895711
1628061574.947145 1.780363 1.408325 6.130860 0.987367 0.570440 10.877355
1628061575.047306 1.989258 1.304212 8.158169 0.904559 0.493433 12.849631
1628061575.147457 1.724825 1.287204 9.155053 0.958506 0.539756 13.665344
1628061575.247687 1.690980 1.425863 5.750007 0.586278 0.581054 10.034182
1628061575.347830 1.748715 1.322706 8.939647 1.246285 0.554417 13.811770
1628061575.448040 1.638420 1.313063 4.878063 1.033061 0.547243 9.409850
1628061575.548219 1.850269 1.353786 8.729774 0.987819 0.557425 13.479073
1628061575.648756 1.725529 1.307191 9.100291 1.498369 0.534363 14.165743
1628061575.748591 1.498236 1.235079 5.715641 1.136161 0.512343 10.097460
1628061575.848799 1.544746 1.189733 8.321175 1.059857 0.522181 12.637692
1628061575.948980 1.745179 1.352363 8.656448 1.139195 0.557439 13.450624
1628061576.049208 1.607669 1.325007 5.691980 0.909850 0.560844 10.095350
1628061576.149362 1.851231 1.169365 9.525088 0.960916 0.657167 14.163767
1628061576.249557 1.990596 1.251435 8.920944 0.897732 0.592958 13.653665
1628061576.349759 1.860923 1.441550 9.270736 0.983352 0.557001 14.113562
1628061576.449954 1.818380 1.333384 9.172025 0.851015 0.561785 13.736589
1628061576.550104 1.703733 1.341041 8.053731 1.091536 0.599448 12.789489
1628061576.650293 1.716698 1.364327 8.894199 1.321706 0.534273 13.831203
1628061576.750502 1.654058 1.301952 8.320683 1.429379 0.499154 13.205226
1628061576.850712 1.600072 1.255245 5.789361 0.681773 0.531269 9.857720
1628061576.950870 2.128452 1.244873 7.629017 0.987571 0.500356 12.490269
1628061577.051082 1.387242 1.144857 8.119360 1.331096 0.461602 12.444157
1628061577.151256 1.936142 1.372250 5.539663 0.737746 0.541552 10.127353
1628061577.251459 1.738196 1.382815 5.424251 0.774450 0.512668 9.832380
1628061577.351654 1.765959 1.349323 8.294174 1.291932 0.503967 13.205355
1628061577.451841 1.633557 1.285262 5.403827 0.669727 0.501665 9.494038
1628061577.552015 1.808013 1.350706 8.637472 1.286145 0.518921 13.601257
1628061577.652307 1.685710 1.302089 4.847511 0.923672 0.482615 9.241597
1628061577.752406 1.925049 1.454077 5.213504 0.785198 0.554653 9.932481
1628061577.852590 1.823991 1.476550 8.721678 0.816891 0.600140 13.439250
1628061577.952763 2.017447 1.572621 8.981120 1.468701 0.599310 14.639199
1628061578.053013 1.860334 1.301061 5.302017 0.787974 0.566401 9.817787
1628061578.153188 0.696351 0.594401 4.442443 1.086111 0.248290 7.067596
1628061578.253344 1.445432 1.220953 5.360944 0.992929 0.492460 9.512718
1628061578.353582 1.721800 1.273599 7.966797 1.017616 0.518940 12.498752
1628061578.453858 1.784947 1.352440 5.511800 0.939774 0.542684 10.131645
1628061578.553921 1.772209 1.361501 8.269457 1.131610 0.531703 13.066480
1628061578.654099 1.278013 1.122798 5.884898 0.676821 0.444542 9.407072
1628061578.754275 1.621869 1.267399 8.237292 0.941478 0.487342 12.555380
1628061578.854469 1.729335 1.332500 8.458206 0.924132 0.512702 12.956875
1628061578.954706 1.689946 1.219734 8.230371 1.109240 0.470126 12.719417
1628061579.054991 2.011296 1.247638 7.506291 1.169730 0.600185 12.535140
1628061579.155038 1.606653 1.326885 8.169780 1.340314 0.510430 12.954062
1628061579.255263 1.673802 1.360311 8.527463 0.904814 0.517916 12.984306
1628061579.355453 1.617483 1.284520 8.013023 0.852919 0.475175 12.243120
1628061579.455612 1.401755 1.164170 5.583517 0.774661 0.472411 9.396514
1628061579.555819 1.615870 1.270777 5.016755 0.732749 0.521009 9.157160
1628061579.656015 1.655156 1.315386 8.644922 0.890648 0.551812 13.057924
1628061579.756174 1.720448 1.290670 8.507484 0.756931 0.503930 12.779463
1628061579.856356 1.628226 1.244215 8.170998 0.946727 0.504277 12.494443
1628061579.956538 1.585800 1.265510 5.220045 0.787834 0.532179 9.391368
1628061580.056749 1.628452 1.314988 8.533849 0.873189 0.495149 12.845627
1628061580.156935 1.640105 1.307696 9.117784 1.188981 0.498721 13.753287
1628061580.257130 1.634992 1.335662 8.270279 1.019382 0.493908 12.754223
1628061580.358004 1.920600 1.352384 4.860508 0.673506 0.546133 9.353131
1628061580.457496 0.816139 0.596341 4.941508 0.973902 0.239672 7.567562
1628061580.557678 1.651042 1.275703 4.448767 0.615735 0.509423 8.500670
1628061580.657888 1.733753 1.307635 7.775979 0.695418 0.505396 12.018181
1628061580.758055 1.716437 1.360509 8.247450 1.137755 0.493430 12.955581
1628061580.858387 1.791015 1.360258 4.604080 1.033801 0.514285 9.303439
1628061580.958456 1.828378 1.415737 8.764516 1.571513 0.521994 14.102138
1628061581.060405 1.634353 1.250178 4.945766 1.514438 0.494472 9.839207
1628061581.158817 1.734738 1.405122 8.818895 0.971134 0.545563 13.475452
1628061581.261847 1.746613 0.921919 7.833858 0.815782 0.298374 11.616546
1628061581.360361 1.798565 1.266619 8.368830 1.187879 0.463646 13.085539
1628061581.459953 1.506529 1.231019 8.266549 0.728039 0.528090 12.260226
1628061581.559595 0.699810 0.583843 5.418157 0.698247 0.283641 7.683698
1628061581.659779 1.339940 1.120302 8.488958 0.965801 0.466225 12.381226
1628061581.760272 1.745486 1.414858 9.376108 1.514392 0.556494 14.607338
1628061581.860621 1.550782 1.202729 5.374822 1.037167 0.495537 9.661037
1628061581.960352 1.773989 1.442813 9.738941 1.297701 0.693151 14.946595
1628061582.061320 1.492054 1.248285 8.770263 0.822246 0.474661 12.807509
1628061582.160717 1.980067 1.419564 9.479039 0.790521 0.581233 14.250424
1628061582.260892 1.540101 1.288585 9.274006 0.974994 0.528892 13.606578
1628061582.361097 1.794707 1.435580 9.291416 1.141273 0.530691 14.193667
1628061582.461691 1.058118 0.863334 7.486765 0.892612 0.357425 10.658254
1628061582.561467 1.213701 1.102921 7.708673 0.815331 0.493345 11.333971
1628061582.668117 1.828673 0.986417 4.824042 1.008692 0.239102 8.886926
1628061582.761860 2.016782 1.436242 9.008853 1.089023 0.538735 14.089635
1628061582.862062 1.569123 1.283865 5.102353 0.702897 0.515559 9.173797
1628061582.962312 1.768123 1.357199 9.410760 1.428157 0.547213 14.511452
1628061583.062531 1.465263 1.205286 8.160013 0.807045 0.486443 12.124050
1628061583.162612 1.785664 1.275856 8.094563 0.781393 0.495101 12.432577
1628061583.264036 1.839199 1.335546 8.278304 0.748810 0.500278 12.702137
1628061583.363018 1.875447 1.406903 9.340890 0.971151 0.553610 14.148001
1628061583.467140 1.720593 1.383491 6.212090 0.892451 0.564744 10.773369
1628061583.563370 1.697490 1.218996 9.051284 1.272346 0.474199 13.714315
1628061583.664475 1.801760 1.401461 5.315409 0.870799 0.568894 9.958323
1628061583.763788 1.908650 1.430294 9.344765 1.167819 0.562007 14.413535
1628061583.863937 1.776904 1.364569 8.508689 0.950502 0.563662 13.164326
1628061583.964221 1.736361 1.287698 9.175906 1.487989 0.528604 14.216558
1628061584.064368 1.346445 1.141149 9.453441 0.974863 0.505041 13.420939
1628061584.164512 0.803760 0.633103 8.995532 1.560688 0.339011 12.332094
1628061584.264723 1.635675 1.280451 8.346370 0.989503 0.487841 12.739840
1628061584.364880 1.673304 1.318499 5.353810 0.653921 0.537612 9.537146
1628061584.471077 1.738352 1.279725 8.759849 1.143206 0.492502 13.413634
1628061584.565298 1.759268 1.283512 8.684127 0.703704 0.498548 12.929159
1628061584.665440 1.589025 1.276203 6.410280 1.013818 0.507956 10.797282
1628061584.765656 1.689759 1.313776 8.774882 0.794762 0.503528 13.076707
1628061584.865827 1.619925 1.255669 8.302236 0.831120 0.487093 12.496043
1628061584.966027 1.644513 1.270299 5.810183 0.837441 0.523815 10.086251
1628061585.066215 1.654951 1.280200 8.913762 0.697399 0.527213 13.073525
1628061585.166426 1.704322 1.289070 8.528131 0.751551 0.490568 12.763642
1628061585.266644 1.756682 1.329770 9.369705 1.172155 0.549089 14.177401
1628061585.366796 1.859929 1.352264 9.244331 1.141952 0.676072 14.274548
1628061585.466957 1.617364 1.301195 8.983876 1.054085 0.538363 13.494883
1628061585.567148 1.616593 1.329189 5.373608 0.799132 0.502794 9.621316
1628061585.667347 1.669314 1.331330 8.920530 1.254533 0.563174 13.738881
1628061585.767592 1.637981 1.357979 7.962201 1.202752 0.525175 12.686088
1628061585.869845 1.942337 1.434475 4.959671 0.919680 0.553533 9.809696
1628061585.967960 1.821640 1.351760 8.573285 0.978302 0.546338 13.271325
1628061586.068109 1.743725 1.353019 8.147059 0.613646 0.693355 12.550804
1628061586.168324 1.702193 1.311967 9.679035 1.308412 0.501032 14.502639
1628061586.268521 1.684783 1.312858 6.339897 0.963062 0.539381 10.839981
1628061586.368807 1.894555 1.331530 8.890987 1.205239 0.679639 14.001950
1628061586.468860 1.620132 1.333389 8.603015 1.215995 0.527183 13.299714
1628061586.569436 2.135044 1.055640 6.005189 1.546267 0.384937 11.127077
1628061586.669471 1.556057 1.220081 8.480133 1.000318 0.470809 12.727398
1628061586.769455 1.763810 1.330802 5.560799 0.691964 0.680126 10.027501
1628061586.869756 2.098608 1.150114 5.987078 1.132715 0.410933 10.779448
1628061586.969817 1.857566 1.477655 8.811554 1.062845 0.611689 13.821309
1628061587.072331 1.920269 1.414583 8.895314 1.046436 0.531538 13.808140
1628061587.170183 1.736405 1.314730 4.894536 0.786089 0.507131 9.238891
1628061587.273995 1.819898 1.298310 8.213820 1.239920 0.502062 13.074010
1628061587.370609 1.874535 1.364825 8.740364 1.067456 0.676476 13.723656
1628061587.471473 1.932643 1.372290 4.922460 0.992356 0.504642 9.724391
1628061587.570968 1.952908 1.432913 5.055649 0.702359 0.559247 9.703076
1628061587.671233 1.560342 1.286049 6.056589 0.940745 0.534583 10.378308
1628061587.771330 1.519140 1.418473 9.474116 1.683296 0.648705 14.743730
1628061587.871744 1.877522 1.326071 5.684878 0.721199 0.537793 10.147463
1628061587.971773 1.963970 1.441199 8.737258 0.884043 0.665186 13.691656
1628061588.073822 1.655755 1.363360 6.174597 0.853370 0.534857 10.581939
1628061588.172136 1.646488 1.309316 5.353399 1.074129 0.648309 10.031641
1628061588.272260 1.412774 1.152594 8.678672 1.395841 0.486117 13.125998
1628061588.372470 1.817356 1.387060 8.909300 1.015720 0.538701 13.668137
1628061588.472713 1.809512 1.283729 8.645782 1.207244 0.519190 13.465457
1628061588.572855 1.822233 1.363263 5.098571 1.149310 0.558801 9.992178
1628061588.673160 1.691662 1.347902 5.634920 0.930738 0.557796 10.163018
1628061588.773249 1.440429 1.184343 7.532209 0.805033 0.507633 11.469647
1628061588.873870 1.758262 1.359730 8.633270 1.040692 0.544966 13.336920
1628061588.973598 1.918135 1.509222 9.172384 1.754983 0.589210 14.943934
1628061589.074296 1.698577 1.382864 5.306897 0.823477 0.569382 9.781197
1628061589.174399 1.780145 1.382072 4.667354 1.027066 0.562373 9.419010
1628061589.274322 1.632329 1.200932 8.446293 1.270844 0.460065 13.010463
1628061589.374808 1.855916 1.543782 5.272660 0.712354 0.614275 9.998987
1628061589.477887 1.507626 1.178826 7.750183 1.031395 0.509868 11.977898
1628061589.575148 1.429170 1.159503 5.330688 0.738220 0.471003 9.128584
1628061589.677904 1.805456 1.373876 5.984252 0.668155 0.555723 10.387462
1628061589.775420 1.696783 1.312441 8.647260 0.705625 0.542295 12.904404
1628061589.875309 1.598033 1.326987 5.781192 1.050105 0.563994 10.320311
1628061589.975557 1.766214 1.353698 7.771043 1.723724 0.528355 13.143034
1628061590.076056 1.929486 1.497171 8.927789 1.387172 0.605154 14.346772
1628061590.175937 2.198610 1.540117 8.524913 1.333775 0.575854 14.173269
1628061590.276073 1.673259 1.293621 9.183781 1.378232 0.535529 14.064422
1628061590.376349 1.632162 1.315892 4.898195 1.118298 0.534961 9.499508
1628061590.476439 1.594048 1.239272 8.749387 1.751206 0.481015 13.814928
1628061590.576638 1.827710 1.380148 8.770787 1.578020 0.566170 14.122835
1628061590.676867 1.547169 1.249803 5.338040 0.894793 0.557379 9.587184
1628061590.777069 1.665744 1.370656 8.351663 1.027463 0.536491 12.952017
1628061590.877213 1.584897 1.208475 5.721306 0.695221 0.485753 9.695652
1628061590.977392 1.699705 1.397433 5.529247 1.027712 0.555903 10.210000
1628061591.077586 1.533268 1.190781 8.073001 1.435007 0.486982 12.719039
1628061591.177780 1.756070 1.361978 4.899214 0.820168 0.546981 9.384411
1628061591.278051 1.594617 1.291901 8.370877 1.568105 0.522198 13.347698
1628061591.378162 1.791646 1.371250 8.395097 1.152237 0.584840 13.295070
1628061591.478320 1.470068 1.185474 8.104144 1.302374 0.483872 12.545932
1628061591.578545 1.575096 1.359744 4.675657 0.645454 0.535354 8.791305
1628061591.678963 1.416950 1.153157 8.960823 1.385746 0.506169 13.422845
1628061591.778896 1.885563 1.444819 5.448237 1.101354 0.564000 10.443973
1628061591.879082 1.928701 1.203157 9.081872 1.182192 0.632175 14.028097
1628061591.979273 1.952594 1.437092 8.541877 0.685993 0.566595 13.184151
1628061592.079472 1.533742 1.141322 8.665346 1.605079 0.495067 13.440556
1628061592.179653 1.516969 1.253819 5.198643 0.688542 0.506230 9.164203
1628061592.279874 1.839540 1.196684 9.346674 1.721530 0.493759 14.598187
1628061592.380028 2.022304 1.045025 5.657262 1.466663 0.384674 10.575928
1628061592.480218 1.584229 1.266397 7.523114 1.409989 0.407842 12.191571
1628061592.580409 1.735777 1.364198 8.358947 1.483535 0.559756 13.502213
1628061592.680617 1.497405 1.219522 8.094571 1.069378 0.506322 12.387198
1628061592.780782 1.788649 1.369057 4.529023 1.037119 0.538346 9.262194
1628061592.880979 1.614726 1.235167 8.463721 1.416845 0.500885 13.231344
1628061592.981206 1.760464 1.319713 8.063089 1.089304 0.510367 12.742937
1628061593.081397 1.659684 1.360802 8.530357 1.731434 0.507850 13.790127
1628061593.181577 1.601149 1.254613 8.009288 1.095352 0.518375 12.478777
1628061593.281749 1.509529 1.165304 8.754132 1.323575 0.504018 13.256558
1628061593.381929 1.862017 1.427906 8.231345 0.801020 0.569425 12.891713
1628061593.482115 1.348903 1.112882 8.158721 1.440796 0.460481 12.521783
1628061593.582314 1.574390 1.297309 4.557421 0.746653 0.532616 8.708389
1628061593.682549 1.854358 1.121228 8.451159 1.574450 0.451131 13.452326
1628061593.782731 1.971408 1.546056 5.190231 0.827949 0.597825 10.133469
1628061593.882876 1.518722 1.236195 8.647324 1.360044 0.611576 13.373861
1628061593.983167 1.767299 1.393762 7.903432 1.278108 0.532102 12.874703
1628061594.083249 1.583643 1.209922 7.754033 0.683819 0.506402 11.737819
1628061594.184587 1.814875 1.292298 4.766785 1.076996 0.505165 9.456119
1628061594.283629 1.748881 1.256739 8.652291 0.958333 0.516080 13.132324
1628061594.384199 1.711672 1.373855 8.321971 1.614157 0.535844 13.557499
1628061594.484085 1.340376 1.187207 5.461082 0.872018 0.482536 9.343219
1628061594.584210 1.854796 1.431743 5.132625 0.871698 0.538468 9.829330
1628061594.684393 1.790568 1.110426 9.066293 1.708500 0.487692 14.163479
1628061594.785451 1.827580 1.446642 8.731166 0.814904 0.604133 13.424425
1628061594.884815 1.688173 1.365541 8.458106 1.469307 0.523710 13.504837
1628061594.985321 1.573391 1.216849 7.769306 0.895261 0.465138 11.919945
1628061595.085180 1.720489 1.275133 8.492698 1.400349 0.536667 13.425336
1628061595.188696 2.041139 1.541730 5.316684 0.667941 0.580789 10.148283
1628061595.285534 1.604660 1.257848 8.195814 1.332940 0.483652 12.874914
1628061595.385753 1.636798 1.272705 7.008048 1.200382 0.510808 11.628741
1628061595.485915 1.475018 1.192822 8.409722 2.005569 0.524877 13.608008
1628061595.589376 1.910133 1.489227 8.875119 0.609957 0.597815 13.482251
1628061595.686324 1.090628 0.937820 8.461037 1.275322 0.414819 12.179626
1628061595.786541 1.892997 1.460737 5.326537 0.685056 0.571665 9.936992
1628061595.886725 1.400581 1.122848 8.749289 0.982947 0.476003 12.731668
1628061595.986875 1.925742 1.395174 8.162818 0.930430 0.533817 12.947981
1628061596.087056 1.515721 1.209924 8.611226 1.382919 0.484091 13.203881
1628061596.187323 1.792973 1.522306 8.039524 0.819500 0.557862 12.732165
1628061596.287449 1.416836 1.228287 8.534484 1.034987 0.572261 12.786855
1628061596.388153 1.932995 1.527116 8.844019 0.899987 0.552138 13.756255
1628061596.487808 1.488427 1.398553 7.985514 0.761521 0.498909 12.132924
1628061596.588954 1.537662 1.279480 4.907521 0.796285 0.525815 9.046763
1628061596.688210 1.514049 1.207899 4.906283 1.175994 0.496738 9.300963
1628061596.788363 1.576486 1.290578 8.074753 1.406955 0.505221 12.853993
1628061596.888554 1.418548 1.187488 8.733907 1.257485 0.506106 13.103534
1628061596.996373 1.877017 1.450098 8.254415 0.921155 0.540302 13.042987
1628061597.088946 1.496835 1.394357 8.586148 1.378230 0.501338 13.356908
1628061597.191142 1.675006 1.323021 8.145882 0.924112 0.490700 12.558721
1628061597.289320 1.570146 1.151923 8.737532 1.523220 0.468276 13.451097
1628061597.389524 1.715821 1.264735 8.541507 1.029968 0.491842 13.043873
1628061597.489738 1.138077 0.868047 7.565239 1.529381 0.516747 11.617491
1628061597.589880 1.779618 1.300115 8.823003 0.732632 0.533637 13.169005
1628061597.690072 1.852428 1.431775 9.879861 1.594275 0.732357 15.490696
1628061597.790262 1.601401 1.247416 8.974020 1.623915 0.516027 13.962779
1628061597.890473 1.707795 1.389859 8.595397 1.613876 0.561933 13.868860
1628061597.990753 1.948812 1.438918 9.062181 1.460778 0.542179 14.452868
1628061598.090940 1.829324 1.336271 5.285065 1.047133 0.578147 10.075940
1628061598.191039 1.821731 1.322084 8.325189 1.181950 0.501526 13.152480
1628061598.291210 0.957934 0.599229 7.070998 0.789068 0.252003 9.669232
1628061598.391771 1.514510 1.266324 8.973572 1.900658 0.493407 14.148471
1628061598.491661 1.580322 1.265285 4.553857 0.837419 0.482672 8.719555
1628061598.591775 1.631540 1.298351 7.872073 0.844361 0.492845 12.139170
1628061598.692014 1.669535 1.295047 8.879599 0.839932 0.524143 13.208256
1628061598.797687 1.771852 1.277649 4.690346 0.740498 0.468445 8.948790
1628061598.892412 1.663102 1.325520 5.680189 1.038324 0.519365 10.226500
1628061598.992530 1.840104 1.377833 8.331276 0.853919 0.511420 12.914552
1628061599.092752 1.881825 1.390991 8.145556 1.099009 0.491051 13.008432
1628061599.192915 1.955111 1.390338 5.361191 0.731005 0.561179 9.998824
1628061599.293172 1.796121 1.455835 8.617389 0.971791 0.563266 13.404402
1628061599.399209 1.988875 1.381986 8.561988 1.267997 0.521083 13.721929
1628061599.494215 1.798096 1.308807 9.333263 1.876775 0.535853 14.852794
1628061599.593670 1.750628 1.281453 8.615622 1.061760 0.541481 13.250944
1628061599.694096 1.723275 1.303399 8.946324 1.144265 0.481768 13.599031
1628061599.794054 1.828698 1.354851 9.340451 1.905450 0.559175 14.988625
1628061599.894240 1.402193 1.148681 8.247547 1.090383 0.472691 12.361495
1628061599.994432 1.682848 1.282890 8.286061 1.172457 0.504623 12.928879
1628061600.096035 1.864503 1.458677 5.366528 0.647754 0.558680 9.896142
1628061600.194818 1.664475 1.511185 7.546179 0.948745 0.549045 12.219629
1628061600.295792 1.642216 1.284324 9.012310 0.770392 0.520147 13.229389
1628061600.395335 1.750861 1.351969 8.852092 0.989099 0.556620 13.500641
1628061600.495377 1.782903 1.336892 5.557723 0.745996 0.554100 9.977614
1628061600.595610 1.791380 1.271622 8.461017 1.035997 0.489975 13.049991
1628061600.695759 1.720775 1.332720 4.811933 0.819219 0.507919 9.192566
1628061600.795976 1.754767 1.381433 8.392331 0.952584 0.523258 13.004373
1628061600.896742 1.532589 1.207787 8.639748 0.902377 0.471249 12.753750
1628061600.996323 1.520402 1.218490 9.102886 1.422792 0.522279 13.786849
1628061601.096518 1.766190 1.369297 5.746078 0.543717 0.511082 9.936364
1628061601.196733 1.958999 1.545171 9.507395 1.242567 0.593756 14.847888
1628061601.296898 1.863450 1.414518 5.938939 0.999278 0.531893 10.748078
1628061601.494984 3.133977 1.616567 6.126727 0.603512 0.642490 12.123273
1628061601.497286 0.000125 0.604751 4.842190 0.802454 0.236444 6.485964
1628061601.597462 1.828834 1.407217 8.999651 0.867291 0.573753 13.676746
1628061601.697804 1.503306 1.142645 5.452802 0.967414 0.491721 9.557888
1628061601.797911 1.781564 1.425301 5.356019 0.758361 0.568670 9.889915
1628061601.898030 1.680640 1.362667 5.714206 0.622656 0.531738 9.911907
1628061602.001861 1.815857 1.428391 9.128018 0.848503 0.557071 13.777840
1628061602.100677 1.807833 1.352771 5.803064 0.706998 0.526286 10.196952
1628061602.198617 1.768911 1.316951 9.343452 1.473629 0.522777 14.425720
1628061602.298811 1.699373 1.261389 4.912375 0.793689 0.342572 9.009398
1628061602.401150 1.763409 1.309871 9.005712 1.353002 0.568072 14.000066
1628061602.499180 1.887492 1.211759 6.771355 1.174278 0.611715 11.656599
1628061602.599366 2.125669 1.490361 9.131630 1.624095 0.537185 14.908940
1628061602.699568 1.726085 1.383569 5.639587 1.080229 0.582234 10.411704
1628061602.799783 0.821292 0.710925 8.580628 1.663654 0.329891 12.106390
1628061602.899938 1.790476 1.343024 5.179208 0.703446 0.505929 9.522083
1628061603.000112 1.744688 1.343343 9.515129 0.963485 0.557333 14.123978
1628061603.101899 1.568030 1.267788 8.757402 0.839630 0.522488 12.955338
1628061603.200488 1.788366 1.343190 9.134207 0.730336 0.555536 13.551635
1628061603.300747 1.951281 0.999255 6.785656 2.142400 0.394035 12.272627
1628061603.400873 1.643766 1.341853 5.435901 1.021359 0.596418 10.039297
1628061603.501061 1.671777 1.226884 9.408738 0.733447 0.482719 13.523565
1628061603.601247 1.506470 1.228308 8.920811 1.399853 0.489359 13.544801
1628061603.701473 0.985858 0.784826 9.375569 1.080519 0.329166 12.555938
1628061603.801661 1.356642 1.157304 8.602481 1.041172 0.453184 12.610783
1628061603.901816 1.746341 1.409253 5.654485 1.033879 0.601265 10.445223
1628061604.002179 1.892986 1.396995 9.555420 1.414965 0.546799 14.807165
1628061604.102305 1.806284 1.351517 6.640048 0.908248 0.538069 11.244166
1628061604.202439 2.015306 1.302968 6.820401 0.984007 0.506114 11.628796
1628061604.302574 1.410829 1.196884 6.340190 0.899501 0.495212 10.342616
1628061604.402800 2.055095 1.429276 10.025103 1.210106 0.593923 15.313503
1628061604.503015 1.678827 1.329767 5.432788 0.605069 0.533601 9.580052
1628061604.603145 2.127810 1.509967 10.263279 1.201169 0.599960 15.702185
1628061604.703379 1.480822 1.210564 8.875276 0.786333 0.536148 12.889143
1628061604.803557 1.705407 1.337817 9.165265 1.175078 0.553400 13.936967
1628061604.903768 1.712367 1.360024 6.144307 0.699668 0.558694 10.475060
1628061605.003916 1.523441 1.192557 6.552358 0.615411 0.529186 10.412953
1628061605.104089 1.618375 1.272151 9.074737 0.963361 0.536367 13.464991
1628061605.204301 1.783100 1.294284 5.830374 0.746228 0.541352 10.195338
1628061605.304488 1.816109 1.314587 8.915101 1.178870 0.480463 13.705130
1628061605.404675 1.745666 1.352383 6.028835 0.928797 0.555611 10.611292
1628061605.504914 1.648200 1.317131 6.070166 0.738756 0.542826 10.317079
1628061605.605069 2.204372 1.401250 9.368547 0.940392 0.539798 14.454359
1628061605.705253 1.642035 1.330588 9.002188 1.120719 0.543482 13.639012
1628061605.805429 1.840022 1.464138 9.378561 1.841367 0.589052 15.113140
1628061605.905639 1.712818 1.305160 6.487778 1.030763 0.547397 11.083916
1628061606.005844 2.307875 1.582863 6.080141 0.682280 0.622273 11.275432
1628061606.105982 1.788709 1.397485 8.987502 1.009105 0.569290 13.752091
1628061606.206187 1.887200 1.506057 9.074564 1.338214 0.597837 14.403872
1628061606.306366 1.677720 1.345869 8.707209 0.803620 0.574288 13.108706
1628061606.406590 2.243683 1.168356 10.092449 1.334075 0.285832 15.124395
1628061606.506804 2.037024 0.898767 8.718611 1.482826 0.245074 13.382302
1628061606.606945 2.087850 1.528251 9.679093 1.075107 0.603273 14.973574
1628061606.707134 1.426442 1.182514 8.925750 1.044116 0.501477 13.080299
1628061606.807320 1.774170 1.379372 8.784553 1.524689 0.581257 14.044041
1628061606.907657 1.714637 1.262039 8.721389 0.808502 0.482872 12.989439
1628061607.007695 2.124709 1.504109 9.227255 0.804668 0.622461 14.283202
1628061607.108105 1.655782 1.309842 5.006063 0.795752 0.530562 9.298001
1628061607.208077 1.797013 1.367841 9.233281 0.862319 0.606371 13.866825
1628061607.308320 1.722196 1.418027 8.686502 1.282906 0.562794 13.672425
1628061607.408484 1.668571 1.294102 5.433845 0.765084 0.541268 9.702870
1628061607.508754 1.775834 1.395319 8.755581 0.846970 0.558040 13.331744
1628061607.608829 1.707431 1.334079 8.521308 1.155455 0.565463 13.283736
1628061607.709042 1.723881 1.346871 9.169853 0.724385 0.533603 13.498593
1628061607.809237 1.756333 1.270768 8.542051 1.046686 0.500105 13.115943
1628061607.909986 1.709599 1.244260 8.371614 0.907714 0.532079 12.765266
1628061608.009585 1.999608 1.420494 8.840428 0.744372 0.569683 13.574585
1628061608.109806 1.795251 1.399675 8.679942 0.748140 0.541601 13.164609
1628061608.209963 1.670391 1.321082 8.341776 0.833430 0.523913 12.690592
1628061608.310426 1.536724 1.221274 8.771621 1.076258 0.522836 13.128713
1628061608.410354 1.461439 1.169383 9.703054 1.063780 0.534454 13.932110
1628061608.513298 1.610220 1.165872 5.967696 0.749944 0.541210 10.034942
1628061608.610723 1.997708 1.503974 9.801649 1.507446 0.641459 15.452236
1628061608.710932 1.625003 1.283714 9.024085 1.078552 0.585784 13.597138
1628061608.811138 1.701621 1.284159 9.486731 1.525298 0.590846 14.588655
1628061608.916608 1.819360 1.386932 9.511995 0.843397 0.622840 14.184524
1628061609.011482 1.894259 1.413566 9.868953 1.950981 0.621471 15.749230
1628061609.115264 1.659616 1.329988 9.415068 1.211395 0.602598 14.218665
1628061609.211873 1.697159 1.292638 6.118146 0.653632 0.596485 10.358060
1628061609.312153 1.674277 1.308780 5.769553 0.988761 0.594859 10.336230
1628061609.412431 1.586028 1.293149 9.584107 0.864210 0.585977 13.913471
1628061609.512426 1.440762 1.193375 10.214053 1.331902 0.578828 14.758920
1628061609.612639 1.422834 1.147267 8.831957 1.192031 0.534671 13.128760
1628061609.712810 1.711600 1.313628 9.799803 1.831261 0.597381 15.253673
1628061609.813064 1.610451 1.245275 6.310684 1.691647 0.579070 11.437127
1628061609.913209 1.650212 1.271594 9.685977 1.576653 0.621886 14.806322
1628061610.013466 1.609003 1.051188 5.960621 1.234793 0.643424 10.499029
1628061610.114260 1.427215 1.193597 9.075592 0.799568 0.537171 13.033143
1628061610.213768 1.599740 1.308645 9.205175 1.225497 0.631102 13.970159
1628061610.313946 1.418719 1.172894 5.754352 1.756836 0.571200 10.674001
1628061610.414167 1.573544 1.131475 8.195149 1.170794 0.745708 12.816670
1628061610.514464 1.269127 1.005843 9.238148 0.733349 0.519327 12.765794
1628061610.614558 1.840277 1.267238 9.943860 1.343592 0.617194 15.012161
1628061610.714704 1.483329 1.132036 6.069081 0.820826 0.553453 10.058725
1628061610.814915 1.655597 1.271523 9.217190 1.153661 0.602484 13.900455
1628061610.922418 1.332759 1.028286 6.753127 0.714682 0.477886 10.306740
1628061611.015307 1.262093 0.955861 9.030643 0.722602 0.474333 12.445532
1628061611.119965 1.234339 0.984648 5.653034 1.325847 0.489407 9.687275
1628061611.215674 1.322926 1.097139 8.574302 0.699371 0.529799 12.223537
1628061611.315846 1.494005 1.205123 8.526523 0.803567 0.521995 12.551213
1628061611.416067 1.542559 1.171437 5.694060 1.269606 0.567859 10.245521
1628061611.516239 1.451520 0.855036 5.129473 1.142308 0.254015 8.832352
1628061611.616421 1.439640 1.169110 6.390308 0.685023 0.514505 10.198586
1628061611.716639 1.514188 1.211270 5.766178 0.704706 0.572769 9.769111
1628061611.816805 1.369017 1.166892 8.537499 1.112668 0.545066 12.731142
1628061611.918200 1.136583 0.899447 7.026599 0.777653 0.431352 10.271634
1628061612.017176 1.437391 1.150794 8.924707 0.965322 0.543107 13.021321
1628061612.119001 1.436038 1.117514 5.520266 0.728400 0.560463 9.362681
1628061612.217566 1.503733 1.207857 8.471916 1.312750 0.602406 13.098662
1628061612.317737 1.556505 1.251490 9.206427 1.446527 0.641063 14.102012
1628061612.417934 1.368826 1.237374 8.301066 0.771049 0.596467 12.274782
1628061612.518121 1.276189 1.074108 8.473657 0.667343 0.546061 12.037358
1628061612.618318 1.484412 1.172105 8.117710 0.738969 0.560059 12.073255
1628061612.718500 1.211098 0.955734 4.395195 0.858792 0.496029 7.916848
1628061612.818740 1.329917 1.085031 8.358858 0.804792 0.522596 12.101194
1628061612.918894 1.276095 1.036181 4.509643 0.886398 0.492256 8.200573
1628061613.019064 1.392938 1.153497 8.450625 0.850586 0.557906 12.405552
1628061613.119257 1.454674 1.067097 4.651614 0.589686 0.238023 8.001094
1628061613.219443 1.205351 0.998659 7.989391 0.933805 0.508542 11.635748
1628061613.319643 1.228942 1.020836 5.742173 0.668029 0.496275 9.156255
1628061613.419831 1.223760 1.000796 8.705725 1.056544 0.531710 12.518535
1628061613.520009 1.005321 0.937341 6.623806 0.923187 0.513079 10.002734
1628061613.620220 1.135745 1.015000 6.612977 0.802914 0.539006 10.105642
1628061613.720392 1.195707 1.008306 8.514043 1.029270 0.527423 12.274749
1628061613.820618 1.330561 1.147755 8.327445 0.714192 0.570036 12.089989
1628061613.922044 1.141366 1.012405 6.182793 0.913199 0.515375 9.765138
1628061614.020983 1.346734 1.133164 8.752469 0.625530 0.600163 12.458060
1628061614.121176 1.319956 1.086493 8.661879 1.160987 0.514579 12.743894
1628061614.221361 1.207362 1.049494 4.783619 0.660226 0.494449 8.195150
1628061614.321558 1.195935 0.956041 8.190685 0.982992 0.491039 11.816692
1628061614.421739 1.181176 0.959699 7.913704 1.322061 0.471874 11.848514
1628061614.521928 1.322567 0.928217 6.324419 1.449658 0.506100 10.530961
1628061614.622155 1.164590 0.972336 5.402130 0.516929 0.459953 8.515938
1628061614.722309 1.053685 0.867511 8.050508 0.571773 0.427985 10.971462
1628061614.822476 1.264955 1.038486 5.310566 0.655534 0.474793 8.744334
1628061614.922688 1.100515 0.906506 7.891224 0.846372 0.438139 11.182756
1628061615.025844 1.116894 0.944239 4.578833 0.800828 0.441852 7.882646
1628061615.123091 1.154027 0.947989 8.484869 0.916191 0.458044 11.961120
1628061615.223232 1.297801 1.033139 5.455916 0.761561 0.503698 9.052115
1628061615.323427 1.297103 1.009637 8.401640 0.993802 0.465142 12.167324
1628061615.425552 1.221980 1.052002 9.017342 0.964050 0.484745 12.740119
1628061615.523807 1.255453 0.988367 4.746838 0.736176 0.478620 8.205454
1628061615.625925 1.395375 1.114025 8.737655 0.938747 0.526377 12.712179
1628061615.724178 1.263718 1.087952 6.918834 0.861295 0.523317 10.655116
1628061615.827425 1.246646 1.081045 8.894775 0.827206 0.486872 12.536544
1628061615.924558 1.266583 0.974579 8.872388 1.025481 0.419006 12.558037
1628061616.024754 1.307461 1.019732 5.192707 0.579106 0.462287 8.561293
1628061616.124959 1.264724 0.992975 8.748421 1.015801 0.405370 12.427291
1628061616.225127 0.557930 0.500721 7.967645 0.601734 0.223491 9.851521
1628061616.325330 1.200456 0.998255 8.860122 0.816545 0.421970 12.297348
1628061616.425541 1.312681 1.077755 7.645910 1.018306 0.464945 11.519597
1628061616.525714 1.494650 1.097599 9.705682 1.376338 0.455058 14.129327
1628061616.625929 1.521546 1.232956 9.515548 1.223399 0.513505 14.006954
1628061616.726073 1.645404 1.208465 8.689143 0.814689 0.462445 12.820146
1628061616.826263 1.485157 1.138875 5.111049 0.722971 0.230343 8.688395
1628061616.926456 1.396425 1.160699 8.986389 0.893582 0.457965 12.895060
1628061617.028157 1.646427 1.373218 5.619468 0.483948 0.545795 9.668856
1628061617.126878 1.587492 1.240184 10.121139 1.372269 0.482241 14.803325
1628061617.227542 1.444689 1.163451 8.230137 0.651079 0.445504 11.934860
1628061617.327267 1.651736 1.262886 9.079179 0.925666 0.481975 13.401442
1628061617.427408 1.501696 1.264373 8.669678 0.860288 0.488049 12.784084
1628061617.527610 1.653548 1.323884 9.601161 1.020379 0.541921 14.140893
1628061617.629879 1.477075 1.235664 8.928571 0.882021 0.456277 12.979608
1628061617.728024 2.144643 1.327942 10.007316 1.354926 0.629093 15.463920
1628061617.828174 1.663276 1.202262 5.252298 0.921602 0.455453 9.494891
1628061617.928373 1.293848 1.088687 8.688877 0.633910 0.422571 12.127893
1628061618.028681 0.930782 0.946262 5.419440 0.727112 0.352553 8.376149
1628061618.128757 1.846509 1.296976 8.901717 0.932905 0.509232 13.487339
1628061618.228946 1.644442 1.321636 5.093489 0.633518 0.478392 9.171477
1628061618.329107 1.835844 1.369021 8.636938 1.042848 0.495388 13.380039
1628061618.429300 1.794046 1.356219 8.628511 0.940847 0.507216 13.226839
1628061618.529575 1.519864 1.240978 8.980651 1.124814 0.472696 13.339003
1628061618.629929 1.662736 1.298198 8.401261 0.927641 0.485248 12.775084
1628061618.729973 1.831129 1.322661 5.092614 0.874938 0.471670 9.593012
1628061618.830058 1.673425 1.337118 8.297897 1.187742 0.469420 12.965602
1628061618.930255 1.572565 1.246254 9.128398 1.068376 0.468821 13.484414
1628061619.030861 1.576004 1.239914 4.366737 0.579955 0.238501 8.001111
1628061619.130628 1.540379 1.243109 8.139761 1.766830 0.440791 13.130870
1628061619.230833 1.653429 1.274911 4.966448 0.646977 0.457598 8.999363
1628061619.331022 1.644911 1.249257 7.567889 0.963878 0.428791 11.854726
1628061619.431199 1.721978 1.340381 7.993799 1.231960 0.461230 12.749348
1628061619.531419 1.766093 1.239802 7.965694 0.979977 0.441972 12.393538
1628061619.631587 1.580059 1.230328 4.765582 0.680021 0.433555 8.689545
1628061619.731956 1.621535 1.290341 7.888209 1.192472 0.425839 12.418396
1628061619.831972 2.052646 1.420133 7.858566 0.584046 0.489621 12.405012
1628061619.932153 1.496572 1.165139 8.023154 1.144420 0.417684 12.246969
1628061620.032473 1.577878 1.250989 7.422236 1.015460 0.408113 11.674676
1628061620.132532 1.503321 1.235387 7.611432 0.912138 0.396472 11.658750
1628061620.232713 1.586727 1.240706 7.408065 1.003761 0.412325 11.651584
1628061620.332936 1.530853 1.219965 7.686964 1.322071 0.398010 12.157863
1628061620.433107 1.590409 1.287610 7.325564 0.861955 0.428414 11.493952
1628061620.534667 1.600518 1.201204 7.868331 1.342064 0.412031 12.424148
1628061620.634130 1.617573 1.323415 7.983568 0.911590 0.468927 12.305073
1628061620.733672 1.585936 1.193830 7.412060 1.188183 0.410187 11.790196
1628061620.833857 1.527411 1.159185 7.270038 0.842838 0.418604 11.218076
1628061620.934050 1.541415 1.163718 7.563861 0.858430 0.402927 11.530351
1628061621.034258 1.491885 1.208600 7.103836 0.998357 0.407072 11.209750
1628061621.134442 1.648056 1.134678 7.632965 0.998984 0.493176 11.907859
1628061621.234668 1.780419 1.139407 7.205885 1.123726 0.379527 11.628964
1628061621.334883 1.402497 1.087339 6.136552 0.661741 0.371165 9.659294
1628061621.435008 1.540195 1.200767 7.094528 1.278776 0.421414 11.535680
1628061621.535198 1.576216 1.192992 7.240628 1.572635 0.394743 11.977214
1628061621.635370 1.541149 1.269838 7.785428 0.977263 0.429662 12.003340
1628061621.735584 1.320655 1.121581 7.449639 1.111000 0.370354 11.373229
1628061621.836654 1.403581 1.179807 4.619312 0.623618 0.429843 8.256161
1628061621.935948 1.357195 1.097045 4.414077 0.684792 0.393619 7.946728
1628061622.036451 1.550453 1.238785 4.019930 0.777893 0.277985 7.865046
1628061622.136353 1.456853 1.133773 7.585167 0.924958 0.404298 11.505049
1628061622.236507 1.564697 1.187739 7.440423 1.033881 0.405717 11.632457
1628061622.336739 1.449275 1.112492 7.193479 1.014482 0.368370 11.138098
1628061622.437217 1.519687 0.664446 4.676207 0.734685 0.297575 7.892600
1628061622.537069 1.871492 1.063291 7.518659 0.948157 0.210934 11.612533
1628061622.637856 1.480435 1.180879 7.333830 0.715740 0.396611 11.107495
1628061622.737491 1.670382 1.073000 5.073325 1.016697 0.471524 9.304928
1628061622.838312 1.586249 1.284712 7.189694 1.581264 0.416686 12.058605
1628061622.937834 1.488761 1.207556 5.088660 0.596202 0.434911 8.816090
1628061623.038150 1.687932 1.306323 7.549364 0.954672 0.470221 11.968512
1628061623.138219 1.625630 1.150920 7.217725 1.026081 0.395731 11.416087
1628061623.241788 1.747155 1.258132 7.358808 1.016739 0.475221 11.856055
1628061623.338631 1.755536 1.291008 7.466430 0.604201 0.463403 11.580578
1628061623.438778 1.652339 1.288475 7.161650 0.878017 0.452784 11.433265
1628061623.538964 1.559475 1.207618 7.486207 1.222385 0.424456 11.900141
1628061623.639160 1.496086 1.187968 6.968362 1.030271 0.425675 11.108362
1628061623.739340 1.381005 1.067283 4.980251 0.552479 0.390891 8.371909
1628061623.839541 1.709720 1.256947 7.366711 0.929298 0.468208 11.730884
1628061623.939742 1.405425 1.265973 7.156746 1.162615 0.448569 11.439328
1628061624.039930 1.470436 1.156579 4.135185 0.450212 0.430384 7.642796
1628061624.140136 1.381457 1.185010 7.429098 1.383923 0.439748 11.819236
1628061624.240297 1.662746 1.233542 7.111306 1.151687 0.420235 11.579516
1628061624.340559 1.344944 1.002160 5.687921 0.655332 0.374626 9.064983
1628061624.448514 1.472026 1.188675 5.399457 0.611230 0.418434 9.089822
1628061624.540879 1.257850 1.030388 7.326218 0.897233 0.361024 10.872713
1628061624.641062 1.443277 1.092502 6.787420 0.840902 0.379114 10.543215
1628061624.741256 1.432055 1.085054 7.287218 1.152034 0.386708 11.343069
1628061624.841434 1.592197 1.359897 6.766312 1.108929 0.447662 11.274997
1628061624.941638 1.374449 1.063718 5.300993 0.645719 0.370151 8.755030
1628061625.041807 1.649402 1.280254 6.783257 0.933350 0.430920 11.077183
1628061625.142026 0.598414 0.500184 4.167249 0.578790 0.187976 6.032613
1628061625.242273 1.448507 1.182263 6.953807 0.986301 0.444795 11.015673
1628061625.342422 1.183196 0.963537 4.465517 0.508808 0.331225 7.452283
1628061625.442568 1.554667 1.180677 6.804223 0.780414 0.410777 10.730758
1628061625.542785 1.615407 1.171127 7.281863 1.084350 0.411027 11.563774
1628061625.642970 1.505460 1.200984 7.344267 1.006438 0.415109 11.472258
1628061625.743152 1.744199 1.272664 7.530047 1.217628 0.441153 12.205691
1628061625.843590 1.574714 1.185372 5.039565 0.504168 0.447795 8.751614
1628061625.943528 1.538535 1.205595 7.341090 1.074765 0.454011 11.613996
1628061626.043710 1.584794 1.193706 7.421479 0.791665 0.448014 11.439658
1628061626.143899 1.209013 0.988569 4.298948 0.459232 0.387251 7.343013
1628061626.244086 1.567594 1.257325 7.517069 0.970295 0.437668 11.749951
1628061626.344306 1.527948 1.184189 5.404306 0.440883 0.469693 9.027019
1628061626.444465 1.419124 1.194611 4.830824 0.445280 0.429429 8.319268
1628061626.544681 1.264230 1.055277 7.269923 0.570847 0.401265 10.561542
1628061626.644848 1.261455 1.165206 6.577450 0.506834 0.432095 9.943040
1628061626.745054 1.323946 1.050111 5.793321 0.484442 0.394991 9.046811
1628061626.845225 1.613075 1.286596 7.446742 0.519422 0.483395 11.349230
1628061626.945433 1.562115 1.175722 7.378827 1.034666 0.446280 11.597610
1628061627.045606 1.520307 1.173927 7.577236 1.053577 0.432453 11.757500
1628061627.145821 1.428225 1.183017 5.419033 0.521925 0.441437 8.993637
1628061627.245992 1.379031 1.111382 7.392356 0.627130 0.427356 10.937255
1628061627.346192 1.405974 1.081907 4.644745 0.515694 0.406382 8.054702
1628061627.446365 1.440310 1.127082 5.169680 0.615561 0.433487 8.786120
1628061627.547157 1.229277 1.002643 7.093908 0.866875 0.387849 10.580552
1628061627.646758 1.474562 1.212694 7.544012 0.523369 0.486728 11.241365
1628061627.746956 0.519459 0.451265 3.989884 0.504467 0.187535 5.652610
1628061627.847141 1.271330 1.021226 7.154253 0.931757 0.416508 10.795074
1628061627.947328 1.424597 1.090585 5.117580 0.539473 0.455003 8.627238
1628061628.047507 1.528200 1.168547 7.122533 0.686772 0.436018 10.942070
1628061628.147689 1.257379 1.004617 7.138937 0.815924 0.400677 10.617534
1628061628.249853 1.420146 1.098760 5.513684 0.496109 0.428514 8.957213
1628061628.348092 1.282100 0.893683 5.165426 0.719116 0.452639 8.512964
1628061628.448365 1.339632 1.073112 7.278511 0.861368 0.432898 10.985521
1628061628.548456 1.256779 1.037828 4.884719 0.512764 0.434817 8.126907
1628061628.648649 1.757081 1.065237 6.955333 0.852433 0.579711 11.209795
1628061628.748850 1.323645 1.157707 7.506006 0.973421 0.444983 11.405762
1628061628.850599 1.461286 1.191656 7.999807 1.071055 0.476631 12.200435
1628061628.949208 1.740319 1.207150 6.981433 0.788796 0.441173 11.158871
1628061629.049466 1.243797 1.026578 7.113646 1.050063 0.437036 10.871120
1628061629.149733 1.323520 1.095531 7.499330 1.091865 0.451920 11.462166
1628061629.249794 1.447612 1.197054 7.929903 1.133267 0.474854 12.182690
1628061629.349998 1.387038 1.148110 7.452281 0.757991 0.465136 11.210556
1628061629.450171 1.497907 1.170704 7.654968 0.985491 0.492634 11.801704
1628061629.550374 1.082951 0.925529 6.818516 1.206987 0.396352 10.430335
1628061629.650545 1.402850 1.122936 5.598830 0.529298 0.478503 9.132417
1628061629.750752 1.393505 1.117982 7.555704 1.714620 0.500285 12.282096
1628061629.850974 1.432114 1.155036 7.618338 1.520869 0.511542 12.237899
1628061629.951106 1.446943 1.043675 6.036996 0.801085 0.465622 9.794321
1628061630.051322 1.294100 1.113042 4.511330 0.556280 0.514350 7.989102
1628061630.153828 1.437435 1.218948 5.028995 0.639176 0.538332 8.862886
1628061630.251681 1.455261 1.168112 7.742800 1.223620 0.498595 12.088388
1628061630.351890 1.087462 0.933803 6.900750 1.353728 0.407846 10.683589
1628061630.452506 1.512792 1.153609 6.152817 0.819038 0.494650 10.132906
1628061630.552236 1.413670 1.186589 7.400106 1.109249 0.541271 11.650885
1628061630.653868 1.060853 0.903548 7.620771 1.647093 0.409686 11.641951
1628061630.753850 1.197944 0.996886 7.688277 1.643455 0.463256 11.989818
1628061630.853096 1.414341 1.162339 4.802971 0.534131 0.525182 8.438964
1628061630.953018 1.426766 0.773019 5.698769 1.075172 0.316107 9.289833
1628061631.053389 1.177105 0.992493 7.716782 1.373956 0.464083 11.724419
1628061631.153378 1.190258 1.073347 8.474900 2.465679 0.486689 13.690873
1628061631.254049 1.032742 0.879557 8.261696 1.732418 0.418468 12.324881
1628061631.353758 1.306423 1.050695 5.566111 0.936474 0.476173 9.335876
1628061631.454039 1.358952 0.926969 6.697818 2.228980 0.561087 11.773806
1628061631.554143 1.242863 1.065956 8.045730 1.364673 0.488677 12.207899
1628061631.654330 1.505860 1.170454 8.677156 1.293152 0.547257 13.193879
1628061631.754542 1.054164 0.905250 8.258623 1.513166 0.437297 12.168500
1628061631.854729 1.283699 1.059745 4.716520 0.813678 0.477733 8.351375
1628061631.954954 1.405077 1.185087 8.560417 1.310090 0.552313 13.012984
1628061632.055112 1.215386 1.043686 4.986846 1.280385 0.482264 9.008567
1628061632.155279 1.385614 1.146767 4.708789 0.955836 0.488313 8.685319
1628061632.255505 1.696980 1.323944 8.379332 0.667769 0.534563 12.602588
1628061632.355656 1.342819 1.256726 5.053877 1.135992 0.557290 9.346704
1628061632.455876 1.411892 1.199735 8.081997 1.316464 0.514120 12.524208
1628061632.556036 1.056499 1.133203 7.884200 0.768134 0.494902 11.336938
1628061632.656222 1.388259 1.082705 8.187014 2.838371 0.472295 13.968644
1628061632.756496 1.392284 1.088727 5.780803 0.758735 0.480928 9.501477
1628061632.856620 1.415011 1.167360 8.055290 1.350504 0.493496 12.481661
1628061632.956790 1.724373 1.149073 8.431690 0.691657 0.489490 12.486283
1628061633.057285 1.682840 1.328239 8.115181 1.869928 0.563238 13.559426
1628061633.157412 1.439787 1.147701 4.943209 1.000164 0.503319 9.034180
1628061633.257361 0.614675 0.501773 4.618947 0.701851 0.211016 6.648262
1628061633.357580 1.900305 1.211487 8.010485 0.975695 0.375182 12.473154
1628061633.457752 1.720514 1.306499 8.481675 1.588299 0.519341 13.616328
1628061633.558002 1.329636 1.114151 7.892511 0.914612 0.502165 11.753075
1628061633.658167 1.549410 1.233718 8.211623 1.673851 0.508596 13.177198
1628061633.758460 1.592860 1.222920 8.027139 0.689293 0.500544 12.032756
1628061633.858508 1.635354 1.299038 8.223767 0.932193 0.505550 12.595902
1628061633.959091 1.188435 1.015226 8.153913 1.585893 0.458859 12.402326
1628061634.058913 1.489579 1.201964 4.793178 0.882817 0.508837 8.876375
1628061634.159086 1.110567 0.776933 7.898012 1.534233 0.391635 11.711380
1628061634.259285 1.555041 1.220916 7.629701 1.009735 0.480194 11.895587
1628061634.359463 1.426554 1.144147 7.967085 1.006326 0.445860 11.989972
1628061634.459673 1.692305 1.294734 8.039323 1.613506 0.498959 13.138827
1628061634.560188 1.699632 1.342323 5.659594 1.002150 0.510035 10.213734
1628061634.660417 1.682230 1.330707 9.018946 1.030466 0.525510 13.587859
1628061634.760228 1.474670 1.261496 4.512763 0.874069 0.522457 8.645455
1628061634.860415 1.735675 1.215945 8.437440 3.170276 0.463358 15.022694
1628061634.960647 1.573368 1.274483 8.071922 0.925597 0.472958 12.318328
1628061635.060776 1.751920 1.391134 8.143059 1.389594 0.504908 13.180615
1628061635.161040 1.756185 1.287020 4.849095 1.008984 0.495655 9.396939
1628061635.261178 1.860551 1.412476 8.622566 1.028082 0.508755 13.432430
1628061635.361390 1.635769 1.276925 8.571783 1.090910 0.481882 13.057269
1628061635.461557 1.613240 1.319738 8.035990 1.077551 0.469194 12.515713
1628061635.561778 1.560436 1.229519 8.067075 1.669474 0.447981 12.974485
1628061635.661942 1.745930 1.380104 5.333708 1.478841 0.535478 10.474061
1628061635.762674 1.892136 1.424423 5.290332 0.952691 0.529228 10.088810
1628061635.862291 1.739736 1.287309 8.377538 1.691603 0.501275 13.597461
1628061635.962539 1.762929 1.377434 8.514197 1.553803 0.500199 13.708562
1628061636.063944 1.926909 1.505294 8.614049 1.343690 0.544164 13.934106
1628061636.162869 2.134517 1.594124 8.119031 1.278855 0.558152 13.684679
1628061636.263073 1.770549 1.366237 8.171550 1.623676 0.491740 13.423752
1628061636.363254 1.672254 1.302792 5.088439 0.683041 0.473478 9.220004
1628061636.463441 1.937417 1.501979 8.327671 1.814811 0.528567 14.110445
1628061636.563641 1.643366 1.259942 5.649720 1.280785 0.466674 10.300487
1628061636.663836 1.101168 0.679775 8.503701 1.219838 0.289374 11.793856
1628061636.773866 1.887119 1.320091 5.547567 0.746842 0.487772 9.989391
1628061636.864202 1.869946 1.457386 5.264094 1.406110 0.554232 10.551768
1628061636.964476 2.104773 1.599380 5.199252 0.754714 0.561963 10.220082
1628061637.064570 1.578244 1.299860 8.118974 1.266766 0.502635 12.766479
1628061637.164924 1.722179 1.364642 8.286133 1.407549 0.535769 13.316272
1628061637.264947 1.784637 1.393620 4.470772 1.193555 0.543677 9.386261
1628061637.365580 1.792955 1.376078 8.581258 1.062829 0.535995 13.349115
1628061637.465326 1.851263 1.319367 8.189313 1.136464 0.545430 13.041837
1628061637.565876 1.628080 1.265520 8.335360 2.352717 0.521260 14.102937
1628061637.665716 1.948914 1.527894 8.442480 1.929405 0.589000 14.437693
1628061637.765955 1.630906 1.289103 6.512240 1.154900 0.526228 11.113377
1628061637.866088 1.874279 1.405466 9.290612 1.138095 0.568167 14.276619
1628061637.966295 2.037388 1.582722 8.987189 2.020526 0.625728 15.253553
1628061638.066477 1.985871 1.529703 9.976737 2.475892 0.592886 16.561089
1628061638.166697 1.713686 1.333776 9.689181 1.836654 0.543897 15.117194
1628061638.266854 1.713673 1.362402 9.275517 1.800277 0.568600 14.720469
1628061638.370313 1.855206 1.426966 9.862508 1.265301 0.566830 14.976811
1628061638.467232 2.030929 1.528498 6.567082 1.577607 0.587775 12.291891
1628061638.567434 1.623674 1.288873 8.372453 1.243000 0.526356 13.054356
1628061638.667619 1.708108 1.401594 6.430974 1.773449 0.583402 11.897527
1628061638.767798 1.516539 1.252692 9.351592 2.474285 0.507706 15.102814
1628061638.867980 1.998593 1.550961 5.610401 1.757698 0.613195 11.530848
1628061638.968172 1.493244 1.203558 4.896762 1.525280 0.398557 9.517401
1628061639.068367 1.928684 1.457737 8.558209 1.467738 0.600116 14.012484
1628061639.168559 1.769952 1.452669 6.017570 1.198877 0.605418 11.044486
1628061639.268748 1.857164 1.468321 9.501182 1.599573 0.603047 15.029287
1628061639.368971 1.698895 1.254248 9.026030 1.471231 0.548839 13.999243
1628061639.469165 1.911525 1.416244 5.739498 1.766674 0.615864 11.449805
1628061639.569908 1.679722 1.588530 6.593547 1.357107 0.693795 11.912701
1628061639.669514 1.743438 1.362276 5.187242 1.035436 0.340494 9.668886
1628061639.769758 1.901249 1.447339 9.103774 1.203258 0.596371 14.251991
1628061639.869881 1.808213 1.428060 9.028039 1.432415 0.597189 14.293916
1628061639.970623 1.953434 1.409071 9.378988 1.727757 0.572112 15.041362
1628061640.070295 2.212120 1.620696 10.067061 1.649947 0.743314 16.293138
1628061640.170622 2.074186 1.569627 9.331546 1.306077 0.671794 14.953230
1628061640.270652 1.666726 1.350062 9.331749 1.164510 0.554528 14.067575
1628061640.370831 1.787815 1.372877 5.907774 1.380670 0.588589 11.037725
1628061640.471044 1.972262 1.535357 7.317623 1.242402 0.690567 12.758211
1628061640.572017 1.866663 1.396081 5.507383 1.377019 0.592771 10.739917
1628061640.671417 1.866765 1.460505 10.010187 1.629559 0.615662 15.582678
1628061640.771692 1.601461 1.254932 9.648526 1.796264 0.535038 14.836221
1628061640.871816 2.073959 1.532554 5.951612 1.300641 0.595844 11.454610
1628061640.971985 1.892170 1.466947 8.768219 1.496027 0.624278 14.247641
1628061641.072174 1.885163 1.470642 5.751692 2.067849 0.612880 11.788226
1628061641.172356 1.843096 1.495058 9.490792 1.758745 0.618355 15.206046
1628061641.272589 1.796762 1.360232 6.255881 2.082193 0.570492 12.065560
1628061641.373921 0.745344 0.611121 9.953023 1.971877 0.268795 13.550160
1628061641.472958 1.872554 1.470229 9.895437 2.113704 0.626841 15.978765
1628061641.573360 1.557782 1.217323 8.976361 1.772060 0.517390 14.040916
1628061641.673321 1.788847 1.417101 5.213245 2.231602 0.592021 11.242816
1628061641.773495 1.707393 1.400376 9.506184 1.819172 0.584392 15.017517
1628061641.873726 1.752471 1.431359 9.275813 1.714274 0.588874 14.762791
1628061641.973988 1.700184 1.315756 9.588680 1.553397 0.576198 14.734215
1628061642.074065 1.890158 1.566216 9.612161 2.181039 0.625391 15.874965
1628061642.174531 1.551070 1.275590 9.082332 1.663271 0.563671 14.135934
1628061642.274448 1.736615 1.340255 5.448681 1.359332 0.572597 10.457480
1628061642.374780 1.725499 1.301594 8.883237 1.634884 0.566232 14.111446
1628061642.475055 1.802273 1.497491 9.550977 1.281719 0.636977 14.769437
1628061642.576263 1.905383 1.464197 6.011244 2.042216 0.622408 12.045448
1628061642.675211 1.834127 1.456612 9.531808 1.553164 0.589136 14.964847
1628061642.775411 2.160091 1.464936 8.024699 2.447550 0.778087 14.875363
1628061642.875903 1.875750 1.297105 9.734926 1.557626 0.572321 15.037728
1628061642.976211 1.733759 1.380188 10.435666 2.412974 0.610582 16.573169
1628061643.075966 1.671294 1.281310 6.164051 1.673050 0.535722 11.325427
1628061643.176177 1.698930 1.348856 9.782510 2.590371 0.630646 16.051313
1628061643.276353 2.106023 1.471377 7.356909 2.010002 0.655815 13.600126
1628061643.376521 2.127786 1.338329 10.441019 2.497438 0.575330 16.979902
1628061643.477621 1.976014 1.485878 6.231836 2.161402 0.624647 12.479777
1628061643.577183 1.737395 1.408605 10.065320 1.974776 0.592806 15.778902
1628061643.677107 1.818847 1.456266 5.462512 2.061136 0.455844 11.254605
1628061643.777285 1.704280 1.315678 10.002287 2.055493 0.591991 15.669729
1628061643.877471 1.921865 1.407624 9.535641 1.820406 0.632063 15.317599
1628061643.977661 1.800501 1.352184 9.925431 1.967308 0.568932 15.614356
1628061644.077916 2.046320 1.531831 9.630575 1.581432 0.655879 15.446037
1628061644.178057 1.526738 1.286898 9.847511 2.443411 0.577353 15.681911
1628061644.281773 1.716554 1.555413 9.124718 1.461562 0.630732 14.488979
1628061644.379399 1.643243 1.257695 9.902144 2.439160 0.572326 15.814568
1628061644.478608 1.809995 1.346067 9.587412 2.033288 0.612637 15.389399
1628061644.578810 1.506461 1.211838 9.444495 2.398045 0.623025 15.183864
1628061644.679025 1.646213 1.291911 7.355434 1.854620 0.613548 12.761726
1628061644.779184 1.734302 1.364506 10.171653 1.816946 0.631425 15.718832
1628061644.879363 1.605586 1.269858 10.093446 1.978895 0.603779 15.551564
1628061644.979576 1.508918 1.239054 6.044130 1.514617 0.599758 10.906477
1628061645.079777 1.772811 1.407705 9.363490 1.799844 0.668583 15.012433
1628061645.179953 1.709994 1.394124 9.601060 1.970634 0.620952 15.296764
1628061645.280125 1.611023 1.317339 6.366961 2.596417 0.638364 12.530104
1628061645.380312 1.433294 1.193877 9.980619 2.236181 0.584829 15.428800
1628061645.480516 1.818667 1.326124 9.786851 2.305681 0.622517 15.859840
1628061645.580760 1.660796 1.341518 10.627219 2.781319 0.626451 17.037303
1628061645.680902 1.581975 1.311739 5.998870 2.288491 0.623797 11.804872
1628061645.781087 1.448253 1.132585 9.728674 2.108821 0.581170 14.999503
1628061645.881269 1.649506 1.302859 6.827396 1.792760 0.670371 12.242892
1628061645.981490 1.293347 1.115713 9.940917 2.402934 0.570889 15.323800
1628061646.081689 1.456807 1.223718 9.616483 1.828169 0.615529 14.740706
1628061646.181894 1.728086 1.262783 10.998334 2.892016 0.654100 17.535319
1628061646.282029 1.450367 1.156364 6.189979 1.624174 0.567490 10.988374
1628061646.382212 1.319125 1.064666 10.142406 2.592091 0.554460 15.672748
1628061646.482441 1.636097 1.314744 6.211800 1.978570 0.642675 11.783886
1628061646.582913 1.467523 1.227400 10.518174 2.768944 0.644344 16.626385
1628061646.682780 1.799391 1.441183 10.201426 1.941541 0.709047 16.092588
1628061646.782978 1.869906 1.165996 12.454131 2.283378 0.310528 18.083939
1628061646.883168 1.729574 1.436084 9.190251 1.832886 0.696259 14.885054
1628061646.983421 1.407672 1.126658 11.070238 3.091620 0.594722 17.290910
1628061647.083551 1.654970 1.240749 9.974560 2.302999 0.637993 15.811271
1628061647.183732 1.437298 1.240862 11.300361 2.442096 0.632075 17.052692
1628061647.283952 1.555085 1.350319 11.519562 3.013057 0.688188 18.126211
1628061647.384109 1.674890 1.388733 11.151605 2.659297 0.712830 17.587355
1628061647.484386 1.638468 1.468935 11.712739 3.007619 0.792110 18.619871
1628061647.584496 1.758720 1.530124 7.736807 3.128884 0.779758 14.934293
1628061647.684717 1.422075 1.207384 10.870311 2.734802 0.642838 16.877410
1628061647.784866 1.468768 1.290062 11.753578 3.217306 0.732431 18.462145
1628061647.885072 1.609160 1.374916 7.635243 2.468207 0.747157 13.834683
1628061647.985243 1.681382 1.336103 10.775772 3.423956 0.708392 17.925605
1628061648.085439 1.654068 1.437456 11.036797 3.035860 0.774733 17.938914
1628061648.185634 1.575416 1.339757 11.369593 2.677041 0.735327 17.697134
1628061648.285829 1.849568 1.577074 11.351919 3.721890 0.823102 19.323553
1628061648.386003 1.673352 1.392853 11.721346 3.011919 0.726652 18.526122
1628061648.486200 1.724211 1.438786 11.208215 2.625362 0.820787 17.817361
1628061648.586447 1.755196 1.412931 11.947776 3.564681 0.786550 19.467134
1628061648.686593 1.730970 1.400727 12.207893 3.340151 0.759681 19.439422
1628061648.786759 1.942998 1.288517 10.419383 3.923228 0.756312 18.330438
1628061648.887026 1.561952 1.470769 10.129803 3.063635 0.795839 17.021998
1628061648.987154 1.606096 1.461186 12.075284 3.222551 0.729053 19.094170
1628061649.087358 1.768212 1.408252 9.167570 3.733933 0.739984 16.817951
1628061649.187554 1.610448 1.360459 12.033827 3.455988 0.736470 19.197192
1628061649.296232 1.680829 1.378442 7.131407 3.458744 0.716469 14.365891
1628061649.387926 2.148481 1.563453 13.179930 4.485575 0.826926 22.204365
1628061649.489473 1.633974 1.333501 7.746700 3.222906 0.733323 14.670404
1628061649.588311 1.648255 1.335398 11.080747 2.780841 0.742028 17.587269
1628061649.688663 1.633949 1.402440 7.058383 3.056496 0.743764 13.895032
1628061649.788658 1.876497 1.480786 12.459823 3.246915 0.822962 19.886983
1628061649.888908 1.955602 1.559499 11.836253 3.482039 0.798365 19.631758
1628061649.989040 1.653695 1.511254 12.382212 2.850345 0.833048 19.230554
1628061650.089260 1.887559 1.526299 10.224326 3.343452 0.780710 17.762346
1628061650.189430 1.651914 1.419827 11.921311 3.152689 0.738251 18.883992
1628061650.289621 1.644904 1.411518 10.681993 2.756945 0.721231 17.216591
1628061650.389819 1.719764 1.400346 11.733852 2.865193 0.735992 18.455147
1628061650.490149 1.297542 1.078914 8.124793 4.343343 0.541899 15.386491
1628061650.590186 1.607478 1.306082 12.462380 3.515949 0.717961 19.609850
1628061650.690393 1.601610 1.359760 7.493476 2.294403 0.731706 13.480955
1628061650.791434 1.604773 1.447014 11.255918 4.315538 0.804124 19.427367
1628061650.891001 2.293080 1.493567 9.286699 4.142857 0.937900 18.154103
1628061650.990940 1.849126 1.535024 8.831333 2.700869 0.813453 15.729805
1628061651.091221 1.771226 1.444441 11.528903 2.402618 0.766061 17.913249
1628061651.191349 1.595097 1.363599 11.904710 2.816067 0.711314 18.390787
1628061651.291559 1.845285 1.546885 11.576802 3.302549 0.839705 19.111226
1628061651.391719 1.672489 1.455236 11.849169 2.739859 0.798888 18.515641
1628061651.491886 1.589955 1.407698 8.482526 3.477132 0.770004 15.727315
1628061651.592493 1.899455 1.491661 11.648869 2.635093 0.765068 18.440146
1628061651.692600 2.115404 1.642634 13.136560 3.292923 0.862019 21.049540
1628061651.792456 1.657144 1.443776 12.705891 3.079567 0.774827 19.661205
1628061651.892657 1.980059 1.583977 10.553029 3.673544 0.858850 18.649459
1628061651.992832 1.935510 1.583327 13.198323 2.672162 0.856283 20.245605
1628061652.093343 1.653232 1.404783 11.692763 3.226997 0.765024 18.742799
1628061652.193238 1.497377 1.351714 12.703316 3.398170 0.789425 19.740002
1628061652.293488 1.849482 1.634580 11.922980 2.894204 0.808929 19.110175
1628061652.393607 1.977677 1.371250 13.874552 3.503501 0.759070 21.486050
1628061652.493787 1.757975 1.293482 9.700213 2.820007 0.911186 16.482863
1628061652.593987 1.696376 1.485974 9.088988 2.621237 0.825357 15.717932
1628061652.698781 1.997519 1.647409 12.776404 2.974087 0.890897 20.286316
1628061652.794367 1.561120 0.957528 13.237932 3.694324 0.449466 19.900370
1628061652.894716 1.806551 1.607136 11.910326 2.961901 0.894871 19.180785
1628061652.994755 1.850989 1.560569 12.759558 4.250025 0.847260 21.268401
1628061653.095129 1.789370 1.605296 12.344594 2.756200 0.847334 19.342794
1628061653.195125 1.788329 1.564247 12.036255 3.374472 0.819415 19.582718
1628061653.295844 1.603078 1.605220 11.803123 2.203526 0.734927 17.949874
1628061653.395505 1.899600 1.669033 12.461499 3.022307 0.880810 19.933249
1628061653.495748 1.952962 1.560588 8.754749 2.946135 0.797513 16.011947
1628061653.595882 1.832491 1.600906 8.141122 4.687141 0.670452 16.932112
1628061653.696398 1.968803 1.644186 12.922782 2.828465 0.899836 20.264072
1628061653.796268 1.791120 1.498120 12.472807 3.176282 0.846103 19.784432
1628061653.896466 1.797830 1.553306 11.877814 3.851075 0.834060 19.914085
1628061653.996625 1.558046 1.425949 12.374423 2.984721 0.818472 19.161611
1628061654.097929 1.536164 1.317655 13.006615 3.437561 0.801728 20.099723
1628061654.197007 2.112725 1.695991 14.990674 3.622665 1.016321 23.438376
1628061654.298654 1.795989 1.653718 12.776434 3.410025 0.945869 20.582035
1628061654.397402 1.872031 1.533482 13.285912 3.826320 0.894976 21.412721
1628061654.497658 0.828770 0.915296 10.359121 3.399493 0.588964 16.091644
1628061654.597806 1.748967 1.511941 12.338685 3.516114 0.885288 20.000995
1628061654.697963 1.667237 1.376320 8.795822 3.452874 0.429457 15.721710
1628061654.798157 2.010469 1.325963 13.064903 4.126194 0.673610 21.201139
1628061654.898343 1.998113 1.567844 15.462608 3.793981 0.922869 23.745415
1628061654.998559 2.007063 0.766806 15.460494 3.696986 0.442149 22.373498
1628061655.098724 1.834093 1.538248 12.402363 3.240149 0.894985 19.909838
1628061655.198910 1.876340 1.573882 13.315330 4.046604 0.922093 21.734249
1628061655.299102 1.855558 1.632266 9.440078 4.246660 0.945811 18.120373
1628061655.399304 1.911713 1.320616 15.887031 6.325924 1.040523 26.485807
1628061655.499507 1.830601 1.545572 12.260471 3.473588 0.940249 20.050481
1628061655.599739 1.432954 1.339479 13.598320 3.747839 0.869542 20.988134
1628061655.701867 1.906049 1.646273 14.339537 4.525716 1.142718 23.560293
1628061655.800097 1.892028 1.652200 11.907487 3.526315 0.993971 19.972001
1628061655.900247 1.827102 1.548756 13.450603 3.179242 0.946005 20.951708
1628061656.000504 1.863828 1.302471 14.304218 5.372606 0.964078 23.807201
1628061656.100624 1.975351 1.661218 12.720197 3.194595 0.964081 20.515442
1628061656.201726 1.766779 1.588319 13.261999 3.541142 0.935981 21.094220
1628061656.301843 1.949076 1.574270 14.475057 3.228450 0.951732 22.178585
1628061656.401239 1.781598 1.557693 12.921147 4.180361 0.940987 21.381786
1628061656.501397 1.725882 1.603919 12.671962 3.200079 0.952149 20.153991
1628061656.601582 0.853507 0.945186 10.540923 3.049475 0.660879 16.049970
1628061656.703919 1.880780 1.638295 13.219936 3.342727 0.955981 21.037719
1628061656.801950 1.770732 1.563070 13.321754 4.467927 0.929507 22.052990
1628061656.902540 1.884670 1.562240 12.389548 3.122896 0.916989 19.876343
1628061657.002342 1.425488 1.345379 14.196473 3.885044 0.846710 21.699094
1628061657.102690 1.873592 1.664613 12.860676 3.601921 1.016381 21.017183
1628061657.202730 1.791001 1.531700 12.418927 3.551856 0.861142 20.154626
1628061657.302902 1.888855 1.619319 12.833339 5.026472 0.933248 22.301233
1628061657.403114 1.654551 1.424276 13.082071 3.357270 0.833273 20.351441
1628061657.503321 1.761942 1.575789 12.053629 3.658819 0.921065 19.971244
1628061657.603472 1.322408 1.213061 13.872279 4.354913 0.764040 21.526701
1628061657.705394 2.010489 1.669060 13.301049 3.258955 0.935319 21.174872
1628061657.803885 1.655771 1.425387 12.651399 3.593780 0.842237 20.168574
1628061657.904867 1.934376 1.597947 12.195803 3.580485 0.927246 20.235857
1628061658.004247 1.859534 1.574170 12.923514 3.748867 0.884664 20.990749
1628061658.104424 1.757430 1.490260 12.432912 3.526739 0.858975 20.066316
1628061658.204628 1.974882 1.341287 11.025217 6.191174 0.960201 21.492761
1628061658.304801 1.920074 1.339629 12.033117 4.044672 0.756495 20.093987
1628061658.404977 1.710091 1.425060 12.453453 3.959366 0.842262 20.390232
1628061658.505167 2.105132 1.697485 12.867859 4.116169 0.943863 21.730508
1628061658.605360 1.633668 1.438114 12.382580 3.539117 0.836736 19.830215
1628061658.706266 1.668963 1.498850 13.508038 3.814448 0.914589 21.404888
1628061658.805756 1.679792 1.425087 13.180976 3.696751 0.869985 20.852591
1628061658.905930 1.908509 1.576009 13.583937 3.378171 0.906992 21.353618
1628061659.006148 1.957809 1.661643 8.947159 5.242097 0.952519 18.761227
1628061659.109860 2.274492 1.728463 13.025627 3.146789 1.004475 21.179846
1628061659.206731 1.799599 1.453140 12.717195 4.621667 0.849596 21.441197
1628061659.306708 2.026034 1.652498 13.226000 3.771548 0.914666 21.590746
1628061659.406893 1.773187 1.575142 13.163986 4.884194 0.910632 22.307141
1628061659.508266 2.062079 1.606713 12.862209 4.135794 0.955037 21.621832
1628061659.607276 1.668288 1.489593 12.965913 4.517915 0.863876 21.505585
1628061659.707509 1.686139 1.416693 15.317770 4.987468 0.843478 24.251548
1628061659.807785 1.822209 1.623715 8.987170 3.739043 0.859474 17.031611
1628061659.907865 1.859490 1.640700 13.398154 4.724764 0.920323 22.543431
1628061660.008016 1.903932 1.659367 13.216531 3.710370 0.998870 21.489070
1628061660.108305 1.735259 1.560274 13.325281 3.573219 0.878493 21.072526
1628061660.208397 1.795971 1.615617 9.264970 4.458863 0.930457 18.065878
1628061660.308644 1.782761 1.544820 13.774591 4.098325 0.887354 22.087851
1628061660.408795 1.698928 1.519761 13.384599 3.864842 0.877841 21.345971
1628061660.508965 1.726854 1.453902 13.391299 3.993787 0.878728 21.444570
1628061660.609160 2.269696 1.563587 11.534528 3.383124 0.903234 19.654169
1628061660.709363 1.922274 1.594971 9.631357 3.927318 0.957612 18.033532
1628061660.809675 1.673115 1.440009 13.028473 3.747781 0.865875 20.755253
1628061660.909748 1.969027 1.616904 13.728427 3.518891 0.927126 21.760375
1628061661.009913 1.978614 1.638848 13.070779 3.975107 0.974676 21.638024
1628061661.110236 1.619016 1.527001 14.538739 3.990686 0.954869 22.630311
1628061661.210324 1.682738 1.504757 13.332400 4.708371 0.905730 22.133996
1628061661.310669 1.878760 1.512216 13.712429 4.537444 0.915638 22.556487
1628061661.410772 1.856516 1.498943 16.026216 4.408174 0.934018 24.723867
1628061661.510901 2.091886 1.815510 13.303518 3.269222 1.001840 21.481976
1628061661.611093 1.624624 1.507079 12.944071 4.496676 0.897145 21.469595
1628061661.711247 2.044976 1.694918 13.478307 3.612793 1.003332 21.834326
1628061661.811435 1.650210 1.529214 13.202049 4.079189 0.924583 21.385245
1628061661.911659 2.313114 1.171059 15.308152 4.437825 0.689449 23.919599
1628061662.011831 1.796689 1.753353 11.891470 3.877758 0.921320 20.240590
1628061662.112022 1.790051 1.559067 12.851580 4.088930 0.948523 21.238151
1628061662.212267 1.791778 1.527744 14.148892 4.122805 0.937253 22.528472
1628061662.312384 1.722578 1.505441 10.697113 5.363830 0.944142 20.233104
1628061662.412648 1.654524 1.509300 9.313868 4.085720 0.845964 17.409376
1628061662.512757 1.961050 1.601585 13.333052 3.730470 0.975063 21.601220
1628061662.613363 2.084638 1.673349 12.853578 4.420720 1.019391 22.051676
1628061662.713165 2.027112 1.710832 14.636447 3.979915 0.997879 23.352185
1628061662.813388 1.332422 1.334018 11.914738 4.392558 0.883939 19.857675
1628061662.913549 1.333792 1.205097 10.486000 4.032839 0.707471 17.765199
1628061663.016105 1.739937 1.499887 14.367754 4.603669 0.902456 23.113703
1628061663.113898 2.141979 1.379132 11.143411 2.874638 0.692481 18.231641
1628061663.214090 1.672710 1.538011 14.004902 3.572898 0.920412 21.708933
1628061663.315313 1.740044 1.520424 13.565253 4.614194 0.897594 22.337509
1628061663.414479 1.970358 1.693526 13.068519 4.062849 0.985393 21.780645
1628061663.514746 1.885284 1.567241 13.716465 4.411876 0.945409 22.526275
1628061663.615175 1.715315 1.493915 12.824461 3.443169 0.915270 20.392130
1628061663.715046 1.787234 1.518594 13.942165 4.032203 1.003114 22.283310
1628061663.815539 1.752483 1.491965 9.953362 4.676348 0.899806 18.773964
1628061663.915416 1.812521 1.514740 13.528582 4.350913 0.919286 22.126042
1628061664.015619 1.893892 1.624684 13.560966 4.425179 0.945946 22.450667
1628061664.115801 1.826957 1.563523 13.983503 4.987445 0.953669 23.315097
1628061664.217849 1.896301 1.698881 14.393065 4.093822 1.023465 23.105534
1628061664.316184 1.858267 1.571820 14.112737 5.468589 0.974177 23.985590
1628061664.417722 1.976817 1.684859 13.264019 4.543490 1.029167 22.498352
1628061664.516568 1.657522 1.549432 13.539912 4.055745 0.934953 21.737564
1628061664.617495 1.931293 1.705004 13.305963 3.635239 1.004946 21.582445
1628061664.716950 1.193048 1.034800 11.412029 4.076686 0.642018 18.358581
1628061664.817142 1.879323 1.596926 10.591703 3.841945 0.964381 18.874278
1628061664.917355 1.143083 0.935721 14.697143 7.559254 0.782786 25.117987
1628061665.017504 1.563844 1.422314 14.200394 3.971891 0.952756 22.111199
1628061665.117713 2.006679 1.757348 13.692620 4.122018 1.068216 22.646881
1628061665.217886 1.853246 1.585504 13.744821 4.711508 0.982495 22.877574
1628061665.318129 1.789364 1.581586 14.227193 4.548691 0.997229 23.144063
1628061665.421255 1.943823 1.666052 10.082749 3.927634 0.984616 18.604874
1628061665.518493 1.690644 1.460668 13.755433 3.992023 0.902454 21.801222
1628061665.618688 1.630060 1.438330 13.700830 4.749309 0.892907 22.411436
1628061665.718868 1.482259 1.343160 11.360324 4.312697 0.917786 19.416226
1628061665.819650 1.687958 1.531931 13.671870 3.658030 0.933576 21.483365
1628061665.919216 1.862886 1.628522 14.638054 4.320716 0.993314 23.443492
1628061666.019478 1.860180 1.609393 13.967070 4.446475 0.971622 22.854740
1628061666.119608 1.658962 1.432360 14.346192 5.618209 0.928903 23.984626
1628061666.219839 1.832756 1.603214 15.916212 4.375338 1.006021 24.733541
1628061666.320003 1.882661 1.592452 14.764085 4.026592 0.987624 23.253414
1628061666.420184 1.588616 1.471970 14.891072 4.589194 0.902375 23.443227
1628061666.520387 1.843803 1.671147 14.940152 4.335054 1.052262 23.842418
1628061666.627625 1.989234 1.705086 15.242053 5.058144 1.036967 25.031484
1628061666.720764 1.874654 1.679130 10.056897 4.075164 1.004623 18.690468
1628061666.821888 2.096344 1.602285 13.919632 4.173581 1.030802 22.822644
1628061666.921140 2.084534 1.611098 12.278403 5.302304 1.344507 22.620846
1628061667.021422 1.983906 1.724955 14.583082 4.047826 1.073833 23.413602
1628061667.121531 1.835827 1.656194 14.197478 5.184557 1.003716 23.877772
1628061667.221708 2.087566 1.807666 14.643596 4.960649 1.053118 24.552595
1628061667.321899 1.792742 1.510311 14.252573 4.337975 0.925574 22.819175
1628061667.422735 1.893538 1.592491 13.555613 4.140963 0.943880 22.126485
1628061667.522255 1.827748 1.584424 9.980055 4.900876 0.651014 18.944117
1628061667.622441 1.748883 1.571328 14.808161 4.505041 1.005699 23.639112
1628061667.722637 1.792799 1.601839 14.305969 4.581285 1.057392 23.339284
1628061667.822831 1.999160 1.645261 14.988597 5.090453 1.048076 24.771547
1628061667.923026 1.724763 1.568086 13.888983 4.669404 0.985964 22.837200
1628061668.023206 2.040122 1.624992 15.491995 4.897891 1.016372 25.071372
1628061668.123387 1.750363 1.546018 14.189768 5.254589 0.951569 23.692307
1628061668.223820 1.979367 1.697885 14.496995 3.974363 1.021929 23.170539
1628061668.323830 1.837485 1.651869 14.017422 4.665325 0.990483 23.162584
1628061668.424005 1.893271 1.604860 14.515077 4.590648 1.016908 23.620764
1628061668.524159 1.846598 1.647133 10.511798 4.446491 1.057554 19.509574
1628061668.624354 1.951253 1.649106 14.759007 5.434039 1.012987 24.806392
1628061668.724571 1.790936 1.602322 14.398416 5.619756 0.989223 24.400653
1628061668.824733 1.754890 1.520540 14.634186 4.727112 0.920970 23.557698
1628061668.924917 1.841405 1.656100 12.085301 4.852951 1.004951 21.440708
1628061669.025109 1.902818 1.684113 15.379324 4.381345 1.035115 24.382715
1628061669.125340 1.726549 1.554746 14.336216 4.963739 0.934722 23.515972
1628061669.226238 1.881953 1.527870 14.860054 3.948009 0.942769 23.160655
1628061669.325664 1.872794 1.578437 15.123503 4.367997 1.019586 23.962317
1628061669.426055 1.868081 1.642341 14.778628 4.617401 1.011706 23.918157
1628061669.526047 2.245514 1.572496 14.185433 4.943242 1.205035 24.151720
1628061669.626420 1.762149 1.496120 14.567010 4.240072 0.941010 23.006361
1628061669.726436 1.950058 1.692524 15.201712 4.251861 1.028480 24.124635
1628061669.829683 1.565857 1.552030 14.786187 5.360726 0.941931 24.206731
1628061669.926957 1.900923 1.641485 13.823849 5.048787 0.999769 23.414813
1628061670.027870 1.704182 1.488017 14.824762 5.447970 0.926486 24.391417
1628061670.127223 1.746905 1.640588 15.128145 5.850989 1.023233 25.389860
1628061670.227429 1.919364 1.684088 14.915812 5.065171 1.037386 24.621821
1628061670.327570 1.660418 1.458283 14.549290 5.874086 0.906126 24.448203
1628061670.427767 1.818551 1.568271 14.314676 5.521972 0.949784 24.173254
1628061670.528779 1.924913 1.709426 15.191778 3.921353 1.013571 23.761041
1628061670.629435 2.193068 1.458145 14.570250 4.798558 1.153876 24.173897
1628061670.728360 1.820671 1.578268 10.545716 5.007313 0.968436 19.920404
1628061670.828553 1.791411 1.592471 14.067843 4.722166 0.955825 23.129716
1628061670.928720 1.668533 1.524590 14.901769 4.405333 0.954343 23.454568
1628061671.028914 1.737678 1.586183 14.032138 5.343373 0.985346 23.684718
1628061671.129268 1.936633 1.761977 15.229870 5.167122 1.101614 25.197216
1628061671.229283 2.036098 1.667545 16.406134 5.313952 1.049339 26.473068
1628061671.329478 2.208462 1.505039 14.754770 4.370069 1.163802 24.002142
1628061671.429863 2.157269 1.615725 16.485325 5.296086 1.010452 26.564857
1628061671.529932 1.905170 1.662030 15.128011 5.437700 1.017079 25.149990
1628061671.630044 1.455817 1.380633 14.723286 5.525026 0.939752 24.024514
1628061671.730554 1.841272 1.592418 10.282577 5.178647 0.980374 19.875288
1628061671.830428 1.676534 1.535182 14.461944 5.219212 0.960503 23.853375
1628061671.930657 1.839813 1.596633 14.028153 5.537826 0.999180 24.001605
1628061672.034150 1.981036 1.638395 14.757255 4.948234 1.027039 24.351959
1628061672.130987 1.975876 1.646938 15.596353 5.005576 1.013158 25.237901
1628061672.231390 1.610174 1.403805 15.773705 5.953445 0.964626 25.705755
1628061672.331372 1.685027 1.516950 10.818292 5.096693 0.773036 19.889998
1628061672.431552 1.874283 1.641755 14.776866 4.878026 1.023969 24.194899
1628061672.531755 1.694107 1.578484 14.274113 4.702735 0.992479 23.241918
1628061672.631934 1.929783 1.775072 14.836510 6.268918 1.059982 25.870265
1628061672.732150 1.821499 1.588717 15.265606 4.671865 1.014998 24.362685
1628061672.832325 0.712420 0.670491 13.066673 6.891892 0.447213 21.788689
1628061672.932663 1.642301 1.519814 14.626521 5.234339 0.965753 23.988728
1628061673.032978 1.944696 1.400258 16.021176 5.036522 0.916175 25.318827
1628061673.132895 1.861409 1.739554 15.381177 5.022974 1.031579 25.036693
1628061673.233073 1.696767 1.535408 15.984368 6.044231 0.982386 26.243160
1628061673.334291 1.978894 1.722612 15.383952 4.974304 1.065987 25.125749
1628061673.433451 2.034196 1.578033 16.084127 5.510295 0.974930 26.181581
1628061673.533655 1.375251 1.355620 16.705197 4.740677 0.953635 25.130380
1628061673.634007 1.871051 1.573593 15.133811 6.190947 1.009890 25.779292
1628061673.734047 1.607635 1.362276 15.229764 5.280218 0.938910 24.418803
1628061673.834263 1.859399 1.596184 15.316929 5.459044 1.000785 25.232341
1628061673.934434 1.874300 1.667222 14.925138 6.043001 1.124135 25.633796
1628061674.034587 1.829559 1.573864 15.419519 4.915146 0.997249 24.735337
1628061674.134785 1.919400 1.554595 15.087154 5.813760 0.992418 25.367327
1628061674.234983 1.772235 1.589364 14.384339 5.338655 0.987663 24.072256
1628061674.335224 2.031674 1.924354 16.541685 4.962113 1.139222 26.599048
1628061674.435345 1.825114 1.581907 15.138683 6.658601 1.042456 26.246761
1628061674.535548 1.893532 1.592673 15.135614 5.032936 0.989703 24.644458
1628061674.635743 1.782335 1.531598 14.430851 5.737580 0.981656 24.464020
1628061674.735938 1.952680 1.696059 14.955085 4.525566 1.071666 24.201056
1628061674.836104 1.882533 1.546993 15.339826 4.797352 0.992365 24.559069
1628061674.936303 1.971813 1.629839 14.097387 5.517958 0.998788 24.215785
1628061675.036505 2.217055 1.595011 17.092963 4.680862 0.962052 26.547943
1628061675.136680 1.678290 1.490798 15.130764 4.923942 0.992900 24.216694
1628061675.236898 1.870716 1.542986 13.901119 5.010458 0.990348 23.315627
1628061675.337054 1.883279 1.625805 15.054905 4.925423 1.018853 24.508265
1628061675.437288 1.763008 1.584887 14.185617 4.909285 0.960141 23.402938
1628061675.537449 1.877144 1.632528 10.467431 5.617961 1.018897 20.613961
1628061675.637649 1.849489 1.651721 11.097907 4.892031 1.015405 20.506553
1628061675.740682 1.518507 1.321747 14.370552 5.250568 0.871919 23.333293
1628061675.838011 2.154562 1.700914 14.746032 5.075720 1.090648 24.767876
1628061675.938297 2.134790 1.461244 13.462712 4.506347 0.946550 22.511643
1628061676.038386 1.874559 1.578638 14.134049 5.000933 1.036884 23.625063
1628061676.139129 1.719245 1.576477 14.538243 4.968843 0.962941 23.765749
1628061676.238772 1.484019 1.014433 13.682832 4.803082 0.520056 21.504422
1628061676.338973 1.712290 1.520939 15.837428 4.999537 0.987881 25.058075
1628061676.439143 1.796017 1.545807 15.285869 4.602879 1.009403 24.239975
1628061676.539367 1.686000 1.475974 14.122457 5.492462 0.911146 23.688039
1628061676.639559 1.830393 1.514199 15.109291 4.848483 0.957277 24.259643
1628061676.739721 1.960448 1.731041 14.406663 4.391376 1.041459 23.530987
1628061676.839942 1.932766 1.773875 15.411027 5.003969 1.131956 25.253593
1628061676.940113 1.995056 1.781750 15.730714 5.573830 1.110295 26.191645
1628061677.040334 1.813642 1.565033 15.349839 4.692144 1.003136 24.423794
1628061677.140476 1.718715 1.526553 14.005660 4.020071 0.932226 22.203225
1628061677.240695 1.784357 1.632113 15.830576 5.104141 1.046515 25.397702
1628061677.346614 1.875527 1.604341 14.807369 4.943880 1.033470 24.264587
1628061677.441052 1.843728 1.580197 14.890411 5.567708 0.979359 24.861403
1628061677.541469 1.885317 1.689852 16.753534 5.067526 1.060887 26.457116
1628061677.641420 2.030834 1.571401 15.700315 5.091087 0.974594 25.368231
1628061677.741710 1.794771 1.549017 11.529781 4.814520 0.969306 20.657395
1628061677.841828 1.860597 1.612240 14.647007 4.901159 1.034597 24.055600
1628061677.942454 2.066891 1.741828 15.382517 5.638032 1.081189 25.910457
1628061678.042204 1.809325 1.597911 14.661537 4.525834 0.997050 23.591657
1628061678.142375 1.775422 1.475127 14.196865 4.946790 0.924740 23.318944
1628061678.242563 1.952748 1.552943 16.288638 5.366554 1.027002 26.187885
1628061678.345138 1.715969 1.540039 14.750475 5.672228 0.998044 24.676755
1628061678.442941 2.045486 1.578751 14.678313 5.241336 1.048026 24.591912
1628061678.544222 1.667718 1.500268 14.775308 4.320597 1.050194 23.314085
1628061678.643337 1.829288 1.576742 14.647238 4.420411 0.983033 23.456712
1628061678.743671 1.707015 1.537107 15.298287 4.542509 1.065379 24.150297
1628061678.843704 1.855549 1.553187 14.439288 4.976498 1.006138 23.830660
1628061678.944733 1.823733 1.520313 14.974929 4.957254 1.011462 24.287691
1628061679.044093 1.739796 1.585040 17.157903 4.608508 1.066050 26.157297
1628061679.144285 1.825336 1.609725 15.133316 4.559887 1.009337 24.137601
1628061679.244469 1.785150 1.574180 15.294260 5.911218 0.990178 25.554986
1628061679.344686 1.810302 1.555231 14.569123 5.212477 0.953185 24.100318
1628061679.444873 1.921641 1.680738 15.326824 4.236871 1.068111 24.234185
1628061679.545148 1.854914 1.558904 14.700875 5.152299 0.967442 24.234434
1628061679.645246 2.074181 1.728933 15.632058 4.325272 1.048716 24.809160
1628061679.745416 1.600918 1.456779 16.516120 5.420615 0.942273 25.936705
1628061679.845646 1.909578 1.705122 15.285496 5.999149 1.037869 25.937214
1628061679.945803 1.905919 1.752681 14.756736 4.732656 1.100970 24.248962
1628061680.046027 1.729022 1.561690 14.594487 4.385613 1.004955 23.275767
1628061680.146457 1.852671 1.597329 15.057899 4.748858 1.019216 24.275973
1628061680.246416 1.696690 1.518555 15.424399 4.824563 0.979530 24.443737
1628061680.346558 1.804619 1.551241 14.936250 5.830559 0.986415 25.109084
1628061680.446778 1.820885 1.606087 14.808819 5.282486 1.004084 24.522361
1628061680.546940 1.874997 1.649767 13.739657 4.733476 1.035740 23.033637
1628061680.647150 1.695852 1.483227 15.111556 4.085616 0.952015 23.328266
1628061680.747321 1.718146 1.476825 13.928454 5.383683 0.965846 23.472954
1628061680.847525 1.897436 1.717002 14.940567 5.079368 1.048725 24.683098
1628061680.947689 1.265262 1.357149 16.014386 4.958990 0.907388 24.503175
1628061681.047903 1.150410 1.163665 14.385248 4.497336 0.849005 22.045664
1628061681.148121 2.036360 1.598778 14.980961 4.183812 1.104549 23.904460
1628061681.248290 1.855826 1.685032 15.290172 5.440975 1.043598 25.315603
1628061681.348500 1.757582 1.544957 11.571872 5.142499 0.938567 20.955477
1628061681.448659 1.751186 1.551153 14.654968 4.515746 0.975546 23.448599
1628061681.548840 1.831815 1.475428 14.689429 4.622132 0.942384 23.561188
1628061681.649029 1.710337 1.471128 15.226451 4.732075 0.922666 24.062657
1628061681.749207 1.878458 1.569048 14.949020 5.018659 0.976943 24.392128
1628061681.849512 1.825108 1.587172 11.554096 5.271443 0.989181 21.227000
1628061681.949600 1.901523 1.737515 10.944292 4.897430 1.071740 20.552500
1628061682.049795 2.121357 1.440859 17.774920 5.887758 1.183707 28.408601
1628061682.150089 1.767919 1.546284 14.981283 4.244084 1.021331 23.560901
1628061682.250165 1.918017 1.693882 14.557998 4.406001 1.049275 23.625173
1628061682.350376 1.711365 1.494398 16.826848 4.081668 0.928620 25.042899
1628061682.450541 1.813147 1.554893 14.836076 6.121859 1.017835 25.343810
1628061682.550725 1.977116 1.607725 15.560238 4.620805 1.035270 24.801154
1628061682.650933 1.682241 1.547213 16.627616 4.930785 0.967152 25.755007
1628061682.751135 1.917240 1.620991 14.513862 5.551698 0.998709 24.602500
1628061682.851317 1.752452 1.541999 15.951144 5.976781 0.996436 26.218812
1628061682.951488 2.020149 1.715578 15.763380 4.955485 1.103192 25.557784
1628061683.051946 1.942843 1.730749 17.219578 4.798302 1.056416 26.747888
1628061683.151887 2.186359 1.260086 16.965861 5.256459 0.485318 26.154083
1628061683.252072 1.881304 1.656569 15.177280 4.808684 1.110815 24.634652
1628061683.352280 1.840365 1.559397 14.896078 4.862487 0.997545 24.155872
1628061683.452452 2.003261 0.888826 13.203234 4.314240 0.730293 21.139854
1628061683.552636 1.055845 0.817681 17.729758 4.880403 0.706532 25.190219
1628061683.653744 1.890161 1.583051 14.529056 4.597412 1.030166 23.629846
1628061683.753030 1.782237 1.634436 14.671731 4.563008 0.979439 23.630851
1628061683.853204 1.789613 1.559662 10.874087 4.604829 1.001596 19.829787
1628061683.953394 1.761040 1.501377 15.046661 4.305114 1.098415 23.712607
1628061684.053636 1.730923 1.500832 14.082699 5.545084 1.092391 23.951929
1628061684.153790 1.919665 1.490125 16.872228 4.391671 0.929721 25.603410
1628061684.254727 1.809637 1.482110 12.963087 3.613623 0.935094 20.803551
1628061684.354164 1.692646 1.422074 13.799966 4.432473 0.873770 22.220929
1628061684.454343 1.575764 1.455073 13.733197 3.752669 0.895166 21.411869
1628061684.554555 1.818437 1.595143 14.525119 4.127664 0.993884 23.060247
1628061684.657627 1.708430 1.483868 14.194337 4.793799 0.911673 23.092107
1628061684.754905 1.721939 1.516747 14.482993 4.225142 0.921173 22.867994
1628061684.855098 1.331089 1.221080 10.532428 3.990092 0.812215 17.886904
1628061684.955294 1.722809 1.542818 14.705643 4.230593 0.937942 23.139805
1628061685.057924 1.729119 1.557089 15.066785 4.553080 1.034136 23.940209
1628061685.155670 1.768640 1.569639 14.660987 4.232979 1.004448 23.236693
1628061685.255860 1.774769 1.597863 14.465579 4.543886 1.013797 23.395894
1628061685.356045 1.887128 1.614674 14.357736 3.983529 1.069274 22.912341
1628061685.456232 1.772477 1.593084 15.463183 3.923549 1.004745 23.757038
1628061685.556422 1.702803 1.503526 14.485888 4.692177 0.969347 23.353741
1628061685.656624 1.979951 1.599566 16.339443 5.605692 1.057187 26.581839
1628061685.756807 1.945107 1.717105 14.232459 4.897935 1.121884 23.914490
1628061685.857236 2.051630 1.747955 16.703316 4.419670 1.076348 25.998919
1628061685.957215 1.899022 1.699291 14.232332 5.708067 1.029786 24.568498
1628061686.057382 1.852061 1.669209 14.241509 5.098178 1.051066 23.912023
1628061686.158186 1.871213 1.590890 13.859825 4.184204 0.971246 22.477378
1628061686.257865 1.587623 1.443590 14.647391 5.236559 0.933137 23.848300
1628061686.357944 1.842101 1.540759 15.135553 5.711041 0.971950 25.201404
1628061686.460824 1.699216 1.457429 14.191921 4.767881 0.912543 23.028990
1628061686.558978 1.810942 1.602688 13.880016 4.887653 0.981900 23.163199
1628061686.658596 1.957253 1.627069 15.379028 4.915445 1.003055 24.881850
1628061686.758702 1.854305 1.612494 14.360337 5.076849 1.040912 23.944897
1628061686.858895 1.950938 1.641881 14.005375 5.169212 1.004198 23.771604
1628061686.959102 1.835423 1.523184 14.993885 4.472095 0.971623 23.796210
1628061687.059339 1.816166 1.532727 13.646161 4.432707 0.983445 22.411206
1628061687.161658 2.200566 1.527582 13.473622 5.115731 1.206887 23.524388
1628061687.259650 0.907344 0.847605 13.880724 6.048679 0.584635 22.268987
1628061687.359895 0.701503 0.668143 10.570455 5.093810 0.476793 17.510704
1628061687.460028 1.727385 1.525059 13.737796 4.691867 0.985647 22.667754
1628061687.560267 1.830040 1.605408 15.173981 4.798162 1.029067 24.436658
1628061687.660415 1.613785 1.473066 14.406290 4.752730 0.968567 23.214438
1628061687.760607 1.832186 1.541037 14.713435 5.057705 0.990733 24.135096
1628061687.860806 1.971761 1.635874 14.690866 4.869924 1.048459 24.216884
