1628061226.693214 0.000084 0.000117 0.000322 0.000075 -0.000075 -0.000038 1.000000
1628061226.793400 0.000718 0.001493 -0.004219 0.000503 -0.000052 -0.000180 1.000000
1628061226.893631 -0.001514 -0.002097 -0.002309 0.000071 -0.000257 -0.000319 1.000000
1628061226.993769 -0.003273 -0.001067 -0.006044 0.000330 -0.000107 0.000275 1.000000
1628061227.093946 -0.004156 0.003641 -0.006170 0.000077 -0.000049 -0.000171 1.000000
1628061227.194169 -0.011034 -0.000185 -0.007085 0.000032 -0.000038 0.000137 1.000000
1628061227.294334 -0.003082 -0.000128 -0.003769 0.000232 -0.000203 -0.000134 1.000000
1628061227.394535 -0.005533 0.004914 -0.006223 0.000262 -0.000188 -0.000685 1.000000
1628061227.494778 -0.007343 0.001422 -0.005917 0.000306 -0.000210 -0.000304 1.000000
1628061227.594905 -0.009229 0.005710 -0.007386 0.000340 0.000019 -0.000278 1.000000
1628061227.695132 -0.004307 0.000684 -0.009254 0.000226 -0.000158 -0.000227 1.000000
1628061227.795267 -0.007089 0.001190 -0.007129 0.000217 -0.000183 -0.000230 1.000000
1628061227.895672 -0.008252 0.001986 -0.005495 0.000123 -0.000144 -0.000241 1.000000
1628061227.995633 -0.004984 -0.003721 -0.008524 0.000199 -0.000209 -0.000238 1.000000
1628061228.096170 -0.005778 -0.007107 -0.005744 0.000181 -0.000108 -0.000245 1.000000
1628061228.196015 -0.003192 -0.004803 -0.006321 0.000193 -0.000045 -0.000089 1.000000
1628061228.297880 -0.007434 -0.000029 -0.006088 0.000174 0.000009 -0.000038 1.000000
1628061228.396395 -0.003549 -0.001869 -0.005982 0.000193 0.000133 0.000174 1.000000
1628061228.496598 -0.004906 -0.003156 -0.007298 0.000225 0.000163 0.000575 1.000000
1628061228.596814 -0.014325 -0.002596 -0.003315 0.000017 0.000501 0.000950 0.999999
1628061228.697109 -0.013450 -0.007890 -0.005133 0.000202 0.000775 0.001216 0.999999
1628061228.797287 -0.031361 -0.003851 -0.004614 0.000332 0.001287 0.002646 0.999996
1628061228.897447 -0.042175 0.000699 -0.004387 0.000660 0.001695 0.004807 0.999987
1628061228.997510 -0.070697 -0.006928 -0.004883 0.000844 0.002345 0.008100 0.999964
1628061229.098345 -0.103695 0.000605 -0.005548 0.000755 0.002011 0.012880 0.999915
1628061229.197898 -0.137354 0.002820 -0.002784 0.000291 0.001789 0.018264 0.999832
1628061229.299993 -0.180241 -0.006891 -0.006015 0.000184 0.001417 0.024793 0.999692
1628061229.398255 -0.226935 -0.019142 -0.007889 0.000147 0.001212 0.032699 0.999464
1628061229.506777 -0.274812 -0.011875 -0.007386 0.000146 0.001276 0.041099 0.999154
1628061229.598680 -0.334057 -0.012526 -0.011728 0.000153 0.000543 0.050807 0.998708
1628061229.698805 -0.389489 -0.014089 -0.014391 -0.000192 -0.000198 0.060984 0.998139
1628061229.799457 -0.445748 -0.038583 -0.016782 -0.000754 -0.001023 0.070366 0.997520
1628061229.901217 -0.510976 -0.054853 -0.016462 -0.000393 -0.002057 0.080704 0.996736
1628061230.000052 -0.571965 -0.052500 -0.012495 0.000549 -0.002776 0.089846 0.995952
1628061230.099560 -0.636504 -0.051369 -0.011882 0.000740 -0.003462 0.097433 0.995236
1628061230.199746 -0.707218 -0.060416 -0.013429 -0.000074 -0.003611 0.101046 0.994875
1628061230.299949 -0.772866 -0.065539 -0.014180 -0.000877 -0.004127 0.101477 0.994829
1628061230.400510 -0.821093 -0.086275 -0.019225 -0.000583 -0.004857 0.099737 0.995002
1628061230.501853 -0.874090 -0.091205 -0.018256 -0.000823 -0.005606 0.097243 0.995244
1628061230.600721 -0.910647 -0.103378 -0.020977 -0.000483 -0.005871 0.094722 0.995486
1628061230.701835 -0.940263 -0.112479 -0.021368 -0.000467 -0.007217 0.092203 0.995714
1628061230.800910 -0.951733 -0.114100 -0.020187 -0.000321 -0.008044 0.090215 0.995890
1628061230.901170 -0.955645 -0.122608 -0.023323 -0.000089 -0.007656 0.088686 0.996030
1628061231.001256 -0.957848 -0.118357 -0.020651 0.000361 -0.007117 0.088987 0.996007
1628061231.101468 -0.951927 -0.116706 -0.017608 0.000038 -0.006856 0.089114 0.995998
1628061231.201633 -0.943579 -0.117539 -0.016903 -0.000176 -0.006859 0.090813 0.995844
1628061231.301878 -0.936061 -0.115723 -0.014525 -0.000769 -0.007262 0.092172 0.995716
1628061231.402022 -0.920867 -0.117666 -0.016079 -0.000746 -0.006821 0.094283 0.995522
1628061231.502165 -0.904885 -0.108994 -0.014917 -0.000938 -0.007084 0.096710 0.995287
1628061231.602581 -0.878492 -0.103776 -0.016428 -0.000869 -0.007192 0.099811 0.994980
1628061231.702538 -0.851916 -0.098421 -0.017734 -0.000816 -0.007059 0.103077 0.994648
1628061231.802719 -0.835490 -0.102625 -0.015998 -0.000603 -0.007279 0.106857 0.994248
1628061231.903067 -0.818204 -0.098084 -0.011657 -0.000664 -0.006709 0.111697 0.993719
1628061232.003098 -0.786350 -0.096822 -0.010445 -0.000592 -0.006282 0.116741 0.993142
1628061232.103324 -0.755434 -0.084513 -0.012950 -0.000230 -0.006371 0.121816 0.992532
1628061232.203485 -0.716881 -0.070900 -0.011354 0.000152 -0.006102 0.127555 0.991813
1628061232.303682 -0.681054 -0.067272 -0.010071 0.000324 -0.005844 0.133969 0.990968
1628061232.403852 -0.646988 -0.056128 -0.009929 0.000228 -0.005691 0.140124 0.990118
1628061232.504042 -0.622612 -0.045870 -0.008566 0.000251 -0.005650 0.146579 0.989183
1628061232.604215 -0.592708 -0.043479 -0.009313 0.000418 -0.005189 0.153567 0.988124
1628061232.704400 -0.554405 -0.042574 -0.010780 0.000615 -0.004977 0.160743 0.986984
1628061232.804593 -0.514926 -0.038638 -0.009744 0.000923 -0.004552 0.167932 0.985788
1628061232.904788 -0.487524 -0.016329 -0.008887 0.000829 -0.003622 0.175011 0.984559
1628061233.004969 -0.459462 0.002340 -0.007429 0.000046 -0.003699 0.182367 0.983224
1628061233.105162 -0.429727 0.018166 -0.006047 -0.000790 -0.003467 0.190091 0.981760
1628061233.205389 -0.398749 0.032100 -0.010282 -0.001255 -0.003144 0.197766 0.980243
1628061233.305844 -0.365553 0.045128 -0.010098 -0.001343 -0.002561 0.204741 0.978812
1628061233.405735 -0.335004 0.057797 -0.010941 -0.000921 -0.002082 0.212801 0.977093
1628061233.505896 -0.306346 0.071462 -0.009687 -0.000524 -0.001803 0.220672 0.975346
1628061233.606100 -0.281006 0.094486 -0.006531 -0.000638 -0.001318 0.228352 0.973578
1628061233.706275 -0.252796 0.097721 -0.007145 -0.000888 -0.001185 0.236450 0.971643
1628061233.806471 -0.227407 0.105201 -0.007102 -0.001195 -0.001473 0.244100 0.969748
1628061233.906798 -0.207084 0.114671 -0.008637 -0.001097 -0.001257 0.252159 0.967684
1628061234.006858 -0.186837 0.124118 -0.010684 -0.001157 -0.000588 0.259285 0.965800
1628061234.107053 -0.159220 0.143957 -0.009381 -0.000870 -0.000613 0.267171 0.963649
1628061234.207212 -0.141731 0.159769 -0.007350 -0.000672 -0.000435 0.274310 0.961641
1628061234.308417 -0.119901 0.180415 -0.006293 -0.000576 0.000187 0.281675 0.959510
1628061234.407590 -0.089770 0.184329 -0.006531 -0.001425 0.000473 0.289322 0.957231
1628061234.508045 -0.064686 0.192623 -0.005480 -0.002077 0.000602 0.297668 0.954667
1628061234.607980 -0.046791 0.223275 -0.009398 -0.002189 0.000909 0.305043 0.952336
1628061234.708234 -0.024036 0.247838 -0.012710 -0.001969 0.000922 0.312878 0.949791
1628061234.808316 -0.001502 0.273558 -0.014045 -0.001782 0.001621 0.321330 0.946964
1628061234.908552 0.029405 0.271828 -0.010553 -0.002123 0.002390 0.328875 0.944368
1628061235.008688 0.056644 0.290783 -0.012885 -0.002206 0.002370 0.337674 0.941257
1628061235.108882 0.087366 0.312330 -0.015146 -0.002231 0.002521 0.346269 0.938129
1628061235.209086 0.107332 0.334512 -0.014655 -0.002744 0.003026 0.354434 0.935072
1628061235.309884 0.130065 0.351872 -0.015742 -0.002619 0.002802 0.362783 0.931866
1628061235.409468 0.148119 0.370079 -0.014802 -0.002594 0.003159 0.371394 0.928466
1628061235.509919 0.167813 0.386977 -0.013941 -0.002778 0.004362 0.379806 0.925052
1628061235.609866 0.191491 0.409318 -0.019965 -0.002357 0.004747 0.387770 0.921741
1628061235.710265 0.210823 0.429506 -0.018173 -0.001980 0.004469 0.395758 0.918342
1628061235.810222 0.224762 0.440133 -0.016933 -0.002158 0.004999 0.403499 0.914964
1628061235.910415 0.242425 0.467706 -0.017873 -0.002737 0.004946 0.411549 0.911370
1628061236.010572 0.260304 0.487374 -0.019856 -0.003050 0.004537 0.419245 0.907857
1628061236.110872 0.281975 0.509641 -0.019650 -0.003178 0.004421 0.426658 0.904397
1628061236.210949 0.302422 0.530769 -0.022126 -0.002719 0.004265 0.434801 0.900513
1628061236.311130 0.324789 0.550730 -0.018786 -0.002311 0.004343 0.442492 0.896759
1628061236.411321 0.332001 0.561746 -0.016782 -0.002629 0.005019 0.450917 0.892548
1628061236.517101 0.347101 0.585078 -0.020193 -0.002425 0.004843 0.459483 0.888170
1628061236.611715 0.367619 0.605791 -0.021609 -0.002007 0.004542 0.468107 0.883658
1628061236.714134 0.390076 0.635298 -0.016211 -0.002380 0.004521 0.477135 0.878815
1628061236.812061 0.401764 0.657926 -0.018012 -0.002371 0.004122 0.485907 0.873997
1628061236.912234 0.424453 0.682196 -0.018459 -0.002293 0.004013 0.494832 0.868977
1628061237.012466 0.439701 0.703969 -0.017788 -0.002153 0.004138 0.503597 0.863926
1628061237.112729 0.448829 0.723347 -0.017639 -0.001937 0.004221 0.512399 0.858735
1628061237.212910 0.459260 0.744488 -0.020804 -0.001883 0.004397 0.521109 0.853476
1628061237.313247 0.474238 0.770422 -0.021781 -0.001574 0.004405 0.529255 0.848450
1628061237.413232 0.485783 0.800086 -0.018667 -0.001304 0.003985 0.537463 0.843277
1628061237.513499 0.498216 0.823541 -0.018534 -0.001409 0.004018 0.545780 0.837918
1628061237.613581 0.507522 0.846592 -0.017944 -0.001470 0.003848 0.553602 0.832771
1628061237.713740 0.514308 0.871587 -0.022019 -0.001402 0.003643 0.562069 0.827081
1628061237.813942 0.520472 0.890334 -0.022975 -0.001074 0.003369 0.569859 0.821735
1628061237.914500 0.540116 0.924654 -0.022045 -0.000893 0.003320 0.578276 0.815834
1628061238.014311 0.559218 0.950915 -0.022965 -0.001062 0.003609 0.586419 0.809999
1628061238.114996 0.565644 0.980128 -0.024793 -0.000571 0.003783 0.594531 0.804064
1628061238.214699 0.565984 1.007353 -0.025684 0.000104 0.003990 0.602012 0.798477
1628061238.314863 0.570526 1.034190 -0.021653 0.000535 0.003919 0.608899 0.793238
1628061238.415072 0.580429 1.054392 -0.020121 0.000756 0.003575 0.615543 0.788095
1628061238.515232 0.580556 1.070125 -0.017738 0.000677 0.003386 0.621709 0.783241
1628061238.615411 0.595585 1.088868 -0.017921 0.000445 0.003506 0.627768 0.778393
1628061238.715640 0.602026 1.109591 -0.018781 0.000649 0.003701 0.634127 0.773220
1628061238.815811 0.597196 1.129551 -0.018297 0.000991 0.004046 0.640536 0.767917
1628061238.915975 0.604751 1.161785 -0.022156 0.001279 0.004597 0.646302 0.763067
1628061239.016171 0.616496 1.182506 -0.018690 0.000898 0.004011 0.652399 0.757865
1628061239.116354 0.614408 1.195420 -0.020112 0.000605 0.003933 0.658819 0.752291
1628061239.217260 0.617480 1.222262 -0.018324 0.000475 0.003684 0.665029 0.746809
1628061239.317303 0.621090 1.246471 -0.019674 0.000426 0.003821 0.670923 0.741517
1628061239.416985 0.629091 1.264517 -0.020750 0.000359 0.003545 0.676831 0.736130
1628061239.517299 0.629851 1.290389 -0.021036 0.000188 0.003633 0.682462 0.730912
1628061239.617280 0.627080 1.309853 -0.017335 0.000244 0.003636 0.688186 0.725525
1628061239.718812 0.625937 1.329435 -0.019155 0.000329 0.003771 0.693779 0.720178
1628061239.817673 0.625491 1.357878 -0.023127 0.000773 0.003510 0.699432 0.714691
1628061239.919683 0.631802 1.386209 -0.021879 0.000990 0.003439 0.705116 0.709083
1628061240.018031 0.636614 1.400381 -0.023140 0.001067 0.003749 0.711331 0.702846
1628061240.118334 0.642236 1.425355 -0.022793 0.001050 0.003185 0.717483 0.696568
1628061240.218396 0.638377 1.445151 -0.022758 0.001319 0.002636 0.723940 0.689857
1628061240.318672 0.640748 1.464999 -0.019321 0.001499 0.002423 0.730330 0.683089
1628061240.418788 0.629829 1.494408 -0.020504 0.001451 0.003095 0.737076 0.675801
1628061240.519010 0.631852 1.536043 -0.021500 0.001652 0.003290 0.744022 0.668145
1628061240.619154 0.633569 1.564998 -0.021159 0.001980 0.003515 0.750851 0.660460
1628061240.721848 0.634516 1.598997 -0.022900 0.001945 0.003265 0.757305 0.653050
1628061240.819518 0.627935 1.626479 -0.025619 0.001375 0.003091 0.764170 0.645006
1628061240.920178 0.620973 1.659389 -0.026601 0.001517 0.002864 0.770976 0.636857
1628061241.019919 0.615964 1.683739 -0.025332 0.001464 0.003121 0.777851 0.628439
1628061241.120324 0.606657 1.715688 -0.027074 0.001683 0.003203 0.784441 0.620193
1628061241.220284 0.597759 1.742530 -0.024524 0.001794 0.003108 0.790066 0.613011
1628061241.320460 0.590013 1.766658 -0.022454 0.001208 0.002745 0.794616 0.607105
1628061241.420657 0.584918 1.795340 -0.023546 0.001195 0.002478 0.798555 0.601916
1628061241.520924 0.578720 1.824397 -0.020707 0.001038 0.002154 0.801387 0.598141
1628061241.621022 0.572732 1.848927 -0.021282 0.000712 0.002451 0.803574 0.595199
1628061241.721483 0.565801 1.861392 -0.024553 0.000852 0.002346 0.805147 0.593071
1628061241.821393 0.560652 1.876079 -0.022319 0.001548 0.002082 0.806245 0.591576
1628061241.921619 0.553402 1.888040 -0.018626 0.001512 0.001964 0.806872 0.590721
1628061242.021870 0.554527 1.900067 -0.021943 0.001474 0.001731 0.807422 0.589970
1628061242.121949 0.548467 1.906991 -0.022359 0.001582 0.001883 0.808068 0.589083
1628061242.223886 0.550186 1.913293 -0.021363 0.001903 0.001621 0.808546 0.588428
1628061242.322320 0.548935 1.919482 -0.023304 0.001842 0.001754 0.809001 0.587801
1628061242.422616 0.546642 1.925091 -0.018258 0.001807 0.001782 0.809335 0.587341
1628061242.522696 0.538235 1.934973 -0.021557 0.001704 0.001793 0.809846 0.586638
1628061242.624331 0.538613 1.938994 -0.019401 0.001621 0.001642 0.810147 0.586222
1628061242.723092 0.540977 1.942650 -0.019633 0.001696 0.001651 0.810362 0.585925
1628061242.823263 0.539836 1.950661 -0.021271 0.001834 0.001809 0.810609 0.585582
1628061242.923448 0.534011 1.951600 -0.023725 0.001687 0.001697 0.810988 0.585058
1628061243.025840 0.534855 1.958977 -0.022552 0.001589 0.001770 0.811360 0.584542
1628061243.123830 0.537990 1.956943 -0.022300 0.001549 0.001822 0.811725 0.584034
1628061243.223999 0.533590 1.963527 -0.022319 0.001757 0.001902 0.811962 0.583704
1628061243.324435 0.536211 1.970083 -0.022229 0.001670 0.001536 0.812072 0.583552
1628061243.424402 0.529897 1.972918 -0.019754 0.001564 0.001585 0.812459 0.583014
1628061243.524580 0.528068 1.976978 -0.020371 0.001549 0.001668 0.812883 0.582423
1628061243.624750 0.527303 1.973527 -0.023148 0.001453 0.001569 0.813008 0.582248
1628061243.724949 0.527993 1.980376 -0.020337 0.001626 0.001403 0.813393 0.581711
1628061243.825126 0.530665 1.989647 -0.021366 0.001196 0.001574 0.813551 0.581490
1628061243.925322 0.519240 1.988150 -0.018175 0.001038 0.001469 0.813988 0.580879
1628061244.026014 0.512264 1.999544 -0.018182 0.001170 0.001339 0.814358 0.580360
1628061244.125955 0.514941 2.002256 -0.019589 0.001182 0.001005 0.814868 0.579645
1628061244.227029 0.518654 2.014599 -0.020868 0.001220 0.001077 0.815226 0.579140
1628061244.326104 0.510374 2.022507 -0.019899 0.001290 0.001116 0.815677 0.578504
1628061244.426243 0.505354 2.021714 -0.018656 0.001038 0.001250 0.816146 0.577844
1628061244.526491 0.505026 2.036475 -0.020375 0.001372 0.001193 0.816567 0.577247
1628061244.722768 0.498486 2.044554 -0.021191 0.001056 0.001469 0.817043 0.576573
1628061244.726826 0.499064 2.043747 -0.021014 0.001116 0.001487 0.817029 0.576594
1628061244.826988 0.497029 2.059674 -0.020822 0.001593 0.001192 0.817432 0.576022
1628061244.927187 0.491353 2.065164 -0.021973 0.001622 0.001272 0.817763 0.575551
1628061245.027443 0.491651 2.060590 -0.019536 0.001383 0.001214 0.817958 0.575275
1628061245.127574 0.494934 2.064365 -0.017710 0.001448 0.001149 0.818063 0.575125
1628061245.228174 0.495540 2.074531 -0.020274 0.001724 0.001135 0.818506 0.574494
1628061245.327963 0.497306 2.076550 -0.020395 0.001878 0.000903 0.818857 0.573994
1628061245.428164 0.487047 2.074881 -0.021351 0.001873 0.000970 0.819162 0.573558
1628061245.528396 0.487117 2.088699 -0.020116 0.001792 0.000682 0.819614 0.572912
1628061245.628736 0.479983 2.104515 -0.021361 0.001941 0.000483 0.820049 0.572289
1628061245.728734 0.482679 2.112781 -0.021857 0.002042 0.000309 0.820570 0.571542
1628061245.829187 0.480334 2.126579 -0.017066 0.002125 0.000330 0.821117 0.570756
1628061245.929059 0.469792 2.138685 -0.015780 0.002375 0.000340 0.821767 0.569818
1628061246.029502 0.458234 2.160955 -0.016582 0.002810 0.000277 0.822456 0.568822
1628061246.129431 0.446369 2.188801 -0.017677 0.003407 0.000720 0.822657 0.568528
1628061246.229607 0.439299 2.212264 -0.021621 0.003763 0.000871 0.822746 0.568396
1628061246.329808 0.428501 2.244446 -0.023198 0.003739 0.001057 0.822576 0.568642
1628061246.430076 0.420814 2.279720 -0.024575 0.003397 0.001039 0.822490 0.568768
1628061246.530167 0.409677 2.319152 -0.020584 0.003001 0.000379 0.821838 0.569713
1628061246.631171 0.392685 2.350938 -0.018927 0.002759 0.000030 0.821347 0.570423
1628061246.730540 0.372537 2.394578 -0.018064 0.003238 -0.000049 0.820973 0.570958
1628061246.830762 0.357504 2.443818 -0.016241 0.003433 0.000561 0.819894 0.572505
1628061246.930939 0.332681 2.492530 -0.018196 0.004133 0.000936 0.819409 0.573194
1628061247.031155 0.321657 2.530104 -0.019533 0.003905 0.000617 0.818427 0.574597
1628061247.131289 0.305313 2.562482 -0.022793 0.003528 -0.000184 0.817837 0.575439
1628061247.231580 0.288225 2.595283 -0.019537 0.003042 -0.000547 0.817252 0.576272
1628061247.331666 0.270331 2.633585 -0.019331 0.003086 -0.000133 0.817013 0.576611
1628061247.434614 0.254005 2.690930 -0.016938 0.003197 0.000210 0.816804 0.576907
1628061247.532049 0.238644 2.749794 -0.019112 0.003140 0.000726 0.816365 0.577527
1628061247.632344 0.230633 2.805465 -0.020072 0.003022 0.000853 0.815912 0.578167
1628061247.732410 0.213599 2.845459 -0.023575 0.002889 0.000863 0.815273 0.579068
1628061247.832626 0.196633 2.900950 -0.021409 0.002619 0.000821 0.815043 0.579394
1628061247.932796 0.172273 2.945624 -0.022719 0.001278 0.001279 0.814671 0.579921
1628061248.033034 0.165041 2.988548 -0.020895 0.000714 0.001148 0.814364 0.580353
1628061248.133191 0.147652 3.034148 -0.022886 0.000559 0.001500 0.813986 0.580882
1628061248.233521 0.135749 3.086330 -0.019652 0.000935 0.002033 0.813535 0.581512
1628061248.333536 0.107902 3.129821 -0.020816 0.001636 0.002739 0.813334 0.581788
1628061248.433727 0.099760 3.174237 -0.023994 0.001890 0.002598 0.813052 0.582182
1628061248.533922 0.082590 3.218070 -0.024147 0.001493 0.002034 0.812817 0.582513
1628061248.634361 0.065000 3.260456 -0.024844 0.001243 0.001514 0.812389 0.583113
1628061248.734271 0.042566 3.304400 -0.021023 0.001907 0.001255 0.812018 0.583628
1628061248.834895 0.031034 3.349954 -0.020846 0.001888 0.002095 0.811483 0.584370
1628061248.934662 0.020662 3.392730 -0.023611 0.001371 0.002279 0.811460 0.584402
1628061249.035169 0.008044 3.447856 -0.025650 0.000603 0.001467 0.811379 0.584518
1628061249.135063 -0.005735 3.483162 -0.024757 0.000456 0.000082 0.811340 0.584574
1628061249.235210 -0.024331 3.514439 -0.019693 0.000603 -0.000603 0.811795 0.583941
1628061249.335408 -0.047403 3.555423 -0.023227 0.001889 -0.000775 0.812634 0.582771
1628061249.435601 -0.062936 3.593681 -0.018820 0.002848 -0.000209 0.813640 0.581362
1628061249.535766 -0.079855 3.635906 -0.019802 0.003255 -0.000332 0.814132 0.580671
1628061249.636180 -0.089812 3.682669 -0.019555 0.003746 -0.000820 0.814935 0.579539
1628061249.736172 -0.107103 3.715087 -0.022165 0.003638 -0.001491 0.815852 0.578248
1628061249.837962 -0.120947 3.768641 -0.016926 0.003373 -0.001260 0.816655 0.577115
1628061249.936535 -0.142985 3.810512 -0.018345 0.003350 -0.001015 0.817482 0.575944
1628061250.036709 -0.152666 3.860025 -0.022215 0.003045 -0.001251 0.818282 0.574808
1628061250.136897 -0.172645 3.904023 -0.024461 0.002757 -0.002394 0.819307 0.573344
1628061250.237101 -0.204260 3.948609 -0.021110 0.003716 -0.004114 0.820007 0.572326
1628061250.337306 -0.214284 3.985024 -0.015651 0.004071 -0.004470 0.820529 0.571573
1628061250.437464 -0.231739 4.024706 -0.017714 0.004142 -0.003717 0.821394 0.570334
1628061250.537665 -0.234528 4.061304 -0.017775 0.004250 -0.003749 0.821717 0.569868
1628061250.637832 -0.242564 4.102539 -0.019133 0.003735 -0.004012 0.822205 0.569165
1628061250.738014 -0.257059 4.145100 -0.014353 0.003078 -0.004290 0.822754 0.568373
1628061250.838319 -0.272001 4.181419 -0.013242 0.003231 -0.004054 0.823199 0.567730
1628061250.938461 -0.298181 4.219516 -0.014710 0.003270 -0.002838 0.823653 0.567077
1628061251.041824 -0.320539 4.270839 -0.018305 0.003667 -0.002708 0.823598 0.567155
1628061251.138799 -0.333887 4.318345 -0.017530 0.003479 -0.003786 0.823940 0.566653
1628061251.239800 -0.340933 4.357605 -0.014866 0.003213 -0.005197 0.824052 0.566482
1628061251.339149 -0.356724 4.395674 -0.016059 0.002830 -0.006397 0.824253 0.566178
1628061251.439324 -0.383059 4.443019 -0.016204 0.002524 -0.006701 0.824990 0.565102
1628061251.539522 -0.392162 4.483631 -0.009014 0.001692 -0.005840 0.825370 0.564559
1628061251.639713 -0.404165 4.525912 -0.012580 0.002093 -0.005504 0.826060 0.563551
1628061251.739890 -0.422850 4.554511 -0.015796 0.003055 -0.006282 0.826350 0.563113
1628061251.840486 -0.440881 4.597477 -0.014587 0.002380 -0.007199 0.826890 0.562312
1628061251.940288 -0.463135 4.636392 -0.013859 0.002814 -0.007777 0.827405 0.561545
1628061252.040456 -0.490947 4.684754 -0.012083 0.003518 -0.007565 0.828003 0.560661
1628061252.140635 -0.496871 4.727634 -0.011329 0.004083 -0.006954 0.828153 0.560444
1628061252.240829 -0.505936 4.770899 -0.009891 0.004182 -0.007166 0.828671 0.559674
1628061252.341029 -0.528730 4.796746 -0.011853 0.003442 -0.007575 0.828836 0.559430
1628061252.441191 -0.543919 4.843571 -0.009742 0.003433 -0.007557 0.829363 0.558648
1628061252.541373 -0.563396 4.890864 -0.007770 0.003550 -0.007161 0.829755 0.558070
1628061252.641559 -0.578746 4.931200 -0.009196 0.003858 -0.006370 0.830219 0.557388
1628061252.741804 -0.589949 4.967620 -0.010897 0.003874 -0.006514 0.830364 0.557170
1628061252.841935 -0.618291 5.010870 -0.012565 0.003548 -0.007787 0.830324 0.557216
1628061252.942122 -0.640406 5.064153 -0.010420 0.002969 -0.009092 0.829810 0.557963
1628061253.042304 -0.663127 5.111227 -0.004632 0.002375 -0.009208 0.829205 0.558863
1628061253.142519 -0.676530 5.154267 -0.001817 0.002171 -0.007795 0.827698 0.561115
1628061253.242836 -0.687332 5.202277 -0.002109 0.001852 -0.006664 0.826067 0.563529
1628061253.342901 -0.695367 5.236911 -0.004412 0.001368 -0.006749 0.824506 0.565812
1628061253.443193 -0.702190 5.280030 -0.004270 0.000577 -0.006961 0.822817 0.568263
1628061253.543298 -0.729373 5.309546 -0.001955 0.000701 -0.007073 0.821613 0.570002
1628061253.645851 -0.758553 5.351327 0.000957 0.001420 -0.007176 0.820498 0.571603
1628061253.743640 -0.780105 5.384694 0.000070 0.001915 -0.006550 0.820173 0.572075
1628061253.843815 -0.794674 5.426583 -0.002726 0.002114 -0.005911 0.819692 0.572771
1628061253.944167 -0.813313 5.475866 -0.000123 0.002085 -0.006537 0.819526 0.573001
1628061254.046004 -0.819908 5.516179 -0.001826 0.001423 -0.006400 0.818997 0.573760
1628061254.144407 -0.837532 5.558152 0.001401 0.000840 -0.005657 0.818915 0.573886
1628061254.244726 -0.848801 5.597922 0.002579 0.000719 -0.005650 0.818550 0.574407
1628061254.344762 -0.870714 5.645894 0.000804 0.001596 -0.006587 0.818947 0.573829
1628061254.445826 -0.891469 5.684835 -0.003374 0.001720 -0.007632 0.819030 0.573698
1628061254.545140 -0.914034 5.724137 0.003127 0.001792 -0.009008 0.819026 0.573683
1628061254.645446 -0.936659 5.767761 0.006545 0.001767 -0.010285 0.819105 0.573549
1628061254.745516 -0.951254 5.806821 0.000972 0.001857 -0.009674 0.819321 0.573251
1628061254.846579 -0.962556 5.852114 0.002788 0.001682 -0.007988 0.819415 0.573143
1628061254.946110 -0.990090 5.900375 0.002251 0.001467 -0.007964 0.819769 0.572637
1628061255.046056 -1.010582 5.941864 0.004932 0.001270 -0.008620 0.819759 0.572642
1628061255.146277 -1.023935 5.987415 0.006639 0.000948 -0.008177 0.819842 0.572531
1628061255.246415 -1.022638 6.032505 0.011937 0.001759 -0.007761 0.819646 0.572815
1628061255.346630 -1.043661 6.091986 0.011717 0.003099 -0.007474 0.819644 0.572816
1628061255.446850 -1.063736 6.138157 0.006176 0.002818 -0.007920 0.819675 0.572768
1628061255.547023 -1.088940 6.168273 0.009350 0.002163 -0.008729 0.819916 0.572413
1628061255.647221 -1.107255 6.202929 0.010378 0.002031 -0.009767 0.819867 0.572467
1628061255.747368 -1.125161 6.250732 0.009630 0.001506 -0.009689 0.819811 0.572550
1628061255.847571 -1.145347 6.289188 0.011664 0.001083 -0.009766 0.820043 0.572217
1628061255.947827 -1.158889 6.333756 0.011851 0.002131 -0.010650 0.820232 0.571927
1628061256.047935 -1.181150 6.366312 0.008583 0.001959 -0.011136 0.820391 0.571691
1628061256.148193 -1.194108 6.412260 0.014333 0.002014 -0.011458 0.820272 0.571855
1628061256.248303 -1.203721 6.456994 0.020285 0.002699 -0.011958 0.820503 0.571510
1628061256.349025 -1.210046 6.501837 0.017330 0.003766 -0.012239 0.820433 0.571600
1628061256.448673 -1.230859 6.548906 0.013242 0.002961 -0.012134 0.820581 0.571394
1628061256.548853 -1.247054 6.599426 0.014371 0.002518 -0.011919 0.820379 0.571690
1628061256.649031 -1.269429 6.643417 0.013742 0.001984 -0.011375 0.820465 0.571580
1628061256.749230 -1.290866 6.677723 0.014683 0.001427 -0.010092 0.820636 0.571360
1628061256.849416 -1.316837 6.717826 0.016759 0.000515 -0.008574 0.820787 0.571170
1628061256.949612 -1.338368 6.763229 0.018746 0.001171 -0.008331 0.821050 0.570794
1628061257.049821 -1.344605 6.807113 0.018854 0.001046 -0.008423 0.821097 0.570725
1628061257.149967 -1.358261 6.860511 0.017857 0.000775 -0.008929 0.821267 0.570473
1628061257.250178 -1.369984 6.900199 0.020104 0.000240 -0.009717 0.821113 0.570683
1628061257.350347 -1.389544 6.941545 0.022513 0.000344 -0.009795 0.821168 0.570602
1628061257.450547 -1.406860 6.985866 0.020883 -0.000344 -0.009476 0.821055 0.570771
1628061257.552238 -1.421506 7.027001 0.020661 -0.000740 -0.009942 0.821159 0.570613
1628061257.650929 -1.438253 7.064558 0.023459 -0.001271 -0.010756 0.820913 0.570951
1628061257.751097 -1.470368 7.102208 0.023394 -0.001197 -0.010620 0.821672 0.569860
1628061257.851298 -1.488945 7.143783 0.025162 -0.000013 -0.010574 0.821625 0.569930
1628061257.951506 -1.502453 7.191577 0.026691 0.001382 -0.010512 0.821802 0.569674
1628061258.051659 -1.506669 7.235937 0.026873 0.002311 -0.010412 0.821957 0.569450
1628061258.153445 -1.524951 7.290187 0.025747 0.002985 -0.011448 0.822191 0.569089
1628061258.252059 -1.547461 7.333217 0.023407 0.003579 -0.011661 0.821894 0.569510
1628061258.354302 -1.551453 7.380574 0.021335 0.003592 -0.010100 0.821960 0.569444
1628061258.452866 -1.566766 7.419549 0.029599 0.003954 -0.009733 0.821735 0.569773
1628061258.552597 -1.590605 7.458320 0.028652 0.003929 -0.010244 0.822021 0.569351
1628061258.652795 -1.612874 7.497653 0.024764 0.003663 -0.010788 0.821724 0.569771
1628061258.752978 -1.626979 7.547463 0.025064 0.003218 -0.011930 0.822097 0.569213
1628061258.853215 -1.640990 7.590539 0.025726 0.003844 -0.011927 0.822362 0.568826
1628061258.953447 -1.663270 7.632131 0.027714 0.003870 -0.011608 0.822875 0.568090
1628061259.053540 -1.691310 7.675422 0.029058 0.003925 -0.011555 0.822945 0.567990
1628061259.153807 -1.699012 7.722846 0.023295 0.003440 -0.011343 0.823171 0.567670
1628061259.253936 -1.707816 7.773189 0.022538 0.002513 -0.010999 0.822989 0.567946
1628061259.354321 -1.730594 7.824417 0.032248 0.001254 -0.009724 0.822777 0.568279
1628061259.454288 -1.748672 7.873623 0.033278 0.002147 -0.008833 0.823080 0.567852
1628061259.554461 -1.762480 7.924143 0.031713 0.001992 -0.008443 0.822875 0.568157
1628061259.654713 -1.777316 7.963346 0.028839 0.001552 -0.008528 0.822515 0.568678
1628061259.756536 -1.791996 8.002754 0.030427 0.000838 -0.008598 0.823171 0.567728
1628061259.855074 -1.828087 8.057497 0.031530 0.000613 -0.007459 0.823605 0.567114
1628061259.955241 -1.844003 8.114005 0.034769 0.000993 -0.006610 0.823678 0.567018
1628061260.055426 -1.857001 8.152489 0.036812 0.001135 -0.006085 0.823430 0.567384
1628061260.155796 -1.875181 8.202447 0.034073 0.001650 -0.006576 0.823610 0.567117
1628061260.255784 -1.896970 8.251289 0.033667 0.002050 -0.007052 0.823755 0.566898
1628061260.356753 -1.925256 8.304037 0.039010 0.002585 -0.006946 0.823520 0.567238
1628061260.456196 -1.940916 8.347780 0.037458 0.003849 -0.006706 0.823861 0.566739
1628061260.556327 -1.967635 8.400343 0.031356 0.003194 -0.006270 0.823893 0.566701
1628061260.656532 -1.971092 8.451380 0.039167 0.003889 -0.007277 0.823980 0.566559
1628061260.756867 -1.991961 8.502123 0.042548 0.003251 -0.008035 0.824360 0.566000
1628061260.856919 -2.013661 8.544261 0.040545 0.003806 -0.008394 0.824706 0.565487
1628061260.957078 -2.025442 8.596365 0.042236 0.005409 -0.008790 0.824980 0.565068
1628061261.057271 -2.048904 8.643103 0.046404 0.006589 -0.008137 0.825589 0.564175
1628061261.157611 -2.076850 8.699679 0.047388 0.007551 -0.007508 0.825817 0.563838
1628061261.257673 -2.102341 8.749365 0.039199 0.008219 -0.006653 0.826040 0.563513
1628061261.358093 -2.125294 8.810206 0.037926 0.007528 -0.006620 0.825964 0.563634
1628061261.458007 -2.143104 8.858746 0.040597 0.007590 -0.006965 0.825708 0.564004
1628061261.558366 -2.161997 8.930129 0.035776 0.006130 -0.006695 0.826083 0.563475
1628061261.658418 -2.188775 8.992152 0.038792 0.005605 -0.007043 0.826639 0.562661
1628061261.758631 -2.217805 9.063084 0.041726 0.004967 -0.006790 0.826926 0.562248
1628061261.858820 -2.240599 9.111804 0.041257 0.004026 -0.006368 0.826913 0.562279
1628061261.958963 -2.264791 9.157743 0.039441 0.003284 -0.005821 0.827325 0.561684
1628061262.059136 -2.285784 9.210035 0.041907 0.002369 -0.004956 0.827672 0.561186
1628061262.161283 -2.320939 9.277317 0.044801 0.002521 -0.004538 0.827811 0.560983
1628061262.259530 -2.334041 9.344248 0.051405 0.002913 -0.004999 0.828123 0.560516
1628061262.359706 -2.352637 9.411027 0.047707 0.003654 -0.005015 0.828219 0.560370
1628061262.459894 -2.377176 9.475635 0.049182 0.004236 -0.005021 0.828750 0.559580
1628061262.560081 -2.411011 9.539218 0.049078 0.003653 -0.005326 0.828912 0.559342
1628061262.660262 -2.424858 9.587688 0.048764 0.003189 -0.006151 0.828918 0.559327
1628061262.760491 -2.449667 9.632340 0.046626 0.002098 -0.006600 0.828933 0.559304
1628061262.860621 -2.466039 9.692137 0.051091 0.000751 -0.006526 0.828779 0.559538
1628061262.961002 -2.508452 9.751776 0.053518 -0.000345 -0.008006 0.828978 0.559224
1628061263.060997 -2.547157 9.820527 0.053614 -0.000491 -0.008489 0.829111 0.559020
1628061263.163875 -2.570536 9.890520 0.058696 -0.000883 -0.007655 0.829054 0.559115
1628061263.261396 -2.575763 9.952307 0.059951 -0.001458 -0.006278 0.828428 0.560059
1628061263.361565 -2.602365 10.018594 0.057503 -0.000337 -0.005320 0.827776 0.561033
1628061263.461745 -2.625876 10.071844 0.058571 -0.000649 -0.005851 0.827364 0.561635
1628061263.561931 -2.649693 10.124135 0.058371 -0.001088 -0.006952 0.826738 0.562542
1628061263.662166 -2.683931 10.171323 0.063935 -0.000914 -0.008210 0.826608 0.562718
1628061263.762304 -2.702265 10.230851 0.064283 -0.000664 -0.009478 0.825779 0.563914
1628061263.862500 -2.742500 10.291484 0.061490 -0.000930 -0.009746 0.825606 0.564162
1628061263.963244 -2.763913 10.352132 0.066486 -0.002420 -0.010128 0.825730 0.563970
1628061264.062865 -2.782745 10.407893 0.067091 -0.001599 -0.009825 0.825853 0.563797
1628061264.163097 -2.798322 10.457180 0.061835 -0.000385 -0.009079 0.825389 0.564491
1628061264.263250 -2.829355 10.527574 0.063014 0.000402 -0.008381 0.825233 0.564730
1628061264.367899 -2.865703 10.591495 0.073918 -0.000359 -0.009270 0.824887 0.565221
1628061264.463623 -2.886573 10.641014 0.074968 -0.000277 -0.010959 0.824757 0.565381
1628061264.563808 -2.918885 10.716434 0.068294 0.000056 -0.011567 0.824569 0.565643
1628061264.664021 -2.937558 10.772821 0.066227 0.001342 -0.011110 0.824772 0.565355
1628061264.764201 -2.952129 10.825757 0.069974 0.002150 -0.010350 0.824708 0.565460
1628061264.864367 -2.965321 10.871655 0.072097 0.002441 -0.009910 0.825016 0.565017
1628061264.964558 -2.986421 10.926044 0.071709 0.002311 -0.010781 0.824617 0.565584
1628061265.064782 -3.024208 10.987034 0.073179 0.001570 -0.011483 0.824770 0.565349
1628061265.165842 -3.051518 11.048080 0.070287 0.001049 -0.011366 0.824423 0.565859
1628061265.265134 -3.078703 11.096645 0.062846 0.001333 -0.010920 0.824484 0.565779
1628061265.365302 -3.103224 11.152523 0.061521 0.000356 -0.009979 0.824186 0.566231
1628061265.465487 -3.129934 11.220799 0.065524 -0.000620 -0.008847 0.824258 0.566145
1628061265.565831 -3.159519 11.277020 0.068506 -0.001908 -0.008350 0.824631 0.565606
1628061265.665877 -3.169523 11.335265 0.072394 -0.001215 -0.008845 0.824185 0.566251
1628061265.766095 -3.187181 11.404055 0.067679 -0.001067 -0.008440 0.823767 0.566864
1628061265.866254 -3.204930 11.443365 0.068773 -0.000915 -0.007701 0.824108 0.566380
1628061265.966424 -3.217486 11.481398 0.076193 0.000381 -0.008649 0.823749 0.566888
1628061266.066643 -3.240043 11.523564 0.073862 0.000629 -0.010032 0.823576 0.567117
1628061266.166828 -3.284365 11.569102 0.065225 0.000433 -0.010546 0.824481 0.565792
1628061266.266995 -3.307963 11.623413 0.070124 0.001313 -0.010122 0.824376 0.565950
1628061266.367958 -3.316270 11.690893 0.071560 0.002632 -0.009919 0.823948 0.566573
1628061266.467369 -3.316637 11.768385 0.074207 0.003580 -0.011186 0.823698 0.566907
1628061266.567552 -3.331376 11.830293 0.078324 0.004195 -0.011610 0.823661 0.566948
1628061266.667770 -3.358489 11.874531 0.076070 0.002991 -0.012288 0.824064 0.566355
1628061266.768046 -3.384023 11.897338 0.077947 0.004165 -0.011870 0.823966 0.566500
1628061266.868654 -3.400719 11.944280 0.073938 0.003241 -0.011628 0.823839 0.566695
1628061266.970488 -3.418243 11.995351 0.075468 0.001993 -0.011295 0.823688 0.566927
1628061267.068502 -3.445482 12.030625 0.075360 0.002540 -0.012157 0.823609 0.567022
1628061267.169177 -3.471687 12.103762 0.073397 0.002186 -0.012428 0.824077 0.566337
1628061267.268875 -3.502872 12.172714 0.072373 0.002283 -0.011933 0.824316 0.565999
1628061267.369069 -3.514718 12.237547 0.079957 0.002674 -0.011253 0.824200 0.566181
1628061267.469260 -3.532461 12.288985 0.082693 0.003511 -0.011198 0.824005 0.566461
1628061267.569485 -3.572880 12.328936 0.087294 0.003590 -0.011821 0.824388 0.565891
1628061267.669630 -3.594034 12.377473 0.087170 0.002261 -0.012054 0.823639 0.566981
1628061267.769784 -3.623235 12.425199 0.087195 0.002448 -0.012474 0.824075 0.566339
1628061267.869972 -3.637172 12.491046 0.085189 0.003605 -0.013580 0.824259 0.566038
1628061267.970165 -3.669239 12.551117 0.083287 0.003731 -0.013505 0.823844 0.566643
1628061268.070404 -3.688509 12.623574 0.085850 0.003596 -0.014492 0.823484 0.567143
1628061268.170546 -3.706480 12.710702 0.091364 0.003279 -0.014585 0.823566 0.567023
1628061268.270740 -3.740208 12.778788 0.088960 0.003288 -0.014659 0.824230 0.566055
1628061268.373250 -3.766471 12.808612 0.089817 0.002344 -0.013799 0.823633 0.566950
1628061268.471120 -3.789692 12.855700 0.092695 0.002461 -0.013521 0.823860 0.566627
1628061268.571299 -3.816390 12.918275 0.089521 0.001812 -0.015074 0.823855 0.566597
1628061268.671498 -3.853924 12.987939 0.087458 0.000488 -0.014699 0.823830 0.566646
1628061268.771670 -3.883352 13.072664 0.084417 -0.001448 -0.013693 0.823990 0.566437
1628061268.871901 -3.907690 13.169855 0.086434 -0.001763 -0.012165 0.823762 0.566803
1628061268.972040 -3.943002 13.252613 0.088110 -0.001881 -0.010855 0.823992 0.566494
1628061269.072276 -3.969644 13.310043 0.093258 -0.000492 -0.010072 0.823757 0.566853
1628061269.172440 -3.976054 13.354833 0.093203 -0.002046 -0.010503 0.823309 0.567492
1628061269.272604 -4.005526 13.425585 0.099382 -0.003049 -0.010919 0.823174 0.567675
1628061269.372806 -4.042654 13.502648 0.098965 -0.003686 -0.012312 0.823402 0.567314
1628061269.472995 -4.086402 13.575427 0.092320 -0.001776 -0.011693 0.823651 0.566974
1628061269.573160 -4.111201 13.642812 0.098339 0.000147 -0.012717 0.822733 0.568285
1628061269.673337 -4.127046 13.710479 0.102027 0.002095 -0.012427 0.822909 0.568033
1628061269.773581 -4.173161 13.790796 0.106730 0.002675 -0.011705 0.822504 0.568632
1628061269.873744 -4.185939 13.859006 0.103034 0.002182 -0.012313 0.822093 0.569215
1628061269.973924 -4.228437 13.941764 0.104562 0.001913 -0.013179 0.822050 0.569260
1628061270.074085 -4.255415 14.010294 0.110917 0.002383 -0.013425 0.821787 0.569632
1628061270.174284 -4.271799 14.073145 0.104138 0.003336 -0.013582 0.821817 0.569579
1628061270.274478 -4.298025 14.135405 0.106688 0.005391 -0.012222 0.821473 0.570090
1628061270.374649 -4.313152 14.199247 0.106779 0.003585 -0.011792 0.821166 0.570557
1628061270.474832 -4.317915 14.275025 0.125465 0.007546 -0.013340 0.820709 0.571141
1628061270.575027 -4.363499 14.318354 0.128482 0.012013 -0.016895 0.820946 0.570629
1628061270.675207 -4.400076 14.351114 0.125760 0.016614 -0.018700 0.821123 0.570202
1628061270.775400 -4.415746 14.406763 0.129590 0.019840 -0.020605 0.820514 0.570911
1628061270.875609 -4.435919 14.484586 0.135512 0.022331 -0.022731 0.821047 0.569971
1628061270.976856 -4.461560 14.548789 0.138562 0.026295 -0.022899 0.821081 0.569746
1628061271.076096 -4.490981 14.592891 0.133091 0.028555 -0.023802 0.820699 0.570150
1628061271.176168 -4.508817 14.647710 0.143211 0.032476 -0.025612 0.820187 0.570598
1628061271.276367 -4.532288 14.716091 0.146776 0.032915 -0.028629 0.820841 0.569489
1628061271.376515 -4.541286 14.777642 0.143605 0.030529 -0.027720 0.820582 0.570039
1628061271.476970 -4.553743 14.820156 0.152465 0.031496 -0.026742 0.820697 0.569868
1628061271.576918 -4.584332 14.880034 0.159360 0.030801 -0.027289 0.820965 0.569493
1628061271.678977 -4.601895 14.947322 0.166268 0.030252 -0.025663 0.820870 0.569736
1628061271.777301 -4.614641 14.998358 0.173960 0.029490 -0.025889 0.821894 0.568288
1628061271.877591 -4.629982 15.041939 0.170486 0.028111 -0.025937 0.821653 0.568703
1628061271.977666 -4.652811 15.123642 0.176661 0.027227 -0.026562 0.821425 0.569047
1628061272.080500 -4.674987 15.206602 0.187865 0.027272 -0.026182 0.821600 0.568809
1628061272.178017 -4.723851 15.267176 0.192522 0.026335 -0.025788 0.821573 0.568910
1628061272.282193 -4.761243 15.331710 0.192106 0.026340 -0.024459 0.822157 0.568125
1628061272.378427 -4.775395 15.400351 0.195447 0.025149 -0.025329 0.821941 0.568453
1628061272.478656 -4.790728 15.460600 0.198609 0.024943 -0.024184 0.821875 0.568608
1628061272.578773 -4.813167 15.522717 0.210787 0.024242 -0.024463 0.821905 0.568583
1628061272.682389 -4.839228 15.598731 0.212598 0.023112 -0.025171 0.822212 0.568154
1628061272.779178 -4.883894 15.665877 0.208193 0.023321 -0.024134 0.822384 0.567942
1628061272.880108 -4.925785 15.723444 0.220345 0.023182 -0.024243 0.822785 0.567362
1628061272.979518 -4.931117 15.786649 0.224618 0.023112 -0.023592 0.822369 0.567996
1628061273.081953 -4.956570 15.859087 0.222868 0.022383 -0.022852 0.822509 0.567852
1628061273.179886 -4.980157 15.962610 0.235545 0.022835 -0.023116 0.822145 0.568351
1628061273.281781 -5.015603 16.055501 0.261237 0.022910 -0.024933 0.822055 0.568400
1628061273.380273 -5.037101 16.133554 0.252812 0.022792 -0.024993 0.822275 0.568084
1628061273.481817 -5.065370 16.198354 0.256199 0.022495 -0.025066 0.822865 0.567238
1628061273.580666 -5.117842 16.264414 0.257324 0.023737 -0.023567 0.822894 0.567209
1628061273.682221 -5.151625 16.326111 0.260668 0.024019 -0.022935 0.823025 0.567033
1628061273.781029 -5.183161 16.394380 0.259845 0.023182 -0.022671 0.823016 0.567092
1628061273.885916 -5.207140 16.476450 0.269085 0.023160 -0.023222 0.822937 0.567186
1628061273.981395 -5.222957 16.566794 0.273380 0.021958 -0.023920 0.823221 0.566792
1628061274.084414 -5.259556 16.642160 0.278162 0.022546 -0.023603 0.823389 0.566538
1628061274.181781 -5.298035 16.696865 0.282856 0.023816 -0.022682 0.823503 0.566357
1628061274.281943 -5.336569 16.746144 0.287124 0.023090 -0.022266 0.823463 0.566462
1628061274.382162 -5.353049 16.821944 0.299859 0.022334 -0.022548 0.823335 0.566667
1628061274.482579 -5.374589 16.892524 0.304749 0.021426 -0.024509 0.823352 0.566597
1628061274.582519 -5.380216 16.971451 0.305014 0.020760 -0.024613 0.823539 0.566345
1628061274.686332 -5.417138 17.063483 0.316544 0.021228 -0.024262 0.823476 0.566434
1628061274.782894 -5.469246 17.136119 0.318473 0.021852 -0.023223 0.823369 0.566610
1628061274.883067 -5.509611 17.214005 0.318018 0.020669 -0.023085 0.822917 0.567315
1628061274.983265 -5.554018 17.283435 0.324228 0.021071 -0.022343 0.822534 0.567887
1628061275.083434 -5.564515 17.368282 0.330631 0.020453 -0.023927 0.822524 0.567858
1628061275.183666 -5.575021 17.437938 0.335608 0.019794 -0.025234 0.822521 0.567830
1628061275.283822 -5.624389 17.516109 0.335513 0.020449 -0.023696 0.822828 0.567428
1628061275.384004 -5.644929 17.584558 0.340746 0.021200 -0.023796 0.822165 0.568357
1628061275.484218 -5.657141 17.648916 0.345303 0.020168 -0.024681 0.822767 0.567485
1628061275.584375 -5.679683 17.695740 0.348101 0.019954 -0.025066 0.822590 0.567732
1628061275.685961 -5.716193 17.760710 0.347109 0.020286 -0.025177 0.822543 0.567783
1628061275.784799 -5.761071 17.845982 0.344265 0.018661 -0.027664 0.821728 0.568902
1628061275.884938 -5.785113 17.908600 0.356516 0.020867 -0.026560 0.821204 0.569635
1628061275.985139 -5.813388 17.987309 0.358179 0.021611 -0.026375 0.820307 0.570906
1628061276.085425 -5.831064 18.054090 0.362182 0.021088 -0.026856 0.819298 0.572351
1628061276.185523 -5.835743 18.118336 0.363707 0.020135 -0.026241 0.817295 0.575269
1628061276.286407 -5.853019 18.170346 0.366085 0.019541 -0.025851 0.814906 0.578686
1628061276.385878 -5.887192 18.245989 0.377565 0.018856 -0.026878 0.812999 0.581339
1628061276.487234 -5.925763 18.301002 0.378131 0.019103 -0.025135 0.810302 0.585161
1628061276.586265 -5.954016 18.344877 0.382827 0.019755 -0.023994 0.809205 0.586704
1628061276.688531 -5.978886 18.404302 0.388246 0.018927 -0.024559 0.807007 0.589727
1628061276.786636 -6.002621 18.471346 0.386554 0.016842 -0.025602 0.805012 0.592467
1628061276.886834 -6.046113 18.551676 0.396074 0.016739 -0.025168 0.802246 0.596227
1628061276.987000 -6.071148 18.606864 0.393501 0.016465 -0.025241 0.800796 0.598178
1628061277.087191 -6.087118 18.665699 0.390914 0.017104 -0.025352 0.797974 0.601915
1628061277.187370 -6.090782 18.744137 0.391959 0.016233 -0.026700 0.795850 0.604686
1628061277.287797 -6.109460 18.802160 0.405212 0.016591 -0.027153 0.793882 0.607238
1628061277.390438 -6.122504 18.868244 0.410013 0.018581 -0.024613 0.791655 0.610189
1628061277.489368 -6.142327 18.934560 0.408460 0.018687 -0.025117 0.789295 0.613215
1628061277.588133 -6.138643 18.982478 0.419815 0.019111 -0.025160 0.787619 0.615352
1628061277.689170 -6.149972 19.032062 0.421065 0.018632 -0.026571 0.785674 0.617789
1628061277.794168 -6.165208 19.093786 0.427476 0.019490 -0.025811 0.783631 0.620384
1628061277.888674 -6.194317 19.160584 0.423992 0.021093 -0.024383 0.781872 0.622604
1628061277.988880 -6.222805 19.220547 0.433267 0.020818 -0.024466 0.780018 0.624931
1628061278.089861 -6.250883 19.257819 0.437611 0.021736 -0.023914 0.778034 0.627391
1628061278.189250 -6.266494 19.295230 0.440146 0.021105 -0.024714 0.776173 0.629682
1628061278.289472 -6.264969 19.343497 0.437288 0.020905 -0.024300 0.775143 0.630972
1628061278.389615 -6.261546 19.410900 0.447228 0.019770 -0.026917 0.773866 0.632469
1628061278.490183 -6.279256 19.475373 0.448848 0.019875 -0.027031 0.772916 0.633621
1628061278.590114 -6.295160 19.539140 0.459502 0.021036 -0.024933 0.771470 0.635429
1628061278.690188 -6.321982 19.610344 0.464242 0.020358 -0.025196 0.770727 0.636342
1628061278.790370 -6.344452 19.670469 0.451423 0.019136 -0.026469 0.771344 0.635580
1628061278.890780 -6.350043 19.703917 0.458817 0.018978 -0.026274 0.772176 0.634582
1628061278.990732 -6.344943 19.731879 0.461587 0.019759 -0.027018 0.773168 0.633318
1628061279.090978 -6.345884 19.783135 0.459462 0.017210 -0.030455 0.774354 0.631784
1628061279.191112 -6.349700 19.844988 0.465733 0.019276 -0.027338 0.776205 0.629593
1628061279.291313 -6.377127 19.907727 0.460222 0.019885 -0.029181 0.777161 0.628311
1628061279.391510 -6.393668 19.960200 0.457088 0.020702 -0.027383 0.778608 0.626571
1628061279.491678 -6.406779 20.017510 0.465352 0.020868 -0.028320 0.780035 0.624747
1628061279.591953 -6.411530 20.083185 0.465587 0.019799 -0.030918 0.782048 0.622136
1628061279.692059 -6.441520 20.140764 0.467109 0.019130 -0.032245 0.783193 0.620647
1628061279.792257 -6.442796 20.192702 0.474235 0.020345 -0.031899 0.784225 0.619322
1628061279.892422 -6.446831 20.235333 0.482073 0.020716 -0.031651 0.786132 0.616900
1628061279.992933 -6.468244 20.273605 0.478402 0.021466 -0.032483 0.787507 0.615075
1628061280.092802 -6.483605 20.317184 0.482772 0.021983 -0.031704 0.788869 0.613349
1628061280.193244 -6.491324 20.361075 0.490590 0.023047 -0.030777 0.790314 0.611495
1628061280.293175 -6.501302 20.412624 0.487467 0.022464 -0.032227 0.791413 0.610018
1628061280.393750 -6.512313 20.465310 0.499583 0.021705 -0.032782 0.792793 0.608222
1628061280.493549 -6.528978 20.519704 0.516861 0.020563 -0.034471 0.794490 0.605949
1628061280.593859 -6.535743 20.572613 0.515387 0.020224 -0.034517 0.795454 0.604693
1628061280.693921 -6.546264 20.618944 0.515549 0.020818 -0.033656 0.796916 0.602792
1628061280.794131 -6.560763 20.661702 0.516268 0.021495 -0.033060 0.798612 0.600553
1628061280.897740 -6.573724 20.714804 0.525528 0.021780 -0.033412 0.799756 0.598998
1628061280.994488 -6.596420 20.763672 0.526128 0.023212 -0.031788 0.801123 0.597204
1628061281.094987 -6.613057 20.816317 0.531571 0.021074 -0.033686 0.802048 0.595937
1628061281.194856 -6.632119 20.860099 0.528280 0.021692 -0.033240 0.803428 0.594077
1628061281.295065 -6.658635 20.907314 0.537245 0.021623 -0.033846 0.804599 0.592459
1628061281.395231 -6.678128 20.939057 0.542846 0.021937 -0.034115 0.805183 0.591638
1628061281.495445 -6.700041 20.994612 0.546726 0.022484 -0.035439 0.806477 0.589774
1628061281.595950 -6.716042 21.044279 0.542043 0.020802 -0.036540 0.807936 0.587768
1628061281.696060 -6.720162 21.098027 0.540602 0.021829 -0.035086 0.809894 0.585120
1628061281.796894 -6.733277 21.167505 0.551276 0.022574 -0.035323 0.811430 0.582945
1628061281.896271 -6.745957 21.208988 0.557018 0.021940 -0.036712 0.812783 0.580995
1628061281.996512 -6.771388 21.251879 0.564594 0.021776 -0.036400 0.813809 0.579582
1628061282.096740 -6.796030 21.292518 0.579088 0.021959 -0.036148 0.814851 0.578125
1628061282.196747 -6.818842 21.336382 0.577611 0.022488 -0.036484 0.815392 0.577321
1628061282.296950 -6.838014 21.384332 0.572514 0.022051 -0.036405 0.815637 0.576997
1628061282.397263 -6.854792 21.432473 0.571661 0.022246 -0.036890 0.815502 0.577148
1628061282.497299 -6.882810 21.480536 0.574504 0.021713 -0.037653 0.815634 0.576934
1628061282.597514 -6.894787 21.539794 0.569413 0.020807 -0.038809 0.815270 0.577405
1628061282.697778 -6.898242 21.588334 0.573037 0.022354 -0.038053 0.815321 0.577324
1628061282.798135 -6.916289 21.634968 0.576165 0.021668 -0.038655 0.814646 0.578263
1628061282.899964 -6.948904 21.681526 0.571417 0.022448 -0.038430 0.813869 0.579341
1628061282.998696 -6.971064 21.717385 0.577817 0.022538 -0.037645 0.813239 0.580274
1628061283.099906 -6.990869 21.770591 0.593761 0.022841 -0.037779 0.812132 0.581801
1628061283.198642 -7.006489 21.818864 0.589037 0.022362 -0.037613 0.811317 0.582967
1628061283.298800 -7.025208 21.881527 0.591164 0.022724 -0.038636 0.810770 0.583647
1628061283.398989 -7.036661 21.937458 0.591180 0.023338 -0.039558 0.810007 0.584619
1628061283.499162 -7.050512 21.984883 0.595807 0.023201 -0.039655 0.809165 0.585783
1628061283.599404 -7.060178 22.020822 0.606764 0.022789 -0.039977 0.808788 0.586297
1628061283.699725 -7.093274 22.080527 0.608900 0.022311 -0.040065 0.807346 0.588294
1628061283.799724 -7.132060 22.145411 0.618484 0.022635 -0.037256 0.806233 0.589990
1628061283.899911 -7.152152 22.207588 0.620208 0.021877 -0.038954 0.805214 0.591299
1628061284.000129 -7.176349 22.256142 0.618068 0.020652 -0.037798 0.803886 0.593222
1628061284.100319 -7.189182 22.306809 0.629100 0.019711 -0.036474 0.802572 0.595113
1628061284.200483 -7.197023 22.370000 0.636617 0.017988 -0.037163 0.801688 0.596315
1628061284.300665 -7.199759 22.422813 0.653660 0.016498 -0.035347 0.800637 0.597879
1628061284.400852 -7.214305 22.463402 0.633002 0.015583 -0.035850 0.799343 0.599602
1628061284.501046 -7.246788 22.518689 0.639821 0.014720 -0.035201 0.798055 0.601376
1628061284.601213 -7.265259 22.572520 0.648266 0.014441 -0.035032 0.796741 0.603131
1628061284.702056 -7.267806 22.628004 0.641505 0.014282 -0.035218 0.795138 0.605237
1628061284.801593 -7.283531 22.688232 0.646016 0.013564 -0.034342 0.793822 0.607029
1628061284.901975 -7.298223 22.748321 0.662380 0.012260 -0.034359 0.792179 0.609198
1628061285.001974 -7.324483 22.819941 0.658527 0.009977 -0.033388 0.790179 0.611885
1628061285.102183 -7.350317 22.890727 0.661269 0.007883 -0.032193 0.788446 0.614210
1628061285.202337 -7.367813 22.979358 0.658520 0.007348 -0.030208 0.787042 0.616116
1628061285.302525 -7.382845 23.039947 0.659332 0.005826 -0.027826 0.785199 0.618591
1628061285.402742 -7.396883 23.102077 0.666965 0.005335 -0.025436 0.783235 0.621183
1628061285.502906 -7.405458 23.151293 0.675698 0.003476 -0.024868 0.780941 0.624100
1628061285.603125 -7.410068 23.213841 0.683526 0.002131 -0.023894 0.778790 0.626826
1628061285.703525 -7.430397 23.281130 0.675074 0.001227 -0.024539 0.775442 0.630941
1628061285.803484 -7.453901 23.358536 0.670551 -0.000759 -0.026016 0.772247 0.634789
1628061285.903684 -7.487018 23.409009 0.675766 -0.001951 -0.026871 0.768991 0.638691
1628061286.003863 -7.505959 23.468527 0.680759 -0.001120 -0.025450 0.765807 0.642566
1628061286.104032 -7.528540 23.541655 0.687313 -0.000102 -0.023734 0.762654 0.646371
1628061286.204223 -7.542657 23.612695 0.685466 0.000694 -0.022761 0.759509 0.650098
1628061286.304414 -7.546677 23.679334 0.685933 0.001114 -0.021820 0.756479 0.653653
1628061286.404597 -7.565651 23.721525 0.685520 -0.000087 -0.023475 0.753048 0.657546
1628061286.504783 -7.570405 23.767013 0.695694 -0.001034 -0.024477 0.750147 0.660817
1628061286.605150 -7.564880 23.811984 0.683197 0.001648 -0.022815 0.748624 0.662601
1628061286.705176 -7.569048 23.834492 0.676823 0.006640 -0.024832 0.745779 0.665697
1628061286.805848 -7.556474 23.864960 0.694691 0.010848 -0.025430 0.741652 0.670215
1628061286.905549 -7.547822 23.881547 0.695468 0.013494 -0.027723 0.740728 0.671097
1628061287.007071 -7.540316 23.898867 0.705565 0.013059 -0.032409 0.738620 0.673216
1628061287.105915 -7.553375 23.945752 0.707373 0.008194 -0.034530 0.736273 0.675753
1628061287.206324 -7.566421 24.001266 0.706348 0.006297 -0.034725 0.733629 0.678634
1628061287.306293 -7.574283 24.054637 0.687853 0.007369 -0.035433 0.730367 0.682095
1628061287.406469 -7.573747 24.094133 0.696522 0.007069 -0.035697 0.727306 0.685348
1628061287.506646 -7.565250 24.137247 0.694478 0.007146 -0.034791 0.724086 0.688795
1628061287.608059 -7.572775 24.197360 0.708131 0.005842 -0.034657 0.720437 0.692629
1628061287.707020 -7.589026 24.251257 0.711151 0.003917 -0.034387 0.717153 0.696056
1628061287.809990 -7.563180 24.321242 0.717001 0.002284 -0.031603 0.715168 0.698234
1628061287.907391 -7.581584 24.367769 0.715128 -0.000176 -0.025671 0.713698 0.699983
1628061288.008461 -7.583700 24.417774 0.692564 0.002120 -0.021282 0.709365 0.704517
1628061288.107780 -7.595356 24.470726 0.718768 0.004866 -0.018583 0.704976 0.708971
1628061288.208245 -7.577744 24.513900 0.740467 -0.002024 -0.017489 0.700416 0.713517
1628061288.308180 -7.574125 24.566163 0.719372 -0.005951 -0.019971 0.697617 0.716167
1628061288.408378 -7.595185 24.621932 0.718710 -0.006736 -0.022908 0.693596 0.719969
1628061288.508567 -7.606411 24.661943 0.704595 -0.006029 -0.028746 0.690023 0.723192
1628061288.613063 -7.624084 24.698973 0.705696 -0.002594 -0.029553 0.685963 0.727032
1628061288.708938 -7.622166 24.742501 0.725148 -0.002008 -0.026589 0.682338 0.730550
1628061288.809854 -7.616131 24.796720 0.730128 -0.003224 -0.026076 0.678419 0.734205
1628061288.909291 -7.611197 24.832995 0.720666 -0.002971 -0.026988 0.674278 0.737979
1628061289.012959 -7.611451 24.899004 0.705683 -0.002992 -0.027548 0.670417 0.741467
1628061289.109704 -7.612087 24.942235 0.713378 -0.003613 -0.028233 0.665983 0.745423
1628061289.210164 -7.621714 24.998139 0.713877 -0.002357 -0.027139 0.661412 0.749528
1628061289.310026 -7.605126 25.044526 0.709048 -0.000968 -0.026990 0.657057 0.753357
1628061289.410354 -7.592929 25.107394 0.715263 -0.001502 -0.028808 0.652735 0.757037
1628061289.510428 -7.586869 25.175849 0.732334 -0.002454 -0.025733 0.649610 0.759828
1628061289.616078 -7.569184 25.224773 0.739633 -0.004505 -0.022892 0.645476 0.763424
1628061289.710773 -7.543138 25.292326 0.740249 -0.004512 -0.021586 0.642342 0.766101
1628061289.813340 -7.535204 25.332513 0.741741 -0.005174 -0.023462 0.639267 0.768609
1628061289.911135 -7.518588 25.382270 0.745105 -0.006080 -0.024397 0.637247 0.770250
1628061290.011329 -7.504682 25.437963 0.747308 -0.006501 -0.024045 0.635230 0.771922
1628061290.111535 -7.514082 25.496900 0.742920 -0.004605 -0.024980 0.632912 0.773807
1628061290.212095 -7.520032 25.550300 0.749706 -0.003699 -0.024748 0.630412 0.775857
1628061290.311901 -7.523066 25.598919 0.752368 -0.003646 -0.024790 0.628333 0.777541
1628061290.414455 -7.513692 25.651147 0.749644 -0.004071 -0.025712 0.626431 0.779042
1628061290.512266 -7.492121 25.704840 0.743520 -0.004236 -0.026561 0.624880 0.780258
1628061290.612448 -7.479433 25.757813 0.749664 -0.004513 -0.026708 0.623026 0.781732
1628061290.712752 -7.472124 25.799759 0.753283 -0.005138 -0.027342 0.620731 0.783529
1628061290.812968 -7.473048 25.848788 0.750872 -0.005647 -0.027339 0.618653 0.785168
1628061290.913017 -7.460085 25.902648 0.749375 -0.005592 -0.028369 0.616846 0.786553
1628061291.013248 -7.446730 25.954423 0.750657 -0.004869 -0.028371 0.615129 0.787901
1628061291.113394 -7.438869 25.998946 0.751508 -0.004760 -0.029274 0.613505 0.789134
1628061291.213777 -7.435785 26.039029 0.756921 -0.004288 -0.030425 0.611284 0.790815
1628061291.313759 -7.420624 26.086668 0.763099 -0.004129 -0.030890 0.609489 0.792182
1628061291.413954 -7.392919 26.129708 0.759703 -0.004004 -0.031050 0.607839 0.793443
1628061291.514183 -7.387176 26.173080 0.765563 -0.003874 -0.030712 0.605933 0.794913
1628061291.617162 -7.391432 26.215728 0.761809 -0.004078 -0.030342 0.603319 0.796912
1628061291.714660 -7.377733 26.257533 0.766668 -0.005373 -0.031304 0.601077 0.798560
1628061291.814769 -7.368780 26.309118 0.761690 -0.005708 -0.032339 0.598432 0.800501
1628061291.914915 -7.349503 26.350047 0.766692 -0.006073 -0.032435 0.596170 0.802180
1628061292.016103 -7.342907 26.377642 0.766691 -0.005516 -0.032840 0.593789 0.803931
1628061292.115259 -7.330747 26.416135 0.771199 -0.005587 -0.032194 0.591110 0.805929
1628061292.215448 -7.337719 26.462917 0.768189 -0.005622 -0.033095 0.587937 0.808210
1628061292.315894 -7.324481 26.501883 0.770146 -0.005276 -0.032871 0.584670 0.810588
1628061292.415818 -7.304208 26.557004 0.786200 -0.006586 -0.032330 0.581328 0.813000
1628061292.516020 -7.292019 26.608110 0.783668 -0.005158 -0.029778 0.578785 0.814920
1628061292.616198 -7.270897 26.648831 0.791026 -0.005162 -0.028130 0.576224 0.816792
1628061292.716393 -7.253804 26.672104 0.790187 -0.003748 -0.026335 0.573711 0.818626
1628061292.816588 -7.254471 26.707596 0.790678 -0.003860 -0.026580 0.571311 0.820294
1628061292.916792 -7.248133 26.759801 0.785846 -0.004232 -0.026840 0.569229 0.821730
1628061293.017014 -7.238393 26.791054 0.783403 -0.003883 -0.026115 0.568071 0.822556
1628061293.117152 -7.215702 26.823989 0.787608 -0.003586 -0.025602 0.567074 0.823261
1628061293.217330 -7.191699 26.860610 0.793379 -0.003043 -0.024406 0.566829 0.823468
1628061293.317525 -7.181070 26.897511 0.790014 -0.002519 -0.024603 0.566686 0.823563
1628061293.417710 -7.161582 26.937621 0.793641 -0.001906 -0.023365 0.566529 0.823708
1628061293.517902 -7.148366 26.979987 0.793155 -0.002062 -0.023014 0.566526 0.823720
1628061293.618072 -7.134232 27.012043 0.801822 -0.002277 -0.022691 0.567015 0.823392
1628061293.718270 -7.117691 27.063656 0.802125 -0.003400 -0.021973 0.567596 0.823007
1628061293.818737 -7.092916 27.112010 0.798995 -0.001945 -0.020134 0.569508 0.821737
1628061293.918652 -7.069437 27.156147 0.803992 -0.001266 -0.018863 0.570983 0.820744
1628061294.018815 -7.048369 27.198571 0.807480 -0.001281 -0.017470 0.572269 0.819879
1628061294.119055 -7.035210 27.244235 0.800856 0.000274 -0.015759 0.574059 0.818662
1628061294.219202 -7.011892 27.285437 0.805412 -0.000489 -0.015230 0.576046 0.817275
1628061294.319387 -7.003490 27.334059 0.798612 0.000255 -0.014183 0.578318 0.815688
1628061294.419588 -6.984684 27.369559 0.805276 -0.000082 -0.012693 0.580747 0.813985
1628061294.519786 -6.963376 27.413221 0.802578 0.000819 -0.011524 0.583288 0.812183
1628061294.619958 -6.951749 27.463662 0.816210 0.000176 -0.010572 0.585891 0.810321
1628061294.720160 -6.933228 27.500199 0.820333 0.001723 -0.007827 0.588584 0.808397
1628061294.821500 -6.921933 27.558164 0.818098 0.001486 -0.007877 0.591224 0.806468
1628061294.920499 -6.898481 27.587819 0.810188 0.002487 -0.007896 0.593986 0.804433
1628061295.020741 -6.895897 27.623136 0.806513 0.001869 -0.009586 0.595956 0.802958
1628061295.120872 -6.875423 27.675278 0.812593 0.000238 -0.010631 0.598635 0.800952
1628061295.221057 -6.866625 27.720790 0.817724 -0.000970 -0.010357 0.600837 0.799304
1628061295.321298 -6.862733 27.763338 0.820160 -0.000594 -0.009430 0.603327 0.797438
1628061295.421441 -6.844018 27.802444 0.808382 0.000465 -0.010057 0.605512 0.795773
1628061295.521653 -6.827882 27.842939 0.816571 -0.000116 -0.010281 0.608703 0.793332
1628061295.621902 -6.810314 27.878422 0.814736 0.000187 -0.010417 0.611369 0.791277
1628061295.721997 -6.804282 27.924048 0.812755 0.000735 -0.010261 0.614568 0.788797
1628061295.822182 -6.801332 27.968045 0.819453 0.001173 -0.009290 0.617983 0.786136
1628061295.922372 -6.795219 28.012632 0.819832 0.000694 -0.010297 0.621392 0.783432
1628061296.022559 -6.781311 28.052960 0.818848 0.001017 -0.009141 0.625039 0.780539
1628061296.122799 -6.780005 28.099666 0.807890 0.001031 -0.010753 0.628564 0.777683
1628061296.222942 -6.776226 28.144975 0.809412 -0.000343 -0.012239 0.632398 0.774547
1628061296.323144 -6.769044 28.185427 0.816692 -0.001378 -0.013271 0.636346 0.771288
1628061296.423373 -6.760992 28.222932 0.811352 -0.000583 -0.013458 0.640153 0.768129
1628061296.523496 -6.761138 28.265865 0.814624 -0.000566 -0.013413 0.643758 0.765111
1628061296.623705 -6.753653 28.310738 0.815327 -0.000897 -0.014098 0.647735 0.761734
1628061296.723929 -6.743820 28.340599 0.818560 0.000019 -0.013616 0.651813 0.758258
1628061296.824090 -6.735241 28.378953 0.819467 0.000580 -0.013186 0.655966 0.754675
1628061296.924261 -6.737124 28.418497 0.823767 0.000232 -0.013485 0.659868 0.751261
1628061297.024712 -6.728409 28.464705 0.820146 0.000532 -0.013965 0.664175 0.747447
1628061297.124664 -6.727008 28.503359 0.817997 0.000599 -0.013730 0.667942 0.744086
1628061297.224811 -6.726619 28.538457 0.818218 0.000859 -0.013520 0.672202 0.740244
1628061297.325015 -6.720320 28.575974 0.817752 0.000154 -0.014127 0.676040 0.736729
1628061297.425208 -6.724368 28.619803 0.826195 -0.000131 -0.013737 0.679864 0.733209
1628061297.525381 -6.725801 28.655248 0.828392 -0.001666 -0.013955 0.683771 0.729561
1628061297.625716 -6.723271 28.704680 0.826433 -0.003053 -0.014140 0.687403 0.726133
1628061297.726108 -6.707536 28.742964 0.824563 -0.003381 -0.013993 0.691818 0.721928
1628061297.825959 -6.706329 28.780939 0.831281 -0.003887 -0.013940 0.696220 0.717683
1628061297.926117 -6.701951 28.813210 0.827769 -0.002280 -0.012769 0.700736 0.713303
1628061298.029067 -6.707794 28.863629 0.826890 -0.002786 -0.014465 0.705483 0.708574
1628061298.126519 -6.716283 28.907750 0.829079 -0.002963 -0.014673 0.709823 0.704221
1628061298.226687 -6.715405 28.956492 0.836112 -0.003995 -0.013653 0.714497 0.699494
1628061298.326938 -6.706755 29.002355 0.834299 -0.006062 -0.009241 0.719065 0.694855
1628061298.428220 -6.703031 29.056720 0.824877 -0.008130 -0.008617 0.724738 0.688923
1628061298.529349 -6.716859 29.103407 0.818907 -0.006811 -0.010902 0.730168 0.683146
1628061298.627458 -6.724551 29.142529 0.829522 -0.007694 -0.010898 0.735496 0.677397
1628061298.727628 -6.721458 29.190551 0.828744 -0.009282 -0.010733 0.740828 0.671544
1628061298.828422 -6.727031 29.235521 0.828887 -0.007611 -0.010189 0.746440 0.665331
1628061298.927990 -6.746714 29.275745 0.828568 -0.007555 -0.010837 0.751674 0.659402
1628061299.028190 -6.745106 29.318042 0.831079 -0.007808 -0.009987 0.756950 0.653349
1628061299.128395 -6.753412 29.363905 0.833654 -0.007611 -0.010538 0.760981 0.648644
1628061299.228565 -6.769261 29.407866 0.838254 -0.008514 -0.010903 0.762603 0.646719
1628061299.328752 -6.773788 29.449885 0.836073 -0.007717 -0.010314 0.763633 0.645521
1628061299.428941 -6.777279 29.496417 0.833583 -0.006539 -0.009926 0.764539 0.644468
1628061299.529133 -6.786983 29.530157 0.837738 -0.003038 -0.009388 0.764646 0.644375
1628061299.629363 -6.790281 29.563792 0.835252 -0.002841 -0.009801 0.763421 0.645821
1628061299.729507 -6.795917 29.602159 0.833877 -0.004153 -0.012321 0.763533 0.645638
1628061299.829699 -6.806862 29.629650 0.829486 -0.006709 -0.016171 0.762836 0.646355
1628061299.929872 -6.826517 29.659448 0.835028 -0.006406 -0.015064 0.762467 0.646820
1628061300.030057 -6.830380 29.681961 0.834635 -0.006734 -0.013672 0.762381 0.646949
1628061300.130240 -6.826602 29.697176 0.829446 -0.005298 -0.013262 0.762044 0.647367
1628061300.230445 -6.817025 29.697053 0.835299 -0.004464 -0.012265 0.762176 0.647238
1628061300.333882 -6.817300 29.700038 0.836276 -0.005375 -0.012826 0.761962 0.647473
1628061300.430825 -6.832074 29.703992 0.835718 -0.005205 -0.013298 0.761830 0.647620
1628061300.531140 -6.838011 29.711044 0.835514 -0.005040 -0.013868 0.761649 0.647821
1628061300.631205 -6.840130 29.708993 0.836523 -0.004812 -0.013366 0.761712 0.647760
1628061300.731683 -6.829009 29.705534 0.833514 -0.004661 -0.013675 0.762014 0.647399
1628061300.831599 -6.826684 29.695206 0.835327 -0.004685 -0.013507 0.761898 0.647539
1628061300.932768 -6.823500 29.687477 0.834105 -0.005533 -0.014042 0.762154 0.647220
1628061301.031946 -6.821873 29.684297 0.833789 -0.005440 -0.013443 0.761824 0.647622
1628061301.136146 -6.830163 29.682859 0.829312 -0.005007 -0.013650 0.761619 0.647862
1628061301.232311 -6.835748 29.681068 0.832552 -0.005453 -0.012825 0.761393 0.648141
1628061301.332499 -6.832768 29.662598 0.837346 -0.006483 -0.013394 0.761068 0.648501
1628061301.432720 -6.825657 29.641347 0.836094 -0.005264 -0.012464 0.760185 0.649566
1628061301.535293 -6.822194 29.607891 0.832317 -0.005652 -0.013204 0.758775 0.651194
1628061301.633059 -6.804227 29.573397 0.835358 -0.005613 -0.012531 0.757091 0.653166
1628061301.733551 -6.798412 29.539057 0.836004 -0.005914 -0.011930 0.753811 0.656956
1628061301.833512 -6.782830 29.500858 0.839978 -0.006033 -0.009002 0.750913 0.660312
1628061301.938004 -6.808633 29.472502 0.834879 -0.007293 -0.006387 0.746467 0.665352
1628061302.035006 -6.805249 29.435980 0.830520 -0.008407 -0.006314 0.741359 0.671026
1628061302.135117 -6.794183 29.389449 0.827008 -0.008074 -0.008277 0.736177 0.676691
1628061302.234182 -6.792189 29.351453 0.829605 -0.009740 -0.009197 0.729821 0.683507
1628061302.338089 -6.783041 29.308197 0.831728 -0.009191 -0.007862 0.723296 0.690432
1628061302.434696 -6.772265 29.241333 0.831768 -0.007817 -0.006951 0.717084 0.696909
1628061302.536271 -6.768173 29.172988 0.829487 -0.008506 -0.006936 0.710279 0.703835
1628061302.634938 -6.767709 29.112178 0.827012 -0.008930 -0.008046 0.703394 0.710698
1628061302.736301 -6.762149 29.045698 0.824869 -0.008977 -0.009159 0.696351 0.717587
1628061302.835369 -6.761140 28.996425 0.829015 -0.007429 -0.009209 0.689763 0.723939
1628061302.935546 -6.761024 28.937043 0.828349 -0.003016 -0.010906 0.684545 0.728883
1628061303.035681 -6.766373 28.879799 0.829676 -0.001104 -0.013464 0.679814 0.733260
1628061303.136086 -6.776425 28.822922 0.830656 -0.002371 -0.012629 0.675088 0.737625
1628061303.236171 -6.783189 28.754137 0.830672 -0.003007 -0.012600 0.671376 0.741004
1628061303.336254 -6.781560 28.693611 0.830307 -0.001778 -0.014043 0.669004 0.743124
1628061303.436460 -6.782711 28.647962 0.826438 -0.000634 -0.013572 0.669386 0.742791
1628061303.536689 -6.790584 28.594634 0.822220 -0.000907 -0.012452 0.671082 0.741278
1628061303.636812 -6.791411 28.548441 0.816265 -0.000060 -0.013565 0.674044 0.738566
1628061303.736991 -6.790811 28.497519 0.816892 0.000221 -0.013128 0.678346 0.734625
1628061303.837479 -6.804646 28.444573 0.824426 -0.001325 -0.013270 0.683232 0.730080
1628061303.937383 -6.808161 28.393435 0.826748 -0.002183 -0.012551 0.688784 0.724855
1628061304.037647 -6.801356 28.347444 0.824987 -0.001787 -0.011012 0.693707 0.720171
1628061304.137730 -6.805059 28.295337 0.822462 -0.002008 -0.010667 0.699110 0.714932
1628061304.237971 -6.808739 28.252704 0.819784 -0.002149 -0.010331 0.703672 0.710446
1628061304.338109 -6.819424 28.207896 0.818758 -0.001903 -0.010613 0.709296 0.704828
1628061304.438347 -6.814690 28.151864 0.820224 -0.002630 -0.010704 0.714216 0.699838
1628061304.540594 -6.813427 28.096448 0.822316 -0.002585 -0.010117 0.720268 0.693617
1628061304.638680 -6.796613 28.049851 0.823256 -0.002527 -0.010354 0.725167 0.688491
1628061304.739226 -6.789525 28.004675 0.815856 -0.001087 -0.010078 0.731399 0.681874
1628061304.839064 -6.792339 27.959893 0.815000 -0.001373 -0.009143 0.736633 0.676230
1628061304.939572 -6.792146 27.908190 0.816634 -0.001956 -0.008811 0.742695 0.669569
1628061305.039540 -6.772549 27.857909 0.814359 -0.002371 -0.010617 0.747851 0.663777
1628061305.141240 -6.773664 27.812135 0.817901 -0.003131 -0.009912 0.752974 0.657968
1628061305.239803 -6.776935 27.764562 0.824635 -0.004043 -0.009545 0.758971 0.651042
1628061305.340186 -6.780691 27.725480 0.808853 -0.003673 -0.011039 0.764610 0.644389
1628061305.440177 -6.769541 27.669490 0.814995 -0.004344 -0.010638 0.771025 0.636702
1628061305.540378 -6.752915 27.614996 0.819469 -0.004458 -0.010658 0.777197 0.629152
1628061305.640588 -6.734709 27.568067 0.817425 -0.003704 -0.010294 0.783106 0.621793
1628061305.740750 -6.720776 27.529939 0.815269 -0.003187 -0.009708 0.789379 0.613821
1628061305.840928 -6.723395 27.483372 0.816490 -0.003569 -0.009782 0.794943 0.606595
1628061305.941107 -6.724281 27.447584 0.803572 -0.002986 -0.010227 0.801291 0.598180
1628061306.041350 -6.715593 27.408717 0.806046 -0.004370 -0.010600 0.808350 0.588590
1628061306.141778 -6.695857 27.361970 0.812172 -0.004283 -0.010733 0.815866 0.578125
1628061306.241795 -6.686642 27.307844 0.810255 -0.004832 -0.011612 0.823133 0.567710
1628061306.342367 -6.668805 27.266111 0.810097 -0.005603 -0.011592 0.830634 0.556670
1628061306.442051 -6.643959 27.219975 0.810670 -0.004676 -0.010963 0.838106 0.545377
1628061306.542231 -6.622869 27.182129 0.820154 -0.005092 -0.010899 0.845244 0.534246
1628061306.642439 -6.610248 27.125557 0.818272 -0.004996 -0.010749 0.852502 0.522590
1628061306.742620 -6.583374 27.074601 0.815954 -0.005444 -0.010721 0.860087 0.510006
1628061306.843190 -6.558824 27.031193 0.812307 -0.006195 -0.010944 0.867089 0.497995
1628061306.943459 -6.519535 26.995867 0.814038 -0.004671 -0.009814 0.874691 0.484559
1628061307.043304 -6.495672 26.973022 0.820176 -0.003194 -0.009224 0.881871 0.471389
1628061307.143807 -6.475924 26.936852 0.811179 -0.000700 -0.008255 0.888237 0.459310
1628061307.243639 -6.436563 26.877775 0.810585 -0.000367 -0.006802 0.895584 0.444840
1628061307.344421 -6.395492 26.832357 0.812913 -0.001213 -0.006340 0.902175 0.431322
1628061307.443922 -6.380480 26.802445 0.806735 0.000336 -0.007256 0.907824 0.419289
1628061307.545483 -6.373415 26.780041 0.805384 0.000218 -0.008284 0.912240 0.409572
1628061307.644543 -6.352101 26.767409 0.812507 -0.000516 -0.008151 0.914391 0.404750
1628061307.744860 -6.332192 26.750946 0.811145 -0.000535 -0.007889 0.914419 0.404693
1628061307.845847 -6.306222 26.728843 0.804682 0.001283 -0.007478 0.913390 0.407014
1628061307.945003 -6.282032 26.700194 0.810843 0.002106 -0.006452 0.911904 0.410348
1628061308.045056 -6.260308 26.687846 0.818653 0.001990 -0.005981 0.910523 0.413410
1628061308.145239 -6.253065 26.677209 0.811061 0.002499 -0.006898 0.909828 0.414921
1628061308.245429 -6.257193 26.672300 0.805489 0.002291 -0.007601 0.910064 0.414392
1628061308.347154 -6.268120 26.687446 0.802257 0.001943 -0.006938 0.910800 0.412785
1628061308.445793 -6.278225 26.697067 0.811018 0.002347 -0.006723 0.912153 0.409787
1628061308.546112 -6.289239 26.705157 0.811801 0.002293 -0.006975 0.913617 0.406509
1628061308.646255 -6.307436 26.723782 0.815298 0.001926 -0.007697 0.914584 0.404318
1628061308.746511 -6.326238 26.749822 0.812626 0.002496 -0.007894 0.914749 0.403939
1628061308.846584 -6.363631 26.798566 0.812234 0.002734 -0.007764 0.912630 0.408704
1628061308.949865 -6.412152 26.841270 0.818461 0.002451 -0.007011 0.909122 0.416463
1628061309.046928 -6.448703 26.892439 0.810958 0.002176 -0.007690 0.904799 0.425765
1628061309.147567 -6.479813 26.942283 0.815093 0.001915 -0.008053 0.899720 0.436389
1628061309.247306 -6.506800 26.995638 0.813641 0.002491 -0.007945 0.893327 0.449331
1628061309.348057 -6.541804 27.055255 0.804813 0.000686 -0.008151 0.886605 0.462455
1628061309.447664 -6.587439 27.112700 0.809849 -0.003560 -0.009282 0.879470 0.475851
1628061309.548945 -6.636690 27.132845 0.810996 -0.004874 -0.011575 0.874593 0.484695
1628061309.648065 -6.672834 27.152228 0.812542 -0.006548 -0.012989 0.872993 0.487516
1628061309.749901 -6.696969 27.186933 0.812364 -0.006980 -0.012632 0.874334 0.485111
1628061309.848442 -6.712889 27.228402 0.804294 -0.006280 -0.010503 0.876315 0.481583
1628061309.949495 -6.741774 27.265969 0.813956 -0.007276 -0.007311 0.878307 0.477985
1628061310.048804 -6.744201 27.293079 0.811500 -0.009060 -0.006267 0.879876 0.475075
1628061310.148980 -6.749958 27.314647 0.801908 -0.009775 -0.007438 0.880775 0.473375
1628061310.249201 -6.751794 27.314526 0.805251 -0.008983 -0.007300 0.880590 0.473737
1628061310.349419 -6.749888 27.309606 0.807389 -0.007833 -0.007872 0.880113 0.474635
1628061310.449577 -6.740558 27.295561 0.803591 -0.007707 -0.007443 0.879275 0.476194
1628061310.549733 -6.725525 27.285939 0.805140 -0.008154 -0.007252 0.877942 0.478642
1628061310.649959 -6.721713 27.255480 0.810574 -0.008669 -0.007898 0.877164 0.480048
1628061310.750104 -6.703569 27.212098 0.811761 -0.008285 -0.008145 0.877851 0.478793
1628061310.850305 -6.677018 27.168892 0.813127 -0.007965 -0.007853 0.880984 0.473013
1628061310.950478 -6.652443 27.120233 0.817958 -0.008052 -0.008077 0.885617 0.464276
1628061311.050694 -6.619222 27.100333 0.812001 -0.007885 -0.008377 0.891860 0.452165
1628061311.150851 -6.574704 27.070110 0.814992 -0.007301 -0.007620 0.899142 0.437529
1628061311.251055 -6.532525 27.023665 0.814749 -0.006063 -0.008515 0.906527 0.422018
1628061311.351225 -6.494928 26.967861 0.815246 -0.003035 -0.006433 0.914064 0.405508
1628061311.451438 -6.443538 26.917077 0.815472 -0.003315 -0.005502 0.921592 0.388107
1628061311.551808 -6.395141 26.879479 0.806530 -0.002447 -0.004899 0.929212 0.369507
1628061311.651995 -6.363227 26.840375 0.810832 -0.002629 -0.006299 0.936464 0.350698
1628061311.753579 -6.317847 26.792568 0.807986 -0.002571 -0.006832 0.942904 0.332984
1628061311.852169 -6.257414 26.729179 0.820263 -0.002630 -0.007671 0.948668 0.316170
1628061311.952491 -6.204263 26.686389 0.815360 -0.000905 -0.010338 0.954094 0.299327
1628061312.052560 -6.149088 26.645046 0.815319 -0.002044 -0.012700 0.959303 0.282085
1628061312.152727 -6.085105 26.623694 0.806904 -0.002124 -0.014380 0.964311 0.264371
1628061312.252913 -6.024552 26.616214 0.815103 -0.001229 -0.012626 0.968827 0.247414
1628061312.353612 -5.979408 26.592574 0.815494 -0.002853 -0.009915 0.972606 0.232229
1628061312.453337 -5.951819 26.565118 0.812010 -0.003928 -0.006558 0.976166 0.216891
1628061312.553486 -5.911446 26.532022 0.812140 -0.004390 -0.005340 0.979774 0.199990
1628061312.653658 -5.854399 26.524248 0.811418 -0.002935 -0.005365 0.983025 0.183369
1628061312.757919 -5.801295 26.510262 0.809102 -0.003071 -0.006156 0.985907 0.167155
1628061312.854034 -5.758128 26.491994 0.815026 -0.007942 -0.007297 0.988545 0.150539
1628061312.954233 -5.718261 26.477240 0.820943 -0.008721 -0.009399 0.990877 0.134160
1628061313.054409 -5.692662 26.470702 0.824248 -0.007208 -0.009382 0.992672 0.120256
1628061313.155150 -5.674383 26.460985 0.823586 -0.007838 -0.007670 0.994362 0.105474
1628061313.254781 -5.632849 26.457290 0.821074 -0.008237 -0.006671 0.995781 0.091148
1628061313.356079 -5.598182 26.442165 0.819341 -0.007667 -0.006560 0.996956 0.077315
1628061313.455170 -5.558818 26.425873 0.826587 -0.008427 -0.006618 0.997960 0.062931
1628061313.555349 -5.521775 26.422390 0.838144 -0.008662 -0.006835 0.998717 0.049416
1628061313.655556 -5.487817 26.429923 0.825866 -0.009143 -0.007921 0.999283 0.035872
1628061313.755953 -5.456823 26.429269 0.823845 -0.007613 -0.007291 0.999690 0.022570
1628061313.855917 -5.419010 26.417745 0.824066 -0.007590 -0.007016 0.999904 0.009213
1628061313.956117 -5.383126 26.428634 0.818301 -0.008510 -0.007733 0.999927 -0.003761
1628061314.056308 -5.350500 26.422308 0.820767 -0.008469 -0.007543 0.999787 -0.017248
1628061314.156485 -5.313689 26.420007 0.822142 -0.008355 -0.006840 0.999488 -0.030126
1628061314.256694 -5.275039 26.424500 0.817083 -0.008509 -0.007373 0.998981 -0.043698
1628061314.356859 -5.227465 26.422109 0.809744 -0.008512 -0.007793 0.998340 -0.056425
1628061314.457046 -5.170728 26.422379 0.818911 -0.008947 -0.007056 0.997447 -0.070498
1628061314.557361 -5.131856 26.436265 0.825059 -0.008848 -0.006619 0.996470 -0.083214
1628061314.657422 -5.112755 26.448818 0.818472 -0.009683 -0.006766 0.995407 -0.095006
1628061314.757621 -5.087071 26.461014 0.821098 -0.010318 -0.006514 0.994458 -0.104426
1628061314.857813 -5.044820 26.469449 0.814741 -0.008946 -0.007239 0.993766 -0.110891
1628061314.957970 -5.011536 26.484507 0.812492 -0.009261 -0.007076 0.993363 -0.114433
1628061315.058168 -4.978056 26.503337 0.827599 -0.010419 -0.005995 0.993206 -0.115749
1628061315.158355 -4.947249 26.516274 0.829188 -0.010727 -0.005940 0.993191 -0.115849
1628061315.258887 -4.905350 26.529294 0.825116 -0.009758 -0.005677 0.993216 -0.115731
1628061315.358738 -4.851429 26.533161 0.825596 -0.010064 -0.005530 0.993261 -0.115330
1628061315.458923 -4.806944 26.540033 0.827427 -0.010007 -0.005572 0.993350 -0.114561
1628061315.559122 -4.758097 26.542360 0.835845 -0.010551 -0.005468 0.993437 -0.113759
1628061315.660553 -4.728523 26.543847 0.833656 -0.010246 -0.005867 0.993675 -0.111674
1628061315.759483 -4.698524 26.575608 0.828638 -0.010184 -0.006305 0.993786 -0.110657
1628061315.859798 -4.648272 26.586862 0.826295 -0.010583 -0.006361 0.993899 -0.109601
1628061315.959850 -4.615037 26.587032 0.826849 -0.010921 -0.006042 0.994107 -0.107683
1628061316.060045 -4.570656 26.597084 0.825420 -0.010495 -0.006058 0.994180 -0.107050
1628061316.160277 -4.512113 26.598956 0.826533 -0.010900 -0.006280 0.994297 -0.105902
1628061316.261847 -4.462395 26.617139 0.836259 -0.011235 -0.006008 0.994393 -0.104974
1628061316.360619 -4.415189 26.632629 0.842682 -0.012082 -0.005784 0.994567 -0.103229
1628061316.467683 -4.356830 26.643679 0.847784 -0.011412 -0.004787 0.994612 -0.102925
1628061316.560991 -4.301144 26.658031 0.845472 -0.012319 -0.005374 0.994754 -0.101414
1628061316.661157 -4.245522 26.670571 0.844866 -0.010960 -0.005517 0.994908 -0.100038
1628061316.761382 -4.197441 26.690649 0.843000 -0.011957 -0.005561 0.995081 -0.098184
1628061316.862018 -4.139300 26.696920 0.857393 -0.011112 -0.003967 0.995224 -0.096903
1628061316.961753 -4.071749 26.708232 0.863171 -0.011505 -0.003488 0.995365 -0.095418
1628061317.065512 -3.995881 26.719988 0.855005 -0.010603 -0.004063 0.995435 -0.094762
1628061317.162095 -3.925238 26.736555 0.852843 -0.010675 -0.005111 0.995561 -0.093371
1628061317.262305 -3.848991 26.749651 0.857635 -0.010491 -0.004259 0.995717 -0.091761
1628061317.362512 -3.775851 26.771645 0.862655 -0.010150 -0.003810 0.995865 -0.090200
1628061317.462695 -3.715997 26.782891 0.871924 -0.011405 -0.003108 0.996049 -0.088011
1628061317.562853 -3.654250 26.788282 0.884902 -0.011239 -0.002032 0.996228 -0.086015
1628061317.663037 -3.570614 26.806182 0.877450 -0.011708 -0.002621 0.996364 -0.084344
1628061317.763234 -3.484732 26.813238 0.861634 -0.011684 -0.004231 0.996449 -0.083278
1628061317.863415 -3.378835 26.830152 0.864519 -0.011061 -0.004204 0.996521 -0.082499
1628061317.965868 -3.273481 26.851045 0.878555 -0.013024 -0.003838 0.996576 -0.081556
1628061318.063786 -3.204288 26.878909 0.885000 -0.013763 -0.002862 0.996717 -0.079738
1628061318.163983 -3.138735 26.888874 0.878239 -0.012818 -0.003235 0.996921 -0.077284
1628061318.264169 -3.070614 26.900831 0.877785 -0.011897 -0.003488 0.997050 -0.075747
1628061318.365033 -3.002161 26.918592 0.885839 -0.012368 -0.003071 0.997194 -0.073762
1628061318.464730 -2.929936 26.920791 0.880336 -0.011425 -0.003819 0.997357 -0.071653
1628061318.564732 -2.847322 26.930264 0.884326 -0.011928 -0.003410 0.997455 -0.070211
1628061318.664919 -2.781757 26.948260 0.883999 -0.012275 -0.002970 0.997581 -0.068359
1628061318.765119 -2.693073 26.957428 0.883637 -0.011146 -0.002541 0.997696 -0.066873
1628061318.865335 -2.617075 26.966067 0.884867 -0.010955 -0.002743 0.997823 -0.064971
1628061318.965709 -2.534266 26.968281 0.890912 -0.012085 -0.003009 0.997911 -0.063392
1628061319.066013 -2.461979 26.983304 0.893613 -0.011887 -0.003139 0.998008 -0.061884
1628061319.165864 -2.392582 26.993539 0.894482 -0.010868 -0.002762 0.998114 -0.060351
1628061319.266033 -2.328677 27.000165 0.894711 -0.012210 -0.002874 0.998212 -0.058436
1628061319.366254 -2.247384 27.015031 0.887993 -0.011541 -0.003264 0.998268 -0.057600
1628061319.466748 -2.150327 27.024947 0.891923 -0.011254 -0.002855 0.998229 -0.058348
1628061319.566656 -2.063990 27.030925 0.889350 -0.011626 -0.003321 0.998015 -0.061801
1628061319.666786 -1.996789 27.027116 0.887941 -0.012324 -0.003852 0.997718 -0.066274
1628061319.766989 -1.938925 27.032507 0.898222 -0.012281 -0.003259 0.997293 -0.072420
1628061319.867159 -1.871958 27.037291 0.904727 -0.012429 -0.002919 0.996689 -0.080295
1628061319.967353 -1.791446 27.056521 0.901596 -0.012916 -0.002773 0.995914 -0.089340
1628061320.067565 -1.715490 27.085267 0.906932 -0.011991 -0.002198 0.995048 -0.098643
1628061320.169876 -1.646248 27.100781 0.899577 -0.011128 -0.002835 0.994197 -0.106959
1628061320.267938 -1.575808 27.108247 0.899537 -0.011368 -0.003031 0.993345 -0.114577
1628061320.368098 -1.499297 27.117271 0.913785 -0.011823 -0.001673 0.992514 -0.121549
1628061320.468856 -1.408404 27.134318 0.921433 -0.012561 -0.001909 0.991673 -0.128155
1628061320.569860 -1.325235 27.167930 0.919239 -0.013198 -0.002013 0.990872 -0.134143
1628061320.668710 -1.261447 27.188182 0.914673 -0.012807 -0.001930 0.990295 -0.138379
1628061320.769051 -1.186833 27.210020 0.910354 -0.012027 -0.001883 0.989529 -0.143822
1628061320.869033 -1.128028 27.223700 0.921243 -0.013409 -0.001212 0.989024 -0.147138
1628061320.969226 -1.054996 27.248915 0.935697 -0.012691 -0.000732 0.988289 -0.152060
1628061321.073231 -0.972932 27.271136 0.927980 -0.012360 -0.001562 0.987532 -0.156922
1628061321.169596 -0.897181 27.292947 0.922547 -0.013140 -0.002116 0.986845 -0.161121
1628061321.270327 -0.821415 27.324867 0.921951 -0.012970 -0.001855 0.986228 -0.164871
1628061321.370723 -0.742805 27.351126 0.938969 -0.012745 0.000111 0.985551 -0.168897
1628061321.470180 -0.680714 27.371250 0.954781 -0.013121 0.001025 0.984710 -0.173702
1628061321.570472 -0.597624 27.405922 0.950332 -0.012102 0.000168 0.983815 -0.178775
1628061321.671329 -0.531285 27.430042 0.950672 -0.012425 -0.000500 0.982833 -0.184075
1628061321.770737 -0.446392 27.456970 0.951978 -0.012654 -0.000537 0.981884 -0.189059
1628061321.873874 -0.357540 27.479748 0.948057 -0.012868 -0.000724 0.981585 -0.190592
1628061321.971108 -0.269858 27.519881 0.954239 -0.012939 0.000671 0.981806 -0.189446
1628061322.073815 -0.196518 27.565544 0.951787 -0.013250 0.000497 0.982367 -0.186494
1628061322.171484 -0.124409 27.605970 0.954326 -0.013365 -0.000362 0.983171 -0.182200
1628061322.271658 -0.060810 27.621267 0.951272 -0.011271 -0.000747 0.984257 -0.176380
1628061322.371861 0.013043 27.641582 0.957378 -0.012367 -0.000818 0.985372 -0.169964
1628061322.472261 0.081921 27.664492 0.966465 -0.012877 -0.000309 0.986508 -0.163207
1628061322.572245 0.154835 27.692118 0.962556 -0.011826 0.000253 0.987642 -0.156280
1628061322.672604 0.241812 27.705005 0.968442 -0.012993 0.000191 0.988622 -0.149862
1628061322.772593 0.326427 27.747794 0.979002 -0.013287 0.000286 0.989612 -0.143151
1628061322.873176 0.399275 27.778086 0.981166 -0.013398 -0.000611 0.990583 -0.136256
1628061322.972984 0.480265 27.801777 0.972478 -0.014249 -0.001791 0.991557 -0.128876
1628061323.073167 0.552151 27.822382 0.959455 -0.012800 -0.001670 0.992422 -0.122200
1628061323.173364 0.613685 27.847958 0.967941 -0.012493 -0.000555 0.993207 -0.115687
1628061323.273677 0.685154 27.865915 0.973002 -0.013453 -0.001032 0.994063 -0.107963
1628061323.373736 0.762512 27.884177 0.977726 -0.013639 -0.001309 0.994824 -0.100681
1628061323.473980 0.835986 27.901098 0.973885 -0.012504 -0.002016 0.995454 -0.094400
1628061323.574125 0.915390 27.917425 0.986166 -0.013106 -0.001226 0.996033 -0.088000
1628061323.675379 0.984866 27.923159 0.987873 -0.013653 -0.001342 0.996694 -0.080076
1628061323.774478 1.067472 27.934132 0.981466 -0.012214 -0.001044 0.997227 -0.073400
1628061323.874774 1.155101 27.951853 0.990184 -0.013046 -0.000729 0.997401 -0.070862
1628061323.974859 1.215256 27.969139 1.005569 -0.014218 -0.001062 0.996951 -0.076716
1628061324.076492 1.269636 27.966398 1.013404 -0.012049 -0.000878 0.995998 -0.088556
1628061324.175255 1.329620 27.962372 1.008134 -0.014228 -0.002948 0.994626 -0.102512
1628061324.275988 1.406811 27.948685 0.999795 -0.012361 -0.002248 0.992811 -0.119030
1628061324.375669 1.488611 27.977485 0.999580 -0.012101 -0.002187 0.990516 -0.136847
1628061324.476096 1.562030 28.010402 0.995400 -0.011235 -0.001874 0.987752 -0.155613
1628061324.575992 1.631040 28.018432 1.003188 -0.011857 -0.001834 0.984895 -0.172737
1628061324.676304 1.696039 28.020777 1.009426 -0.011878 -0.001513 0.982194 -0.187486
1628061324.776354 1.792538 28.064435 1.004764 -0.011944 -0.002136 0.980034 -0.198461
1628061324.876566 1.879360 28.112208 1.005120 -0.013095 -0.002658 0.978541 -0.205619
1628061324.976726 1.971481 28.140652 1.017280 -0.012152 -0.000710 0.977686 -0.209720
1628061325.077359 2.050481 28.173935 1.021774 -0.012397 0.000261 0.977268 -0.211643
1628061325.177116 2.112141 28.214522 1.029410 -0.013819 0.000100 0.977177 -0.211978
1628061325.277327 2.180877 28.246911 1.021837 -0.012197 -0.000277 0.977935 -0.208555
1628061325.377486 2.250828 28.260426 1.025643 -0.013561 -0.001420 0.979012 -0.203346
1628061325.477666 2.345520 28.298191 1.033642 -0.013485 -0.001228 0.980162 -0.197735
1628061325.577862 2.412994 28.337105 1.027274 -0.012981 -0.000930 0.981689 -0.190045
1628061325.678067 2.492369 28.374939 1.020942 -0.011184 -0.000106 0.983351 -0.181369
1628061325.778244 2.563879 28.412163 1.036250 -0.012631 0.000375 0.985297 -0.170382
1628061325.878422 2.634751 28.433415 1.043114 -0.012668 0.000118 0.987368 -0.157937
1628061325.978640 2.715487 28.445050 1.033640 -0.011830 -0.000923 0.989674 -0.142845
1628061326.078856 2.787236 28.450844 1.042989 -0.012643 -0.000901 0.991954 -0.125960
1628061326.179035 2.864774 28.463015 1.035793 -0.012096 -0.000610 0.994157 -0.107266
1628061326.279221 2.922860 28.485386 1.039992 -0.011650 0.000264 0.996205 -0.086250
1628061326.379381 3.002676 28.498830 1.037513 -0.010270 0.001042 0.997851 -0.064702
1628061326.479878 3.073022 28.537379 1.027495 -0.010180 -0.000302 0.999068 -0.041955
1628061326.579766 3.141540 28.575511 1.032008 -0.010373 -0.001376 0.999752 -0.019663
1628061326.679918 3.225375 28.586570 1.036781 -0.010065 -0.000487 0.999943 0.003423
1628061326.780872 3.315038 28.547408 1.036076 -0.010206 -0.000178 0.999582 0.027035
1628061326.880301 3.388134 28.497796 1.038195 -0.009301 0.000521 0.998607 0.051940
1628061326.980513 3.461577 28.511268 1.047440 -0.010837 -0.002072 0.997194 0.074042
1628061327.080663 3.538884 28.512324 1.052293 -0.011273 -0.003609 0.996061 0.087874
1628061327.180889 3.602037 28.508585 1.063974 -0.010040 -0.001737 0.995431 0.094940
1628061327.281047 3.670645 28.492317 1.069172 -0.009982 -0.000812 0.995093 0.098441
1628061327.381235 3.715146 28.498673 1.058013 -0.010249 -0.001899 0.994827 0.101047
1628061327.481412 3.764408 28.508142 1.048119 -0.008661 -0.002351 0.994711 0.102320
1628061327.581596 3.801478 28.510257 1.054237 -0.008025 -0.002459 0.994569 0.103742
1628061327.681794 3.839542 28.521734 1.062896 -0.008586 -0.003995 0.994512 0.104197
1628061327.781977 3.865832 28.502800 1.061227 -0.007982 -0.004369 0.994424 0.105065
1628061327.882769 3.881112 28.504612 1.069354 -0.007861 -0.004260 0.994398 0.105321
1628061327.986983 3.881817 28.502227 1.065376 -0.007866 -0.004288 0.994381 0.105479
1628061328.082547 3.870562 28.493411 1.061222 -0.008185 -0.003712 0.994418 0.105131
1628061328.182734 3.850469 28.496444 1.060007 -0.008037 -0.003328 0.994491 0.104457
1628061328.282930 3.828211 28.488690 1.055858 -0.007265 -0.003550 0.994673 0.102766
1628061328.383103 3.808775 28.505057 1.047814 -0.007365 -0.004569 0.994917 0.100320
1628061328.483326 3.772659 28.516149 1.048985 -0.007546 -0.003305 0.995269 0.096808
1628061328.583500 3.727349 28.531009 1.043993 -0.006547 -0.002966 0.995677 0.092607
1628061328.683661 3.702617 28.532468 1.048161 -0.006651 -0.001917 0.996251 0.086234
1628061328.783855 3.668024 28.552410 1.044231 -0.006868 -0.003773 0.996763 0.080015
1628061328.884036 3.616602 28.571708 1.047073 -0.006538 -0.002830 0.997330 0.072685
1628061328.984240 3.550250 28.581457 1.043952 -0.005925 -0.003487 0.997863 0.064984
1628061329.084416 3.482882 28.565398 1.057023 -0.007380 -0.003459 0.998082 0.061375
1628061329.184609 3.423561 28.556628 1.042690 -0.006519 -0.004129 0.998128 0.060665
1628061329.284790 3.376393 28.561402 1.042578 -0.006431 -0.003268 0.997991 0.062946
1628061329.384985 3.331035 28.562115 1.040713 -0.006146 -0.002869 0.997768 0.066429
1628061329.485174 3.261321 28.541183 1.019913 -0.005800 -0.004500 0.997269 0.073491
1628061329.585353 3.203266 28.547299 1.018513 -0.005546 -0.003430 0.996648 0.081550
1628061329.685568 3.143171 28.568678 1.016734 -0.006231 -0.003620 0.995921 0.089940
1628061329.785738 3.084894 28.580575 1.020116 -0.006511 -0.004154 0.995167 0.097892
1628061329.885926 3.023688 28.588435 1.021802 -0.007646 -0.004929 0.994224 0.106940
1628061329.986110 2.958460 28.600031 1.033593 -0.008814 -0.005805 0.993218 0.115784
1628061330.086322 2.909430 28.618277 1.046862 -0.008617 -0.005137 0.992189 0.124342
1628061330.195477 2.860297 28.628672 1.049019 -0.009280 -0.004958 0.991291 0.131267
1628061330.286669 2.819536 28.661306 1.043529 -0.008558 -0.003392 0.990717 0.135629
1628061330.389325 2.754897 28.678005 1.039109 -0.007715 -0.003326 0.990326 0.138504
1628061330.487062 2.693095 28.700206 1.027562 -0.008604 -0.005653 0.990263 0.138828
1628061330.594311 2.627815 28.719958 1.028520 -0.009664 -0.006037 0.990479 0.137190
1628061330.687443 2.559554 28.718312 1.025322 -0.009209 -0.005730 0.990770 0.135120
1628061330.787619 2.505392 28.724716 1.021115 -0.009339 -0.006026 0.991252 0.131512
1628061330.887856 2.455048 28.755169 1.025005 -0.008687 -0.004414 0.992006 0.125811
1628061330.988669 2.392239 28.785420 1.018119 -0.009217 -0.004514 0.992857 0.118871
1628061331.088165 2.333027 28.806953 1.013902 -0.007823 -0.003470 0.993697 0.111773
1628061331.192154 2.279435 28.819905 1.025598 -0.009485 -0.004574 0.994497 0.104232
1628061331.288547 2.217935 28.834427 1.022506 -0.008943 -0.003549 0.995314 0.096217
1628061331.394420 2.165721 28.845975 1.027243 -0.009959 -0.003942 0.996007 0.088629
1628061331.488922 2.115124 28.872505 1.019928 -0.010183 -0.004901 0.996714 0.080204
1628061331.589102 2.060525 28.888085 1.010993 -0.009091 -0.005013 0.997394 0.071400
1628061331.689304 2.002974 28.883020 1.008384 -0.009710 -0.004535 0.997956 0.062993
1628061331.789876 1.942364 28.892468 1.012670 -0.008746 -0.002641 0.998470 0.054530
1628061331.889706 1.881965 28.889892 1.014984 -0.008753 -0.002179 0.998915 0.045697
1628061331.989859 1.836938 28.872332 1.013155 -0.009333 -0.002487 0.999267 0.037049
1628061332.090045 1.794312 28.873907 1.003411 -0.009424 -0.003131 0.999570 0.027599
1628061332.194449 1.751078 28.889434 1.005665 -0.010025 -0.003420 0.999782 0.017973
1628061332.290418 1.699734 28.908413 1.008208 -0.010204 -0.003555 0.999905 0.008609
1628061332.390747 1.642115 28.916221 0.991083 -0.009636 -0.004536 0.999943 -0.000571
1628061332.491555 1.588749 28.931044 0.986862 -0.009497 -0.003860 0.999898 -0.009935
1628061332.591342 1.538860 28.938670 0.999625 -0.009874 -0.002514 0.999772 -0.018741
1628061332.691245 1.492576 28.925237 0.994149 -0.009792 -0.002911 0.999565 -0.027666
1628061332.793382 1.446682 28.910445 1.010168 -0.010773 -0.001964 0.999292 -0.035986
1628061332.891544 1.401055 28.902159 1.009979 -0.011412 -0.002255 0.998950 -0.044307
1628061332.992311 1.334831 28.897652 1.004650 -0.011179 -0.001889 0.998560 -0.052431
1628061333.091949 1.264795 28.887399 0.994962 -0.011300 -0.002295 0.998046 -0.061402
1628061333.192625 1.196647 28.878077 0.998109 -0.011047 -0.002547 0.997502 -0.069718
1628061333.292960 1.141863 28.870264 0.989230 -0.009835 -0.002294 0.996879 -0.078292
1628061333.392494 1.100969 28.860414 0.997188 -0.011724 -0.001971 0.996155 -0.086802
1628061333.492683 1.050362 28.848574 0.988998 -0.011587 -0.002050 0.995421 -0.094865
1628061333.592863 0.993712 28.850188 0.994419 -0.011023 -0.000899 0.994610 -0.103099
1628061333.694317 0.934710 28.847819 0.993586 -0.011551 -0.001506 0.993776 -0.110787
1628061333.793236 0.886236 28.829388 0.982099 -0.010406 -0.001936 0.992943 -0.118123
1628061333.893505 0.832330 28.798887 0.980950 -0.010867 -0.001571 0.992038 -0.125456
1628061333.993609 0.767376 28.786117 0.990125 -0.011120 -0.000925 0.991097 -0.132674
1628061334.093818 0.720936 28.770299 0.990479 -0.010030 -0.000906 0.990048 -0.140370
1628061334.194203 0.672699 28.769844 0.979242 -0.010924 -0.001667 0.988966 -0.147731
1628061334.294185 0.639745 28.766899 0.978781 -0.009938 -0.000910 0.987878 -0.154911
1628061334.397853 0.595364 28.752599 0.981881 -0.010288 -0.000322 0.987034 -0.160183
1628061334.494584 0.546757 28.743775 0.981310 -0.010898 -0.000748 0.986291 -0.164651
1628061334.595437 0.492617 28.727509 0.980800 -0.010847 -0.000667 0.985810 -0.167515
1628061334.694941 0.450396 28.706172 0.984225 -0.011570 -0.000773 0.985448 -0.169580
1628061334.795130 0.394105 28.675286 0.987729 -0.012344 -0.000904 0.985251 -0.170670
1628061334.895336 0.342788 28.652430 0.987964 -0.011704 -0.000661 0.984820 -0.173181
1628061334.995494 0.293886 28.641668 0.968584 -0.011514 -0.001751 0.984609 -0.174382
1628061335.095688 0.244305 28.629100 0.965961 -0.012013 -0.001714 0.984457 -0.175209
1628061335.197055 0.188713 28.614640 0.976269 -0.011756 -0.000205 0.984425 -0.175411
1628061335.296066 0.157980 28.587739 0.969155 -0.011206 -0.000804 0.984453 -0.175287
1628061335.396244 0.114745 28.573058 0.956253 -0.010510 -0.001248 0.984596 -0.174524
1628061335.496424 0.070375 28.562924 0.948044 -0.011856 -0.002391 0.984899 -0.172707
1628061335.597277 0.027487 28.551341 0.959076 -0.012237 -0.001868 0.985322 -0.170257
1628061335.696851 -0.000234 28.539643 0.974394 -0.012534 -0.001057 0.985752 -0.167734
1628061335.796987 -0.049112 28.519349 0.974610 -0.012700 -0.001397 0.986363 -0.164088
1628061335.897171 -0.105542 28.500409 0.975315 -0.013441 -0.001729 0.986866 -0.160969
1628061335.997374 -0.158633 28.490940 0.963746 -0.012688 -0.001993 0.987374 -0.157885
1628061336.097566 -0.212014 28.477508 0.953510 -0.012763 -0.002738 0.987847 -0.154880
1628061336.197760 -0.266010 28.465819 0.948167 -0.012499 -0.002659 0.988277 -0.152135
1628061336.297956 -0.302913 28.437455 0.961466 -0.012712 -0.001404 0.988776 -0.148858
1628061336.398131 -0.350657 28.412836 0.953783 -0.012126 -0.001705 0.989362 -0.144958
1628061336.498298 -0.410992 28.389734 0.951710 -0.011906 -0.001451 0.989865 -0.141502
1628061336.598498 -0.469963 28.376011 0.950655 -0.012493 -0.002025 0.990325 -0.138189
1628061336.698945 -0.516557 28.364957 0.948043 -0.012851 -0.002451 0.990802 -0.134686
1628061336.799387 -0.562636 28.352062 0.951721 -0.012726 -0.002006 0.991275 -0.131176
1628061336.899078 -0.620149 28.341620 0.950323 -0.011810 -0.001768 0.991685 -0.128135
1628061336.999245 -0.668928 28.321507 0.950046 -0.011818 -0.001656 0.992218 -0.123936
1628061337.099440 -0.714719 28.301903 0.947820 -0.011596 -0.001425 0.992608 -0.120798
1628061337.199614 -0.768173 28.288991 0.942358 -0.011596 -0.001763 0.993058 -0.117042
1628061337.299839 -0.826708 28.277671 0.944279 -0.010900 -0.001287 0.993513 -0.113189
1628061337.400018 -0.878993 28.269187 0.941509 -0.010168 -0.001032 0.993913 -0.109692
1628061337.500184 -0.943966 28.252404 0.947570 -0.010419 -0.000709 0.994410 -0.105069
1628061337.600371 -1.015088 28.246999 0.940245 -0.011366 -0.001458 0.994774 -0.101452
1628061337.700561 -1.081991 28.235430 0.928084 -0.010214 -0.002051 0.995125 -0.098072
1628061337.800840 -1.131808 28.226254 0.930167 -0.010466 -0.001719 0.995204 -0.097248
1628061337.900931 -1.190236 28.212272 0.929873 -0.011103 -0.001585 0.995206 -0.097157
1628061338.001114 -1.259041 28.200114 0.925059 -0.010993 -0.001677 0.995147 -0.097769
1628061338.101349 -1.330563 28.187689 0.920863 -0.011004 -0.001664 0.995058 -0.098671
1628061338.201499 -1.397420 28.177168 0.913633 -0.010289 -0.002049 0.994891 -0.100413
1628061338.301680 -1.459791 28.157710 0.912216 -0.010746 -0.002117 0.994740 -0.101842
1628061338.401864 -1.521096 28.130061 0.914608 -0.011482 -0.002278 0.994611 -0.103017
1628061338.502100 -1.571333 28.118144 0.918263 -0.011006 -0.002027 0.994354 -0.105527
1628061338.602241 -1.629296 28.108094 0.913252 -0.010499 -0.002204 0.994200 -0.107009
1628061338.702423 -1.692176 28.107221 0.912298 -0.010053 -0.001674 0.994063 -0.108329
1628061338.802629 -1.755194 28.093928 0.907831 -0.010227 -0.001808 0.994041 -0.108515
1628061338.902829 -1.820711 28.081284 0.902370 -0.009536 -0.002117 0.994133 -0.107720
1628061339.003070 -1.893458 28.057379 0.899827 -0.009935 -0.002971 0.994242 -0.106657
1628061339.103185 -1.952782 28.032974 0.909766 -0.010783 -0.002628 0.994359 -0.105487
1628061339.203371 -2.014927 28.014480 0.899875 -0.010884 -0.003393 0.994512 -0.103998
1628061339.303551 -2.081604 27.997366 0.905177 -0.010348 -0.002523 0.994713 -0.102143
1628061339.405854 -2.146826 27.989452 0.904081 -0.010394 -0.002532 0.994877 -0.100524
1628061339.504018 -2.205044 27.987474 0.902985 -0.010340 -0.002356 0.995016 -0.099154
1628061339.604131 -2.262224 27.979010 0.910816 -0.010480 -0.001530 0.995183 -0.097460
1628061339.704334 -2.336808 27.962193 0.905353 -0.009519 -0.001582 0.995369 -0.095644
1628061339.804500 -2.408244 27.948264 0.894434 -0.009630 -0.002480 0.995566 -0.093536
1628061339.904685 -2.461142 27.931420 0.883290 -0.009328 -0.003896 0.995774 -0.091278
1628061340.004889 -2.513942 27.922761 0.894305 -0.009069 -0.003270 0.995922 -0.089700
1628061340.105056 -2.581305 27.913601 0.893718 -0.009437 -0.003186 0.996091 -0.087769
1628061340.205242 -2.648135 27.907213 0.899003 -0.009714 -0.002511 0.996219 -0.086297
1628061340.305489 -2.718557 27.895628 0.884147 -0.008543 -0.003257 0.996353 -0.084833
1628061340.405623 -2.779440 27.878282 0.888295 -0.009003 -0.002738 0.996492 -0.083155
1628061340.505816 -2.841469 27.867379 0.884346 -0.009305 -0.003190 0.996597 -0.081833
1628061340.606007 -2.901360 27.857121 0.877838 -0.009766 -0.003866 0.996615 -0.081542
1628061340.706224 -2.960495 27.847215 0.879630 -0.009350 -0.003821 0.996517 -0.082773
1628061340.806404 -3.014354 27.841750 0.889547 -0.009651 -0.003007 0.996308 -0.085253
1628061340.906584 -3.076851 27.835596 0.879689 -0.009351 -0.003428 0.995993 -0.088878
1628061341.006761 -3.157087 27.821092 0.882845 -0.009865 -0.002620 0.995557 -0.093605
1628061341.106977 -3.219594 27.807737 0.880431 -0.009461 -0.002335 0.995038 -0.099021
1628061341.207130 -3.277534 27.799966 0.885911 -0.010670 -0.002244 0.994526 -0.103923
1628061341.307325 -3.335161 27.787607 0.887833 -0.010441 -0.002390 0.993990 -0.108944
1628061341.407507 -3.389983 27.772179 0.880175 -0.009324 -0.002608 0.993360 -0.114636
1628061341.507709 -3.451916 27.757029 0.882459 -0.008998 -0.002651 0.992670 -0.120492
1628061341.607924 -3.521060 27.748033 0.878603 -0.008445 -0.002076 0.991984 -0.126062
1628061341.708060 -3.591596 27.733128 0.871111 -0.007597 -0.001736 0.991167 -0.132392
1628061341.808264 -3.658215 27.711430 0.867146 -0.008183 -0.001811 0.990457 -0.137568
1628061341.908706 -3.715319 27.695356 0.858379 -0.008835 -0.002282 0.989589 -0.143632
1628061342.008618 -3.771888 27.679515 0.857532 -0.010051 -0.002482 0.988760 -0.149155
1628061342.108825 -3.826805 27.662844 0.869574 -0.009781 -0.002041 0.987772 -0.155585
1628061342.208996 -3.884865 27.644523 0.864734 -0.009511 -0.002339 0.986770 -0.161829
1628061342.309184 -3.946956 27.620790 0.858283 -0.008594 -0.002389 0.985811 -0.167620
1628061342.409382 -4.005539 27.599723 0.863877 -0.008788 -0.001193 0.984772 -0.173624
1628061342.509557 -4.058151 27.577674 0.857204 -0.009156 -0.001524 0.983652 -0.179841
1628061342.609748 -4.114758 27.552424 0.850175 -0.009515 -0.002098 0.982840 -0.184201
1628061342.709935 -4.178122 27.532092 0.848572 -0.009509 -0.002275 0.982191 -0.187632
1628061342.810122 -4.236192 27.512208 0.845741 -0.009486 -0.002660 0.981630 -0.190538
1628061342.910352 -4.302351 27.491959 0.846675 -0.008708 -0.003253 0.981512 -0.191177
1628061343.010534 -4.354180 27.470357 0.842701 -0.009168 -0.003696 0.981440 -0.191514
1628061343.111202 -4.407713 27.444192 0.852615 -0.008795 -0.002259 0.981464 -0.191429
1628061343.210880 -4.463443 27.412671 0.846415 -0.008642 -0.002225 0.981665 -0.190405
1628061343.311089 -4.507213 27.380581 0.835696 -0.007734 -0.003114 0.982248 -0.187401
1628061343.411253 -4.573953 27.343448 0.830566 -0.008437 -0.003327 0.983450 -0.180951
1628061343.512329 -4.654468 27.305088 0.833117 -0.008183 -0.003700 0.985019 -0.172210
1628061343.611624 -4.728353 27.289699 0.837974 -0.009560 -0.003965 0.986721 -0.162093
1628061343.712074 -4.788583 27.262363 0.845314 -0.009577 -0.004004 0.988566 -0.150430
1628061343.812026 -4.842129 27.239910 0.851241 -0.009745 -0.003305 0.990408 -0.137788
1628061343.912217 -4.896811 27.227275 0.842001 -0.008446 -0.004040 0.992252 -0.123886
1628061344.012402 -4.951661 27.205999 0.835590 -0.008472 -0.004413 0.993919 -0.109700
1628061344.112576 -5.012888 27.179114 0.832413 -0.008828 -0.005080 0.995473 -0.094494
1628061344.212800 -5.090742 27.162204 0.817948 -0.008164 -0.005777 0.996874 -0.078372
1628061344.312970 -5.150860 27.157910 0.819751 -0.008532 -0.006042 0.997971 -0.062805
1628061344.413175 -5.207752 27.144286 0.827658 -0.008187 -0.005418 0.998906 -0.045729
1628061344.513508 -5.264089 27.131381 0.830201 -0.007781 -0.005765 0.999532 -0.029015
1628061344.613526 -5.334767 27.138091 0.838245 -0.006145 -0.005667 0.999894 -0.011898
1628061344.714008 -5.388163 27.136549 0.833240 -0.006185 -0.005886 0.999950 0.005229
1628061344.813937 -5.452018 27.138615 0.822399 -0.007179 -0.006504 0.999694 0.022770
1628061344.914342 -5.532047 27.132878 0.809912 -0.006126 -0.007360 0.999119 0.040871
1628061345.014250 -5.609077 27.144321 0.815836 -0.006177 -0.006495 0.998233 0.058749
1628061345.114507 -5.673737 27.148526 0.817438 -0.007057 -0.006751 0.997009 0.076664
1628061345.214633 -5.748404 27.157795 0.817726 -0.006617 -0.006953 0.995345 0.095901
1628061345.315008 -5.802754 27.169735 0.808786 -0.006604 -0.007750 0.993458 0.113747
1628061345.415015 -5.865399 27.174817 0.810390 -0.006875 -0.008354 0.991233 0.131682
1628061345.515196 -5.907618 27.179343 0.811024 -0.005534 -0.008888 0.988748 0.149226
1628061345.615382 -5.958845 27.196158 0.809325 -0.003704 -0.007783 0.986081 0.166045
1628061345.715665 -6.001709 27.217064 0.807353 -0.001493 -0.006563 0.982914 0.183944
1628061345.815751 -6.047947 27.232866 0.809702 -0.000575 -0.004776 0.979477 0.201497
1628061345.915961 -6.107712 27.255180 0.809559 0.000171 -0.007041 0.975717 0.218922
1628061346.016159 -6.161326 27.267363 0.813462 0.000839 -0.010528 0.971565 0.236538
1628061346.117153 -6.218647 27.270882 0.820348 0.001672 -0.012845 0.966946 0.254653
1628061346.216505 -6.274810 27.297531 0.816078 0.000632 -0.013075 0.962170 0.272135
1628061346.316878 -6.322159 27.332846 0.809873 0.000786 -0.011773 0.956681 0.290900
1628061346.416890 -6.355211 27.360619 0.811199 0.000389 -0.011326 0.951344 0.307924
1628061346.517113 -6.387713 27.390894 0.824074 -0.001985 -0.008739 0.946333 0.323070
1628061346.714538 -6.408422 27.461317 0.820696 -0.001495 -0.007835 0.936598 0.350316
1628061346.717456 -6.410373 27.463713 0.821579 -0.001582 -0.007748 0.936627 0.350239
1628061346.817648 -6.491734 27.507955 0.806151 0.000600 -0.008167 0.927738 0.373142
1628061346.917821 -6.555664 27.539654 0.810672 -0.000546 -0.007725 0.920677 0.390247
1628061347.018046 -6.613459 27.580052 0.814595 -0.003442 -0.009102 0.913785 0.406081
1628061347.118520 -6.640840 27.623816 0.815321 -0.004612 -0.009342 0.907031 0.420936
1628061347.218379 -6.662977 27.652462 0.811343 -0.006157 -0.010663 0.900543 0.434592
1628061347.318568 -6.686389 27.682752 0.816414 -0.005498 -0.011598 0.893308 0.449262
1628061347.418798 -6.724972 27.727737 0.816793 -0.005526 -0.012093 0.885582 0.464292
1628061347.521227 -6.762633 27.781526 0.816585 -0.004946 -0.011890 0.877635 0.479157
1628061347.619152 -6.803470 27.827630 0.814985 -0.004424 -0.011425 0.869057 0.494560
1628061347.719324 -6.831535 27.870460 0.809999 -0.004324 -0.012657 0.860395 0.509452
1628061347.819545 -6.865779 27.927518 0.813815 -0.003888 -0.012130 0.851085 0.524873
1628061347.920904 -6.896053 27.990601 0.817921 -0.004666 -0.012377 0.841486 0.540117
1628061348.019926 -6.925898 28.049289 0.814471 -0.003472 -0.012340 0.831740 0.555018
1628061348.125533 -6.942491 28.096783 0.817688 -0.003454 -0.011797 0.822006 0.569346
1628061348.220290 -6.955197 28.152271 0.818864 -0.003815 -0.012110 0.812405 0.582955
1628061348.320445 -6.959729 28.208318 0.811962 -0.003197 -0.012127 0.802962 0.595898
1628061348.420646 -6.966617 28.251524 0.808961 -0.003407 -0.013117 0.793528 0.608383
1628061348.521327 -6.988892 28.294190 0.814109 -0.003602 -0.013521 0.784932 0.619423
1628061348.621006 -6.990240 28.340475 0.814599 -0.004079 -0.014050 0.777634 0.628546
1628061348.721387 -7.009976 28.380220 0.808990 -0.003277 -0.013312 0.770597 0.637175
1628061348.821402 -7.018961 28.419529 0.818424 -0.003907 -0.013060 0.764530 0.644444
1628061348.925773 -7.015471 28.466030 0.821840 -0.003783 -0.012665 0.759386 0.650506
1628061349.021761 -7.006708 28.495047 0.818449 -0.003669 -0.012734 0.755267 0.655283
1628061349.122045 -7.019003 28.528842 0.820173 -0.003883 -0.011956 0.751110 0.660058
1628061349.222149 -7.031528 28.588244 0.819618 -0.002191 -0.011355 0.748077 0.663512
1628061349.322322 -7.055704 28.649291 0.819810 -0.002107 -0.011521 0.744675 0.667324
1628061349.422523 -7.055021 28.699758 0.815308 -0.002417 -0.012339 0.741956 0.670331
1628061349.522702 -7.065873 28.747756 0.815106 -0.001777 -0.012076 0.738800 0.673814
1628061349.622885 -7.073542 28.785911 0.822552 -0.001894 -0.011846 0.736011 0.676863
1628061349.723080 -7.078074 28.814830 0.827305 -0.002575 -0.011716 0.733527 0.679554
1628061349.823310 -7.079438 28.851888 0.819577 -0.002535 -0.012422 0.730943 0.682321
1628061349.923565 -7.074498 28.882929 0.819824 -0.002601 -0.012583 0.728566 0.684855
1628061350.023660 -7.077542 28.909103 0.826433 -0.002581 -0.012282 0.726580 0.686968
1628061350.123974 -7.086042 28.946062 0.831935 -0.003497 -0.011912 0.724693 0.688960
1628061350.224021 -7.078619 28.979724 0.835470 -0.004727 -0.007810 0.723092 0.690692
1628061350.324208 -7.071944 29.009905 0.822626 -0.006980 -0.005625 0.722267 0.691556
1628061350.424417 -7.063850 29.034271 0.821499 -0.005752 -0.005087 0.722097 0.691749
1628061350.525213 -7.068743 29.056197 0.822414 -0.004489 -0.005639 0.722395 0.691443
1628061350.624764 -7.068538 29.074119 0.821156 -0.005870 -0.005536 0.723060 0.690738
1628061350.724953 -7.072040 29.089784 0.818019 -0.005873 -0.005651 0.723620 0.690151
1628061350.825173 -7.074947 29.100811 0.825259 -0.005757 -0.005569 0.723781 0.689983
1628061350.925860 -7.073509 29.098056 0.821601 -0.005526 -0.004740 0.724068 0.689690
1628061351.025513 -7.073452 29.101809 0.817200 -0.005410 -0.005246 0.723976 0.689784
1628061351.125754 -7.077395 29.094126 0.827551 -0.005414 -0.004692 0.723329 0.690467
1628061351.225918 -7.076196 29.086568 0.821899 -0.005950 -0.005074 0.722229 0.691609
1628061351.326080 -7.078397 29.062016 0.826617 -0.006221 -0.003993 0.720878 0.693022
1628061351.426281 -7.088592 29.041309 0.825443 -0.006781 -0.004322 0.718731 0.695241
1628061351.526690 -7.104415 29.022599 0.824205 -0.007074 -0.004263 0.715699 0.698361
1628061351.626648 -7.102250 28.985419 0.824832 -0.006353 -0.003883 0.712446 0.701687
1628061351.728015 -7.095767 28.937891 0.815858 -0.003569 -0.006662 0.709419 0.704746
1628061351.827045 -7.098256 28.890082 0.824754 -0.001747 -0.009138 0.706088 0.708063
1628061351.927208 -7.107273 28.832635 0.831396 -0.003885 -0.008780 0.700471 0.713617
1628061352.027406 -7.101615 28.787313 0.831767 -0.002978 -0.006572 0.695330 0.718654
1628061352.130073 -7.098904 28.739573 0.824085 -0.001761 -0.008014 0.689161 0.724562
1628061352.227781 -7.103913 28.687769 0.820293 -0.000513 -0.007824 0.682704 0.730653
1628061352.327985 -7.104925 28.631348 0.817784 -0.000126 -0.007297 0.675120 0.737672
1628061352.428183 -7.107438 28.567436 0.810719 -0.000867 -0.008147 0.667896 0.744210
1628061352.528337 -7.111666 28.493619 0.808105 -0.001054 -0.008705 0.660648 0.750645
1628061352.628530 -7.120903 28.415114 0.815172 -0.000426 -0.008259 0.652735 0.757541
1628061352.728708 -7.128986 28.356899 0.815502 -0.000551 -0.008828 0.644533 0.764526
1628061352.828893 -7.135482 28.299743 0.815546 0.000102 -0.008841 0.636683 0.771075
1628061352.929251 -7.144300 28.237443 0.810583 0.001359 -0.007929 0.629574 0.776899
1628061353.029275 -7.154425 28.178709 0.813675 0.002174 -0.006365 0.622048 0.782951
1628061353.130135 -7.159029 28.116584 0.813240 0.002338 -0.004968 0.614631 0.788796
1628061353.229650 -7.152625 28.041635 0.811971 0.002085 -0.005400 0.608077 0.793857
1628061353.329872 -7.161954 27.977218 0.810475 0.000502 -0.008111 0.602481 0.798092
1628061353.430039 -7.179150 27.926719 0.810327 -0.000331 -0.009551 0.598584 0.801003
1628061353.533875 -7.213855 27.855553 0.814696 -0.000592 -0.011056 0.598084 0.801357
1628061353.630404 -7.234251 27.797981 0.812993 -0.000756 -0.011680 0.599808 0.800058
1628061353.730596 -7.245558 27.724455 0.800982 0.000802 -0.012873 0.603408 0.797328
1628061353.830889 -7.255698 27.663407 0.807305 -0.000236 -0.014124 0.607629 0.794095
1628061353.930963 -7.276824 27.606996 0.802028 0.000459 -0.016164 0.612577 0.790245
1628061354.031454 -7.300419 27.560925 0.801340 -0.000143 -0.018923 0.618639 0.785447
1628061354.131340 -7.315385 27.520012 0.791447 -0.001570 -0.020376 0.624324 0.780898
1628061354.232009 -7.323959 27.496360 0.791784 -0.002344 -0.020572 0.629896 0.776403
1628061354.331714 -7.351513 27.462270 0.795904 -0.003411 -0.022937 0.633986 0.772997
1628061354.431963 -7.345563 27.443418 0.791396 -0.003523 -0.024643 0.637570 0.769990
1628061354.532122 -7.358624 27.439504 0.790320 -0.003830 -0.026601 0.639277 0.768507
1628061354.632976 -7.361169 27.446722 0.791778 -0.003773 -0.027259 0.639520 0.768282
1628061354.732463 -7.371850 27.458641 0.790366 -0.004063 -0.026361 0.638344 0.769289
1628061354.832651 -7.369872 27.474638 0.793887 -0.003696 -0.025583 0.636261 0.771041
1628061354.932851 -7.365590 27.504135 0.795730 -0.002820 -0.024346 0.632965 0.773793
1628061355.033037 -7.339149 27.529157 0.789561 -0.001630 -0.023888 0.628938 0.777086
1628061355.133217 -7.329194 27.565202 0.797521 -0.000890 -0.023581 0.623243 0.781672
1628061355.233412 -7.309684 27.602277 0.800506 -0.000179 -0.023180 0.616564 0.786964
1628061355.333683 -7.289209 27.640353 0.804851 0.000981 -0.021881 0.607926 0.793692
1628061355.433781 -7.273592 27.689554 0.807080 0.000699 -0.021058 0.597281 0.801755
1628061355.534000 -7.255248 27.733921 0.806210 -0.000311 -0.019220 0.586087 0.810020
1628061355.634300 -7.240796 27.791924 0.813855 -0.001232 -0.017211 0.574503 0.818321
1628061355.734337 -7.208331 27.862844 0.817204 -0.000142 -0.015001 0.562402 0.826728
1628061355.834548 -7.171756 27.927303 0.817448 -0.000961 -0.014847 0.548718 0.835875
1628061355.934721 -7.148251 27.997901 0.810710 -0.000089 -0.013161 0.535343 0.844532
1628061356.034941 -7.116908 28.037070 0.812849 0.000446 -0.012459 0.522060 0.852818
1628061356.135136 -7.094545 28.078489 0.818124 0.001573 -0.011277 0.514194 0.857599
1628061356.235614 -7.085175 28.122387 0.809774 0.002089 -0.010396 0.508855 0.860787
1628061356.335467 -7.079976 28.177835 0.812714 0.003340 -0.008459 0.505227 0.862939
1628061356.435746 -7.060339 28.230944 0.805307 0.004008 -0.008887 0.503127 0.864158
1628061356.535857 -7.026391 28.282830 0.811988 0.002101 -0.009304 0.502640 0.864443
1628061356.636040 -6.986833 28.331400 0.816000 0.000827 -0.009344 0.503172 0.864135
1628061356.736269 -6.949737 28.364269 0.824495 -0.000065 -0.009646 0.503304 0.864056
1628061356.837439 -6.924620 28.408178 0.825263 0.001796 -0.009505 0.503376 0.864014
1628061356.936706 -6.909049 28.452820 0.819684 0.002294 -0.009631 0.503436 0.863976
1628061357.037846 -6.900834 28.496235 0.815746 0.001551 -0.011274 0.503943 0.863662
1628061357.136997 -6.893269 28.542598 0.820012 0.000539 -0.013113 0.504161 0.863510
1628061357.237855 -6.890443 28.581058 0.821552 0.000432 -0.014372 0.505832 0.862512
1628061357.337364 -6.869356 28.610005 0.818422 0.001243 -0.013915 0.507094 0.861777
1628061357.437898 -6.856003 28.640198 0.818531 0.002001 -0.013950 0.508475 0.860961
1628061357.537777 -6.833907 28.665747 0.826585 0.001699 -0.013737 0.510251 0.859914
1628061357.638651 -6.804043 28.687909 0.822702 0.001447 -0.014192 0.512696 0.858452
1628061357.738115 -6.784073 28.724363 0.821481 0.001074 -0.014151 0.514523 0.857359
1628061357.838289 -6.769147 28.756353 0.824439 0.001291 -0.013026 0.516859 0.855970
1628061357.938477 -6.756194 28.783479 0.825504 0.001235 -0.013895 0.518774 0.854798
1628061358.038666 -6.749008 28.818526 0.829909 0.000566 -0.013762 0.520778 0.853581
1628061358.138862 -6.742232 28.848502 0.835745 0.000773 -0.013353 0.522686 0.852420
1628061358.239040 -6.733589 28.877516 0.831713 -0.000537 -0.014439 0.524917 0.851031
1628061358.339223 -6.732083 28.915149 0.827712 -0.002549 -0.014133 0.527504 0.849431
1628061358.439457 -6.714569 28.963715 0.831929 -0.002607 -0.014472 0.531234 0.847098
1628061358.539608 -6.694805 28.995830 0.836543 -0.002214 -0.014797 0.534716 0.844900
1628061358.640376 -6.677817 29.006835 0.837222 -0.001947 -0.013265 0.538177 0.842725
1628061358.739975 -6.670893 29.029540 0.833515 -0.002035 -0.011856 0.543392 0.839393
1628061358.840388 -6.652258 29.083233 0.832743 -0.003267 -0.010776 0.547943 0.836440
1628061358.940405 -6.636763 29.128786 0.835067 -0.002384 -0.009224 0.553189 0.833001
1628061359.040568 -6.631124 29.172950 0.838392 -0.001757 -0.009773 0.559078 0.829056
1628061359.140745 -6.624954 29.215864 0.837356 -0.002333 -0.009212 0.564733 0.825219
1628061359.240914 -6.605220 29.250211 0.841064 -0.004188 -0.009809 0.570755 0.821051
1628061359.341139 -6.586507 29.281638 0.837561 -0.003293 -0.010341 0.577111 0.816594
1628061359.441301 -6.571137 29.317600 0.837732 -0.002801 -0.010335 0.583390 0.812121
1628061359.541501 -6.557562 29.373551 0.836949 -0.002365 -0.009415 0.590090 0.807279
1628061359.641665 -6.536320 29.423060 0.846899 -0.002066 -0.008683 0.597029 0.802170
1628061359.741867 -6.535572 29.465135 0.848352 -0.002614 -0.011623 0.603359 0.797381
1628061359.842880 -6.537458 29.503439 0.848186 -0.004373 -0.013091 0.611590 0.791054
1628061359.942251 -6.528876 29.553029 0.850112 -0.004442 -0.013694 0.619214 0.785090
1628061360.044318 -6.510946 29.604335 0.846148 -0.000067 -0.014805 0.628227 0.777889
1628061360.142638 -6.494100 29.649895 0.848737 0.003118 -0.011488 0.634795 0.772589
1628061360.248840 -6.476931 29.701706 0.851039 0.002369 -0.009004 0.642426 0.766291
1628061360.343009 -6.471455 29.764428 0.846810 0.002225 -0.008920 0.650359 0.759571
1628061360.443177 -6.462552 29.824557 0.849608 0.000370 -0.011017 0.658624 0.752392
1628061360.543397 -6.458530 29.887260 0.848902 0.000040 -0.011003 0.666255 0.745643
1628061360.643549 -6.448082 29.944460 0.852067 0.000860 -0.010476 0.674049 0.738612
1628061360.743772 -6.433459 29.997625 0.854029 0.001731 -0.009604 0.681595 0.731665
1628061360.845868 -6.431611 30.057115 0.844914 0.001255 -0.009494 0.689391 0.724326
1628061360.944121 -6.433925 30.116704 0.846465 -0.000242 -0.009785 0.696472 0.717517
1628061361.044299 -6.431546 30.170594 0.853800 -0.001119 -0.011407 0.704458 0.709653
1628061361.144509 -6.429019 30.232440 0.853448 -0.001140 -0.010571 0.711312 0.702796
1628061361.244675 -6.439538 30.289034 0.854518 -0.000884 -0.009756 0.718437 0.695523
1628061361.344881 -6.425606 30.350111 0.857833 0.001212 -0.008067 0.725796 0.687861
1628061361.445067 -6.424196 30.406493 0.860794 0.001194 -0.008658 0.732747 0.680444
1628061361.545248 -6.427513 30.464267 0.858312 0.001220 -0.009143 0.739176 0.673449
1628061361.645430 -6.438683 30.523281 0.856076 -0.001014 -0.010756 0.745612 0.666292
1628061361.745614 -6.438694 30.574098 0.856072 -0.000294 -0.010281 0.752378 0.658651
1628061361.846519 -6.450219 30.631183 0.852810 -0.000622 -0.010856 0.758551 0.651523
1628061361.946007 -6.460083 30.682552 0.851580 -0.001367 -0.011379 0.764118 0.644975
1628061362.046605 -6.472192 30.740529 0.853071 -0.000035 -0.010435 0.770113 0.637822
1628061362.146419 -6.484233 30.782090 0.857223 0.000014 -0.010042 0.775632 0.631106
1628061362.246554 -6.494369 30.845657 0.857200 0.000155 -0.009861 0.781076 0.624358
1628061362.346782 -6.488528 30.905162 0.855779 0.001068 -0.010360 0.785718 0.618497
1628061362.457118 -6.489076 30.958965 0.858000 0.001222 -0.009157 0.788124 0.615447
1628061362.547135 -6.477643 31.006781 0.859335 0.001842 -0.009291 0.788682 0.614728
1628061362.647308 -6.490829 31.067221 0.861262 0.001023 -0.010217 0.787512 0.616214
1628061362.747567 -6.487347 31.124849 0.865570 0.000315 -0.010289 0.785635 0.618605
1628061362.848289 -6.502185 31.168265 0.863240 0.000415 -0.009359 0.782471 0.622616
1628061362.947885 -6.507446 31.198534 0.861397 0.000437 -0.009780 0.778988 0.626962
1628061363.048107 -6.507961 31.230858 0.857247 0.001271 -0.010101 0.775390 0.631401
1628061363.148242 -6.516350 31.270463 0.858151 0.001574 -0.009678 0.771115 0.636621
1628061363.249852 -6.527805 31.321573 0.862018 0.000765 -0.010317 0.767224 0.641296
1628061363.348618 -6.541799 31.368564 0.866281 0.001594 -0.009807 0.763093 0.646212
1628061363.448813 -6.538088 31.408066 0.868347 0.003086 -0.008451 0.758875 0.651174
1628061363.550929 -6.537755 31.439398 0.870846 0.002017 -0.009229 0.754744 0.655952
1628061363.649854 -6.543886 31.471612 0.874450 0.003332 -0.009876 0.750719 0.660539
1628061363.749463 -6.556662 31.503513 0.862313 0.003504 -0.010298 0.746728 0.665041
1628061363.849557 -6.563202 31.544836 0.858793 0.001910 -0.010304 0.743218 0.668967
1628061363.949826 -6.582641 31.577786 0.870191 0.000078 -0.011361 0.740544 0.671912
1628061364.053864 -6.583751 31.619555 0.871486 0.000382 -0.010909 0.737877 0.674847
1628061364.150131 -6.589289 31.659956 0.870169 0.000784 -0.009155 0.736436 0.676445
1628061364.250309 -6.588773 31.717700 0.870675 0.001942 -0.008996 0.734454 0.678596
1628061364.350521 -6.598275 31.749059 0.872650 0.001645 -0.009184 0.732822 0.680357
1628061364.450719 -6.593129 31.780190 0.875477 0.002078 -0.009085 0.731545 0.681730
1628061364.550883 -6.601349 31.820976 0.876170 0.001933 -0.010083 0.730224 0.683131
1628061364.651074 -6.610740 31.864702 0.874372 0.002924 -0.009268 0.728692 0.684773
1628061364.751252 -6.609825 31.908344 0.877383 0.003466 -0.008685 0.727500 0.686044
1628061364.851444 -6.605304 31.958335 0.882052 0.003516 -0.010035 0.725686 0.687944
1628061364.951679 -6.626016 32.007693 0.876634 0.002668 -0.011192 0.725077 0.688572
1628061365.051820 -6.623814 32.043947 0.876116 0.001622 -0.013045 0.723288 0.690421
1628061365.151999 -6.620493 32.079762 0.875313 0.002791 -0.013979 0.722185 0.691553
1628061365.252192 -6.616435 32.129738 0.870977 0.001286 -0.012629 0.718530 0.695380
1628061365.352397 -6.605542 32.175301 0.879129 0.001625 -0.010692 0.713730 0.700337
1628061365.452892 -6.589638 32.214218 0.884210 0.003435 -0.010576 0.705910 0.708214
1628061365.552749 -6.569851 32.262768 0.882873 0.003587 -0.010531 0.697796 0.716210
1628061365.653568 -6.569088 32.315970 0.879755 0.003162 -0.011040 0.689635 0.724066
1628061365.754158 -6.576506 32.355805 0.878056 0.003496 -0.011149 0.682411 0.730875
1628061365.853686 -6.602960 32.401615 0.877404 0.004383 -0.009662 0.678545 0.734482
1628061365.953527 -6.619932 32.446610 0.882756 0.004741 -0.007484 0.676481 0.736407
1628061366.053694 -6.626875 32.485703 0.879323 0.004476 -0.006367 0.675708 0.737128
1628061366.153896 -6.642674 32.531148 0.885880 0.003039 -0.005320 0.674725 0.738044
1628061366.254066 -6.650054 32.579767 0.875662 0.001905 -0.006748 0.675190 0.737610
1628061366.354527 -6.655613 32.626835 0.885061 -0.000044 -0.007429 0.676581 0.736330
1628061366.454444 -6.650495 32.662538 0.895420 -0.001191 -0.006809 0.679025 0.734082
1628061366.554641 -6.646703 32.693631 0.896836 0.000936 -0.006030 0.682435 0.730921
1628061366.655456 -6.644214 32.721860 0.896318 0.003058 -0.004737 0.686158 0.727431
1628061366.755042 -6.644614 32.753973 0.894178 0.003926 -0.002981 0.690299 0.723508
1628061366.855224 -6.645349 32.789500 0.888532 0.003420 -0.003481 0.694480 0.719496
1628061366.955427 -6.641577 32.811781 0.884461 0.003167 -0.004533 0.698963 0.715137
1628061367.055577 -6.625236 32.820290 0.884389 0.003692 -0.004375 0.702049 0.712105
1628061367.156776 -6.617997 32.845259 0.888672 0.003745 -0.003898 0.704436 0.709747
1628061367.256230 -6.613735 32.858045 0.897011 0.004474 -0.002530 0.706503 0.707692
1628061367.356169 -6.605199 32.861984 0.897058 0.004213 -0.002114 0.707053 0.707145
1628061367.456352 -6.600525 32.856007 0.900160 0.003835 -0.002998 0.706547 0.707649
1628061367.556517 -6.598898 32.851259 0.892420 0.004229 -0.003492 0.705379 0.708809
1628061367.656780 -6.592411 32.841315 0.888820 0.003839 -0.003747 0.703712 0.710466
1628061367.756902 -6.586045 32.830044 0.893519 0.003753 -0.002831 0.701532 0.712623
1628061367.857078 -6.580461 32.820201 0.892303 0.002894 -0.003373 0.698809 0.715295
1628061367.957291 -6.581903 32.789530 0.895761 0.002917 -0.002356 0.694612 0.719375
1628061368.057453 -6.578888 32.774201 0.895092 0.002726 -0.002542 0.689803 0.723987
1628061368.157662 -6.575978 32.749964 0.894098 0.002617 -0.002567 0.684116 0.729364
1628061368.257827 -6.582889 32.724294 0.893914 0.002113 -0.002423 0.679338 0.733819
1628061368.358026 -6.597942 32.676971 0.894861 0.001902 -0.002769 0.677571 0.735449
1628061368.458216 -6.629665 32.638912 0.887900 0.000104 -0.003713 0.678385 0.734697
1628061368.558475 -6.654070 32.595932 0.886001 -0.001624 -0.005557 0.684043 0.729419
1628061368.658599 -6.669013 32.536818 0.890487 -0.001569 -0.006285 0.692033 0.721837
1628061368.758805 -6.678623 32.476875 0.890161 0.000348 -0.006598 0.701224 0.712910
1628061368.859122 -6.681428 32.436360 0.885846 0.002519 -0.006770 0.711645 0.702502
1628061368.959220 -6.682045 32.379439 0.882102 0.003195 -0.007297 0.723780 0.689985
1628061369.059336 -6.680789 32.322709 0.885013 0.002231 -0.008465 0.735487 0.677482
1628061369.159513 -6.679832 32.267430 0.883085 0.001081 -0.009119 0.747184 0.664553
1628061369.263805 -6.681682 32.209940 0.875049 -0.000691 -0.010873 0.758754 0.651287
1628061369.359908 -6.677494 32.152127 0.877229 -0.000507 -0.010038 0.769549 0.638508
1628061369.460111 -6.674992 32.096839 0.879289 -0.000958 -0.010325 0.781001 0.624444
1628061369.560293 -6.668604 32.035796 0.881139 -0.001292 -0.009628 0.791917 0.610552
1628061369.660459 -6.647428 31.992193 0.886232 -0.000262 -0.010692 0.802033 0.597184
1628061369.760643 -6.638078 31.941472 0.883314 -0.002548 -0.014077 0.811766 0.583807
1628061369.860852 -6.627827 31.889574 0.865467 -0.002718 -0.013620 0.821681 0.569779
1628061369.961030 -6.619433 31.839519 0.865922 -0.003669 -0.011156 0.831604 0.555245
1628061370.061222 -6.589817 31.781802 0.873983 -0.002441 -0.008641 0.841258 0.540560
1628061370.161417 -6.570816 31.745834 0.874774 -0.002014 -0.009156 0.850202 0.526373
1628061370.261587 -6.546962 31.696605 0.877012 -0.002207 -0.009247 0.859487 0.511069
1628061370.362160 -6.518485 31.664294 0.884236 -0.004395 -0.010680 0.867717 0.496925
1628061370.462021 -6.479996 31.625856 0.883365 -0.002514 -0.011107 0.875228 0.483576
1628061370.562156 -6.466506 31.585662 0.877550 -0.002073 -0.010375 0.883051 0.469158
1628061370.662335 -6.446262 31.541234 0.872706 -0.002128 -0.008486 0.890844 0.454225
1628061370.762593 -6.410951 31.490128 0.869425 -0.003075 -0.008597 0.898669 0.438533
1628061370.862710 -6.376786 31.446958 0.870555 -0.001493 -0.008651 0.906083 0.423009
1628061370.963181 -6.349293 31.389824 0.869847 -0.002619 -0.008838 0.913486 0.406766
1628061371.063092 -6.321299 31.353133 0.870099 -0.002405 -0.008511 0.920679 0.390220
1628061371.170781 -6.291496 31.308270 0.872413 -0.003522 -0.008081 0.927909 0.372704
1628061371.263472 -6.243035 31.277053 0.867869 -0.003305 -0.008529 0.934440 0.356004
1628061371.363665 -6.197194 31.250065 0.870712 -0.003677 -0.007756 0.941047 0.338167
1628061371.463867 -6.159833 31.217783 0.873578 -0.004043 -0.007862 0.947354 0.320065
1628061371.568973 -6.116391 31.176679 0.870684 -0.004477 -0.008254 0.953132 0.302410
1628061371.664233 -6.072942 31.138933 0.876700 -0.004643 -0.008769 0.958594 0.284602
1628061371.768434 -6.011033 31.090865 0.874630 -0.002057 -0.010085 0.963099 0.268950
1628061371.864649 -5.923597 31.068558 0.867884 -0.003629 -0.011427 0.965818 0.258942
1628061371.965890 -5.837194 31.034562 0.864020 -0.004145 -0.010872 0.966891 0.254924
1628061372.064984 -5.747426 31.022521 0.861256 -0.002352 -0.008647 0.966449 0.256703
1628061372.165154 -5.668195 31.003158 0.866826 -0.002236 -0.006521 0.965119 0.261720
1628061372.265341 -5.599950 30.981636 0.872700 -0.001946 -0.005671 0.962750 0.270327
1628061372.365541 -5.529746 30.956759 0.873659 -0.002387 -0.007604 0.959789 0.280610
1628061372.465762 -5.478140 30.919956 0.874564 -0.001045 -0.007858 0.956218 0.292549
1628061372.565907 -5.421254 30.885749 0.874004 -0.001998 -0.007125 0.952137 0.305583
1628061372.666092 -5.352658 30.850117 0.862598 -0.002706 -0.007324 0.947657 0.319195
1628061372.767917 -5.305071 30.823433 0.865971 -0.002807 -0.007693 0.942742 0.333423
1628061372.866469 -5.249539 30.794643 0.866735 -0.003487 -0.008290 0.937875 0.346856
1628061372.968306 -5.206359 30.758569 0.868331 -0.004467 -0.008200 0.932096 0.362092
1628061373.066842 -5.162481 30.709188 0.870731 -0.003352 -0.007311 0.926046 0.377324
1628061373.167094 -5.120536 30.659834 0.875547 -0.003689 -0.006983 0.920002 0.391834
1628061373.267242 -5.074088 30.619332 0.874204 -0.003975 -0.007494 0.913357 0.407072
1628061373.367544 -5.038310 30.574402 0.869141 -0.003002 -0.008106 0.906482 0.422156
1628061373.467760 -4.995962 30.521216 0.875055 -0.001529 -0.006463 0.899248 0.437390
1628061373.568230 -4.960818 30.474397 0.871843 -0.002207 -0.006456 0.891798 0.452382
1628061373.668071 -4.903409 30.427763 0.876299 -0.001879 -0.006914 0.884060 0.467318
1628061373.768373 -4.864508 30.383782 0.875262 -0.002717 -0.008199 0.876570 0.481198
1628061373.868461 -4.845022 30.326527 0.866400 -0.003288 -0.008897 0.868508 0.495584
1628061373.968554 -4.819821 30.278185 0.857758 -0.002330 -0.009190 0.860310 0.509683
1628061374.068816 -4.784516 30.224747 0.864474 -0.002976 -0.008476 0.851730 0.523904
1628061374.169029 -4.755921 30.159435 0.865553 -0.002284 -0.008573 0.843088 0.537703
1628061374.269108 -4.713549 30.106282 0.872121 -0.003042 -0.008663 0.834279 0.551266
1628061374.369318 -4.688763 30.056446 0.873127 -0.002872 -0.008716 0.824827 0.565310
1628061374.469676 -4.683006 29.990548 0.869376 -0.002307 -0.008769 0.815311 0.578953
1628061374.570017 -4.659440 29.930215 0.871828 -0.002408 -0.008739 0.806008 0.591835
1628061374.669865 -4.646164 29.870559 0.870677 -0.002475 -0.008632 0.795210 0.606267
1628061374.770072 -4.624731 29.812936 0.877163 -0.002768 -0.008050 0.785487 0.618820
1628061374.870252 -4.597285 29.749373 0.880347 -0.002457 -0.008363 0.776602 0.629931
1628061374.973856 -4.595809 29.691229 0.878875 -0.003002 -0.009450 0.770425 0.637453
1628061375.070616 -4.613489 29.656068 0.878149 -0.002197 -0.008608 0.767727 0.640716
1628061375.170876 -4.624989 29.614993 0.873212 -0.001711 -0.009585 0.769469 0.638609
1628061375.270991 -4.611111 29.570242 0.868054 -0.001616 -0.011630 0.772075 0.635423
1628061375.371169 -4.608687 29.527424 0.866117 -0.000837 -0.011811 0.775212 0.631590
1628061375.471392 -4.605634 29.507871 0.872706 -0.000324 -0.013173 0.777164 0.629160
1628061375.571545 -4.599509 29.488489 0.872889 0.000531 -0.014090 0.777922 0.628203
1628061375.671835 -4.612022 29.483302 0.869223 -0.000007 -0.013823 0.777339 0.628931
1628061375.772926 -4.604946 29.498272 0.857667 -0.000549 -0.014337 0.776097 0.630451
1628061375.872131 -4.608175 29.523580 0.862747 0.000083 -0.013434 0.772877 0.634413
1628061375.972301 -4.608461 29.561437 0.868422 -0.000308 -0.012720 0.768767 0.639402
1628061376.072514 -4.607851 29.609285 0.873903 -0.000881 -0.013463 0.763343 0.645853
1628061376.174384 -4.611315 29.636707 0.870643 -0.000294 -0.014056 0.756076 0.654333
1628061376.272888 -4.622822 29.679990 0.871419 -0.001244 -0.014991 0.747582 0.663999
1628061376.373049 -4.631627 29.740932 0.869232 0.000309 -0.013598 0.737455 0.675260
1628061376.473248 -4.627220 29.796137 0.876303 -0.000076 -0.013395 0.727071 0.686431
1628061376.573459 -4.626420 29.856544 0.872518 0.000416 -0.013727 0.715210 0.698774
1628061376.673923 -4.653180 29.936694 0.865721 -0.000399 -0.014696 0.702980 0.711057
1628061376.775769 -4.669732 30.012855 0.872438 -0.001012 -0.014488 0.690577 0.723113
1628061376.873995 -4.662606 30.088557 0.879721 -0.001197 -0.014185 0.679009 0.733992
1628061376.974319 -4.648595 30.164961 0.876510 0.000601 -0.012651 0.666916 0.745025
1628061377.074433 -4.636344 30.247256 0.873124 0.001258 -0.013902 0.653914 0.756440
1628061377.174805 -4.610199 30.342272 0.875926 0.001411 -0.013297 0.641000 0.767425
1628061377.274790 -4.592086 30.413460 0.876173 0.000003 -0.013160 0.627743 0.778310
1628061377.374990 -4.588675 30.487635 0.878536 -0.001005 -0.013423 0.614718 0.788632
1628061377.475143 -4.585549 30.570197 0.876585 -0.000256 -0.014303 0.603613 0.797149
1628061377.575309 -4.564963 30.656191 0.877543 0.000605 -0.013148 0.595795 0.803029
1628061377.675501 -4.550084 30.740371 0.879789 0.002477 -0.012281 0.589589 0.807606
1628061377.775682 -4.527370 30.823749 0.882461 0.002237 -0.012212 0.585610 0.810498
1628061377.875895 -4.514799 30.883560 0.883631 0.001102 -0.012628 0.580966 0.813829
1628061377.976055 -4.494729 30.944403 0.883148 0.000886 -0.011900 0.576102 0.817291
1628061378.076259 -4.470368 31.010086 0.880836 0.000425 -0.013359 0.569417 0.821940
1628061378.180484 -4.448787 31.068652 0.883374 0.001517 -0.011943 0.562906 0.826433
1628061378.276653 -4.426081 31.121900 0.885218 0.002472 -0.011135 0.555082 0.831718
1628061378.377864 -4.401196 31.180139 0.884175 0.003098 -0.012009 0.546537 0.837343
1628061378.477046 -4.385854 31.239531 0.890353 0.002506 -0.012322 0.537317 0.843286
1628061378.577896 -4.357003 31.290497 0.889502 0.001976 -0.012769 0.528255 0.848988
1628061378.678812 -4.321848 31.356243 0.892798 0.002242 -0.012360 0.520394 0.853834
1628061378.777593 -4.300531 31.414732 0.895711 0.001923 -0.012541 0.515376 0.856871
1628061378.878141 -4.277442 31.471599 0.895640 0.002091 -0.011970 0.514284 0.857534
1628061378.977935 -4.248923 31.524392 0.897864 0.002836 -0.011942 0.515851 0.856591
1628061379.078571 -4.235778 31.575639 0.900497 0.002829 -0.011807 0.518124 0.855220
1628061379.178355 -4.220628 31.618157 0.899009 0.002891 -0.010802 0.522918 0.852310
1628061379.278545 -4.203430 31.659485 0.901257 0.002996 -0.011647 0.528684 0.848734
1628061379.378688 -4.179585 31.724257 0.904382 0.002800 -0.011783 0.535980 0.844144
1628061379.478899 -4.144468 31.777167 0.905454 0.002877 -0.011031 0.542923 0.839705
1628061379.581789 -4.126545 31.827175 0.908463 0.002440 -0.011171 0.550045 0.835057
1628061379.679261 -4.104038 31.874703 0.910656 0.002275 -0.011973 0.557722 0.829938
1628061379.779507 -4.086712 31.914279 0.910326 0.001477 -0.011605 0.564727 0.825195
1628061379.879660 -4.072231 31.956962 0.913462 0.001569 -0.011292 0.571616 0.820442
1628061379.979880 -4.052856 31.997720 0.908431 0.002471 -0.011449 0.578931 0.815293
1628061380.080019 -4.032795 32.048604 0.911449 0.002748 -0.010874 0.585941 0.810276
1628061380.181247 -4.014213 32.092417 0.911296 0.002682 -0.011609 0.592462 0.805510
1628061380.280395 -4.001924 32.133959 0.913153 0.002277 -0.011664 0.598871 0.800757
1628061380.381862 -3.987147 32.188378 0.912571 0.001885 -0.012015 0.605676 0.795618
1628061380.480774 -3.974820 32.239120 0.908529 0.002280 -0.011625 0.611934 0.790820
1628061380.581857 -3.950072 32.300528 0.910551 0.002142 -0.011539 0.618476 0.785716
1628061380.681153 -3.944003 32.350835 0.911092 0.001199 -0.011984 0.624561 0.780883
1628061380.781315 -3.943857 32.395582 0.917715 -0.000167 -0.012143 0.631050 0.775647
1628061380.881517 -3.933987 32.431548 0.916813 0.000581 -0.011495 0.637468 0.770390
1628061380.981738 -3.916752 32.471730 0.917865 -0.000004 -0.012906 0.643143 0.765638
1628061381.081899 -3.901547 32.520267 0.922525 0.000047 -0.012392 0.647359 0.762085
1628061381.182074 -3.889842 32.563217 0.923006 0.000621 -0.011242 0.649933 0.759908
1628061381.282294 -3.882134 32.619192 0.925174 0.000265 -0.010489 0.650530 0.759408
1628061381.382486 -3.889087 32.656759 0.923196 -0.000059 -0.011282 0.649614 0.760180
1628061381.482636 -3.890436 32.694946 0.919526 0.000299 -0.010571 0.648988 0.760725
1628061381.582871 -3.880597 32.729369 0.921211 -0.000611 -0.010619 0.648061 0.761514
1628061381.683031 -3.867308 32.752337 0.920051 -0.000893 -0.011064 0.647215 0.762226
1628061381.783198 -3.872398 32.782640 0.918791 -0.000491 -0.011379 0.646276 0.763019
1628061381.883565 -3.870220 32.803660 0.926153 -0.001141 -0.010915 0.645547 0.763641
1628061381.983603 -3.858915 32.812932 0.928373 -0.001163 -0.010690 0.645097 0.764025
1628061382.083781 -3.852264 32.820870 0.925915 -0.000310 -0.009775 0.644989 0.764130
1628061382.183967 -3.852799 32.831454 0.922052 -0.000767 -0.010680 0.645233 0.763911
1628061382.284301 -3.851039 32.836585 0.919321 -0.000375 -0.011372 0.644688 0.764361
1628061382.384342 -3.852587 32.842136 0.926420 -0.000464 -0.011340 0.645020 0.764081
1628061382.484520 -3.855326 32.825791 0.924964 -0.000342 -0.011721 0.645311 0.763830
1628061382.584766 -3.856194 32.817030 0.918127 0.001023 -0.012623 0.645054 0.764032
1628061382.686980 -3.867517 32.816894 0.925031 0.000847 -0.012421 0.644681 0.764351
1628061382.785079 -3.864992 32.835808 0.921041 0.000084 -0.012986 0.644654 0.764364
1628061382.885269 -3.861273 32.842239 0.922747 0.000870 -0.012659 0.644538 0.764467
1628061382.985533 -3.855900 32.858098 0.924652 0.001275 -0.013879 0.643766 0.765095
1628061383.086096 -3.857615 32.886675 0.927288 0.001567 -0.013290 0.643107 0.765659
1628061383.185894 -3.838774 32.924608 0.929301 0.001684 -0.014427 0.642363 0.766263
1628061383.286096 -3.834886 32.965140 0.934447 0.001679 -0.013347 0.641332 0.767146
1628061383.386217 -3.826299 33.014698 0.926631 0.002991 -0.014575 0.640298 0.767983
1628061383.486408 -3.818479 33.054401 0.930271 0.003011 -0.014240 0.638787 0.769246
1628061383.586604 -3.806341 33.099217 0.931085 0.003375 -0.013561 0.636873 0.770842
1628061383.686830 -3.790550 33.162640 0.929328 0.003204 -0.013501 0.636331 0.771291
1628061383.788096 -3.758574 33.236410 0.932458 0.001913 -0.014227 0.638149 0.769779
1628061383.887665 -3.743517 33.305393 0.934237 0.001269 -0.015179 0.640815 0.767545
1628061383.987720 -3.732182 33.355985 0.937026 0.000576 -0.014311 0.645346 0.763756
1628061384.087831 -3.724012 33.401858 0.936349 0.000425 -0.013541 0.650126 0.759705
1628061384.188096 -3.711344 33.445022 0.937460 0.001613 -0.011808 0.655260 0.755309
1628061384.288714 -3.705238 33.484633 0.937839 0.001242 -0.011809 0.659804 0.751344
1628061384.388459 -3.712461 33.505298 0.937248 0.001253 -0.009675 0.662474 0.749021
1628061384.489881 -3.736562 33.511440 0.940254 0.000595 -0.008331 0.664184 0.747523
1628061384.588681 -3.752000 33.520186 0.939026 0.000601 -0.007563 0.663492 0.748145
1628061384.688845 -3.755038 33.514043 0.938215 0.001388 -0.008131 0.662380 0.749123
1628061384.789090 -3.761349 33.479227 0.942067 0.001150 -0.008645 0.659954 0.751255
1628061384.889037 -3.769779 33.464983 0.929832 0.001865 -0.008197 0.655946 0.754761
1628061384.989227 -3.775882 33.435475 0.935281 0.000364 -0.008777 0.650872 0.759137
1628061385.089562 -3.785777 33.380381 0.935610 0.000190 -0.009691 0.644047 0.764925
1628061385.189606 -3.795726 33.316954 0.936877 0.000626 -0.008541 0.636146 0.771521
1628061385.289786 -3.810131 33.261947 0.932538 0.000937 -0.009314 0.627360 0.778673
1628061385.390099 -3.835977 33.211723 0.933930 0.000663 -0.010032 0.616592 0.787219
1628061385.490189 -3.870503 33.149882 0.931744 0.001367 -0.009041 0.605078 0.796114
1628061385.590352 -3.895802 33.078301 0.933085 0.002363 -0.008035 0.592665 0.805405
1628061385.690583 -3.909145 33.019033 0.932990 0.003189 -0.008584 0.579535 0.814896
1628061385.791109 -3.924253 32.956762 0.933724 0.002744 -0.008065 0.566406 0.824082
1628061385.891224 -3.942964 32.886014 0.930012 0.002341 -0.007980 0.553127 0.833056
1628061385.991118 -3.971525 32.809804 0.924252 0.001704 -0.008927 0.540996 0.840976
1628061386.093150 -4.000138 32.757773 0.918011 0.001681 -0.008910 0.528835 0.848676
1628061386.191478 -3.998796 32.686591 0.922428 0.002505 -0.008469 0.520783 0.853643
1628061386.291674 -3.985170 32.610093 0.920296 0.003315 -0.007441 0.518770 0.854875
1628061386.391867 -3.998484 32.551231 0.922311 0.002530 -0.008165 0.521957 0.852929
1628061386.492047 -4.022755 32.491374 0.915634 0.002033 -0.009065 0.528248 0.849039
1628061386.592248 -4.060885 32.443687 0.913493 0.001420 -0.008363 0.533854 0.845534
1628061386.692442 -4.105550 32.379915 0.910052 0.001408 -0.008250 0.540167 0.841517
1628061386.792614 -4.138265 32.312127 0.912223 0.002078 -0.008494 0.546431 0.837458
1628061386.892839 -4.174815 32.225438 0.908149 0.003144 -0.008326 0.552487 0.833474
1628061386.993032 -4.194552 32.152511 0.904463 0.003810 -0.008006 0.558700 0.829322
1628061387.093567 -4.224134 32.083142 0.899679 0.003173 -0.009589 0.563846 0.825818
1628061387.193366 -4.241719 32.022973 0.906942 0.002315 -0.008667 0.569124 0.822203
1628061387.296170 -4.259954 31.967084 0.901377 0.001274 -0.009877 0.575208 0.817946
1628061387.394095 -4.291211 31.900077 0.898555 0.001906 -0.010407 0.580059 0.814506
1628061387.493929 -4.316855 31.826677 0.899612 0.002483 -0.009816 0.585614 0.810527
1628061387.594108 -4.329913 31.764542 0.894683 0.003372 -0.008775 0.591822 0.806014
1628061387.694370 -4.342076 31.713036 0.889685 0.003819 -0.009778 0.597832 0.801552
1628061387.794503 -4.361072 31.654476 0.895312 0.002554 -0.009618 0.603710 0.797142
1628061387.894730 -4.383972 31.584151 0.895068 0.001750 -0.009572 0.609193 0.792962
1628061387.994866 -4.403386 31.507113 0.891998 0.001204 -0.010251 0.614944 0.788503
1628061388.095061 -4.420596 31.453142 0.889577 0.001386 -0.010397 0.621319 0.783488
1628061388.195262 -4.422972 31.398306 0.895046 0.001374 -0.009815 0.628067 0.778096
1628061388.295476 -4.430321 31.347445 0.890503 0.001444 -0.009730 0.634705 0.772692
1628061388.395614 -4.446226 31.292274 0.893743 0.001351 -0.009839 0.642045 0.766603
1628061388.495811 -4.459487 31.230879 0.888768 0.001475 -0.010107 0.649987 0.759877
1628061388.596001 -4.458025 31.178573 0.889228 0.000387 -0.010175 0.657019 0.753805
1628061388.696224 -4.474156 31.129542 0.884945 0.000592 -0.009944 0.663292 0.748294
1628061388.796444 -4.519160 31.065697 0.881877 0.000278 -0.011422 0.667538 0.744488
1628061388.896591 -4.543112 30.996972 0.881592 0.000292 -0.011983 0.671112 0.741259
1628061388.996742 -4.554478 30.933146 0.881557 0.000795 -0.011254 0.672715 0.739815
1628061389.097851 -4.558319 30.875689 0.880109 0.000801 -0.011418 0.674134 0.738520
1628061389.197148 -4.553050 30.848632 0.873719 0.002750 -0.012574 0.674302 0.738343
1628061389.297308 -4.554609 30.827928 0.878032 0.003163 -0.013468 0.673576 0.738989
1628061389.397879 -4.555120 30.814060 0.872861 0.004154 -0.014784 0.673271 0.739236
1628061389.497690 -4.559811 30.805038 0.881426 0.003994 -0.015212 0.673104 0.739381
1628061389.597917 -4.559692 30.807239 0.883508 0.003004 -0.014170 0.673637 0.738921
1628061389.698215 -4.550004 30.825579 0.882165 0.002887 -0.013709 0.674800 0.737868
1628061389.798256 -4.542831 30.852970 0.884033 0.002663 -0.014764 0.676864 0.735955
1628061389.898459 -4.545947 30.876760 0.882564 0.002894 -0.013325 0.680413 0.732702
1628061389.998684 -4.515153 30.914912 0.882503 0.003086 -0.013108 0.685656 0.727801
1628061390.098820 -4.500265 30.958954 0.885477 0.002087 -0.013959 0.692287 0.721484
1628061390.199005 -4.497520 31.014508 0.888340 0.002337 -0.012900 0.700092 0.713933
1628061390.299232 -4.486196 31.081195 0.890783 0.002477 -0.012173 0.708884 0.705216
1628061390.399390 -4.495379 31.149232 0.884242 0.003327 -0.012376 0.717504 0.696436
1628061390.499566 -4.528043 31.211566 0.882659 0.003494 -0.012324 0.721349 0.692453
1628061390.599751 -4.576425 31.278818 0.887502 0.003968 -0.011858 0.719494 0.694386
1628061390.699949 -4.611185 31.339586 0.890357 0.002742 -0.012287 0.713270 0.700777
1628061390.800150 -4.635867 31.409052 0.892813 0.001975 -0.012413 0.703520 0.710564
1628061390.900839 -4.633590 31.489307 0.891862 0.001693 -0.013056 0.692108 0.721674
1628061391.000512 -4.638000 31.566309 0.892472 0.001823 -0.012968 0.679552 0.733511
1628061391.100772 -4.627491 31.651016 0.897156 0.000829 -0.012817 0.666442 0.745447
1628061391.200879 -4.623900 31.718880 0.894017 0.002576 -0.011926 0.652567 0.757633
1628061391.301545 -4.609844 31.799641 0.896515 0.004038 -0.011618 0.637799 0.770104
1628061391.401293 -4.594780 31.857963 0.899366 0.002201 -0.012476 0.624088 0.781252
1628061391.501863 -4.583543 31.919592 0.899364 0.001446 -0.011991 0.609942 0.792354
1628061391.601665 -4.571849 31.974725 0.900168 0.001137 -0.011991 0.596286 0.802682
1628061391.703499 -4.544506 32.034980 0.898700 0.001985 -0.011669 0.582659 0.812631
1628061391.802229 -4.527485 32.064011 0.904711 0.001744 -0.011385 0.569251 0.822083
1628061391.902771 -4.513350 32.115460 0.903597 0.002843 -0.010899 0.556828 0.830551
1628061392.002476 -4.471494 32.168615 0.900300 0.002872 -0.011042 0.546478 0.837396
1628061392.102603 -4.419747 32.232401 0.904997 0.002933 -0.010028 0.541948 0.840347
1628061392.202773 -4.370516 32.288385 0.907326 0.002700 -0.009649 0.540463 0.841308
1628061392.302964 -4.345034 32.338035 0.907670 0.003020 -0.010085 0.541058 0.840919
1628061392.403152 -4.334850 32.375800 0.906454 0.003559 -0.009693 0.543135 0.839582
1628061392.503333 -4.313577 32.417955 0.912973 0.002283 -0.009266 0.546922 0.837129
1628061392.603907 -4.296191 32.448679 0.915631 0.001698 -0.010035 0.550363 0.834863
1628061392.703703 -4.278965 32.500519 0.908733 0.001985 -0.010539 0.554950 0.831814
1628061392.804007 -4.277525 32.535908 0.907930 0.001791 -0.010541 0.558942 0.829138
1628061392.904090 -4.260013 32.561583 0.908803 0.001959 -0.011072 0.563258 0.826205
1628061393.004301 -4.230214 32.591743 0.912682 0.002093 -0.010817 0.566849 0.823748
1628061393.104466 -4.222961 32.626350 0.916291 0.001814 -0.010777 0.570746 0.821054
1628061393.204657 -4.225277 32.649921 0.917992 0.001872 -0.011570 0.573411 0.819184
1628061393.304846 -4.215577 32.685203 0.920571 0.001610 -0.011324 0.574580 0.818369
1628061393.405621 -4.195498 32.713263 0.916130 0.002456 -0.011126 0.575676 0.817598
1628061393.505223 -4.191465 32.759014 0.916461 0.002343 -0.011774 0.575256 0.817885
1628061393.605472 -4.195928 32.802872 0.920248 0.002336 -0.011425 0.573913 0.818833
1628061393.705594 -4.182569 32.831632 0.922855 0.001903 -0.011512 0.572487 0.819830
1628061393.805783 -4.163523 32.852972 0.918892 0.002205 -0.010916 0.570660 0.821111
1628061393.905961 -4.154404 32.878404 0.918266 0.002769 -0.010967 0.568654 0.822499
1628061394.006167 -4.139614 32.909853 0.919377 0.003186 -0.012194 0.566047 0.824277
1628061394.106343 -4.122019 32.951947 0.925121 0.002387 -0.012663 0.563994 0.825678
1628061394.206557 -4.109749 33.000737 0.923421 0.003345 -0.013153 0.562506 0.826682
1628061394.306717 -4.099235 33.042445 0.919696 0.004066 -0.013411 0.560706 0.827896
1628061394.406914 -4.089183 33.072603 0.924627 0.003651 -0.012776 0.558978 0.829076
1628061394.507097 -4.081378 33.098517 0.928129 0.002905 -0.013226 0.557843 0.829836
1628061394.607298 -4.063317 33.134105 0.931393 0.002475 -0.013272 0.556900 0.830470
1628061394.707489 -4.046298 33.167300 0.930059 0.003510 -0.012893 0.556300 0.830874
1628061394.807664 -4.034827 33.203984 0.930168 0.003761 -0.013115 0.556202 0.830935
1628061394.908185 -4.019768 33.239866 0.932214 0.003247 -0.013208 0.556186 0.830946
1628061395.008032 -4.005367 33.272372 0.929446 0.003861 -0.013376 0.555671 0.831286
1628061395.108239 -3.990890 33.308667 0.931453 0.002880 -0.013780 0.555949 0.831097
1628061395.208436 -3.974445 33.335460 0.932497 0.003493 -0.012567 0.555558 0.831375
1628061395.308603 -3.959177 33.379184 0.930295 0.003899 -0.013558 0.555450 0.831430
1628061395.408801 -3.946033 33.418840 0.934724 0.003936 -0.013058 0.555411 0.831464
1628061395.508972 -3.924835 33.455460 0.928431 0.005265 -0.013187 0.555620 0.831315
1628061395.609182 -3.897056 33.501390 0.932137 0.004694 -0.011854 0.555229 0.831600
1628061395.709385 -3.873668 33.556249 0.935327 0.003902 -0.013793 0.554998 0.831728
1628061395.809770 -3.855093 33.601853 0.940555 0.004086 -0.011492 0.555252 0.831593
1628061395.909819 -3.842006 33.639070 0.937829 0.004486 -0.011433 0.554716 0.831949
1628061396.010204 -3.838936 33.683925 0.937105 0.003563 -0.011960 0.554287 0.832232
1628061396.110148 -3.816225 33.728124 0.943630 0.001843 -0.012597 0.553719 0.832606
1628061396.210382 -3.799625 33.776408 0.943537 0.001373 -0.013294 0.553597 0.832678
1628061396.310475 -3.781722 33.833614 0.943969 0.001215 -0.012745 0.553476 0.832767
1628061396.410671 -3.757416 33.893262 0.940479 0.002302 -0.012050 0.553769 0.832580
1628061396.510865 -3.738430 33.941479 0.941564 0.002956 -0.010723 0.553584 0.832719
1628061396.613503 -3.713054 34.008122 0.945066 0.002057 -0.011988 0.553697 0.832629
1628061396.711257 -3.692433 34.054435 0.947707 0.001631 -0.013067 0.553670 0.832632
1628061396.812435 -3.661316 34.102224 0.950753 0.001276 -0.011429 0.553239 0.832943
1628061396.911608 -3.639255 34.160225 0.953285 0.001154 -0.011908 0.552623 0.833345
1628061397.011804 -3.617170 34.205047 0.955376 0.000757 -0.012656 0.552289 0.833556
1628061397.111998 -3.591475 34.264417 0.955402 0.001789 -0.012350 0.550941 0.834451
1628061397.212172 -3.574766 34.330770 0.953907 0.001919 -0.013636 0.550959 0.834419
1628061397.312358 -3.546997 34.392693 0.958949 0.001606 -0.014578 0.551016 0.834365
1628061397.414001 -3.528536 34.445565 0.957350 0.002181 -0.012878 0.550088 0.835004
1628061397.512743 -3.514712 34.489391 0.959248 0.002077 -0.012960 0.549774 0.835210
1628061397.709249 -3.469059 34.572804 0.962091 0.002158 -0.013156 0.548913 0.835773
1628061397.809555 -3.439281 34.625843 0.960492 0.001970 -0.013816 0.548623 0.835953
1628061397.813973 -3.442023 34.627914 0.959938 0.001954 -0.013745 0.548634 0.835947
1628061397.913506 -3.414498 34.704139 0.964148 0.001002 -0.012965 0.548113 0.836303
1628061398.014229 -3.397493 34.790046 0.964088 0.001906 -0.013021 0.547527 0.836685
1628061398.113884 -3.373057 34.845823 0.964999 0.002387 -0.012053 0.547555 0.836679
1628061398.214097 -3.342974 34.883134 0.966978 0.001861 -0.012644 0.547295 0.836842
1628061398.314302 -3.317746 34.926471 0.967129 0.001955 -0.012777 0.547041 0.837006
1628061398.415965 -3.296208 34.983930 0.969091 0.001431 -0.012713 0.546837 0.837141
1628061398.516672 -3.276406 35.045562 0.974875 0.001539 -0.012909 0.546961 0.837057
1628061398.614808 -3.250273 35.118374 0.975424 0.001286 -0.013082 0.546637 0.837266
1628061398.715048 -3.228220 35.172547 0.972192 0.001728 -0.013592 0.546670 0.837236
1628061398.815188 -3.214735 35.214510 0.974332 0.001631 -0.013193 0.546453 0.837384
1628061398.915387 -3.185683 35.277811 0.981935 0.000956 -0.014132 0.546904 0.837076
1628061399.015579 -3.156554 35.336734 0.982884 0.001546 -0.014108 0.547320 0.836803
1628061399.115757 -3.141770 35.392772 0.981863 0.002220 -0.014243 0.547600 0.836616
1628061399.216026 -3.114801 35.439328 0.981846 0.002024 -0.013307 0.548524 0.836027
1628061399.316133 -3.086121 35.490653 0.981429 0.001883 -0.013043 0.549711 0.835251
1628061399.416310 -3.066973 35.543671 0.988959 0.000992 -0.013364 0.551076 0.834348
1628061399.516528 -3.043436 35.592439 0.986859 0.001451 -0.013061 0.553217 0.832934
1628061399.616684 -3.026374 35.654149 0.984973 0.002005 -0.013794 0.554210 0.832260
1628061399.716921 -3.007002 35.700244 0.986742 0.002006 -0.013618 0.555824 0.831186
1628061399.817071 -2.988567 35.757741 0.991212 0.001826 -0.014466 0.557099 0.830318
1628061399.917277 -2.961686 35.805380 0.987487 0.002434 -0.013843 0.557792 0.829862
1628061400.017434 -2.940565 35.856664 0.994671 0.001229 -0.013267 0.558477 0.829413
1628061400.117809 -2.917282 35.907359 0.994687 0.001620 -0.014502 0.559242 0.828876
1628061400.222837 -2.901400 35.955419 0.995558 0.000708 -0.014155 0.559342 0.828816
1628061400.318012 -2.880820 36.008152 0.996438 0.000799 -0.014490 0.559514 0.828694
1628061400.418202 -2.862796 36.066548 0.997013 0.001901 -0.014697 0.559865 0.828451
1628061400.518409 -2.851605 36.113849 0.995963 0.002145 -0.014603 0.560319 0.828145
1628061400.618608 -2.826415 36.160985 1.000220 0.002006 -0.014330 0.560668 0.827914
1628061400.718787 -2.803339 36.214707 1.004593 0.001523 -0.015438 0.560996 0.827673
1628061400.819594 -2.778360 36.260822 1.004708 0.001686 -0.015058 0.561263 0.827499
1628061400.919147 -2.759411 36.303943 1.007461 0.001398 -0.014382 0.561406 0.827414
1628061401.024683 -2.740618 36.353093 1.009349 0.001312 -0.014218 0.562047 0.826982
1628061401.119531 -2.725817 36.406111 1.007102 0.000711 -0.014292 0.562798 0.826471
1628061401.219901 -2.706567 36.446348 1.011530 -0.000202 -0.014281 0.562544 0.826644
1628061401.319914 -2.693808 36.486266 1.013714 0.000422 -0.013766 0.563827 0.825778
1628061401.420076 -2.671688 36.531292 1.009808 0.001403 -0.013717 0.564518 0.825305
1628061401.520283 -2.650477 36.577726 1.015855 0.000788 -0.014161 0.566505 0.823936
1628061401.620559 -2.628114 36.634146 1.016492 0.001342 -0.014992 0.568502 0.822544
1628061401.720674 -2.612066 36.692858 1.016690 0.000963 -0.015144 0.570570 0.821109
1628061401.820860 -2.600447 36.744611 1.023708 0.000260 -0.014960 0.573086 0.819359
1628061401.921028 -2.577494 36.791972 1.028051 -0.000219 -0.015075 0.575097 0.817947
1628061402.021241 -2.557801 36.825644 1.019951 0.000879 -0.015163 0.577666 0.816132
1628061402.121388 -2.545764 36.876714 1.022386 0.000030 -0.015183 0.580502 0.814117
1628061402.221803 -2.529287 36.937784 1.022631 0.000300 -0.015895 0.583056 0.812276
1628061402.321779 -2.508829 36.996613 1.024330 0.000457 -0.015240 0.585509 0.810522
1628061402.421962 -2.494465 37.042430 1.028374 0.000600 -0.015880 0.587952 0.808740
1628061402.522157 -2.481768 37.085378 1.029842 0.000762 -0.015906 0.589094 0.807908
1628061402.622347 -2.464661 37.134009 1.030408 0.000332 -0.016100 0.589892 0.807321
1628061402.722538 -2.445702 37.185143 1.027980 0.000452 -0.015037 0.590222 0.807100
1628061402.823256 -2.425059 37.237190 1.031334 0.000099 -0.014600 0.590184 0.807137
1628061402.922931 -2.394842 37.293609 1.028608 0.000427 -0.014039 0.589305 0.807789
1628061403.023119 -2.381580 37.328835 1.027737 0.000223 -0.014624 0.588378 0.808453
1628061403.123270 -2.368715 37.379043 1.034899 -0.000015 -0.015547 0.587435 0.809122
1628061403.223463 -2.357640 37.434101 1.036499 0.000529 -0.015397 0.586761 0.809614
1628061403.323658 -2.338693 37.484553 1.036196 0.001202 -0.015653 0.585689 0.810384
1628061403.423836 -2.321735 37.540663 1.040678 0.001026 -0.016242 0.584679 0.811102
1628061403.524040 -2.307848 37.594071 1.037010 0.001103 -0.015653 0.583639 0.811862
1628061403.624217 -2.299921 37.638230 1.038358 0.001096 -0.015455 0.582974 0.812343
1628061403.724418 -2.280149 37.683906 1.040618 0.001185 -0.015983 0.582514 0.812662
1628061403.826456 -2.245439 37.725116 1.040952 0.001340 -0.015702 0.582317 0.812809
1628061403.924776 -2.232682 37.766955 1.043770 0.001297 -0.015773 0.582065 0.812988
1628061404.024988 -2.225587 37.812432 1.045424 0.000699 -0.016179 0.582594 0.812602
1628061404.125153 -2.218358 37.869248 1.044339 0.001119 -0.015931 0.583879 0.811684
1628061404.226587 -2.196870 37.911809 1.045966 0.001972 -0.015583 0.585724 0.810359
1628061404.325536 -2.181892 37.960783 1.049001 0.002253 -0.016388 0.588813 0.808100
1628061404.426043 -2.172390 38.000008 1.050534 0.002053 -0.016410 0.593022 0.805016
1628061404.525922 -2.154694 38.039071 1.050962 0.001845 -0.016042 0.597721 0.801542
1628061404.630166 -2.136087 38.087786 1.052305 0.001859 -0.016422 0.603509 0.797185
1628061404.726279 -2.140499 38.149411 1.056241 0.001065 -0.015494 0.609323 0.792770
1628061404.826555 -2.122560 38.213253 1.055080 0.001092 -0.015122 0.614674 0.788636
1628061404.926663 -2.113336 38.272116 1.052527 0.000598 -0.014980 0.621506 0.783266
1628061405.027187 -2.107952 38.303174 1.059622 -0.000153 -0.015481 0.627572 0.778405
1628061405.127052 -2.091881 38.337430 1.056152 0.000395 -0.013995 0.634051 0.773164
1628061405.227241 -2.073022 38.389900 1.052746 0.001884 -0.014232 0.641118 0.767308
1628061405.327422 -2.061035 38.441948 1.056322 0.001456 -0.014786 0.647209 0.762168
1628061405.427668 -2.050502 38.491720 1.058287 0.001292 -0.015350 0.654013 0.756327
1628061405.527801 -2.048366 38.526380 1.057831 0.001478 -0.015402 0.660084 0.751032
1628061405.628009 -2.040496 38.572990 1.059649 -0.000159 -0.015181 0.666502 0.745348
1628061405.728177 -2.038454 38.614733 1.062730 -0.000365 -0.014714 0.672886 0.739600
1628061405.829277 -2.038184 38.674397 1.061336 0.000108 -0.015122 0.679032 0.733953
1628061405.928571 -2.033548 38.726018 1.059800 -0.000372 -0.014521 0.685861 0.727588
1628061406.028757 -2.031981 38.781756 1.065567 -0.001164 -0.013922 0.692718 0.721073
1628061406.128935 -2.026308 38.840740 1.069279 -0.000304 -0.014060 0.699438 0.714555
1628061406.229256 -2.021857 38.893228 1.066867 -0.000275 -0.013767 0.706060 0.708018
1628061406.329348 -2.019848 38.919639 1.064499 -0.000209 -0.014026 0.712517 0.701515
1628061406.432058 -2.021162 38.973157 1.059557 -0.000477 -0.012911 0.720307 0.693535
1628061406.529947 -2.013458 39.030482 1.063940 -0.000851 -0.013602 0.727021 0.686480
1628061406.629879 -2.028680 39.087539 1.071392 -0.001824 -0.014547 0.735417 0.677457
1628061406.730049 -2.035772 39.133658 1.070942 -0.001952 -0.014252 0.743217 0.668896
1628061406.830427 -2.032814 39.177175 1.066222 -0.001637 -0.013306 0.751527 0.659566
1628061406.930472 -2.040043 39.224880 1.070260 -0.001858 -0.013777 0.759748 0.650069
1628061407.030643 -2.044903 39.269212 1.073133 -0.001903 -0.013541 0.768001 0.640302
1628061407.130831 -2.056553 39.319646 1.075536 -0.002298 -0.013707 0.776618 0.629818
1628061407.231058 -2.071749 39.367918 1.071522 -0.001511 -0.012978 0.784180 0.620396
1628061407.331191 -2.069267 39.420799 1.073806 -0.001807 -0.012904 0.792519 0.609708
1628061407.431385 -2.080097 39.472509 1.071376 -0.002246 -0.013118 0.800438 0.599268
1628061407.531573 -2.093587 39.515459 1.071490 -0.002052 -0.013717 0.808279 0.588636
1628061407.631753 -2.111850 39.560156 1.074746 -0.002873 -0.014379 0.816458 0.577218
1628061407.731960 -2.129277 39.637954 1.070857 -0.002106 -0.013029 0.824815 0.565249
1628061407.834764 -2.151870 39.690640 1.073910 -0.002011 -0.012372 0.832737 0.553527
1628061407.932322 -2.175006 39.739975 1.072903 -0.001908 -0.012993 0.840578 0.541532
1628061408.032622 -2.185576 39.768160 1.068249 -0.002578 -0.011076 0.848455 0.529145
1628061408.132692 -2.211818 39.816273 1.074242 -0.003355 -0.011793 0.855958 0.516900
1628061408.232902 -2.243594 39.874006 1.078355 -0.003960 -0.011945 0.863349 0.504450
1628061408.333094 -2.273593 39.919224 1.075713 -0.003684 -0.012155 0.870534 0.491944
1628061408.433530 -2.286672 39.949499 1.076507 -0.003617 -0.012880 0.877759 0.478916
1628061408.533447 -2.308070 39.984858 1.074276 -0.003517 -0.012076 0.884872 0.465665
1628061408.633908 -2.340236 40.022217 1.076903 -0.004159 -0.011867 0.891550 0.452747
1628061408.733837 -2.366945 40.060133 1.075668 -0.003613 -0.011732 0.898375 0.439058
1628061408.834017 -2.396487 40.102987 1.077125 -0.004010 -0.011422 0.904985 0.425271
1628061408.934206 -2.419721 40.160571 1.073810 -0.003966 -0.010839 0.911886 0.410281
1628061409.034788 -2.444351 40.205777 1.074843 -0.004265 -0.010814 0.918135 0.396097
1628061409.134586 -2.473696 40.242265 1.075098 -0.005260 -0.010640 0.924497 0.381005
1628061409.234783 -2.512322 40.268630 1.075462 -0.005085 -0.011652 0.930357 0.366435
1628061409.335021 -2.567121 40.303002 1.067397 -0.004578 -0.010650 0.936767 0.349762
1628061409.435193 -2.626923 40.336756 1.071572 -0.004401 -0.010132 0.942664 0.333560
1628061409.535413 -2.667145 40.365115 1.074667 -0.004988 -0.010952 0.948425 0.316773
1628061409.635519 -2.689811 40.402537 1.071752 -0.004744 -0.010459 0.953653 0.300689
1628061409.735771 -2.713402 40.431057 1.073470 -0.005522 -0.010315 0.958832 0.283733
1628061409.835900 -2.717399 40.459194 1.072779 -0.005672 -0.010333 0.963337 0.268035
1628061409.936072 -2.749133 40.474889 1.068675 -0.005548 -0.009914 0.967930 0.250963
1628061410.036613 -2.779505 40.479051 1.068268 -0.005926 -0.009952 0.972279 0.233536
1628061410.136450 -2.837378 40.507381 1.068969 -0.006877 -0.009288 0.976240 0.216385
1628061410.237468 -2.899343 40.520186 1.066835 -0.006473 -0.008464 0.980044 0.198497
1628061410.336947 -2.946144 40.525706 1.057866 -0.004331 -0.006514 0.983423 0.181159
1628061410.437082 -2.981266 40.558220 1.058093 -0.005054 -0.006683 0.986574 0.163097
1628061410.537206 -3.030860 40.573690 1.065992 -0.006640 -0.008573 0.989178 0.146316
1628061410.637414 -3.072756 40.594188 1.063186 -0.006761 -0.008336 0.991630 0.128665
1628061410.737582 -3.102494 40.621459 1.063435 -0.006336 -0.009441 0.993650 0.111938
1628061410.840245 -3.148083 40.632406 1.067058 -0.007056 -0.009627 0.995529 0.093700
1628061410.938120 -3.199518 40.632605 1.064059 -0.007670 -0.009473 0.996908 0.077629
1628061411.038228 -3.258314 40.628129 1.064944 -0.007881 -0.008234 0.998153 0.059665
1628061411.138415 -3.306034 40.646415 1.060493 -0.006858 -0.007292 0.999034 0.042783
1628061411.238743 -3.339204 40.665712 1.061992 -0.007738 -0.006647 0.999610 0.025988
1628061411.340739 -3.391685 40.676439 1.059512 -0.007846 -0.006805 0.999914 0.007947
1628061411.438901 -3.448997 40.710505 1.060746 -0.008613 -0.007346 0.999884 -0.010198
1628061411.539100 -3.510334 40.740018 1.058070 -0.008146 -0.006882 0.999522 -0.029020
1628061411.639274 -3.546429 40.740248 1.065889 -0.010198 -0.006988 0.998821 -0.046955
1628061411.740206 -3.585932 40.732154 1.066042 -0.010286 -0.007743 0.997819 -0.064745
1628061411.840212 -3.605662 40.717609 1.062289 -0.009094 -0.006246 0.996539 -0.082386
1628061411.940325 -3.647993 40.727505 1.065561 -0.010384 -0.007364 0.994985 -0.099211
1628061412.040039 -3.716321 40.743018 1.059526 -0.008615 -0.006636 0.993081 -0.116925
1628061412.140372 -3.781760 40.732341 1.057815 -0.009182 -0.006558 0.990916 -0.134005
1628061412.240437 -3.814656 40.698711 1.064477 -0.011115 -0.005880 0.988268 -0.152208
1628061412.340594 -3.834456 40.695216 1.056992 -0.009969 -0.005236 0.985363 -0.170094
1628061412.440782 -3.876357 40.688945 1.057370 -0.009563 -0.004529 0.982197 -0.187555
1628061412.540978 -3.906727 40.676546 1.050318 -0.009004 -0.005312 0.978522 -0.205879
1628061412.641174 -3.950504 40.641799 1.057304 -0.011190 -0.005837 0.974645 -0.223401
1628061412.741870 -4.001850 40.620424 1.052261 -0.010751 -0.005536 0.970443 -0.241025
1628061412.841533 -4.063099 40.607741 1.053560 -0.010127 -0.004658 0.966010 -0.258266
1628061412.942728 -4.126237 40.596605 1.052932 -0.010561 -0.004161 0.961216 -0.275563
1628061413.042542 -4.165678 40.588200 1.048697 -0.011017 -0.004774 0.956035 -0.293005
1628061413.144188 -4.191722 40.577120 1.047294 -0.010773 -0.004209 0.950559 -0.310329
1628061413.242294 -4.217049 40.529864 1.045637 -0.010786 -0.003704 0.944664 -0.327840
1628061413.342486 -4.248087 40.488713 1.043252 -0.010353 -0.003688 0.938512 -0.345072
1628061413.442663 -4.293592 40.475943 1.040248 -0.009884 -0.003662 0.931542 -0.363481
1628061413.542901 -4.343312 40.466371 1.041731 -0.011687 -0.004099 0.924816 -0.380214
1628061413.643046 -4.399482 40.430236 1.042086 -0.010759 -0.004108 0.918188 -0.395976
1628061413.743227 -4.439077 40.393595 1.040950 -0.010887 -0.003325 0.911160 -0.411896
1628061413.843444 -4.453328 40.353615 1.039905 -0.011414 -0.002713 0.903473 -0.428484
1628061413.944831 -4.461089 40.298453 1.035195 -0.010178 -0.002341 0.895665 -0.444606
1628061414.043828 -4.496237 40.274831 1.034936 -0.011876 -0.002612 0.888058 -0.459571
1628061414.144134 -4.548577 40.257981 1.034627 -0.011055 -0.002162 0.879127 -0.476455
1628061414.244167 -4.592857 40.225344 1.030524 -0.010621 -0.002963 0.870523 -0.492003
1628061414.344355 -4.607947 40.177222 1.030186 0.009857 0.003080 -0.860918 0.508640
1628061414.444582 -4.617030 40.118809 1.034019 0.011313 0.001985 -0.850974 0.525082
1628061414.545836 -4.634714 40.085160 1.034614 0.011768 0.001374 -0.840886 0.541082
1628061414.644960 -4.653994 40.043812 1.027727 0.012494 0.000999 -0.830401 0.557025
1628061414.745867 -4.675761 39.985486 1.029235 0.012859 0.001025 -0.819989 0.572234
1628061414.845461 -4.710442 39.944297 1.027875 0.013712 0.001082 -0.810177 0.586024
1628061414.947248 -4.720112 39.907114 1.028497 0.011899 0.001087 -0.799814 0.600130
1628061415.045687 -4.736817 39.869469 1.031179 0.012449 -0.000173 -0.788399 0.615039
1628061415.146154 -4.754929 39.827898 1.024160 0.012158 0.000439 -0.777146 0.629203
1628061415.246063 -4.771655 39.768215 1.025770 0.012756 0.000068 -0.765270 0.643583
1628061415.346322 -4.792567 39.686068 1.025191 0.012949 -0.000899 -0.753977 0.656772
1628061415.446685 -4.818031 39.644379 1.023520 0.011145 -0.001119 -0.741906 0.670410
1628061415.547649 -4.831003 39.604756 1.020643 0.012040 -0.001568 -0.728483 0.684957
1628061415.646829 -4.820138 39.587679 1.019965 0.012550 -0.001774 -0.715250 0.698753
1628061415.747026 -4.821723 39.539315 1.021757 0.012881 -0.002033 -0.703266 0.710807
1628061415.847181 -4.831479 39.485330 1.019296 0.011309 -0.001329 -0.692898 0.720945
1628061415.949949 -4.828650 39.429372 1.017424 0.012395 -0.002320 -0.683731 0.729625
1628061416.047591 -4.838854 39.363504 1.015298 0.010775 -0.001319 -0.675512 0.737269
1628061416.147950 -4.843751 39.299050 1.017184 0.011486 -0.002540 -0.668439 0.743674
1628061416.247951 -4.857647 39.247569 1.015309 0.011523 -0.002672 -0.663519 0.748066
1628061416.349487 -4.870801 39.184303 1.011721 0.011994 -0.002629 -0.660330 0.750875
1628061416.448320 -4.858520 39.111111 1.009108 0.012040 -0.002744 -0.658758 0.752254
1628061416.549924 -4.847178 39.047062 1.007865 0.011890 -0.001920 -0.658470 0.752511
1628061416.648760 -4.850386 38.992423 1.009893 0.011321 -0.001212 -0.658815 0.752219
1628061416.749204 -4.838704 38.935344 1.006305 0.011317 -0.000795 -0.660076 0.751113
1628061416.849080 -4.838316 38.878444 1.004773 0.011595 -0.001122 -0.661732 0.749650
1628061416.949704 -4.839506 38.826055 1.004846 0.011181 -0.000462 -0.663979 0.747667
1628061417.049468 -4.835130 38.774703 1.006056 0.011238 -0.000608 -0.666598 0.745332
1628061417.151561 -4.828481 38.725238 1.003040 0.011237 -0.000690 -0.669433 0.742787
1628061417.249834 -4.819932 38.666780 1.006656 0.012257 -0.001359 -0.672363 0.740119
1628061417.350006 -4.807507 38.615146 1.004970 0.014267 -0.001845 -0.675435 0.737279
1628061417.450190 -4.808637 38.564177 1.006573 0.013777 -0.002223 -0.678493 0.734474
1628061417.550391 -4.803628 38.527953 1.004653 0.013194 -0.001614 -0.680746 0.732399
1628061417.650583 -4.794937 38.482326 0.999946 0.012420 -0.000105 -0.683142 0.730180
1628061417.750805 -4.784981 38.430339 1.002749 0.012375 -0.000774 -0.685197 0.728252
1628061417.850971 -4.780089 38.388952 1.001981 0.013024 -0.001032 -0.687000 0.726540
1628061417.951230 -4.777718 38.352686 0.999059 0.014024 -0.001283 -0.688842 0.724774
1628061418.051328 -4.773342 38.312932 0.995739 0.013251 -0.000887 -0.690053 0.723637
1628061418.151513 -4.779329 38.275908 0.999385 0.013076 -0.001262 -0.691776 0.721993
1628061418.251745 -4.774090 38.248407 1.000634 0.012022 -0.001835 -0.692993 0.720841
1628061418.353857 -4.784253 38.212907 0.998897 0.010734 -0.001642 -0.694506 0.719405
1628061418.452075 -4.774800 38.166682 1.000504 0.012212 -0.002541 -0.696043 0.717892
1628061418.552333 -4.772805 38.113226 0.996956 0.012351 -0.002611 -0.697506 0.716467
1628061418.652577 -4.761796 38.076226 0.989572 0.013170 -0.002602 -0.698454 0.715529
1628061418.753045 -4.761833 38.026497 0.993194 0.013194 -0.002225 -0.700086 0.713933
1628061418.852850 -4.753649 37.972275 0.994486 0.011862 -0.001436 -0.701864 0.712211
1628061418.953102 -4.753561 37.916746 0.992315 0.011031 -0.000505 -0.703110 0.710995
1628061419.053212 -4.755741 37.868325 0.990226 0.012282 -0.001141 -0.704772 0.709327
1628061419.153393 -4.751009 37.824554 0.989410 0.012361 -0.001432 -0.706301 0.707802
1628061419.253584 -4.749040 37.771501 0.985952 0.013175 -0.001634 -0.707890 0.706198
1628061419.353773 -4.753762 37.710546 0.989026 0.012695 -0.001993 -0.709774 0.704312
1628061419.453959 -4.749986 37.644627 0.989046 0.012044 -0.001352 -0.711056 0.703031
1628061419.554322 -4.759235 37.577211 0.987972 0.011485 -0.001173 -0.713141 0.700926
1628061419.654334 -4.759418 37.528290 0.985115 0.011356 -0.000789 -0.715105 0.698924
1628061419.754534 -4.754438 37.466538 0.983365 0.010409 0.000589 -0.717144 0.696847
1628061419.854709 -4.752177 37.404457 0.982150 0.010941 -0.000172 -0.719224 0.694693
1628061419.954959 -4.745016 37.335857 0.984739 0.010971 -0.000927 -0.721861 0.691951
1628061420.055116 -4.732618 37.267255 0.984076 0.012399 -0.001772 -0.723800 0.689896
1628061420.155288 -4.752007 37.204174 0.978223 0.012212 -0.001594 -0.726373 0.687191
1628061420.255477 -4.772880 37.146931 0.976662 0.012848 -0.001521 -0.729147 0.684234
1628061420.355708 -4.780484 37.076276 0.975971 0.011948 -0.000269 -0.732225 0.680958
1628061420.455869 -4.782674 37.008163 0.971051 0.011509 0.000579 -0.735892 0.677001
1628061420.556037 -4.779203 36.937852 0.972098 0.011956 0.000778 -0.739416 0.673143
1628061420.656230 -4.785133 36.870479 0.978215 0.011583 -0.000459 -0.742777 0.669439
1628061420.756426 -4.796229 36.795892 0.978483 0.012113 -0.001638 -0.745533 0.666356
1628061420.856614 -4.793766 36.724025 0.974321 0.011958 -0.001337 -0.747241 0.664444
1628061420.956806 -4.782432 36.659853 0.973058 0.011236 -0.001515 -0.747512 0.664152
1628061421.057001 -4.772930 36.588670 0.973850 0.011801 -0.002070 -0.746808 0.664932
1628061421.157174 -4.776853 36.503476 0.970156 0.010943 -0.000924 -0.745033 0.666937
1628061421.257363 -4.785051 36.427048 0.969387 0.010990 -0.001142 -0.741605 0.670746
1628061421.357587 -4.789059 36.352040 0.971413 0.009729 -0.001649 -0.737261 0.675536
1628061421.457814 -4.786909 36.278425 0.969008 0.011435 -0.003109 -0.731679 0.681546
1628061421.557922 -4.791599 36.208583 0.960506 0.012082 -0.002477 -0.726380 0.687182
1628061421.658124 -4.796921 36.128468 0.962362 0.011657 -0.003012 -0.720822 0.693016
1628061421.758339 -4.803497 36.055681 0.963457 0.010177 -0.002022 -0.715236 0.698806
1628061421.858512 -4.816763 35.978575 0.958844 0.010447 -0.001422 -0.711306 0.702803
1628061421.958685 -4.834704 35.896588 0.958451 0.010120 -0.000809 -0.709058 0.705077
1628061422.058857 -4.848731 35.830947 0.959208 0.010372 -0.001353 -0.708969 0.705162
1628061422.159072 -4.858652 35.750401 0.951722 0.011655 -0.001969 -0.711039 0.703053
1628061422.259236 -4.863745 35.677702 0.946210 0.013146 -0.001593 -0.713776 0.700249
1628061422.359422 -4.875465 35.597010 0.952673 0.012515 -0.000790 -0.717433 0.696515
1628061422.459662 -4.868681 35.531401 0.952500 0.012358 -0.000697 -0.721669 0.692128
1628061422.559800 -4.872892 35.466608 0.956492 0.010373 0.001041 -0.725953 0.687666
1628061422.660018 -4.882770 35.398591 0.952614 0.011284 0.000743 -0.731350 0.681909
1628061422.764475 -4.886721 35.331739 0.943126 0.011976 0.000197 -0.736785 0.676021
1628061422.860372 -4.882182 35.258055 0.942545 0.012264 0.000251 -0.742834 0.669363
1628061422.960559 -4.875927 35.189616 0.940614 0.010986 0.001141 -0.749130 0.662331
1628061423.060768 -4.877495 35.114082 0.938934 0.010536 0.001478 -0.754393 0.656336
1628061423.160955 -4.878734 35.043524 0.939975 0.010731 0.001977 -0.756885 0.653457
1628061423.261140 -4.880735 34.975166 0.940430 0.010470 0.002033 -0.757595 0.652638
1628061423.361311 -4.886220 34.901973 0.939348 0.011177 0.000183 -0.755625 0.654910
1628061423.461530 -4.882350 34.843135 0.937311 0.010838 0.000218 -0.751874 0.659218
1628061423.561682 -4.881982 34.776255 0.934107 0.011642 -0.000174 -0.746522 0.665259
1628061423.661933 -4.893655 34.707986 0.938560 0.010613 -0.000229 -0.740078 0.672437
1628061423.762057 -4.894490 34.637245 0.936972 0.010519 -0.000172 -0.733565 0.679538
1628061423.862277 -4.900275 34.569018 0.935213 0.009240 0.000841 -0.726237 0.687382
1628061423.968718 -4.892497 34.501298 0.930966 0.010079 0.000455 -0.718315 0.695645
1628061424.062666 -4.886434 34.446598 0.936171 0.010226 -0.000993 -0.710819 0.703300
1628061424.162817 -4.905769 34.391325 0.932039 0.009936 -0.001163 -0.704553 0.709581
1628061424.263017 -4.928939 34.328058 0.930304 0.010016 -0.001944 -0.701508 0.712588
1628061424.363202 -4.940222 34.258087 0.929138 0.011012 -0.002137 -0.700275 0.713786
1628061424.463392 -4.950533 34.190444 0.932650 0.009985 -0.001832 -0.701858 0.712245
1628061424.563565 -4.954855 34.124848 0.929332 0.009457 -0.000532 -0.704574 0.709568
1628061424.664660 -4.956313 34.052268 0.928319 0.008205 0.000581 -0.709367 0.704792
1628061424.763944 -4.955772 33.977803 0.927159 0.009937 -0.000841 -0.714681 0.699380
1628061424.864712 -4.957763 33.912713 0.921862 0.009116 -0.000280 -0.720833 0.693049
1628061424.964329 -4.959589 33.840036 0.921359 0.009033 -0.000625 -0.727112 0.686459
1628061425.064519 -4.951704 33.766300 0.921168 0.009038 -0.000527 -0.733694 0.679419
1628061425.164730 -4.956590 33.698517 0.919788 0.009163 0.000209 -0.740149 0.672381
1628061425.265039 -4.957906 33.620087 0.921718 0.009886 -0.000032 -0.746347 0.665483
1628061425.365084 -4.971379 33.535328 0.923098 0.009049 -0.000323 -0.753248 0.657674
1628061425.465296 -4.977415 33.461141 0.921868 0.009246 -0.000397 -0.759550 0.650383
1628061425.565455 -4.984297 33.383708 0.912903 0.010656 -0.000218 -0.765937 0.642827
1628061425.666126 -4.983861 33.299781 0.912241 0.010216 0.000659 -0.772349 0.635116
1628061425.765921 -4.996071 33.228414 0.913057 0.008834 0.001742 -0.779055 0.626891
1628061425.866195 -5.006502 33.147291 0.909079 0.009667 0.002665 -0.785335 0.618990
1628061425.966206 -5.020139 33.068149 0.911368 0.009458 0.003115 -0.791654 0.610889
1628061426.066407 -5.046605 32.988546 0.908453 0.008821 0.003884 -0.797482 0.603266
1628061426.166602 -5.061859 32.903215 0.909933 0.009632 0.003086 -0.803922 0.594649
1628061426.267358 -5.085238 32.818887 0.901031 0.009413 0.003652 -0.809696 0.586763
1628061426.366969 -5.106920 32.730968 0.905583 0.008898 0.002868 -0.814943 0.579466
1628061426.467194 -5.131706 32.641270 0.903722 0.008821 0.003567 -0.819048 0.573646
1628061426.567336 -5.136762 32.560201 0.900021 0.007378 0.003877 -0.821962 0.569481
1628061426.667535 -5.162549 32.484678 0.902280 0.006944 0.003000 -0.824212 0.566230
1628061426.767708 -5.177220 32.413602 0.903785 0.007585 0.002909 -0.825092 0.564940
1628061426.869288 -5.216503 32.339061 0.894640 0.008701 0.001819 -0.825235 0.564719
1628061426.968101 -5.252194 32.259373 0.891929 0.008820 0.001658 -0.824611 0.565629
1628061427.069035 -5.281375 32.178737 0.889906 0.009635 0.001531 -0.823693 0.566952
1628061427.168468 -5.299073 32.115039 0.889753 0.009323 0.001547 -0.822664 0.568450
1628061427.271271 -5.331049 32.054805 0.885216 0.008695 0.002852 -0.821359 0.570339
1628061427.368865 -5.362703 31.994173 0.881562 0.010127 0.002890 -0.819838 0.572498
1628061427.469027 -5.385838 31.931032 0.880571 0.010112 0.002205 -0.818639 0.574216
1628061427.569230 -5.421594 31.860568 0.886306 0.009418 0.002190 -0.817602 0.575703
1628061427.669611 -5.432042 31.796115 0.882199 0.009785 0.002989 -0.816270 0.577580
1628061427.769650 -5.442932 31.733354 0.877975 0.010503 0.002821 -0.815360 0.578853
1628061427.869785 -5.469197 31.675724 0.880238 0.009536 0.002159 -0.814459 0.580139
1628061427.970007 -5.488261 31.625987 0.881370 0.009504 0.002444 -0.813462 0.581536
1628061428.073999 -5.499294 31.570813 0.883786 0.009230 0.002078 -0.812296 0.583169
1628061428.170367 -5.514775 31.526468 0.880452 0.009514 0.001965 -0.810973 0.585003
1628061428.272400 -5.526558 31.478584 0.879252 0.009821 0.001240 -0.810357 0.585853
1628061428.370732 -5.543129 31.442864 0.876292 0.009665 0.001469 -0.809489 0.587053
1628061428.470924 -5.564991 31.388204 0.873350 0.009699 0.001781 -0.808516 0.588391
1628061428.571104 -5.588077 31.326751 0.873251 0.009892 0.002145 -0.807936 0.589183
1628061428.672172 -5.596211 31.269256 0.883380 0.007749 0.001533 -0.807157 0.590284
1628061428.771489 -5.614717 31.207480 0.879038 0.005506 0.002598 -0.806096 0.591754
1628061428.871771 -5.641609 31.139378 0.872557 0.005869 0.003196 -0.804766 0.593555
1628061428.971871 -5.660011 31.069391 0.869604 0.005600 0.003325 -0.803761 0.594917
1628061429.072116 -5.676860 31.001033 0.869663 0.005655 0.001401 -0.802924 0.596053
1628061429.172251 -5.699382 30.942312 0.869870 0.006494 0.000935 -0.802035 0.597241
1628061429.274339 -5.716526 30.879890 0.868219 0.006590 0.002125 -0.800514 0.599274
1628061429.372626 -5.727575 30.811892 0.866988 0.006682 0.001908 -0.798983 0.601314
1628061429.472852 -5.756944 30.731748 0.869959 0.005895 0.003410 -0.797263 0.603594
1628061429.572984 -5.784837 30.644548 0.872685 0.005908 0.004663 -0.795092 0.606442
1628061429.673305 -5.800719 30.574932 0.863934 0.004389 0.004062 -0.791301 0.611398
1628061429.773842 -5.812114 30.502035 0.861675 0.004136 0.001237 -0.787367 0.616470
1628061429.874205 -5.835356 30.424093 0.866978 0.005134 0.000115 -0.783237 0.621702
1628061429.973779 -5.852515 30.344577 0.861699 0.007007 0.000133 -0.778429 0.627694
1628061430.073946 -5.863596 30.265087 0.859238 0.006091 0.000527 -0.772995 0.634383
1628061430.174143 -5.883646 30.175263 0.858448 0.005363 0.001313 -0.766450 0.642281
1628061430.274335 -5.889696 30.103178 0.860391 0.006165 0.000483 -0.758846 0.651240
1628061430.374511 -5.912209 30.028598 0.856571 0.008156 -0.000366 -0.751661 0.659499
1628061430.475440 -5.923929 29.944028 0.862870 0.009653 -0.000917 -0.743940 0.668176
1628061430.574894 -5.937135 29.858288 0.863838 0.011885 -0.002057 -0.736557 0.676268
1628061430.675081 -5.939869 29.776990 0.854688 0.012011 -0.001893 -0.729806 0.683546
1628061430.775259 -5.936644 29.708042 0.857640 0.011086 -0.001137 -0.725187 0.688462
1628061430.875437 -5.959793 29.624934 0.857364 0.010587 -0.001567 -0.722959 0.690808
1628061430.975627 -5.970663 29.553353 0.848723 0.010996 -0.001229 -0.723565 0.690168
1628061431.075847 -5.969964 29.479034 0.851308 0.010197 -0.001420 -0.726327 0.687272
1628061431.176071 -5.973974 29.412583 0.852503 0.007711 -0.000344 -0.731004 0.682330
1628061431.276186 -5.983850 29.331934 0.852701 0.006229 0.000141 -0.737866 0.674919
1628061431.376500 -5.991940 29.255762 0.847103 0.005269 0.000433 -0.744746 0.667327
1628061431.476893 -5.995152 29.161489 0.852840 0.004576 0.000224 -0.753031 0.657969
1628061431.576796 -6.008383 29.090772 0.851882 0.005223 -0.000616 -0.761298 0.648381
1628061431.676948 -6.008803 29.007494 0.843581 0.004838 0.001695 -0.769774 0.638296
1628061431.777124 -6.007739 28.930370 0.837320 0.004802 0.003240 -0.777635 0.628689
1628061431.877320 -6.007532 28.870769 0.840695 0.004708 0.003570 -0.786201 0.617942
1628061431.977550 -6.008831 28.810172 0.839870 0.003553 0.005106 -0.794810 0.606826
1628061432.077695 -6.027421 28.739008 0.839297 0.004049 0.005940 -0.802578 0.596503
1628061432.177895 -6.058950 28.655568 0.832650 0.004638 0.006615 -0.809222 0.587448
1628061432.279091 -6.080106 28.575986 0.840097 0.004072 0.009091 -0.813527 0.581442
1628061432.378288 -6.110779 28.487448 0.842213 0.006374 0.011315 -0.816528 0.577160
1628061432.478461 -6.143763 28.412059 0.824430 0.005583 0.013593 -0.817360 0.575940
1628061432.578666 -6.174711 28.339430 0.828381 0.005236 0.011358 -0.816546 0.577146
1628061432.678833 -6.206378 28.264146 0.827889 0.007120 0.011511 -0.815213 0.579003
1628061432.779013 -6.233658 28.191146 0.828861 0.008965 0.009290 -0.813101 0.581980
1628061432.879210 -6.269996 28.128408 0.822091 0.007589 0.009466 -0.810579 0.585503
1628061432.979435 -6.293030 28.058737 0.831596 0.006587 0.009867 -0.807262 0.590074
1628061433.079700 -6.317595 27.973846 0.834790 0.005430 0.009299 -0.803539 0.595154
1628061433.179773 -6.336726 27.909662 0.828964 0.001914 0.008738 -0.798443 0.602003
1628061433.279956 -6.342050 27.840949 0.824576 -0.000288 0.007130 -0.793731 0.608227
1628061433.380158 -6.350147 27.770358 0.819916 0.003212 0.003519 -0.788677 0.614789
1628061433.481952 -6.370055 27.702330 0.814886 0.004300 0.002055 -0.784202 0.620488
1628061433.580530 -6.399472 27.639940 0.813414 0.004479 0.000544 -0.779996 0.625768
1628061433.681846 -6.414966 27.575339 0.819131 0.003692 0.001564 -0.775869 0.630881
1628061433.780906 -6.427959 27.506428 0.821895 0.003504 0.001584 -0.772299 0.635248
1628061433.881089 -6.444710 27.434070 0.820168 0.003591 0.000958 -0.768981 0.639260
1628061433.981359 -6.468704 27.363935 0.812333 0.005619 0.001322 -0.765333 0.643609
1628061434.081487 -6.487402 27.296219 0.819142 0.007218 -0.000911 -0.761190 0.648488
1628061434.181665 -6.500582 27.231311 0.818161 0.009454 -0.001264 -0.757403 0.652878
1628061434.281842 -6.499191 27.163537 0.815585 0.010857 -0.001004 -0.753633 0.657205
1628061434.382037 -6.510457 27.096447 0.813079 0.011271 -0.001042 -0.750168 0.661151
1628061434.482588 -6.522063 27.034914 0.819407 0.011524 -0.002000 -0.746579 0.665193
1628061434.582413 -6.539354 26.966040 0.816996 0.011316 -0.001805 -0.743299 0.668861
1628061434.682599 -6.549536 26.890558 0.809859 0.011708 -0.001735 -0.739829 0.672691
1628061434.782830 -6.555280 26.816030 0.821202 0.011774 -0.002649 -0.736080 0.676787
1628061434.883041 -6.554248 26.761243 0.822312 0.012482 -0.003168 -0.732359 0.680797
1628061434.983205 -6.556577 26.717730 0.808051 0.013425 -0.002497 -0.729146 0.684222
1628061435.083375 -6.565021 26.661548 0.818414 0.013204 -0.003084 -0.727320 0.686164
1628061435.183561 -6.539705 26.633036 0.816605 0.012016 -0.001621 -0.729096 0.684304
1628061435.283739 -6.530120 26.586624 0.809682 0.011221 -0.000602 -0.734505 0.678510
1628061435.383923 -6.522286 26.542798 0.804244 0.009839 -0.000427 -0.740036 0.672495
1628061435.484110 -6.532243 26.490545 0.799177 0.009048 0.001045 -0.745514 0.666428
1628061435.584335 -6.558408 26.423381 0.801088 0.009524 0.001373 -0.749117 0.662368
1628061435.684480 -6.576294 26.368227 0.803003 0.010054 0.000741 -0.752226 0.658828
1628061435.784759 -6.571666 26.312455 0.804425 0.012990 -0.001156 -0.754614 0.656040
1628061435.884870 -6.579575 26.273698 0.817067 0.014175 -0.002010 -0.756831 0.653454
1628061435.985247 -6.591817 26.250619 0.817717 0.016072 -0.002478 -0.758430 0.651551
1628061436.085259 -6.591099 26.248496 0.808276 0.015275 -0.000662 -0.759170 0.650713
1628061436.185492 -6.597187 26.250433 0.804995 0.014323 -0.000474 -0.759459 0.650397
1628061436.285605 -6.608807 26.264612 0.815378 0.014225 -0.002423 -0.758813 0.651149
1628061436.386130 -6.599334 26.271290 0.809046 0.013576 -0.001466 -0.757348 0.652869
1628061436.486003 -6.588441 26.272765 0.810317 0.013980 -0.000885 -0.755191 0.655356
1628061436.586604 -6.600899 26.301902 0.811424 0.013369 -0.000925 -0.752486 0.658471
1628061436.686424 -6.606146 26.337779 0.800791 0.013730 -0.000194 -0.748254 0.663270
1628061436.786592 -6.610395 26.369484 0.807865 0.012537 -0.000506 -0.742845 0.669346
1628061436.886770 -6.617030 26.407084 0.805108 0.011887 0.000335 -0.736050 0.676823
1628061436.986940 -6.617728 26.451605 0.809316 0.011690 -0.000334 -0.727237 0.686286
1628061437.087117 -6.611568 26.481951 0.805649 0.012412 0.000618 -0.719462 0.694420
1628061437.187333 -6.592360 26.531499 0.797048 0.013734 0.001114 -0.715886 0.698081
1628061437.287500 -6.557463 26.588490 0.807194 0.014100 -0.000461 -0.716993 0.696938
1628061437.387698 -6.529421 26.657136 0.813570 0.013455 -0.000750 -0.721919 0.691846
1628061437.488389 -6.495425 26.740183 0.817713 0.013455 -0.001308 -0.728644 0.684759
1628061437.588085 -6.489339 26.809690 0.818765 0.014529 -0.001732 -0.736972 0.675765
1628061437.688282 -6.499916 26.873336 0.826460 0.014318 -0.002378 -0.745610 0.666225
1628061437.790092 -6.517454 26.934723 0.816815 0.015207 -0.002454 -0.753726 0.657008
1628061437.889832 -6.514427 26.995265 0.805294 0.014599 -0.001167 -0.760975 0.648616
1628061437.988814 -6.498205 27.055414 0.808540 0.013560 -0.000896 -0.768162 0.640111
1628061438.089008 -6.474741 27.108794 0.816072 0.012413 -0.000229 -0.775398 0.631351
1628061438.189216 -6.446561 27.166673 0.819678 0.011880 -0.000756 -0.782415 0.622644
1628061438.289377 -6.434504 27.228736 0.803157 0.010492 0.000353 -0.788980 0.614329
1628061438.389724 -6.430622 27.269689 0.812652 0.008697 0.000332 -0.795027 0.606512
1628061438.489793 -6.424931 27.325636 0.817261 0.006532 0.001320 -0.799704 0.600358
1628061438.589954 -6.420974 27.377819 0.812949 0.003988 0.002060 -0.803444 0.595364
1628061438.690166 -6.421561 27.421498 0.812088 0.003916 0.002754 -0.804365 0.594117
1628061438.790333 -6.421762 27.469241 0.815886 0.002526 0.002148 -0.802394 0.596786
1628061438.890555 -6.410143 27.523081 0.819459 0.002421 0.001193 -0.799103 0.601188
1628061438.991493 -6.406233 27.569573 0.817165 0.002280 0.002346 -0.794473 0.607291
1628061439.090974 -6.394041 27.593379 0.822077 0.002949 0.001612 -0.789565 0.613658
1628061439.191093 -6.376746 27.616098 0.820631 0.001553 0.001745 -0.785513 0.618841
1628061439.291285 -6.362779 27.629590 0.819074 -0.000804 0.002645 -0.783206 0.621756
1628061439.392480 -6.356315 27.641930 0.818816 -0.001749 0.003000 -0.782719 0.622365
1628061439.494210 -6.342641 27.639884 0.820684 -0.000473 0.003687 -0.783494 0.621388
1628061439.596092 -6.334168 27.626645 0.820581 -0.000292 0.003367 -0.785379 0.619005
1628061439.692027 -6.331252 27.610407 0.813099 0.000584 0.002427 -0.788618 0.614879
1628061439.792214 -6.337458 27.594739 0.810573 0.001615 0.001232 -0.793129 0.609050
1628061439.892401 -6.337569 27.577048 0.804418 0.000781 0.001553 -0.798948 0.601397
1628061439.992601 -6.351547 27.545179 0.805169 0.000881 0.000658 -0.806122 0.591748
1628061440.092770 -6.357194 27.504116 0.813624 0.000552 0.000884 -0.813650 0.581354
1628061440.192969 -6.365213 27.444777 0.808976 0.000751 0.001908 -0.822911 0.568167
1628061440.293164 -6.372951 27.384024 0.807876 0.000519 0.003142 -0.832242 0.554403
1628061440.393475 -6.384921 27.316886 0.811668 0.000179 0.004406 -0.842190 0.539163
1628061440.493891 -6.405903 27.255028 0.815842 0.000587 0.003909 -0.852035 0.523470
1628061440.595630 -6.440717 27.193648 0.818659 0.003238 0.003155 -0.859993 0.510286
1628061440.693912 -6.506382 27.149342 0.808020 0.004609 0.004587 -0.863932 0.503566
1628061440.794202 -6.559985 27.107553 0.816012 -0.005754 -0.002791 0.866203 -0.499651
1628061440.894280 -6.604065 27.050565 0.822482 -0.008451 -0.000418 0.867007 -0.498224
1628061440.996592 -6.662125 26.991117 0.819211 -0.010504 0.000597 0.866465 -0.499127
1628061441.094660 -6.694785 26.940636 0.814204 0.009861 0.000006 -0.865593 0.500650
1628061441.197149 -6.723550 26.881433 0.814930 0.009011 0.000849 -0.864846 0.501956
1628061441.295031 -6.747560 26.830320 0.817125 0.009894 0.001795 -0.863876 0.503604
1628061441.395242 -6.777164 26.769691 0.807455 0.013104 0.001136 -0.863455 0.504254
1628061441.495415 -6.811217 26.696750 0.807641 0.013727 -0.001908 -0.862642 0.505625
1628061441.597853 -6.843001 26.650958 0.798989 0.015029 -0.002612 -0.861536 0.507468
1628061441.695825 -6.879027 26.616541 0.794329 0.016132 -0.003026 -0.860122 0.509823
1628061441.795973 -6.904556 26.571974 0.797395 0.017235 -0.004881 -0.859412 0.510970
1628061441.896197 -6.938095 26.527385 0.801191 0.019130 -0.004513 -0.857671 0.513822
1628061441.996370 -6.971362 26.480570 0.801442 0.022620 -0.001322 -0.857036 0.514758
1628061442.096548 -7.005146 26.428791 0.789528 0.022083 0.001590 -0.854950 0.518237
1628061442.196847 -7.020661 26.382096 0.786549 0.021287 0.002406 -0.853778 0.520196
1628061442.296961 -7.048240 26.339340 0.788779 0.023880 0.000558 -0.852262 0.522570
1628061442.397136 -7.065623 26.294300 0.787131 0.025729 -0.001563 -0.851199 0.524209
1628061442.497307 -7.101081 26.254920 0.777926 0.027478 -0.001654 -0.850259 0.525644
1628061442.597563 -7.133602 26.208088 0.768692 0.028474 -0.000971 -0.849196 0.527308
1628061442.697675 -7.157723 26.155849 0.767001 0.029252 -0.000087 -0.848136 0.528970
1628061442.797869 -7.163281 26.108140 0.778515 0.032029 0.000017 -0.847966 0.529081
1628061442.898070 -7.167676 26.072682 0.784803 0.034957 -0.001456 -0.847903 0.528996
1628061442.998331 -7.184948 26.042463 0.763679 0.036063 -0.002159 -0.849179 0.526868
1628061443.099277 -7.205357 26.020909 0.760688 0.036658 -0.003289 -0.850413 0.524827
1628061443.201231 -7.213903 25.985697 0.761714 0.035420 -0.002174 -0.851143 0.523733
1628061443.298815 -7.232400 25.952121 0.763792 0.034570 -0.000903 -0.852108 0.522222
1628061443.399008 -7.251329 25.917099 0.751965 0.034175 -0.000008 -0.852884 0.520982
1628061443.499190 -7.269402 25.881294 0.753659 0.034494 -0.000961 -0.853420 0.520081
1628061443.599385 -7.283471 25.853956 0.751783 0.034392 -0.001401 -0.853768 0.519515
1628061443.699594 -7.311303 25.824885 0.753983 0.034012 -0.001739 -0.854368 0.518552
1628061443.799771 -7.321936 25.815156 0.746368 0.032790 -0.000275 -0.854511 0.518397
1628061443.900266 -7.339026 25.796849 0.753908 0.031906 -0.000404 -0.854718 0.518111
1628061444.000128 -7.343590 25.771889 0.755369 0.032035 -0.000993 -0.854505 0.518453
1628061444.100400 -7.355263 25.746713 0.742533 0.031916 -0.000948 -0.854366 0.518690
1628061444.200540 -7.357625 25.728700 0.744594 0.030912 -0.001317 -0.854019 0.519321
1628061444.300715 -7.371042 25.712701 0.750142 0.029519 -0.001220 -0.853787 0.519784
1628061444.400881 -7.396810 25.687678 0.745586 0.029933 -0.000733 -0.852941 0.521147
1628061444.501090 -7.411484 25.663633 0.751726 0.029015 -0.001679 -0.851906 0.522888
1628061444.601276 -7.418596 25.631349 0.754227 0.028140 -0.002186 -0.850494 0.525227
1628061444.701444 -7.439232 25.611309 0.749402 0.027507 -0.002229 -0.848858 0.527901
1628061444.801635 -7.453561 25.591848 0.747842 0.026956 -0.003131 -0.846904 0.531053
1628061444.901837 -7.464966 25.555997 0.751978 0.027154 -0.003962 -0.844785 0.534402
1628061445.002016 -7.486902 25.519398 0.755052 0.026028 -0.003837 -0.842263 0.538424
1628061445.102355 -7.512147 25.490510 0.749437 0.026706 -0.004342 -0.839923 0.542031
1628061445.202397 -7.531633 25.464950 0.744429 0.026658 -0.003806 -0.837198 0.546237
1628061445.302905 -7.557036 25.427806 0.741545 0.026230 -0.003971 -0.834247 0.550753
1628061445.402769 -7.568270 25.390922 0.739461 0.026935 -0.004772 -0.830040 0.557032
1628061445.503012 -7.604993 25.352576 0.743737 0.026177 -0.005358 -0.825286 0.564082
1628061445.603146 -7.621970 25.320598 0.739295 0.026299 -0.005554 -0.820103 0.571584
1628061445.703354 -7.633008 25.287059 0.739582 0.026902 -0.005533 -0.813197 0.581340
1628061445.803616 -7.650010 25.247689 0.725960 0.027882 -0.004608 -0.806740 0.590230
1628061445.904367 -7.683559 25.211101 0.735031 0.027372 -0.004345 -0.799770 0.599667
1628061446.003893 -7.704491 25.169150 0.732931 0.027518 -0.002193 -0.792945 0.608668
1628061446.104098 -7.701396 25.125791 0.724693 0.026889 -0.000938 -0.787101 0.616238
1628061446.204284 -7.684193 25.076740 0.715411 0.027764 -0.001809 -0.783909 0.620252
1628061446.304468 -7.666764 25.035590 0.717787 0.028947 -0.002291 -0.782238 0.622303
1628061446.404654 -7.657699 24.983344 0.719516 0.028993 -0.003157 -0.781653 0.623032
1628061446.504848 -7.666326 24.935105 0.717809 0.028419 -0.004473 -0.781958 0.622667
1628061446.605026 -7.695509 24.908727 0.722367 0.027358 -0.004129 -0.782583 0.621931
1628061446.705221 -7.709548 24.874648 0.716964 0.027053 -0.004242 -0.783357 0.620968
1628061446.805402 -7.697122 24.833722 0.719038 0.027525 -0.005800 -0.783637 0.620582
1628061446.905689 -7.688615 24.792471 0.722875 0.027720 -0.006412 -0.783792 0.620371
1628061447.010046 -7.714537 24.764326 0.725782 0.027185 -0.006539 -0.782321 0.622247
1628061447.105980 -7.760538 24.737610 0.718475 0.026989 -0.007868 -0.778780 0.626667
1628061447.206313 -7.797234 24.717384 0.710235 0.027728 -0.008887 -0.773890 0.632650
1628061447.306356 -7.813776 24.690223 0.713506 0.027065 -0.009686 -0.768221 0.639539
1628061447.406548 -7.828610 24.656370 0.722718 0.022550 -0.009121 -0.761439 0.647780
1628061447.506753 -7.805815 24.618488 0.717818 0.022004 -0.008272 -0.753823 0.656657
1628061447.606927 -7.805150 24.578275 0.709183 0.022202 -0.006739 -0.747368 0.664005
1628061447.707115 -7.819370 24.542783 0.705030 0.022809 -0.007070 -0.741085 0.670986
1628061447.807294 -7.814431 24.519072 0.707038 0.022713 -0.009499 -0.734636 0.678015
1628061447.907510 -7.808375 24.487499 0.705454 0.022861 -0.009401 -0.728906 0.684167
1628061448.007664 -7.813811 24.447160 0.717823 0.021179 -0.008810 -0.723517 0.689925
1628061448.107856 -7.823428 24.410455 0.713271 0.021398 -0.008432 -0.718433 0.695216
1628061448.208042 -7.824940 24.385174 0.707324 0.021153 -0.007647 -0.713154 0.700646
1628061448.308246 -7.837817 24.361044 0.704628 0.021425 -0.006158 -0.707815 0.706046
1628061448.408449 -7.822971 24.337240 0.701908 0.020373 -0.000147 -0.701020 0.712850
1628061448.508630 -7.803124 24.323408 0.693201 0.018513 0.004463 -0.693759 0.719955
1628061448.608808 -7.808203 24.306729 0.693123 0.016307 0.005532 -0.686693 0.726743
1628061448.709324 -7.820473 24.278984 0.701148 0.019674 0.002850 -0.678736 0.734113
1628061448.809173 -7.850139 24.250824 0.712194 0.025538 0.003144 -0.671808 0.740278
1628061448.909361 -7.858068 24.217095 0.706156 0.034403 0.002132 -0.663984 0.746952
1628061449.009554 -7.850628 24.177070 0.695991 0.036766 0.001353 -0.657301 0.752730
1628061449.109751 -7.816650 24.150946 0.691400 0.035978 0.001619 -0.653241 0.756293
1628061449.209927 -7.790492 24.104173 0.683668 0.033981 0.004100 -0.649365 0.759706
1628061449.310114 -7.781593 24.066371 0.689677 0.031978 0.006387 -0.645716 0.762881
1628061449.410314 -7.781306 24.037044 0.683593 0.033006 0.006269 -0.641715 0.766207
1628061449.510493 -7.785620 24.012285 0.684286 0.035350 0.005439 -0.637641 0.769503
1628061449.610721 -7.760524 23.989285 0.691922 0.035025 0.005463 -0.632775 0.773524
1628061449.710873 -7.742226 23.961039 0.681671 0.036185 0.005912 -0.628231 0.777162
1628061449.811056 -7.743314 23.941929 0.681088 0.034924 0.006457 -0.624001 0.780616
1628061449.911250 -7.769385 23.919765 0.688521 0.034009 0.006941 -0.620191 0.783682
1628061450.011435 -7.774646 23.893781 0.682353 0.034111 0.007178 -0.615554 0.787323
1628061450.111654 -7.792907 23.881371 0.675228 0.034794 0.007272 -0.611409 0.790516
1628061450.211813 -7.785701 23.860624 0.680389 0.035124 0.006934 -0.606735 0.794098
1628061450.312027 -7.752602 23.845003 0.680058 0.035100 0.007294 -0.601488 0.798077
1628061450.412201 -7.730733 23.820282 0.682286 0.034799 0.007094 -0.596284 0.801987
1628061450.512405 -7.726803 23.792917 0.688643 0.034334 0.007875 -0.591076 0.805846
1628061450.612566 -7.702514 23.766290 0.686424 0.034984 0.007206 -0.585420 0.809943
1628061450.712777 -7.705071 23.739158 0.684862 0.034167 0.008028 -0.580554 0.813465
1628061450.812945 -7.706990 23.732803 0.683228 0.030216 0.006694 -0.572850 0.819075
1628061450.913146 -7.730157 23.733595 0.658283 0.024641 -0.003381 -0.560438 0.827823
1628061451.013377 -7.728082 23.722186 0.654542 0.022293 -0.010540 -0.551246 0.833978
1628061451.113532 -7.723353 23.694977 0.680488 0.023889 -0.008108 -0.542769 0.839503
1628061451.213711 -7.707880 23.656009 0.687662 0.024919 -0.006928 -0.533380 0.845480
1628061451.313887 -7.700698 23.608669 0.687509 0.024832 -0.008667 -0.523609 0.851553
1628061451.414071 -7.694800 23.583000 0.684872 0.024377 -0.007495 -0.515244 0.856664
1628061451.514295 -7.699260 23.552595 0.676419 0.023484 -0.007447 -0.507036 0.861573
1628061451.614472 -7.681540 23.537844 0.680263 0.024160 -0.008708 -0.499226 0.866091
1628061451.714684 -7.645708 23.524971 0.681985 0.023582 -0.007896 -0.493203 0.869558
1628061451.814833 -7.616004 23.497160 0.690390 0.024329 -0.008624 -0.488573 0.872141
1628061451.915076 -7.580009 23.459211 0.685401 0.024287 -0.008922 -0.484988 0.874138
1628061452.015219 -7.548397 23.434391 0.680633 0.023603 -0.008050 -0.482804 0.875373
1628061452.115416 -7.511530 23.402107 0.678223 0.024752 -0.008559 -0.482020 0.875769
1628061452.215631 -7.495053 23.368737 0.684950 0.024364 -0.008700 -0.482564 0.875478
1628061452.315787 -7.480206 23.340053 0.683497 0.025081 -0.009278 -0.483093 0.875161
1628061452.415970 -7.467693 23.318070 0.676025 0.025087 -0.009619 -0.484179 0.874556
1628061452.516184 -7.467057 23.302493 0.675436 0.023364 -0.007750 -0.485942 0.873645
1628061452.616371 -7.455204 23.277925 0.685181 0.022986 -0.007139 -0.486987 0.873078
1628061452.716528 -7.439375 23.248643 0.687030 0.023036 -0.007465 -0.488509 0.872223
1628061452.816728 -7.399642 23.218942 0.677363 0.024410 -0.007402 -0.490258 0.871204
1628061452.916912 -7.387763 23.193005 0.680488 0.026177 -0.007619 -0.492510 0.869880
1628061453.017093 -7.361552 23.159519 0.680236 0.026313 -0.006192 -0.495201 0.868358
1628061453.117431 -7.340390 23.114195 0.677945 0.027171 -0.005440 -0.497722 0.866894
1628061453.217495 -7.321576 23.083653 0.672964 0.027059 -0.004092 -0.500553 0.865273
1628061453.318514 -7.305074 23.052935 0.680073 0.027579 -0.003653 -0.502552 0.864099
1628061453.417882 -7.305061 23.035112 0.683962 0.027824 -0.003140 -0.504675 0.862855
1628061453.518040 -7.297463 23.011966 0.681783 0.029636 -0.002292 -0.505428 0.862357
1628061453.618229 -7.292729 22.997667 0.675766 0.030081 -0.000670 -0.506720 0.861586
1628061453.718446 -7.277320 22.993626 0.672291 0.030565 -0.000743 -0.507568 0.861069
1628061453.818614 -7.273317 23.007461 0.670174 0.030057 -0.000497 -0.508176 0.860729
1628061453.919197 -7.254154 23.002509 0.669670 0.030145 0.000285 -0.508345 0.860626
1628061454.018985 -7.243405 22.998471 0.675278 0.030761 -0.000214 -0.508746 0.860367
1628061454.119184 -7.250049 22.991675 0.671750 0.030623 -0.000322 -0.509040 0.860198
1628061454.219407 -7.257282 22.994809 0.672545 0.030715 0.000255 -0.509083 0.860169
1628061454.319544 -7.256290 22.996355 0.670587 0.030909 -0.000175 -0.509336 0.860012
1628061454.419729 -7.251528 23.000978 0.669519 0.031589 -0.001332 -0.509187 0.860075
1628061454.519914 -7.262344 22.980564 0.666728 0.030505 -0.000755 -0.509466 0.859950
1628061454.620808 -7.262031 22.957827 0.672188 0.030318 -0.000869 -0.509171 0.860131
1628061454.721876 -7.266356 22.958122 0.673514 0.031103 -0.001025 -0.509367 0.859986
1628061454.820485 -7.279958 22.975647 0.667130 0.031532 -0.001282 -0.509311 0.860004
1628061454.925127 -7.282102 22.974099 0.660900 0.031965 -0.001279 -0.509500 0.859876
1628061455.020864 -7.282731 22.974158 0.662318 0.031509 -0.001285 -0.509608 0.859828
1628061455.121131 -7.271389 22.966337 0.668537 0.030433 -0.000208 -0.509499 0.859933
1628061455.221252 -7.258106 22.974401 0.670445 0.031047 -0.000884 -0.509079 0.860159
1628061455.321839 -7.239663 22.983549 0.674293 0.030149 -0.000405 -0.508962 0.860261
1628061455.421622 -7.234706 22.981956 0.677614 0.030780 -0.000854 -0.509000 0.860216
1628061455.521807 -7.236276 22.975926 0.677130 0.030204 -0.001206 -0.508790 0.860360
1628061455.622032 -7.248273 22.970335 0.672380 0.030048 -0.000163 -0.509308 0.860060
1628061455.724478 -7.262944 22.976698 0.666189 0.030659 -0.000230 -0.509426 0.859968
1628061455.822419 -7.265702 22.978434 0.666939 0.029786 -0.000016 -0.509041 0.860227
1628061455.924795 -7.249584 22.978040 0.669478 0.030539 -0.000625 -0.509141 0.860141
1628061456.022981 -7.247569 22.978337 0.675778 0.030357 -0.000740 -0.509417 0.859984
1628061456.123158 -7.249294 22.972424 0.670389 0.030407 -0.000465 -0.509534 0.859913
1628061456.223134 -7.252553 22.952707 0.671891 0.031258 -0.001289 -0.509278 0.860033
1628061456.323314 -7.259286 22.954421 0.676702 0.031365 -0.000983 -0.509219 0.860065
1628061456.423520 -7.272503 22.974266 0.672069 0.031301 -0.000566 -0.509579 0.859854
1628061456.524757 -7.266370 22.998745 0.668826 0.032083 -0.001796 -0.509311 0.859982
1628061456.623887 -7.273395 23.018905 0.667595 0.031380 -0.000130 -0.509019 0.860183
1628061456.724224 -7.285396 23.025995 0.667610 0.031515 -0.000075 -0.509517 0.859883
1628061456.824271 -7.302503 23.014520 0.668381 0.031520 0.000175 -0.510042 0.859572
1628061456.924539 -7.322114 23.016278 0.663159 0.031612 0.000492 -0.511347 0.858793
1628061457.024657 -7.339708 23.026677 0.666576 0.031842 -0.000725 -0.512635 0.858016
1628061457.124848 -7.370653 23.073313 0.668198 0.029400 0.000350 -0.515155 0.856593
1628061457.225022 -7.374757 23.101607 0.678909 0.030190 -0.001864 -0.517175 0.855345
1628061457.325203 -7.385506 23.144089 0.680848 0.029260 -0.003541 -0.520447 0.853385
1628061457.425403 -7.400194 23.195801 0.688516 0.028686 -0.004594 -0.523580 0.851481
1628061457.525578 -7.435662 23.246703 0.689807 0.028848 -0.006192 -0.527190 0.849235
1628061457.625784 -7.461789 23.302262 0.683718 0.027210 -0.005125 -0.531409 0.846663
1628061457.726110 -7.488165 23.354428 0.683246 0.026385 -0.005247 -0.535652 0.844010
1628061457.826154 -7.531883 23.403449 0.688337 0.027632 -0.006359 -0.540423 0.840916
1628061457.926754 -7.563400 23.456012 0.689359 0.027474 -0.005905 -0.545112 0.837892
1628061458.026533 -7.585543 23.514436 0.691201 0.026665 -0.005327 -0.549229 0.835229
1628061458.126737 -7.598908 23.569542 0.686285 0.026189 -0.005138 -0.553019 0.832741
1628061458.226918 -7.628127 23.639993 0.686473 0.025739 -0.005122 -0.556553 0.830397
1628061458.327086 -7.671800 23.700430 0.680302 0.026208 -0.005437 -0.558637 0.828980
1628061458.427289 -7.684352 23.745726 0.681078 0.027410 -0.005972 -0.559276 0.828507
1628061458.527467 -7.682538 23.758759 0.674300 0.030474 0.000141 -0.557152 0.829851
1628061458.627666 -7.670848 23.764855 0.671203 0.034380 0.009278 -0.556358 0.830179
1628061458.727850 -7.681415 23.801808 0.702224 0.032958 0.010335 -0.552842 0.832570
1628061458.828060 -7.690141 23.862085 0.705913 0.030501 0.008390 -0.550692 0.834109
1628061458.928240 -7.711726 23.935196 0.688723 0.030533 0.008242 -0.547324 0.836323
1628061459.028486 -7.741469 24.008320 0.682364 0.030639 0.007332 -0.543704 0.838685
1628061459.128660 -7.786200 24.056214 0.692298 0.030725 0.005468 -0.540355 0.840858
1628061459.228797 -7.835053 24.102598 0.688315 0.029558 0.004942 -0.536548 0.843337
1628061459.329019 -7.851771 24.155193 0.694385 0.028482 0.004415 -0.532771 0.845769
1628061459.429187 -7.864300 24.203955 0.702841 0.026020 0.004016 -0.529573 0.847855
1628061459.529515 -7.891311 24.254014 0.711563 0.025142 -0.002971 -0.529699 0.847808
1628061459.629559 -7.910549 24.303216 0.723293 0.021857 -0.011068 -0.527260 0.849351
1628061459.729730 -7.938162 24.348186 0.715201 0.020107 -0.016442 -0.525020 0.850694
1628061459.829919 -7.931300 24.366606 0.705245 0.018311 -0.015102 -0.523492 0.851700
1628061459.930173 -7.918087 24.372095 0.706897 0.016329 -0.012755 -0.521805 0.852813
1628061460.030422 -7.932020 24.390152 0.706112 0.014329 -0.010415 -0.521330 0.853171
1628061460.130486 -7.946180 24.420256 0.712597 0.014150 -0.010188 -0.520539 0.853660
1628061460.230667 -7.960331 24.448211 0.706516 0.015772 -0.011155 -0.519106 0.854491
1628061460.330914 -7.972329 24.478652 0.701986 0.016890 -0.012031 -0.517911 0.855183
1628061460.431067 -7.990806 24.518177 0.700704 0.016425 -0.011722 -0.516780 0.855881
1628061460.531236 -8.010524 24.562966 0.703407 0.015001 -0.009403 -0.515657 0.856612
1628061460.631445 -8.031596 24.590398 0.702933 0.015604 -0.010904 -0.514402 0.857338
1628061460.735996 -8.051791 24.610836 0.708423 0.015314 -0.010863 -0.512902 0.858242
1628061460.831896 -8.075154 24.640696 0.707318 0.016553 -0.011261 -0.512163 0.858655
1628061460.932093 -8.098994 24.678488 0.697016 0.017192 -0.011276 -0.510680 0.859525
1628061461.032207 -8.116081 24.702935 0.698951 0.016665 -0.011636 -0.509726 0.860097
1628061461.132395 -8.149827 24.745572 0.695884 0.016924 -0.010759 -0.508432 0.860869
1628061461.232572 -8.177269 24.781744 0.700173 0.017864 -0.010401 -0.507505 0.861401
1628061461.332747 -8.187592 24.811448 0.708854 0.017694 -0.010164 -0.505656 0.862494
1628061461.433004 -8.198842 24.839426 0.702221 0.017315 -0.010252 -0.504188 0.863359
1628061461.533273 -8.203428 24.880867 0.707974 0.016986 -0.009436 -0.502371 0.864434
1628061461.633311 -8.233640 24.915310 0.702044 0.017381 -0.009827 -0.501298 0.865044
1628061461.733912 -8.261387 24.939734 0.706560 0.017080 -0.009795 -0.499988 0.865808
1628061461.833770 -8.286246 24.969026 0.709240 0.016340 -0.009327 -0.498315 0.866792
1628061461.933875 -8.302248 25.012546 0.712082 0.016277 -0.009530 -0.496507 0.867828
1628061462.034081 -8.318228 25.066410 0.710060 0.016657 -0.009565 -0.494571 0.868925
1628061462.134302 -8.350667 25.096674 0.710346 0.016586 -0.010330 -0.493661 0.869435
1628061462.234457 -8.378562 25.119986 0.706350 0.017637 -0.010710 -0.492365 0.870144
1628061462.334633 -8.403107 25.145025 0.713995 0.016794 -0.012055 -0.491595 0.870579
1628061462.434837 -8.399843 25.159926 0.717908 0.014775 -0.013853 -0.490720 0.871082
1628061462.535024 -8.387361 25.172806 0.707125 0.013173 -0.015209 -0.489984 0.871499
1628061462.635198 -8.374028 25.180960 0.700339 0.012862 -0.013738 -0.489804 0.871629
1628061462.735469 -8.364446 25.169484 0.705100 0.013075 -0.013235 -0.490305 0.871353
1628061462.835581 -8.364447 25.126608 0.700825 0.013453 -0.013990 -0.491372 0.870734
1628061462.935772 -8.368071 25.095040 0.698647 0.013948 -0.013470 -0.492160 0.870289
1628061463.035960 -8.351972 25.068871 0.700301 0.013655 -0.012882 -0.492828 0.869924
1628061463.136175 -8.320060 25.029145 0.703817 0.012502 -0.012220 -0.493219 0.869729
1628061463.236348 -8.275281 24.974955 0.705629 0.012770 -0.011967 -0.493248 0.869712
1628061463.336535 -8.239771 24.922853 0.699921 0.014514 -0.012264 -0.493647 0.869455
1628061463.436747 -8.233041 24.877199 0.707315 0.014127 -0.011374 -0.494692 0.868879
1628061463.536894 -8.222366 24.826299 0.708706 0.014276 -0.011008 -0.495494 0.868424
1628061463.637124 -8.208363 24.780359 0.704548 0.014871 -0.010846 -0.495725 0.868284
1628061463.738191 -8.170327 24.754686 0.699773 0.016448 -0.011012 -0.495588 0.868332
1628061463.837849 -8.133382 24.723251 0.701602 0.016311 -0.011745 -0.496063 0.868054
1628061463.940768 -8.114432 24.691175 0.699425 0.015650 -0.010346 -0.496228 0.867990
1628061464.037902 -8.111253 24.675364 0.693306 0.015773 -0.009460 -0.496730 0.867710
1628061464.138058 -8.097265 24.657274 0.690798 0.016093 -0.010105 -0.496636 0.867751
1628061464.238231 -8.083334 24.638914 0.697290 0.015863 -0.009761 -0.496825 0.867651
1628061464.338444 -8.079950 24.627167 0.705507 0.015190 -0.009403 -0.497026 0.867552
1628061464.438621 -8.070376 24.617171 0.708142 0.014750 -0.010284 -0.497008 0.867560
1628061464.538781 -8.056229 24.613873 0.707156 0.014884 -0.010079 -0.496507 0.867847
1628061464.639109 -8.064172 24.625154 0.708107 0.014432 -0.010101 -0.496501 0.867857
1628061464.739187 -8.063832 24.632790 0.707502 0.014856 -0.009721 -0.496345 0.867944
1628061464.839669 -8.074856 24.643320 0.703941 0.015072 -0.010573 -0.496612 0.867777
1628061464.939649 -8.076964 24.650424 0.703694 0.014862 -0.010438 -0.496470 0.867864
1628061465.039742 -8.073470 24.639250 0.703335 0.014817 -0.010972 -0.496394 0.867902
1628061465.139933 -8.070509 24.641761 0.704469 0.015145 -0.011113 -0.496422 0.867878
1628061465.240122 -8.082092 24.646616 0.707152 0.014410 -0.010930 -0.496574 0.867806
1628061465.340295 -8.078700 24.654788 0.707207 0.014127 -0.010742 -0.496400 0.867912
1628061465.440499 -8.082631 24.649477 0.701584 0.015060 -0.010900 -0.496773 0.867681
1628061465.540687 -8.083571 24.638148 0.696911 0.015679 -0.010383 -0.496646 0.867750
1628061465.641344 -8.078356 24.638679 0.697153 0.015333 -0.010585 -0.496435 0.867874
1628061465.741168 -8.081659 24.645264 0.704996 0.014762 -0.010091 -0.496517 0.867843
1628061465.842740 -8.084594 24.643757 0.707141 0.014677 -0.010572 -0.496555 0.867817
1628061465.942082 -8.084266 24.639650 0.705099 0.014787 -0.010167 -0.496758 0.867703
1628061466.041655 -8.083587 24.645886 0.703226 0.015123 -0.010761 -0.496562 0.867803
1628061466.141924 -8.076922 24.644078 0.701636 0.015316 -0.011250 -0.496521 0.867816
1628061466.242027 -8.070838 24.643734 0.704702 0.014678 -0.010368 -0.496294 0.867969
1628061466.342189 -8.079385 24.641145 0.702047 0.015254 -0.010910 -0.496480 0.867845
1628061466.443383 -8.074366 24.632642 0.699811 0.015676 -0.011552 -0.496516 0.867809
1628061466.542637 -8.068982 24.634284 0.701517 0.014778 -0.010762 -0.496092 0.868077
1628061466.643109 -8.062492 24.635784 0.707736 0.014409 -0.010905 -0.496147 0.868050
1628061466.742959 -8.063227 24.637525 0.704759 0.014381 -0.010838 -0.496239 0.867999
1628061466.843126 -8.061632 24.636991 0.708881 0.014412 -0.010858 -0.496219 0.868010
1628061466.943314 -8.064751 24.633133 0.708412 0.013895 -0.010203 -0.496485 0.867874
1628061467.047406 -8.044449 24.627695 0.703621 0.014825 -0.011799 -0.496065 0.868079
1628061467.143721 -8.047698 24.616449 0.705514 0.014616 -0.012195 -0.496288 0.867949
1628061467.243888 -8.048988 24.611735 0.706413 0.013892 -0.011686 -0.496718 0.867722
1628061467.344093 -8.038267 24.601221 0.718217 0.013366 -0.011786 -0.496501 0.867853
1628061467.444309 -8.035598 24.593238 0.707277 0.014753 -0.011574 -0.496767 0.867682
1628061467.544469 -8.013311 24.579428 0.698033 0.015228 -0.012089 -0.496361 0.867899
1628061467.644680 -7.988739 24.565018 0.698684 0.015496 -0.011913 -0.496436 0.867853
1628061467.744830 -7.981618 24.548495 0.708363 0.014843 -0.010206 -0.496694 0.867739
1628061467.845082 -7.988335 24.537222 0.714698 0.015221 -0.010349 -0.496722 0.867714
1628061467.945210 -7.986881 24.522028 0.708108 0.016007 -0.011404 -0.496651 0.867728
1628061468.046415 -7.981874 24.515855 0.711406 0.015341 -0.010541 -0.496674 0.867737
1628061468.145626 -7.988493 24.514399 0.706053 0.015680 -0.011039 -0.496743 0.867686
1628061468.245770 -7.986572 24.524078 0.701303 0.015009 -0.010848 -0.496472 0.867855
1628061468.345972 -7.997559 24.545597 0.708070 0.014715 -0.010786 -0.496588 0.867795
1628061468.446157 -8.003203 24.550140 0.709570 0.015121 -0.011568 -0.496763 0.867677
1628061468.546339 -8.005466 24.546320 0.712894 0.014390 -0.010920 -0.496641 0.867768
1628061468.646573 -8.001466 24.546370 0.714599 0.014285 -0.011083 -0.496553 0.867818
1628061468.746731 -7.997029 24.553434 0.703349 0.015105 -0.010879 -0.496238 0.867987
1628061468.846893 -7.989590 24.556174 0.701465 0.015634 -0.011443 -0.496251 0.867963
1628061468.947088 -8.002605 24.562686 0.699791 0.015384 -0.011224 -0.496797 0.867658
1628061469.047274 -8.003481 24.558493 0.706401 0.015486 -0.010196 -0.496612 0.867774
1628061469.147471 -8.008750 24.568436 0.716011 0.015349 -0.010336 -0.496588 0.867789
1628061469.248852 -7.998889 24.575791 0.705975 0.015518 -0.010770 -0.496279 0.867958
1628061469.347862 -8.007245 24.579306 0.704210 0.015682 -0.010368 -0.496326 0.867932
1628061469.449856 -8.012004 24.574377 0.707142 0.015341 -0.010680 -0.496376 0.867906
1628061469.548236 -8.017785 24.578491 0.713462 0.015039 -0.010704 -0.496245 0.867986
1628061469.649860 -8.029864 24.594907 0.713967 0.014418 -0.010342 -0.496186 0.868035
1628061469.748605 -8.035990 24.611445 0.702036 0.016097 -0.010805 -0.496281 0.867945
1628061469.848781 -8.049503 24.629705 0.704469 0.015009 -0.010616 -0.496297 0.867958
1628061469.948983 -8.067417 24.638360 0.711505 0.014465 -0.009019 -0.496302 0.867982
1628061470.049901 -8.083001 24.645614 0.709201 0.014866 -0.010298 -0.496320 0.867951
1628061470.149368 -8.102077 24.665974 0.694277 0.015766 -0.010017 -0.496511 0.867829
1628061470.249648 -8.134024 24.691773 0.686058 0.016866 -0.011103 -0.496801 0.867630
1628061470.349747 -8.148121 24.715351 0.693778 0.016371 -0.011202 -0.496629 0.867736
1628061470.449960 -8.163469 24.753883 0.698547 0.016046 -0.011234 -0.496772 0.867660
1628061470.550116 -8.149507 24.763579 0.705663 0.015620 -0.010331 -0.496507 0.867830
1628061470.653581 -8.159293 24.775564 0.706568 0.015650 -0.010294 -0.497261 0.867399
1628061470.750482 -8.183766 24.781214 0.701197 0.015672 -0.009839 -0.498606 0.866631
1628061470.852104 -8.199794 24.794294 0.704608 0.015255 -0.010300 -0.498872 0.866480
1628061470.950859 -8.208081 24.814959 0.712764 0.015706 -0.010403 -0.499556 0.866077
1628061471.051049 -8.206315 24.827453 0.719441 0.014670 -0.009954 -0.499949 0.865874
1628061471.151249 -8.196877 24.837247 0.713813 0.015631 -0.010583 -0.500653 0.865442
1628061471.251421 -8.202569 24.838812 0.713670 0.015130 -0.009688 -0.501382 0.865040
1628061471.351612 -8.199341 24.855016 0.702770 0.015247 -0.009538 -0.501789 0.864803
1628061471.451820 -8.194707 24.862066 0.700271 0.016147 -0.010676 -0.502187 0.864542
1628061471.551991 -8.208852 24.865686 0.707246 0.015389 -0.009615 -0.503139 0.864015
1628061471.652197 -8.218983 24.862897 0.707440 0.016021 -0.010109 -0.503580 0.863741
1628061471.752381 -8.228941 24.869610 0.709897 0.015443 -0.009293 -0.504273 0.863356
1628061471.852568 -8.227060 24.876584 0.704977 0.015674 -0.009668 -0.504616 0.863147
1628061471.952771 -8.225876 24.876556 0.701580 0.016398 -0.009453 -0.505241 0.862771
1628061472.052931 -8.230815 24.882339 0.705542 0.016224 -0.009495 -0.505482 0.862632
1628061472.153173 -8.238020 24.884532 0.701121 0.016287 -0.010030 -0.505920 0.862368
1628061472.253342 -8.240624 24.890864 0.700498 0.016371 -0.009916 -0.506003 0.862319
1628061472.353515 -8.246634 24.892691 0.706299 0.015951 -0.009529 -0.506591 0.861986
1628061472.453715 -8.236519 24.902212 0.707736 0.015651 -0.009539 -0.506749 0.861899
1628061472.553919 -8.223952 24.909139 0.710471 0.015678 -0.009127 -0.506940 0.861790
1628061472.654074 -8.229153 24.904787 0.710693 0.015731 -0.009040 -0.507721 0.861331
1628061472.754281 -8.233936 24.904358 0.712193 0.015583 -0.008669 -0.508840 0.860677
1628061472.854461 -8.254472 24.915383 0.703767 0.016835 -0.009029 -0.510135 0.859882
1628061472.954679 -8.253476 24.925850 0.714758 0.015580 -0.008058 -0.511672 0.859002
1628061473.054836 -8.257216 24.938433 0.717517 0.015320 -0.007616 -0.513665 0.857820
1628061473.155037 -8.276374 24.951859 0.712142 0.015529 -0.007796 -0.516914 0.855861
1628061473.255205 -8.288583 24.973622 0.715549 0.015824 -0.007780 -0.520143 0.853897
1628061473.355433 -8.298332 24.996205 0.725175 0.015481 -0.007446 -0.523960 0.851570
1628061473.455592 -8.317718 25.016717 0.717284 0.016335 -0.007927 -0.528788 0.848560
1628061473.555793 -8.341977 25.046173 0.714021 0.016289 -0.007779 -0.533839 0.845394
1628061473.655953 -8.337663 25.065896 0.709452 0.016795 -0.008064 -0.538432 0.842463
1628061473.756144 -8.337271 25.082802 0.710344 0.016726 -0.008666 -0.543704 0.839065
1628061473.856367 -8.379805 25.113627 0.695521 0.018466 -0.008943 -0.550081 0.834859
1628061473.956519 -8.411765 25.143095 0.705627 0.017264 -0.007652 -0.556001 0.830967
1628061474.057620 -8.429470 25.182187 0.705902 0.017582 -0.008250 -0.561670 0.827133
1628061474.156931 -8.438246 25.217014 0.706344 0.017272 -0.008023 -0.567080 0.823443
1628061474.257103 -8.438145 25.251041 0.698871 0.017940 -0.007323 -0.572151 0.819919
1628061474.357295 -8.433419 25.273008 0.707976 0.017682 -0.007941 -0.577015 0.816504
1628061474.457892 -8.445152 25.305393 0.708065 0.017714 -0.008100 -0.581829 0.813078
1628061474.557650 -8.461943 25.331342 0.709695 0.016362 -0.007184 -0.586925 0.809444
1628061474.657846 -8.480002 25.362310 0.707426 0.017256 -0.007298 -0.591664 0.805967
1628061474.758036 -8.491424 25.377830 0.708847 0.018142 -0.007516 -0.596084 0.802682
1628061474.858227 -8.501748 25.396489 0.705406 0.018106 -0.007133 -0.600864 0.799115
1628061474.958445 -8.500361 25.429649 0.711030 0.018482 -0.008793 -0.605003 0.795960
1628061475.058767 -8.518548 25.455569 0.709764 0.018824 -0.008127 -0.609686 0.792378
1628061475.158788 -8.532255 25.474811 0.704813 0.019331 -0.007686 -0.614369 0.788745
1628061475.259982 -8.548447 25.504652 0.707890 0.019460 -0.008279 -0.618764 0.785292
1628061475.359160 -8.556523 25.530786 0.708306 0.018889 -0.007774 -0.622676 0.782213
1628061475.459350 -8.559810 25.557416 0.707994 0.018653 -0.007709 -0.626699 0.779000
1628061475.559569 -8.560561 25.575147 0.705062 0.019561 -0.008093 -0.630746 0.775700
1628061475.659798 -8.562096 25.601791 0.708217 0.019200 -0.007693 -0.634955 0.772272
1628061475.759981 -8.566787 25.622060 0.705720 0.019293 -0.007665 -0.639266 0.768705
1628061475.860114 -8.576731 25.637087 0.703331 0.019071 -0.007483 -0.643614 0.765076
1628061475.960301 -8.586474 25.656707 0.704429 0.019554 -0.007230 -0.648129 0.761245
1628061476.060562 -8.579585 25.669351 0.706257 0.019609 -0.007481 -0.652155 0.757795
1628061476.160678 -8.582838 25.684555 0.708124 0.019895 -0.007344 -0.656572 0.753965
1628061476.261039 -8.602061 25.712998 0.714885 0.019000 -0.006900 -0.661888 0.749330
1628061476.361072 -8.605887 25.749763 0.710956 0.018744 -0.005197 -0.666666 0.745103
1628061476.461449 -8.613719 25.780339 0.709271 0.020103 -0.007089 -0.670892 0.741249
1628061476.561432 -8.595716 25.797639 0.707815 0.019810 -0.006593 -0.674841 0.737668
1628061476.662020 -8.604061 25.825232 0.704528 0.019943 -0.006229 -0.679655 0.733234
1628061476.762272 -8.619318 25.850996 0.711086 0.019796 -0.006619 -0.684260 0.728939
1628061476.862111 -8.622146 25.862582 0.707852 0.019214 -0.005776 -0.688789 0.724684
1628061476.962261 -8.617673 25.879880 0.701935 0.019788 -0.005572 -0.693052 0.720595
1628061477.062432 -8.617225 25.898265 0.706859 0.020591 -0.006499 -0.697349 0.716407
1628061477.162568 -8.617503 25.913383 0.711162 0.020067 -0.006226 -0.701624 0.712238
1628061477.263361 -8.608892 25.938276 0.710653 0.019672 -0.006114 -0.705626 0.708285
1628061477.362967 -8.608007 25.957462 0.712916 0.019831 -0.005416 -0.709514 0.704392
1628061477.463143 -8.608336 25.982275 0.716105 0.020539 -0.005783 -0.713437 0.700395
1628061477.563474 -8.617865 26.007673 0.707680 0.021594 -0.005360 -0.717451 0.696253
1628061477.663537 -8.630269 26.036803 0.710605 0.021153 -0.005703 -0.721136 0.692447
1628061477.763719 -8.622706 26.059494 0.713190 0.020680 -0.005816 -0.725068 0.688342
1628061477.863901 -8.619588 26.084725 0.712886 0.020785 -0.005347 -0.728926 0.684256
1628061477.964065 -8.610951 26.107322 0.717791 0.020305 -0.004250 -0.732263 0.680706
1628061478.064280 -8.625981 26.124172 0.719888 0.020608 -0.004936 -0.736478 0.676130
1628061478.164473 -8.635947 26.136757 0.714646 0.020647 -0.004665 -0.740501 0.671722
1628061478.264660 -8.627264 26.158301 0.715577 0.020834 -0.003908 -0.744044 0.667794
1628061478.364825 -8.620036 26.181071 0.716238 0.020660 -0.004433 -0.747602 0.663810
1628061478.465017 -8.614451 26.202525 0.714013 0.020834 -0.004704 -0.751191 0.659739
1628061478.565234 -8.618618 26.241745 0.726294 0.020868 -0.004735 -0.754955 0.655428
1628061478.665406 -8.614946 26.264619 0.732041 0.020799 -0.003771 -0.758973 0.650779
1628061478.765587 -8.627690 26.292390 0.720568 0.021357 -0.003110 -0.763160 0.645849
1628061478.865780 -8.630149 26.295089 0.713922 0.021460 -0.004045 -0.767296 0.640921
1628061478.965960 -8.617788 26.303926 0.717093 0.021404 -0.004163 -0.771172 0.636253
1628061479.066199 -8.617179 26.339995 0.722846 0.021663 -0.003518 -0.775106 0.631450
1628061479.166436 -8.613825 26.379936 0.722898 0.022163 -0.003677 -0.779383 0.626144
1628061479.266521 -8.611904 26.405434 0.720255 0.021639 -0.003441 -0.783648 0.620818
1628061479.369188 -8.606035 26.427764 0.723217 0.020820 -0.003616 -0.787926 0.615407
1628061479.467735 -8.600759 26.452847 0.721109 0.021193 -0.003325 -0.792022 0.610116
1628061479.567101 -8.591489 26.472711 0.722211 0.021256 -0.002674 -0.796436 0.604343
1628061479.667277 -8.581010 26.494581 0.725511 0.021538 -0.002110 -0.800265 0.599255
1628061479.767479 -8.577380 26.513626 0.722466 0.021643 -0.001934 -0.804532 0.593512
1628061479.867676 -8.563419 26.525085 0.722778 0.022115 -0.002438 -0.808743 0.587742
1628061479.967900 -8.551594 26.552719 0.719164 0.022150 -0.002697 -0.812816 0.582092
1628061480.068040 -8.544268 26.581083 0.734684 0.021540 -0.002536 -0.816579 0.576826
1628061480.168235 -8.540745 26.611393 0.734952 0.021095 -0.001946 -0.820701 0.570966
1628061480.268429 -8.545546 26.636779 0.724218 0.021995 -0.001496 -0.824487 0.565451
1628061480.368699 -8.533599 26.652287 0.724806 0.021582 -0.002051 -0.828337 0.559811
1628061480.468797 -8.522426 26.664146 0.731807 0.021184 -0.001905 -0.832460 0.553677
1628061480.569055 -8.510300 26.677011 0.730421 0.021258 -0.001397 -0.836316 0.547834
1628061480.669175 -8.498447 26.691727 0.732225 0.021191 -0.000777 -0.839878 0.542360
1628061480.770327 -8.477655 26.700145 0.725638 0.021555 -0.000627 -0.843002 0.537477
1628061480.869563 -8.455131 26.707302 0.724093 0.021770 -0.001352 -0.844975 0.534361
1628061480.969978 -8.451881 26.722780 0.723981 0.021657 -0.001416 -0.846081 0.532612
1628061481.070203 -8.450503 26.731082 0.728406 0.021301 -0.001313 -0.846582 0.531830
1628061481.170274 -8.460183 26.749639 0.736390 0.020310 -0.001083 -0.846880 0.531394
1628061481.270315 -8.464697 26.763492 0.731193 0.020581 -0.001584 -0.846900 0.531351
1628061481.370487 -8.458182 26.766745 0.723001 0.021123 -0.001350 -0.846757 0.531559
1628061481.470714 -8.466821 26.771191 0.725219 0.021454 -0.000802 -0.846720 0.531605
1628061481.570865 -8.460375 26.769301 0.728789 0.021213 -0.001256 -0.846905 0.531319
1628061481.671062 -8.455539 26.752769 0.730115 0.020901 -0.001213 -0.847359 0.530608
1628061481.771252 -8.460308 26.742228 0.732227 0.019920 -0.001843 -0.847852 0.529856
1628061481.871426 -8.473513 26.746645 0.727985 0.020361 -0.000776 -0.848866 0.528215
1628061481.971639 -8.487399 26.742930 0.727547 0.019904 -0.001742 -0.850754 0.525185
1628061482.071806 -8.472645 26.716667 0.730569 0.018943 -0.001296 -0.852854 0.521804
1628061482.172002 -8.480604 26.694604 0.733628 0.019085 -0.001510 -0.855983 0.516650
1628061482.272296 -8.490494 26.666667 0.732251 0.018623 -0.001260 -0.859446 0.510886
1628061482.372407 -8.504896 26.633944 0.728766 0.018362 -0.000111 -0.864230 0.502762
1628061482.472585 -8.537990 26.596833 0.723713 -0.018411 -0.000548 0.869078 -0.494332
1628061482.572826 -8.572590 26.575594 0.719035 -0.019722 -0.001178 0.874244 -0.485085
1628061482.672938 -8.628527 26.522890 0.717967 -0.019512 -0.001475 0.877994 -0.478272
1628061482.773225 -8.664082 26.430885 0.716926 -0.019929 -0.001884 0.878954 -0.476485
1628061482.873322 -8.704554 26.362088 0.715111 -0.020166 -0.000991 0.877609 -0.478952
1628061482.973508 -8.743567 26.282762 0.716464 -0.020649 0.000002 0.874625 -0.484360
1628061483.073715 -8.759179 26.220003 0.712796 -0.021229 -0.000092 0.869759 -0.493020
1628061483.174119 -8.770415 26.176706 0.712986 0.021489 -0.000045 -0.864580 0.502036
1628061483.274095 -8.786175 26.149125 0.707586 0.021416 0.000461 -0.858745 0.511955
1628061483.374478 -8.804192 26.124108 0.716281 0.020645 -0.000383 -0.853592 0.520533
1628061483.474488 -8.820386 26.107223 0.712017 0.021241 -0.000352 -0.848911 0.528109
1628061483.574639 -8.836432 26.096730 0.706001 0.021249 -0.001806 -0.845065 0.534238
1628061483.674823 -8.841605 26.079107 0.712782 0.021300 -0.000350 -0.841797 0.539374
1628061483.777495 -8.844875 26.073534 0.712768 0.021857 -0.001138 -0.840066 0.542043
1628061483.875223 -8.850592 26.078105 0.706341 0.021822 -0.001256 -0.839096 0.543544
1628061483.978023 -8.850675 26.087548 0.704752 0.021157 -0.001099 -0.838263 0.544854
1628061484.075599 -8.844646 26.087499 0.705217 0.021265 -0.001286 -0.838313 0.544774
1628061484.177869 -8.839182 26.083072 0.706505 0.020946 -0.002069 -0.838540 0.544434
1628061484.276004 -8.835724 26.085796 0.706261 0.021350 -0.001773 -0.839121 0.543522
1628061484.376253 -8.838072 26.088953 0.709641 0.020636 -0.000969 -0.839203 0.543426
1628061484.476408 -8.845216 26.088150 0.705642 0.021301 -0.001740 -0.839471 0.542984
1628061484.577252 -8.840920 26.089541 0.713048 0.019994 -0.001344 -0.839449 0.543068
1628061484.676762 -8.840709 26.094039 0.705488 0.020770 -0.000835 -0.839315 0.543249
1628061484.776928 -8.843585 26.088570 0.706117 0.020395 -0.002068 -0.839562 0.542877
1628061484.877116 -8.850721 26.092807 0.706344 0.021345 -0.001347 -0.840063 0.542068
1628061484.977288 -8.845751 26.102402 0.707918 0.020658 -0.001044 -0.840236 0.541826
1628061485.077480 -8.839355 26.110574 0.708141 0.020847 -0.001343 -0.840404 0.541558
1628061485.177747 -8.835078 26.106313 0.713692 0.020611 -0.001673 -0.840814 0.540929
1628061485.277864 -8.837288 26.102208 0.709173 0.020210 -0.000854 -0.841571 0.539767
1628061485.378048 -8.827720 26.105258 0.709607 0.020549 -0.001277 -0.842049 0.539008
1628061485.478251 -8.823963 26.107558 0.707460 0.021308 -0.000490 -0.842926 0.537608
1628061485.579443 -8.828428 26.105046 0.707764 0.020790 -0.001451 -0.843954 0.536011
1628061485.678603 -8.825414 26.113478 0.710053 0.021066 -0.001298 -0.844915 0.534484
1628061485.783068 -8.824685 26.128808 0.709855 0.021382 -0.001435 -0.846513 0.531936
1628061485.878980 -8.806978 26.140087 0.712475 0.021126 -0.000782 -0.847980 0.529607
1628061485.979182 -8.796129 26.148293 0.716524 0.020954 -0.000904 -0.849549 0.527092
1628061486.079386 -8.781239 26.161522 0.716150 0.020873 -0.000487 -0.851270 0.524312
1628061486.179547 -8.771576 26.151624 0.707885 0.020670 -0.000396 -0.853470 0.520731
1628061486.279802 -8.781842 26.168690 0.708153 0.020775 0.000590 -0.856043 0.516487
1628061486.380151 -8.782012 26.200353 0.716329 0.019768 0.000353 -0.858166 0.512991
1628061486.480227 -8.774781 26.201857 0.718890 0.021777 0.000095 -0.860098 0.509664
1628061486.580349 -8.760415 26.226401 0.715285 0.021358 0.001855 -0.861672 0.507012
1628061486.680532 -8.755612 26.255376 0.715609 0.020882 0.000966 -0.863327 0.504212
1628061486.781996 -8.736349 26.282504 0.709592 0.020760 0.000645 -0.864500 0.502204
1628061486.880896 -8.737938 26.313494 0.706605 0.020966 0.002309 -0.865703 0.500114
1628061486.981061 -8.720014 26.337412 0.706892 -0.021079 -0.000798 0.866855 -0.498113
1628061487.081258 -8.704538 26.350851 0.706500 -0.021416 -0.001142 0.867973 -0.496149
1628061487.181665 -8.694426 26.360659 0.708873 -0.021942 -0.001575 0.869006 -0.494313
1628061487.281631 -8.681804 26.381598 0.711617 -0.021531 -0.000520 0.869843 -0.492858
1628061487.381821 -8.684340 26.407617 0.705355 -0.023115 -0.002937 0.870959 -0.490803
1628061487.482033 -8.677067 26.419033 0.711783 -0.022430 -0.001730 0.871834 -0.489285
1628061487.582269 -8.670658 26.440954 0.704468 -0.021597 -0.002631 0.872532 -0.488073
1628061487.682393 -8.667352 26.466572 0.705579 -0.021809 -0.003007 0.873717 -0.485936
1628061487.782586 -8.664811 26.477020 0.704477 -0.021679 -0.003546 0.874499 -0.484529
1628061487.882802 -8.643556 26.484784 0.716751 -0.021665 -0.001868 0.875177 -0.483315
1628061487.982966 -8.639859 26.506548 0.710984 -0.022421 -0.001577 0.876034 -0.481725
1628061488.083288 -8.630816 26.530750 0.715930 -0.021196 -0.001743 0.876568 -0.480808
1628061488.183339 -8.617523 26.551549 0.722892 -0.021208 -0.001821 0.876876 -0.480245
1628061488.283529 -8.604969 26.566682 0.716011 -0.021901 -0.002476 0.876895 -0.480176
1628061488.384104 -8.595322 26.582975 0.713949 -0.022378 -0.002736 0.876905 -0.480135
1628061488.483899 -8.588038 26.592977 0.716961 -0.020488 -0.001980 0.876904 -0.480224
1628061488.584104 -8.580925 26.601251 0.721105 -0.020992 -0.001259 0.876736 -0.480511
1628061488.684284 -8.573689 26.599682 0.728715 -0.020293 -0.000874 0.876638 -0.480722
1628061488.784474 -8.577842 26.588456 0.726078 -0.020532 -0.000780 0.876937 -0.480166
1628061488.884653 -8.586763 26.571486 0.724248 -0.020909 -0.001552 0.877259 -0.479559
1628061488.984833 -8.579678 26.566108 0.720697 -0.020939 -0.001884 0.877432 -0.479239
1628061489.085035 -8.579999 26.562764 0.720045 -0.019785 -0.001237 0.877975 -0.478295
1628061489.190216 -8.597093 26.552048 0.719275 -0.019622 -0.001427 0.878994 -0.476427
1628061489.285428 -8.610264 26.536316 0.713510 -0.020168 -0.002499 0.880087 -0.474377
1628061489.386714 -8.610747 26.528052 0.710578 -0.019904 -0.003391 0.882033 -0.470755
1628061489.485844 -8.619193 26.495582 0.721487 -0.018935 -0.001234 0.885162 -0.464897
1628061489.586314 -8.628106 26.465590 0.715425 -0.018844 -0.001581 0.888931 -0.457651
1628061489.686162 -8.646048 26.439036 0.718720 -0.018905 -0.001797 0.893308 -0.449044
1628061489.786361 -8.666718 26.416229 0.719279 -0.019235 -0.001097 0.896971 -0.441670
1628061489.886561 -8.721771 26.370361 0.720723 -0.018537 -0.000655 0.899167 -0.437213
1628061489.986820 -8.777974 26.333068 0.714125 -0.019605 -0.001535 0.899301 -0.436889
1628061490.086942 -8.821031 26.286661 0.715700 -0.019554 -0.001705 0.897708 -0.440154
1628061490.187103 -8.868732 26.238410 0.711180 -0.020185 -0.001767 0.895039 -0.445527
1628061490.287301 -8.882563 26.193830 0.706932 -0.019885 -0.001080 0.890716 -0.454124
1628061490.387542 -8.909392 26.164232 0.708635 -0.018837 -0.001938 0.886345 -0.462639
1628061490.487665 -8.934127 26.137299 0.712414 -0.019870 -0.001607 0.881637 -0.471507
1628061490.587867 -8.954761 26.110482 0.710311 -0.020732 -0.000656 0.877227 -0.479628
1628061490.688046 -8.966453 26.095857 0.705246 -0.021100 -0.000577 0.873391 -0.486563
1628061490.788241 -8.960252 26.077841 0.705214 -0.020789 -0.000268 0.870053 -0.492519
1628061490.888430 -8.973520 26.066735 0.707612 -0.020538 0.000227 0.867950 -0.496227
1628061490.988624 -8.971395 26.043564 0.704488 -0.021474 0.000134 0.866487 -0.498737
1628061491.088867 -8.963363 26.024360 0.704361 -0.020819 0.000285 0.865957 -0.499685
1628061491.188992 -8.962540 26.019026 0.698582 -0.021108 0.000318 0.865801 -0.499943
1628061491.289214 -8.956669 26.034505 0.702921 -0.020122 0.001389 0.866242 -0.499217
1628061491.389373 -8.953693 26.057850 0.706194 -0.019601 0.000198 0.866705 -0.498435
1628061491.489585 -8.945487 26.063813 0.704886 -0.019769 0.000222 0.867298 -0.497396
1628061491.589769 -8.946315 26.060938 0.702299 -0.020384 -0.000162 0.867971 -0.496197
1628061491.689989 -8.944001 26.049763 0.704561 -0.020402 0.000622 0.869041 -0.494319
1628061491.790159 -8.939246 26.034660 0.706983 -0.019689 -0.000319 0.869674 -0.493234
1628061491.890341 -8.929800 26.049853 0.703095 -0.020609 -0.000453 0.870829 -0.491153
1628061491.990516 -8.916578 26.069494 0.706113 -0.019907 -0.001594 0.872119 -0.488887
1628061492.090724 -8.917425 26.075274 0.706440 -0.020221 -0.000753 0.873999 -0.485506
1628061492.190891 -8.924610 26.085860 0.706115 -0.020565 -0.002020 0.876071 -0.481740
1628061492.291062 -8.914040 26.088645 0.705024 -0.020766 -0.001928 0.878229 -0.477786
1628061492.391371 -8.901618 26.098151 0.707851 -0.019143 -0.002422 0.880358 -0.473917
1628061492.491477 -8.876399 26.102885 0.710993 -0.020543 -0.001405 0.883003 -0.468916
1628061492.591650 -8.878299 26.113881 0.706603 -0.020571 -0.003129 0.886058 -0.463107
1628061492.691846 -8.860016 26.157150 0.711206 -0.019904 -0.001609 0.889523 -0.456454
1628061492.792066 -8.841288 26.177279 0.713809 -0.020462 -0.001279 0.893043 -0.449503
1628061492.892206 -8.831913 26.196807 0.715074 -0.019734 -0.001773 0.896480 -0.442642
1628061492.992395 -8.822616 26.215655 0.716587 -0.018891 -0.002024 0.900121 -0.435226
1628061493.092599 -8.794164 26.238368 0.714161 -0.020377 -0.001932 0.904038 -0.426961
1628061493.192774 -8.760120 26.258479 0.708823 -0.020964 -0.002234 0.907466 -0.419596
1628061493.292992 -8.739705 26.277845 0.705099 -0.022424 -0.000680 0.910881 -0.412059
1628061493.393169 -8.739526 26.317380 0.712988 -0.020376 -0.001402 0.913375 -0.406607
1628061493.493359 -8.738448 26.350823 0.716652 -0.019896 -0.001405 0.915513 -0.401795
1628061493.593520 -8.727701 26.365187 0.717836 -0.019559 -0.001215 0.916888 -0.398664
1628061493.693720 -8.705460 26.386489 0.712876 -0.019057 -0.002562 0.918141 -0.395787
1628061493.794067 -8.683657 26.410392 0.712521 -0.019560 -0.002197 0.918942 -0.393902
1628061493.894130 -8.675796 26.428268 0.715843 -0.018925 -0.002136 0.919857 -0.391790
1628061493.994284 -8.680736 26.439382 0.719658 -0.019872 -0.002726 0.920266 -0.390778
1628061494.094503 -8.673107 26.457795 0.719763 -0.020638 -0.001985 0.920834 -0.389402
1628061494.194671 -8.663542 26.463741 0.718394 -0.020285 -0.002702 0.921165 -0.388634
1628061494.294846 -8.657062 26.462305 0.719385 -0.019313 -0.002985 0.921313 -0.388330
1628061494.395032 -8.652654 26.465474 0.714290 -0.019740 -0.003102 0.921242 -0.388476
1628061494.495239 -8.665920 26.452216 0.716801 -0.019883 -0.003212 0.921353 -0.388206
1628061494.595438 -8.663140 26.446154 0.720313 -0.020503 -0.002609 0.921420 -0.388019
1628061494.695598 -8.651564 26.446925 0.718121 -0.020166 -0.002893 0.921366 -0.388163
1628061494.795793 -8.664848 26.446445 0.721884 -0.020197 -0.002487 0.921564 -0.387694
1628061494.896022 -8.674685 26.448496 0.722348 -0.020602 -0.003090 0.921412 -0.388028
1628061494.996184 -8.673826 26.453334 0.715681 -0.020462 -0.003057 0.921536 -0.387741
1628061495.096962 -8.671029 26.462925 0.716789 -0.020715 -0.003125 0.921533 -0.387734
1628061495.196560 -8.667868 26.456390 0.718624 -0.020633 -0.002874 0.921335 -0.388210
1628061495.296758 -8.674257 26.442989 0.718661 -0.020379 -0.002684 0.921434 -0.387992
1628061495.396957 -8.668813 26.437225 0.719111 -0.020457 -0.002519 0.921482 -0.387874
1628061495.497113 -8.670898 26.432095 0.716225 -0.020580 -0.003401 0.921581 -0.387624
1628061495.597318 -8.668739 26.440211 0.716277 -0.020093 -0.003151 0.921254 -0.388430
1628061495.697548 -8.667856 26.457610 0.720449 -0.020235 -0.003210 0.921545 -0.387731
1628061495.797676 -8.665801 26.462101 0.717100 -0.021284 -0.002738 0.921503 -0.387778
1628061495.898102 -8.656589 26.446678 0.721436 -0.019752 -0.002963 0.921420 -0.388054
1628061495.998059 -8.671668 26.442424 0.718342 -0.019936 -0.002623 0.921359 -0.388192
1628061496.098794 -8.679083 26.436356 0.716237 -0.020762 -0.002849 0.921254 -0.388396
1628061496.198447 -8.673040 26.423796 0.714659 -0.020542 -0.003520 0.921332 -0.388219
1628061496.298628 -8.665576 26.433005 0.712096 -0.021369 -0.002602 0.921207 -0.388476
1628061496.398835 -8.675205 26.451451 0.721028 -0.020396 -0.001832 0.921155 -0.388657
1628061496.499168 -8.679724 26.447133 0.719433 -0.020127 -0.001305 0.921129 -0.388736
1628061496.599186 -8.675460 26.440262 0.717026 -0.021409 -0.002507 0.920909 -0.389181
1628061496.699420 -8.686014 26.436275 0.723994 -0.020923 -0.002834 0.920976 -0.389046
1628061496.799568 -8.689593 26.423091 0.714450 -0.019906 -0.002209 0.921032 -0.388972
1628061496.900309 -8.678196 26.419445 0.717811 -0.021102 -0.002439 0.920716 -0.389655
1628061496.999980 -8.669191 26.424650 0.715974 -0.020648 -0.002394 0.920813 -0.389451
1628061497.100159 -8.684888 26.424978 0.713228 -0.020563 -0.002787 0.920844 -0.389378
1628061497.200334 -8.690701 26.424123 0.713937 -0.020826 -0.002889 0.920982 -0.389037
1628061497.301316 -8.690908 26.419783 0.716468 -0.020310 -0.002799 0.920955 -0.389129
1628061497.400696 -8.695400 26.432265 0.713542 -0.020903 -0.002789 0.920740 -0.389607
1628061497.501409 -8.691792 26.423353 0.714633 -0.020139 -0.002335 0.920949 -0.389155
1628061497.601094 -8.680455 26.419944 0.717365 -0.019655 -0.001780 0.921019 -0.389018
1628061497.701697 -8.683032 26.416608 0.718579 -0.020010 -0.001911 0.921017 -0.389003
1628061497.801507 -8.690234 26.409524 0.719816 -0.018906 -0.002122 0.921231 -0.388550
1628061497.903324 -8.700917 26.395732 0.714487 -0.018204 -0.001780 0.921486 -0.387982
1628061498.001830 -8.711859 26.382397 0.719480 -0.018052 -0.001033 0.922090 -0.386554
1628061498.103327 -8.734263 26.360538 0.712930 -0.018365 -0.001832 0.922914 -0.384563
1628061498.202273 -8.746716 26.349742 0.710577 -0.018887 -0.002146 0.923720 -0.382595
1628061498.302403 -8.780052 26.338009 0.707653 -0.019465 -0.002501 0.924711 -0.380164
1628061498.402638 -8.788473 26.324015 0.711147 -0.019774 -0.003005 0.925599 -0.377978
1628061498.503149 -8.803338 26.308127 0.710244 -0.018777 -0.003184 0.926773 -0.375139
1628061498.602988 -8.824173 26.289406 0.710799 -0.019546 -0.004031 0.927862 -0.372389
1628061498.703162 -8.835806 26.289323 0.705833 -0.021154 -0.004426 0.928225 -0.371391
1628061498.803400 -8.837792 26.293717 0.700547 -0.021341 -0.004767 0.928301 -0.371186
1628061498.903535 -8.840194 26.302892 0.706196 -0.020919 -0.004858 0.927858 -0.372314
1628061499.003724 -8.821583 26.308458 0.709975 -0.021704 -0.003486 0.926792 -0.374930
1628061499.109238 -8.815316 26.336390 0.708814 -0.022195 -0.003379 0.925007 -0.379286
1628061499.300824 -8.775226 26.376662 0.711252 -0.022978 -0.003179 0.920603 -0.389809
1628061499.308523 -8.773944 26.375662 0.710775 -0.022869 -0.003121 0.920666 -0.389669
1628061499.404483 -8.744215 26.403561 0.713808 -0.023809 -0.003427 0.914381 -0.404139
1628061499.504820 -8.716472 26.438484 0.715510 -0.022712 -0.003755 0.908358 -0.417560
1628061499.604877 -8.699517 26.501945 0.717861 -0.022681 -0.004417 0.901028 -0.433144
1628061499.705092 -8.663955 26.562160 0.724702 -0.021727 -0.004509 0.893262 -0.448989
1628061499.805254 -8.606782 26.591200 0.728138 -0.023374 -0.003634 0.887313 -0.460561
1628061499.905428 -8.544741 26.615334 0.727511 -0.023173 -0.003107 0.885307 -0.464418
1628061500.005692 -8.487228 26.643439 0.725218 -0.023770 -0.002762 0.887747 -0.459709
1628061500.105798 -8.413176 26.669712 0.731673 -0.022512 -0.002256 0.893656 -0.448181
1628061500.206001 -8.352267 26.712686 0.743719 -0.022442 -0.001785 0.901044 -0.433144
1628061500.306201 -8.312993 26.782304 0.738815 -0.022879 -0.002846 0.908625 -0.416976
1628061500.406400 -8.276842 26.864687 0.743325 -0.022664 -0.002823 0.915031 -0.402736
1628061500.506671 -8.249942 26.969769 0.752740 -0.022718 -0.002494 0.917453 -0.397187
1628061500.606751 -8.220310 27.071912 0.756017 -0.025715 0.000177 0.916047 -0.400246
1628061500.707651 -8.193328 27.165824 0.758933 -0.027705 0.002458 0.912046 -0.409143
1628061500.807117 -8.157070 27.229149 0.757615 -0.028692 0.003825 0.906379 -0.421473
1628061500.907331 -8.124361 27.273855 0.753931 -0.028822 0.002576 0.900687 -0.433504
1628061501.007526 -8.086919 27.287982 0.751096 -0.027704 -0.000115 0.894457 -0.446295
1628061501.108361 -8.046072 27.300976 0.756827 -0.027794 0.000551 0.888959 -0.457142
1628061501.207916 -8.020171 27.314592 0.767175 -0.027134 0.001714 0.884560 -0.465633
1628061501.308119 -8.002873 27.321758 0.753954 -0.028380 0.000723 0.881529 -0.471276
1628061501.408281 -7.986839 27.312537 0.761197 -0.029122 0.002065 0.879601 -0.474815
1628061501.508445 -7.978811 27.308387 0.763188 -0.028347 0.001925 0.879411 -0.475216
1628061501.608644 -7.980014 27.300701 0.761755 -0.029129 0.001578 0.880076 -0.473937
1628061501.708817 -7.979183 27.287018 0.768256 -0.029645 0.002591 0.881631 -0.471000
1628061501.809041 -7.988300 27.270577 0.766126 -0.029570 0.002129 0.883538 -0.467421
1628061501.909656 -8.003145 27.263661 0.751626 -0.029836 0.000193 0.886108 -0.462518
1628061502.009386 -8.010437 27.249138 0.757322 -0.028722 0.001256 0.888971 -0.457061
1628061502.114643 -8.022747 27.232385 0.759075 -0.028642 0.001070 0.892428 -0.450278
1628061502.209782 -8.023928 27.209411 0.760574 -0.028269 0.002211 0.896171 -0.442802
1628061502.316373 -8.037427 27.177774 0.761174 -0.027407 0.001326 0.900425 -0.434146
1628061502.410175 -8.065049 27.148412 0.763200 -0.027402 0.002438 0.904753 -0.425046
1628061502.510330 -8.097298 27.127903 0.756707 -0.027086 0.001874 0.909374 -0.415092
1628061502.610548 -8.132329 27.103290 0.757222 -0.026267 0.002599 0.914224 -0.404349
1628061502.713414 -8.162110 27.065172 0.758935 -0.025819 0.002292 0.919044 -0.393301
1628061502.810934 -8.188049 27.043044 0.754178 -0.025963 0.001829 0.923741 -0.382132
1628061502.911300 -8.233581 27.035433 0.747975 -0.025395 0.000880 0.928227 -0.371145
1628061503.011311 -8.267855 27.005356 0.742024 -0.024684 0.000131 0.932899 -0.359290
1628061503.113023 -8.281908 26.963497 0.738534 -0.022763 -0.001633 0.937464 -0.347334
1628061503.211715 -8.305602 26.926802 0.734502 -0.020341 -0.004307 0.942133 -0.334594
1628061503.311911 -8.320380 26.901706 0.736792 -0.018623 -0.006785 0.946141 -0.323147
1628061503.412060 -8.343337 26.878511 0.734683 -0.018739 -0.008699 0.950287 -0.310689
1628061503.512252 -8.382443 26.859066 0.743931 -0.019794 -0.007224 0.954119 -0.298685
1628061503.612453 -8.423938 26.840694 0.743919 -0.019400 -0.005385 0.957910 -0.286362
1628061503.712785 -8.450949 26.826389 0.743432 -0.019024 -0.004909 0.961403 -0.274443
1628061503.812824 -8.475407 26.809087 0.735008 -0.018909 -0.006528 0.964432 -0.263571
1628061503.913004 -8.490051 26.808300 0.736120 -0.018445 -0.006673 0.966594 -0.255562
1628061504.013187 -8.512800 26.787507 0.738347 -0.018720 -0.006698 0.967965 -0.250296
1628061504.113376 -8.529118 26.785960 0.736894 -0.018049 -0.006094 0.968339 -0.248911
1628061504.215853 -8.538882 26.777316 0.730375 -0.018656 -0.006221 0.967969 -0.250300
1628061504.313756 -8.569997 26.754394 0.729801 -0.019889 -0.005490 0.967259 -0.252950
1628061504.413943 -8.601316 26.727751 0.730632 -0.019669 -0.006212 0.966388 -0.256258
1628061504.514111 -8.619272 26.717237 0.725961 -0.020583 -0.006476 0.965325 -0.260158
1628061504.616803 -8.644843 26.709607 0.729926 -0.021154 -0.006968 0.964794 -0.262061
1628061504.714949 -8.656187 26.705186 0.728077 -0.021461 -0.006690 0.964467 -0.263246
1628061504.814684 -8.654741 26.702587 0.720680 -0.021410 -0.006628 0.964719 -0.262324
1628061504.914875 -8.643137 26.716809 0.722801 -0.021048 -0.006177 0.965053 -0.261135
1628061505.015082 -8.640605 26.727022 0.731462 -0.021514 -0.006213 0.965876 -0.258035
1628061505.115248 -8.630192 26.736306 0.729159 -0.021199 -0.005990 0.967001 -0.253819
1628061505.215531 -8.618349 26.745181 0.730885 -0.021666 -0.006185 0.968445 -0.248208
1628061505.315627 -8.596056 26.749532 0.725032 -0.022160 -0.006566 0.970281 -0.240876
1628061505.415837 -8.564621 26.756402 0.726320 -0.021872 -0.006566 0.972497 -0.231792
1628061505.516006 -8.522241 26.774682 0.727693 -0.022332 -0.007003 0.974888 -0.221464
1628061505.616254 -8.452060 26.800715 0.733537 -0.022806 -0.007453 0.977010 -0.211840
1628061505.716397 -8.370556 26.842427 0.734889 -0.022098 -0.007426 0.977972 -0.207432
1628061505.816588 -8.295137 26.885360 0.736094 -0.022525 -0.006931 0.977691 -0.208721
1628061505.916756 -8.213927 26.918088 0.746293 -0.020561 -0.007687 0.976163 -0.215926
1628061506.016947 -8.156695 26.932682 0.751874 -0.020478 -0.007747 0.974150 -0.224837
1628061506.117204 -8.085419 26.952171 0.756001 -0.024226 -0.004782 0.971441 -0.235995
1628061506.217320 -8.018336 27.006157 0.751926 -0.027256 -0.002744 0.967690 -0.250651
1628061506.317595 -7.959777 27.037555 0.755710 -0.027721 -0.001822 0.963929 -0.264707
1628061506.417720 -7.919730 27.066275 0.758694 -0.028498 -0.003877 0.959782 -0.279271
1628061506.517931 -7.911268 27.090651 0.746862 -0.030624 -0.008718 0.955935 -0.291847
1628061506.618089 -7.880229 27.118377 0.757293 -0.030349 -0.010782 0.951952 -0.304548
1628061506.718650 -7.853310 27.138179 0.762260 -0.028745 -0.010754 0.948903 -0.314071
1628061506.818486 -7.822790 27.153954 0.768734 -0.030292 -0.009094 0.945855 -0.323045
1628061506.918640 -7.803724 27.163404 0.770686 -0.031277 -0.007722 0.943242 -0.330540
1628061507.018958 -7.795787 27.173921 0.775509 -0.030521 -0.005957 0.941534 -0.335481
1628061507.119022 -7.795039 27.174155 0.772660 -0.030557 -0.004855 0.940673 -0.337901
1628061507.219239 -7.799752 27.194764 0.769174 -0.030071 -0.003909 0.940282 -0.339042
1628061507.319666 -7.816245 27.200223 0.768331 -0.030906 -0.004034 0.940764 -0.337626
1628061507.419702 -7.818789 27.189553 0.762716 -0.031904 -0.005763 0.941408 -0.335709
1628061507.519808 -7.826069 27.179472 0.762490 -0.032170 -0.007211 0.942320 -0.333085
1628061507.620004 -7.838822 27.162265 0.761813 -0.032175 -0.008609 0.943260 -0.330381
1628061507.720179 -7.848444 27.168349 0.764882 -0.032539 -0.008936 0.944161 -0.327752
1628061507.820395 -7.850497 27.166801 0.765733 -0.033022 -0.008469 0.944771 -0.325954
1628061507.921911 -7.853073 27.152269 0.766477 -0.032558 -0.007690 0.945391 -0.324217
1628061508.020752 -7.847889 27.149811 0.764228 -0.032220 -0.008343 0.945621 -0.323564
1628061508.120922 -7.848185 27.158919 0.763303 -0.032236 -0.008466 0.945716 -0.323279
1628061508.221107 -7.851750 27.167491 0.767354 -0.032443 -0.008270 0.945734 -0.323213
1628061508.321306 -7.851390 27.176566 0.764213 -0.031582 -0.008075 0.945760 -0.323225
1628061508.421493 -7.854318 27.174086 0.761898 -0.031909 -0.008008 0.945641 -0.323545
1628061508.521670 -7.856791 27.161081 0.763717 -0.031999 -0.008143 0.945772 -0.323149
1628061508.621895 -7.843245 27.151221 0.764426 -0.032472 -0.007511 0.945772 -0.323118
1628061508.722057 -7.837008 27.147417 0.763820 -0.032123 -0.007709 0.945758 -0.323187
1628061508.822246 -7.845515 27.152502 0.765512 -0.032026 -0.007739 0.945895 -0.322796
1628061508.922422 -7.856941 27.157007 0.765377 -0.031638 -0.007374 0.946282 -0.321705
1628061509.022618 -7.865950 27.153258 0.758938 -0.031590 -0.008174 0.946609 -0.320729
1628061509.122818 -7.870798 27.140245 0.758745 -0.031719 -0.007792 0.947162 -0.319090
1628061509.223032 -7.872349 27.132834 0.762255 -0.031354 -0.007877 0.947862 -0.317036
1628061509.323215 -7.888224 27.125519 0.760170 -0.031217 -0.008158 0.948791 -0.314254
1628061509.423393 -7.900321 27.117557 0.757883 -0.030527 -0.008308 0.949909 -0.310922
1628061509.523575 -7.919045 27.111345 0.758769 -0.030451 -0.008374 0.951247 -0.306810
1628061509.623836 -7.934361 27.098110 0.758838 -0.030266 -0.008751 0.952757 -0.302096
1628061509.723948 -7.965672 27.073435 0.754992 -0.030179 -0.008401 0.954447 -0.296732
1628061509.824157 -8.001081 27.070012 0.762893 -0.029781 -0.007934 0.956096 -0.291427
1628061509.924334 -8.012121 27.057871 0.761158 -0.029404 -0.006336 0.957830 -0.285758
1628061510.024534 -8.042887 27.036609 0.758694 -0.027609 -0.004132 0.959785 -0.279344
1628061510.124700 -8.057993 27.015983 0.753087 -0.027771 -0.001934 0.961822 -0.272255
1628061510.224913 -8.086918 27.006440 0.745995 -0.028232 -0.000951 0.963918 -0.264696
1628061510.325070 -8.126366 26.992198 0.743930 -0.028889 -0.000783 0.965767 -0.257797
1628061510.425274 -8.151433 26.981021 0.738730 -0.027157 -0.001920 0.967603 -0.251003
1628061510.525500 -8.183263 26.966001 0.743927 -0.026514 -0.001561 0.969282 -0.244514
1628061510.625784 -8.205688 26.937228 0.745388 -0.027949 -0.001674 0.970777 -0.238345
1628061510.725833 -8.219487 26.909754 0.745987 -0.026504 -0.001598 0.972228 -0.232525
1628061510.826042 -8.235970 26.903297 0.744220 -0.024919 -0.001976 0.973447 -0.227543
1628061510.926213 -8.249464 26.902766 0.739271 -0.022341 -0.004321 0.974489 -0.223280
1628061511.026884 -8.261241 26.893427 0.741468 -0.019655 -0.006962 0.975337 -0.219736
1628061511.126632 -8.275774 26.871130 0.735265 -0.019558 -0.009811 0.975649 -0.218244
1628061511.228936 -8.285818 26.858160 0.741862 -0.020449 -0.009720 0.975604 -0.218367
1628061511.326974 -8.305128 26.865568 0.752243 -0.020704 -0.006983 0.975411 -0.219308
1628061511.427794 -8.314944 26.855908 0.739439 -0.020312 -0.006560 0.975189 -0.220343
1628061511.527376 -8.326167 26.843290 0.737274 -0.020899 -0.006458 0.974856 -0.221758
1628061511.627760 -8.319254 26.826526 0.737418 -0.021902 -0.007397 0.974609 -0.222716
1628061511.727726 -8.328223 26.831544 0.742843 -0.021241 -0.007430 0.974812 -0.221888
1628061511.827927 -8.324680 26.831710 0.742843 -0.020400 -0.006946 0.975205 -0.220249
1628061511.928133 -8.327299 26.844812 0.738810 -0.021999 -0.007309 0.975735 -0.217725
1628061512.028351 -8.311947 26.862251 0.737965 -0.021234 -0.007962 0.976340 -0.215047
1628061512.128488 -8.303813 26.865945 0.739200 -0.021762 -0.008858 0.977442 -0.209893
1628061512.228663 -8.289594 26.877049 0.734774 -0.022201 -0.008666 0.978768 -0.203580
1628061512.328882 -8.271827 26.891629 0.739890 -0.022803 -0.008156 0.980454 -0.195253
1628061512.431952 -8.245909 26.918311 0.738276 -0.023134 -0.006801 0.982367 -0.185403
1628061512.529228 -8.219028 26.950921 0.749793 -0.027175 -0.003563 0.984276 -0.174496
1628061512.629424 -8.184431 26.982978 0.754760 -0.029156 -0.001329 0.986009 -0.164117
1628061512.729623 -8.122999 26.995400 0.747490 -0.028561 -0.002191 0.986822 -0.159253
1628061512.833918 -8.053480 26.988202 0.752069 -0.028970 -0.006190 0.986877 -0.158734
1628061512.929999 -7.987251 26.992651 0.750261 -0.030190 -0.010716 0.986433 -0.161010
1628061513.030246 -7.947476 26.985006 0.758745 -0.029096 -0.012374 0.985700 -0.165515
1628061513.130387 -7.913926 26.994540 0.755003 -0.028748 -0.011825 0.984967 -0.169925
1628061513.231196 -7.896509 27.014709 0.751779 -0.029470 -0.010489 0.984000 -0.175401
1628061513.330814 -7.889707 27.025503 0.759115 -0.030161 -0.009470 0.983235 -0.179582
1628061513.434339 -7.872363 27.035453 0.763047 -0.029764 -0.009909 0.982542 -0.183380
1628061513.531136 -7.865679 27.037688 0.762082 -0.029859 -0.011175 0.982122 -0.185528
1628061513.631328 -7.876583 27.051883 0.760189 -0.030233 -0.010782 0.981980 -0.186238
1628061513.731512 -7.885988 27.057602 0.759858 -0.030351 -0.010717 0.982157 -0.185290
1628061513.831872 -7.892894 27.056589 0.764938 -0.030753 -0.009972 0.982377 -0.184093
1628061513.931875 -7.905422 27.044892 0.766584 -0.031013 -0.009555 0.982704 -0.182315
1628061514.032289 -7.896980 27.021963 0.759532 -0.031097 -0.010236 0.982939 -0.180995
1628061514.132293 -7.904380 27.014011 0.763580 -0.030778 -0.010059 0.983266 -0.179276
1628061514.232444 -7.911040 26.999451 0.757751 -0.030635 -0.010347 0.983592 -0.177489
1628061514.332637 -7.918522 27.005515 0.758626 -0.030259 -0.010564 0.983834 -0.176189
1628061514.432838 -7.923833 27.018973 0.766442 -0.030017 -0.009907 0.984158 -0.174452
1628061514.533007 -7.945909 27.027990 0.759581 -0.029939 -0.010428 0.984614 -0.171844
1628061514.633276 -7.966451 27.019551 0.752809 -0.030494 -0.010958 0.985132 -0.168714
1628061514.733385 -7.973351 27.007256 0.755711 -0.029360 -0.009949 0.985721 -0.165507
1628061514.833609 -8.003739 27.015097 0.751034 -0.029316 -0.010363 0.986491 -0.160838
1628061514.933761 -8.032586 27.023961 0.748721 -0.028475 -0.010945 0.987277 -0.156056
1628061515.035735 -8.051977 27.005343 0.743102 -0.029213 -0.010998 0.988125 -0.150446
1628061515.134212 -8.070957 26.974709 0.745534 -0.027488 -0.010349 0.989031 -0.144756
1628061515.234328 -8.099916 26.971988 0.760873 -0.025104 -0.008934 0.989876 -0.139410
1628061515.334552 -8.160233 26.977449 0.757114 -0.024546 -0.006035 0.990778 -0.133117
1628061515.434717 -8.182794 26.972737 0.746970 -0.024056 -0.003965 0.991457 -0.128133
1628061515.534907 -8.212980 26.952680 0.749886 -0.024339 -0.003664 0.991943 -0.124272
1628061515.636056 -8.222416 26.935959 0.753858 -0.020220 -0.005660 0.992390 -0.121330
1628061515.735365 -8.233462 26.925768 0.751179 -0.017618 -0.008127 0.992622 -0.119688
1628061515.835467 -8.269473 26.923444 0.736126 -0.019947 -0.011872 0.992614 -0.119074
1628061515.935676 -8.300036 26.916592 0.738751 -0.022206 -0.012205 0.992486 -0.119704
1628061516.035843 -8.311116 26.907848 0.738991 -0.021968 -0.009812 0.992328 -0.121271
1628061516.136075 -8.329560 26.900220 0.739439 -0.021489 -0.008875 0.992215 -0.122349
1628061516.236254 -8.338363 26.907132 0.730983 -0.021710 -0.009643 0.992126 -0.122971
1628061516.336412 -8.329956 26.891652 0.736778 -0.021278 -0.010427 0.992083 -0.123325
1628061516.437846 -8.315058 26.888923 0.741308 -0.020735 -0.010280 0.992223 -0.122301
1628061516.536792 -8.296168 26.893055 0.737230 -0.021610 -0.010170 0.992340 -0.121206
1628061516.636973 -8.293720 26.893804 0.745909 -0.020802 -0.009553 0.992542 -0.119731
1628061516.737168 -8.292858 26.894695 0.743879 -0.019718 -0.009576 0.992747 -0.118207
1628061516.841711 -8.294760 26.906700 0.735824 -0.020671 -0.010352 0.992978 -0.116020
1628061516.937561 -8.295040 26.914285 0.737385 -0.020920 -0.010687 0.993345 -0.112756
1628061517.038052 -8.299800 26.915862 0.740233 -0.021543 -0.010309 0.993767 -0.108890
1628061517.137931 -8.284211 26.920447 0.741441 -0.021354 -0.010286 0.994238 -0.104539
1628061517.238426 -8.250811 26.934369 0.748986 -0.020463 -0.010399 0.994669 -0.100532
1628061517.338300 -8.220973 26.942972 0.748631 -0.020665 -0.010360 0.995072 -0.096422
1628061517.440771 -8.197104 26.943284 0.749559 -0.021871 -0.009213 0.995466 -0.092107
1628061517.538868 -8.183108 26.947288 0.749896 -0.023711 -0.007108 0.995643 -0.089902
1628061517.641934 -8.179818 26.957002 0.755672 -0.021785 -0.005247 0.995831 -0.088422
1628061517.739048 -8.181394 26.957684 0.750651 -0.021660 -0.005261 0.995868 -0.088030
1628061517.839269 -8.175968 26.953515 0.741290 -0.021324 -0.005694 0.995854 -0.088247
1628061517.939464 -8.166780 26.948695 0.749819 -0.022306 -0.005991 0.995740 -0.089262
1628061518.039708 -8.162779 26.947143 0.749377 -0.021900 -0.006171 0.995691 -0.089896
1628061518.139825 -8.169387 26.950708 0.747737 -0.021522 -0.005762 0.995648 -0.090489
1628061518.239997 -8.189948 26.947117 0.745098 -0.020076 -0.007273 0.995627 -0.090947
1628061518.340194 -8.212193 26.946258 0.740518 -0.017527 -0.009190 0.995626 -0.091306
1628061518.440384 -8.223269 26.932981 0.733820 -0.018678 -0.010730 0.995570 -0.091525
1628061518.540633 -8.235980 26.934055 0.747846 -0.019469 -0.011040 0.995523 -0.091836
1628061518.641068 -8.245218 26.938610 0.746192 -0.019602 -0.010175 0.995497 -0.092187
1628061518.741091 -8.240692 26.936195 0.745795 -0.019334 -0.009318 0.995493 -0.092376
1628061518.841136 -8.244972 26.921909 0.744614 -0.019682 -0.009953 0.995474 -0.092440
1628061518.941331 -8.249675 26.912775 0.742211 -0.019337 -0.010333 0.995476 -0.092444
1628061519.041529 -8.249002 26.915058 0.746806 -0.019092 -0.010400 0.995463 -0.092634
1628061519.141715 -8.248958 26.921696 0.748834 -0.018860 -0.009539 0.995481 -0.092582
1628061519.242032 -8.261570 26.922509 0.746737 -0.019229 -0.009762 0.995537 -0.091871
1628061519.342093 -8.248551 26.932714 0.743717 -0.018379 -0.010101 0.995470 -0.092732
1628061519.442262 -8.240530 26.937728 0.741321 -0.019214 -0.010189 0.995446 -0.092811
1628061519.542464 -8.235767 26.926999 0.745817 -0.019235 -0.009714 0.995473 -0.092572
1628061519.642660 -8.248319 26.931536 0.741155 -0.019227 -0.010018 0.995475 -0.092513
1628061519.742854 -8.257606 26.926759 0.741665 -0.019018 -0.010149 0.995494 -0.092338
1628061519.843053 -8.242235 26.934150 0.738933 -0.019211 -0.010731 0.995447 -0.092739
1628061519.943236 -8.240192 26.929466 0.743249 -0.019720 -0.010525 0.995472 -0.092387
1628061520.043435 -8.238985 26.919687 0.747431 -0.019284 -0.009812 0.995470 -0.092584
1628061520.143600 -8.248141 26.929229 0.742114 -0.019168 -0.010001 0.995470 -0.092583
1628061520.243799 -8.260756 26.928470 0.746153 -0.018988 -0.009775 0.995505 -0.092267
1628061520.343973 -8.272294 26.935882 0.745508 -0.019185 -0.010074 0.995536 -0.091865
1628061520.444154 -8.281675 26.942089 0.736118 -0.019900 -0.010976 0.995558 -0.091365
1628061520.544425 -8.263938 26.934576 0.741015 -0.019378 -0.010336 0.995519 -0.091976
1628061520.644641 -8.246592 26.927961 0.745095 -0.017723 -0.009848 0.995487 -0.092709
1628061520.744733 -8.252393 26.925084 0.746202 -0.019338 -0.009867 0.995511 -0.092125
1628061520.844916 -8.250383 26.927186 0.743402 -0.019408 -0.010615 0.995462 -0.092556
1628061520.945105 -8.253444 26.918472 0.743617 -0.018958 -0.010809 0.995570 -0.091460
1628061521.045294 -8.250681 26.922076 0.746259 -0.018424 -0.009850 0.995518 -0.092238
1628061521.145497 -8.249819 26.923895 0.740514 -0.019023 -0.009518 0.995499 -0.092353
1628061521.245688 -8.257679 26.941547 0.736870 -0.020330 -0.010420 0.995441 -0.092601
1628061521.345862 -8.258732 26.944522 0.735613 -0.020319 -0.010623 0.995478 -0.092179
1628061521.446048 -8.256486 26.935491 0.737884 -0.019751 -0.011133 0.995505 -0.091955
1628061521.546252 -8.259914 26.929799 0.739076 -0.019324 -0.010591 0.995498 -0.092180
1628061521.646421 -8.265462 26.930790 0.741046 -0.019221 -0.009955 0.995490 -0.092364
1628061521.746634 -8.260591 26.931421 0.747743 -0.019006 -0.009801 0.995514 -0.092171
1628061521.846865 -8.244192 26.927591 0.747493 -0.018635 -0.009907 0.995485 -0.092544
1628061521.947002 -8.228700 26.920841 0.743477 -0.018463 -0.010302 0.995423 -0.093195
1628061522.047215 -8.224816 26.929048 0.738747 -0.018558 -0.009963 0.995432 -0.093119
1628061522.147399 -8.237944 26.936692 0.740416 -0.019344 -0.010315 0.995417 -0.093083
1628061522.247578 -8.254159 26.939417 0.744286 -0.018737 -0.010000 0.995489 -0.092475
1628061522.347772 -8.250759 26.938651 0.747661 -0.019410 -0.009854 0.995481 -0.092427
1628061522.447998 -8.235514 26.924252 0.742696 -0.019184 -0.009874 0.995425 -0.093082
1628061522.548135 -8.233685 26.926352 0.745044 -0.018633 -0.009890 0.995434 -0.093090
1628061522.648338 -8.228688 26.926871 0.745019 -0.019130 -0.010237 0.995416 -0.093148
1628061522.748528 -8.230147 26.922671 0.745753 -0.019446 -0.010098 0.995444 -0.092796
1628061522.848731 -8.234065 26.920521 0.741623 -0.018954 -0.010251 0.995479 -0.092507
1628061522.948881 -8.235396 26.920099 0.745608 -0.019020 -0.009936 0.995518 -0.092110
1628061523.049102 -8.240661 26.921839 0.747868 -0.018641 -0.009707 0.995472 -0.092701
1628061523.149299 -8.263341 26.933307 0.740196 -0.019133 -0.010393 0.995493 -0.092304
1628061523.249452 -8.269297 26.940963 0.745948 -0.018664 -0.009805 0.995510 -0.092278
1628061523.349648 -8.242965 26.928362 0.744792 -0.018344 -0.010038 0.995497 -0.092455
1628061523.449830 -8.230520 26.930670 0.742861 -0.018575 -0.010056 0.995456 -0.092846
1628061523.550025 -8.224016 26.919669 0.744424 -0.019156 -0.009903 0.995437 -0.092955
1628061523.650219 -8.231390 26.917314 0.745190 -0.018431 -0.009992 0.995475 -0.092685
1628061523.750402 -8.238084 26.929043 0.739919 -0.018470 -0.009787 0.995485 -0.092586
1628061523.850601 -8.240383 26.932949 0.740492 -0.017622 -0.009778 0.995480 -0.092804
1628061523.950803 -8.245275 26.929426 0.741696 -0.019130 -0.009756 0.995508 -0.092207
1628061524.050987 -8.246917 26.924628 0.745295 -0.018815 -0.010429 0.995481 -0.092487
1628061524.152119 -8.238632 26.925791 0.744378 -0.019309 -0.010493 0.995475 -0.092443
1628061524.251341 -8.248310 26.928674 0.738149 -0.019164 -0.010244 0.995499 -0.092246
1628061524.351719 -8.258083 26.931537 0.741606 -0.019260 -0.010183 0.995475 -0.092496
1628061524.451744 -8.264873 26.932273 0.744479 -0.018704 -0.009885 0.995502 -0.092347
1628061524.551929 -8.252693 26.940764 0.740303 -0.019558 -0.010457 0.995468 -0.092474
1628061524.652108 -8.246196 26.929257 0.739022 -0.019176 -0.010421 0.995444 -0.092815
1628061524.752332 -8.239254 26.927794 0.741651 -0.020023 -0.010494 0.995441 -0.092666
1628061524.852483 -8.257520 26.918141 0.744766 -0.018433 -0.010247 0.995527 -0.092088
1628061524.956282 -8.272633 26.913594 0.739888 -0.017635 -0.010763 0.995552 -0.091923
1628061525.052866 -8.282299 26.911258 0.743689 -0.018094 -0.010500 0.995608 -0.091254
1628061525.153127 -8.276612 26.908475 0.743284 -0.017548 -0.010571 0.995650 -0.090892
1628061525.253226 -8.281123 26.919069 0.738983 -0.017983 -0.010223 0.995808 -0.089093
1628061525.353530 -8.284271 26.925389 0.741809 -0.017964 -0.009508 0.995941 -0.087688
1628061525.453629 -8.293420 26.912053 0.743793 -0.017601 -0.010231 0.996169 -0.085049
1628061525.555663 -8.319858 26.908589 0.740399 -0.017856 -0.010915 0.996425 -0.081844
1628061525.654024 -8.337799 26.904927 0.746728 -0.017756 -0.010260 0.996633 -0.079381
1628061525.754540 -8.380936 26.895647 0.740441 -0.018201 -0.010343 0.996867 -0.076274
1628061525.854371 -8.417281 26.882144 0.743209 -0.018386 -0.009775 0.997013 -0.074370
1628061525.954798 -8.457157 26.868255 0.745335 -0.018610 -0.010039 0.997008 -0.074354
1628061526.054739 -8.499930 26.865341 0.745388 -0.019098 -0.009645 0.996781 -0.077268
1628061526.157900 -8.530752 26.863247 0.741641 -0.019767 -0.010069 0.996417 -0.081611
1628061526.255135 -8.554637 26.861216 0.728110 -0.020444 -0.010362 0.996065 -0.085613
1628061526.357842 -8.565380 26.863379 0.727269 -0.019719 -0.010248 0.995682 -0.090128
1628061526.455545 -8.547514 26.859362 0.732371 -0.019119 -0.010068 0.995420 -0.093128
1628061526.555733 -8.543738 26.856011 0.728137 -0.020920 -0.010431 0.995297 -0.094011
1628061526.655902 -8.538103 26.843097 0.731281 -0.020607 -0.009383 0.995381 -0.093296
1628061526.756073 -8.520676 26.851648 0.733529 -0.020540 -0.009344 0.995611 -0.090825
1628061526.856290 -8.517499 26.870358 0.739468 -0.020247 -0.008791 0.995958 -0.087064
1628061526.962919 -8.498194 26.891409 0.737101 -0.020727 -0.009797 0.996419 -0.081391
1628061527.056651 -8.486398 26.914241 0.733029 -0.020829 -0.009756 0.996962 -0.074412
1628061527.156829 -8.454213 26.934098 0.735669 -0.021481 -0.010743 0.997548 -0.065733
1628061527.257078 -8.396434 26.932427 0.738412 -0.021253 -0.009690 0.998215 -0.054962
1628061527.357200 -8.345580 26.941641 0.742290 -0.019101 -0.009172 0.998888 -0.042121
1628061527.457402 -8.271966 26.955085 0.741808 -0.020135 -0.010151 0.999373 -0.027291
1628061527.557891 -8.225600 26.962740 0.738063 -0.019368 -0.009939 0.999712 -0.010077
1628061527.658391 -8.172434 26.961165 0.742824 -0.019404 -0.010549 0.999720 0.008464
1628061527.758124 -8.109090 26.979419 0.746949 -0.019708 -0.011634 0.999344 0.028074
1628061527.858183 -8.058388 26.986605 0.761410 -0.021040 -0.013378 0.998564 0.047408
1628061527.958338 -8.014015 26.973848 0.760339 -0.025413 -0.017106 0.997327 0.066330
1628061528.058584 -7.982211 26.952357 0.749008 -0.027075 -0.016698 0.996388 0.078737
1628061528.159307 -7.957121 26.923447 0.752805 -0.027143 -0.014553 0.996098 0.082706
1628061528.258936 -7.942603 26.889860 0.756800 -0.026418 -0.013365 0.996357 0.079978
1628061528.359103 -7.936370 26.869430 0.760573 -0.027563 -0.012644 0.996970 0.071630
1628061528.459305 -7.900841 26.851676 0.763691 -0.028493 -0.013825 0.997606 0.061482
1628061528.559504 -7.862956 26.854039 0.770309 -0.028243 -0.013897 0.998197 0.051111
1628061528.659671 -7.811846 26.851537 0.760054 -0.030357 -0.015706 0.998589 0.040645
1628061528.759848 -7.756997 26.856171 0.763480 -0.029436 -0.015106 0.998950 0.031689
1628061528.860053 -7.719996 26.865180 0.763225 -0.030127 -0.015300 0.999103 0.025520
1628061528.960271 -7.694481 26.865413 0.764893 -0.029197 -0.014713 0.999235 0.021450
1628061529.060434 -7.680070 26.864556 0.766405 -0.030638 -0.014823 0.999227 0.019663
1628061529.168464 -7.677345 26.858250 0.763566 -0.030402 -0.015148 0.999221 0.020105
1628061529.260834 -7.675999 26.858464 0.764347 -0.030658 -0.014708 0.999195 0.021287
1628061529.362103 -7.672210 26.863445 0.765347 -0.030786 -0.014106 0.999149 0.023534
1628061529.461200 -7.673845 26.874645 0.765273 -0.030943 -0.013843 0.999090 0.025892
1628061529.561383 -7.689545 26.890150 0.764034 -0.030498 -0.014156 0.999034 0.028281
1628061529.661563 -7.703247 26.884212 0.761551 -0.030583 -0.014259 0.998964 0.030520
1628061529.763443 -7.714244 26.873708 0.765691 -0.030264 -0.014359 0.998909 0.032540
1628061529.861938 -7.720787 26.869669 0.764716 -0.029799 -0.014273 0.998879 0.033892
1628061529.962322 -7.719455 26.871728 0.764250 -0.029331 -0.014120 0.998837 0.035571
1628061530.062394 -7.717788 26.873791 0.768748 -0.029108 -0.013878 0.998738 0.038496
1628061530.162508 -7.731362 26.884577 0.764360 -0.028684 -0.014040 0.998627 0.041519
1628061530.262690 -7.743348 26.886664 0.765826 -0.028939 -0.013819 0.998450 0.045488
1628061530.362910 -7.766740 26.895708 0.765789 -0.029157 -0.013793 0.998219 0.050189
1628061530.463063 -7.778347 26.875933 0.769602 -0.028580 -0.013361 0.998000 0.054771
1628061530.566410 -7.789563 26.866651 0.763319 -0.028260 -0.013807 0.997691 0.060194
1628061530.663445 -7.819233 26.874474 0.761520 -0.028419 -0.014614 0.997315 0.065885
1628061530.763723 -7.846658 26.881725 0.754749 -0.027265 -0.014735 0.996879 0.072614
1628061530.863845 -7.867870 26.887010 0.757469 -0.027508 -0.014429 0.996391 0.078997
1628061530.964541 -7.875465 26.886843 0.762390 -0.026867 -0.014700 0.995860 0.085582
1628061531.064209 -7.893092 26.894160 0.762035 -0.026266 -0.014766 0.995263 0.092437
1628061531.166212 -7.931262 26.879439 0.756539 -0.025758 -0.015434 0.994567 0.099678
1628061531.264588 -7.959566 26.869841 0.756676 -0.026343 -0.015903 0.993824 0.106616
1628061531.365058 -7.992543 26.872386 0.752948 -0.025819 -0.016077 0.993016 0.113988
1628061531.464952 -8.016431 26.889187 0.753204 -0.025449 -0.015955 0.992281 0.120317
1628061531.565140 -8.032373 26.912607 0.755200 -0.024263 -0.016252 0.991534 0.126518
1628061531.665982 -8.057927 26.922595 0.759653 -0.023592 -0.016481 0.990616 0.133608
1628061531.765702 -8.081449 26.927122 0.753063 -0.021401 -0.018498 0.989530 0.141529
1628061531.865721 -8.088603 26.913313 0.759797 -0.019996 -0.021184 0.988508 0.148334
1628061531.969978 -8.120436 26.901547 0.762195 -0.021258 -0.023619 0.987390 0.155082
1628061532.066129 -8.150504 26.900045 0.752774 -0.020813 -0.023943 0.986446 0.160992
1628061532.166341 -8.178843 26.910977 0.744827 -0.018563 -0.021262 0.985408 0.167851
1628061532.266518 -8.196311 26.915892 0.740820 -0.016285 -0.018374 0.984223 0.175223
1628061532.369853 -8.218756 26.933903 0.740112 -0.015098 -0.016110 0.983020 0.182166
1628061532.466844 -8.242977 26.952246 0.738032 -0.015381 -0.015407 0.981863 0.188335
1628061532.567032 -8.255565 26.963216 0.745096 -0.015583 -0.015694 0.980734 0.194094
1628061532.667262 -8.257994 26.973626 0.741409 -0.015416 -0.016799 0.979561 0.199850
1628061532.769852 -8.287416 26.974303 0.739107 -0.015730 -0.016985 0.978230 0.206228
1628061532.867618 -8.311542 26.968762 0.743004 -0.014182 -0.015929 0.977113 0.211649
1628061532.969167 -8.316933 26.971809 0.748178 -0.014221 -0.014987 0.976073 0.216458
1628061533.068005 -8.334865 26.976306 0.744904 -0.013960 -0.015617 0.974901 0.221653
1628061533.168256 -8.341918 26.981431 0.746252 -0.015317 -0.016059 0.973916 0.225821
1628061533.268404 -8.365908 26.996044 0.746546 -0.015064 -0.015771 0.973073 0.229465
1628061533.369916 -8.380194 27.015733 0.747805 -0.014833 -0.015546 0.972542 0.231735
1628061533.468760 -8.400839 27.020104 0.745173 -0.014693 -0.015215 0.972202 0.233187
1628061533.569194 -8.415476 27.036223 0.744177 -0.015205 -0.015610 0.972160 0.233305
1628061533.669145 -8.418124 27.035469 0.742908 -0.015634 -0.015979 0.972256 0.232848
1628061533.769333 -8.432425 27.036497 0.748930 -0.015243 -0.015043 0.972408 0.232301
1628061533.869505 -8.441105 27.043138 0.743507 -0.015485 -0.016009 0.972500 0.231836
1628061533.970195 -8.437720 27.041578 0.746041 -0.016261 -0.015515 0.972646 0.231205
1628061534.069885 -8.439250 27.034855 0.744548 -0.015599 -0.015812 0.972544 0.231655
1628061534.170286 -8.445878 27.035009 0.737223 -0.016041 -0.016424 0.972412 0.232137
1628061534.270298 -8.443455 27.039427 0.745123 -0.016195 -0.016127 0.972290 0.232659
1628061534.370477 -8.436375 27.029997 0.746155 -0.016513 -0.015791 0.971984 0.233932
1628061534.470655 -8.422418 27.023586 0.740430 -0.016075 -0.015458 0.971771 0.234871
1628061534.570834 -8.407397 27.022181 0.745115 -0.015664 -0.014903 0.971145 0.237510
1628061534.671084 -8.379577 27.009244 0.743166 -0.015974 -0.015032 0.970342 0.240740
1628061534.771476 -8.347424 26.988145 0.742340 -0.015666 -0.015129 0.969130 0.245585
1628061534.871408 -8.329415 26.975039 0.736321 -0.016295 -0.015346 0.967637 0.251350
1628061534.973896 -8.300387 26.960090 0.738208 -0.015902 -0.016061 0.965339 0.260017
1628061535.071763 -8.247881 26.930833 0.741933 -0.015001 -0.015422 0.962748 0.269542
1628061535.172398 -8.207499 26.910228 0.741443 -0.015209 -0.015699 0.959597 0.280529
1628061535.272154 -8.175669 26.881076 0.746901 -0.016082 -0.016080 0.955484 0.294166
1628061535.372649 -8.146903 26.858080 0.754936 -0.019701 -0.019426 0.950824 0.308492
1628061535.472530 -8.114170 26.829697 0.757858 -0.021685 -0.020957 0.945890 0.323084
1628061535.572770 -8.086145 26.813291 0.751576 -0.020997 -0.023020 0.941763 0.334830
1628061535.672899 -8.058851 26.812308 0.749791 -0.020205 -0.023020 0.939380 0.341508
1628061535.773706 -8.041330 26.805160 0.747961 -0.019359 -0.022759 0.939485 0.341285
1628061535.874095 -8.025140 26.780188 0.742991 -0.019939 -0.023761 0.941083 0.336750
1628061535.973775 -7.992872 26.751278 0.753944 -0.019223 -0.023533 0.943435 0.330163
1628061536.073672 -7.965539 26.726254 0.756778 -0.020953 -0.022346 0.946535 0.321145
1628061536.174363 -7.935039 26.703090 0.752026 -0.021326 -0.021748 0.948865 0.314208
1628061536.274044 -7.910416 26.685344 0.753325 -0.020601 -0.020198 0.950831 0.308364
1628061536.374223 -7.896357 26.661494 0.762340 -0.021580 -0.020150 0.952277 0.303805
1628061536.474434 -7.887173 26.641412 0.759572 -0.022112 -0.021063 0.953336 0.300364
1628061536.574615 -7.885521 26.634666 0.751399 -0.021886 -0.021746 0.953768 0.298955
1628061536.674785 -7.887691 26.642716 0.754613 -0.022285 -0.021091 0.953913 0.298512
1628061536.774975 -7.874857 26.646690 0.754933 -0.021800 -0.020438 0.953808 0.298928
1628061536.875242 -7.876727 26.652060 0.757485 -0.022567 -0.020394 0.953331 0.300390
1628061536.975358 -7.871316 26.655580 0.755799 -0.022831 -0.020497 0.953023 0.301339
1628061537.075573 -7.880440 26.660136 0.758317 -0.022669 -0.020158 0.952445 0.303196
1628061537.175731 -7.890524 26.659533 0.751393 -0.022847 -0.020562 0.952056 0.304377
1628061537.275949 -7.891009 26.657166 0.751148 -0.022275 -0.020028 0.951875 0.305021
1628061537.378104 -7.883887 26.655231 0.756542 -0.022626 -0.019892 0.951935 0.304815
1628061537.476337 -7.884224 26.656392 0.754433 -0.022828 -0.020036 0.951878 0.304968
1628061537.576488 -7.883529 26.658383 0.758852 -0.022657 -0.020382 0.951953 0.304723
1628061537.676695 -7.893993 26.656998 0.761637 -0.022659 -0.019708 0.951806 0.305228
1628061537.776875 -7.901642 26.653801 0.757645 -0.022341 -0.020072 0.951735 0.305448
1628061537.877083 -7.895743 26.666341 0.755741 -0.022097 -0.020315 0.951679 0.305624
1628061537.977313 -7.905066 26.690564 0.749963 -0.021568 -0.021114 0.951376 0.306551
1628061538.077457 -7.915534 26.685193 0.748044 -0.021892 -0.021398 0.950571 0.308994
1628061538.177643 -7.910543 26.668500 0.757921 -0.021399 -0.020291 0.949945 0.311022
1628061538.277822 -7.919464 26.658596 0.756193 -0.021055 -0.020708 0.948791 0.314521
1628061538.378014 -7.925942 26.676417 0.749101 -0.020888 -0.021134 0.947418 0.318616
1628061538.478186 -7.942783 26.693045 0.748994 -0.020462 -0.020782 0.945360 0.324721
1628061538.578400 -7.966963 26.698342 0.754322 -0.018725 -0.021415 0.942691 0.332452
1628061538.678625 -7.993212 26.707912 0.753607 -0.017263 -0.023968 0.939215 0.342055
1628061538.778953 -8.023534 26.726616 0.751064 -0.017737 -0.026768 0.935830 0.350986
1628061538.878947 -8.047249 26.746399 0.753589 -0.019061 -0.026703 0.931959 0.361075
1628061538.979141 -8.071881 26.761595 0.748166 -0.018886 -0.025727 0.928007 0.371193
1628061539.079423 -8.073264 26.782380 0.751037 -0.017481 -0.024384 0.924190 0.380753
1628061539.179845 -8.096483 26.807376 0.750601 -0.017906 -0.024115 0.921450 0.387333
1628061539.279746 -8.129617 26.857025 0.747734 -0.018627 -0.024239 0.919668 0.391504
1628061539.379924 -8.159538 26.893301 0.742207 -0.018588 -0.025023 0.919166 0.392636
1628061539.480094 -8.194699 26.919916 0.741627 -0.017676 -0.024563 0.919153 0.392737
1628061539.580267 -8.214412 26.938517 0.740070 -0.018195 -0.024116 0.920200 0.390281
1628061539.680943 -8.228363 26.945633 0.738667 -0.017228 -0.023625 0.920891 0.388721
1628061539.780669 -8.244713 26.963836 0.741470 -0.016814 -0.023460 0.921817 0.386550
1628061539.880856 -8.252895 26.980228 0.746330 -0.016177 -0.022241 0.922807 0.384280
1628061539.981039 -8.253205 26.986731 0.744569 -0.016275 -0.022042 0.923224 0.383284
1628061540.081254 -8.253630 26.979756 0.742132 -0.016415 -0.020929 0.923338 0.383067
1628061540.181406 -8.239173 26.967346 0.743226 -0.016022 -0.020735 0.923329 0.383114
1628061540.285371 -8.234525 26.954297 0.744743 -0.016444 -0.021473 0.922485 0.385083
1628061540.381793 -8.231230 26.951680 0.743666 -0.016291 -0.021164 0.921700 0.386983
1628061540.482230 -8.227693 26.932874 0.749683 -0.017578 -0.021717 0.920211 0.390425
1628061540.582184 -8.218571 26.911456 0.754833 -0.019247 -0.021019 0.918340 0.394766
1628061540.682788 -8.189069 26.884572 0.747941 -0.019908 -0.021275 0.915814 0.400543
1628061540.782555 -8.165440 26.864624 0.752208 -0.020304 -0.021865 0.912471 0.408051
1628061540.887663 -8.139759 26.828745 0.751968 -0.020503 -0.021812 0.908299 0.417248
1628061540.982922 -8.101142 26.786390 0.752088 -0.019492 -0.021922 0.905154 0.424070
1628061541.085762 -8.069267 26.765144 0.745555 -0.018855 -0.022844 0.903348 0.427884
1628061541.183327 -8.054523 26.752338 0.746578 -0.017979 -0.023782 0.903349 0.427868
1628061541.283500 -8.021011 26.727504 0.751084 -0.018107 -0.023933 0.904675 0.425044
1628061541.383678 -7.990521 26.699165 0.746630 -0.018708 -0.025956 0.906409 0.421187
1628061541.483862 -7.962333 26.667511 0.745012 -0.019442 -0.026420 0.908132 0.417397
1628061541.584097 -7.947907 26.637186 0.746298 -0.018973 -0.026731 0.909495 0.414421
1628061541.689551 -7.940393 26.617893 0.746294 -0.018752 -0.026405 0.910723 0.411745
1628061541.784453 -7.939501 26.617628 0.753228 -0.019168 -0.025365 0.911174 0.410794
1628061541.884769 -7.930886 26.614457 0.751660 -0.019114 -0.024734 0.911678 0.409716
1628061541.984823 -7.926648 26.607249 0.751239 -0.018790 -0.024665 0.911591 0.409926
1628061542.085670 -7.926788 26.600557 0.750591 -0.018888 -0.024936 0.911849 0.409331
1628061542.185214 -7.929068 26.610880 0.755399 -0.019676 -0.024274 0.911417 0.410295
1628061542.285377 -7.938274 26.631812 0.748744 -0.020459 -0.025244 0.911249 0.410572
1628061542.385607 -7.940695 26.629990 0.745682 -0.019576 -0.025461 0.911002 0.411150
1628061542.485757 -7.943602 26.625004 0.750475 -0.019843 -0.025229 0.910801 0.411595
1628061542.585986 -7.944303 26.624987 0.747791 -0.020187 -0.025643 0.910872 0.411396
1628061542.686143 -7.937804 26.636758 0.746342 -0.019639 -0.025959 0.910985 0.411152
1628061542.786331 -7.945316 26.643263 0.748481 -0.019709 -0.025627 0.910886 0.411390
1628061542.886745 -7.941714 26.635629 0.748751 -0.019616 -0.025390 0.910946 0.411277
1628061542.986710 -7.949866 26.633740 0.745930 -0.019637 -0.025507 0.910847 0.411487
1628061543.086925 -7.950999 26.635205 0.747146 -0.019723 -0.025531 0.910924 0.411310
1628061543.187140 -7.952550 26.629631 0.744495 -0.019679 -0.026036 0.910858 0.411427
1628061543.287268 -7.950087 26.626504 0.743578 -0.019779 -0.026165 0.910632 0.411914
1628061543.387480 -7.950044 26.628742 0.743657 -0.019304 -0.026013 0.910791 0.411595
1628061543.487653 -7.942180 26.629630 0.742496 -0.019351 -0.026328 0.910816 0.411517
1628061543.587863 -7.949879 26.630855 0.747865 -0.019049 -0.025651 0.910630 0.411987
1628061543.688027 -7.942310 26.622649 0.745861 -0.019561 -0.026081 0.910842 0.411465
1628061543.788221 -7.940381 26.632615 0.747044 -0.019469 -0.025924 0.910680 0.411839
1628061543.888409 -7.940890 26.631381 0.750408 -0.019422 -0.025487 0.910774 0.411660
1628061543.988597 -7.945883 26.634539 0.750809 -0.019089 -0.025330 0.910725 0.411793
1628061544.088787 -7.952143 26.634409 0.752624 -0.019248 -0.025504 0.910752 0.411716
1628061544.189023 -7.961519 26.629444 0.746311 -0.019003 -0.025650 0.910853 0.411493
1628061544.289176 -7.952803 26.628598 0.745595 -0.019327 -0.025831 0.910664 0.411885
1628061544.389367 -7.941714 26.633182 0.743579 -0.019422 -0.026101 0.910839 0.411477
1628061544.489887 -7.934982 26.631069 0.743893 -0.018887 -0.026200 0.910772 0.411645
1628061544.589761 -7.941159 26.631319 0.741896 -0.019048 -0.026306 0.910833 0.411496
1628061544.689927 -7.944616 26.635107 0.748106 -0.018857 -0.026843 0.910846 0.411440
1628061544.790125 -7.946768 26.631089 0.746205 -0.019292 -0.026498 0.910681 0.411808
1628061544.890314 -7.955834 26.638318 0.747309 -0.018921 -0.025798 0.910660 0.411916
1628061544.990498 -7.958002 26.629175 0.753253 -0.020057 -0.024419 0.910486 0.412331
1628061545.090701 -7.945237 26.620830 0.753313 -0.020023 -0.024002 0.910453 0.412429
1628061545.190905 -7.940495 26.618627 0.752672 -0.020707 -0.024069 0.910365 0.412585
1628061545.291059 -7.936745 26.607342 0.750960 -0.020758 -0.023923 0.910373 0.412574
1628061545.391237 -7.945174 26.604770 0.758676 -0.022031 -0.021655 0.909663 0.414196
1628061545.494613 -7.937724 26.593219 0.758533 -0.021895 -0.020217 0.908817 0.416128
1628061545.591702 -7.928383 26.578642 0.750616 -0.022438 -0.020055 0.906661 0.420785
1628061545.691817 -7.916293 26.550285 0.747046 -0.022685 -0.020867 0.903810 0.426822
1628061545.792657 -7.886490 26.503469 0.749862 -0.022021 -0.021828 0.899935 0.434921
1628061545.893973 -7.862401 26.462415 0.752306 -0.021991 -0.022581 0.894293 0.446371
1628061545.992565 -7.843202 26.401614 0.751428 -0.023157 -0.024247 0.887732 0.459139
1628061546.092853 -7.827633 26.361095 0.746634 -0.021758 -0.024092 0.880324 0.473261
1628061546.192762 -7.804553 26.324361 0.759208 -0.022091 -0.023836 0.872093 0.488259
1628061546.293345 -7.771554 26.277630 0.754003 -0.021600 -0.023319 0.862757 0.504618
1628061546.393158 -7.738965 26.242986 0.748855 -0.020681 -0.023602 0.853129 0.520756
1628061546.494216 -7.704299 26.190757 0.748319 -0.019288 -0.023885 0.843529 0.536206
1628061546.593512 -7.667786 26.149137 0.749721 -0.018667 -0.024288 0.833954 0.550983
1628061546.693823 -7.611593 26.103184 0.743369 -0.017745 -0.025591 0.826430 0.562178
1628061546.794070 -7.567440 26.049453 0.747643 -0.014288 -0.025987 0.821456 0.569500
1628061546.894088 -7.545595 26.009170 0.755336 -0.012335 -0.025323 0.817228 0.575625
1628061546.994304 -7.533379 25.965146 0.751859 -0.011732 -0.025515 0.813786 0.580486
1628061547.094493 -7.526810 25.919381 0.760867 -0.011778 -0.026030 0.811100 0.584209
1628061547.198073 -7.516520 25.896041 0.754538 -0.011002 -0.027090 0.809098 0.586946
1628061547.299313 -7.502420 25.870389 0.761513 -0.011525 -0.026953 0.807489 0.589154
1628061547.395079 -7.499886 25.855234 0.765060 -0.011858 -0.027399 0.806168 0.590933
1628061547.495366 -7.501722 25.830606 0.760578 -0.010841 -0.027209 0.804798 0.592826
1628061547.595464 -7.508355 25.830330 0.762401 -0.011271 -0.026984 0.803863 0.594095
1628061547.695598 -7.499000 25.829706 0.757230 -0.010418 -0.025944 0.803875 0.594140
1628061547.795787 -7.494146 25.824309 0.759806 -0.011078 -0.026107 0.803768 0.594267
1628061547.896010 -7.490556 25.821519 0.759317 -0.011394 -0.026036 0.804284 0.593565
1628061547.996210 -7.502052 25.841493 0.759895 -0.012153 -0.026284 0.804712 0.592959
1628061548.096368 -7.505696 25.842775 0.758986 -0.011604 -0.026999 0.805216 0.592253
1628061548.196572 -7.510594 25.857252 0.763124 -0.012076 -0.025803 0.805369 0.592089
1628061548.297037 -7.502088 25.852083 0.756248 -0.011273 -0.026223 0.805675 0.591670
1628061548.396928 -7.502398 25.839803 0.757905 -0.011553 -0.026253 0.805786 0.591511
1628061548.497199 -7.508279 25.828036 0.761716 -0.012486 -0.026268 0.805371 0.592058
1628061548.597371 -7.508195 25.837391 0.761374 -0.012657 -0.025705 0.804917 0.592695
1628061548.701868 -7.499239 25.830599 0.757361 -0.012542 -0.026055 0.803963 0.593976
1628061548.797687 -7.494770 25.815357 0.755501 -0.012367 -0.025097 0.802511 0.595981
1628061548.902175 -7.502130 25.800667 0.759567 -0.012536 -0.024136 0.800600 0.598581
1628061548.998091 -7.510980 25.791650 0.762421 -0.012617 -0.023450 0.797402 0.602860
1628061549.098444 -7.506737 25.774733 0.752713 -0.011772 -0.024053 0.793314 0.608223
1628061549.198448 -7.492659 25.731850 0.755241 -0.012344 -0.023544 0.787575 0.615645
1628061549.299998 -7.472461 25.678303 0.760633 -0.012805 -0.023975 0.780415 0.624671
1628061549.398819 -7.464092 25.626662 0.750013 -0.011521 -0.024011 0.772298 0.634703
1628061549.499331 -7.444705 25.592702 0.756960 -0.011574 -0.022818 0.765031 0.643485
1628061549.599198 -7.430420 25.562567 0.763590 -0.011445 -0.022561 0.760407 0.648954
1628061549.699403 -7.415959 25.520350 0.756466 -0.011493 -0.023804 0.758329 0.651336
1628061549.799601 -7.394731 25.459305 0.754575 -0.011310 -0.024174 0.758006 0.651702
1628061549.996289 -7.360214 25.350303 0.749991 -0.013119 -0.025549 0.758467 0.651079
1628061550.000007 -7.362272 25.352383 0.750181 -0.013012 -0.025539 0.758419 0.651136
1628061550.100158 -7.375828 25.300408 0.755443 -0.012776 -0.025011 0.758741 0.650786
1628061550.200342 -7.372890 25.266803 0.751459 -0.011608 -0.024234 0.759653 0.649773
1628061550.300645 -7.370913 25.241938 0.745307 -0.011351 -0.024642 0.760215 0.649104
1628061550.400702 -7.379820 25.217778 0.746578 -0.010967 -0.025052 0.760581 0.648667
1628061550.500900 -7.379511 25.207769 0.740303 -0.010477 -0.025948 0.761201 0.647912
1628061550.601109 -7.378968 25.188643 0.739493 -0.011158 -0.029396 0.761729 0.647132
1628061550.701395 -7.402521 25.179116 0.737851 -0.011384 -0.032260 0.761460 0.647308
1628061550.898789 -7.414091 25.165903 0.735298 -0.010328 -0.031753 0.762149 0.646540
1628061550.901645 -7.411209 25.166818 0.736230 -0.010395 -0.031866 0.762179 0.646498
1628061551.001879 -7.397142 25.160390 0.742164 -0.010689 -0.030348 0.761983 0.646797
1628061551.102539 -7.389693 25.159893 0.741535 -0.011105 -0.029911 0.762068 0.646710
1628061551.202230 -7.394009 25.163083 0.739641 -0.010451 -0.029762 0.761953 0.646863
1628061551.302408 -7.400124 25.175757 0.737182 -0.010276 -0.029848 0.761994 0.646814
1628061551.402625 -7.398325 25.173625 0.744685 -0.011033 -0.029600 0.761855 0.646977
1628061551.503114 -7.388746 25.169998 0.738391 -0.010525 -0.029790 0.761877 0.646950
1628061551.602973 -7.379602 25.166007 0.732113 -0.011027 -0.030730 0.762038 0.646708
1628061551.703161 -7.374519 25.164936 0.744140 -0.011290 -0.029844 0.762052 0.646729
1628061551.803364 -7.373067 25.182387 0.742977 -0.010928 -0.030472 0.762224 0.646503
1628061551.903546 -7.395354 25.183165 0.746073 -0.011223 -0.029771 0.761401 0.647500
1628061552.003776 -7.394797 25.182741 0.748151 -0.011087 -0.029399 0.761598 0.647288
1628061552.103943 -7.397189 25.187557 0.739977 -0.010858 -0.029708 0.761516 0.647374
1628061552.204104 -7.392017 25.198756 0.738364 -0.010499 -0.028250 0.761931 0.646957
1628061552.304330 -7.396311 25.199879 0.747532 -0.011505 -0.028733 0.761358 0.647592
1628061552.404505 -7.401531 25.199843 0.748366 -0.011113 -0.028352 0.761342 0.647634
1628061552.504705 -7.393927 25.192301 0.753469 -0.011936 -0.028062 0.761363 0.647608
1628061552.604866 -7.380326 25.194136 0.745536 -0.010962 -0.027815 0.761868 0.647042
1628061552.705058 -7.372539 25.210098 0.740227 -0.010513 -0.027777 0.761941 0.646965
1628061552.805589 -7.389217 25.222723 0.741903 -0.011092 -0.027826 0.761469 0.647509
1628061552.905426 -7.409260 25.220598 0.751027 -0.011272 -0.027200 0.761083 0.647986
1628061553.005634 -7.400127 25.215764 0.744055 -0.011141 -0.027328 0.761173 0.647877
1628061553.105831 -7.383051 25.219755 0.744445 -0.010700 -0.026659 0.761226 0.647850
1628061553.206070 -7.386498 25.224353 0.758121 -0.011479 -0.025556 0.761061 0.648076
1628061553.306233 -7.390057 25.241801 0.753491 -0.011470 -0.025513 0.760787 0.648398
1628061553.407354 -7.380631 25.267548 0.744440 -0.010091 -0.025317 0.760899 0.648298
1628061553.506576 -7.384128 25.288545 0.751666 -0.010243 -0.024705 0.760789 0.648448
1628061553.606824 -7.390277 25.316397 0.750847 -0.010145 -0.024882 0.760536 0.648740
1628061553.706975 -7.395507 25.345094 0.746264 -0.010909 -0.025329 0.760212 0.649090
1628061553.813385 -7.411835 25.369631 0.749440 -0.011451 -0.025435 0.759403 0.650022
1628061553.907323 -7.431720 25.394051 0.751541 -0.011086 -0.024757 0.758758 0.650807
1628061554.007539 -7.437438 25.420930 0.753427 -0.011973 -0.024554 0.758446 0.651163
1628061554.107712 -7.416349 25.437832 0.755943 -0.011841 -0.025138 0.758777 0.650758
1628061554.207906 -7.419812 25.460531 0.754174 -0.011941 -0.025204 0.758426 0.651162
1628061554.308176 -7.422235 25.483668 0.753352 -0.011926 -0.024818 0.758337 0.651281
1628061554.411579 -7.420896 25.485640 0.753550 -0.011773 -0.024429 0.758325 0.651313
1628061554.508461 -7.414643 25.497102 0.751915 -0.011513 -0.024842 0.758338 0.651286
1628061554.608690 -7.423035 25.506112 0.753329 -0.011665 -0.024798 0.758215 0.651428
1628061554.708875 -7.425987 25.513521 0.754542 -0.011163 -0.024129 0.758132 0.651559
1628061554.809566 -7.423618 25.516532 0.753984 -0.010978 -0.024286 0.758041 0.651662
1628061554.909411 -7.419816 25.517383 0.748999 -0.010597 -0.024994 0.758295 0.651346
1628061555.009742 -7.426893 25.517178 0.750010 -0.009453 -0.024308 0.758160 0.651547
1628061555.109630 -7.428282 25.514504 0.748785 -0.010068 -0.025325 0.758325 0.651307
1628061555.211765 -7.429265 25.499728 0.753560 -0.010238 -0.024768 0.758140 0.651541
1628061555.310145 -7.436251 25.497352 0.746730 -0.009478 -0.024997 0.758019 0.651684
1628061555.410308 -7.442620 25.507708 0.749018 -0.010293 -0.024980 0.758026 0.651665
1628061555.510389 -7.439418 25.509440 0.754506 -0.010909 -0.024619 0.758001 0.651697
1628061555.610886 -7.440345 25.511284 0.753826 -0.010961 -0.024816 0.757988 0.651704
1628061555.710759 -7.436244 25.513851 0.748103 -0.010486 -0.025146 0.758136 0.651527
1628061555.810977 -7.427454 25.510829 0.749915 -0.010998 -0.024834 0.758358 0.651273
1628061555.911148 -7.429757 25.513330 0.750905 -0.010336 -0.024521 0.758242 0.651429
1628061556.011327 -7.438900 25.518411 0.752191 -0.010212 -0.024996 0.758079 0.651603
1628061556.111518 -7.434491 25.516609 0.757091 -0.010498 -0.024345 0.758241 0.651435
1628061556.213888 -7.438019 25.511858 0.758962 -0.010991 -0.024582 0.758252 0.651406
1628061556.311935 -7.427925 25.504597 0.757217 -0.010826 -0.024808 0.758347 0.651289
1628061556.412365 -7.424973 25.510471 0.754878 -0.010188 -0.024490 0.758341 0.651318
1628061556.512246 -7.418375 25.502362 0.755110 -0.010413 -0.024423 0.758175 0.651510
1628061556.613837 -7.412479 25.486578 0.754883 -0.010715 -0.024965 0.758301 0.651338
1628061556.712625 -7.410105 25.492324 0.759632 -0.011811 -0.024861 0.758540 0.651045
1628061556.812817 -7.413564 25.501034 0.761116 -0.012218 -0.024963 0.758402 0.651194
1628061556.913010 -7.421041 25.499095 0.759615 -0.012169 -0.024912 0.758453 0.651137
1628061557.013192 -7.431544 25.506346 0.750011 -0.011346 -0.025372 0.758297 0.651317
1628061557.113380 -7.429919 25.517143 0.750126 -0.011048 -0.024608 0.758328 0.651314
1628061557.219227 -7.419031 25.507667 0.752116 -0.011257 -0.024877 0.758414 0.651201
1628061557.313790 -7.400035 25.498474 0.754097 -0.011369 -0.024737 0.758627 0.650956
1628061557.418134 -7.378408 25.498471 0.758061 -0.011820 -0.025110 0.758835 0.650691
1628061557.514139 -7.389196 25.493994 0.759308 -0.010308 -0.024142 0.758780 0.650818
1628061557.614352 -7.409249 25.496257 0.760352 -0.011895 -0.025176 0.758379 0.651219
1628061557.714517 -7.425510 25.506361 0.759545 -0.011827 -0.024945 0.758324 0.651293
1628061557.814703 -7.414068 25.499079 0.754750 -0.010753 -0.024774 0.758610 0.650985
1628061557.914914 -7.405753 25.492916 0.753355 -0.010400 -0.024386 0.758567 0.651055
1628061558.015089 -7.401682 25.499192 0.747244 -0.011163 -0.025476 0.758567 0.651002
1628061558.115280 -7.396843 25.499871 0.760091 -0.010462 -0.023777 0.758727 0.650890
1628061558.215558 -7.391599 25.497999 0.761290 -0.010638 -0.024123 0.758855 0.650726
1628061558.315659 -7.392403 25.496603 0.754434 -0.010491 -0.024576 0.758803 0.650772
1628061558.415885 -7.387376 25.501031 0.747807 -0.011043 -0.024636 0.758993 0.650539
1628061558.516059 -7.390725 25.496176 0.747281 -0.011316 -0.025182 0.758883 0.650642
1628061558.616430 -7.411078 25.492139 0.742507 -0.010576 -0.025230 0.758470 0.651133
1628061558.716425 -7.410502 25.497577 0.755970 -0.011202 -0.024588 0.758589 0.651009
1628061558.816606 -7.408076 25.498006 0.760258 -0.011155 -0.024104 0.758583 0.651035
1628061558.916842 -7.413221 25.502275 0.750734 -0.011205 -0.025048 0.758540 0.651049
1628061559.016984 -7.401750 25.510241 0.753881 -0.011111 -0.024627 0.758858 0.650695
1628061559.117225 -7.383438 25.507083 0.752949 -0.010708 -0.024420 0.759070 0.650462
1628061559.217364 -7.385715 25.505451 0.751280 -0.011592 -0.024707 0.758938 0.650591
1628061559.317543 -7.385260 25.504702 0.755961 -0.011249 -0.024254 0.759052 0.650480
1628061559.422928 -7.399064 25.502327 0.748256 -0.010964 -0.025043 0.758917 0.650613
1628061559.517950 -7.405276 25.497838 0.747372 -0.010325 -0.024832 0.758701 0.650884
1628061559.618557 -7.410827 25.494430 0.758115 -0.011742 -0.024932 0.758568 0.651011
1628061559.718337 -7.399110 25.502036 0.761889 -0.011517 -0.024802 0.758783 0.650769
1628061559.821866 -7.391362 25.495199 0.758066 -0.010610 -0.024625 0.758611 0.650992
1628061559.918690 -7.376778 25.497675 0.760158 -0.011688 -0.024832 0.759018 0.650490
1628061560.019016 -7.375261 25.499289 0.758105 -0.011511 -0.024693 0.758954 0.650574
1628061560.119087 -7.385096 25.500687 0.743812 -0.009886 -0.025204 0.758977 0.650555
1628061560.219331 -7.399225 25.493726 0.746995 -0.010060 -0.024431 0.758785 0.650805
1628061560.319463 -7.411250 25.495340 0.744161 -0.010108 -0.024948 0.758469 0.651153
1628061560.420441 -7.423909 25.502530 0.743062 -0.010766 -0.025643 0.758335 0.651272
1628061560.519823 -7.443516 25.514564 0.746778 -0.010599 -0.024750 0.758012 0.651685
1628061560.620112 -7.434102 25.513127 0.750132 -0.009655 -0.024609 0.758152 0.651541
1628061560.720204 -7.430881 25.507428 0.745273 -0.011009 -0.025828 0.757875 0.651795
1628061560.820407 -7.428292 25.507108 0.747181 -0.010361 -0.025012 0.758088 0.651590
1628061560.920597 -7.407927 25.503906 0.746072 -0.009854 -0.024986 0.758741 0.650838
1628061561.020766 -7.378314 25.498065 0.750554 -0.011203 -0.025043 0.759109 0.650385
1628061561.120969 -7.361667 25.496664 0.748078 -0.010507 -0.025306 0.759231 0.650244
1628061561.221550 -7.401659 25.501808 0.746478 -0.010358 -0.025034 0.758384 0.651245
1628061561.321325 -7.414336 25.506246 0.758274 -0.011379 -0.024968 0.758513 0.651080
1628061561.421709 -7.407185 25.489223 0.753971 -0.011322 -0.025389 0.758670 0.650882
1628061561.521746 -7.408000 25.496394 0.751407 -0.010583 -0.024958 0.758507 0.651101
1628061561.621906 -7.419176 25.504954 0.757207 -0.011005 -0.024931 0.758315 0.651318
1628061561.722099 -7.410786 25.508462 0.756849 -0.010252 -0.024535 0.758586 0.651030
1628061561.822287 -7.420096 25.520030 0.746913 -0.010860 -0.025515 0.758368 0.651237
1628061561.922463 -7.425621 25.507696 0.744435 -0.011352 -0.025681 0.758073 0.651565
1628061562.022651 -7.423965 25.505166 0.748733 -0.010713 -0.025224 0.758281 0.651351
1628061562.122838 -7.423745 25.504992 0.755442 -0.010793 -0.024998 0.758289 0.651350
1628061562.223041 -7.421996 25.505896 0.758417 -0.010653 -0.024618 0.758288 0.651367
1628061562.323278 -7.411537 25.506083 0.756913 -0.011477 -0.025371 0.758447 0.651140
1628061562.423546 -7.423448 25.508804 0.749982 -0.011145 -0.025346 0.758228 0.651402
1628061562.523630 -7.418392 25.506215 0.752400 -0.010614 -0.024932 0.758605 0.650987
1628061562.623790 -7.396245 25.503277 0.752889 -0.010880 -0.024899 0.758895 0.650646
1628061562.724025 -7.383556 25.494726 0.757055 -0.010971 -0.024936 0.758789 0.650767
1628061562.824852 -7.388322 25.493715 0.753938 -0.011755 -0.025847 0.758768 0.650742
1628061562.924369 -7.391633 25.483621 0.754910 -0.011131 -0.024884 0.759017 0.650500
1628061563.024590 -7.393714 25.485885 0.758324 -0.011275 -0.025040 0.758856 0.650679
1628061563.124759 -7.396488 25.495344 0.756124 -0.010159 -0.024272 0.758653 0.650964
1628061563.224924 -7.382441 25.504367 0.744769 -0.009763 -0.025327 0.759090 0.650419
1628061563.325154 -7.399639 25.505962 0.743671 -0.009557 -0.025277 0.758641 0.650948
1628061563.425450 -7.409566 25.504436 0.752679 -0.010158 -0.024805 0.758785 0.650789
1628061563.525537 -7.401331 25.492888 0.759813 -0.011253 -0.025341 0.758706 0.650843
1628061563.625695 -7.397534 25.484721 0.763319 -0.010633 -0.024034 0.758795 0.650799
1628061563.725871 -7.410377 25.485603 0.764149 -0.010161 -0.024151 0.758382 0.651283
1628061563.826073 -7.423432 25.502840 0.754966 -0.010360 -0.024966 0.758381 0.651251
1628061563.926265 -7.433076 25.512608 0.751930 -0.010630 -0.025229 0.758211 0.651435
1628061564.026458 -7.423165 25.504146 0.752828 -0.011167 -0.025357 0.758512 0.651070
1628061564.126657 -7.396349 25.490353 0.755369 -0.010777 -0.024871 0.758763 0.650803
1628061564.226820 -7.383762 25.478043 0.756068 -0.010754 -0.025139 0.758901 0.650632
1628061564.327011 -7.381897 25.484672 0.760116 -0.011325 -0.024626 0.758766 0.650799
1628061564.427194 -7.398731 25.490645 0.759738 -0.011518 -0.024982 0.758559 0.651023
1628061564.527394 -7.416658 25.501005 0.753844 -0.011241 -0.025652 0.758525 0.651042
1628061564.627577 -7.430983 25.501660 0.757682 -0.011071 -0.024739 0.758128 0.651542
1628061564.727782 -7.420785 25.500564 0.754942 -0.010565 -0.025022 0.758334 0.651300
1628061564.827950 -7.404355 25.489599 0.757134 -0.011432 -0.025127 0.758536 0.651047
1628061564.928140 -7.395497 25.490453 0.753152 -0.011053 -0.025145 0.758794 0.650752
1628061565.028331 -7.395568 25.505380 0.756258 -0.010175 -0.024568 0.758824 0.650753
1628061565.128525 -7.412755 25.504402 0.759848 -0.011026 -0.024961 0.758323 0.651308
1628061565.228720 -7.415135 25.501072 0.756736 -0.011619 -0.024520 0.758435 0.651184
1628061565.328924 -7.409728 25.502189 0.756689 -0.010596 -0.024536 0.758631 0.650972
1628061565.429112 -7.404992 25.504797 0.753298 -0.010593 -0.024673 0.758497 0.651123
1628061565.529296 -7.414834 25.505679 0.755661 -0.011520 -0.024970 0.758278 0.651352
1628061565.629473 -7.408813 25.510118 0.750324 -0.010807 -0.025338 0.758584 0.650993
1628061565.729674 -7.404785 25.501771 0.751660 -0.010574 -0.025181 0.758659 0.650916
1628061565.829878 -7.387071 25.498412 0.759219 -0.011552 -0.025133 0.758933 0.650581
1628061565.930047 -7.379084 25.494452 0.763246 -0.011104 -0.024829 0.759002 0.650520
1628061566.030295 -7.393300 25.486133 0.757673 -0.011168 -0.025242 0.758621 0.650947
1628061566.130421 -7.413153 25.491558 0.746998 -0.010119 -0.025101 0.758417 0.651208
1628061566.230607 -7.413243 25.499802 0.744576 -0.011002 -0.026300 0.758565 0.650973
1628061566.330818 -7.414295 25.500449 0.759294 -0.010978 -0.024169 0.758427 0.651217
1628061566.432306 -7.423328 25.503827 0.761060 -0.010620 -0.024527 0.758314 0.651341
1628061566.531213 -7.410386 25.499614 0.750958 -0.010195 -0.024868 0.758581 0.651025
1628061566.631384 -7.406064 25.504510 0.748332 -0.009639 -0.024666 0.758684 0.650920
1628061566.731589 -7.399229 25.501980 0.745090 -0.010193 -0.025406 0.758797 0.650751
1628061566.831760 -7.398260 25.503592 0.744152 -0.010560 -0.025614 0.758618 0.650946
1628061566.932296 -7.392036 25.503724 0.749900 -0.011305 -0.025312 0.758611 0.650953
1628061567.032466 -7.395377 25.500646 0.752482 -0.011298 -0.025232 0.758665 0.650894
1628061567.132312 -7.389757 25.490442 0.750878 -0.011590 -0.025635 0.758741 0.650784
1628061567.232534 -7.395662 25.486709 0.753858 -0.010992 -0.024881 0.758765 0.650797
1628061567.332780 -7.400720 25.488889 0.755021 -0.011188 -0.024889 0.758677 0.650896
1628061567.432888 -7.401915 25.502608 0.760692 -0.010415 -0.024521 0.758788 0.650792
1628061567.533603 -7.409694 25.494815 0.749807 -0.009802 -0.024650 0.758367 0.651288
1628061567.633254 -7.405582 25.499409 0.751907 -0.009566 -0.024584 0.758737 0.650863
1628061567.739285 -7.398506 25.499640 0.752217 -0.010526 -0.025271 0.758581 0.651004
1628061567.833646 -7.383975 25.492637 0.754823 -0.010478 -0.024581 0.758945 0.650606
1628061567.933846 -7.394114 25.495025 0.762432 -0.011519 -0.024596 0.758479 0.651132
1628061568.034017 -7.406786 25.489835 0.765863 -0.011141 -0.024037 0.758500 0.651134
1628061568.137280 -7.414217 25.487759 0.756046 -0.011157 -0.025121 0.758336 0.651284
1628061568.234410 -7.410016 25.492013 0.752864 -0.011360 -0.025435 0.758511 0.651065
1628061568.337941 -7.415512 25.505772 0.755168 -0.010437 -0.024412 0.758575 0.651044
1628061568.434818 -7.405215 25.508183 0.755880 -0.011193 -0.025291 0.758578 0.650995
1628061568.535961 -7.399503 25.491400 0.753138 -0.009546 -0.024312 0.758717 0.650897
1628061568.635160 -7.403375 25.481589 0.753564 -0.010686 -0.025069 0.758448 0.651163
1628061568.737003 -7.408927 25.480559 0.750932 -0.010584 -0.025135 0.758461 0.651147
1628061568.835577 -7.409284 25.494569 0.756978 -0.010378 -0.024678 0.758590 0.651018
1628061568.935713 -7.394149 25.493362 0.756359 -0.011349 -0.024960 0.758777 0.650773
1628061569.035949 -7.394951 25.500514 0.749908 -0.010439 -0.024722 0.758853 0.650709
1628061569.137960 -7.405291 25.492127 0.761223 -0.011015 -0.024336 0.758582 0.651030
1628061569.236316 -7.407109 25.488399 0.768544 -0.011572 -0.024389 0.758757 0.650814
1628061569.336628 -7.398524 25.492128 0.758284 -0.011267 -0.024847 0.758808 0.650743
1628061569.436719 -7.396578 25.497598 0.751673 -0.011165 -0.025309 0.758784 0.650755
1628061569.536865 -7.395214 25.512406 0.747664 -0.010944 -0.025653 0.758860 0.650657
1628061569.637053 -7.403967 25.517632 0.748952 -0.010857 -0.025883 0.758645 0.650899
1628061569.737634 -7.412815 25.512006 0.755537 -0.010880 -0.024825 0.758731 0.650840
1628061569.837448 -7.423301 25.504994 0.754256 -0.010731 -0.025094 0.758405 0.651212
1628061569.938086 -7.403114 25.497242 0.752817 -0.010301 -0.024723 0.758740 0.650843
1628061570.037804 -7.391787 25.491597 0.755597 -0.010122 -0.024109 0.758784 0.650817
1628061570.138270 -7.392595 25.489653 0.752197 -0.011097 -0.024955 0.758547 0.651046
1628061570.238204 -7.398621 25.484835 0.757226 -0.010607 -0.023926 0.758626 0.651001
1628061570.338367 -7.403012 25.496485 0.753971 -0.010009 -0.024774 0.758802 0.650773
1628061570.438573 -7.401775 25.484988 0.752678 -0.010999 -0.024791 0.758598 0.650994
1628061570.538740 -7.411180 25.489529 0.759916 -0.010822 -0.024036 0.758497 0.651144
1628061570.638930 -7.408929 25.502778 0.750680 -0.010276 -0.024900 0.758773 0.650797
1628061570.739127 -7.409112 25.502189 0.748214 -0.010922 -0.026019 0.758408 0.651169
1628061570.839324 -7.399081 25.499687 0.750252 -0.010464 -0.025267 0.758638 0.650939
1628061570.939536 -7.389974 25.495461 0.747109 -0.010080 -0.025003 0.759014 0.650516
1628061571.039744 -7.391234 25.506189 0.751453 -0.010894 -0.025330 0.759018 0.650485
1628061571.139880 -7.399199 25.512880 0.760947 -0.010831 -0.024710 0.758830 0.650730
1628061571.240097 -7.407583 25.509265 0.759139 -0.011447 -0.024958 0.758628 0.650945
1628061571.340298 -7.425219 25.505195 0.754864 -0.009742 -0.024351 0.758270 0.651413
1628061571.440460 -7.427422 25.507048 0.744525 -0.009803 -0.025258 0.758313 0.651328
1628061571.547550 -7.422971 25.515281 0.744533 -0.010339 -0.025510 0.758469 0.651127
1628061571.640852 -7.416737 25.505330 0.746556 -0.009732 -0.024854 0.758439 0.651197
1628061571.741040 -7.411516 25.494906 0.749581 -0.010274 -0.024812 0.758591 0.651013
1628061571.841228 -7.427318 25.494470 0.754617 -0.011341 -0.024754 0.758134 0.651530
1628061571.943102 -7.422736 25.496018 0.754042 -0.009828 -0.024522 0.758311 0.651357
1628061572.041608 -7.401792 25.486814 0.744577 -0.009228 -0.024806 0.758685 0.650920
1628061572.142062 -7.387081 25.487627 0.753144 -0.011036 -0.024676 0.758813 0.650747
1628061572.242016 -7.391909 25.497381 0.756458 -0.010254 -0.024484 0.758568 0.651053
1628061572.342207 -7.406288 25.504961 0.761739 -0.010794 -0.024340 0.758462 0.651173
1628061572.442386 -7.424796 25.510815 0.757709 -0.009703 -0.023602 0.758339 0.651361
1628061572.542713 -7.439389 25.527147 0.749756 -0.009365 -0.024393 0.758168 0.651536
1628061572.642732 -7.441723 25.519381 0.751809 -0.010421 -0.024520 0.757952 0.651766
1628061572.742910 -7.437540 25.505044 0.750335 -0.010639 -0.025176 0.758054 0.651619
1628061572.843115 -7.412128 25.502746 0.758103 -0.010838 -0.024406 0.758418 0.651221
1628061572.946437 -7.408539 25.490545 0.754277 -0.011576 -0.025838 0.758357 0.651225
1628061573.043515 -7.425687 25.489160 0.752100 -0.010628 -0.025184 0.758085 0.651582
1628061573.143663 -7.423614 25.497734 0.737602 -0.009246 -0.025784 0.758301 0.651328
1628061573.243862 -7.416680 25.495728 0.743913 -0.009532 -0.024948 0.758531 0.651089
1628061573.345474 -7.429115 25.497436 0.732975 -0.009232 -0.025915 0.758061 0.651603
1628061573.444608 -7.444412 25.511956 0.730257 -0.008416 -0.025917 0.757757 0.651967
1628061573.544423 -7.451327 25.526090 0.748819 -0.009070 -0.024112 0.757777 0.652005
1628061573.644623 -7.445885 25.526797 0.743652 -0.010903 -0.025608 0.758025 0.651632
1628061573.744800 -7.436203 25.510909 0.740530 -0.010956 -0.026109 0.758069 0.651560
1628061573.845005 -7.433928 25.490937 0.745310 -0.011194 -0.025787 0.757808 0.651871
1628061573.945226 -7.436307 25.500346 0.756846 -0.011244 -0.024736 0.758076 0.651600
1628061574.045576 -7.439758 25.509051 0.760008 -0.010965 -0.024737 0.757890 0.651821
1628061574.145581 -7.429379 25.513481 0.751236 -0.010429 -0.024511 0.758309 0.651351
1628061574.245757 -7.407141 25.510466 0.749296 -0.010429 -0.025083 0.758465 0.651148
1628061574.347311 -7.377463 25.506367 0.754822 -0.009896 -0.024853 0.759002 0.650538
1628061574.446142 -7.393126 25.512057 0.745646 -0.009912 -0.025583 0.758617 0.650959
1628061574.546326 -7.410638 25.517207 0.743680 -0.011247 -0.025634 0.758386 0.651205
1628061574.646525 -7.405736 25.518719 0.745061 -0.011253 -0.025762 0.758775 0.650746
1628061574.749845 -7.414083 25.525027 0.748805 -0.010719 -0.025146 0.758358 0.651264
1628061574.846899 -7.402223 25.518584 0.754464 -0.011355 -0.025013 0.758666 0.650901
1628061574.947145 -7.394353 25.509643 0.749887 -0.010777 -0.025421 0.758707 0.650847
1628061575.047306 -7.397486 25.507685 0.747005 -0.011286 -0.025825 0.758551 0.651003
1628061575.147457 -7.400282 25.498223 0.753732 -0.010972 -0.024929 0.758586 0.651003
1628061575.247687 -7.397229 25.493815 0.755024 -0.010662 -0.024609 0.758667 0.650926
1628061575.347830 -7.388516 25.496784 0.744299 -0.010338 -0.025515 0.758897 0.650629
1628061575.448040 -7.392000 25.507347 0.750249 -0.011828 -0.025490 0.758679 0.650858
1628061575.548219 -7.397134 25.511865 0.753313 -0.011681 -0.025641 0.758666 0.650870
1628061575.648756 -7.397023 25.500540 0.752359 -0.010499 -0.024596 0.758787 0.650790
1628061575.748591 -7.386462 25.494339 0.754365 -0.011717 -0.025238 0.758895 0.650618
1628061575.848799 -7.391571 25.499362 0.745759 -0.010425 -0.025113 0.758690 0.650884
1628061575.948980 -7.396372 25.511706 0.744789 -0.010844 -0.025498 0.758584 0.650986
1628061576.049208 -7.390620 25.505770 0.750868 -0.011413 -0.025412 0.758681 0.650866
1628061576.149362 -7.402572 25.508830 0.752679 -0.010812 -0.025126 0.758591 0.650993
1628061576.249557 -7.420621 25.520610 0.746277 -0.011176 -0.025673 0.758354 0.651241
1628061576.349759 -7.415155 25.515221 0.745493 -0.010639 -0.025790 0.758603 0.650955
1628061576.449954 -7.406023 25.504447 0.748083 -0.008948 -0.024603 0.758555 0.651083
1628061576.550104 -7.406455 25.510973 0.751035 -0.010896 -0.025178 0.758435 0.651171
1628061576.650293 -7.408732 25.506013 0.748330 -0.010773 -0.025334 0.758420 0.651184
1628061576.750502 -7.409722 25.516621 0.748932 -0.010173 -0.024954 0.758508 0.651106
1628061576.850712 -7.391112 25.503895 0.745645 -0.010241 -0.025201 0.758774 0.650785
1628061576.950870 -7.383516 25.502120 0.748564 -0.011447 -0.025662 0.758826 0.650687
1628061577.051082 -7.374252 25.504813 0.756791 -0.010925 -0.024681 0.759098 0.650416
1628061577.151256 -7.391351 25.512188 0.751144 -0.011470 -0.025430 0.758733 0.650804
1628061577.251459 -7.400312 25.510412 0.746807 -0.011018 -0.025265 0.758497 0.651094
1628061577.351654 -7.409381 25.510802 0.752063 -0.010853 -0.024559 0.758596 0.651007
1628061577.451841 -7.414591 25.504354 0.751691 -0.011330 -0.024949 0.758540 0.651050
1628061577.552015 -7.404226 25.492425 0.753269 -0.010836 -0.024907 0.758631 0.650954
1628061577.652307 -7.396515 25.488109 0.750679 -0.011890 -0.025937 0.758480 0.651071
1628061577.752406 -7.378362 25.502908 0.744811 -0.010920 -0.025342 0.759067 0.650427
1628061577.852590 -7.375216 25.511772 0.756435 -0.011801 -0.025246 0.758952 0.650550
1628061577.952763 -7.384254 25.500070 0.755490 -0.010441 -0.024418 0.758733 0.650860
1628061578.053013 -7.398730 25.497787 0.755343 -0.011904 -0.025532 0.758575 0.650976
1628061578.153188 -7.419452 25.506941 0.765602 -0.011897 -0.024271 0.758461 0.651157
1628061578.253344 -7.419012 25.514983 0.762901 -0.011527 -0.024609 0.758255 0.651392
1628061578.353582 -7.424217 25.520352 0.749772 -0.011265 -0.025507 0.758226 0.651396
1628061578.453858 -7.419735 25.500569 0.749205 -0.010306 -0.024828 0.758411 0.651222
1628061578.553921 -7.409933 25.489998 0.749102 -0.010728 -0.024955 0.758638 0.650945
1628061578.654099 -7.386825 25.490372 0.749552 -0.011302 -0.025382 0.758905 0.650608
1628061578.754275 -7.377490 25.497636 0.746994 -0.010151 -0.024900 0.758931 0.650615
1628061578.854469 -7.386695 25.500559 0.751531 -0.010582 -0.024570 0.758783 0.650794
1628061578.954706 -7.391885 25.512164 0.750243 -0.011241 -0.025506 0.758766 0.650767
1628061579.054991 -7.402468 25.503426 0.750517 -0.009930 -0.024743 0.758505 0.651122
1628061579.155038 -7.385261 25.498064 0.755878 -0.010266 -0.024280 0.758947 0.650619
1628061579.255263 -7.390918 25.507690 0.749423 -0.010499 -0.024942 0.758728 0.650845
1628061579.355453 -7.394930 25.517580 0.745084 -0.010708 -0.025530 0.758618 0.650947
1628061579.455612 -7.392969 25.519009 0.750307 -0.010687 -0.025067 0.758814 0.650737
1628061579.555819 -7.391057 25.518056 0.753177 -0.010138 -0.024503 0.758754 0.650837
1628061579.656015 -7.400309 25.513052 0.753134 -0.011202 -0.025227 0.758653 0.650910
1628061579.756174 -7.402697 25.501714 0.759329 -0.011665 -0.024595 0.758595 0.650994
1628061579.856356 -7.406002 25.499834 0.760358 -0.011628 -0.025272 0.758468 0.651116
1628061579.956538 -7.389338 25.496446 0.753069 -0.010777 -0.024720 0.758839 0.650719
1628061580.056749 -7.395822 25.500132 0.750270 -0.010975 -0.025008 0.758583 0.651003
1628061580.156935 -7.406014 25.510155 0.745946 -0.010835 -0.025448 0.758575 0.650998
1628061580.257130 -7.409232 25.513545 0.751171 -0.012366 -0.025893 0.758418 0.651137
1628061580.358004 -7.394421 25.510107 0.747340 -0.010248 -0.025303 0.758699 0.650869
1628061580.457496 -7.393559 25.517979 0.757309 -0.010671 -0.024329 0.758751 0.650838
1628061580.557678 -7.399134 25.511282 0.752791 -0.011435 -0.025243 0.758623 0.650940
1628061580.657888 -7.409918 25.503585 0.752002 -0.010666 -0.024739 0.758439 0.651187
1628061580.758055 -7.433038 25.515416 0.743213 -0.010207 -0.025744 0.758223 0.651407
1628061580.858387 -7.426377 25.520562 0.747058 -0.011734 -0.025833 0.758300 0.651288
1628061580.958456 -7.407715 25.510614 0.751119 -0.010566 -0.024913 0.758700 0.650878
1628061581.060405 -7.401887 25.495771 0.752688 -0.011396 -0.025117 0.758462 0.651134
1628061581.158817 -7.398002 25.493490 0.755698 -0.012142 -0.025142 0.758680 0.650865
1628061581.261847 -7.398346 25.497454 0.751043 -0.011133 -0.025235 0.758587 0.650988
1628061581.360361 -7.393611 25.487699 0.752065 -0.011191 -0.025037 0.758676 0.650890
1628061581.459953 -7.402806 25.500931 0.756308 -0.011646 -0.024824 0.758568 0.651017
1628061581.559595 -7.406669 25.514655 0.747626 -0.009764 -0.024538 0.758641 0.650974
1628061581.659779 -7.417265 25.515989 0.746117 -0.010789 -0.025437 0.758445 0.651151
1628061581.760272 -7.418485 25.520143 0.755050 -0.010501 -0.024460 0.758539 0.651084
1628061581.860621 -7.415435 25.511829 0.757389 -0.010076 -0.024141 0.758448 0.651208
1628061581.960352 -7.408927 25.512246 0.753154 -0.011083 -0.024750 0.758541 0.651060
1628061582.061320 -7.390846 25.498527 0.755545 -0.010703 -0.024531 0.758834 0.650733
1628061582.160717 -7.383253 25.487628 0.758588 -0.010948 -0.024333 0.758903 0.650657
1628061582.260892 -7.380644 25.487126 0.752617 -0.010682 -0.024896 0.758774 0.650791
1628061582.361097 -7.381818 25.495386 0.754459 -0.011464 -0.025155 0.758838 0.650692
1628061582.461691 -7.397849 25.507807 0.747095 -0.011237 -0.025655 0.758629 0.650921
1628061582.561467 -7.415419 25.515968 0.753713 -0.011341 -0.024839 0.758533 0.651062
1628061582.668117 -7.411992 25.513655 0.749277 -0.011511 -0.025545 0.758455 0.651122
1628061582.761860 -7.392529 25.496910 0.747126 -0.010255 -0.025158 0.758847 0.650702
1628061582.862062 -7.393101 25.499489 0.748448 -0.010540 -0.025404 0.758814 0.650726
1628061582.962312 -7.392022 25.503680 0.746219 -0.010465 -0.025753 0.758902 0.650611
1628061583.062531 -7.392525 25.503950 0.747807 -0.010644 -0.025189 0.758657 0.650917
1628061583.162612 -7.394849 25.511546 0.754388 -0.010764 -0.024632 0.758619 0.650980
1628061583.264036 -7.397444 25.510576 0.756747 -0.011832 -0.025302 0.758717 0.650821
1628061583.363018 -7.389877 25.504981 0.753161 -0.011590 -0.025377 0.758943 0.650559
1628061583.467140 -7.394903 25.508512 0.757371 -0.010264 -0.024519 0.758652 0.650953
1628061583.563370 -7.394894 25.506964 0.752985 -0.011580 -0.025402 0.758588 0.650973
1628061583.664475 -7.407796 25.502040 0.744582 -0.010471 -0.025623 0.758556 0.651019
1628061583.763788 -7.407908 25.504943 0.745280 -0.010434 -0.024868 0.758739 0.650836
1628061583.863937 -7.404006 25.507430 0.748739 -0.010868 -0.025100 0.758657 0.650915
1628061583.964221 -7.407290 25.505519 0.747363 -0.010817 -0.025569 0.758557 0.651015
1628061584.064368 -7.400255 25.503644 0.751881 -0.011269 -0.025536 0.758666 0.650881
1628061584.164512 -7.416727 25.507679 0.755653 -0.011363 -0.025021 0.758223 0.651416
1628061584.264723 -7.410061 25.499651 0.752811 -0.010513 -0.024238 0.758465 0.651178
1628061584.364880 -7.402548 25.493895 0.746308 -0.010480 -0.025143 0.758543 0.651053
1628061584.471077 -7.412844 25.509062 0.750680 -0.010106 -0.024974 0.758321 0.651325
1628061584.565298 -7.407688 25.513022 0.754724 -0.010762 -0.024684 0.758400 0.651233
1628061584.665440 -7.392418 25.505507 0.752409 -0.011235 -0.025270 0.758720 0.650830
1628061584.765656 -7.379014 25.513668 0.753322 -0.011490 -0.025513 0.758890 0.650618
1628061584.865827 -7.372324 25.502330 0.744903 -0.012145 -0.026532 0.759014 0.650420
1628061584.966027 -7.364917 25.497411 0.740967 -0.011085 -0.025847 0.759020 0.650459
1628061585.066215 -7.366982 25.508089 0.747066 -0.011821 -0.025796 0.759014 0.650456
1628061585.166426 -7.375571 25.501789 0.754776 -0.011762 -0.025068 0.759014 0.650485
1628061585.266644 -7.396065 25.505777 0.749287 -0.011291 -0.025654 0.758646 0.650900
1628061585.366796 -7.409888 25.506415 0.745173 -0.011221 -0.025272 0.758569 0.651006
1628061585.466957 -7.402093 25.505802 0.746431 -0.011035 -0.025312 0.758801 0.650737
1628061585.567148 -7.409937 25.500674 0.751350 -0.010548 -0.025049 0.758363 0.651266
1628061585.667347 -7.415829 25.499498 0.756177 -0.010334 -0.024022 0.758486 0.651164
1628061585.767592 -7.409639 25.515456 0.754137 -0.010247 -0.024365 0.758618 0.651000
1628061585.869845 -7.410630 25.504827 0.757248 -0.010636 -0.024249 0.758377 0.651279
1628061585.967960 -7.404534 25.496626 0.756849 -0.011327 -0.025221 0.758641 0.650922
1628061586.068109 -7.412505 25.492729 0.762117 -0.011439 -0.024166 0.758392 0.651250
1628061586.168324 -7.393877 25.491492 0.752611 -0.012409 -0.025775 0.758651 0.650869
1628061586.268521 -7.380069 25.494530 0.754632 -0.010966 -0.024531 0.758919 0.650630
1628061586.368807 -7.386265 25.495351 0.755195 -0.011150 -0.025108 0.758819 0.650722
1628061586.468860 -7.402086 25.495725 0.747831 -0.011182 -0.025379 0.758432 0.651161
1628061586.569436 -7.417302 25.490409 0.751619 -0.010622 -0.024706 0.758309 0.651340
1628061586.669471 -7.413180 25.496079 0.758188 -0.011042 -0.024313 0.758614 0.650993
1628061586.769455 -7.405373 25.501958 0.758829 -0.011147 -0.024493 0.758684 0.650903
1628061586.869756 -7.395800 25.507528 0.746403 -0.010902 -0.025267 0.758805 0.650737
1628061586.969817 -7.404241 25.510584 0.742409 -0.010236 -0.025230 0.758748 0.650815
1628061587.072331 -7.414640 25.505725 0.746363 -0.010015 -0.024775 0.758651 0.650949
1628061587.170183 -7.418174 25.503212 0.747555 -0.010024 -0.024629 0.758379 0.651272
1628061587.273995 -7.403963 25.497780 0.752814 -0.010897 -0.024614 0.758755 0.650819
1628061587.370609 -7.390416 25.484292 0.755456 -0.010864 -0.024565 0.758790 0.650782
1628061587.471473 -7.387391 25.480236 0.754617 -0.011564 -0.025223 0.758710 0.650837
1628061587.570968 -7.396664 25.496927 0.759833 -0.011228 -0.024521 0.758773 0.650797
1628061587.671233 -7.419908 25.499789 0.758261 -0.010375 -0.024279 0.758458 0.651187
1628061587.771330 -7.413859 25.497249 0.758441 -0.010890 -0.024739 0.758489 0.651125
1628061587.871744 -7.406766 25.497087 0.760048 -0.010659 -0.024409 0.758739 0.650850
1628061587.971773 -7.402335 25.503929 0.758423 -0.010846 -0.024476 0.758759 0.650821
1628061588.073822 -7.397764 25.507971 0.747183 -0.010783 -0.025161 0.758756 0.650800
1628061588.172136 -7.398430 25.512115 0.741266 -0.010189 -0.025638 0.758642 0.650924
1628061588.272260 -7.409757 25.504935 0.743938 -0.010810 -0.025291 0.758517 0.651073
1628061588.372470 -7.405008 25.499439 0.745483 -0.009935 -0.025241 0.758691 0.650886
1628061588.472713 -7.400003 25.493761 0.749313 -0.010466 -0.025113 0.758994 0.650529
1628061588.572855 -7.397477 25.493416 0.755220 -0.011152 -0.024652 0.758911 0.650632
1628061588.673160 -7.405376 25.495420 0.761473 -0.011113 -0.024210 0.758533 0.651090
1628061588.773249 -7.419281 25.505223 0.756007 -0.011367 -0.024934 0.758475 0.651126
1628061588.873870 -7.394584 25.501888 0.739712 -0.009733 -0.025539 0.758907 0.650625
1628061588.973598 -7.378923 25.508137 0.741294 -0.010588 -0.025912 0.759002 0.650486
1628061589.074296 -7.398231 25.511537 0.746977 -0.010201 -0.025330 0.758710 0.650856
1628061589.174399 -7.402348 25.512898 0.747579 -0.009934 -0.024734 0.758779 0.650803
1628061589.274322 -7.417052 25.515574 0.749150 -0.010395 -0.024918 0.758518 0.651092
1628061589.374808 -7.424454 25.506836 0.757111 -0.011702 -0.024883 0.758167 0.651480
1628061589.477887 -7.408315 25.505969 0.753159 -0.010442 -0.024530 0.758737 0.650851
1628061589.575148 -7.399555 25.501815 0.755614 -0.010527 -0.024545 0.758602 0.651007
1628061589.677904 -7.398523 25.504616 0.753660 -0.011679 -0.025205 0.758682 0.650868
1628061589.775420 -7.396775 25.508776 0.754749 -0.011223 -0.024855 0.758659 0.650917
1628061589.875309 -7.392203 25.514520 0.748531 -0.011324 -0.025756 0.758875 0.650628
1628061589.975557 -7.394067 25.526141 0.747040 -0.010766 -0.025329 0.758697 0.650862
1628061590.076056 -7.416943 25.527875 0.745251 -0.010589 -0.025382 0.758397 0.651212
1628061590.175937 -7.431737 25.523979 0.745197 -0.011075 -0.025421 0.758106 0.651541
1628061590.276073 -7.417471 25.511829 0.749407 -0.010909 -0.025367 0.758496 0.651093
1628061590.376349 -7.421564 25.504329 0.750456 -0.011150 -0.025068 0.758400 0.651211
1628061590.476439 -7.408609 25.505549 0.754747 -0.011668 -0.024968 0.758632 0.650936
1628061590.576638 -7.404971 25.509654 0.750177 -0.010815 -0.025098 0.758458 0.651149
1628061590.676867 -7.407338 25.513269 0.752852 -0.010471 -0.025006 0.758756 0.650811
1628061590.777069 -7.411385 25.511579 0.754667 -0.010251 -0.024582 0.758586 0.651029
1628061590.877213 -7.402231 25.501031 0.749012 -0.009925 -0.024951 0.758690 0.650898
1628061590.977392 -7.393287 25.508566 0.752900 -0.011604 -0.025271 0.758666 0.650886
1628061591.077586 -7.393126 25.510028 0.751298 -0.010630 -0.025242 0.758803 0.650744
1628061591.177780 -7.390763 25.504947 0.750519 -0.010334 -0.024903 0.758947 0.650594
1628061591.278051 -7.392907 25.501926 0.746435 -0.009664 -0.024669 0.758916 0.650650
1628061591.378162 -7.411528 25.495799 0.749369 -0.010288 -0.025025 0.758497 0.651114
1628061591.478320 -7.400326 25.502542 0.744397 -0.010220 -0.025520 0.758839 0.650697
1628061591.578545 -7.398735 25.515649 0.750667 -0.011745 -0.025451 0.758597 0.650957
1628061591.678963 -7.404294 25.512557 0.753549 -0.010467 -0.024818 0.758572 0.651033
1628061591.778896 -7.402973 25.515780 0.741394 -0.009374 -0.025334 0.758851 0.650704
1628061591.879082 -7.409987 25.514983 0.744790 -0.010954 -0.025550 0.758620 0.650940
1628061591.979273 -7.410913 25.500681 0.744859 -0.010547 -0.025043 0.758463 0.651149
1628061592.079472 -7.410885 25.503505 0.750797 -0.012094 -0.025772 0.758507 0.651043
1628061592.179653 -7.407833 25.506177 0.750027 -0.011669 -0.025670 0.758790 0.650725
1628061592.279874 -7.406719 25.511974 0.753531 -0.011523 -0.025179 0.758569 0.651004
1628061592.380028 -7.396534 25.514365 0.758523 -0.011140 -0.024538 0.758753 0.650820
1628061592.480218 -7.387362 25.505627 0.758428 -0.011111 -0.024512 0.758971 0.650568
1628061592.580409 -7.394402 25.509432 0.756281 -0.011720 -0.024990 0.758743 0.650805
1628061592.680617 -7.393872 25.515861 0.751551 -0.010333 -0.024777 0.758834 0.650731
1628061592.780782 -7.392092 25.507544 0.745364 -0.009725 -0.024642 0.758867 0.650707
1628061592.880979 -7.403280 25.494546 0.748929 -0.011301 -0.025509 0.758533 0.651037
1628061592.981206 -7.408247 25.492047 0.755622 -0.009929 -0.024104 0.758619 0.651013
1628061593.081397 -7.409153 25.507206 0.755322 -0.010113 -0.024117 0.758648 0.650976
1628061593.181577 -7.402849 25.508830 0.749590 -0.009942 -0.024597 0.758813 0.650768
1628061593.281749 -7.388474 25.503102 0.747729 -0.011111 -0.025223 0.758951 0.650564
1628061593.381929 -7.380141 25.496327 0.744578 -0.010458 -0.025253 0.759038 0.650473
1628061593.482115 -7.393772 25.497716 0.758331 -0.010914 -0.024376 0.758654 0.650946
1628061593.582314 -7.405000 25.498342 0.754714 -0.011078 -0.024947 0.758512 0.651087
1628061593.682549 -7.407457 25.503435 0.748959 -0.010568 -0.024976 0.758581 0.651014
1628061593.782731 -7.401652 25.509973 0.748700 -0.010437 -0.024939 0.758682 0.650900
1628061593.882876 -7.388626 25.507435 0.747423 -0.009943 -0.024882 0.759076 0.650450
1628061593.983167 -7.387776 25.492180 0.752365 -0.010839 -0.025245 0.758656 0.650912
1628061594.083249 -7.396310 25.491236 0.757123 -0.010247 -0.024047 0.758712 0.650902
1628061594.184587 -7.393564 25.486433 0.750045 -0.010355 -0.024489 0.758874 0.650694
1628061594.283629 -7.397421 25.491420 0.755293 -0.011378 -0.025042 0.758644 0.650925
1628061594.384199 -7.412735 25.512844 0.747180 -0.010653 -0.025641 0.758485 0.651098
1628061594.484085 -7.422676 25.516179 0.752438 -0.011532 -0.025376 0.758221 0.651402
1628061594.584210 -7.411674 25.510187 0.744947 -0.010166 -0.025345 0.758520 0.651077
1628061594.684393 -7.405395 25.500024 0.741709 -0.010424 -0.025390 0.758659 0.650910
1628061594.785451 -7.400037 25.498437 0.745344 -0.009704 -0.024453 0.758887 0.650690
1628061594.884815 -7.385193 25.499123 0.749754 -0.011359 -0.025547 0.758978 0.650516
1628061594.985321 -7.389511 25.509461 0.751270 -0.010333 -0.024748 0.759023 0.650512
1628061595.085180 -7.407754 25.514826 0.753335 -0.010888 -0.024812 0.758463 0.651152
1628061595.188696 -7.410652 25.496954 0.746858 -0.010676 -0.025471 0.758597 0.650975
1628061595.285534 -7.397524 25.493893 0.748875 -0.010476 -0.024934 0.758862 0.650689
1628061595.385753 -7.401363 25.494382 0.754419 -0.011157 -0.024425 0.758687 0.650901
1628061595.485915 -7.397065 25.496482 0.754901 -0.010936 -0.024621 0.758749 0.650825
1628061595.589376 -7.409010 25.503089 0.748817 -0.010126 -0.024891 0.758526 0.651089
1628061595.686324 -7.417289 25.510827 0.746013 -0.010273 -0.025174 0.758374 0.651252
1628061595.786541 -7.418541 25.526201 0.744115 -0.009916 -0.025371 0.758499 0.651104
1628061595.886725 -7.404942 25.506838 0.747021 -0.011095 -0.025344 0.758527 0.651054
1628061595.986875 -7.397857 25.492755 0.754634 -0.010944 -0.025012 0.758506 0.651094
1628061596.087056 -7.404167 25.502910 0.756222 -0.010455 -0.024454 0.758688 0.650911
1628061596.187323 -7.398655 25.510850 0.751164 -0.011009 -0.025050 0.758666 0.650905
1628061596.287449 -7.404502 25.517474 0.751949 -0.010934 -0.025345 0.758647 0.650917
1628061596.388153 -7.414450 25.516935 0.753639 -0.010877 -0.024989 0.758385 0.651237
1628061596.487808 -7.421693 25.507998 0.752625 -0.011315 -0.025623 0.758305 0.651298
1628061596.588954 -7.413567 25.485565 0.745437 -0.010504 -0.025309 0.758473 0.651128
1628061596.688210 -7.399699 25.494909 0.752617 -0.011022 -0.024570 0.758644 0.650948
1628061596.788363 -7.393332 25.510448 0.755275 -0.010171 -0.024491 0.758864 0.650709
1628061596.888554 -7.387496 25.511435 0.747562 -0.011698 -0.025817 0.758665 0.650865
1628061596.996373 -7.385623 25.525099 0.744628 -0.011241 -0.025868 0.759126 0.650332
1628061597.088946 -7.404511 25.530916 0.752119 -0.011121 -0.025228 0.758681 0.650879
1628061597.191142 -7.430657 25.522141 0.752393 -0.010855 -0.024997 0.758192 0.651462
1628061597.289320 -7.433606 25.521485 0.754384 -0.011192 -0.025096 0.758205 0.651437
1628061597.389524 -7.412897 25.508517 0.752130 -0.010699 -0.024832 0.758523 0.651085
1628061597.489738 -7.405486 25.496933 0.753758 -0.011285 -0.024628 0.758513 0.651095
1628061597.589880 -7.396237 25.495240 0.758770 -0.011282 -0.024719 0.758743 0.650823
1628061597.690072 -7.396984 25.487974 0.757094 -0.010647 -0.024340 0.758759 0.650829
1628061597.790262 -7.407765 25.490084 0.761421 -0.010792 -0.024146 0.758627 0.650988
1628061597.890473 -7.414658 25.495925 0.751177 -0.010205 -0.024435 0.758549 0.651077
1628061597.990753 -7.419607 25.513026 0.752258 -0.010865 -0.024754 0.758438 0.651185
1628061598.090940 -7.426922 25.533557 0.752378 -0.011179 -0.025151 0.758381 0.651230
1628061598.191039 -7.422596 25.533780 0.752927 -0.011429 -0.025023 0.758426 0.651178
1628061598.291210 -7.406452 25.529789 0.749526 -0.011386 -0.025292 0.758671 0.650883
1628061598.391771 -7.400610 25.503773 0.752388 -0.010921 -0.024881 0.758719 0.650851
1628061598.491661 -7.396225 25.489582 0.756066 -0.011943 -0.024948 0.758494 0.651093
1628061598.591775 -7.384760 25.489748 0.760068 -0.011382 -0.024551 0.758805 0.650755
1628061598.692014 -7.384677 25.487922 0.762837 -0.010963 -0.023655 0.758853 0.650740
1628061598.797687 -7.388635 25.494648 0.750787 -0.010488 -0.025325 0.758811 0.650734
1628061598.892412 -7.399683 25.506156 0.750624 -0.011059 -0.024593 0.758675 0.650912
1628061598.992530 -7.409693 25.507288 0.750965 -0.010955 -0.024793 0.758676 0.650904
1628061599.092752 -7.402484 25.515870 0.753484 -0.011090 -0.024825 0.758680 0.650896
1628061599.192915 -7.405279 25.513366 0.752047 -0.011453 -0.025044 0.758446 0.651154
1628061599.293172 -7.403346 25.505562 0.748544 -0.011009 -0.025327 0.758670 0.650890
1628061599.399209 -7.403717 25.502450 0.756585 -0.011730 -0.024813 0.758656 0.650913
1628061599.494215 -7.406079 25.507943 0.752144 -0.011295 -0.025513 0.758671 0.650876
1628061599.593670 -7.389512 25.507689 0.749723 -0.010974 -0.025210 0.758989 0.650522
1628061599.694096 -7.389011 25.513408 0.749813 -0.010315 -0.025185 0.758778 0.650781
1628061599.794054 -7.385965 25.519844 0.759124 -0.011157 -0.024418 0.759079 0.650444
1628061599.894240 -7.391772 25.514310 0.758324 -0.010512 -0.024496 0.758824 0.650751
1628061599.994432 -7.404984 25.500520 0.752387 -0.011195 -0.025301 0.758712 0.650839
1628061600.096035 -7.411631 25.495805 0.751582 -0.010930 -0.025023 0.758531 0.651064
1628061600.194818 -7.404509 25.496474 0.752278 -0.011612 -0.025454 0.758550 0.651014
1628061600.295792 -7.408032 25.499286 0.752615 -0.010756 -0.024950 0.758446 0.651169
1628061600.395335 -7.394357 25.498424 0.755051 -0.010188 -0.024410 0.758798 0.650789
1628061600.495377 -7.393382 25.507049 0.755300 -0.011193 -0.024871 0.758866 0.650676
1628061600.595610 -7.400719 25.515496 0.756679 -0.010419 -0.024514 0.758575 0.651041
1628061600.695759 -7.417721 25.512632 0.743957 -0.011670 -0.025909 0.758233 0.651364
1628061600.795976 -7.415110 25.502648 0.747216 -0.010778 -0.025537 0.758491 0.651094
1628061600.896742 -7.413436 25.500771 0.750017 -0.011259 -0.025124 0.758563 0.651018
1628061600.996323 -7.402239 25.494882 0.754729 -0.011363 -0.024691 0.758777 0.650784
1628061601.096518 -7.384806 25.491567 0.751985 -0.010540 -0.024699 0.758873 0.650685
1628061601.196733 -7.386515 25.497341 0.753028 -0.010562 -0.024357 0.758898 0.650668
1628061601.296898 -7.398184 25.499760 0.755671 -0.011135 -0.024924 0.758636 0.650943
1628061601.494984 -7.412221 25.506116 0.753817 -0.010666 -0.025307 0.758850 0.650686
1628061601.497286 -7.413328 25.506870 0.753166 -0.010643 -0.025207 0.758810 0.650737
1628061601.597462 -7.402189 25.512736 0.759234 -0.010439 -0.024299 0.758833 0.650749
1628061601.697804 -7.397524 25.510934 0.754476 -0.011487 -0.024836 0.758633 0.650943
1628061601.797911 -7.399182 25.504952 0.745827 -0.011295 -0.025572 0.758737 0.650797
1628061601.898030 -7.399931 25.503657 0.754538 -0.011461 -0.025182 0.758563 0.651012
1628061602.001861 -7.408414 25.507310 0.754222 -0.010706 -0.025363 0.758495 0.651097
1628061602.100677 -7.400163 25.514444 0.751847 -0.010006 -0.025032 0.758828 0.650733
1628061602.198617 -7.403914 25.506753 0.752091 -0.011355 -0.025584 0.758550 0.651013
1628061602.298811 -7.406039 25.493426 0.750565 -0.010727 -0.025006 0.758467 0.651143
1628061602.401150 -7.386356 25.495709 0.756537 -0.011196 -0.024478 0.758972 0.650567
1628061602.499180 -7.388411 25.504350 0.754601 -0.011079 -0.025056 0.758784 0.650766
1628061602.599366 -7.395294 25.502141 0.747451 -0.010952 -0.025904 0.758763 0.650759
1628061602.699568 -7.400951 25.497067 0.748213 -0.010171 -0.025041 0.758749 0.650822
1628061602.799783 -7.399247 25.501203 0.749433 -0.011171 -0.025608 0.758689 0.650854
1628061602.899938 -7.400122 25.501704 0.753577 -0.011469 -0.025403 0.758535 0.651036
1628061603.000112 -7.404318 25.496264 0.756601 -0.011297 -0.025750 0.758655 0.650886
1628061603.101899 -7.401262 25.487246 0.753012 -0.010742 -0.025012 0.758722 0.650846
1628061603.200488 -7.397014 25.489235 0.749763 -0.010698 -0.025127 0.758728 0.650835
1628061603.300747 -7.401976 25.497953 0.747055 -0.010558 -0.025135 0.758679 0.650893
1628061603.400873 -7.397590 25.500725 0.747126 -0.011006 -0.025618 0.758592 0.650969
1628061603.501061 -7.399356 25.508800 0.749271 -0.010813 -0.025007 0.758712 0.650857
1628061603.601247 -7.399053 25.511065 0.755610 -0.010301 -0.024524 0.758750 0.650839
1628061603.701473 -7.405939 25.499817 0.744869 -0.010921 -0.025724 0.758583 0.650977
1628061603.801661 -7.406985 25.485803 0.752792 -0.011377 -0.024798 0.758428 0.651186
1628061603.901816 -7.395479 25.481873 0.753149 -0.010475 -0.024546 0.758860 0.650707
1628061604.002179 -7.391424 25.494889 0.761353 -0.010674 -0.024283 0.758876 0.650695
1628061604.102305 -7.389330 25.501153 0.756377 -0.010961 -0.024526 0.758746 0.650832
1628061604.202439 -7.404721 25.507322 0.748038 -0.010176 -0.024802 0.758440 0.651191
1628061604.302574 -7.396439 25.504242 0.750896 -0.010759 -0.024951 0.758761 0.650802
1628061604.402800 -7.393388 25.498828 0.750490 -0.010729 -0.024773 0.758834 0.650724
1628061604.503015 -7.400915 25.486164 0.749523 -0.010951 -0.024923 0.758523 0.651077
1628061604.603145 -7.394389 25.498573 0.749075 -0.011065 -0.025465 0.758798 0.650735
1628061604.703379 -7.397316 25.506764 0.750183 -0.011001 -0.025000 0.758663 0.650911
1628061604.803557 -7.404327 25.506526 0.756476 -0.010953 -0.024524 0.758553 0.651057
1628061604.903768 -7.410462 25.499434 0.749224 -0.010916 -0.025129 0.758566 0.651020
1628061605.003916 -7.427514 25.497779 0.749020 -0.010451 -0.025603 0.758178 0.651460
1628061605.104089 -7.406894 25.506894 0.749487 -0.010093 -0.024577 0.758871 0.650699
1628061605.204301 -7.389357 25.510980 0.751351 -0.010417 -0.024894 0.758949 0.650590
1628061605.304488 -7.393318 25.513429 0.756379 -0.010842 -0.025105 0.758801 0.650748
1628061605.404675 -7.396682 25.504811 0.747700 -0.011247 -0.026112 0.758761 0.650748
1628061605.504914 -7.397608 25.498138 0.750911 -0.010588 -0.024949 0.758817 0.650740
1628061605.605069 -7.387265 25.488767 0.753118 -0.010922 -0.024931 0.758911 0.650625
1628061605.705253 -7.413966 25.498645 0.749871 -0.010788 -0.025240 0.758190 0.651456
1628061605.805429 -7.434325 25.513725 0.741256 -0.009881 -0.025035 0.758165 0.651507
1628061605.905639 -7.430467 25.518054 0.746742 -0.010826 -0.025302 0.758399 0.651209
1628061606.005844 -7.398752 25.510395 0.759975 -0.011509 -0.024816 0.758919 0.650611
1628061606.105982 -7.383028 25.511297 0.760449 -0.010792 -0.024422 0.758967 0.650581
1628061606.206187 -7.382912 25.513275 0.755355 -0.012027 -0.025547 0.758838 0.650667
1628061606.306366 -7.382891 25.521659 0.749273 -0.010235 -0.024793 0.758894 0.650661
1628061606.406590 -7.405575 25.528941 0.747436 -0.010454 -0.025311 0.758627 0.650949
1628061606.506804 -7.423459 25.510600 0.746236 -0.011245 -0.025640 0.758241 0.651373
1628061606.606945 -7.408649 25.507742 0.751230 -0.010880 -0.025036 0.758634 0.650945
1628061606.707134 -7.395951 25.513323 0.748589 -0.010560 -0.025257 0.758783 0.650768
1628061606.807320 -7.398098 25.501995 0.748088 -0.009832 -0.024781 0.758446 0.651190
1628061606.907657 -7.402571 25.488160 0.745354 -0.011083 -0.025422 0.758653 0.650905
1628061607.007695 -7.391221 25.476038 0.741428 -0.011323 -0.025068 0.758887 0.650641
1628061607.108105 -7.389562 25.481235 0.742802 -0.011903 -0.025356 0.759088 0.650385
1628061607.208077 -7.392878 25.485039 0.752300 -0.011983 -0.024200 0.759457 0.649996
1628061607.308320 -7.389971 25.481494 0.757066 -0.012355 -0.024099 0.760282 0.649028
1628061607.408484 -7.379063 25.470983 0.749093 -0.013098 -0.024577 0.761314 0.647785
1628061607.508754 -7.382739 25.437907 0.745666 -0.012435 -0.024168 0.762944 0.645893
1628061607.608829 -7.390294 25.401465 0.745852 -0.012039 -0.023788 0.765004 0.643473
1628061607.709042 -7.372012 25.364253 0.746493 -0.012769 -0.023513 0.768216 0.639632
1628061607.809237 -7.351527 25.325988 0.743395 -0.013410 -0.023885 0.772264 0.634711
1628061607.909986 -7.340333 25.285839 0.750151 -0.012705 -0.023648 0.776259 0.629842
1628061608.009585 -7.352376 25.254274 0.751318 -0.012707 -0.022539 0.778751 0.626800
1628061608.109806 -7.369255 25.217060 0.743181 -0.011606 -0.022728 0.777536 0.628321
1628061608.209963 -7.383168 25.178833 0.733273 -0.011185 -0.025508 0.772711 0.634147
1628061608.310426 -7.414223 25.129380 0.734864 -0.010051 -0.027851 0.765557 0.642687
1628061608.410354 -7.395466 25.085745 0.740112 -0.008031 -0.027054 0.757992 0.651653
1628061608.513298 -7.379876 25.034430 0.737996 -0.005304 -0.025812 0.748968 0.662082
1628061608.610723 -7.365538 24.976124 0.731568 -0.006010 -0.026185 0.739667 0.672436
1628061608.710932 -7.355643 24.922406 0.729731 -0.006453 -0.027658 0.731247 0.681521
1628061608.811138 -7.333470 24.879768 0.732522 -0.006206 -0.029092 0.724083 0.689071
1628061608.916608 -7.332628 24.840824 0.735318 -0.006619 -0.029417 0.717490 0.695916
1628061609.011482 -7.317167 24.800605 0.737878 -0.005542 -0.029297 0.713563 0.699956
1628061609.115264 -7.284354 24.785682 0.728946 -0.004776 -0.029119 0.711109 0.702462
1628061609.211873 -7.283088 24.782594 0.736192 -0.005489 -0.028815 0.709857 0.703735
1628061609.312153 -7.280502 24.785625 0.732102 -0.006138 -0.028981 0.710322 0.703253
1628061609.412431 -7.277013 24.790937 0.735519 -0.006020 -0.027604 0.710955 0.702670
1628061609.512426 -7.270227 24.792646 0.738996 -0.006380 -0.027573 0.711710 0.701903
1628061609.612639 -7.261055 24.785882 0.746410 -0.006231 -0.025828 0.712711 0.700955
1628061609.712810 -7.249749 24.779791 0.740178 -0.007303 -0.028062 0.713339 0.700219
1628061609.813064 -7.267631 24.796095 0.733076 -0.006896 -0.027918 0.713913 0.699644
1628061609.913209 -7.284975 24.804109 0.728334 -0.008197 -0.028038 0.713616 0.699928
1628061610.013466 -7.294486 24.805497 0.734450 -0.007853 -0.028155 0.713773 0.699767
1628061610.114260 -7.299687 24.801497 0.743273 -0.007173 -0.027577 0.713410 0.700168
1628061610.213768 -7.288332 24.808407 0.739478 -0.006597 -0.027404 0.713160 0.700434
1628061610.313946 -7.268998 24.800455 0.732894 -0.006584 -0.027796 0.713189 0.700389
1628061610.414167 -7.267387 24.802629 0.736176 -0.007183 -0.027134 0.712668 0.700939
1628061610.514464 -7.271369 24.805896 0.734964 -0.007293 -0.026783 0.711876 0.701757
1628061610.614558 -7.278536 24.795908 0.729921 -0.006674 -0.026588 0.710651 0.703010
1628061610.714704 -7.292469 24.784505 0.726967 -0.006707 -0.027617 0.708885 0.704752
1628061610.814915 -7.296156 24.776236 0.733813 -0.007050 -0.026429 0.706257 0.707427
1628061610.922418 -7.293187 24.758942 0.729309 -0.007717 -0.027964 0.702712 0.710883
1628061611.015307 -7.290675 24.750369 0.727398 -0.007454 -0.027786 0.698525 0.715007
1628061611.119965 -7.286735 24.712103 0.723152 -0.007401 -0.028139 0.693093 0.720261
1628061611.215674 -7.284290 24.670331 0.728939 -0.006126 -0.026539 0.686873 0.726267
1628061611.315846 -7.270510 24.620021 0.728424 -0.006258 -0.026042 0.681423 0.731399
1628061611.416067 -7.282073 24.576612 0.716618 -0.007581 -0.023262 0.678773 0.733940
1628061611.516239 -7.297780 24.528601 0.724229 -0.005266 -0.021240 0.678926 0.733880
1628061611.616421 -7.292161 24.465087 0.727552 0.000600 -0.021710 0.681578 0.731423
1628061611.716639 -7.294288 24.400399 0.728023 0.003976 -0.021983 0.687585 0.725760
1628061611.816805 -7.296149 24.304907 0.718290 0.004730 -0.026832 0.695738 0.717779
1628061611.918200 -7.303468 24.219111 0.712953 0.004368 -0.037177 0.702540 0.710659
1628061612.017176 -7.332959 24.182456 0.713748 0.002995 -0.042146 0.710832 0.702091
1628061612.119001 -7.353335 24.154045 0.702197 0.001867 -0.043577 0.717879 0.694800
1628061612.217566 -7.359245 24.124259 0.715158 0.003635 -0.041905 0.725321 0.687125
1628061612.317737 -7.352723 24.068685 0.711365 0.006390 -0.039496 0.732428 0.679668
1628061612.417934 -7.339655 24.012779 0.707946 0.007775 -0.038215 0.739525 0.671999
1628061612.518121 -7.314605 23.968920 0.699968 0.006859 -0.038951 0.745565 0.665259
1628061612.618318 -7.312584 23.940954 0.698204 0.006399 -0.039887 0.750907 0.659171
1628061612.718500 -7.311316 23.914354 0.698856 0.005241 -0.041290 0.755571 0.653744
1628061612.818740 -7.318900 23.894136 0.702607 0.006109 -0.040568 0.758921 0.649889
1628061612.918894 -7.332821 23.864914 0.688148 0.006885 -0.038108 0.760428 0.648266
1628061613.019064 -7.325788 23.851881 0.687188 0.007281 -0.031974 0.761897 0.646868
1628061613.119257 -7.304161 23.838306 0.703305 0.007683 -0.025572 0.763985 0.644681
1628061613.219443 -7.299827 23.835410 0.695418 0.006095 -0.021248 0.764553 0.644182
1628061613.319643 -7.292720 23.836376 0.688775 -0.000288 -0.020820 0.763872 0.645032
1628061613.419831 -7.281172 23.801081 0.693912 -0.002397 -0.024564 0.762910 0.646033
1628061613.520009 -7.283636 23.771350 0.698574 -0.001428 -0.026724 0.761557 0.647545
1628061613.620220 -7.278509 23.750154 0.700082 -0.002117 -0.025852 0.759820 0.649616
1628061613.720392 -7.253028 23.725178 0.699209 -0.002331 -0.025955 0.758674 0.650949
1628061613.820618 -7.257656 23.695543 0.699225 0.000513 -0.022561 0.756936 0.653099
1628061613.922044 -7.265381 23.672815 0.691654 -0.000004 -0.022866 0.755052 0.655266
1628061614.020983 -7.258301 23.646332 0.688956 -0.000787 -0.023722 0.753613 0.656890
1628061614.121176 -7.243552 23.608464 0.692857 -0.001662 -0.023799 0.752059 0.658663
1628061614.221361 -7.221776 23.578265 0.699282 -0.002905 -0.024652 0.751108 0.659713
1628061614.321558 -7.218963 23.555315 0.696945 -0.002001 -0.023673 0.751499 0.659306
1628061614.421739 -7.228852 23.525796 0.689908 -0.001652 -0.023337 0.752598 0.658065
1628061614.521928 -7.249647 23.497190 0.687778 -0.001211 -0.022933 0.754358 0.656061
1628061614.622155 -7.264462 23.457576 0.683760 -0.001851 -0.024198 0.756559 0.653475
1628061614.722309 -7.271257 23.433033 0.680080 -0.001017 -0.023819 0.759348 0.650248
1628061614.822476 -7.261639 23.393140 0.676749 -0.001072 -0.023827 0.763032 0.645921
1628061614.922688 -7.237185 23.340533 0.683345 -0.001904 -0.024592 0.766566 0.641692
1628061615.025844 -7.211700 23.304583 0.697192 -0.000912 -0.023785 0.770687 0.636769
1628061615.123091 -7.218440 23.279052 0.693829 0.000230 -0.024063 0.774371 0.632274
1628061615.223232 -7.218053 23.237260 0.680191 0.002139 -0.022840 0.778736 0.626933
1628061615.323427 -7.209225 23.201301 0.677613 0.003031 -0.022899 0.783327 0.621181
1628061615.425552 -7.202231 23.153218 0.673035 0.003346 -0.023470 0.786845 0.616695
1628061615.523807 -7.181634 23.103265 0.679932 0.003660 -0.024947 0.789806 0.612838
1628061615.625925 -7.154339 23.053208 0.674289 0.004096 -0.026680 0.791858 0.610109
1628061615.724178 -7.142830 23.018435 0.674066 0.005217 -0.026533 0.792723 0.608982
1628061615.827425 -7.134732 22.982095 0.675261 0.005986 -0.027277 0.793367 0.608103
1628061615.924558 -7.124128 22.955664 0.670797 0.007549 -0.028264 0.793137 0.608340
1628061616.024754 -7.103693 22.937794 0.669932 0.008717 -0.028161 0.792730 0.608860
1628061616.124959 -7.093003 22.900765 0.669679 0.009357 -0.028810 0.791508 0.610408
1628061616.225127 -7.090430 22.845001 0.669121 0.011320 -0.029728 0.790459 0.611689
1628061616.325330 -7.091085 22.782815 0.659428 0.012328 -0.030242 0.788831 0.613742
1628061616.425541 -7.079157 22.733308 0.652688 0.013498 -0.029307 0.787512 0.615455
1628061616.525714 -7.069345 22.693368 0.649770 0.014346 -0.029735 0.785913 0.617455
1628061616.625929 -7.047247 22.656719 0.644486 0.014349 -0.031450 0.784601 0.619037
1628061616.726073 -7.019589 22.620809 0.645498 0.015872 -0.030962 0.783265 0.620714
1628061616.826263 -7.004041 22.574639 0.643996 0.015777 -0.032072 0.781427 0.622972
1628061616.926456 -6.988670 22.498515 0.639335 0.017013 -0.031595 0.780132 0.624585
1628061617.028157 -6.975379 22.435328 0.636431 0.017526 -0.032477 0.778699 0.626311
1628061617.126878 -6.962143 22.382868 0.626477 0.019467 -0.032716 0.777242 0.628049
1628061617.227542 -6.950621 22.327669 0.632837 0.020748 -0.033041 0.775755 0.629827
1628061617.327267 -6.944888 22.297115 0.637228 0.022255 -0.033349 0.773895 0.632044
1628061617.427408 -6.950579 22.233530 0.636257 0.023800 -0.033271 0.772368 0.633857
1628061617.527610 -6.946332 22.167567 0.625461 0.023741 -0.034913 0.770567 0.635960
1628061617.629879 -6.938440 22.099239 0.617558 0.023280 -0.036362 0.768014 0.638976
1628061617.728024 -6.918987 22.060722 0.604535 0.024579 -0.037141 0.765148 0.642312
1628061617.828174 -6.907831 22.028481 0.612534 0.024904 -0.035026 0.761596 0.646626
1628061617.928373 -6.886937 21.975174 0.616109 0.025393 -0.035721 0.758231 0.650512
1628061618.028681 -6.886354 21.908420 0.605847 0.026257 -0.034330 0.753777 0.655708
1628061618.128757 -6.879573 21.841736 0.601729 0.025593 -0.035301 0.749490 0.660578
1628061618.228946 -6.872005 21.793359 0.607023 0.026444 -0.034178 0.744862 0.665818
1628061618.329107 -6.857816 21.735409 0.596792 0.026598 -0.034057 0.740284 0.670904
1628061618.429300 -6.846830 21.681062 0.594309 0.026035 -0.033444 0.740300 0.670939
1628061618.529575 -6.844993 21.634099 0.582542 0.025309 -0.035253 0.741771 0.669248
1628061618.629929 -6.840924 21.585639 0.583320 0.024866 -0.035578 0.744473 0.666240
1628061618.729973 -6.840284 21.544264 0.593462 0.025196 -0.034105 0.747209 0.663235
1628061618.830058 -6.843461 21.491328 0.582247 0.025322 -0.034075 0.751361 0.658524
1628061618.930255 -6.857189 21.456219 0.570596 0.024986 -0.034461 0.755654 0.653586
1628061619.030861 -6.863754 21.408630 0.565364 0.024661 -0.034908 0.760613 0.647797
1628061619.130628 -6.874638 21.350430 0.563759 0.023249 -0.035931 0.764744 0.642911
1628061619.230833 -6.868987 21.310196 0.559035 0.023090 -0.035939 0.769125 0.637669
1628061619.331022 -6.863205 21.264042 0.549254 0.022932 -0.036447 0.772914 0.633047
1628061619.431199 -6.842690 21.218842 0.539855 0.022945 -0.035590 0.777416 0.627559
1628061619.531419 -6.832409 21.172184 0.543087 0.023058 -0.035446 0.780583 0.623621
1628061619.631587 -6.808650 21.134566 0.546560 0.022191 -0.035108 0.784198 0.619119
1628061619.731956 -6.797903 21.105171 0.539986 0.021992 -0.035472 0.787319 0.615131
1628061619.831972 -6.792127 21.089354 0.537625 0.022409 -0.034493 0.790520 0.611054
1628061619.932153 -6.792223 21.066078 0.540523 0.021821 -0.034699 0.792393 0.608632
1628061620.032473 -6.778460 21.025519 0.535810 0.021846 -0.034289 0.794879 0.605404
1628061620.132532 -6.742071 20.987065 0.537276 0.021146 -0.035013 0.797203 0.602324
1628061620.232713 -6.729708 20.954982 0.535338 0.021349 -0.034273 0.798105 0.601164
1628061620.332936 -6.721913 20.918063 0.530122 0.020575 -0.034985 0.799466 0.599338
1628061620.433107 -6.721625 20.883591 0.529808 0.020930 -0.033937 0.801365 0.596846
1628061620.534667 -6.708902 20.853770 0.529418 0.021200 -0.032313 0.802632 0.595222
1628061620.634130 -6.708731 20.815618 0.530686 0.021740 -0.032257 0.804274 0.592984
1628061620.733672 -6.702188 20.773541 0.515301 0.020128 -0.032874 0.805447 0.591413
1628061620.833857 -6.670569 20.725830 0.516433 0.020650 -0.032507 0.806870 0.589472
1628061620.934050 -6.642923 20.696559 0.519192 0.020287 -0.033457 0.807957 0.587941
1628061621.034258 -6.626522 20.673007 0.519718 0.020700 -0.032356 0.808963 0.586603
1628061621.134442 -6.615350 20.640355 0.523072 0.020997 -0.031985 0.810175 0.584938
1628061621.234668 -6.610245 20.608652 0.514549 0.020148 -0.032787 0.811063 0.583692
1628061621.334883 -6.600987 20.592426 0.505011 0.019008 -0.033092 0.812221 0.582100
1628061621.435008 -6.574921 20.574667 0.503545 0.019574 -0.033050 0.813243 0.580655
1628061621.535198 -6.564976 20.555843 0.508247 0.019694 -0.032719 0.813815 0.579868
1628061621.635370 -6.550529 20.502621 0.499570 0.021011 -0.032280 0.815034 0.578132
1628061621.735584 -6.547194 20.467513 0.490937 0.021007 -0.032043 0.816136 0.576589
1628061621.836654 -6.543869 20.431407 0.492346 0.020843 -0.031833 0.817680 0.574414
1628061621.935948 -6.541055 20.394017 0.495658 0.020500 -0.031845 0.819180 0.572285
1628061622.036451 -6.532020 20.362379 0.494024 0.019604 -0.031752 0.820733 0.570093
1628061622.136353 -6.506555 20.325107 0.489102 0.020799 -0.030982 0.822191 0.567988
1628061622.236507 -6.486779 20.290302 0.487659 0.019683 -0.032348 0.823419 0.566169
1628061622.336739 -6.469916 20.249314 0.474056 0.019369 -0.032237 0.825063 0.563787
1628061622.437217 -6.462961 20.224455 0.466695 0.018258 -0.032101 0.827163 0.560748
1628061622.537069 -6.439704 20.216192 0.473166 0.018900 -0.031265 0.828774 0.558389
1628061622.637856 -6.419872 20.192498 0.466501 0.017134 -0.033065 0.830384 0.555946
1628061622.737491 -6.390275 20.163725 0.475574 0.017680 -0.032801 0.832087 0.553392
1628061622.838312 -6.389112 20.123249 0.472239 0.017299 -0.031766 0.833391 0.551498
1628061622.937834 -6.382384 20.089767 0.468329 0.016959 -0.031674 0.835595 0.548170
1628061623.038150 -6.380257 20.036284 0.469548 0.015504 -0.032062 0.837364 0.545484
1628061623.138219 -6.371377 19.989754 0.461915 0.016404 -0.029769 0.839274 0.542645
1628061623.241788 -6.364695 19.965602 0.464340 0.016346 -0.030132 0.841085 0.539816
1628061623.338631 -6.352494 19.931604 0.462004 0.016244 -0.030068 0.843224 0.536475
1628061623.438778 -6.327556 19.900093 0.458153 0.015334 -0.030085 0.844988 0.533719
1628061623.538964 -6.287466 19.872983 0.457842 0.015289 -0.029645 0.846654 0.531097
1628061623.639160 -6.274665 19.847245 0.457371 0.014835 -0.029963 0.848056 0.528851
1628061623.739340 -6.283395 19.833536 0.456354 0.013503 -0.029744 0.848186 0.528690
1628061623.839541 -6.270092 19.802235 0.459231 0.013936 -0.029397 0.847774 0.529358
1628061623.939742 -6.255249 19.754028 0.454044 0.014151 -0.027993 0.846061 0.532163
1628061624.039930 -6.230773 19.726325 0.452693 0.012218 -0.030013 0.843993 0.535375
1628061624.140136 -6.198946 19.697998 0.448413 0.013528 -0.029120 0.842319 0.538022
1628061624.240297 -6.176772 19.664454 0.450834 0.014412 -0.028698 0.839606 0.542245
1628061624.340559 -6.153743 19.638013 0.445803 0.014605 -0.028288 0.836570 0.546934
1628061624.448514 -6.134841 19.599563 0.449072 0.014152 -0.029171 0.832805 0.552617
1628061624.540879 -6.136273 19.563666 0.458769 0.017074 -0.026569 0.829912 0.557000
1628061624.641062 -6.127339 19.523216 0.462563 0.017568 -0.026824 0.826664 0.561781
1628061624.741256 -6.120980 19.495720 0.452433 0.017347 -0.027041 0.823429 0.566509
1628061624.841434 -6.103912 19.461981 0.455793 0.018790 -0.024980 0.820203 0.571218
1628061624.941638 -6.075944 19.419598 0.454270 0.018135 -0.026325 0.816912 0.575876
1628061625.041807 -6.061412 19.384381 0.443823 0.016713 -0.027693 0.813242 0.581026
1628061625.142026 -6.055230 19.338021 0.432748 0.017497 -0.026600 0.810156 0.585349
1628061625.242273 -6.033608 19.294362 0.430731 0.018617 -0.025440 0.807957 0.588397
1628061625.342422 -6.008745 19.265673 0.431878 0.017665 -0.026356 0.805753 0.591401
1628061625.442568 -5.968924 19.213533 0.425182 0.018026 -0.027215 0.803715 0.594118
1628061625.542785 -5.971776 19.170935 0.429500 0.018872 -0.025898 0.801260 0.597457
1628061625.642970 -5.961402 19.141672 0.429582 0.018666 -0.026195 0.799268 0.600113
1628061625.743152 -5.950851 19.112917 0.425436 0.018508 -0.025773 0.797401 0.602615
1628061625.843590 -5.939295 19.077289 0.429848 0.019745 -0.024662 0.795595 0.605005
1628061625.943528 -5.917996 19.025208 0.417081 0.018850 -0.024373 0.793682 0.607552
1628061626.043710 -5.918138 18.995540 0.414232 0.018931 -0.024926 0.792640 0.608886
1628061626.143899 -5.903603 18.950107 0.422801 0.019629 -0.023722 0.792520 0.609068
1628061626.244086 -5.909832 18.921869 0.412667 0.019466 -0.024560 0.791955 0.609774
1628061626.344306 -5.907644 18.885531 0.406346 0.019876 -0.023042 0.792621 0.608954
1628061626.444465 -5.912503 18.857922 0.406061 0.020066 -0.022547 0.793533 0.607779
1628061626.544681 -5.899790 18.817886 0.399916 0.019912 -0.023100 0.795088 0.605727
1628061626.644848 -5.864688 18.756458 0.394588 0.018596 -0.024338 0.797134 0.603025
1628061626.745054 -5.849379 18.700452 0.397901 0.018645 -0.023577 0.799230 0.600273
1628061626.845225 -5.838203 18.658323 0.395017 0.019367 -0.023124 0.801318 0.597477
1628061626.945433 -5.829037 18.622846 0.387661 0.018361 -0.023834 0.803359 0.594734
1628061627.045606 -5.824377 18.586191 0.380125 0.017309 -0.023813 0.805420 0.591972
1628061627.145821 -5.823772 18.545901 0.384553 0.018613 -0.023495 0.807428 0.589204
1628061627.245992 -5.798255 18.506829 0.381736 0.017493 -0.024668 0.808971 0.587070
1628061627.346192 -5.784610 18.463913 0.374243 0.017257 -0.025107 0.810091 0.585512
1628061627.446365 -5.766810 18.420341 0.373958 0.019644 -0.023649 0.810610 0.584779
1628061627.547157 -5.745248 18.381103 0.367024 0.019193 -0.024206 0.810855 0.584431
1628061627.646758 -5.726977 18.335814 0.370086 0.019462 -0.023514 0.810292 0.585231
1628061627.746956 -5.723090 18.299241 0.373646 0.019915 -0.024323 0.809605 0.586133
1628061627.847141 -5.699336 18.254023 0.371892 0.020281 -0.024251 0.807780 0.588636
1628061627.947328 -5.676073 18.204599 0.377471 0.021049 -0.025428 0.806701 0.590037
1628061628.047507 -5.666790 18.152902 0.370807 0.019974 -0.025600 0.805474 0.591741
1628061628.147689 -5.646177 18.119839 0.370789 0.022617 -0.023891 0.804311 0.593297
1628061628.249853 -5.623914 18.091904 0.371523 0.023194 -0.024831 0.802860 0.595198
1628061628.348092 -5.608736 18.060644 0.364341 0.022347 -0.025575 0.801314 0.597279
1628061628.448365 -5.604129 18.005542 0.358105 0.022019 -0.025311 0.799725 0.599429
1628061628.548456 -5.597018 17.952691 0.361009 0.020712 -0.025489 0.798349 0.601299
1628061628.648649 -5.586066 17.908136 0.357984 0.021591 -0.024733 0.797444 0.602499
1628061628.748850 -5.579780 17.881296 0.354057 0.020705 -0.025311 0.796589 0.603636
1628061628.850599 -5.581493 17.846095 0.348560 0.020216 -0.025236 0.794595 0.606278
1628061628.949208 -5.572108 17.798878 0.347543 0.020960 -0.024464 0.793493 0.607726
1628061629.049466 -5.553835 17.755776 0.351871 0.021485 -0.024358 0.793133 0.608181
1628061629.149733 -5.551538 17.713808 0.344231 0.021392 -0.022851 0.792435 0.609152
1628061629.249794 -5.519055 17.664890 0.339103 0.020807 -0.022792 0.791446 0.610460
1628061629.349998 -5.503254 17.610573 0.341373 0.021409 -0.022414 0.791251 0.610705
1628061629.450171 -5.480913 17.570232 0.332856 0.020502 -0.022343 0.790938 0.611144
1628061629.550374 -5.480158 17.539533 0.339716 0.020771 -0.022395 0.790497 0.611703
1628061629.650545 -5.486149 17.483829 0.338452 0.020780 -0.023072 0.789404 0.613088
1628061629.750752 -5.484957 17.443888 0.333505 0.020467 -0.022615 0.789293 0.613259
1628061629.850974 -5.481708 17.392635 0.326451 0.020059 -0.022541 0.788642 0.614111
1628061629.951106 -5.459817 17.359628 0.322950 0.020717 -0.022036 0.787710 0.615303
1628061630.051322 -5.442361 17.329266 0.322206 0.021037 -0.021945 0.787700 0.615309
1628061630.153828 -5.432147 17.289433 0.319699 0.021573 -0.022403 0.786926 0.616262
1628061630.251681 -5.414126 17.264415 0.312701 0.021613 -0.021826 0.786235 0.617164
1628061630.351890 -5.406401 17.242303 0.313561 0.021361 -0.021818 0.785662 0.617902
1628061630.452506 -5.387562 17.201995 0.305687 0.022308 -0.020925 0.785475 0.618138
1628061630.552236 -5.369936 17.138431 0.307052 0.021652 -0.021802 0.785990 0.617475
1628061630.653868 -5.372302 17.093928 0.305590 0.022515 -0.021081 0.786755 0.616494
1628061630.753850 -5.371024 17.067078 0.313081 0.021675 -0.023239 0.787568 0.615407
1628061630.853096 -5.359686 17.016219 0.306184 0.021477 -0.022456 0.786964 0.616216
1628061630.953018 -5.343569 16.962251 0.299465 0.021817 -0.021224 0.784671 0.619164
1628061631.053389 -5.315556 16.912642 0.295419 0.021868 -0.022164 0.781208 0.623494
1628061631.153378 -5.301321 16.860508 0.294916 0.022541 -0.021291 0.776901 0.628859
1628061631.254049 -5.298902 16.821095 0.292800 0.022660 -0.021773 0.773250 0.633322
1628061631.353758 -5.287366 16.796132 0.290215 0.022816 -0.021457 0.768536 0.639040
1628061631.454039 -5.286173 16.756905 0.286148 0.023676 -0.021180 0.763171 0.645415
1628061631.554143 -5.281187 16.718002 0.288947 0.024289 -0.020722 0.758799 0.650541
1628061631.654330 -5.274374 16.668720 0.291561 0.024333 -0.020579 0.756083 0.653700
1628061631.754542 -5.273944 16.632162 0.281745 0.024026 -0.020028 0.755535 0.654362
1628061631.854729 -5.276381 16.609900 0.277493 0.024169 -0.020641 0.756783 0.652893
1628061631.954954 -5.272605 16.571397 0.282232 0.024201 -0.021342 0.759105 0.650168
1628061632.055112 -5.263476 16.547280 0.278026 0.024230 -0.020992 0.762384 0.646330
1628061632.155279 -5.244484 16.520370 0.271551 0.024375 -0.021119 0.766355 0.641607
1628061632.255505 -5.250686 16.468360 0.266327 0.023365 -0.021961 0.770385 0.636773
1628061632.355656 -5.253169 16.409716 0.268523 0.024149 -0.021386 0.774836 0.631338
1628061632.455876 -5.259871 16.363543 0.267412 0.023206 -0.023246 0.778801 0.626410
1628061632.556036 -5.248063 16.318953 0.256612 0.022519 -0.022902 0.783984 0.619950
1628061632.656222 -5.226653 16.282281 0.250652 0.023213 -0.022230 0.788058 0.614762
1628061632.756496 -5.199279 16.245538 0.250225 0.023312 -0.022208 0.792935 0.608455
1628061632.856620 -5.186896 16.212058 0.250593 0.022360 -0.023872 0.797141 0.602907
1628061632.956790 -5.196693 16.172690 0.259503 0.023251 -0.023902 0.801478 0.597094
1628061633.057285 -5.188269 16.133609 0.256388 0.022774 -0.024521 0.806030 0.590928
1628061633.157412 -5.176243 16.092509 0.250602 0.022665 -0.024684 0.809387 0.586319
1628061633.257361 -5.178778 16.043238 0.240258 0.021703 -0.023577 0.813924 0.580087
1628061633.357580 -5.168287 16.005422 0.229819 0.021209 -0.023669 0.817980 0.574368
1628061633.457752 -5.148069 15.969570 0.233733 0.021411 -0.023747 0.822440 0.567952
1628061633.558002 -5.117591 15.925258 0.236238 0.022059 -0.023434 0.826074 0.562642
1628061633.658167 -5.103024 15.879808 0.237748 0.021563 -0.024608 0.829455 0.557615
1628061633.758460 -5.062992 15.818293 0.229806 0.021774 -0.023735 0.831675 0.554327
1628061633.858508 -5.050962 15.772334 0.228946 0.022071 -0.022965 0.832764 0.552712
1628061633.959091 -5.049493 15.741983 0.227292 0.021386 -0.023983 0.833109 0.552174
1628061634.058913 -5.036153 15.714267 0.227834 0.021802 -0.023993 0.832722 0.552742
1628061634.159086 -5.017811 15.686443 0.230471 0.022856 -0.024121 0.831934 0.553878
1628061634.259285 -5.010069 15.660773 0.219281 0.022852 -0.023755 0.831010 0.555280
1628061634.359463 -5.000045 15.630165 0.217836 0.023299 -0.023177 0.829138 0.558078
1628061634.459673 -4.994351 15.591942 0.215945 0.023644 -0.022946 0.827242 0.560879
1628061634.560188 -4.985292 15.543944 0.210157 0.023208 -0.023891 0.825314 0.563690
1628061634.660417 -4.961624 15.480903 0.207494 0.023280 -0.024477 0.823288 0.566618
1628061634.760228 -4.946758 15.421382 0.205911 0.024700 -0.023800 0.820880 0.570069
1628061634.860415 -4.919891 15.375422 0.202269 0.024512 -0.023407 0.818968 0.572838
1628061634.960647 -4.870825 15.340585 0.204465 0.025433 -0.022817 0.817081 0.575509
1628061635.060776 -4.836946 15.310453 0.203614 0.025993 -0.023204 0.815146 0.578206
1628061635.161040 -4.834912 15.275789 0.194195 0.026070 -0.023824 0.813054 0.581116
1628061635.261178 -4.825805 15.231363 0.188509 0.025501 -0.024536 0.811667 0.583047
1628061635.361390 -4.808491 15.205283 0.187124 0.025348 -0.024303 0.809959 0.585434
1628061635.461557 -4.807885 15.187951 0.185294 0.027110 -0.022927 0.808827 0.586974
1628061635.561778 -4.796759 15.154034 0.180997 0.027811 -0.022920 0.807302 0.589037
1628061635.661942 -4.768524 15.106391 0.183588 0.028234 -0.023667 0.806842 0.589618
1628061635.762674 -4.751451 15.066047 0.182327 0.028450 -0.024396 0.807125 0.589190
1628061635.862291 -4.762545 15.022788 0.178850 0.029530 -0.025031 0.807561 0.588512
1628061635.962539 -4.762340 14.973821 0.174851 0.029638 -0.025031 0.808474 0.587252
1628061636.063944 -4.758485 14.914083 0.161084 0.030388 -0.024039 0.809904 0.585282
1628061636.162869 -4.744723 14.872613 0.164343 0.031762 -0.024763 0.811184 0.583402
1628061636.263073 -4.721062 14.818641 0.171986 0.032148 -0.026784 0.811163 0.583321
1628061636.363254 -4.691724 14.751101 0.166664 0.032267 -0.027879 0.812460 0.581456
1628061636.463441 -4.672820 14.686984 0.153412 0.033158 -0.027454 0.813427 0.580071
1628061636.563641 -4.636798 14.647102 0.136018 0.033172 -0.026713 0.814225 0.578985
1628061636.663836 -4.623054 14.611573 0.133867 0.035053 -0.027872 0.815158 0.577505
1628061636.773866 -4.611995 14.578070 0.139648 0.034440 -0.028999 0.816124 0.576120
1628061636.864202 -4.616147 14.553119 0.140385 0.030601 -0.027450 0.817688 0.574192
1628061636.964476 -4.609499 14.507109 0.134990 0.027536 -0.024778 0.818414 0.573433
1628061637.064570 -4.605366 14.438800 0.137553 0.027401 -0.024957 0.819531 0.571835
1628061637.164924 -4.587345 14.392128 0.139634 0.024679 -0.025043 0.820719 0.570249
1628061637.264947 -4.566833 14.351006 0.125796 0.020461 -0.023981 0.820682 0.570516
1628061637.365580 -4.534584 14.306493 0.120584 0.019679 -0.023061 0.821502 0.569399
1628061637.465326 -4.504203 14.272498 0.116718 0.017786 -0.021361 0.821707 0.569232
1628061637.565876 -4.489806 14.264603 0.118759 0.013942 -0.019325 0.822986 0.567561
1628061637.665716 -4.489386 14.247463 0.123521 0.012829 -0.018498 0.823581 0.566751
1628061637.765955 -4.499826 14.204166 0.120372 0.010918 -0.018595 0.824063 0.566087
1628061637.866088 -4.500388 14.182990 0.115131 0.009360 -0.017080 0.824331 0.565774
1628061637.966295 -4.477737 14.159181 0.109144 0.008314 -0.016033 0.823668 0.566785
1628061638.066477 -4.468428 14.148095 0.112702 0.005899 -0.014739 0.824251 0.566002
1628061638.166697 -4.470046 14.121523 0.110720 0.004268 -0.013567 0.824247 0.566052
1628061638.266854 -4.472048 14.096819 0.099968 0.005765 -0.012903 0.823872 0.566599
1628061638.370313 -4.450351 14.060832 0.101576 0.005628 -0.012701 0.823748 0.566786
1628061638.467232 -4.422981 14.037032 0.109791 0.005817 -0.012780 0.823545 0.567078
1628061638.567434 -4.398227 14.024098 0.108199 0.004419 -0.013779 0.823577 0.567020
1628061638.667619 -4.394382 14.000961 0.107136 0.004669 -0.013952 0.823598 0.566984
1628061638.767798 -4.396610 13.959403 0.107251 0.002928 -0.014888 0.824072 0.566282
1628061638.867980 -4.389666 13.915950 0.104355 0.002126 -0.014574 0.824293 0.565972
1628061638.968172 -4.392873 13.874443 0.097647 0.002714 -0.013861 0.824532 0.565639
1628061639.068367 -4.381614 13.854387 0.100149 0.002428 -0.013307 0.824403 0.565842
1628061639.168559 -4.366445 13.832416 0.102167 0.001738 -0.013251 0.824374 0.565888
1628061639.268748 -4.356928 13.778031 0.105153 0.002337 -0.014520 0.824596 0.565531
1628061639.368971 -4.342706 13.735303 0.109754 0.002117 -0.014674 0.824294 0.565968
1628061639.469165 -4.346167 13.706168 0.106002 0.001129 -0.015050 0.824642 0.565454
1628061639.569908 -4.300705 13.666196 0.096429 0.001767 -0.014524 0.824295 0.565972
1628061639.669514 -4.272873 13.637107 0.096608 0.002187 -0.013481 0.824389 0.565859
1628061639.769758 -4.255586 13.582025 0.095079 0.000754 -0.012528 0.824505 0.565716
1628061639.869881 -4.235845 13.531872 0.093596 -0.000337 -0.012515 0.824547 0.565654
1628061639.970623 -4.225353 13.477622 0.099497 -0.001118 -0.013179 0.824235 0.566094
1628061640.070295 -4.215192 13.420702 0.096255 -0.003144 -0.012861 0.824473 0.565747
1628061640.170622 -4.206508 13.401491 0.096721 -0.004450 -0.013012 0.824387 0.565859
1628061640.270652 -4.171922 13.373480 0.097025 -0.004422 -0.012461 0.823867 0.566629
1628061640.370831 -4.151040 13.345590 0.096709 -0.004611 -0.013238 0.824131 0.566225
1628061640.471044 -4.119774 13.305759 0.099882 -0.005007 -0.013737 0.824427 0.565780
1628061640.572017 -4.103648 13.256041 0.098022 -0.005814 -0.013442 0.825201 0.564650
1628061640.671417 -4.107775 13.203302 0.088025 -0.004343 -0.012888 0.826295 0.563073
1628061640.771692 -4.110329 13.177977 0.090981 -0.003835 -0.012350 0.826906 0.562192
1628061640.871816 -4.100408 13.152483 0.092760 -0.003603 -0.010835 0.827127 0.561900
1628061640.971985 -4.079365 13.121433 0.096667 -0.003624 -0.011225 0.826370 0.563004
1628061641.072174 -4.062115 13.070583 0.090012 -0.002971 -0.012150 0.825845 0.563758
1628061641.172356 -4.045169 13.009144 0.084301 -0.002739 -0.013260 0.825000 0.564971
1628061641.272589 -4.032677 12.968750 0.086220 -0.002094 -0.013447 0.823423 0.567265
1628061641.373921 -4.029212 12.945951 0.091076 -0.001003 -0.013846 0.822305 0.568878
1628061641.472958 -3.997210 12.923538 0.091974 -0.000578 -0.015022 0.820545 0.571384
1628061641.573360 -3.961145 12.876277 0.092219 -0.000290 -0.015990 0.819546 0.572790
1628061641.673321 -3.928807 12.818134 0.093300 -0.000612 -0.016967 0.817744 0.575332
1628061641.773495 -3.915032 12.778755 0.087251 -0.000303 -0.016469 0.817155 0.576182
1628061641.873726 -3.904178 12.744120 0.088932 0.000273 -0.016104 0.815766 0.578158
1628061641.973988 -3.900345 12.717063 0.088949 0.000889 -0.014860 0.814589 0.579848
1628061642.074065 -3.884841 12.686613 0.087383 0.002429 -0.014767 0.813914 0.580793
1628061642.174531 -3.884701 12.642934 0.087552 0.003579 -0.013923 0.812782 0.582391
1628061642.274448 -3.869160 12.592964 0.084653 0.002379 -0.014305 0.811605 0.584027
1628061642.374780 -3.848822 12.544059 0.081785 0.003140 -0.014512 0.810364 0.585739
1628061642.475055 -3.836610 12.498008 0.083398 0.002687 -0.014431 0.809252 0.587278
1628061642.576263 -3.837715 12.460207 0.090598 0.000404 -0.015001 0.808154 0.588780
1628061642.675211 -3.824568 12.435652 0.090111 0.001094 -0.014722 0.807234 0.590047
1628061642.775411 -3.814812 12.392862 0.086824 0.000702 -0.014226 0.805886 0.591899
1628061642.875903 -3.803055 12.351999 0.082084 0.000491 -0.013306 0.804526 0.593768
1628061642.976211 -3.774557 12.307351 0.078851 0.000614 -0.012737 0.803257 0.595497
1628061643.075966 -3.760591 12.274895 0.079502 0.000505 -0.011345 0.802067 0.597126
1628061643.176177 -3.744490 12.239794 0.081950 0.001256 -0.010870 0.800662 0.599017
1628061643.276353 -3.736380 12.207908 0.075856 0.001831 -0.011064 0.799574 0.600463
1628061643.376521 -3.741179 12.170311 0.083158 0.001753 -0.011389 0.797951 0.602613
1628061643.477621 -3.721069 12.125201 0.081214 0.001010 -0.011403 0.796230 0.604885
1628061643.577183 -3.710360 12.079384 0.074555 0.001999 -0.010854 0.794582 0.607056
1628061643.677107 -3.688139 12.045177 0.077616 0.002743 -0.010443 0.793170 0.608905
1628061643.777285 -3.674055 12.029762 0.079749 0.001849 -0.009903 0.791525 0.611054
1628061643.877471 -3.653981 11.998140 0.075391 0.000978 -0.011172 0.790312 0.612601
1628061643.977661 -3.639047 11.942302 0.068045 0.000921 -0.012184 0.788475 0.614945
1628061644.077916 -3.635046 11.891617 0.075082 0.001646 -0.012151 0.786687 0.617231
1628061644.178057 -3.642138 11.836319 0.077794 0.002675 -0.011865 0.785497 0.618746
1628061644.281773 -3.646586 11.808505 0.071963 0.003443 -0.012162 0.784245 0.620323
1628061644.379399 -3.628338 11.771055 0.070612 0.004792 -0.011899 0.782794 0.622148
1628061644.478608 -3.623261 11.737224 0.071611 0.005353 -0.012344 0.781695 0.623516
1628061644.578810 -3.598910 11.704849 0.072600 0.004771 -0.011420 0.779787 0.625923
1628061644.679025 -3.593249 11.680625 0.071456 0.003733 -0.012327 0.778240 0.627835
1628061644.779184 -3.584326 11.633301 0.072813 0.003393 -0.013159 0.776878 0.629505
1628061644.879363 -3.566956 11.588096 0.077737 0.001952 -0.013604 0.775405 0.631315
1628061644.979576 -3.551952 11.534862 0.074324 0.001376 -0.012949 0.773290 0.633919
1628061645.079777 -3.546832 11.493909 0.068525 0.001137 -0.012937 0.772054 0.635425
1628061645.179953 -3.544610 11.455943 0.077664 0.000131 -0.013519 0.770446 0.637362
1628061645.280125 -3.547625 11.417748 0.074994 -0.000497 -0.014796 0.768988 0.639092
1628061645.380312 -3.544920 11.400286 0.072781 -0.000670 -0.015120 0.767489 0.640884
1628061645.480516 -3.528580 11.364200 0.067239 -0.001378 -0.014525 0.765146 0.643691
1628061645.580760 -3.523402 11.326580 0.074099 -0.001623 -0.014421 0.763784 0.645308
1628061645.680902 -3.516049 11.263470 0.067159 -0.002505 -0.014388 0.761582 0.647904
1628061645.781087 -3.500563 11.224178 0.064183 -0.003222 -0.014555 0.760151 0.649575
1628061645.881269 -3.491560 11.193722 0.063753 -0.003331 -0.015626 0.760299 0.649377
1628061645.981490 -3.474886 11.158188 0.062697 -0.003532 -0.017130 0.760968 0.648554
1628061646.081689 -3.452488 11.113755 0.062910 -0.003634 -0.017179 0.762779 0.646421
1628061646.181894 -3.443318 11.073192 0.059957 -0.003064 -0.017463 0.764784 0.644042
1628061646.282029 -3.449958 11.039022 0.065251 -0.002810 -0.018651 0.768021 0.640147
1628061646.382212 -3.453292 10.989469 0.064737 -0.001461 -0.018849 0.771021 0.636529
1628061646.482441 -3.433894 10.949585 0.062169 -0.002150 -0.020020 0.774335 0.632455
1628061646.582913 -3.430475 10.899855 0.061913 -0.003597 -0.020791 0.777626 0.628373
1628061646.682780 -3.429910 10.852877 0.060432 -0.002562 -0.020301 0.780424 0.624915
1628061646.782978 -3.420438 10.812966 0.062172 -0.002767 -0.020437 0.783050 0.621617
1628061646.883168 -3.415948 10.771589 0.057220 -0.003216 -0.020335 0.784527 0.619753
1628061646.983421 -3.420340 10.737307 0.056341 -0.003926 -0.021086 0.786102 0.617724
1628061647.083551 -3.420336 10.716483 0.054086 -0.004694 -0.022220 0.786560 0.617096
1628061647.183732 -3.412852 10.677020 0.056243 -0.005024 -0.022784 0.786656 0.616951
1628061647.283952 -3.403961 10.628455 0.058288 -0.005162 -0.021669 0.786890 0.616692
1628061647.384109 -3.396468 10.578262 0.058029 -0.005286 -0.020888 0.786941 0.616652
1628061647.484386 -3.382627 10.547343 0.059848 -0.005968 -0.019941 0.786628 0.617076
1628061647.584496 -3.366822 10.505760 0.053561 -0.006571 -0.018930 0.785950 0.617965
1628061647.684717 -3.355313 10.472974 0.055761 -0.006858 -0.017782 0.785042 0.619149
1628061647.784866 -3.334751 10.441266 0.056053 -0.006195 -0.015590 0.784101 0.620407
1628061647.885072 -3.317109 10.425295 0.056042 -0.006045 -0.014639 0.783101 0.621693
1628061647.985243 -3.312238 10.389728 0.058053 -0.006146 -0.014453 0.781418 0.623811
1628061648.085439 -3.299602 10.349770 0.057576 -0.006763 -0.014018 0.780238 0.625290
1628061648.185634 -3.307212 10.309387 0.057650 -0.007809 -0.014775 0.778977 0.626829
1628061648.285829 -3.283901 10.275076 0.058013 -0.008514 -0.014956 0.777866 0.628194
1628061648.386003 -3.275904 10.228712 0.050743 -0.009184 -0.014527 0.777486 0.628666
1628061648.486200 -3.266110 10.190609 0.056521 -0.009597 -0.015321 0.778119 0.627857
1628061648.586447 -3.267045 10.147301 0.058430 -0.009806 -0.015110 0.779255 0.626449
1628061648.686593 -3.250906 10.109439 0.055080 -0.009510 -0.014386 0.779940 0.625617
1628061648.786759 -3.247798 10.073805 0.055493 -0.009405 -0.014203 0.781701 0.623421
1628061648.887026 -3.233058 10.038206 0.049592 -0.009368 -0.014483 0.783271 0.621441
1628061648.987154 -3.225349 9.991863 0.044394 -0.008879 -0.014888 0.785541 0.618566
1628061649.087358 -3.220075 9.968832 0.047973 -0.009097 -0.016750 0.787209 0.616391
1628061649.187554 -3.212805 9.934589 0.050940 -0.009189 -0.016541 0.789395 0.613593
1628061649.296232 -3.200645 9.895187 0.052326 -0.008848 -0.015993 0.791635 0.610721
1628061649.387926 -3.189040 9.870696 0.050124 -0.008343 -0.015985 0.794324 0.607227
1628061649.489473 -3.192290 9.839935 0.050513 -0.008656 -0.015765 0.796955 0.603771
1628061649.588311 -3.187656 9.803620 0.049009 -0.008708 -0.016329 0.799601 0.600246
1628061649.688663 -3.184760 9.752667 0.047849 -0.008780 -0.016919 0.802544 0.596289
1628061649.788658 -3.183236 9.718219 0.053595 -0.009154 -0.018187 0.805360 0.592436
1628061649.888908 -3.169178 9.680264 0.045222 -0.008638 -0.019174 0.808034 0.588760
1628061649.989040 -3.155347 9.638616 0.042334 -0.008183 -0.019783 0.810950 0.584724
1628061650.089260 -3.150410 9.592519 0.039680 -0.007821 -0.020740 0.813841 0.580664
1628061650.189430 -3.131118 9.555661 0.039135 -0.007264 -0.021631 0.816618 0.576728
1628061650.289621 -3.116011 9.538352 0.042668 -0.006203 -0.021136 0.819469 0.572700
1628061650.389819 -3.100261 9.507019 0.038758 -0.005873 -0.021462 0.822739 0.567984
1628061650.490149 -3.085934 9.456668 0.037582 -0.006455 -0.021514 0.825625 0.563772
1628061650.590186 -3.067022 9.411402 0.043213 -0.007600 -0.021382 0.828578 0.559413
1628061650.690393 -3.074429 9.380157 0.043331 -0.007649 -0.021351 0.831823 0.554577
1628061650.791434 -3.062972 9.349229 0.042607 -0.007139 -0.021212 0.834510 0.550538
1628061650.891001 -3.032941 9.306672 0.037411 -0.007356 -0.021341 0.836728 0.547154
1628061650.990940 -3.025092 9.268595 0.035679 -0.007915 -0.022599 0.838775 0.543952
1628061651.091221 -3.013540 9.243902 0.034071 -0.008687 -0.023009 0.841023 0.540440
1628061651.191349 -2.997802 9.219987 0.039407 -0.009291 -0.023655 0.842703 0.537778
1628061651.291559 -2.983220 9.183229 0.038376 -0.010554 -0.023737 0.845029 0.534090
1628061651.391719 -2.985813 9.142885 0.038369 -0.011967 -0.024635 0.846904 0.531040
1628061651.491886 -2.970504 9.092841 0.039849 -0.012826 -0.025782 0.848924 0.527730
1628061651.592493 -2.965657 9.059075 0.042680 -0.013963 -0.025862 0.851312 0.523837
1628061651.692600 -2.959112 9.026964 0.040522 -0.013967 -0.025311 0.853291 0.520633
1628061651.792456 -2.926045 8.993725 0.038007 -0.013216 -0.024100 0.855742 0.516673
1628061651.892657 -2.891875 8.970659 0.036420 -0.012989 -0.022561 0.857595 0.513666
1628061651.992832 -2.863609 8.940684 0.040190 -0.011720 -0.023130 0.859780 0.510005
1628061652.093343 -2.854364 8.894261 0.036477 -0.010202 -0.022413 0.861883 0.506509
1628061652.193238 -2.835573 8.860311 0.032425 -0.009601 -0.021801 0.864138 0.502690
1628061652.293488 -2.812370 8.825784 0.033454 -0.009298 -0.021637 0.866209 0.499126
1628061652.393607 -2.789887 8.795312 0.029599 -0.008622 -0.022179 0.868919 0.494382
1628061652.493787 -2.781665 8.772507 0.029400 -0.008539 -0.023376 0.870552 0.491447
1628061652.593987 -2.771504 8.736489 0.034953 -0.009456 -0.023024 0.872528 0.487930
1628061652.698781 -2.743179 8.698023 0.037480 -0.009297 -0.023160 0.874680 0.484057
1628061652.794367 -2.722028 8.673653 0.036622 -0.009338 -0.022398 0.876463 0.480858
1628061652.894716 -2.700185 8.633548 0.038099 -0.009148 -0.021755 0.879113 0.476029
1628061652.994755 -2.680508 8.598852 0.032439 -0.009303 -0.021373 0.881083 0.472387
1628061653.095129 -2.657483 8.562625 0.029225 -0.009757 -0.021870 0.883658 0.467520
1628061653.195125 -2.645080 8.533962 0.027495 -0.009889 -0.022624 0.886315 0.462424
1628061653.295844 -2.627873 8.505356 0.030664 -0.009822 -0.023296 0.888454 0.458268
1628061653.395505 -2.616521 8.478045 0.036236 -0.008038 -0.022648 0.891054 0.453261
1628061653.495748 -2.597325 8.449518 0.037666 -0.007065 -0.020245 0.893346 0.448857
1628061653.595882 -2.569247 8.408419 0.031630 -0.006616 -0.017372 0.895448 0.444777
1628061653.696398 -2.525071 8.369821 0.026259 -0.006418 -0.016028 0.898003 0.439649
1628061653.796268 -2.494972 8.343500 0.024711 -0.006884 -0.016623 0.899614 0.436315
1628061653.896466 -2.492380 8.323528 0.027724 -0.007168 -0.017316 0.900067 0.435349
1628061653.996625 -2.494296 8.303684 0.029177 -0.006832 -0.017652 0.899552 0.436403
1628061654.097929 -2.474420 8.284469 0.030413 -0.006383 -0.016359 0.897953 0.439741
1628061654.197007 -2.442985 8.253538 0.034749 -0.005226 -0.015224 0.895961 0.443841
1628061654.298654 -2.414277 8.216699 0.028870 -0.004041 -0.014253 0.893250 0.449315
1628061654.397402 -2.400055 8.190047 0.026702 -0.003995 -0.013542 0.889990 0.455761
1628061654.497658 -2.372421 8.156311 0.029421 -0.003723 -0.013054 0.886576 0.462384
1628061654.597806 -2.349965 8.124769 0.034835 -0.003004 -0.012137 0.882743 0.469691
1628061654.697963 -2.334642 8.113783 0.033691 -0.002735 -0.010575 0.878894 0.476892
1628061654.798157 -2.320488 8.095477 0.031576 -0.003136 -0.009421 0.874784 0.484411
1628061654.898343 -2.285241 8.068872 0.029344 -0.004027 -0.009093 0.870442 0.492170
1628061654.998559 -2.272514 8.042043 0.026119 -0.004062 -0.009370 0.866054 0.499847
1628061655.098724 -2.247117 8.005296 0.029139 -0.003513 -0.009491 0.861155 0.508243
1628061655.198910 -2.227065 7.970692 0.030530 -0.003127 -0.008861 0.856683 0.515757
1628061655.299102 -2.220868 7.936882 0.029435 -0.002739 -0.008346 0.852208 0.523129
1628061655.399304 -2.194022 7.903272 0.026699 -0.002184 -0.008297 0.847344 0.530975
1628061655.499507 -2.174901 7.866826 0.021463 -0.002307 -0.008898 0.842227 0.539044
1628061655.599739 -2.145957 7.828561 0.026243 -0.001741 -0.009783 0.836749 0.547496
1628061655.701867 -2.127542 7.792826 0.028427 -0.001559 -0.010075 0.831162 0.555937
1628061655.800097 -2.104510 7.754487 0.029087 -0.001009 -0.010282 0.825952 0.563646
1628061655.900247 -2.089068 7.708588 0.029574 0.000267 -0.010606 0.819987 0.572284
1628061656.000504 -2.081891 7.663859 0.026393 0.001582 -0.010684 0.813974 0.580801
1628061656.100624 -2.065119 7.624999 0.024073 0.003242 -0.010928 0.808420 0.588496
1628061656.201726 -2.039791 7.581871 0.026871 0.003732 -0.011327 0.803720 0.594888
1628061656.301843 -2.024386 7.536816 0.024092 0.004020 -0.011766 0.800577 0.599101
1628061656.401239 -2.009747 7.491816 0.021099 0.004463 -0.012897 0.798493 0.601850
1628061656.501397 -1.991420 7.455202 0.025101 0.004108 -0.012938 0.797967 0.602548
1628061656.601582 -1.972023 7.412570 0.022007 0.003643 -0.013257 0.798980 0.601201
1628061656.703919 -1.967689 7.369633 0.023061 0.003935 -0.013223 0.800472 0.599211
1628061656.801950 -1.965150 7.325054 0.019535 0.003905 -0.012993 0.802858 0.596016
1628061656.902540 -1.942663 7.283085 0.018519 0.003140 -0.013134 0.805503 0.592438
1628061657.002342 -1.928084 7.242925 0.017936 0.002493 -0.012739 0.808686 0.588097
1628061657.102690 -1.912728 7.204672 0.018009 0.001640 -0.013037 0.812132 0.583326
1628061657.202730 -1.896716 7.161584 0.014838 0.001861 -0.013147 0.815542 0.578545
1628061657.302902 -1.877721 7.122067 0.015231 0.001169 -0.012460 0.818911 0.573783
1628061657.403114 -1.868273 7.080148 0.019795 -0.000148 -0.011809 0.823021 0.567889
1628061657.503321 -1.861603 7.037524 0.015029 -0.000176 -0.011695 0.826748 0.562451
1628061657.603472 -1.844241 6.991869 0.012091 -0.000967 -0.012049 0.830148 0.557411
1628061657.705394 -1.827749 6.962571 0.017353 -0.001743 -0.012399 0.833652 0.552148
1628061657.803885 -1.809753 6.930988 0.017043 -0.002221 -0.012648 0.836990 0.547068
1628061657.904867 -1.801715 6.903781 0.019424 -0.002215 -0.012373 0.840269 0.542024
1628061658.004247 -1.783751 6.870358 0.017220 -0.002175 -0.012052 0.843433 0.537095
1628061658.104424 -1.764799 6.836987 0.014810 -0.003077 -0.012129 0.846550 0.532163
1628061658.204628 -1.755035 6.798660 0.012607 -0.002940 -0.013092 0.849419 0.527549
1628061658.304801 -1.757463 6.766722 0.010962 -0.002676 -0.012884 0.851531 0.524139
1628061658.404977 -1.745610 6.738295 0.017304 -0.002384 -0.011782 0.852551 0.522506
1628061658.505167 -1.737861 6.709342 0.017320 -0.001845 -0.010937 0.852558 0.522515
1628061658.605360 -1.715194 6.679980 0.013050 -0.002349 -0.009682 0.852064 0.523343
1628061658.706266 -1.692845 6.658281 0.013456 -0.002268 -0.009214 0.851170 0.524804
1628061658.805756 -1.678035 6.631030 0.007339 -0.002183 -0.009508 0.849940 0.526789
1628061658.905930 -1.671855 6.603173 0.008557 -0.002560 -0.010067 0.848486 0.529116
1628061659.006148 -1.656572 6.566887 0.007502 -0.002238 -0.010413 0.846593 0.532134
1628061659.109860 -1.635839 6.529703 0.011173 -0.001248 -0.010598 0.844489 0.535467
1628061659.206731 -1.620475 6.503348 0.011319 -0.000846 -0.010794 0.842383 0.538770
1628061659.306708 -1.593706 6.462016 0.014075 -0.000377 -0.010952 0.839948 0.542556
1628061659.406893 -1.575327 6.428871 0.008123 0.000154 -0.011359 0.837565 0.546219
1628061659.508266 -1.556204 6.387896 0.006882 0.000294 -0.011612 0.835062 0.550033
1628061659.607276 -1.544345 6.356177 0.005266 0.000849 -0.012145 0.833034 0.553088
1628061659.707509 -1.531746 6.323031 0.006445 -0.000067 -0.011923 0.831326 0.555657
1628061659.807785 -1.512868 6.280294 0.008070 -0.000232 -0.011243 0.829405 0.558535
1628061659.907865 -1.502869 6.243479 0.007410 0.000359 -0.010916 0.828047 0.560552
1628061660.008016 -1.496097 6.210781 0.007263 0.000011 -0.010106 0.826724 0.562516
1628061660.108305 -1.472712 6.178511 0.007299 -0.000069 -0.011002 0.825168 0.564781
1628061660.208397 -1.457833 6.143768 0.007103 0.000152 -0.011707 0.823857 0.566676
1628061660.308644 -1.441656 6.107168 0.004047 0.000203 -0.012300 0.822486 0.568652
1628061660.408795 -1.432577 6.076016 0.003811 0.000532 -0.011808 0.821037 0.570753
1628061660.508965 -1.416263 6.040018 0.006393 0.000315 -0.011116 0.819834 0.572493
1628061660.609160 -1.405401 5.999730 0.000838 0.000435 -0.010521 0.818572 0.574307
1628061660.709363 -1.399704 5.956380 0.001472 0.000162 -0.010181 0.817263 0.576175
1628061660.809675 -1.380064 5.924610 0.001724 -0.000088 -0.010470 0.815716 0.578358
1628061660.909748 -1.373225 5.884065 -0.001968 -0.000729 -0.010052 0.814560 0.579992
1628061661.009913 -1.355368 5.840076 0.001747 -0.001267 -0.009658 0.812751 0.582530
1628061661.110236 -1.336830 5.807683 0.000201 -0.001195 -0.008781 0.811500 0.584285
1628061661.210324 -1.313502 5.775854 0.000325 -0.000627 -0.008130 0.809934 0.586465
1628061661.310669 -1.302580 5.740620 0.000504 -0.000804 -0.008318 0.808744 0.588101
1628061661.410772 -1.294137 5.705932 -0.003220 -0.000591 -0.009045 0.807255 0.590133
1628061661.510901 -1.275792 5.668338 -0.005324 -0.000540 -0.009910 0.805862 0.592021
1628061661.611093 -1.265591 5.641584 -0.003513 -0.000841 -0.010077 0.804584 0.593752
1628061661.711247 -1.256542 5.597525 0.000755 -0.001471 -0.009453 0.803361 0.595415
1628061661.811435 -1.246453 5.570219 -0.000882 -0.001609 -0.008543 0.801819 0.597504
1628061661.911659 -1.240862 5.528626 -0.001531 -0.002064 -0.008080 0.800005 0.599935
1628061662.011831 -1.236653 5.490421 -0.003357 -0.002587 -0.007732 0.798251 0.602270
1628061662.112022 -1.221286 5.456079 -0.002510 -0.002928 -0.007783 0.796368 0.604755
1628061662.212267 -1.198575 5.415664 -0.001844 -0.002510 -0.007763 0.794492 0.607220
1628061662.312384 -1.186277 5.382975 -0.002052 -0.001886 -0.008178 0.792601 0.609684
1628061662.412648 -1.174704 5.347903 -0.007173 -0.001613 -0.007820 0.790630 0.612242
1628061662.512757 -1.172848 5.318805 -0.004261 -0.001613 -0.008018 0.788854 0.614526
1628061662.613363 -1.159120 5.283758 -0.003687 -0.000948 -0.008652 0.787080 0.616789
1628061662.713165 -1.145366 5.243309 -0.006094 -0.000679 -0.008272 0.784972 0.619475
1628061662.813388 -1.136405 5.205762 -0.003066 -0.000836 -0.007999 0.783107 0.621835
1628061662.913549 -1.128121 5.177123 -0.006021 -0.000228 -0.007847 0.781018 0.624459
1628061663.016105 -1.120948 5.132061 -0.008389 -0.000439 -0.007750 0.778708 0.627339
1628061663.113898 -1.103198 5.085864 -0.006960 -0.000237 -0.007712 0.776815 0.629681
1628061663.214090 -1.087795 5.049607 -0.006661 0.000308 -0.007609 0.774406 0.632643
1628061663.315313 -1.091378 5.016412 -0.009206 0.000758 -0.007999 0.772143 0.635398
1628061663.414479 -1.085600 4.983918 -0.007170 0.000916 -0.008636 0.769910 0.638093
1628061663.514746 -1.071371 4.943967 -0.008120 0.001656 -0.008885 0.767100 0.641464
1628061663.615175 -1.059079 4.912336 -0.010207 0.001681 -0.008397 0.763766 0.645436
1628061663.715046 -1.050124 4.871749 -0.010967 0.002110 -0.007716 0.760606 0.649165
1628061663.815539 -1.042235 4.836571 -0.013403 0.001507 -0.007950 0.757576 0.652697
1628061663.915416 -1.042010 4.794314 -0.016417 0.001415 -0.009298 0.755838 0.654691
1628061664.015619 -1.042361 4.736653 -0.021410 0.000222 -0.010152 0.755227 0.655385
1628061664.115801 -1.046595 4.692277 -0.011123 -0.000398 -0.009931 0.755868 0.654648
1628061664.217849 -1.038363 4.649800 -0.009779 0.001058 -0.009188 0.757203 0.653114
1628061664.316184 -1.032374 4.623589 -0.017521 0.001814 -0.008294 0.758912 0.651138
1628061664.417722 -1.032727 4.586653 -0.020740 0.001321 -0.008500 0.761502 0.648106
1628061664.516568 -1.024941 4.543230 -0.018648 0.000599 -0.009355 0.763813 0.645370
1628061664.617495 -1.014253 4.491845 -0.016686 0.000290 -0.009717 0.766319 0.642387
1628061664.716950 -1.010071 4.452520 -0.020876 0.000547 -0.009317 0.768855 0.639355
1628061664.817142 -1.009674 4.418338 -0.017871 0.000667 -0.009016 0.771939 0.635632
1628061664.917355 -1.000266 4.382189 -0.019768 0.000856 -0.008645 0.774496 0.632519
1628061665.017504 -0.984657 4.347580 -0.017209 0.000204 -0.007916 0.776948 0.629515
1628061665.117713 -0.971659 4.313608 -0.016109 0.000146 -0.007211 0.778993 0.626991
1628061665.217886 -0.965221 4.269226 -0.025094 0.000487 -0.007386 0.781610 0.623723
1628061665.318129 -0.969698 4.236709 -0.028043 -0.001069 -0.007896 0.783754 0.621020
1628061665.421255 -0.953952 4.204647 -0.020283 -0.001326 -0.009814 0.785132 0.619249
1628061665.518493 -0.940964 4.172501 -0.018341 -0.000832 -0.009194 0.786427 0.617614
1628061665.618688 -0.937242 4.135830 -0.017150 -0.000850 -0.006456 0.788003 0.615637
1628061665.718868 -0.922733 4.094483 -0.018792 -0.000929 -0.004700 0.789245 0.614059
1628061665.819650 -0.921797 4.053206 -0.025472 -0.001880 -0.004942 0.790571 0.612348
1628061665.919216 -0.913006 4.029596 -0.023183 -0.002692 -0.006575 0.791949 0.610546
1628061666.019478 -0.901728 4.003322 -0.021083 -0.003757 -0.006844 0.792887 0.609318
1628061666.119608 -0.893785 3.967469 -0.019668 -0.003720 -0.006020 0.794111 0.607731
1628061666.219839 -0.885102 3.930262 -0.021227 -0.003001 -0.004561 0.795575 0.605831
1628061666.320003 -0.874745 3.899954 -0.018895 -0.002934 -0.003906 0.796691 0.604367
1628061666.420184 -0.865019 3.865916 -0.019622 -0.002795 -0.004277 0.798175 0.602404
1628061666.520387 -0.862460 3.820453 -0.024015 -0.002328 -0.004932 0.799216 0.601019
1628061666.627625 -0.845435 3.785827 -0.021571 -0.002944 -0.004745 0.800428 0.599403
1628061666.720764 -0.828964 3.754602 -0.021000 -0.002381 -0.003833 0.801570 0.597884
1628061666.821888 -0.811996 3.716212 -0.020907 -0.001547 -0.003013 0.802815 0.596218
1628061666.921140 -0.800882 3.682042 -0.025456 -0.001378 -0.002340 0.804085 0.594508
1628061667.021422 -0.790565 3.651296 -0.024413 -0.001540 -0.002525 0.805091 0.593145
1628061667.121531 -0.778404 3.617273 -0.027225 -0.001862 -0.002440 0.806412 0.591347
1628061667.221708 -0.762562 3.573726 -0.023263 -0.001788 -0.002869 0.807536 0.589809
1628061667.321899 -0.759001 3.542638 -0.025911 -0.001379 -0.002943 0.808916 0.587916
1628061667.422735 -0.753896 3.507657 -0.024660 -0.001645 -0.002976 0.810064 0.586331
1628061667.522255 -0.737539 3.476769 -0.026356 -0.001634 -0.002597 0.811212 0.584744
1628061667.622441 -0.721339 3.437784 -0.024147 -0.001498 -0.001902 0.812189 0.583389
1628061667.722637 -0.707404 3.412086 -0.024312 -0.001494 -0.001739 0.813076 0.582154
1628061667.822831 -0.703556 3.378395 -0.025221 -0.001571 -0.001318 0.814307 0.580431
1628061667.923026 -0.689538 3.346376 -0.026020 -0.002262 -0.000968 0.814951 0.579524
1628061668.023206 -0.678607 3.315396 -0.024063 -0.002988 -0.000780 0.815885 0.578205
1628061668.123387 -0.670193 3.278369 -0.022845 -0.003011 -0.000472 0.816683 0.577078
1628061668.223820 -0.657658 3.235680 -0.023291 -0.002728 0.000002 0.817663 0.575690
1628061668.323830 -0.642716 3.208836 -0.024823 -0.002708 0.001246 0.818761 0.574126
1628061668.424005 -0.624957 3.189583 -0.026378 -0.002613 0.001772 0.819478 0.573103
1628061668.524159 -0.609418 3.154617 -0.024749 -0.002493 0.001480 0.820766 0.571258
1628061668.624354 -0.594771 3.116143 -0.024965 -0.003029 0.001854 0.821608 0.570042
1628061668.724571 -0.582463 3.083291 -0.024399 -0.002994 0.002571 0.822537 0.568698
1628061668.824733 -0.574936 3.047362 -0.024479 -0.003120 0.003070 0.823579 0.567185
1628061668.924917 -0.564796 3.013035 -0.026165 -0.003408 0.003648 0.824524 0.565805
1628061669.025109 -0.549730 2.982384 -0.028181 -0.003572 0.003392 0.825515 0.564359
1628061669.125340 -0.531740 2.945934 -0.026261 -0.003712 0.002874 0.826281 0.563238
1628061669.226238 -0.519862 2.905207 -0.026135 -0.004134 0.002897 0.827144 0.561967
1628061669.325664 -0.511246 2.864816 -0.023297 -0.003468 0.003166 0.828150 0.560487
1628061669.426055 -0.495566 2.825477 -0.021493 -0.002976 0.003891 0.829068 0.559126
1628061669.526047 -0.487196 2.796814 -0.019477 -0.002377 0.003913 0.830388 0.557166
1628061669.626420 -0.472568 2.769916 -0.026183 -0.002319 0.002788 0.831264 0.555867
1628061669.726436 -0.460940 2.733646 -0.021820 -0.002129 0.001404 0.832299 0.554321
1628061669.829683 -0.438350 2.693571 -0.019692 -0.001408 0.000490 0.833016 0.553247
1628061669.926957 -0.419373 2.648366 -0.018569 -0.000329 0.000217 0.833954 0.551834
1628061670.027870 -0.400762 2.617495 -0.018238 0.001413 0.000796 0.834811 0.550534
1628061670.127223 -0.379518 2.587650 -0.017855 0.002616 0.001283 0.835973 0.548763
1628061670.227429 -0.365360 2.549425 -0.021148 0.002886 0.001248 0.836927 0.547306
1628061670.327570 -0.354680 2.518181 -0.017258 0.002955 -0.000028 0.838033 0.545612
1628061670.427767 -0.332711 2.486080 -0.016660 0.002572 -0.001126 0.838422 0.545014
1628061670.528779 -0.319164 2.451602 -0.018209 0.002452 -0.001627 0.839335 0.543607
1628061670.629435 -0.305960 2.423711 -0.015908 0.003256 -0.001708 0.840159 0.542327
1628061670.728360 -0.289842 2.404768 -0.013732 0.003827 -0.001656 0.840860 0.541236
1628061670.828553 -0.278246 2.377090 -0.018772 0.004140 -0.000936 0.841751 0.539849
1628061670.928720 -0.266827 2.333523 -0.016336 0.004142 -0.000791 0.842662 0.538427
1628061671.028914 -0.247160 2.305814 -0.021158 0.003929 -0.000659 0.843441 0.537207
1628061671.129268 -0.235413 2.277376 -0.019053 0.003468 -0.000366 0.844047 0.536258
1628061671.229283 -0.228260 2.255453 -0.020490 0.003185 -0.000042 0.844896 0.534921
1628061671.329478 -0.217144 2.226578 -0.020459 0.002344 0.000225 0.845675 0.533693
1628061671.429863 -0.199196 2.201429 -0.020307 0.001844 0.000141 0.846461 0.532448
1628061671.529932 -0.179111 2.176921 -0.021746 0.001929 0.000027 0.847005 0.531582
1628061671.630044 -0.163965 2.147561 -0.018809 0.001550 0.000481 0.847607 0.530623
1628061671.730554 -0.163133 2.123607 -0.020439 0.001528 0.000843 0.848345 0.529442
1628061671.830428 -0.157647 2.101317 -0.021554 0.002031 0.000976 0.848896 0.528555
1628061671.930657 -0.150633 2.088992 -0.024374 0.001691 0.000924 0.849434 0.527692
1628061672.034150 -0.136982 2.069653 -0.021969 0.001134 0.000794 0.849734 0.527210
1628061672.130987 -0.124378 2.057900 -0.022855 0.000982 0.000657 0.850068 0.526672
1628061672.231390 -0.114696 2.039931 -0.020918 0.001089 0.000793 0.850389 0.526153
1628061672.331372 -0.104243 2.027574 -0.020462 0.001440 0.000548 0.850444 0.526064
1628061672.431552 -0.108202 2.023858 -0.022460 0.001175 0.000577 0.850891 0.525341
1628061672.531755 -0.109140 2.016635 -0.022161 0.001194 0.000242 0.851146 0.524927
1628061672.631934 -0.105871 2.005086 -0.019825 0.000877 0.000261 0.851313 0.524658
1628061672.732150 -0.093794 2.009347 -0.024042 0.000841 0.000800 0.851258 0.524747
1628061672.832325 -0.091700 1.998158 -0.020549 0.000893 0.000773 0.851427 0.524471
1628061672.932663 -0.094386 1.984272 -0.019606 0.000786 0.000625 0.851554 0.524267
1628061673.032978 -0.094782 1.988293 -0.020654 0.000495 0.000503 0.851763 0.523928
1628061673.132895 -0.093750 1.995227 -0.019032 0.000746 0.000262 0.851928 0.523658
1628061673.233073 -0.094271 1.987200 -0.018524 0.000925 0.000418 0.852078 0.523414
1628061673.334291 -0.090836 1.977231 -0.021847 0.000743 0.000771 0.852052 0.523455
1628061673.433451 -0.086222 1.971555 -0.022895 0.000876 0.000704 0.852169 0.523266
1628061673.533655 -0.088986 1.970902 -0.022350 0.000777 0.001052 0.852167 0.523269
1628061673.634007 -0.089004 1.976068 -0.020424 0.000669 0.000963 0.852076 0.523417
1628061673.734047 -0.088021 1.981610 -0.021510 0.000987 0.001147 0.852307 0.523040
1628061673.834263 -0.080492 1.972202 -0.021040 0.000514 0.001196 0.852334 0.522997
1628061673.934434 -0.084737 1.964414 -0.018929 0.000867 0.000890 0.852347 0.522976
1628061674.034587 -0.080748 1.967251 -0.019775 0.000777 0.001115 0.852298 0.523055
1628061674.134785 -0.079186 1.973629 -0.022645 0.000650 0.001364 0.852450 0.522806
1628061674.234983 -0.080361 1.971068 -0.021868 0.000814 0.001187 0.852540 0.522661
1628061674.335224 -0.077200 1.957829 -0.019781 0.000930 0.001074 0.852540 0.522660
1628061674.435345 -0.077058 1.959899 -0.018830 0.001417 0.000668 0.852516 0.522699
1628061674.535548 -0.076719 1.959923 -0.022480 0.001130 0.001062 0.852507 0.522713
1628061674.635743 -0.079651 1.964862 -0.021109 0.000920 0.000888 0.852294 0.523061
1628061674.735938 -0.089164 1.977384 -0.023607 0.000988 0.001301 0.852416 0.522861
1628061674.836104 -0.089931 1.974758 -0.019734 0.001040 0.000823 0.852313 0.523031
1628061674.936303 -0.086171 1.966526 -0.019164 0.001096 0.000666 0.852182 0.523244
1628061675.036505 -0.084744 1.967514 -0.020337 0.000991 0.000772 0.852064 0.523436
1628061675.136680 -0.082224 1.977071 -0.020123 0.000719 0.001141 0.852085 0.523402
1628061675.236898 -0.087015 1.982162 -0.018721 0.000649 0.000873 0.852144 0.523306
1628061675.337054 -0.089750 1.979924 -0.020483 0.000717 0.001129 0.852314 0.523028
1628061675.437288 -0.089252 1.972200 -0.017685 0.000985 0.000932 0.852141 0.523311
1628061675.537449 -0.090866 1.977420 -0.021029 0.000870 0.000920 0.852102 0.523374
1628061675.637649 -0.089789 1.971057 -0.023103 0.000740 0.000870 0.852071 0.523425
1628061675.740682 -0.091378 1.973045 -0.020753 0.000694 0.000876 0.851959 0.523608
1628061675.838011 -0.092185 1.981758 -0.019958 0.000772 0.001063 0.852080 0.523411
1628061675.938297 -0.091093 1.991819 -0.020218 0.001069 0.000827 0.852114 0.523354
1628061676.038386 -0.088938 1.988095 -0.017078 0.000963 0.000621 0.852128 0.523332
1628061676.139129 -0.095392 1.975254 -0.018955 0.001005 0.000796 0.852068 0.523429
1628061676.238772 -0.095935 1.967816 -0.021163 0.000755 0.000739 0.852176 0.523254
1628061676.338973 -0.092370 1.970254 -0.018913 0.001126 0.000780 0.852053 0.523454
1628061676.439143 -0.090888 1.978313 -0.023356 0.000857 0.000864 0.852124 0.523339
1628061676.539367 -0.090620 1.982494 -0.022265 0.000770 0.000731 0.852042 0.523472
1628061676.639559 -0.089457 1.981196 -0.022711 0.000864 0.000966 0.852090 0.523394
1628061676.739721 -0.096673 1.990545 -0.021799 0.000743 0.000807 0.852056 0.523449
1628061676.839942 -0.090037 1.993856 -0.022508 0.000855 0.000898 0.852036 0.523481
1628061676.940113 -0.094226 1.987273 -0.021048 0.000999 0.000610 0.851998 0.523545
1628061677.040334 -0.089693 1.984234 -0.018785 0.001128 0.000482 0.852157 0.523284
1628061677.140476 -0.092946 1.979233 -0.022914 0.000785 0.000880 0.852046 0.523465
1628061677.240695 -0.090665 1.980145 -0.020270 0.001162 0.000587 0.852018 0.523511
1628061677.346614 -0.092885 1.981142 -0.024351 0.000562 0.000983 0.851948 0.523624
1628061677.441052 -0.092796 1.981613 -0.024364 0.001111 0.000765 0.851965 0.523598
1628061677.541469 -0.087987 1.981866 -0.021213 0.000866 0.000827 0.851855 0.523777
1628061677.641420 -0.097161 1.983860 -0.021375 0.000942 0.000810 0.852126 0.523335
1628061677.741710 -0.093957 1.992953 -0.021336 0.000963 0.000802 0.852017 0.523512
1628061677.841828 -0.088638 1.996060 -0.022029 0.001073 0.000803 0.851923 0.523666
1628061677.942454 -0.085264 1.988810 -0.021101 0.001042 0.000772 0.851990 0.523556
1628061678.042204 -0.089392 1.977909 -0.019335 0.000945 0.000796 0.851955 0.523614
1628061678.142375 -0.090591 1.969636 -0.018711 0.000796 0.000936 0.851865 0.523760
1628061678.242563 -0.090875 1.971289 -0.021596 0.000664 0.000898 0.851934 0.523648
1628061678.345138 -0.089079 1.977013 -0.021594 0.000677 0.001034 0.852013 0.523519
1628061678.442941 -0.085166 1.987425 -0.021184 0.000710 0.000977 0.851864 0.523761
1628061678.544222 -0.086597 1.978759 -0.021920 0.000869 0.000871 0.851796 0.523873
1628061678.643337 -0.091352 1.993059 -0.020800 0.000769 0.000837 0.852112 0.523359
1628061678.743671 -0.092934 1.984796 -0.021518 0.000702 0.000935 0.851960 0.523606
1628061678.843704 -0.093163 1.985679 -0.023122 0.001020 0.000677 0.851962 0.523602
1628061678.944733 -0.085409 1.979353 -0.021602 0.000798 0.001059 0.851942 0.523634
1628061679.044093 -0.084363 1.972965 -0.020162 0.001119 0.000606 0.851971 0.523587
1628061679.144285 -0.096321 1.967730 -0.022765 0.000691 0.001095 0.852050 0.523459
1628061679.244469 -0.096598 1.975003 -0.023516 0.000762 0.001044 0.851947 0.523627
1628061679.344686 -0.086725 1.980072 -0.023456 0.001037 0.001082 0.851865 0.523760
1628061679.444873 -0.083423 1.983943 -0.020604 0.000641 0.000961 0.851888 0.523722
1628061679.545148 -0.088752 1.976584 -0.021980 0.000853 0.001174 0.852021 0.523506
1628061679.645246 -0.091201 1.975805 -0.021608 0.000642 0.000894 0.851993 0.523551
1628061679.745416 -0.090970 1.976421 -0.017199 0.000829 0.000808 0.851902 0.523701
1628061679.845646 -0.088768 1.973042 -0.020851 0.001000 0.000739 0.851938 0.523642
1628061679.945803 -0.086686 1.980855 -0.021776 0.000889 0.000979 0.852062 0.523440
1628061680.046027 -0.093345 1.983583 -0.021767 0.000829 0.000744 0.852094 0.523387
1628061680.146457 -0.090456 1.983649 -0.019971 0.000853 0.000852 0.851953 0.523617
1628061680.246416 -0.099547 1.990241 -0.025991 0.000667 0.001063 0.851961 0.523604
1628061680.346558 -0.092612 1.983703 -0.022525 0.000862 0.000889 0.851929 0.523656
1628061680.446778 -0.083745 1.981963 -0.020043 0.001039 0.000705 0.851869 0.523753
1628061680.546940 -0.081231 1.977408 -0.021725 0.000933 0.000869 0.851792 0.523879
1628061680.647150 -0.087146 1.975020 -0.020562 0.000934 0.000834 0.851945 0.523630
1628061680.747321 -0.088035 1.980044 -0.023662 0.000962 0.000719 0.851990 0.523556
1628061680.847525 -0.091374 1.989527 -0.022152 0.000746 0.001056 0.852035 0.523483
1628061680.947689 -0.099652 1.991537 -0.022189 0.000729 0.001037 0.852033 0.523486
1628061681.047903 -0.096128 1.993023 -0.020534 0.000825 0.001013 0.852051 0.523457
1628061681.148121 -0.090143 1.975345 -0.020829 0.000837 0.000843 0.851984 0.523567
1628061681.248290 -0.087719 1.975191 -0.022649 0.000695 0.001072 0.851954 0.523615
1628061681.348500 -0.086785 1.976631 -0.020800 0.000997 0.000879 0.851840 0.523800
1628061681.448659 -0.092927 1.983873 -0.020151 0.001125 0.000768 0.851917 0.523675
1628061681.548840 -0.095536 1.979748 -0.020905 0.000906 0.000778 0.851989 0.523558
1628061681.649029 -0.092691 1.976777 -0.021354 0.001072 0.000724 0.852059 0.523443
1628061681.749207 -0.090789 1.988365 -0.019233 0.001093 0.000755 0.851859 0.523769
1628061681.849512 -0.091121 1.987575 -0.023938 0.000890 0.000961 0.851925 0.523662
1628061681.949600 -0.088218 1.980154 -0.022630 0.001069 0.000928 0.851956 0.523611
1628061682.049795 -0.086140 1.979397 -0.020120 0.001077 0.000790 0.851927 0.523659
1628061682.150089 -0.087847 1.990416 -0.023691 0.000773 0.000938 0.851968 0.523593
1628061682.250165 -0.084906 1.990747 -0.023949 0.001000 0.000956 0.851837 0.523805
1628061682.350376 -0.081038 1.984289 -0.019521 0.001020 0.000793 0.851843 0.523795
1628061682.450541 -0.084115 1.973625 -0.021915 0.000916 0.000966 0.851916 0.523677
1628061682.550725 -0.086178 1.970114 -0.020838 0.000756 0.000948 0.851979 0.523574
1628061682.650933 -0.089051 1.975021 -0.021608 0.000940 0.000848 0.851955 0.523614
1628061682.751135 -0.092346 1.972866 -0.021324 0.000959 0.000854 0.851822 0.523830
1628061682.851317 -0.096373 1.976953 -0.020773 0.001007 0.000829 0.851942 0.523634
1628061682.951488 -0.092927 1.977944 -0.020720 0.001073 0.000816 0.851898 0.523706
1628061683.051946 -0.087342 1.986629 -0.021796 0.000848 0.000912 0.851947 0.523627
1628061683.151887 -0.096522 1.985221 -0.021161 0.000988 0.000973 0.852105 0.523369
1628061683.252072 -0.095127 1.979232 -0.021746 0.001126 0.000755 0.852011 0.523523
1628061683.352280 -0.093084 1.974407 -0.023108 0.000802 0.001088 0.851899 0.523704
1628061683.452452 -0.091581 1.975041 -0.022597 0.001009 0.000750 0.851916 0.523677
1628061683.552636 -0.084768 1.973679 -0.018417 0.001014 0.000829 0.851776 0.523905
1628061683.653744 -0.091963 1.977391 -0.020551 0.001150 0.000697 0.851978 0.523575
1628061683.753030 -0.096485 1.982840 -0.021774 0.001111 0.000578 0.851965 0.523597
1628061683.853204 -0.093190 1.990562 -0.020454 0.000973 0.000772 0.851991 0.523554
1628061683.953394 -0.096908 1.983213 -0.020695 0.000969 0.000897 0.851980 0.523572
1628061684.053636 -0.099585 1.980182 -0.024289 0.001019 0.001051 0.851944 0.523631
1628061684.153790 -0.094150 1.980879 -0.021413 0.000819 0.001083 0.851918 0.523673
1628061684.254727 -0.087642 1.984603 -0.020961 0.001034 0.000789 0.851892 0.523715
1628061684.354164 -0.090996 1.991553 -0.023164 0.000734 0.000861 0.851870 0.523753
1628061684.454343 -0.094427 1.990674 -0.022422 0.000957 0.000942 0.851987 0.523561
1628061684.554555 -0.094859 1.991885 -0.022272 0.000959 0.001015 0.851986 0.523563
1628061684.657627 -0.096883 1.988068 -0.021196 0.000979 0.001058 0.851852 0.523780
1628061684.754905 -0.095690 1.988443 -0.018744 0.001129 0.000783 0.851897 0.523708
1628061684.855098 -0.091294 1.987238 -0.018853 0.000840 0.001038 0.851957 0.523610
1628061684.955294 -0.089487 1.979840 -0.023683 0.000712 0.001213 0.851908 0.523689
1628061685.057924 -0.089441 1.985543 -0.022244 0.000658 0.001098 0.851928 0.523658
1628061685.155670 -0.090013 1.981712 -0.023723 0.000803 0.000972 0.851904 0.523696
1628061685.255860 -0.093994 1.982886 -0.023530 0.001202 0.001044 0.852022 0.523503
1628061685.356045 -0.091634 1.979325 -0.023878 0.001103 0.001126 0.851918 0.523672
1628061685.456232 -0.089751 1.978577 -0.023706 0.001102 0.000939 0.851988 0.523559
1628061685.556422 -0.090874 1.984785 -0.021561 0.000941 0.001039 0.852020 0.523508
1628061685.656624 -0.101254 1.988293 -0.022152 0.001010 0.001015 0.852109 0.523362
1628061685.756807 -0.093642 1.981531 -0.021654 0.001206 0.000959 0.851996 0.523547
1628061685.857236 -0.090603 1.976708 -0.021347 0.001240 0.000871 0.851927 0.523659
1628061685.957215 -0.085886 1.976174 -0.020748 0.000959 0.000920 0.851685 0.524053
1628061686.057382 -0.093550 1.980330 -0.022489 0.001010 0.001331 0.851882 0.523731
1628061686.158186 -0.099667 1.987867 -0.022149 0.001223 0.001114 0.851905 0.523693
1628061686.257865 -0.096581 1.984295 -0.023316 0.001324 0.000988 0.851837 0.523805
1628061686.357944 -0.092767 1.993156 -0.023062 0.001121 0.000940 0.851846 0.523790
1628061686.460824 -0.092940 2.003086 -0.023775 0.001158 0.000984 0.852013 0.523519
1628061686.558978 -0.092955 2.002859 -0.024794 0.001150 0.001054 0.851820 0.523833
1628061686.658596 -0.095652 1.999317 -0.023768 0.001473 0.000766 0.851857 0.523772
1628061686.758702 -0.090579 1.986744 -0.022587 0.001250 0.000984 0.851890 0.523718
1628061686.858895 -0.085959 1.983938 -0.020956 0.001293 0.000781 0.851875 0.523744
1628061686.959102 -0.095608 1.983033 -0.022394 0.001247 0.001007 0.851843 0.523794
1628061687.059339 -0.088154 1.983431 -0.021978 0.001348 0.000875 0.851805 0.523857
1628061687.161658 -0.089330 1.984526 -0.023001 0.001229 0.001104 0.851851 0.523781
1628061687.259650 -0.091325 1.988007 -0.020391 0.001404 0.000745 0.851921 0.523667
1628061687.359895 -0.081833 1.993041 -0.021487 0.001244 0.000785 0.851708 0.524015
1628061687.460028 -0.080034 1.984701 -0.020869 0.001332 0.000915 0.851721 0.523992
1628061687.560267 -0.085829 1.982393 -0.021464 0.001048 0.001102 0.851838 0.523803
1628061687.660415 -0.090755 1.979973 -0.022776 0.001167 0.001088 0.851862 0.523764
1628061687.760607 -0.094086 1.978057 -0.019412 0.001337 0.000918 0.851830 0.523816
1628061687.860806 -0.092509 1.979696 -0.017751 0.001323 0.000772 0.851827 0.523821
