1628249877.405173 1.752637 0.000000 0.000000 0.000000 0.000000 0.000000
1628249877.505323 1.571858 1.559995 6.811183 6.429838 1.283384 17.656258
1628249877.605533 1.824092 1.685827 6.320437 6.040724 1.337966 17.209046
1628249877.705706 1.811290 1.671600 11.109156 7.094764 1.407609 23.094419
1628249877.805902 1.816434 1.751669 11.102358 7.634371 1.562819 23.867651
1628249877.906116 1.691383 1.664321 11.138501 7.682664 1.925498 24.102367
1628249878.006304 1.517666 1.404964 11.478288 7.702840 1.286245 23.390003
1628249878.106500 1.804747 1.677521 10.735483 8.289295 1.414726 23.921772
1628249878.206685 1.856378 1.766859 11.728293 8.723322 1.448957 25.523809
1628249878.306874 2.201224 1.608946 12.300161 9.362117 1.359901 26.832349
1628249878.407117 1.858156 1.681071 7.570461 9.253771 1.946345 22.309804
1628249878.507276 1.808326 1.722601 11.798699 10.575892 1.090186 26.995704
1628249878.607484 1.953201 1.820587 11.385482 9.680660 1.731484 26.571414
1628249878.708094 1.720420 1.589225 11.591810 10.061371 1.368294 26.331120
1628249878.807854 1.412483 1.387876 10.347941 10.605580 1.296863 25.050743
1628249878.908053 2.023332 1.810643 11.865344 10.429544 1.562608 27.691471
1628249879.008268 1.620311 1.527145 10.904904 11.084652 1.380184 26.517196
1628249879.108462 1.712323 1.813714 9.857117 11.620527 1.819591 26.823272
1628249879.208662 1.648501 1.380651 11.955629 13.460536 1.247928 29.693245
1628249879.308864 1.735476 1.603817 11.028005 11.406724 1.313632 27.087654
1628249879.409062 1.772329 1.661487 11.331162 11.789066 1.469004 28.023048
1628249879.509223 1.812358 1.691899 10.822710 12.131200 1.528345 27.986512
1628249879.609416 1.643745 1.567387 11.010465 11.577014 1.320370 27.118981
1628249879.709611 1.592115 1.566732 10.643524 12.419166 1.352917 27.574454
1628249879.809814 1.748826 1.679253 8.910142 13.846841 1.414145 27.599207
1628249879.910014 1.841867 1.801385 11.154655 13.884162 1.445142 30.127211
1628249880.010208 1.783087 1.711151 12.071909 13.685000 1.883982 31.135129
1628249880.110404 1.483353 1.454446 10.818742 13.975929 1.188805 28.921275
1628249880.210582 1.618726 1.586369 11.369117 14.501714 1.612295 30.688221
1628249880.310786 1.703788 1.675260 11.579073 15.094444 1.419679 31.472244
1628249880.410975 1.743838 1.667797 11.351422 14.761723 1.627193 31.151973
1628249880.511167 1.690865 1.516539 11.400816 14.954086 1.275551 30.837857
1628249880.611400 1.796544 1.680926 10.633225 15.223269 1.382716 30.716680
1628249880.711590 1.887909 1.679840 11.383295 15.629226 1.387438 31.967708
1628249880.811775 1.931481 1.805403 11.577263 17.324235 1.459467 34.097849
1628249880.911951 1.684928 1.565402 11.523015 16.319799 1.318242 32.411386
1628249881.012147 1.852637 1.761019 11.384089 16.602885 1.483917 33.084547
1628249881.112353 1.306862 1.339638 11.029966 18.973582 1.184331 33.834379
1628249881.212556 1.728290 1.694747 11.255711 18.438520 1.397125 34.514393
1628249881.312729 1.940634 1.740896 11.237884 17.902941 1.472273 34.294628
1628249881.412974 1.839542 1.681608 11.687341 18.101093 1.412164 34.721748
1628249881.513132 1.678761 1.529655 11.283036 17.469733 1.259001 33.220186
1628249881.613339 1.798945 1.679406 9.382048 18.753685 1.446818 33.060902
1628249881.713539 1.571630 1.499023 11.647324 18.910484 1.546540 35.175001
1628249881.814186 1.639082 1.545746 7.561072 17.683579 1.273915 29.703394
1628249881.913918 1.741253 1.586356 11.429223 17.936408 1.325335 34.018575
1628249882.014096 1.758487 1.658244 11.532266 17.826317 1.374921 34.150235
1628249882.114343 1.883558 1.715528 9.584996 18.626319 1.394546 33.204947
1628249882.214715 1.764406 1.711523 11.264911 18.922076 1.431081 35.093997
1628249882.314716 1.725797 1.648577 11.427374 19.102401 1.320102 35.224251
1628249882.414958 1.636213 1.668583 11.064144 18.747483 1.299582 34.416005
1628249882.515090 1.840368 1.680274 11.532231 19.470853 1.402925 35.926651
1628249882.615287 1.686687 1.606864 12.152516 19.137782 1.337953 35.921802
1628249882.715544 1.890255 1.795327 11.410708 19.119881 1.440729 35.656900
1628249882.815655 1.705088 1.625020 11.609347 19.774180 1.368414 36.082049
1628249882.915863 1.795023 1.628862 11.496721 19.289256 1.328714 35.538576
1628249883.016268 1.682739 1.621865 11.526742 19.852243 1.760874 36.444463
1628249883.117515 1.552888 1.538542 11.109289 17.766697 1.292244 33.259660
1628249883.216524 1.612875 1.570970 11.629677 21.558652 1.612961 37.985135
1628249883.316666 1.497777 1.458602 11.784483 17.939104 1.269255 33.949221
1628249883.416860 1.731068 1.606273 11.289094 17.138225 1.601165 33.365825
1628249883.517056 1.698161 1.636086 11.592429 17.313124 1.383536 33.623336
1628249883.617224 1.782604 1.681877 11.897574 17.008387 1.690254 34.060696
1628249883.717417 1.696802 1.609291 11.357887 16.989945 1.320468 32.974393
1628249883.817688 1.803472 1.702140 12.092494 18.143343 1.715853 35.457302
1628249883.918202 1.715671 1.596284 11.828309 16.273520 1.362816 32.776600
1628249884.017995 1.674905 1.649645 12.004290 16.457945 1.371764 33.158549
1628249884.120106 1.735994 1.632856 11.080897 17.108421 1.375925 32.934093
1628249884.218395 1.843042 1.756175 11.887425 16.981356 1.422862 33.890860
1628249884.320205 1.652417 1.501016 11.621094 17.871158 1.537396 34.183081
1628249884.418787 1.923721 1.729987 11.409786 17.222274 1.378259 33.664027
1628249884.521752 1.687880 1.585456 11.735740 17.568613 1.301894 33.879583
1628249884.619168 1.670445 1.519577 11.713663 16.906976 1.747984 33.558645
1628249884.723804 1.653569 1.542563 10.951904 17.457917 1.268057 32.874010
1628249884.819558 1.682865 1.635745 11.788786 15.436830 1.800398 32.344624
1628249884.919761 1.702552 1.575337 11.233038 16.642631 1.236535 32.390093
1628249885.020109 1.716805 1.540296 11.421615 15.758760 1.548657 31.986133
1628249885.123050 1.746904 1.594342 11.394391 15.322605 1.287610 31.345852
1628249885.220340 1.706065 1.595465 11.774007 16.564405 1.578066 33.218008
1628249885.320941 2.188519 1.695869 10.168953 15.055202 1.330778 30.439321
1628249885.420972 1.651650 1.607641 7.852535 15.580856 1.273543 27.966225
1628249885.523283 1.706992 1.635192 12.137875 14.751290 1.235379 31.466728
1628249885.621161 1.731993 1.590724 11.334534 14.655956 1.293518 30.606725
1628249885.721519 1.847024 1.653678 11.859889 15.694190 1.366635 32.421416
1628249885.821527 1.454591 1.444055 12.242138 15.842865 1.198318 32.181967
1628249885.921706 1.815150 1.762808 11.547639 15.114511 1.342196 31.582304
1628249886.021939 2.098410 1.842852 13.230399 15.874499 1.462032 34.508192
1628249886.122107 1.882890 1.727401 11.840989 14.729604 1.392401 31.573285
1628249886.222321 1.347139 1.382173 12.170568 15.263227 1.610127 31.773234
1628249886.322490 1.725710 1.616625 11.525270 14.812506 1.324066 31.004177
1628249886.422709 1.928995 1.761358 11.716155 15.603452 1.354554 32.364514
1628249886.522884 1.813338 1.667894 11.571086 15.914234 1.306123 32.272675
1628249886.623074 1.925804 1.735711 12.671216 16.284829 1.384933 34.002493
1628249886.723495 1.815772 1.668232 11.691672 16.504978 1.301753 32.982407
1628249886.823454 1.977467 1.672493 11.910378 14.895148 1.342914 31.798400
1628249886.923671 1.932136 1.779421 11.754912 16.142597 1.314185 32.923251
1628249887.023857 1.954991 1.533057 12.037367 15.915524 1.556650 32.997589
1628249887.124171 1.823762 1.609096 11.848160 16.375078 1.246760 32.902856
1628249887.224241 1.731995 1.606433 11.990361 15.763719 1.564200 32.656708
1628249887.324603 1.715002 1.664763 12.280135 17.187997 1.330901 34.178798
1628249887.425539 1.825237 1.620503 12.276312 16.398085 1.297870 33.418007
1628249887.524865 1.704314 1.521449 12.046004 15.311662 1.453028 32.036457
1628249887.625035 1.877557 1.717293 11.325342 15.396150 1.390599 31.706941
1628249887.725240 1.861121 1.649811 11.980863 14.485758 1.318129 31.295682
1628249887.825429 1.926522 1.647730 12.140016 16.093819 1.317640 33.125727
1628249887.925684 1.826308 1.590372 12.359339 14.806178 1.507468 32.089665
1628249888.025839 1.772078 1.654790 11.092379 13.675379 1.283817 29.478443
1628249888.126003 1.808516 1.646317 11.481498 15.409257 1.307152 31.652740
1628249888.226243 1.421976 1.655631 13.200553 14.678702 1.477524 32.434386
1628249888.326455 2.219322 1.762368 11.945658 13.468247 1.607003 31.002598
1628249888.426840 1.690735 1.580151 11.700299 13.997895 1.246416 30.215496
1628249888.526801 1.791233 1.654005 11.825543 13.655563 1.350365 30.276709
1628249888.626981 2.073505 1.853867 10.105081 16.106631 1.316506 31.455590
1628249888.727203 0.886061 0.814369 8.223058 15.460120 0.752013 26.135621
1628249888.827521 1.602320 1.514561 11.827804 14.778221 1.188397 30.911303
1628249888.927620 1.929575 1.614245 12.228425 14.369027 1.301537 31.442809
1628249889.027804 1.859787 1.762856 12.086705 14.383981 1.393169 31.486498
1628249889.127948 1.682731 1.578367 12.478084 15.181816 1.286672 32.207670
1628249889.228139 0.696149 0.699187 9.547856 14.068117 0.600124 25.611433
1628249889.328339 1.761037 1.660800 12.657199 14.456461 1.331124 31.866621
1628249889.428527 1.861543 1.704514 12.462538 14.948125 1.365639 32.342359
1628249889.528743 1.633914 1.488359 12.384701 14.758969 1.265131 31.531074
1628249889.628927 1.654819 1.626700 10.983867 15.496611 1.015146 30.777143
1628249889.729156 2.038828 1.826795 12.776495 15.476909 1.381208 33.500235
1628249889.829314 1.792495 1.598527 12.428352 15.154568 1.388324 32.362266
1628249889.929534 1.927213 1.750799 12.238759 14.269717 1.312883 31.499371
1628249890.029707 1.628320 1.460307 13.587843 14.014987 1.397675 32.089132
1628249890.129898 1.815951 1.662821 11.625230 14.809581 1.275049 31.188632
1628249890.230095 1.752950 1.618255 11.510529 15.910116 1.473895 32.265745
1628249890.330446 1.977521 1.738322 11.763880 15.498820 1.347590 32.326133
1628249890.430674 1.630836 1.600876 12.641263 13.856566 1.251131 30.980672
1628249890.530673 1.808824 1.664039 12.049071 14.190451 1.323617 31.036002
1628249890.630880 1.332195 1.386830 11.462419 17.786638 1.418902 33.386984
1628249890.731087 1.767778 1.676369 12.360601 13.199051 1.297567 30.301366
1628249890.831275 1.863583 1.748463 13.178131 16.402537 1.331730 34.524444
1628249890.931491 1.755471 1.661514 12.755767 13.687183 1.355629 31.215564
1628249891.031667 1.778869 1.611609 12.222224 14.804840 1.260534 31.678076
1628249891.131888 1.530360 1.476261 12.992343 15.138756 1.153863 32.291583
1628249891.232056 1.884329 1.765176 12.151471 16.349361 1.389975 33.540312
1628249891.332262 2.024465 1.795994 13.809787 16.700383 1.362432 35.693061
1628249891.432441 1.778027 1.683899 13.034099 14.149732 1.338516 31.984273
1628249891.532649 1.802240 1.629008 12.588748 16.205123 1.287834 33.512953
1628249891.632827 1.840627 1.759381 12.944906 15.787003 1.338753 33.670670
1628249891.733018 1.841148 1.681282 12.467191 15.488153 1.288594 32.766368
1628249891.833222 2.083261 1.870501 13.291530 14.880624 1.438147 33.564063
1628249891.934174 1.957348 1.789868 12.629079 15.231378 1.350572 32.958245
1628249892.033725 1.933175 1.694574 13.350752 14.780253 1.310865 33.069619
1628249892.133899 1.749585 1.686650 14.965383 15.462296 1.362231 35.226145
1628249892.234328 2.059510 1.856954 13.188296 13.997546 1.434102 32.536408
1628249892.334309 1.914045 1.843617 13.430621 15.395273 1.421469 34.005025
1628249892.434386 1.844361 1.652983 8.905112 14.777903 1.465420 28.645779
1628249892.537028 1.969061 1.775879 12.863887 15.116046 1.357305 33.082178
1628249892.635019 1.904229 1.689193 12.766264 16.051106 1.618609 34.029401
1628249892.734978 1.824395 1.695321 12.853127 14.387864 1.305465 32.066172
1628249892.835333 1.986191 1.897498 13.146648 15.211151 1.469466 33.710954
1628249892.935363 2.013219 1.775788 12.716830 16.639168 1.336137 34.481142
1628249893.035569 1.960785 1.774527 13.426573 14.477856 1.370984 33.010725
1628249893.135873 1.924815 1.801830 13.296303 14.753812 1.398654 33.175414
1628249893.236277 1.865907 1.704828 13.065311 14.519915 1.380380 32.536341
1628249893.336229 1.444092 1.376712 13.798393 14.475900 1.053976 32.149073
1628249893.436333 1.933739 1.774359 13.353989 15.056799 1.379603 33.498489
1628249893.536528 1.981882 1.712350 12.405786 15.876644 1.335943 33.312605
1628249893.636740 1.588591 1.593516 12.308179 15.060083 1.280079 31.830448
1628249893.736934 1.805997 1.642258 13.007609 14.501623 1.251803 32.209290
1628249893.837111 1.769886 1.694702 14.164523 14.392896 1.394451 33.416458
1628249893.937312 1.767849 1.624647 12.805982 14.664277 1.330107 32.192862
1628249894.037511 2.028206 1.815898 14.005915 15.241758 1.392439 34.484216
1628249894.137717 1.826514 1.662870 13.408087 14.702483 1.535124 33.135078
1628249894.237913 1.763486 1.649555 13.427681 14.807232 1.285564 32.933518
1628249894.338120 1.797792 1.656291 13.202052 14.300764 1.298022 32.254921
1628249894.438290 1.891987 1.735754 13.810081 15.228984 1.377438 34.044244
1628249894.538484 1.824638 1.712492 12.918876 13.778945 1.562736 31.797687
1628249894.638669 1.976410 1.700554 13.481866 14.695806 1.296940 33.151576
1628249894.739046 1.805934 1.689661 13.242674 14.303470 1.646882 32.688621
1628249894.839095 1.625595 1.582005 14.320454 17.215766 1.299525 36.043345
1628249894.939270 1.789055 1.642528 10.194981 14.773243 1.302450 29.702257
1628249895.039457 1.863055 1.717719 14.046179 16.816082 1.401789 35.844824
1628249895.139666 1.887687 1.715942 12.993151 13.342364 1.382916 31.322060
1628249895.239863 2.013514 1.778028 13.404986 15.582472 1.411818 34.190818
1628249895.340080 1.905869 1.780959 15.331966 16.465234 1.397002 36.881030
1628249895.440240 2.056190 1.969788 14.335957 14.438796 1.542908 34.343639
1628249895.540448 1.943179 1.745242 15.916772 15.160857 1.465264 36.231314
1628249895.640622 1.771516 1.891966 16.000040 14.023785 1.328326 35.015633
1628249895.740819 1.927718 1.898390 13.935402 15.474053 1.528685 34.764248
1628249895.841021 1.979271 2.018178 13.786737 13.647202 1.485101 32.916489
1628249895.941227 1.861111 1.740500 13.895577 14.842837 1.388092 33.728117
1628249896.041407 1.890400 1.781888 14.185061 14.400946 1.424952 33.683247
1628249896.141599 1.805138 1.776104 13.914245 16.485320 1.460105 35.440912
1628249896.241854 1.908139 1.733694 13.775244 16.371785 1.394063 35.182925
1628249896.342009 1.793506 1.731455 14.086253 14.457638 1.346996 33.415848
1628249896.442183 1.854107 1.664376 14.145597 16.354746 1.609404 35.628230
1628249896.542398 1.966018 1.991680 15.790049 17.944266 1.464203 39.156216
1628249896.642617 1.835570 1.599533 12.878470 15.405679 1.289951 33.009203
1628249896.742767 1.720616 1.660980 13.680260 15.393336 1.353060 33.808252
1628249896.842988 1.594182 1.509750 13.309835 16.630069 1.258732 34.302568
1628249896.943155 1.902971 1.775905 13.814273 15.629008 1.680117 34.802274
1628249897.043362 2.011262 1.903622 13.913382 16.062051 1.496966 35.387283
1628249897.143552 1.782843 1.718065 14.218432 15.306776 1.410552 34.436668
1628249897.243747 1.895594 1.766673 13.909740 17.186863 1.417313 36.176183
1628249897.343946 1.058003 0.986583 13.622210 16.318421 0.827269 32.812486
1628249897.444171 1.761508 1.624219 10.919393 16.931822 1.356636 32.593578
1628249897.544333 1.014681 0.960210 9.791619 17.144404 0.788942 29.699856
1628249897.644546 2.110060 1.878625 14.544332 16.866758 1.532746 36.932521
1628249897.744737 2.092891 1.956072 14.011805 17.728348 1.570018 37.359134
1628249897.844933 1.868138 1.772461 13.451501 15.300262 1.397113 33.789475
1628249897.945128 1.828580 1.662591 13.858606 16.625346 1.376296 35.351419
1628249898.045322 2.060031 1.898268 13.951225 17.848986 1.499036 37.257546
1628249898.145519 1.857054 1.768741 14.311410 18.413719 1.476603 37.827527
1628249898.245698 1.808687 1.775887 13.720813 16.972697 1.420664 35.698748
1628249898.345910 1.419303 1.370485 14.459088 17.212151 1.232175 35.693202
1628249898.446085 1.948974 1.731707 13.878554 14.879053 1.438726 33.877014
1628249898.547143 1.847904 1.648660 13.464780 16.033637 1.414472 34.409453
1628249898.646575 2.077716 1.654845 11.423135 14.549948 1.310491 31.016135
1628249898.746672 1.656842 1.644327 14.258624 15.052756 1.353908 33.966457
1628249898.846881 1.801348 1.723325 14.378897 13.865067 1.428804 33.197441
1628249898.947078 1.785378 1.690630 14.749296 14.359388 1.817450 34.402142
1628249899.047300 1.811123 1.635061 13.871025 14.658360 1.349788 33.325357
1628249899.147457 1.862352 1.750518 14.443791 15.441908 1.543734 35.042303
1628249899.247821 1.422382 1.391470 14.139052 15.716835 1.253143 33.922882
1628249899.347881 1.799724 1.619862 14.844622 15.955928 1.358648 35.578784
1628249899.448050 1.896809 1.773357 14.954418 16.739303 1.840743 37.204630
1628249899.548250 1.790583 1.655939 14.080937 14.332514 1.364066 33.224039
1628249899.648524 1.836887 1.731608 15.068313 14.877277 1.428600 34.942685
1628249899.748632 1.888305 1.735167 14.559218 16.053682 1.459794 35.696166
1628249899.848844 1.925964 1.828720 15.173288 15.816419 1.524185 36.268576
1628249899.949022 1.899279 1.761808 15.791365 14.165519 1.520440 35.138411
1628249900.049315 2.200756 1.896866 16.378939 17.158914 1.667496 39.302971
1628249900.149413 2.428301 1.671633 12.215085 15.698330 1.060881 33.074230
1628249900.249598 1.827778 1.730382 10.900250 15.459994 1.402519 31.320923
1628249900.349791 1.902171 1.750787 14.707676 17.004775 1.461115 36.826524
1628249900.450006 1.832144 1.725068 14.946165 15.201036 1.799888 35.504301
1628249900.550246 1.860318 1.822218 15.145180 17.162629 1.469718 37.460063
1628249900.650393 1.832844 1.782624 14.486144 15.130833 1.474111 34.706556
1628249900.750704 2.040782 1.928052 14.688805 15.324635 1.571812 35.554086
1628249900.850767 2.007417 1.857929 14.735133 16.034655 1.536015 36.171149
1628249900.950963 2.001623 1.824852 14.721832 14.387350 1.551935 34.487592
1628249901.051172 2.059363 1.867504 15.519271 16.638837 1.546022 37.630997
1628249901.151352 1.958615 1.856522 14.438174 15.600558 1.530146 35.384015
1628249901.251575 1.878463 1.746671 14.672290 16.928072 1.460482 36.685978
1628249901.351760 2.010793 1.856211 15.115346 16.109098 1.584285 36.675733
1628249901.451939 2.083971 1.957832 15.608928 15.603792 1.737823 36.992346
1628249901.552166 2.203839 1.895172 17.212966 15.114275 1.486202 37.912454
1628249901.652326 1.935012 2.026311 14.698045 16.656480 1.650116 36.965964
1628249901.752528 1.879087 1.718565 14.695389 15.263834 1.435802 34.992677
1628249901.852717 1.919244 1.828150 14.698889 15.735092 1.525727 35.707102
1628249901.952911 2.029160 1.831355 14.546804 14.341029 1.526490 34.274838
1628249902.053119 1.953156 1.805222 11.135350 16.302464 1.481164 32.677356
1628249902.153313 1.797611 1.803901 15.657604 14.526927 1.499753 35.285796
1628249902.253518 1.871045 1.746472 15.145504 15.048401 1.459379 35.270801
1628249902.353702 2.005087 1.806492 15.842327 15.950075 1.876899 37.480880
1628249902.454072 1.827337 1.687836 14.929218 15.927347 1.483174 35.854912
1628249902.554119 1.807176 1.873481 15.714169 14.427236 1.542199 35.364261
1628249902.654366 2.094212 1.990712 14.750180 15.693538 1.602445 36.131087
1628249902.754474 1.858317 1.772145 15.217554 16.386275 1.510187 36.744478
1628249902.854692 1.665431 1.618415 15.529680 15.731493 1.423512 35.968531
1628249902.954885 1.974627 1.872903 15.254387 15.961098 1.575020 36.638035
1628249903.055081 1.966259 1.849375 15.422470 17.289112 1.554747 38.081963
1628249903.155254 2.058005 1.848447 15.461849 14.742372 1.573683 35.684356
1628249903.255623 1.815862 1.719410 15.724791 14.108352 1.415768 34.784183
1628249903.356046 1.883440 1.770378 16.911950 13.734998 1.548815 35.849581
1628249903.455864 1.859383 1.799219 16.297556 15.529655 1.608124 37.093937
1628249903.556050 1.838544 1.689664 15.789611 13.767563 1.770868 34.856250
1628249903.656463 1.977122 1.818528 15.987427 12.824708 1.565956 34.173741
1628249903.756537 2.440469 1.724412 18.651490 11.935571 1.289911 36.041853
1628249903.856626 1.921187 1.804804 15.009772 11.610840 1.475849 31.822452
1628249903.956835 1.848272 1.638607 14.798835 12.668174 1.335261 32.289149
1628249904.057044 1.812165 1.750755 14.457241 12.291835 1.490292 31.802288
1628249904.157367 2.045371 1.896539 15.201656 14.341454 1.622418 35.107438
1628249904.257556 1.839459 1.680150 15.576482 14.330593 1.806350 35.233034
1628249904.357615 1.737267 1.738632 16.201115 14.592080 1.542111 35.811205
1628249904.457850 1.860336 1.774774 15.956629 16.600093 1.548310 37.740142
1628249904.558003 1.923724 1.829258 15.138579 13.322956 2.099824 34.314341
1628249904.659728 1.730370 1.669906 14.515752 14.190087 1.412243 33.518358
1628249904.761038 1.824383 1.767505 16.982659 14.387435 1.583746 36.545728
1628249904.858878 1.839515 1.766518 15.068066 17.290556 1.515255 37.479910
1628249904.959648 1.870355 1.851243 16.172239 14.474202 1.497699 35.865738
1628249905.060118 1.825225 1.772741 15.797296 14.487585 1.481035 35.363882
1628249905.159165 1.791328 1.729834 15.496659 15.297195 1.762594 36.077610
1628249905.259352 1.808131 1.742387 15.371779 14.658102 1.481141 35.061540
1628249905.455948 2.353775 1.476398 18.367783 14.396680 1.716871 38.311507
1628249905.555382 3.176376 2.063852 15.913679 15.214935 1.701837 38.070679
1628249905.561094 0.000310 0.807891 11.681429 16.638770 0.855718 29.984118
1628249905.660164 2.028185 1.813029 15.567565 14.517226 1.510975 35.436980
1628249905.760342 1.873217 1.750947 15.531846 14.551148 1.494659 35.201817
1628249905.860585 0.710511 0.759089 12.646062 15.289423 0.851384 30.256469
1628249905.960713 1.948942 1.817058 15.472459 14.374486 1.470478 35.083423
1628249906.060915 1.849487 1.709485 15.854334 15.155430 1.788701 36.357437
1628249906.161105 1.781759 1.747799 15.866009 14.169595 1.498920 35.064082
1628249906.261385 2.017396 1.859758 15.801353 13.544285 1.564013 34.786805
1628249906.361539 1.877778 1.755548 17.690615 16.354716 1.476345 39.155002
1628249906.461720 1.701908 1.674994 16.206526 14.111451 1.484339 35.179218
1628249906.562467 1.883824 1.765470 15.541091 13.288289 1.557855 34.036529
1628249906.662131 2.002210 1.792018 16.315447 16.131208 1.538425 37.779308
1628249906.762289 1.890057 1.778902 15.742620 13.513798 1.488664 34.414041
1628249906.862585 2.090495 1.981449 14.213080 15.211006 1.658718 35.154748
1628249906.965012 1.836696 1.849666 16.192801 13.050698 1.518318 34.448179
1628249907.062861 1.925656 1.880777 16.526898 13.234319 1.887630 35.455280
1628249907.163057 1.875277 1.782385 12.601200 12.015864 1.472290 29.747016
1628249907.263256 2.112114 1.830175 16.174938 15.106038 1.598103 36.821368
1628249907.363450 1.780850 1.782589 15.502153 14.520559 1.554495 35.140646
1628249907.463670 1.932021 1.826118 16.927350 15.586030 1.662034 37.933553
1628249907.563856 1.770907 1.730022 15.846527 14.672438 1.724620 35.744514
1628249907.664034 1.841404 1.820041 15.652939 13.867258 1.500293 34.681935
1628249907.764253 1.702977 1.654054 16.196563 12.245993 1.400066 33.199653
1628249907.864433 1.588775 1.588552 16.574254 13.974813 1.382921 35.109315
1628249907.964625 1.915182 1.820392 15.897169 14.672108 1.504129 35.808980
1628249908.064834 1.997971 1.816735 15.808182 12.604461 1.489344 33.716693
1628249908.165017 1.902981 1.819682 16.610258 13.626179 1.576118 35.535218
1628249908.265223 1.856874 1.821793 15.858670 12.560528 1.546328 33.644193
1628249908.365450 1.951658 1.824097 15.975020 16.071485 1.516812 37.339072
1628249908.465598 1.747653 1.758790 15.910169 12.424524 1.496144 33.337280
1628249908.565794 2.076928 1.949467 16.413522 13.542994 1.583461 35.566372
1628249908.666034 1.933008 1.814709 15.885329 14.086531 1.540103 35.259680
1628249908.766203 1.944821 1.759035 17.296512 14.156448 1.641152 36.797968
1628249908.866503 1.613696 1.594617 16.431954 14.579702 1.412331 35.632300
1628249908.966571 1.884741 1.777380 15.324600 14.289252 1.469909 34.745882
1628249909.066763 1.966233 1.875155 15.839496 12.603228 1.589529 33.873641
1628249909.166984 1.939525 1.872603 15.715334 14.639911 1.624965 35.792338
1628249909.267278 1.879972 1.809781 15.680399 15.320031 1.531243 36.221426
1628249909.367370 1.896456 1.822638 15.990854 13.707887 1.854340 35.272175
1628249909.467762 0.731504 0.973542 17.955897 14.352936 1.455979 35.469858
1628249909.567864 1.867424 1.786508 16.243382 15.992776 1.507347 37.397437
1628249909.667939 1.396673 1.496883 15.929939 14.361739 1.397564 34.582798
1628249909.768142 1.879602 1.767504 16.312701 14.819811 1.529613 36.309231
1628249909.868339 1.739893 1.703551 15.567211 11.857429 1.427549 32.295633
1628249909.968528 1.951294 1.828993 15.733042 14.207916 1.577149 35.298394
1628249910.072157 1.843554 1.746018 15.247464 11.718593 1.455328 32.010957
1628249910.168916 1.925483 1.756001 15.386841 13.750736 1.459267 34.278328
1628249910.269114 1.991955 1.834102 15.665928 13.534281 1.580043 34.606309
1628249910.369322 1.715242 1.642872 14.939109 12.672932 1.350786 32.320941
1628249910.472387 1.975259 1.736152 16.430609 11.755609 1.664834 33.562463
1628249910.569686 1.728655 1.725975 16.203265 11.877634 1.396974 32.932503
1628249910.669886 2.032010 1.971617 15.567408 12.909358 1.555761 34.036154
1628249910.770101 1.759767 1.664685 15.719114 12.303616 1.628232 33.075414
1628249910.870288 2.007560 1.800370 14.888183 11.482359 1.534320 31.712792
1628249910.970568 1.860117 1.679155 15.546201 11.174156 1.434814 31.694443
1628249911.070667 1.997453 1.862424 15.867147 13.210819 1.498598 34.436441
1628249911.170867 1.855288 1.668119 15.398567 11.412997 1.400374 31.735345
1628249911.271416 2.019431 1.802007 16.274136 12.721483 1.500993 34.318050
1628249911.371258 1.896497 1.665440 15.200296 10.951096 1.398446 31.111775
1628249911.471460 2.088474 1.819786 16.456171 13.635878 2.049346 36.049655
1628249911.571649 1.847067 1.764726 16.491390 12.510691 1.451158 34.065032
1628249911.671841 2.075704 1.866431 15.646963 11.914259 1.561690 33.065047
1628249911.772046 1.597257 1.530492 15.488992 12.566648 1.333686 32.517075
1628249911.872229 2.135465 1.638150 16.921300 13.080020 1.429939 35.204874
1628249911.972420 1.829499 1.766218 15.588988 13.712342 1.496113 34.393160
1628249912.072618 1.802919 1.734007 15.700662 12.651296 1.476510 33.365394
1628249912.172834 1.981937 1.804907 15.337047 13.364081 1.548918 34.036890
1628249912.273016 1.905055 1.871066 15.659186 11.754552 1.574563 32.764422
1628249912.373222 1.933138 1.860657 15.729374 11.783487 1.917312 33.223968
1628249912.473410 1.916466 1.797333 16.225022 12.615372 1.524317 34.078510
1628249912.573623 1.295947 1.468862 16.193511 14.291596 1.441555 34.691471
1628249912.673838 1.936226 1.807166 15.670186 12.578408 1.517244 33.509230
1628249912.773986 1.859940 1.737150 15.667238 12.072531 1.477181 32.814040
1628249912.874191 1.902463 1.814852 15.441035 14.236491 1.489704 34.884545
1628249912.974395 2.109010 1.881836 15.297640 13.758356 1.544801 34.591643
1628249913.074592 2.316765 1.894926 17.397081 12.327650 0.795240 34.731662
1628249913.174771 1.955750 1.783623 15.663251 12.513475 1.485894 33.401993
1628249913.274979 1.853585 1.729796 15.804973 13.357113 1.494206 34.239673
1628249913.375191 1.917755 1.754409 17.391174 12.482620 1.515808 35.061766
1628249913.475360 1.859473 1.744260 17.059988 13.612019 1.771630 36.047370
1628249913.575600 1.349816 1.254048 14.359593 11.990743 1.019559 29.973759
1628249913.675742 1.958801 1.866626 16.615011 12.872415 1.505785 34.818638
1628249913.775950 1.824084 1.769803 16.360059 13.014519 1.480186 34.448651
1628249913.876131 1.986763 1.845617 16.478155 12.762678 1.528353 34.601566
1628249913.976379 1.846661 1.723825 16.043926 12.598804 1.420082 33.633298
1628249914.076555 1.917253 1.513463 18.149753 13.406102 1.357553 36.344124
1628249914.176717 2.034085 1.835345 17.676968 13.709449 1.670306 36.926153
1628249914.276932 1.894542 1.863776 17.310671 13.780780 1.547438 36.397207
1628249914.377105 1.834907 1.767190 16.334071 13.967546 1.441971 35.345685
1628249914.477315 1.928678 1.815705 16.298669 13.411885 1.490185 34.945122
1628249914.578804 1.753548 1.716719 12.756140 13.272460 1.442901 30.941768
1628249914.677763 0.749611 0.758206 13.143351 13.094963 0.660758 28.406889
1628249914.777903 1.795203 1.728125 15.902802 13.486117 1.431484 34.343731
1628249914.878975 1.816723 1.585620 12.541693 14.666428 1.331892 31.942356
1628249914.978354 0.763190 0.745938 13.348329 12.615666 0.676349 28.149472
1628249915.078470 2.088782 2.179044 18.477095 13.413210 1.614018 37.772149
1628249915.178665 1.801445 1.690182 16.818037 13.239798 1.437739 34.987201
1628249915.278857 1.667003 1.619244 16.056383 14.453906 1.308706 35.105242
1628249915.379075 1.811251 1.658766 16.225136 11.942796 1.396161 33.034110
1628249915.479897 1.901951 1.797984 16.566094 11.873652 1.442833 33.582514
1628249915.579466 1.796135 1.696806 16.817467 12.902712 1.399225 34.612345
1628249915.679648 1.976425 1.845546 15.777476 12.120155 1.435940 33.155542
1628249915.781257 1.940253 1.774773 16.432106 12.489725 1.382842 34.019699
1628249915.880044 1.982735 1.844181 15.664110 13.792889 1.418578 34.702493
1628249915.980350 1.729940 1.680765 15.489023 13.120326 1.336115 33.356169
1628249916.080521 1.927097 1.816718 15.556638 16.099322 1.437978 36.837753
1628249916.180737 1.905370 1.815397 16.109644 13.739181 1.392503 34.962095
1628249916.280808 1.853240 1.818722 16.377535 13.660169 1.416536 35.126202
1628249916.381021 1.845558 1.729725 16.011206 12.452675 1.380749 33.419913
1628249916.481198 1.875412 1.799287 16.099030 13.726891 1.822546 35.323166
1628249916.581400 1.832629 1.741571 17.064765 12.489553 1.436851 34.565369
1628249916.681625 1.839952 1.816713 16.959741 12.891919 1.459254 34.967579
1628249916.781802 1.937629 1.813811 16.135532 12.285382 1.435131 33.607485
1628249916.882041 1.917802 1.765390 16.715975 15.259059 1.405315 37.063541
1628249916.982191 2.028603 1.923374 16.656270 13.381994 1.608468 35.598709
1628249917.082432 1.805789 1.711878 15.824013 14.192345 1.387245 34.921270
1628249917.182606 2.051177 1.858349 16.753917 13.315680 1.508514 35.487637
1628249917.282766 1.921077 1.664426 15.775998 13.570144 1.862003 34.793648
1628249917.382980 1.701578 1.641682 15.436054 13.850773 1.376129 34.006216
1628249917.483155 1.888713 1.740735 15.916301 15.171753 1.784086 36.501588
1628249917.583465 1.668616 1.642659 18.653505 14.560428 1.379496 37.904704
1628249917.683655 2.022303 1.543514 19.585255 13.943457 1.532182 38.626711
1628249917.783764 1.922511 1.768889 13.493015 13.827533 1.458442 32.470390
1628249917.883946 1.966608 1.810531 16.602439 15.816620 1.444441 37.640639
1628249917.984288 1.989570 1.949036 16.245000 13.900832 1.525443 35.609881
1628249918.084461 1.822678 1.689952 16.144519 14.215831 1.419453 35.292433
1628249918.184528 1.962222 1.853156 15.939826 12.906688 1.514589 34.176481
1628249918.284719 2.161999 1.903663 16.005359 13.343039 1.496768 34.910828
1628249918.384926 1.801408 1.595106 16.028535 13.660264 1.684994 34.770307
1628249918.485366 1.832661 1.655917 16.454524 13.916304 1.336354 35.195760
1628249918.585303 1.877914 1.875073 16.961105 12.550470 1.462597 34.727159
1628249918.685976 1.941400 1.856638 16.249653 15.610656 1.458693 37.117040
1628249918.785706 1.928267 1.764137 15.890669 12.637396 1.406521 33.626990
1628249918.885896 2.017925 1.925987 16.561312 12.104230 1.475552 34.085006
1628249918.986084 2.047447 1.737868 14.189161 13.086509 1.462195 32.523180
1628249919.086286 1.992407 1.791467 15.994238 14.905814 1.412847 36.096773
1628249919.186614 1.853022 1.791242 16.576537 13.655955 1.446289 35.323045
1628249919.286885 1.789968 1.698739 16.781259 14.209988 1.384186 35.864140
1628249919.386915 1.770087 1.663613 16.291727 12.284564 1.346662 33.356653
1628249919.487071 2.067210 1.906915 16.676777 13.209685 1.466060 35.326647
1628249919.587524 1.980249 1.795859 17.197398 13.097678 1.495582 35.566766
1628249919.687445 2.002947 1.927465 16.973232 12.072886 1.544662 34.521192
1628249919.787719 1.987131 1.850888 17.007741 12.749947 1.694292 35.289999
1628249919.887882 1.904504 1.739274 16.571879 13.246091 1.395087 34.856835
1628249919.988060 1.883557 1.713137 16.005240 13.325388 0.999585 33.926907
1628249920.090387 1.867906 1.661506 17.058403 13.761010 1.725809 36.074634
1628249920.188596 1.828975 1.677276 16.250257 13.553429 1.342791 34.652728
1628249920.288685 1.851487 1.681274 16.654888 12.730116 1.427001 34.344766
1628249920.388830 1.768021 1.685277 16.561400 14.245524 1.889523 36.149745
1628249920.489623 1.931683 1.785907 17.047721 13.850038 1.639421 36.254770
1628249920.589206 1.884644 1.799048 16.114674 12.618857 1.454300 33.871523
1628249920.689405 1.007050 1.098977 14.944809 14.750059 1.123034 32.923929
1628249920.789600 1.934061 1.831800 16.371156 15.014664 1.507363 36.659044
1628249920.889792 2.030263 1.783226 16.556964 14.221574 1.444050 36.036077
1628249920.989997 1.695860 1.634432 17.117292 13.462638 1.319184 35.229406
1628249921.090178 1.981382 1.915436 17.755040 13.527614 1.636348 36.815820
1628249921.190400 1.839622 1.682872 16.838126 14.276947 1.385556 36.023123
1628249921.290586 1.947762 1.828405 16.964479 13.186909 1.431244 35.358799
1628249921.390775 2.067284 1.861500 17.297721 13.329971 1.532156 36.088632
1628249921.490964 1.797940 1.746586 16.164944 13.943834 1.376707 35.030011
1628249921.591169 1.917157 1.852722 17.722570 13.813765 1.605159 36.911373
1628249921.691345 1.706555 1.645285 17.297501 12.745516 1.430698 34.825555
1628249921.796721 2.014206 1.849801 17.446824 14.579588 1.501790 37.392209
1628249921.891757 1.997908 1.824936 16.584055 12.832248 1.512631 34.751778
1628249921.992222 1.783647 1.700480 17.597876 13.119153 1.654300 35.855456
1628249922.092128 2.052960 1.884482 16.203518 13.206422 1.513438 34.860820
1628249922.192331 1.909312 1.671704 16.103104 13.897348 1.422365 35.003833
1628249922.292533 2.001411 1.837434 16.664411 13.722727 1.488787 35.714770
1628249922.392767 1.699844 1.659296 16.629954 12.983558 1.404632 34.377284
1628249922.492943 1.933661 1.810577 17.235843 14.333230 1.476083 36.789394
1628249922.593114 2.078912 1.848094 17.297714 13.968363 1.543285 36.736368
1628249922.693421 1.747199 1.630405 17.102771 12.525822 1.714604 34.720801
1628249922.793499 1.944346 1.812924 16.068043 13.590299 1.476391 34.892003
1628249922.893735 1.972014 1.931339 16.796502 12.872558 1.565959 35.138372
1628249922.993894 1.892057 1.761607 16.178472 13.498406 1.407945 34.738487
1628249923.094179 1.965420 1.804735 17.897944 14.206293 1.429629 37.304021
1628249923.194321 1.966977 1.851746 16.788737 13.127045 1.497220 35.231725
1628249923.294491 1.928659 1.806895 16.674088 12.600421 1.603626 34.613689
1628249923.394675 1.800168 1.718299 16.302736 13.768448 1.366628 34.956279
1628249923.494874 1.847522 1.712557 16.508518 11.820278 1.380471 33.269346
1628249923.595078 1.454675 1.536183 18.889051 13.885105 1.350744 37.115758
1628249923.695272 1.881430 1.794006 16.782499 11.806305 1.475157 33.739397
1628249923.795445 2.029199 1.850181 16.566839 11.495842 1.457074 33.399135
1628249923.895852 1.736121 1.630794 16.733147 12.479858 1.569197 34.149117
1628249923.997809 1.693832 1.882106 18.709359 12.294899 1.383613 35.963809
1628249924.096036 2.076851 1.903627 17.100217 13.388768 1.501388 35.970851
1628249924.196226 1.955158 1.820546 18.213309 12.488324 1.486749 35.964086
1628249924.296435 1.763757 1.710166 16.948619 13.213170 1.602857 35.238569
1628249924.396624 1.789967 1.641622 17.131151 11.879175 1.366386 33.808301
1628249924.496822 1.950622 1.825172 17.693418 11.658966 1.436958 34.565136
1628249924.597100 1.380078 1.597624 17.869880 11.994933 1.347291 34.189806
1628249924.697251 1.856230 1.735861 16.785197 14.033813 1.391500 35.802601
1628249924.797411 1.992154 1.801300 17.340603 12.988831 1.453166 35.576054
1628249924.897613 1.944288 1.809281 17.660622 13.995190 1.461189 36.870570
1628249924.999950 1.820356 1.649081 16.994595 12.734193 1.691943 34.890168
1628249925.098004 1.828693 1.676363 16.728984 12.303249 1.344071 33.881360
1628249925.198910 1.871739 1.762778 16.266569 12.057762 1.393421 33.352269
1628249925.298439 1.881138 1.753933 17.354859 11.901110 1.404122 34.295162
1628249925.398680 1.934153 1.636620 16.540216 12.000144 1.547716 33.658849
1628249925.498778 1.883890 1.704443 17.414928 12.959399 1.352063 35.314723
1628249925.598980 1.663967 1.655819 18.077724 11.228674 1.403286 34.029470
1628249925.699181 1.944411 1.858366 17.094067 12.749690 1.436066 35.082600
1628249925.801009 1.836524 1.940925 15.696841 12.581802 1.697816 33.753908
1628249925.899554 0.761304 0.756453 13.757390 12.307159 0.684948 28.267254
1628249925.999889 1.750890 1.655328 16.730112 13.428412 1.411966 34.976708
1628249926.099941 1.732671 1.653439 18.053198 11.923374 1.353851 34.716533
1628249926.200390 1.917001 1.797995 16.528012 12.843583 1.436351 34.522942
1628249926.300322 1.826900 1.793941 15.748865 11.303565 1.463641 32.136912
1628249926.400521 2.074564 1.892490 16.568960 13.452151 1.478279 35.466444
1628249926.500741 1.985596 1.671317 16.402650 12.572940 1.379272 34.011775
1628249926.600908 1.888805 1.771132 16.819448 13.622195 1.381632 35.483212
1628249926.701118 1.899015 1.870038 17.209994 12.255253 1.468540 34.702840
1628249926.801328 2.072850 1.750183 17.530471 11.999838 1.619335 34.972677
1628249926.901503 1.860854 1.655313 17.354287 13.428410 1.338294 35.637158
1628249927.001695 1.745116 1.671971 17.286635 10.735898 1.487615 32.927235
1628249927.101882 1.899257 1.827770 16.803667 11.964980 1.455898 33.951572
1628249927.202123 1.970316 1.857204 16.834457 11.268531 1.486812 33.417320
1628249927.302274 1.931753 1.810793 17.015336 12.654204 1.507738 34.919824
1628249927.403481 1.954890 1.940360 19.283292 11.737642 1.485557 36.401741
1628249927.502688 1.720635 1.644776 16.928311 14.127687 1.414333 35.835742
1628249927.602857 1.735498 1.681983 17.516391 14.623812 1.338089 36.895773
1628249927.703084 1.887849 1.695115 17.567790 13.673711 1.475033 36.299498
1628249927.803292 1.792141 1.703350 17.113494 12.379544 1.367000 34.355529
1628249927.903455 1.863998 1.701424 17.323682 13.144336 1.425108 35.458548
1628249928.003644 1.993425 1.810758 17.177935 12.533265 1.426372 34.941755
1628249928.103847 1.832713 1.591003 17.167923 12.317634 1.404705 34.313978
1628249928.204089 1.849503 1.745118 16.311308 12.428520 1.436152 33.770601
1628249928.304240 1.885160 1.776484 17.206549 11.984555 1.498925 34.351673
1628249928.404441 1.958378 1.743048 16.801035 12.049758 1.389833 33.942052
1628249928.504615 1.583076 1.549038 18.934577 12.497216 1.355748 35.919655
1628249928.606107 1.980898 1.744455 14.659250 13.175094 1.413124 32.972821
1628249928.705022 1.946729 1.767672 16.810321 11.182459 1.483972 33.191153
1628249928.805207 1.697850 1.483018 17.019629 13.421117 1.257078 34.878692
1628249928.905416 1.657327 1.607748 16.710512 11.031055 1.473296 32.479938
1628249929.005595 1.842710 1.732029 16.790412 13.186414 1.593659 35.145224
1628249929.105808 1.480309 1.571137 17.262953 12.038992 1.347158 33.700549
1628249929.206269 1.927552 1.801477 17.074359 11.911229 1.449692 34.164309
1628249929.306175 1.736425 1.656891 16.992704 11.456559 1.340870 33.183449
1628249929.406374 2.076027 1.636444 20.377318 12.564048 1.250386 37.904223
1628249929.506587 1.893792 1.799974 17.334965 11.089209 1.423116 33.541056
1628249929.606764 1.551882 1.593564 14.814647 12.366605 1.433359 31.760057
1628249929.706992 1.813545 1.695224 17.654872 12.114136 1.364519 34.642296
1628249929.807152 0.805095 0.815681 16.892448 13.070386 0.731153 32.314763
1628249929.907381 1.952857 1.838513 17.053932 10.266765 1.471744 32.583811
1628249930.007554 1.910864 1.686720 19.361909 12.437192 1.607936 37.004621
1628249930.107732 1.847146 1.749125 17.044393 9.847772 1.389193 31.877629
1628249930.207942 1.897353 1.698338 17.006050 11.034001 1.590196 33.225938
1628249930.308128 2.032986 1.809370 16.981036 12.853821 1.492755 35.169968
1628249930.408321 1.827969 1.659101 17.036745 11.890853 1.555883 33.970551
1628249930.508523 1.878696 1.692943 16.927989 11.518036 1.396530 33.414194
1628249930.608723 1.873908 1.752442 17.786632 12.417368 1.623416 35.453766
1628249930.709111 2.112182 1.911977 17.654413 12.109304 1.522998 35.310874
1628249930.809127 1.813258 1.704620 17.811957 13.384572 1.455306 36.169713
1628249930.909294 2.006981 1.868822 16.892254 11.514717 1.477357 33.760131
1628249931.009504 1.838134 1.699275 19.692390 10.854882 1.695877 35.780558
1628249931.109689 1.946716 1.765451 16.669135 13.571517 1.459647 35.412466
1628249931.209939 1.979554 1.760288 17.757847 11.697825 1.453587 34.649101
1628249931.310081 1.951290 1.683713 18.024533 13.058310 1.494640 36.212486
1628249931.410325 1.735311 1.639966 17.278414 11.361418 1.377131 33.392240
1628249931.510477 1.960035 1.781169 17.940858 13.030803 1.480909 36.193774
1628249931.610661 1.909094 1.757307 17.298511 11.370167 1.438921 33.774000
1628249931.710883 1.937115 1.729991 18.268693 13.916512 1.551073 37.403384
1628249931.811059 1.714986 1.562583 17.437948 14.106096 1.293657 36.115270
1628249931.911247 1.834962 1.705601 18.428904 12.409741 1.618672 35.997880
1628249932.011466 1.716308 1.669878 17.898409 11.532632 1.376091 34.193318
1628249932.111652 1.741473 1.689183 18.493594 15.900524 1.410365 39.235139
1628249932.211838 1.705841 1.581047 17.717524 13.007012 1.323585 35.335009
1628249932.312031 2.161305 1.873241 18.484623 12.307492 1.512683 36.339344
1628249932.412238 1.723074 1.673119 18.087148 11.760084 1.394747 34.638172
1628249932.512531 1.896432 1.741000 18.496373 12.768495 1.408920 36.311220
1628249932.612661 1.726098 1.643331 18.116243 13.123416 1.481480 36.090568
1628249932.712850 1.850986 1.776635 17.987769 12.046375 1.468208 35.129973
1628249932.813015 1.958515 1.801371 19.079777 13.092018 1.448358 37.380039
1628249932.913287 1.892356 1.772229 18.715341 14.065208 1.427253 37.872387
1628249933.014755 1.994321 1.795772 18.527273 13.485806 1.491434 37.294606
1628249933.113589 1.984914 1.794307 18.832560 12.304980 1.462366 36.379127
1628249933.213794 1.769099 1.672564 18.850296 11.576608 1.448558 35.317125
1628249933.313989 1.790640 1.696037 19.315493 12.339614 1.409693 36.551477
1628249933.414278 2.046828 1.832524 18.174139 13.608779 1.455464 37.117734
1628249933.514397 1.891057 1.819825 19.036900 15.108134 1.495593 39.351509
1628249933.614635 1.714413 1.586210 18.866725 13.040312 1.484943 36.692603
1628249933.714772 1.933386 1.784388 19.489177 12.828981 1.472054 37.507986
1628249933.815011 1.933496 1.798409 19.328856 13.278761 1.453467 37.792989
1628249933.915312 1.998238 1.796692 20.909167 12.339656 1.458912 38.502665
1628249934.015361 1.920270 1.893334 18.944128 14.136577 1.701961 38.596270
1628249934.117540 1.966015 1.752277 20.313503 12.101299 1.463026 37.596120
1628249934.215774 1.767946 1.616609 20.917315 11.695845 1.560824 37.558539
1628249934.315935 1.911132 1.787823 19.155717 11.769695 1.432388 36.056755
1628249934.416138 2.145664 1.414430 18.624521 20.484707 1.091466 43.760788
1628249934.516360 1.869634 1.780266 18.769837 11.182972 1.476216 35.078925
1628249934.616538 1.665475 1.588343 19.584261 13.001085 1.409228 37.248392
1628249934.716762 1.895908 1.845320 20.451994 13.931683 1.511645 39.636550
1628249934.820105 2.016385 1.813497 19.844415 14.338584 1.553869 39.566750
1628249934.917156 1.809967 1.686568 19.925526 13.211553 1.362595 37.996209
1628249935.017371 1.877246 1.741776 19.641552 13.485039 1.470525 38.216138
1628249935.117503 2.000955 1.991016 17.938329 11.222472 1.483996 34.636768
1628249935.220581 1.892905 1.791326 20.410100 10.959353 1.420161 36.473845
1628249935.317897 2.172179 1.883265 19.644831 12.663324 1.449789 37.813388
1628249935.418859 1.783966 1.664963 18.469853 12.353160 1.368982 35.640924
1628249935.518305 1.971013 1.737768 19.063710 12.907559 1.363025 37.043075
1628249935.618480 1.732988 1.651137 19.118000 12.154815 1.429261 36.086201
1628249935.718714 1.945590 1.813835 18.716137 13.512890 1.444301 37.432753
1628249935.820126 1.901406 1.580462 20.068454 12.961644 1.551492 38.063458
1628249935.919072 1.974645 1.891310 19.174099 13.018508 1.460627 37.519189
1628249936.019259 1.818342 1.675272 18.966845 12.976464 1.391903 36.828826
1628249936.119465 1.869277 1.809279 19.411704 12.229686 1.504943 36.824889
1628249936.219642 1.775668 1.646897 19.697639 11.936091 1.511697 36.567992
1628249936.319838 1.757661 1.610136 19.957221 12.275230 1.353185 36.953433
1628249936.420025 2.022522 1.822662 19.799742 12.315862 1.481686 37.442474
1628249936.520236 1.814066 1.688717 19.835019 13.876411 1.436844 38.651057
1628249936.620430 1.759803 1.644941 19.214643 10.761422 1.315428 34.696237
1628249936.720616 1.897267 1.789993 20.285718 11.531890 1.439335 36.944203
1628249936.820841 1.810525 1.665398 19.892017 10.793866 1.316262 35.478068
1628249936.921005 2.007224 1.982463 21.353483 13.883568 1.572474 40.799212
1628249937.021204 1.843927 1.728531 20.322638 12.809676 1.391442 38.096214
1628249937.121398 1.863918 1.736411 19.104970 11.963405 1.355169 36.023873
1628249937.221618 2.018881 1.853789 20.105284 11.161045 1.510725 36.649724
1628249937.321794 1.873613 1.679599 20.085252 13.429629 1.440370 38.508463
1628249937.422005 1.902453 1.706195 20.209726 11.945571 1.380377 37.144322
1628249937.522186 1.675667 1.621081 20.295444 12.966915 1.408864 37.967971
1628249937.622427 1.752354 1.670688 19.958915 12.089274 1.326105 36.797336
1628249937.722567 2.055091 1.527930 22.444403 13.818157 1.517635 41.363216
1628249937.822760 1.838734 1.654055 21.200638 14.167629 1.397105 40.258161
1628249937.922978 1.120334 1.263922 18.628092 11.451080 1.639078 34.102506
1628249938.023149 1.943710 1.776058 23.205444 12.069896 1.656884 40.651992
1628249938.123367 1.716860 1.598080 20.263916 11.376104 1.359435 36.314395
1628249938.223545 1.899956 1.816386 19.467865 12.752399 1.414380 37.350986
1628249938.323751 1.834087 1.653956 20.395880 12.673165 1.475645 38.032733
1628249938.423930 2.221038 0.753203 23.851292 11.999286 0.674176 39.498995
1628249938.524144 1.895639 1.879386 20.619697 11.801331 1.462928 37.658981
1628249938.624419 1.863921 1.668430 22.850819 11.633940 1.502913 39.520023
1628249938.724561 1.802537 1.775967 20.118013 10.591024 1.434814 35.722355
1628249938.824734 1.880270 1.775433 19.790724 11.308517 1.355033 36.109977
1628249938.924933 1.823234 1.756499 21.109264 13.440030 1.414368 39.543395
1628249939.025173 1.960783 1.829148 20.146368 11.742431 1.441720 37.120450
1628249939.125685 1.983337 1.873676 20.122682 12.134986 1.427090 37.541771
1628249939.225516 1.818740 1.665325 20.288749 11.510060 1.624790 36.907664
1628249939.325788 1.805082 1.686061 19.763457 12.999821 1.414007 37.668428
1628249939.425953 1.926865 1.698200 20.338044 12.191680 1.413286 37.568075
1628249939.526079 2.030262 1.770934 19.579574 11.483910 1.432103 36.296783
1628249939.626303 1.964509 1.841225 20.519451 11.839332 1.454566 37.619083
1628249939.726495 1.143612 1.062692 25.033029 12.846430 1.019205 41.104968
1628249939.826677 2.086365 1.852690 19.311472 11.753977 1.623101 36.627605
1628249939.926875 2.030709 1.838775 15.751198 10.425773 1.394947 31.441402
1628249940.027056 1.982217 1.818407 22.255526 10.906609 1.538479 38.501238
1628249940.127257 1.897825 1.755495 19.486483 11.321951 1.415097 35.876851
1628249940.227468 2.112276 1.911436 20.102604 10.954791 1.475398 36.556505
1628249940.327657 1.874168 1.834315 19.447998 12.279090 1.405681 36.841252
1628249940.427886 1.800394 1.658000 19.043691 10.525854 1.517071 34.545010
1628249940.528036 2.227270 1.577273 19.412515 9.484262 1.356877 34.058197
1628249940.628224 1.952153 1.806480 18.646419 12.914412 1.482105 36.801569
1628249940.728443 1.962170 1.778158 19.237319 11.621420 1.421180 36.020247
1628249940.828626 1.848923 1.628462 19.574068 10.485123 1.342791 34.879367
1628249940.928818 1.707607 1.720246 18.886549 11.287335 1.324814 34.926551
1628249941.029032 1.954976 1.708278 19.190842 11.372141 1.586386 35.812623
1628249941.129215 2.073941 1.790836 18.507329 10.422600 1.387518 34.182224
1628249941.229404 1.910165 1.699950 19.615579 12.240942 1.386755 36.853391
1628249941.329617 2.007183 1.757196 18.099597 10.817155 1.372460 34.053591
1628249941.430094 2.101565 1.759077 19.140482 9.167771 1.380694 33.549589
1628249941.529986 2.044347 1.820975 19.131755 11.337451 1.460618 35.795146
1628249941.630920 1.917865 1.666822 19.423443 11.518247 1.366604 35.892981
1628249941.730370 1.937688 1.711559 20.979452 10.702025 1.321533 36.652257
1628249941.830591 2.047682 1.792485 20.200232 10.799551 1.677117 36.517067
1628249941.930762 1.853662 1.662002 20.023219 13.812232 1.326143 38.677258
1628249942.030960 1.830303 1.727261 20.445523 9.166903 1.643734 34.813724
1628249942.131160 1.835956 1.766615 19.553932 12.858030 1.386448 37.400981
1628249942.231351 1.978305 1.847616 19.190554 12.608448 1.494111 37.119034
1628249942.331544 1.859369 1.689266 20.887899 10.399080 1.511059 36.346673
1628249942.431838 1.965330 1.828500 19.552843 12.923202 1.434331 37.704206
1628249942.531941 1.743775 1.666806 19.904805 12.752599 1.303677 37.371662
1628249942.632131 1.810965 1.663851 19.884424 10.969421 1.569326 35.897987
1628249942.732680 1.951350 1.846718 19.572452 12.886820 1.516636 37.773976
1628249942.832521 1.921701 1.802032 19.648353 11.591733 1.392097 36.355916
1628249942.933517 1.971741 1.849850 19.266222 11.709874 1.415669 36.213356
1628249943.032936 2.016822 2.020233 22.275434 11.016730 1.455951 38.785170
1628249943.133111 2.179904 1.899664 19.536545 11.300314 1.478921 36.395348
1628249943.233301 1.937775 1.699198 19.802034 11.266537 1.360021 36.065565
1628249943.333585 1.979702 1.814070 20.330330 11.834159 1.373352 37.331613
1628249943.433700 1.933261 1.740710 19.674516 11.784403 1.419381 36.552271
1628249943.534291 2.041268 1.836543 20.445942 9.928939 1.499683 35.752375
1628249943.634121 1.882126 1.686581 19.211404 10.825808 1.363219 34.969138
1628249943.734409 1.744389 1.619212 20.300622 14.332798 1.292827 39.289848
1628249943.834475 2.039629 1.763759 20.016192 12.029140 1.425626 37.274346
1628249943.934672 1.917746 1.694977 19.704953 10.091154 1.375137 34.783967
1628249944.034859 2.113228 1.808991 19.715400 12.693208 1.409186 37.740013
1628249944.135058 1.953333 1.677246 19.173400 10.928253 1.341598 35.073830
1628249944.235250 1.892223 1.656967 19.396501 12.410613 1.286025 36.642329
1628249944.335517 1.800098 1.778088 21.418780 8.938823 1.307664 35.243453
1628249944.435685 2.184050 1.889113 19.055157 10.232545 1.428268 34.789133
1628249944.536402 2.054494 1.718251 18.068767 9.555311 1.373200 32.770023
1628249944.636031 1.927436 1.754846 19.128592 11.025723 1.401719 35.238316
1628249944.738010 1.767350 1.614784 18.924476 10.346912 1.295953 33.949475
1628249944.836421 2.014968 1.783297 19.593937 9.526969 1.403794 34.322965
1628249944.936694 1.909686 1.711197 19.901601 10.184369 1.304091 35.010944
1628249945.036823 1.546306 1.584910 20.495337 11.141932 1.378647 36.147132
1628249945.137007 2.003420 1.794037 20.594403 9.890313 1.431156 35.713329
1628249945.237205 1.890708 1.686556 19.448318 9.361145 1.394200 33.780927
1628249945.339369 1.964289 1.755452 20.944468 11.486119 1.403325 37.553653
1628249945.437612 1.955775 1.695801 19.642095 11.389273 1.396426 36.079370
1628249945.537787 1.799600 1.664181 19.280184 11.531965 1.340824 35.616754
1628249945.637995 2.020433 1.734374 20.103157 11.831868 1.378085 37.067917
1628249945.738175 1.864651 1.737934 20.216178 11.436017 1.396356 36.651136
1628249945.838378 2.051889 1.901686 20.671740 10.884599 1.524172 37.034086
1628249945.938574 1.764136 1.621933 18.753720 10.179846 1.337388 33.657023
1628249946.038776 0.865953 0.854527 15.522679 10.631977 0.671005 28.546141
1628249946.138976 1.819628 1.712249 20.639643 9.530464 1.372088 35.074072
1628249946.239151 1.703302 1.633997 19.735455 10.904807 1.501663 35.479224
1628249946.339359 1.766771 1.629254 20.145381 10.713763 1.310346 35.565515
1628249946.439558 1.847857 1.665864 19.488601 10.230776 1.552690 34.785788
1628249946.540126 1.780330 1.604736 20.528055 11.266145 1.282329 36.461595
1628249946.639966 1.652921 1.585711 19.882457 10.732818 1.366413 35.220320
1628249946.740280 2.107925 1.906926 20.194524 9.417085 1.512912 35.139372
1628249946.840334 1.830553 1.683681 21.550110 9.413970 1.340157 35.818471
1628249946.940557 1.841336 1.616489 20.391088 11.741882 1.529159 37.119954
1628249947.040735 1.784698 1.630075 20.401903 11.266695 1.321345 36.404716
1628249947.140911 1.669765 1.530242 17.771344 11.428318 1.578971 33.978640
1628249947.241130 1.914152 1.859779 20.023256 9.996077 1.471982 35.265246
1628249947.341311 1.906253 1.853820 16.075624 11.665099 1.488474 32.989270
1628249947.441492 1.827884 1.672119 19.979084 9.345878 1.341271 34.166236
1628249947.541696 1.945849 1.757589 20.979212 10.457914 1.584170 36.724734
1628249947.641959 1.837452 1.664064 20.258645 10.916417 1.361389 36.037967
1628249947.742082 1.873584 1.743474 20.799301 12.446414 1.404666 38.267439
1628249947.842283 2.020641 1.768123 22.314121 9.127517 1.500716 36.731118
1628249947.942483 1.839117 1.711915 21.919348 11.005450 1.606357 38.082187
1628249948.042672 1.748324 1.649753 21.218733 10.923534 1.327974 36.868318
1628249948.143035 1.597686 1.677321 23.040962 12.307736 1.612992 40.236697
1628249948.243087 1.751805 1.831622 20.907848 10.962587 1.591427 37.045289
1628249948.343491 1.826199 1.676488 21.680121 12.739744 1.528049 39.450601
1628249948.443474 1.848527 1.749016 21.090915 9.402875 1.426404 35.517737
1628249948.543641 1.721412 1.663833 21.509182 10.000086 1.394981 36.289494
1628249948.643870 1.760622 1.709252 21.091423 8.564649 1.404033 34.529979
1628249948.744235 1.822470 1.740724 22.171433 10.334097 1.388748 37.457472
1628249948.844239 1.754027 1.717287 21.354687 10.348585 1.424802 36.599388
1628249948.944434 1.999793 1.812965 21.558300 9.865316 1.495579 36.731953
1628249949.044618 2.058156 1.862799 20.729352 10.390189 1.485263 36.525759
1628249949.144816 1.876554 1.749766 20.935045 10.214005 1.427263 36.202633
1628249949.245014 1.833953 1.781555 20.293442 9.120755 1.455329 34.485034
1628249949.345526 1.815336 1.666398 20.042595 11.095679 1.390157 36.010165
1628249949.445405 2.135626 1.962649 20.810759 10.455289 1.636108 37.000431
1628249949.545606 2.381560 1.779422 20.566875 8.481263 1.796193 35.005313
1628249949.645818 1.752084 1.745940 20.686986 9.967495 1.687370 35.839875
1628249949.745989 1.834581 1.705508 20.750400 9.945626 1.403664 35.639779
1628249949.846211 1.767876 1.691828 21.996012 9.782779 1.469182 36.707677
1628249949.946378 1.461946 1.825466 21.805139 10.605193 1.594843 37.292587
1628249950.046567 1.993347 1.754147 21.080653 10.365595 1.413189 36.606931
1628249950.148026 2.372689 1.601629 22.056772 10.003938 1.349412 37.384440
1628249950.247030 1.834834 1.836636 19.728463 9.411271 1.444607 34.255811
1628249950.347191 1.890793 1.822976 20.678336 8.361885 1.429552 34.183542
1628249950.447360 1.808761 1.707484 21.062460 9.105203 1.440813 35.124721
1628249950.547606 2.024994 1.824301 20.901269 10.060721 1.523154 36.334439
1628249950.647772 1.875115 1.777376 20.206544 9.745833 1.441675 35.046543
1628249950.748069 1.952582 1.831189 21.038991 10.128488 1.457569 36.408819
1628249950.848273 1.868885 1.728905 20.927669 9.932913 1.439613 35.897985
1628249950.948330 1.950484 1.775572 21.661984 9.943744 1.688720 37.020504
1628249951.048713 1.715659 1.561089 20.138585 9.969115 1.338661 34.723109
1628249951.148872 1.722007 1.704496 20.404195 10.725582 1.436991 35.993271
1628249951.248932 1.900680 1.793312 20.625024 10.240956 1.474669 36.034641
1628249951.349144 1.996621 1.776486 20.566013 10.394655 1.504090 36.237865
1628249951.449357 1.891611 1.733556 19.238208 9.977541 1.386466 34.227382
1628249951.549497 1.749605 1.708590 20.034228 10.750340 1.486723 35.729486
1628249951.649697 1.832998 1.700590 19.067336 8.099646 1.439731 32.140301
1628249951.749947 1.748810 1.658669 19.743677 8.742637 1.377099 33.270892
1628249951.850082 1.712031 1.661090 19.554832 9.203768 1.371586 33.503307
1628249951.950275 1.769156 1.795752 20.350510 9.172314 1.661569 34.749301
1628249952.050482 1.839457 1.758766 20.212171 10.710743 1.491166 36.012303
1628249952.150676 1.786414 1.753120 18.855375 9.580236 1.455623 33.430768
1628249952.250859 1.869779 1.789799 20.585122 10.608908 1.429726 36.283334
1628249952.351076 1.715449 1.572969 19.573879 10.010591 1.182106 34.054994
1628249952.451260 1.725780 1.600758 19.420455 10.179206 1.335091 34.261290
1628249952.551484 1.860436 1.658918 20.302692 9.624912 1.371305 34.818263
1628249952.651693 1.647093 1.591242 20.793727 10.561688 1.533894 36.127644
1628249952.751837 1.802880 1.737357 20.579947 11.813406 1.470962 37.404552
1628249952.852052 1.740402 1.701386 21.193852 9.684928 1.521421 35.841989
1628249952.952244 1.706713 1.663068 20.096107 9.327137 1.362334 34.155359
1628249953.053182 1.926025 1.941813 21.462673 10.969928 1.599806 37.900245
1628249953.152637 1.854064 1.693846 20.242932 9.006782 1.550499 34.348123
1628249953.252814 1.709892 1.767019 21.630854 9.290295 1.416061 35.814121
1628249953.353003 1.897350 1.918089 21.733954 9.687714 1.502186 36.739293
1628249953.453331 1.910451 1.745759 21.506183 8.855541 1.725706 35.743640
1628249953.553412 1.900538 1.780123 21.034560 8.512584 1.451419 34.679224
1628249953.653655 1.756235 1.745756 21.424575 11.697825 1.524107 38.148498
1628249953.753901 1.906278 1.819846 21.006218 9.772891 1.524445 36.029678
1628249953.854183 1.113331 1.073319 19.146724 9.338950 0.907887 31.580211
1628249953.954485 1.820545 1.762361 21.517988 10.382672 1.455307 36.938873
1628249954.054389 1.823814 1.661407 20.471090 10.724872 1.387608 36.068791
1628249954.154566 0.941650 1.039257 22.033312 8.875686 1.058611 33.948516
1628249954.255134 2.009740 1.854866 22.265217 7.953728 1.517615 35.601166
1628249954.354970 1.865235 1.752964 20.628261 8.316751 1.448240 34.011451
1628249954.455156 1.857482 1.806344 21.611540 8.712069 1.443425 35.430860
1628249954.555372 1.710097 1.580868 21.969903 10.659832 1.374205 37.294905
1628249954.655558 1.876500 1.740267 21.255914 8.457685 1.669245 34.999611
1628249954.755758 1.552687 1.566886 21.717216 9.340929 1.344095 35.521813
1628249954.855949 1.894787 1.736729 20.978189 10.004659 1.445933 36.060297
1628249954.956146 1.843408 1.782762 20.878269 7.913989 1.434025 33.852453
1628249955.056542 1.821218 1.787033 20.788070 8.607321 1.453425 34.457067
1628249955.156520 2.013770 1.914277 22.079559 10.305560 1.532412 37.845578
1628249955.256752 1.764462 1.657806 21.458496 8.362568 1.651597 34.894929
1628249955.356917 1.829091 1.809465 20.811415 11.173902 1.463507 37.087380
1628249955.457139 1.589420 1.600113 20.210994 7.859900 1.331677 32.592104
1628249955.557308 1.886851 1.733766 21.165188 7.541408 1.636183 33.963396
1628249955.657513 1.766837 1.767521 20.357590 10.017213 1.468356 35.377517
1628249955.757694 1.597590 1.592545 20.246382 10.089633 1.325837 34.851987
1628249955.857894 1.725151 1.657284 21.743611 8.508693 1.576213 35.210952
1628249955.958098 1.808266 1.721619 20.759119 8.236236 1.382827 33.908067
1628249956.058284 1.862762 1.850332 21.259537 10.133696 1.460337 36.566664
1628249956.158499 1.924259 1.844728 21.126740 7.766962 1.553396 34.216085
1628249956.258679 1.812650 1.666042 20.976175 9.338485 1.393389 35.186741
1628249956.358871 2.087866 2.003304 20.647875 8.588772 1.588524 34.916341
1628249956.459099 1.911551 1.783556 21.236749 10.240785 1.474978 36.647619
1628249956.559250 1.922609 1.954853 20.212247 9.305430 1.625058 35.020197
1628249956.659460 1.985768 1.846106 20.924548 9.047522 1.464108 35.268052
1628249956.759640 1.847417 1.725567 21.041742 8.478730 1.449967 34.543423
1628249956.859838 1.627917 1.583248 20.276441 9.399888 1.325297 34.212791
1628249956.960042 1.664351 1.638267 20.176249 7.709761 1.315964 32.504592
1628249957.060273 1.785374 1.744633 20.655935 9.670446 1.662189 35.518577
1628249957.160436 1.952932 1.859352 21.006556 8.861110 1.532590 35.212540
1628249957.260654 1.839406 1.733709 21.369056 9.785442 1.726163 36.453776
1628249957.360822 1.932163 1.841902 21.398561 6.761420 1.472250 33.406296
1628249957.461008 1.938772 1.699860 22.347427 8.576316 1.546163 36.108538
1628249957.561220 2.135134 1.644352 21.458704 8.645583 1.391880 35.275653
1628249957.661411 1.792594 1.728682 19.064221 7.380276 1.395257 31.361030
1628249957.761623 1.930715 1.775610 19.143530 9.711698 1.455397 34.016950
1628249957.861816 1.949293 1.855177 19.741978 9.723984 1.517059 34.787491
1628249957.962035 1.633292 1.564898 21.469074 7.153041 1.370106 33.190411
1628249958.062191 2.364792 1.687655 17.729441 8.072268 1.203977 31.058133
1628249958.162398 1.762668 1.706225 21.661648 9.308323 1.446572 35.885436
1628249958.262600 2.228050 1.612325 25.015170 8.244229 1.967621 39.067395
1628249958.362766 1.886826 1.804413 20.848916 6.340107 1.452016 32.332278
1628249958.462974 1.862868 1.827876 21.203112 7.992295 1.558683 34.444834
1628249958.563167 1.750450 1.667632 21.482617 7.724433 1.413754 34.038886
1628249958.663378 1.831752 1.655129 22.607533 9.024240 1.395518 36.514172
1628249958.763546 1.745293 1.659479 22.632240 7.773531 1.695104 35.505647
1628249958.863770 2.008058 1.827312 22.616287 8.032857 1.511478 35.995992
1628249958.963970 1.671856 1.641105 17.495337 7.458836 1.344509 29.611643
1628249959.064145 1.909038 1.779988 21.779860 7.230588 1.677514 34.376988
1628249959.164326 1.972316 1.877920 21.177613 8.755868 1.529901 35.313618
1628249959.265363 1.783080 1.654076 21.269518 8.370516 1.337699 34.414889
1628249959.364716 1.669036 1.698137 16.971746 7.586523 1.611701 29.537143
1628249959.464966 1.813203 1.713018 21.886449 7.605129 1.436922 34.454721
1628249959.565118 1.642506 1.586562 19.876825 8.611839 1.305208 33.022940
1628249959.665323 1.849155 1.741152 21.725529 7.189968 1.401339 33.907143
1628249959.765511 1.611241 1.543742 20.846314 8.596841 1.280196 33.878334
1628249959.866050 1.785324 1.685597 21.082420 9.397480 1.358515 35.309336
1628249959.966643 1.786624 1.826663 22.055258 7.336552 1.900295 34.905392
1628249960.066087 1.722855 1.647097 17.448716 8.160367 1.435278 30.414313
1628249960.166337 2.059567 1.807871 19.588421 7.457619 1.493160 32.406638
1628249960.266475 1.915916 1.673481 20.385810 7.957679 1.386840 33.319726
1628249960.366681 1.793655 1.667796 20.270631 7.181133 1.414396 32.327611
1628249960.468112 1.791950 1.653831 22.007051 7.760537 1.390203 34.603572
1628249960.567076 1.850598 1.730600 20.509043 8.043481 1.456700 33.590422
1628249960.667272 1.733661 1.699269 15.981283 7.741304 1.407224 28.562741
1628249960.767447 1.941762 1.859021 17.883345 6.106028 1.517028 29.307184
1628249960.867655 1.939189 1.861131 19.649046 8.714621 1.504081 33.668068
1628249960.967929 1.906243 1.879456 19.695419 7.147629 1.469748 32.098495
1628249961.068053 1.941994 1.837112 20.297562 9.276671 1.763009 35.116348
1628249961.168228 1.978306 1.823798 19.949454 6.737990 1.478249 31.967797
1628249961.268521 1.985846 1.911111 17.382823 8.712925 1.768780 31.761485
1628249961.368915 1.847784 1.836850 21.702794 7.533038 1.579507 34.499973
1628249961.468842 1.799431 1.737669 21.852434 7.219559 1.631408 34.240501
1628249961.569023 1.799083 1.748806 20.762948 9.423501 1.489740 35.224078
1628249961.669214 1.687262 1.714686 20.493280 7.756980 1.398127 33.050335
1628249961.769450 1.770427 1.741670 17.563223 6.754282 1.453710 29.283312
1628249961.869598 1.948495 1.829409 21.375684 6.894634 1.481871 33.530093
1628249961.969919 2.031841 1.639780 21.664521 8.206822 1.800659 35.343623
1628249962.070067 1.774603 1.726966 22.180172 8.594889 1.665748 35.942378
1628249962.170182 1.897894 1.750841 21.044690 7.136082 1.450416 33.279923
1628249962.270388 0.787944 0.949239 20.894470 6.548632 0.925999 30.106284
1628249962.370624 1.639318 1.564548 21.723269 6.892440 1.337157 33.156732
1628249962.470771 1.658065 1.674309 21.535077 8.504611 1.714155 35.086217
1628249962.570998 1.675105 1.718280 21.217383 7.949319 1.498834 34.058921
1628249962.671176 1.667810 1.602614 21.273168 8.377557 1.421525 34.342674
1628249962.771364 1.914937 1.808646 22.396742 6.916411 1.507939 34.544675
1628249962.871578 1.681588 1.667146 23.290222 7.702089 1.423939 35.764984
1628249962.971751 1.710101 1.632139 23.783811 9.446648 1.599134 38.171833
1628249963.073853 1.657853 1.641304 23.822986 7.468096 1.368182 35.958421
1628249963.172181 2.024240 1.822043 23.244738 7.741709 1.796849 36.629579
1628249963.272330 1.607577 1.307064 19.416003 6.921042 0.698134 29.949820
1628249963.372560 1.920893 1.827864 23.696174 6.395955 1.787427 35.628313
1628249963.472739 1.597095 1.601021 24.604583 8.422450 1.415661 37.640810
1628249963.572940 1.933885 1.798240 23.735147 8.315319 1.772040 37.554631
1628249963.673208 1.937144 2.010244 25.879200 9.014577 1.616706 40.457871
1628249963.773325 1.704850 1.779996 23.293259 7.919816 1.708463 36.406384
1628249963.873518 1.800246 1.827112 25.765463 7.425259 1.488730 38.306810
1628249963.973730 1.956934 1.770870 22.888206 8.138374 1.473573 36.227957
1628249964.073886 1.820461 1.762571 24.883207 7.648848 1.767805 37.882892
1628249964.174190 1.802100 1.807705 22.735237 7.952467 1.530097 35.827606
1628249964.274302 1.877830 1.819432 23.550727 7.871846 1.824529 36.944364
1628249964.374519 1.832603 1.798987 24.293456 8.035076 1.542754 37.502876
1628249964.476087 1.917954 1.792526 23.118126 8.315864 1.550662 36.695132
1628249964.574884 1.886598 1.816509 23.299454 7.801575 1.532212 36.336348
1628249964.675057 1.796883 1.699047 23.715646 8.541616 1.465724 37.218916
1628249964.775259 2.011718 1.757207 23.454698 7.346370 1.537622 36.107615
1628249964.875456 1.896317 1.799547 22.008165 7.804669 1.524051 35.032749
1628249964.975681 2.058335 1.970461 23.553454 8.894510 1.609544 38.086304
1628249965.075921 1.808167 1.696630 22.329513 6.883328 1.530625 34.248263
1628249965.176037 2.058145 1.948477 23.312384 9.909297 1.608043 38.836346
1628249965.276256 1.829886 1.735186 22.861478 8.241691 1.407873 36.076114
1628249965.376437 1.919223 1.896452 23.703543 8.051981 1.603092 37.174291
1628249965.476658 1.814726 1.703821 24.318520 7.037356 1.498805 36.373228
1628249965.576853 1.716420 1.688607 23.542228 7.756067 1.429218 36.132540
1628249965.677012 2.039372 1.879433 23.243278 7.315510 1.579891 36.057484
1628249965.777208 1.820864 1.769680 22.076079 7.291070 1.539060 34.496753
1628249965.877427 1.957527 1.891677 23.693743 7.146829 1.709342 36.399118
1628249965.978329 1.870894 1.703039 22.147073 6.648638 1.576444 33.946088
1628249966.077793 1.582512 1.562755 21.723953 8.211213 1.439314 34.519747
1628249966.178020 2.086780 1.864871 23.466234 8.275342 1.576933 37.270160
1628249966.278211 1.853736 1.856624 22.066823 7.974457 1.558818 35.310458
1628249966.378385 1.761946 1.718847 22.467785 5.924238 1.490413 33.363229
1628249966.478568 1.772832 1.678172 22.812962 7.183474 1.675969 35.123409
1628249966.578789 1.894968 1.887522 22.376826 9.431197 1.608369 37.198882
1628249966.678974 1.910594 1.806275 23.097403 7.807315 1.511107 36.132694
1628249966.779155 1.773245 1.768477 22.497863 7.461818 1.443166 34.944569
1628249966.879382 1.828591 1.708493 23.668162 7.571757 1.467906 36.244909
1628249966.979565 1.854471 1.689426 23.278839 7.930002 1.720954 36.473692
1628249967.079847 1.877420 1.738757 22.488948 8.571497 1.490468 36.167090
1628249967.180173 1.866458 1.750482 22.966377 8.576128 1.550246 36.709691
1628249967.280145 1.628194 1.652574 24.443627 8.415431 1.743822 37.883648
1628249967.380554 1.842982 1.773120 23.264741 8.108166 1.544430 36.533439
1628249967.480534 1.773290 1.593445 23.856417 7.673829 1.396641 36.293622
1628249967.580726 1.843625 1.697128 23.696302 8.540225 1.705215 37.482495
1628249967.681087 1.809931 1.694332 23.543317 8.142547 1.499382 36.689509
1628249967.781314 1.778290 1.688124 22.665490 6.898126 1.447590 34.477620
1628249967.881366 1.839609 1.787621 25.924023 7.279069 1.505358 38.335680
1628249967.981513 2.094476 1.711141 22.468798 7.939386 2.459854 36.673655
1628249968.081765 2.123376 1.745978 20.457296 7.953076 1.518926 33.798652
1628249968.181976 1.936608 1.872427 22.971621 7.996530 1.541155 36.318341
1628249968.282088 1.593520 1.544348 23.077317 7.918266 1.355822 35.489273
1628249968.382308 1.649688 1.596529 24.547605 7.728890 1.616200 37.138912
1628249968.482474 1.888012 1.779999 24.133761 7.026164 1.531836 36.359772
1628249968.582672 1.728175 1.633319 23.905230 9.277056 1.402847 37.946627
1628249968.682866 1.976686 1.888051 23.814440 8.614037 1.602207 37.895421
1628249968.783083 1.953446 1.851537 23.422695 8.488636 1.575552 37.291866
1628249968.883263 2.018811 1.529280 26.518833 7.485599 1.596135 39.148658
1628249968.983449 1.818246 1.864436 22.941606 7.765202 1.602958 35.992448
1628249969.083647 1.962250 1.854002 22.950178 9.389297 1.546510 37.702237
1628249969.183848 1.681917 1.653384 21.840899 6.221634 1.436024 32.833858
1628249969.284050 1.755055 1.690464 22.799125 6.980066 1.782465 35.007175
1628249969.384323 1.894099 1.743971 23.826548 8.263277 1.543903 37.271798
1628249969.484434 1.630986 1.621313 22.377929 7.787598 1.425982 34.843808
1628249969.584635 2.106905 1.559991 24.558359 11.863227 1.982943 42.071425
1628249969.684818 1.956873 1.844821 22.368692 8.869566 1.589102 36.629054
1628249969.785121 1.775518 1.762167 19.429887 9.665018 1.506650 34.139240
1628249969.885233 1.968850 1.796650 22.862072 7.114084 1.547246 35.288902
1628249969.985460 1.463364 1.595589 21.745010 7.304448 1.504008 33.612419
1628249970.085607 1.776524 1.705516 23.270185 7.750596 1.465640 35.968461
1628249970.185795 1.968326 1.824515 22.095103 7.355635 1.570450 34.814029
1628249970.286096 1.815296 1.610030 24.462287 6.337149 1.443606 35.668368
1628249970.386196 1.567816 1.879677 23.792627 5.887167 1.756244 34.883531
1628249970.486415 2.001157 1.913658 23.302367 6.531641 1.567584 35.316407
1628249970.586584 2.129302 1.901403 21.935781 5.579861 1.589709 33.136056
1628249970.686769 1.991115 1.745443 23.373298 6.770074 1.519730 35.399660
1628249970.786967 1.789406 1.670448 22.922196 5.104288 1.944132 33.430470
1628249970.887171 1.975581 1.906377 20.023797 6.765923 1.596319 32.267997
1628249970.987400 1.939903 1.740585 20.029179 6.626056 1.428111 31.763834
1628249971.087551 1.945417 1.779067 20.677235 6.435242 1.509762 32.346723
1628249971.187746 2.029032 1.965015 21.038423 5.672303 1.889503 32.594276
1628249971.287957 1.994380 1.731365 20.488695 7.028671 1.410992 32.654103
1628249971.388356 1.084754 0.728781 16.940747 6.222277 0.664001 25.640560
1628249971.488329 2.041787 1.985203 20.266028 6.493755 1.532189 32.318962
1628249971.588923 1.693794 1.636004 19.136940 5.772380 1.385269 29.624387
1628249971.688731 1.830564 1.846065 20.099614 6.272089 1.584722 31.633054
1628249971.788915 2.335787 1.671408 22.930091 6.876900 1.414470 35.228656
1628249971.889139 1.752758 1.718994 20.556925 7.849514 1.678994 33.557185
1628249971.990160 2.003971 1.841959 20.666468 7.940229 1.464571 33.917198
1628249972.089510 1.844663 1.666882 20.995566 6.311885 1.490357 32.309353
1628249972.189693 1.919083 1.881437 19.637535 6.650436 1.663916 31.752407
1628249972.289892 1.935623 1.814457 19.783766 7.015962 1.486532 32.036340
1628249972.390125 1.799550 1.760243 19.823275 6.458933 1.466047 31.308048
1628249972.491410 1.399432 1.421508 16.535094 5.958568 1.271006 26.585608
1628249972.590496 1.864970 1.750971 15.920965 5.937393 1.522006 26.996305
1628249972.690686 1.765990 1.660851 19.624350 6.213164 1.403916 30.668271
1628249972.791083 1.654989 1.668378 20.055514 8.097791 1.406132 32.882804
1628249972.891065 1.841173 1.829541 20.175213 5.742144 1.528111 31.116182
1628249972.991315 2.021352 1.952247 20.735925 6.208866 1.593051 32.511441
1628249973.091472 1.721014 1.670455 21.207416 6.739741 1.458777 32.797403
1628249973.191650 1.710526 1.877933 20.814557 5.899913 1.423622 31.726551
1628249973.291901 1.639251 1.690321 20.739298 6.247749 1.403437 31.720056
1628249973.392273 1.889302 1.763706 21.149568 6.127615 1.747824 32.678015
1628249973.492243 1.788444 1.624631 21.844822 6.297259 1.389879 32.945035
1628249973.592432 1.395131 0.727893 21.443729 6.323002 0.741745 30.631500
1628249973.692636 1.941657 1.870737 17.389242 6.946489 0.942400 29.090525
1628249973.792866 2.037895 1.956342 21.114894 5.047783 1.649818 31.806732
1628249973.893215 1.882491 1.733722 21.137430 6.576507 1.736308 33.066458
1628249973.993223 1.972631 1.736501 22.414093 7.176196 1.492298 34.791719
1628249974.093401 1.553280 1.632661 22.773397 5.772676 1.693424 33.425438
1628249974.193632 2.024257 1.800507 23.207140 6.579440 1.552328 35.163672
1628249974.293795 1.718288 1.706220 23.120380 5.214772 1.560437 33.320097
1628249974.393990 1.673189 1.602317 22.161569 6.139868 1.334373 32.911316
1628249974.494189 1.797403 1.742887 23.306678 6.989605 1.427609 35.264182
1628249974.594416 1.224603 1.475670 25.354430 6.517109 1.488413 36.060225
1628249974.694574 1.842898 1.746638 23.314567 7.393666 1.462362 35.760131
1628249974.794794 1.879057 1.760637 23.766463 6.666960 1.478431 35.551548
1628249974.894992 1.808790 1.705774 23.813170 5.718920 1.478253 34.524907
1628249974.995161 2.086403 1.823887 24.533357 7.220065 1.609067 37.272779
1628249975.096111 0.735045 1.308320 24.626676 6.461599 1.432440 34.564080
1628249975.195554 1.891317 1.796419 23.801456 6.896370 1.565801 35.951363
1628249975.295820 1.181703 1.345770 24.468115 6.705128 1.609649 35.310365
1628249975.395943 1.946968 1.838441 23.083161 6.807657 1.518781 35.195008
1628249975.496417 1.834645 1.792539 23.332843 8.624704 1.775500 37.360231
1628249975.596333 1.809873 1.655308 21.069622 7.142875 1.422904 33.100582
1628249975.696546 1.995863 1.822040 22.158935 7.642372 1.453827 35.073037
1628249975.796732 2.150054 1.960448 23.080438 7.010694 1.584824 35.786458
1628249975.896925 2.057558 1.926857 22.686061 6.640971 1.890957 35.202404
1628249975.997131 1.814664 1.725470 22.658929 7.473337 1.427993 35.100393
1628249976.097358 1.750033 1.814528 22.724943 6.955438 1.843130 35.088072
1628249976.197895 1.870633 1.832158 23.136598 7.015029 1.499354 35.353772
1628249976.297709 2.072069 1.972306 22.554079 7.288508 1.586120 35.473082
1628249976.397911 1.890752 1.824875 21.713329 8.208860 1.473906 35.111722
1628249976.498111 1.763730 1.677039 21.626940 6.471173 1.334748 32.873630
1628249976.598933 1.952252 1.728651 21.898413 6.944332 1.409741 33.933389
1628249976.698480 1.959073 1.773498 23.102097 6.372367 1.482742 34.689777
1628249976.800098 1.896522 1.781998 23.097496 6.480777 1.424759 34.681552
1628249976.898909 1.854986 1.655740 23.486111 6.717575 1.358801 35.073213
1628249976.999066 1.823794 1.715947 23.212748 7.711022 1.396356 35.859867
1628249977.099271 1.967624 1.854133 22.088175 7.552873 1.488125 34.950930
1628249977.199454 1.961021 1.824190 22.639570 6.889977 1.514326 34.829084
1628249977.299661 1.753568 1.630409 22.541994 6.006244 1.495783 33.427998
1628249977.399844 1.875157 1.781969 22.486296 8.383664 1.456272 35.983358
1628249977.500048 1.997975 1.801802 22.692941 6.422945 1.453415 34.369078
1628249977.600233 1.926837 1.797874 21.800776 6.997591 1.555312 34.078390
1628249977.700432 1.822501 1.662250 21.709202 6.840778 1.462108 33.496839
1628249977.800734 1.886434 1.683380 22.022019 8.350303 1.423928 35.366064
1628249977.900822 2.023211 1.859378 21.364636 7.056587 1.562557 33.866369
1628249978.001212 1.788184 1.666778 20.232241 5.699972 1.347558 30.734733
1628249978.101211 1.675343 1.608805 20.617401 6.929487 1.348724 32.179760
1628249978.201432 1.811597 1.771651 21.848434 5.963426 1.731742 33.126850
1628249978.301602 1.793837 1.636653 21.043947 6.498882 1.387137 32.360456
1628249978.401905 0.999288 1.012032 21.075180 6.587813 1.291721 30.966034
1628249978.501998 1.723352 1.569062 21.665920 6.109634 1.428046 32.496014
1628249978.602205 1.719432 1.685333 20.810917 6.430012 1.689159 32.334853
1628249978.702384 1.780095 1.758001 21.241244 5.396931 1.444754 31.621025
1628249978.804153 1.773523 1.658185 21.327971 6.496257 1.333363 32.589299
1628249978.903323 1.878242 1.803724 21.469638 6.128799 1.804484 33.084887
1628249979.003068 1.959956 1.787154 17.650743 6.077506 1.472102 28.947461
1628249979.103242 1.903434 1.726664 20.818271 6.337906 1.615832 32.402107
1628249979.205569 1.865967 1.802287 19.925768 7.375178 1.454501 32.423701
1628249979.303578 1.844510 1.696113 21.015536 5.653926 1.369061 31.579146
1628249979.403793 1.969641 1.819245 20.648016 6.421292 1.445995 32.304189
1628249979.503947 1.808657 1.757129 20.408336 5.960705 1.390798 31.325625
1628249979.604680 1.832529 1.735459 19.950741 6.993440 1.446701 31.958870
1628249979.704337 1.730924 1.690344 20.728342 5.825583 1.360791 31.335984
1628249979.804526 1.890638 1.718605 21.491022 6.912181 1.382355 33.394801
1628249979.904723 1.894124 1.676179 20.662377 6.689963 1.386851 32.309494
1628249980.004940 1.790415 1.670984 21.285871 7.990863 1.383068 34.121201
1628249980.105775 1.833766 1.736913 21.038627 7.988712 1.416868 34.014886
1628249980.205332 1.840691 1.705979 21.591526 6.405395 1.389559 32.933150
1628249980.305542 1.561226 1.503235 22.363528 8.661086 1.474991 35.564066
1628249980.406767 1.585393 1.573013 20.681483 7.623719 1.284892 32.748500
1628249980.505964 1.569684 1.527014 19.401982 6.429573 1.326171 30.254424
1628249980.606102 2.143243 1.484969 22.674204 6.831362 1.623646 34.757424
1628249980.706298 1.757935 1.706874 22.542120 8.059044 1.607348 35.673321
1628249980.807117 1.767721 1.729616 22.257206 6.541470 1.369026 33.665039
1628249980.906687 1.626272 1.566946 24.082352 6.268773 1.478563 35.022906
1628249981.006870 1.865837 1.773333 24.447651 8.615049 1.464403 38.166273
1628249981.107065 1.951168 1.849868 23.188991 5.731041 1.503174 34.224242
1628249981.207263 1.765022 1.732317 23.696359 6.523521 1.478569 35.195788
1628249981.307477 1.951415 1.886493 23.607086 6.801365 1.513370 35.759729
1628249981.407659 1.991307 1.786204 23.673285 7.642015 1.479926 36.572737
1628249981.507863 1.759091 1.740298 22.199877 5.695562 1.464984 32.859812
1628249981.608042 2.000283 1.826538 23.027132 6.501791 1.463331 34.819075
1628249981.708256 1.773630 1.690841 23.022292 7.334936 1.413768 35.235467
1628249981.808465 1.686269 1.653494 23.344728 7.158192 1.584049 35.426732
1628249981.908652 1.681586 1.637147 22.956461 6.630970 1.356741 34.262905
1628249982.008823 1.755840 1.738424 23.262617 6.983507 1.873189 35.613577
1628249982.109019 1.845233 1.677125 24.805405 6.604864 1.532818 36.465445
1628249982.209241 1.712394 1.695208 22.407541 8.526851 1.378338 35.720332
1628249982.309438 1.778383 1.670921 22.923688 6.730162 1.570419 34.673573
1628249982.409609 1.854745 1.761644 24.455210 8.368289 1.432143 37.872031
1628249982.509805 2.028019 1.975249 23.172098 7.082364 1.509920 35.767650
1628249982.610014 1.781771 1.647074 22.898475 6.219036 1.562053 34.108409
1628249982.710203 2.275967 1.679722 23.638734 6.876948 1.710165 36.181536
1628249982.810389 1.988381 1.931528 24.365423 7.043497 1.492321 36.821150
1628249982.910583 2.042812 1.853300 23.703176 6.870732 1.447025 35.917045
1628249983.010781 2.321310 1.687612 20.605894 7.252187 1.019796 32.886799
1628249983.111070 1.903315 1.841012 25.130359 7.302214 1.413470 37.590370
1628249983.211222 1.923943 1.804911 23.271041 7.227571 1.448462 35.675928
1628249983.311362 1.756433 1.721066 21.210577 7.705449 1.557316 33.950841
1628249983.411577 1.965341 1.863778 24.912231 7.554990 1.504039 37.800379
1628249983.511763 1.783130 1.605472 24.067175 8.890888 1.407228 37.753893
1628249983.611967 1.833963 1.718664 23.459490 6.873817 1.596490 35.482424
1628249983.712155 1.759723 1.706583 25.137273 7.555377 1.385950 37.544906
1628249983.812340 1.894095 1.790782 24.261525 8.281924 1.431335 37.659661
1628249983.912534 1.751742 1.639610 24.946333 7.276787 1.349021 36.963493
1628249984.012756 1.692950 1.628066 23.673643 7.514293 1.324075 35.833027
1628249984.114410 1.630262 1.588450 26.064954 7.566533 1.397979 38.248178
1628249984.213149 1.916616 1.776287 24.011891 6.786104 1.668849 36.159747
1628249984.313318 1.779028 1.734465 25.030216 7.781367 1.385522 37.710598
1628249984.413568 1.920431 1.833578 25.291092 7.914765 1.792975 38.752841
1628249984.516912 1.860365 1.706183 25.384968 8.027852 1.415227 38.394595
1628249984.613980 1.871278 1.754436 24.436567 8.704289 1.574624 38.341194
1628249984.714103 1.826867 1.662230 25.877350 7.998457 1.389618 38.754522
1628249984.814294 2.117750 1.894619 24.338757 7.959246 1.527591 37.837963
1628249984.917401 2.030843 1.935566 24.898512 8.265884 1.576713 38.707518
1628249985.014722 1.941030 1.733108 25.032866 7.726011 1.382114 37.815129
1628249985.114882 1.819139 1.688798 23.987439 9.803999 1.630379 38.929754
1628249985.215074 1.935281 1.804749 25.152871 7.634507 1.481746 38.009154
1628249985.315262 1.904792 1.837446 24.465960 7.088223 1.445027 36.741448
1628249985.415608 2.027131 1.839108 25.077342 7.476559 1.536166 37.956306
1628249985.515663 1.786515 1.672053 25.525506 7.710291 1.571185 38.265550
1628249985.615865 1.858145 1.786216 24.146189 7.695844 1.450100 36.936494
1628249985.716053 1.823274 1.706032 24.882437 8.449201 1.500913 38.361857
1628249985.816572 2.102731 1.845308 23.410941 7.856779 1.470539 36.686298
1628249985.916460 1.961526 1.833800 25.157495 9.594231 1.500369 40.047421
1628249986.016636 2.035883 1.907486 23.508216 7.622442 1.511047 36.585074
1628249986.116931 1.636907 1.616664 26.657564 7.931901 1.500548 39.343584
1628249986.217020 0.706690 0.915873 24.166356 7.874740 1.452919 35.116578
1628249986.318581 2.000549 1.560435 20.670081 8.112378 1.273000 33.616443
1628249986.417429 1.771275 1.706264 24.491365 8.029910 1.420209 37.419023
1628249986.517765 1.697964 1.572011 23.735686 7.629230 1.309777 35.944668
1628249986.617896 1.907826 1.711331 24.339710 7.688634 1.689677 37.337178
1628249986.718012 0.685846 0.741894 25.402950 8.427688 0.673161 35.931539
1628249986.821284 1.718177 1.697183 24.962715 8.222347 1.400096 38.000518
1628249986.921233 1.821275 1.642461 24.901477 7.941718 1.678197 37.985128
1628249987.020120 1.971278 1.474274 24.863442 9.377954 1.679807 39.366755
1628249987.120130 1.978977 1.879852 27.748428 10.686557 1.509118 43.802932
1628249987.218972 1.826413 1.735204 24.622644 7.251712 1.509030 36.945003
1628249987.319170 2.058949 1.726879 25.350596 8.990286 1.427359 39.554069
1628249987.419575 1.974501 1.876885 25.155460 8.635561 1.562240 39.204647
1628249987.519658 1.807406 1.748387 23.197117 8.695099 1.456050 36.904059
1628249987.619774 0.722885 0.744886 19.678712 7.894412 0.694104 29.734999
1628249987.720198 1.778187 1.770263 22.103238 6.786279 1.386209 33.824176
1628249987.820286 1.844462 1.685638 22.951707 7.408399 1.345576 35.235782
1628249987.920349 1.681229 1.613391 24.156002 8.566321 1.389105 37.406048
1628249988.020553 1.952150 1.804605 22.329520 8.658186 1.787673 36.532134
1628249988.120744 1.783473 1.765909 23.273902 9.432434 1.439458 37.695176
1628249988.220940 2.278893 1.628117 22.297382 7.960397 1.342770 35.507559
1628249988.321315 2.049054 1.915679 19.949865 7.542561 1.549100 33.006259
1628249988.421312 1.958089 1.767472 25.407911 9.280054 1.438111 39.851637
1628249988.521522 1.805354 1.783291 23.773330 8.345840 1.490512 37.198327
1628249988.622024 1.492636 1.591764 22.083494 8.012410 1.366613 34.546917
1628249988.723785 1.848045 1.730996 22.003719 6.677214 1.422884 33.682858
1628249988.822095 2.040836 1.834245 18.224651 8.232508 1.436518 31.768758
1628249988.922296 1.899287 2.009926 25.108449 7.545871 1.451678 38.015211
1628249989.022748 2.062690 2.040037 25.060158 7.155506 1.516603 37.834994
1628249989.123245 1.833466 1.681488 22.768777 9.348030 1.367951 36.999712
1628249989.222888 1.756228 1.677461 24.347346 10.021005 1.371410 39.173450
1628249989.323071 1.824654 1.756491 22.815133 8.824114 1.464508 36.684900
1628249989.423269 1.912108 1.793314 22.599830 8.221384 1.432156 35.958792
1628249989.523559 1.956709 1.774895 24.158560 8.205330 1.458300 37.553794
1628249989.623666 1.801343 1.808365 22.368709 10.461070 1.439655 37.879142
1628249989.723861 1.897938 1.859345 23.013509 9.529213 1.436864 37.736869
1628249989.824096 1.832649 1.728336 22.223734 9.660317 1.360657 36.805693
1628249989.924252 1.959175 1.749653 22.728256 9.097743 1.419404 36.954231
1628249990.024437 1.857182 1.693978 22.562868 8.843598 1.369224 36.326850
1628249990.124651 1.920253 1.698812 22.273094 8.105280 1.425087 35.422526
1628249990.224831 2.264508 1.629439 20.651720 9.399051 1.094397 35.039115
1628249990.325147 1.840687 1.882485 22.319402 9.647426 1.416721 37.106721
1628249990.425217 1.859019 1.746568 22.559944 8.895732 1.443278 36.504541
1628249990.525543 2.100955 1.935664 22.263268 7.241060 1.482602 35.023549
1628249990.625609 1.808001 1.682006 22.790293 9.729010 1.480942 37.490252
1628249990.725811 1.999480 1.784675 21.534006 7.539206 1.412384 34.269751
1628249990.826024 1.809508 1.614505 22.586503 7.804571 1.330809 35.145896
1628249990.926208 2.041319 1.897782 23.147465 9.413520 1.562345 38.062431
1628249991.026389 1.876074 1.800398 22.275838 9.179365 1.410984 36.542659
1628249991.126588 1.796251 1.662579 22.005383 9.953190 1.313464 36.730867
1628249991.226799 1.883932 1.790223 19.213633 8.934915 1.398086 33.220789
1628249991.326972 0.804623 0.779478 21.194093 8.611702 0.669641 32.059537
1628249991.427180 1.707239 1.578618 23.365034 8.864734 1.359301 36.874926
1628249991.527365 1.856224 1.747849 22.996581 8.174730 1.341613 36.116997
1628249991.627571 1.725690 1.654221 23.984556 8.411635 1.391557 37.167659
1628249991.727762 1.999268 1.842072 22.091489 7.348527 1.418848 34.700204
1628249991.827999 1.669362 1.714226 23.491616 7.391698 1.368763 35.635665
1628249991.928285 1.751611 1.624381 21.873932 7.623837 1.305618 34.179379
1628249992.028338 1.772976 1.696680 21.656739 8.051302 1.359905 34.537602
1628249992.128544 1.866691 1.747797 20.916237 7.420638 1.341902 33.293265
1628249992.228788 1.723370 1.629275 17.464835 7.163457 1.388368 29.369305
1628249992.329055 1.863492 1.719675 20.204958 7.417107 1.371285 32.576517
1628249992.429140 2.002557 1.794493 20.519950 8.502368 1.396283 34.215651
1628249992.529322 2.433546 1.437732 19.663171 7.834753 1.009631 32.378833
1628249992.629550 1.810207 1.716402 21.782466 8.844177 1.371314 35.524566
1628249992.729708 2.390510 1.761898 25.583106 7.388730 1.810858 38.935102
1628249992.829931 2.053171 1.968529 21.406772 7.471659 1.520964 34.421095
1628249992.930120 1.716326 1.743359 21.689393 8.317118 1.472595 34.938791
1628249993.030330 2.224025 2.059487 21.283323 8.405345 1.599241 35.571421
1628249993.130499 2.023541 1.948480 21.328112 7.213357 1.501520 34.015010
1628249993.230715 1.573718 1.520566 22.548655 7.426433 1.262789 34.332161
1628249993.330918 1.843662 1.612263 22.082661 8.034652 1.315187 34.888425
1628249993.431112 2.055088 1.898950 21.560738 7.334721 1.541608 34.391105
1628249993.531270 1.944001 1.699325 21.280662 9.124839 1.412917 35.461744
1628249993.631521 1.701107 1.810518 23.404478 8.468223 1.411205 36.795531
1628249993.731668 1.887959 1.787311 20.865058 8.196473 1.427907 34.164708
1628249993.831916 1.837320 1.738036 21.928273 8.950068 1.464989 35.918686
1628249993.932046 1.785069 1.709328 22.574268 11.366337 1.452985 38.887987
1628249994.032265 1.957065 1.766554 21.801461 8.931401 1.419288 35.875769
1628249994.132458 1.805647 1.645977 22.678351 9.661568 1.385693 37.177236
1628249994.232849 2.000496 1.827465 22.435004 8.620293 1.448618 36.331876
1628249994.332836 1.769247 1.661842 22.957792 11.695946 1.348344 39.433171
1628249994.433025 1.265371 1.073750 20.507143 9.219576 1.241443 33.307283
1628249994.533284 1.872892 1.618698 23.126550 8.767469 1.384210 36.769819
1628249994.633573 1.705616 1.677415 18.928618 9.150017 1.428821 32.890487
1628249994.733624 2.018527 1.798053 22.390911 8.765490 1.392797 36.365778
1628249994.833808 1.956289 1.780459 21.923817 6.757430 1.415934 33.833929
1628249994.934192 1.832618 1.724210 22.131515 7.818292 1.397432 34.904067
1628249995.034742 1.947425 1.746391 22.413678 8.546555 1.355604 36.009653
1628249995.135050 1.724020 1.587023 18.185359 8.447916 1.374347 31.318665
1628249995.234636 1.743037 1.691223 20.726193 8.908436 1.366663 34.435552
1628249995.335215 1.881435 1.725731 21.736976 9.677711 1.324051 36.345904
1628249995.435160 1.799798 1.718440 20.819409 8.347543 1.424225 34.109415
1628249995.535251 1.690617 1.565492 22.032619 8.479022 1.311823 35.079573
1628249995.635379 1.778568 1.642803 21.638917 9.960210 1.313247 36.333745
1628249995.735569 0.731471 0.763242 19.678677 7.935827 0.684769 29.793986
1628249995.835818 1.941999 1.752010 21.603300 8.218053 1.392699 34.908061
1628249995.936015 1.963083 1.841529 21.308670 8.264620 1.458963 34.836865
1628249996.036165 1.821737 1.806509 22.796549 9.948575 1.416476 37.789846
1628249996.136640 1.782401 1.690430 18.532861 8.113222 0.756541 30.875455
1628249996.236559 1.777325 1.642256 21.807032 9.022185 1.373835 35.622633
1628249996.336741 2.273589 0.757420 22.376728 8.126282 1.103483 34.637502
1628249996.436962 1.856011 1.722163 23.824921 7.867627 1.608983 36.879705
1628249996.537125 1.788494 1.747925 24.843543 8.363523 1.427248 38.170733
1628249996.637329 2.210956 1.929029 19.233144 8.185609 1.539237 33.097975
1628249996.737575 2.066605 1.803271 20.629568 8.473599 1.468363 34.441406
1628249996.837730 2.036731 1.798185 24.732777 8.413392 1.487407 38.468492
1628249996.937921 1.783217 1.661746 24.076608 9.948968 1.442600 38.913139
1628249997.038149 1.718101 1.658009 23.934286 11.672413 1.336542 40.319351
1628249997.138339 1.956567 1.794061 23.831478 10.009118 1.381939 38.973163
1628249997.238514 2.026115 1.787306 24.404263 9.373409 1.698747 39.289840
1628249997.338715 2.274690 1.869065 23.909583 8.802172 1.517099 38.372609
1628249997.438913 1.665789 1.555142 23.257145 9.885827 1.366379 37.730282
1628249997.539101 2.116089 1.793123 23.690238 9.256320 1.372666 38.228436
1628249997.639545 1.852100 1.670006 23.458818 10.070894 1.466722 38.518540
1628249997.739518 1.940945 1.805453 23.595966 10.001850 1.466149 38.810363
1628249997.839734 1.824213 1.696449 24.434956 8.472602 1.351948 37.780168
1628249997.939878 1.841790 1.762059 23.697996 9.531522 1.451128 38.284495
1628249998.040053 2.060065 1.786219 23.636036 8.737288 1.619792 37.839400
1628249998.140252 2.108825 1.823063 25.036385 9.342963 1.456258 39.767494
1628249998.240441 1.179471 0.939317 21.422512 10.976931 0.909486 35.427717
1628249998.340634 1.654899 1.660488 24.409473 9.822155 1.410462 38.957477
1628249998.440882 1.800674 1.702678 24.028382 8.217746 1.427168 37.176648
1628249998.541055 1.763115 1.641620 23.136791 9.590576 1.365704 37.497806
1628249998.641245 1.968989 1.823702 20.255443 9.377264 1.440118 34.865516
1628249998.741428 2.094087 1.868630 24.607903 10.309688 1.494295 40.374603
1628249998.841645 1.762182 1.664676 24.335214 8.494372 1.404518 37.660962
1628249998.941814 1.925266 1.792495 24.049074 9.196984 1.404384 38.368203
1628249999.042038 1.855182 1.723654 24.532812 9.333657 1.369975 38.815280
1628249999.142215 2.087799 1.865081 23.510317 9.352359 1.467382 38.282938
1628249999.242410 2.060600 1.859700 23.646594 9.846946 1.464151 38.877991
1628249999.342592 1.528246 1.484537 24.434647 9.945245 1.278586 38.671261
1628249999.442783 1.821823 1.656210 24.190890 9.527481 1.356123 38.552527
1628249999.542995 1.954096 1.727903 24.087992 8.071896 1.488425 37.330312
1628249999.643198 1.794201 1.664235 23.442723 9.274607 1.368845 37.544611
1628249999.743399 1.787750 1.670246 23.626332 8.265916 1.320593 36.670837
1628249999.843567 1.766164 1.639736 23.494838 7.830744 1.398386 36.129868
1628249999.943769 2.072509 1.850880 23.755508 10.227684 1.485513 39.392094
1628250000.043960 1.938839 1.790924 24.024163 10.188361 1.538256 39.480543
1628250000.144161 1.953922 1.805059 24.645790 8.532813 1.482326 38.419910
1628250000.244879 1.770873 1.745300 23.510028 8.822926 1.434606 37.283733
1628250000.346367 2.036810 1.848729 25.101377 10.323633 1.489419 40.799968
1628250000.444739 1.971225 1.721236 23.516300 9.080977 1.413633 37.703371
1628250000.544950 1.948283 1.762207 23.851079 8.982793 1.408423 37.952785
1628250000.645511 2.616772 1.406004 21.452026 9.512304 1.036896 36.024002
1628250000.745332 1.875937 1.672315 23.699677 8.950768 1.412738 37.611435
1628250000.845532 1.831222 1.643122 24.659818 9.571410 1.424776 39.130348
1628250000.945722 1.833767 1.680916 23.640067 9.245852 1.388303 37.788905
1628250001.046021 1.669585 1.585833 20.215787 9.389586 1.334933 34.195724
1628250001.146255 1.734532 1.566939 24.604743 8.248410 1.335613 37.490237
1628250001.246346 2.016316 1.909002 24.076683 9.861366 1.508402 39.371769
1628250001.346510 1.783882 1.586688 25.523482 8.311987 1.345910 38.551949
1628250001.446695 1.956068 1.803345 25.110145 9.904549 1.508635 40.282742
1628250001.546913 1.759304 1.710997 22.789823 9.012004 1.361338 36.633466
1628250001.647091 1.779275 1.614018 23.375833 9.629491 1.381440 37.780057
1628250001.747399 1.889400 1.735325 24.297698 8.249095 1.432289 37.603807
1628250001.847514 1.792017 1.583522 26.179441 9.135797 1.360395 40.051172
1628250001.947683 1.798406 1.708024 22.990857 7.679399 1.419292 35.595978
1628250002.047869 1.687980 1.562480 24.711195 8.896431 1.287388 38.145474
1628250002.148876 2.217369 1.552855 21.097814 8.575044 1.312500 34.755582
1628250002.248344 1.852545 1.725869 25.032603 8.002678 1.367404 37.981099
1628250002.352123 1.906525 1.827743 24.778930 8.652078 1.428084 38.593360
1628250002.448641 2.203812 1.861155 24.278286 9.135203 1.514401 38.992857
1628250002.549044 1.971246 1.844029 24.876637 7.890556 1.556796 38.139264
1628250002.649060 1.760088 1.639095 23.797939 9.623619 1.412981 38.233722
1628250002.749480 1.957244 1.725803 23.759638 8.014243 1.523014 36.979942
1628250002.849425 1.887970 1.696514 24.800502 8.245720 1.415649 38.046355
1628250002.949624 1.681695 1.589039 24.195342 8.253269 1.322812 37.042157
1628250003.049812 1.904507 1.786342 24.120641 8.949811 1.417782 38.179083
1628250003.150024 1.844771 1.713212 22.985100 8.861795 1.359469 36.764347
1628250003.250213 1.841907 1.692824 23.333950 7.160434 1.309602 35.338717
1628250003.352105 2.029970 1.684381 25.206441 9.367121 1.392927 39.680840
1628250003.450609 1.854177 1.711941 23.112075 8.142703 1.345834 36.166730
1628250003.550810 1.955901 1.768705 23.396928 7.985136 1.414341 36.521011
1628250003.650994 1.626298 1.535273 22.866133 7.893635 1.371914 35.293253
1628250003.752098 1.942096 1.768172 23.518564 8.805100 1.382906 37.416838
1628250003.851375 1.602521 1.552295 23.534176 7.759641 1.242534 35.691167
1628250003.953561 1.727357 1.590273 23.967415 8.059649 1.321615 36.666309
1628250004.052574 1.780336 1.601078 23.074959 7.913821 1.310574 35.680768
1628250004.152021 1.822908 1.725119 22.642167 9.180073 1.431116 36.801383
1628250004.252301 2.147441 1.873397 22.375311 8.511520 1.466178 36.373847
1628250004.352352 1.846852 1.701423 22.105353 7.781673 1.444559 34.879860
1628250004.452586 1.881778 1.789477 23.191051 8.244727 1.394785 36.501818
1628250004.552740 1.748835 1.684401 22.454446 8.521109 1.337140 35.745931
1628250004.653717 1.961052 1.991131 24.122024 8.201797 1.452587 37.728591
1628250004.754490 2.026044 1.833227 21.655191 8.557616 1.654683 35.726761
1628250004.853350 0.711576 0.699474 19.614717 7.706372 0.626975 29.359114
1628250004.954226 1.814898 1.678397 23.036142 8.544080 1.440222 36.513739
1628250005.054857 1.818305 1.670381 22.590476 9.860626 1.335937 37.275725
1628250005.156127 1.701849 1.546749 22.646559 8.506779 1.238093 35.640029
1628250005.254141 2.046444 1.813764 23.834021 10.042052 1.448087 39.184368
1628250005.354302 1.929645 1.793384 22.795587 8.364337 1.507149 36.390102
1628250005.454495 2.009692 1.806114 23.293131 10.046631 1.462091 38.617659
1628250005.554699 2.097792 1.904904 23.161018 9.263071 1.452710 37.879495
1628250005.655010 1.924791 1.790507 23.154231 8.797271 1.395591 37.062391
1628250005.756238 2.003022 1.768017 26.172025 9.802153 1.727442 41.472659
1628250005.857053 1.783006 1.711808 22.634468 7.742138 1.385378 35.256798
1628250005.955471 1.899350 1.633181 25.735352 7.405413 1.422287 38.095583
1628250006.055890 1.811103 1.749321 23.994245 8.165263 1.411656 37.131588
1628250006.155862 1.817308 1.741196 23.941242 8.300756 1.434192 37.234694
1628250006.256673 1.932435 1.774337 21.992457 7.940035 1.070161 34.709425
1628250006.356278 2.156272 1.571840 23.751137 7.360259 1.661213 36.500721
1628250006.456805 2.235340 1.654413 25.006426 8.266665 1.338368 38.501212
1628250006.556644 2.085586 1.846197 23.246675 7.366484 1.431487 35.976429
1628250006.656855 1.930581 1.772698 23.610925 8.272915 1.382509 36.969628
1628250006.757032 1.939574 1.718668 23.012410 8.016012 1.386302 36.072966
1628250006.857278 1.890882 1.683756 23.810826 8.042292 1.359416 36.787172
1628250006.957454 1.748877 1.698725 25.084914 8.690849 1.475409 38.698774
1628250007.057622 2.057488 1.787557 24.499325 10.020808 1.405150 39.770328
1628250007.157819 2.015755 1.730717 24.401320 7.986732 1.395255 37.529779
1628250007.258020 1.954888 1.753862 25.979184 8.988257 1.541955 40.218146
1628250007.454797 3.230746 2.021023 22.950477 8.112504 1.536318 37.851068
1628250007.458409 0.000373 0.813597 18.994328 8.256322 0.686550 28.751170
1628250007.558599 1.795034 1.736889 24.512405 8.558137 1.445051 38.047516
1628250007.658823 1.933517 1.695832 23.278438 8.772316 1.343511 37.023614
1628250007.758988 1.801501 1.731549 23.754289 7.958516 1.471564 36.717419
1628250007.859204 2.005025 1.872437 25.274258 8.482043 1.698515 39.332278
1628250007.959403 1.184828 1.104073 20.044424 8.622019 0.908662 31.864006
1628250008.059580 1.935417 1.743807 24.099191 8.419204 1.467022 37.664641
1628250008.159794 1.711157 1.647760 24.285109 9.217153 1.365762 38.226941
1628250008.260007 2.030021 1.801292 23.069079 9.210292 1.534356 37.645040
1628250008.360180 1.864560 1.688510 23.602490 8.646828 1.425005 37.227393
1628250008.460387 2.011901 1.811088 24.973373 8.948918 1.460880 39.206160
1628250008.560544 2.003071 1.932132 25.332699 9.605572 1.587385 40.460859
1628250008.660772 1.170227 1.165238 20.646282 8.331388 1.007410 32.320545
1628250008.760939 1.661174 1.638585 25.188577 9.565470 1.366574 39.420380
1628250008.861182 2.198846 1.604972 22.934782 7.442915 1.725282 35.906797
1628250008.961341 1.740030 1.570009 25.181393 8.040144 1.297394 37.828970
1628250009.061546 1.495840 1.575108 30.426008 9.448231 1.435712 44.380899
1628250009.161759 2.123004 1.672850 28.207136 8.537631 1.807415 42.348036
1628250009.261913 1.834178 1.734685 23.722333 7.672311 1.487863 36.451370
1628250009.362122 1.913412 1.655302 23.281044 7.463083 1.320956 35.633797
1628250009.462336 2.168216 2.043585 25.120224 9.573094 1.619290 40.524409
1628250009.562532 2.085467 1.536202 22.249228 10.510214 1.477465 37.858576
1628250009.662711 1.813650 1.736018 21.114281 7.980283 1.567784 34.212016
1628250009.763031 2.029334 1.729698 20.392593 7.499126 1.348870 32.999621
1628250009.863202 0.902922 0.783982 23.106293 8.538346 0.723529 34.055072
1628250009.963281 1.783585 1.620294 23.350899 7.961903 1.287863 36.004544
1628250010.063489 1.809444 1.732813 20.075522 7.936799 1.513554 33.068132
1628250010.163673 1.890602 1.694347 22.481642 7.451119 1.303010 34.820720
1628250010.263875 1.971126 1.786462 24.519151 7.924854 1.376769 37.578362
1628250010.364061 0.712370 0.721350 19.920327 8.227940 0.632500 30.214487
1628250010.464270 2.016234 1.670706 27.039698 8.301143 1.305608 40.333389
1628250010.564448 1.586151 1.549652 19.779987 8.858767 1.310978 33.085535
1628250010.664673 1.882298 1.713489 23.897293 7.311741 1.315284 36.120105
1628250010.764849 1.961047 1.787585 23.278651 8.996717 1.422766 37.446766
1628250010.865089 2.189389 1.947407 23.632265 7.209525 1.425860 36.404446
1628250010.965254 1.933545 1.730431 23.547284 7.941914 1.378887 36.532061
1628250011.065545 2.031657 1.921791 23.804325 7.303097 1.479420 36.540290
1628250011.166006 1.942005 1.784088 24.128275 8.557312 1.439547 37.851227
1628250011.265818 1.818717 1.653049 24.321360 8.550904 1.353520 37.697550
1628250011.366032 1.917395 1.727396 24.043379 8.076614 1.389645 37.154429
1628250011.466216 1.694667 1.609290 24.171969 9.431620 1.315367 38.222913
1628250011.566489 1.957338 1.824868 25.111104 8.718768 1.492148 39.104226
1628250011.666619 1.966643 1.831277 23.622147 6.937876 1.453222 35.811165
1628250011.767153 1.793340 1.673919 24.793932 7.655157 1.333182 37.249530
1628250011.867098 1.961444 1.774489 22.748172 7.709706 1.390061 35.583872
1628250011.968253 2.356304 1.686604 21.777521 8.641774 1.095769 35.557972
1628250012.067449 1.426951 1.455669 25.396574 8.370793 1.249149 37.899136
1628250012.167602 1.815292 1.911630 22.652208 7.832333 1.473486 35.684949
1628250012.267773 2.082468 1.790400 24.612332 9.041550 1.462922 38.989672
1628250012.367964 1.691594 1.692814 24.786143 7.793043 1.458899 37.422493
1628250012.468168 1.838809 1.688566 23.205058 7.237681 1.403096 35.373210
1628250012.568363 1.686307 1.687499 24.340226 7.987374 1.362457 37.063863
1628250012.668563 1.802835 1.713785 22.973217 8.330702 1.292753 36.113292
1628250012.768755 1.763519 1.676836 23.283180 8.448102 1.319772 36.491409
1628250012.868948 1.946725 1.771205 23.685316 8.924945 1.390819 37.719010
1628250012.969143 0.713068 0.708459 19.548259 9.610691 0.607444 31.187921
1628250013.069360 1.878041 1.774880 23.878964 7.093183 1.421388 36.046456
1628250013.169531 1.840441 1.683318 23.169479 7.415961 1.390155 35.499354
1628250013.269738 2.066109 1.596418 25.360386 8.585431 1.222748 38.831092
1628250013.369939 2.194273 1.798276 22.204193 7.180195 1.353971 34.730908
1628250013.470143 1.812183 1.718725 23.082560 6.996077 1.347634 34.957179
1628250013.570326 1.734932 1.680564 22.945071 7.489431 1.450764 35.300762
1628250013.670510 1.751196 1.646321 23.579487 7.536547 1.307467 35.821018
1628250013.770755 1.785219 1.707717 22.851949 6.791528 1.291115 34.427528
1628250013.870917 1.754521 1.659269 21.906229 8.045177 1.243673 34.608869
1628250013.971085 2.011444 1.641010 24.030059 8.038489 1.297122 37.018124
1628250014.071321 1.719273 1.696064 18.928995 6.377515 1.351023 30.072870
1628250014.171487 1.790600 1.605768 22.115276 7.526828 1.203142 34.241614
1628250014.271709 1.878109 1.847747 22.167982 7.408152 1.284697 34.586687
1628250014.371870 1.176566 0.773281 25.038544 8.273851 0.804673 36.066915
1628250014.472090 1.935065 1.803105 21.939456 7.688375 1.386364 34.752365
1628250014.572266 1.784046 1.598803 22.123679 8.174862 1.320370 35.001760
1628250014.672462 1.768289 1.559573 23.148151 8.288129 1.226604 35.990746
1628250014.772682 1.735609 1.562862 21.494795 6.865117 1.178522 32.836905
1628250014.872858 1.785909 1.661658 21.816837 6.416905 1.236497 32.917806
1628250014.974174 1.940064 1.722684 22.800104 6.358197 1.298267 34.119316
1628250015.073261 1.949534 1.697082 22.815968 6.103478 1.297893 33.863955
1628250015.173439 1.829892 1.629431 23.199513 7.786770 1.453827 35.899433
1628250015.273687 1.960635 1.807182 24.621316 8.051814 1.430279 37.871226
1628250015.373964 1.576685 1.500386 22.341979 6.642555 1.227421 33.289026
1628250015.474076 2.026855 1.822793 23.562421 8.820299 1.503457 37.735825
1628250015.574217 1.671839 1.490645 21.529034 5.496338 1.225514 31.413370
1628250015.674407 1.524707 1.457916 20.074986 6.682712 1.184269 30.924590
1628250015.774753 1.451125 1.407140 20.168336 5.382976 1.102051 29.511628
1628250015.874810 1.769079 1.627696 22.864438 6.789228 1.591121 34.641562
1628250015.975000 1.805031 1.669034 23.048481 6.650197 1.318341 34.491084
1628250016.075201 1.679814 1.568626 23.560598 7.582517 1.539605 35.931160
1628250016.175395 1.646088 1.618537 24.728442 7.526828 1.421773 36.941668
1628250016.275603 1.761867 1.680187 26.432048 7.891863 1.375452 39.141417
1628250016.375913 1.517701 1.529082 25.454870 9.707889 1.465427 39.674969
1628250016.475996 1.846939 1.702823 22.883944 7.571526 1.346527 35.351759
1628250016.576268 2.018006 1.848564 24.381780 6.735901 1.430294 36.414545
1628250016.676358 1.722161 1.633422 23.484677 7.119619 1.481377 35.441256
1628250016.776562 1.754671 1.625413 22.268701 6.246335 1.229616 33.124736
1628250016.876793 1.747974 1.614573 23.703202 5.971375 1.325663 34.362787
1628250016.977221 2.066959 1.905482 22.770831 7.733116 1.427297 35.903685
1628250017.077152 1.687608 1.545234 24.064417 6.451961 1.246951 34.996171
1628250017.178306 1.856020 1.626149 22.636312 8.820496 1.279393 36.218370
1628250017.277541 1.840669 1.652532 23.882984 6.689164 1.303227 35.368576
1628250017.379144 1.675594 1.610383 24.336731 6.439101 1.256180 35.317989
1628250017.477922 1.875289 1.796579 22.634868 6.616887 1.396902 34.320525
1628250017.578513 1.801165 1.750015 23.628297 7.421055 1.345481 35.946013
1628250017.678334 1.880775 1.689306 23.649703 6.857978 1.308527 35.386289
1628250017.778508 1.753544 1.627720 24.206200 7.390990 1.333949 36.312403
1628250017.878712 2.205342 1.751545 24.010640 7.420017 1.484692 36.872236
1628250017.978968 1.796588 1.736452 25.051661 6.583341 1.364531 36.532573
1628250018.079121 1.942447 1.786930 24.865045 7.603696 1.379284 37.577402
1628250018.179294 1.878443 1.774182 23.805172 7.180417 1.434280 36.072494
1628250018.279486 1.747361 1.738788 24.207009 7.447688 1.328555 36.469401
1628250018.379768 1.862912 1.737452 26.983013 6.532121 1.418948 38.534446
1628250018.479871 1.853203 1.765419 25.552084 7.718875 1.365667 38.255248
1628250018.580080 1.952220 1.828891 24.262529 6.450104 1.396196 35.889940
1628250018.680281 1.995145 1.773149 25.455283 6.824371 1.403096 37.451044
1628250018.780505 2.009597 1.844040 24.422128 7.402593 1.393375 37.071733
1628250018.880671 1.855284 1.697044 25.115774 7.061315 1.328592 37.058009
1628250018.980864 1.857868 1.745397 23.299980 6.768751 1.342296 35.014292
1628250019.081063 0.961273 0.866640 21.862065 7.679468 0.777787 32.147233
1628250019.181259 2.009664 2.021362 24.607561 8.075734 1.455548 38.169869
1628250019.281442 1.858179 1.727555 23.588346 6.356665 1.349613 34.880358
1628250019.381977 1.900787 1.713257 24.081341 7.327821 1.342837 36.366043
1628250019.481913 1.975715 1.860033 23.995934 6.632814 1.433000 35.897496
1628250019.582192 0.804454 0.833843 21.811808 6.761694 0.708941 30.920740
1628250019.682428 1.936950 1.769843 24.387237 8.648262 1.336496 38.078788
1628250019.782411 2.035120 1.816725 23.449332 6.683202 1.373024 35.357403
1628250019.882610 1.967117 1.783377 23.571306 7.537361 1.395819 36.254980
1628250019.982821 1.786500 1.694307 23.335022 7.041591 1.339308 35.196728
1628250020.083003 2.297668 1.776860 20.388779 8.758099 1.039070 34.260476
1628250020.183308 1.862565 1.826219 23.440634 6.296290 1.422517 34.848225
1628250020.283402 1.767877 1.694174 22.725150 6.759787 1.372834 34.319822
1628250020.383582 2.023575 1.849617 23.811628 7.748883 1.477987 36.911690
1628250020.483781 2.187639 1.739378 26.050504 6.225810 1.327137 37.530468
1628250020.586979 1.697948 1.616649 25.759415 7.555688 1.375960 38.005660
1628250020.684170 1.926936 1.805735 24.717174 6.311144 1.391432 36.152421
1628250020.784373 1.795178 1.667309 22.361260 6.752524 1.399012 33.975283
1628250020.884566 1.754370 1.627740 23.643084 7.777942 1.296877 36.100013
1628250020.984774 1.820534 1.720990 24.478079 7.762944 1.606002 37.388549
1628250021.084968 1.524694 1.426956 23.277876 6.081543 1.106354 33.417423
1628250021.185191 1.957075 1.779284 24.868507 7.382762 1.434394 37.422022
1628250021.285365 1.493021 1.506598 25.366565 8.502855 1.353850 38.222889
1628250021.385539 1.722668 1.589150 24.936380 8.381996 1.500515 38.130709
1628250021.485736 0.778050 0.777047 21.561046 8.070454 0.885166 32.071763
1628250021.585928 1.457086 1.721265 24.982555 7.644765 1.472145 37.277816
1628250021.686124 1.924903 1.751493 24.455447 7.564228 1.346371 37.042442
1628250021.786451 1.248868 1.505542 24.565989 5.971763 1.428361 34.720523
1628250021.886540 1.811598 1.651966 23.509505 8.855117 1.237509 37.065695
1628250021.986711 1.751121 1.742643 24.547898 6.156318 1.542012 35.739992
1628250022.086957 1.966140 1.756003 23.739963 6.132154 1.367151 34.961411
1628250022.187102 1.833262 1.596063 23.992256 6.718804 1.328184 35.468569
1628250022.287609 1.963942 1.745810 22.620631 6.957596 1.361115 34.649094
1628250022.387491 1.955552 1.796167 24.273795 6.171106 1.379371 35.575991
1628250022.487741 1.793674 1.582449 25.814283 7.552512 1.344691 38.087609
1628250022.587907 1.655059 1.643259 24.094793 8.735924 1.384078 37.513113
1628250022.688332 2.181845 1.826236 23.648945 7.082351 1.362813 36.102190
1628250022.788277 2.132849 1.885022 24.195328 6.066303 1.413549 35.693051
1628250022.888464 1.896494 1.713655 24.672767 7.035517 1.348578 36.667011
1628250022.988697 1.761712 1.616081 23.732763 7.410775 1.239491 35.760822
1628250023.088861 1.918447 1.762150 23.457097 7.753836 1.542549 36.434079
1628250023.190915 1.950211 1.741412 22.860671 6.051221 1.303503 33.907018
1628250023.289264 1.594606 0.728745 26.070329 6.495185 1.092626 35.981491
1628250023.393924 1.968397 1.818011 21.794865 6.827888 1.488837 33.897998
1628250023.489639 1.859940 1.647315 22.975240 5.980160 1.261647 33.724302
1628250023.589916 1.894661 1.705436 23.487969 6.614271 1.312303 35.014640
1628250023.690033 1.936250 1.749244 23.884678 6.118339 1.376185 35.064696
1628250023.790220 1.625456 1.559743 22.813306 6.510878 1.263904 33.773287
1628250023.890439 1.555853 1.521197 22.024609 6.803400 1.209300 33.114359
1628250023.990638 1.927063 1.710064 24.240568 6.883008 1.459404 36.220107
1628250024.090846 1.662750 1.533169 24.202768 7.495480 1.225418 36.119585
1628250024.191844 1.863462 1.681863 24.154242 7.749770 1.368174 36.817511
1628250024.291201 1.795670 1.600195 26.020365 7.106144 1.305630 37.828004
1628250024.391415 1.798370 1.687839 23.433485 8.739507 1.571269 37.230470
1628250024.491598 1.759573 1.709510 24.188848 6.223204 1.350757 35.231892
1628250024.591783 0.705750 0.711511 22.930813 7.517896 0.676488 32.542458
1628250024.692519 1.837122 1.711727 24.457842 7.431850 1.367748 36.806289
1628250024.792180 2.087308 1.779290 24.334972 6.334420 1.379380 35.915370
1628250024.892382 1.922010 1.714698 25.110979 7.492239 1.351794 37.591720
1628250024.992600 1.722412 1.673908 23.998912 8.187492 1.336454 36.919178
1628250025.092768 1.801129 1.748229 25.336922 7.156162 1.383335 37.425777
1628250025.192978 1.954148 1.647033 24.971510 6.701351 1.429330 36.703372
1628250025.293150 1.849651 1.637780 24.847598 6.891124 1.367806 36.593959
1628250025.393372 1.975222 1.724323 23.267740 7.973814 1.349513 36.290612
1628250025.493544 1.847451 1.688708 24.472127 7.123809 1.351974 36.484069
1628250025.593750 1.891305 1.645123 24.474938 5.740305 1.439772 35.191443
1628250025.694034 1.900081 1.812682 25.958085 6.438239 1.433749 37.542836
1628250025.794126 1.836815 1.692679 25.658448 6.772124 1.365025 37.325091
1628250025.894639 2.075685 1.398448 22.377784 9.721269 1.081113 36.654299
1628250025.994524 2.033234 1.875003 24.396433 5.965641 1.408385 35.678696
1628250026.094724 1.978849 1.966586 23.982585 7.526877 1.473897 36.928794
1628250026.194939 1.964819 1.807594 21.262550 5.822506 1.452984 32.310453
1628250026.295164 1.656465 1.582949 24.622649 6.835606 1.387008 36.084677
1628250026.395299 1.911215 1.838888 19.810628 6.442838 1.354701 31.358270
1628250026.495497 2.351631 1.627451 26.437676 6.158244 1.314482 37.889484
1628250026.595770 1.932925 1.849632 25.180013 8.087530 1.733009 38.783109
1628250026.695907 1.919226 1.727219 24.024200 7.269027 1.333559 36.273231
1628250026.796076 1.686291 1.603949 25.860049 7.783118 1.486445 38.419852
1628250026.896285 1.876229 1.725704 24.006970 6.002896 1.337582 34.949381
1628250026.998240 1.832530 1.722307 24.407486 8.163972 1.423367 37.549662
1628250027.096676 1.872666 1.762286 23.871095 6.947008 1.370675 35.823730
1628250027.196858 2.173654 2.057371 26.324911 5.731417 1.530570 37.817923
1628250027.297051 1.709236 1.627553 25.303921 6.025772 1.332846 35.999328
1628250027.397254 1.871414 1.783154 24.019019 6.812373 1.434223 35.920183
1628250027.497498 1.901506 1.821764 24.643499 6.503853 1.410208 36.280830
1628250027.597653 1.779373 1.623089 24.472318 5.808224 1.460860 35.143864
1628250027.697830 1.954743 1.738851 23.606473 7.020129 1.332476 35.652672
1628250027.798025 2.009718 1.763216 24.837961 6.254383 1.378714 36.243992
1628250027.898464 1.642213 1.559339 25.132178 6.347596 1.278699 35.960025
1628250027.998426 2.096965 1.710969 25.647932 7.613252 1.402805 38.471923
1628250028.098622 1.905494 1.869367 24.151971 6.991699 1.400804 36.319335
1628250028.198852 1.810003 1.714807 24.519057 7.044004 1.340702 36.428573
1628250028.299008 1.933539 1.689508 22.631817 7.285138 1.328875 34.868877
1628250028.399202 1.895831 1.757481 23.573603 5.744518 1.310826 34.282259
1628250028.499399 1.662268 1.653028 26.129671 7.416438 1.403740 38.265145
1628250028.599880 1.866451 1.729755 24.389019 7.243809 1.348777 36.577811
1628250028.699783 2.114526 1.759249 23.935466 7.484277 1.417252 36.710770
1628250028.799983 1.809776 1.715126 22.794127 7.314451 1.369706 35.003186
1628250028.900200 1.982492 1.843436 23.418231 5.444855 1.420629 34.109643
1628250029.000375 1.997673 1.785857 24.004386 6.737965 1.434889 35.960770
1628250029.100574 1.864446 1.784410 23.244400 7.948068 1.344779 36.186103
1628250029.200978 1.538628 1.467277 25.573569 6.016158 1.306473 35.902105
1628250029.300985 2.410602 1.771865 23.452161 7.635830 1.714655 36.985113
1628250029.401364 2.082865 1.888667 22.705172 7.064075 1.462196 35.202975
1628250029.501348 2.078247 1.862368 23.335848 7.000005 1.636183 35.912651
1628250029.601550 1.924665 1.801283 22.942552 6.571018 1.421378 34.660896
1628250029.701740 1.797353 1.569581 21.383616 6.569102 1.587768 32.907420
1628250029.801992 1.801945 1.707251 19.671347 5.861189 1.357039 30.398771
1628250029.902176 1.948234 1.783113 22.932163 6.156102 1.436267 34.255879
1628250030.002428 1.865242 1.712295 23.580375 8.324939 1.364944 36.847795
1628250030.102539 1.768601 1.691223 22.195307 6.167967 1.331736 33.154834
1628250030.202722 0.716891 0.738998 19.850732 7.954477 0.653763 29.914861
1628250030.303044 2.166534 1.601237 24.568281 6.265170 1.125398 35.726620
1628250030.403139 2.062002 1.957860 23.853031 7.048007 1.504695 36.425595
1628250030.503300 1.506210 1.579560 24.421890 6.927512 1.569100 36.004272
1628250030.603537 1.725701 1.646878 22.826503 6.517870 1.321839 34.038791
1628250030.703751 1.899526 1.741637 22.614989 8.222485 1.380918 35.859555
1628250030.803882 1.839820 1.721910 23.767017 6.713115 1.411072 35.452934
1628250030.904097 2.056407 1.515380 26.334765 7.380543 1.658589 38.945684
1628250031.004281 1.927940 1.787082 22.148671 6.137393 1.419445 33.420531
1628250031.108103 1.864060 1.768890 23.606618 7.233952 1.371884 35.845404
1628250031.204670 1.893266 1.670666 24.950878 7.276505 1.693235 37.484550
1628250031.305412 1.925493 1.909546 21.130335 6.194093 1.493502 32.652969
1628250031.405058 1.982616 1.870882 21.691220 7.829203 1.467190 34.841111
1628250031.505266 1.716573 1.599420 22.931323 7.615268 1.409809 35.272393
1628250031.605478 1.950727 1.710660 21.760884 5.856693 1.713806 32.992770
1628250031.705643 1.776909 1.714857 22.373349 5.845719 1.373183 33.084017
1628250031.805850 1.992993 1.859435 24.022010 6.545283 1.843054 36.262775
1628250031.906031 2.019008 1.839721 24.753811 6.845224 1.579888 37.037652
1628250032.006240 1.837703 1.684918 23.586583 6.929263 1.515875 35.554342
1628250032.108227 1.973769 1.892228 23.294747 7.629548 1.513104 36.303396
1628250032.206644 2.056790 1.888455 23.801245 5.581561 1.490605 34.818656
1628250032.306815 2.013568 1.826812 24.379837 6.926968 1.533692 36.680877
1628250032.407010 1.894948 1.649331 24.752348 5.873583 1.529801 35.700011
1628250032.507227 1.489800 1.098541 24.650914 6.946498 0.929017 35.114770
1628250032.607399 1.927813 1.873435 24.591268 6.535306 1.570907 36.498729
1628250032.707599 1.724669 1.679761 24.569615 6.192506 1.463459 35.630010
1628250032.807795 2.007594 1.795473 24.911151 6.111201 1.481706 36.307125
1628250032.907981 2.063840 1.901220 23.893286 5.853202 1.579571 35.291119
1628250033.008198 2.010819 1.916321 24.522129 6.178809 1.523787 36.151865
1628250033.108400 2.082115 1.878581 25.088075 6.332664 1.527514 36.908949
1628250033.208571 1.484395 1.438954 24.060695 6.146176 1.247337 34.377557
1628250033.308784 1.829155 1.653090 23.771280 6.019779 1.364337 34.637641
1628250033.408970 1.546453 1.513096 24.951228 6.494881 1.329760 35.835418
1628250033.509179 1.920656 1.717018 25.437059 5.760464 1.684925 36.520122
1628250033.609404 1.974939 1.835075 24.968314 6.007646 1.505869 36.291843
1628250033.709574 1.784212 1.694858 25.902515 5.944048 1.454945 36.780578
1628250033.809752 1.773523 1.620314 24.748714 7.564791 1.383622 37.090964
1628250033.910500 1.972048 1.761629 25.070968 5.229735 1.643734 35.678114
1628250034.010152 1.805368 1.730991 25.070521 6.545893 1.425270 36.578043
1628250034.110342 2.042028 1.857520 25.438418 5.517933 1.524342 36.380241
1628250034.210540 1.768662 1.682235 25.119341 5.994501 1.363651 35.928390
1628250034.310766 1.746637 1.588008 24.005075 5.577772 1.326782 34.244274
1628250034.410965 1.696303 1.575432 24.718474 5.367806 1.357206 34.715221
1628250034.511136 1.734593 1.719204 25.543223 6.537057 1.679392 37.213469
1628250034.611356 1.937065 1.881321 25.821404 6.892090 1.490562 38.022442
1628250034.711858 2.102541 1.928126 25.328330 6.350396 1.521298 37.230691
1628250034.811692 1.781228 1.729288 24.740813 6.290147 1.375943 35.917419
1628250034.911905 1.759521 1.748536 26.363362 5.724336 1.444469 37.040224
1628250035.012118 1.791049 1.692492 25.188725 5.919560 1.414586 36.006412
1628250035.112280 2.020100 1.818571 25.348851 6.261422 1.489421 36.938365
1628250035.212496 2.079246 1.781073 24.818084 5.597454 1.512415 35.788272
1628250035.312699 1.925342 1.946348 25.138144 5.595638 1.576872 36.182344
1628250035.413044 1.861790 1.775712 25.334542 4.962150 1.503711 35.437905
1628250035.513064 1.889642 1.806811 25.659637 5.301262 1.468949 36.126301
1628250035.613256 1.777866 1.779251 21.892308 5.185202 1.400406 32.035033
1628250035.713454 1.870077 1.707764 26.480311 5.993815 1.422376 37.474343
1628250035.813651 1.847684 1.742253 25.057854 4.823353 1.607695 35.078839
1628250035.913843 1.777352 1.660480 26.286364 5.371417 1.431223 36.526836
1628250036.014082 1.597579 1.564261 26.389721 4.862638 1.489321 35.903520
1628250036.114299 1.874885 1.766009 25.566967 4.952310 1.445395 35.605566
1628250036.214831 1.942656 1.835735 26.058809 5.689794 1.511211 37.038205
1628250036.314806 2.074994 1.915193 25.234131 4.476172 1.499800 35.200290
1628250036.414832 1.900194 1.840876 27.094974 5.401300 1.572500 37.809844
1628250036.515039 2.042941 1.814918 26.273505 4.607659 1.482629 36.221652
1628250036.615299 1.750401 1.785725 25.679025 5.503186 1.784965 36.503302
1628250036.715430 1.720699 1.628723 24.820866 5.377804 1.352935 34.901027
1628250036.815602 1.945860 1.492830 23.944481 4.981193 1.552365 33.916729
1628250036.915818 2.035240 1.727096 24.265028 4.586467 1.430946 34.044777
1628250037.016012 1.945334 1.926439 25.581493 5.641000 1.513583 36.607849
1628250037.116264 1.783935 1.707991 25.053992 5.840213 1.342708 35.728839
1628250037.216400 1.912811 1.883933 25.493340 6.573720 1.519220 37.383024
1628250037.316592 1.586050 1.636531 26.367100 6.077323 1.340307 37.007311
1628250037.416782 2.188338 1.619370 23.831712 5.287309 1.276553 34.203282
1628250037.516966 2.043800 1.879567 25.998079 6.372815 1.604609 37.898870
1628250037.617173 1.856334 1.713023 25.007543 4.379331 1.393129 34.349360
1628250037.717359 1.904514 2.015818 27.623904 6.913996 1.790128 40.248360
1628250037.817561 1.720373 1.700738 24.641067 6.081393 1.449706 35.593277
1628250037.917799 1.942608 1.748791 24.837907 4.763458 1.431336 34.724100
1628250038.017958 1.614430 1.540929 25.453086 5.030924 1.654440 35.293809
1628250038.118150 1.761024 1.716776 23.517125 5.773869 1.383416 34.152210
1628250038.218343 1.667174 1.576691 23.667973 6.245056 1.341412 34.498306
1628250038.318536 1.009129 0.723432 21.418037 5.627155 0.778397 29.556150
1628250038.418740 1.926047 1.826395 23.262555 5.286525 1.524509 33.826031
1628250038.518985 2.058531 1.841578 22.731249 5.489454 1.525149 33.645961
1628250038.619131 1.675491 1.684576 23.024186 5.271693 1.448936 33.104882
1628250038.719310 1.560282 1.686499 23.320115 4.520773 1.445374 32.533043
1628250038.819517 1.704619 1.744237 22.756270 5.408582 1.622967 33.236675
1628250038.919715 1.846439 1.801098 22.125267 5.119382 1.465514 32.357700
1628250039.019909 1.743831 1.681807 22.310862 5.067222 1.640869 32.444591
1628250039.120091 1.744446 1.627079 21.753109 4.953852 1.318737 31.397223
1628250039.221209 1.644245 1.758839 22.717132 4.705781 1.312380 32.138377
1628250039.320488 1.584955 1.595539 19.825411 4.860942 1.339456 29.206303
1628250039.420678 1.566576 1.501539 24.695731 5.753730 1.458630 34.976206
1628250039.520876 1.983809 1.810354 21.431096 6.026694 1.431477 32.683430
1628250039.621085 1.989484 1.857759 20.474388 5.423221 1.463621 31.208473
1628250039.721260 1.872554 1.738609 21.915124 5.427924 1.449159 32.403370
1628250039.821461 1.773514 1.661688 21.281233 5.202763 1.367827 31.287025
1628250039.921654 1.974945 1.786891 21.175775 6.323616 1.455753 32.716980
1628250040.021847 1.882478 2.012969 23.517677 5.601338 1.548032 34.562494
1628250040.122048 1.904242 1.788900 21.044142 5.146273 1.447443 31.331000
1628250040.222267 1.645789 1.593789 20.483154 5.186118 1.305780 30.214630
1628250040.322457 1.566859 1.492060 22.153257 5.780218 1.493453 32.485847
1628250040.424416 1.703889 1.628763 23.279946 4.809183 1.415018 32.836799
1628250040.522848 2.061974 1.807907 21.648507 4.744977 1.467505 31.730870
1628250040.623023 1.991918 1.854563 21.859473 6.340939 1.484825 33.531718
1628250040.723212 1.952105 1.819811 22.325181 4.512044 1.497539 32.106680
1628250040.824482 2.059495 1.898331 21.737649 5.702120 1.516506 32.914101
1628250040.923624 1.506208 1.530168 22.385809 4.692886 1.337789 31.452860
1628250041.023818 1.817943 1.725921 22.398138 4.611010 1.775202 32.328214
1628250041.123996 1.906922 1.692940 21.181381 4.935477 1.397588 31.114308
1628250041.224500 1.818948 1.726448 22.653960 4.651112 1.403173 32.253641
1628250041.324396 1.698135 1.575059 21.502298 4.935436 1.329587 31.040515
1628250041.424818 1.779054 1.748314 23.073699 5.140711 1.460573 33.202351
1628250041.524774 1.782660 1.619988 22.670295 5.517215 1.592319 33.182477
1628250041.625036 1.963389 1.706958 24.154803 4.226636 1.411595 33.463381
1628250041.725161 1.889264 1.712927 22.459058 4.778599 1.378617 32.218465
1628250041.825357 1.710803 1.599038 22.880234 5.156437 1.370259 32.716771
1628250041.925561 1.915691 1.773031 23.290152 5.579194 1.552120 34.110188
1628250042.025775 1.749259 1.715137 22.863998 4.878452 1.453907 32.660753
1628250042.125982 2.074871 1.858111 22.871242 5.201573 1.511489 33.517286
1628250042.226164 1.839799 1.774537 22.393003 4.331076 1.758253 32.096668
1628250042.326339 1.957640 1.813552 22.242526 4.532050 1.485452 32.031220
1628250042.426588 1.881208 1.651949 22.329830 5.514914 1.408126 32.786027
1628250042.526754 1.741195 1.580234 21.944009 4.942631 1.420977 31.629046
1628250042.626934 2.259958 1.076779 19.604876 5.852456 1.063819 29.857888
1628250042.727155 2.179423 1.614419 19.925441 5.708247 1.352477 30.780007
1628250042.827355 1.733600 1.916056 22.567825 4.561752 1.463891 32.243124
1628250042.927522 1.774080 1.684495 22.144090 6.443191 1.408387 33.454243
1628250043.027708 2.110417 1.936565 22.062085 4.666987 1.539187 32.315241
1628250043.127904 1.968242 1.810105 21.899421 4.499790 1.716309 31.893867
1628250043.228169 1.908596 1.783232 22.875760 5.388364 1.845102 33.801054
1628250043.328298 1.864558 1.761881 22.054405 4.288488 1.431458 31.400790
1628250043.428561 1.850492 1.714898 22.929680 6.127714 1.425758 34.048542
1628250043.528677 1.825861 1.725432 22.630456 4.818077 1.469220 32.469046
1628250043.628902 1.954013 1.838136 23.153789 5.502785 1.559879 34.008602
1628250043.729070 2.112445 1.945198 22.959554 6.045194 1.555812 34.618203
1628250043.829277 1.825017 1.772032 23.958141 5.835831 1.509090 34.900111
1628250043.929463 1.971742 1.888351 24.144213 5.342312 1.801021 35.147639
1628250044.029967 1.746444 1.688231 22.381536 5.007538 1.406398 32.230147
1628250044.129862 1.955247 1.849764 23.226128 4.655020 1.549038 33.235197
1628250044.230057 1.710315 1.724489 23.280250 6.398337 1.458874 34.572265
1628250044.330274 1.517502 1.582538 23.447461 5.561346 1.714020 33.822867
1628250044.430456 1.592575 1.577422 22.362077 4.891308 1.345467 31.768849
1628250044.530638 1.890451 1.851893 22.621113 5.564610 1.911206 33.839273
1628250044.630837 0.803159 0.778470 21.567022 4.275136 0.762681 28.186468
1628250044.731071 1.971274 1.827449 22.588557 5.043773 1.752944 33.183997
1628250044.831231 1.872722 1.780369 24.051073 5.436120 1.495878 34.636162
1628250044.931412 1.904820 1.797168 24.407007 4.846149 1.503658 34.458802
1628250045.031668 1.661512 1.642341 25.601009 4.292146 1.674877 34.871885
1628250045.131802 1.824309 1.592611 22.107625 5.729981 1.492415 32.746941
1628250045.232003 1.684512 1.685195 24.959732 5.807863 1.729436 35.866738
1628250045.332402 1.589177 1.519165 22.723783 5.040501 1.391800 32.264426
1628250045.432412 1.872442 1.756306 22.155367 4.705261 1.492208 31.981584
1628250045.532598 2.391854 1.786573 20.114509 6.300296 1.131109 31.724341
1628250045.632794 1.563350 1.567114 21.557542 5.960736 1.418938 32.067680
1628250045.732978 2.049598 1.856523 23.120255 4.691285 1.573788 33.291449
1628250045.835390 1.889932 1.838462 23.531359 5.285979 1.586353 34.132085
1628250045.933373 1.766166 1.668013 21.003858 4.778808 1.386695 30.603540
1628250046.033569 1.443037 1.458675 23.666610 5.065362 1.364666 32.998350
1628250046.133776 1.732390 1.626434 22.805525 5.048986 1.433930 32.647265
1628250046.234285 1.757778 1.688040 23.611630 5.905845 1.983287 34.946580
1628250046.334148 1.828203 1.738950 23.465361 5.474449 1.517114 34.024077
1628250046.434344 1.104773 1.037415 20.678804 5.142189 0.896718 28.859899
1628250046.534701 1.905823 1.675574 23.264594 6.751614 1.448893 35.046498
1628250046.635701 1.606742 1.701551 24.163628 6.344064 1.543211 35.359196
1628250046.735010 2.022298 1.821861 22.784111 4.512788 1.524616 32.665674
1628250046.836699 1.820153 1.831028 24.061562 5.272163 1.511821 34.496727
1628250046.935331 1.796716 1.657927 23.992528 5.582185 1.418569 34.447925
1628250047.035519 1.710498 1.637542 23.757255 5.835362 2.115036 35.055693
1628250047.135710 1.808120 1.682333 21.981802 6.063045 1.466867 33.002167
1628250047.235913 1.877180 1.783967 23.788213 5.817694 1.872214 35.139268
1628250047.336113 1.767882 1.774492 22.961024 6.684885 1.566444 34.754727
1628250047.437190 1.766154 1.751144 23.763415 5.772568 1.511255 34.564536
1628250047.536503 1.442298 1.484478 20.161788 4.730727 1.420447 29.239738
1628250047.636689 1.728826 1.678959 23.026319 5.738032 1.576857 33.748993
1628250047.736905 1.822381 1.689506 22.415854 5.146750 1.448732 32.523223
1628250047.838250 1.956594 1.816471 18.231575 6.140811 1.559880 29.705331
1628250047.937277 1.828832 1.734449 23.059728 5.328927 1.454231 33.406167
1628250048.037472 1.984510 1.841985 22.689831 5.865236 1.617773 33.999335
1628250048.137672 1.777440 1.706651 21.617648 5.140925 1.425759 31.668423
1628250048.237855 2.052105 1.901767 22.041890 6.933892 1.544856 34.474510
1628250048.338065 1.824759 1.791385 16.923519 5.182520 1.533156 27.255339
1628250048.438253 1.910521 1.770421 20.238820 5.418186 1.475016 30.812964
1628250048.538458 1.857483 1.722014 20.336666 5.637749 1.452983 31.006895
1628250048.638633 2.135642 1.829838 22.396912 4.870006 1.575255 32.807653
1628250048.738852 2.086402 1.935478 21.131677 5.163408 1.573553 31.890518
1628250048.839075 1.778570 1.689859 24.847549 5.828881 1.962499 36.107358
1628250048.939271 1.699418 1.665211 19.911719 5.154444 1.429428 29.860220
1628250049.039480 1.924467 1.900189 21.073785 4.506075 1.603196 31.007712
1628250049.139623 2.340627 2.086973 16.843058 5.979845 1.350446 28.600949
1628250049.239809 1.976502 1.865378 24.795296 3.728933 1.530024 33.896133
1628250049.340024 2.044624 1.851008 21.772216 4.469767 1.529097 31.666712
1628250049.440200 1.787295 1.694510 21.289919 4.739693 1.485978 30.997395
1628250049.540429 2.014413 1.809950 21.586735 6.030697 1.454996 32.896791
1628250049.640586 1.801080 1.818062 22.853068 5.116737 1.566794 33.155741
1628250049.740783 2.042954 1.807369 24.356725 5.067920 1.523808 34.798776
1628250049.840994 1.947117 1.851682 24.613852 4.689506 1.617203 34.719360
1628250049.941178 1.937826 1.724086 24.406252 6.014401 1.489116 35.571681
1628250050.041388 1.761137 1.702574 24.458973 4.484557 1.483943 33.891184
1628250050.141566 1.965422 1.783359 24.051554 5.148224 1.768357 34.716916
1628250050.241772 1.908977 1.862618 24.916997 5.507836 1.567481 35.763909
1628250050.342002 1.983313 1.937471 24.002283 5.446337 1.650194 35.019598
1628250050.442149 1.854976 1.859398 24.077688 5.862207 1.603155 35.257424
1628250050.542363 1.953243 1.883665 25.044011 4.975714 1.610803 35.467436
1628250050.642573 2.047539 1.854554 26.111489 7.816550 1.595712 39.425844
1628250050.742757 1.782893 1.720654 24.354384 6.323160 1.491387 35.672478
1628250050.842944 2.071807 1.812427 22.847833 5.138310 1.798393 33.668770
1628250050.943142 1.889509 1.736956 24.493018 5.224032 1.489892 34.833407
1628250051.043321 1.763915 1.617577 26.800401 5.263591 1.455828 36.901312
1628250051.143525 1.651915 1.640458 24.001411 5.074676 1.498015 33.866475
1628250051.243719 1.942412 1.782668 24.885149 6.970544 1.839984 37.420757
1628250051.343906 1.746249 1.659235 24.280613 5.823237 1.500325 35.009659
1628250051.444113 1.729160 1.626436 24.705509 6.107423 1.466640 35.635168
1628250051.544307 1.879670 1.817974 25.167456 6.433370 1.926689 37.225159
1628250051.644496 1.938031 1.825616 23.239096 5.422315 1.592448 34.017506
1628250051.744704 1.890829 1.766835 23.715423 5.701046 1.590090 34.664223
1628250051.844909 1.745010 1.705585 24.018119 6.530455 1.788345 35.787514
1628250051.945116 1.701454 1.620455 24.247489 5.833594 1.488439 34.891431
1628250052.045312 2.174907 1.649060 23.830224 6.385992 1.934934 35.975117
1628250052.145494 1.788807 1.750021 25.650199 5.199185 1.543936 35.932148
1628250052.245707 2.008139 1.826244 23.506850 6.021427 1.859857 35.222517
1628250052.345870 1.714904 1.773088 23.687496 6.133948 1.484381 34.793817
1628250052.446059 2.057754 1.882013 19.427550 5.073061 1.573117 30.013495
1628250052.546248 1.791839 1.660193 22.532119 6.077244 1.510780 33.572175
1628250052.646447 1.566054 1.506774 21.762893 6.388245 1.324474 32.548440
1628250052.746652 1.708541 1.495263 21.561567 6.346437 1.429461 32.541269
1628250052.846835 1.661688 1.597560 22.422905 4.988324 1.765835 32.436312
1628250052.947051 1.711289 1.617619 21.730959 6.731758 1.414260 33.205885
1628250053.047262 2.011014 1.815776 21.554296 6.237394 1.786221 33.404701
1628250053.147420 1.863947 1.741627 16.182584 4.938322 1.291556 26.018036
1628250053.248097 1.987208 1.774577 20.882823 5.399754 1.508459 31.552821
1628250053.347841 1.986712 1.843004 16.235427 5.156913 1.640077 26.862133
1628250053.448019 1.755403 1.664561 20.880507 6.162292 1.457986 31.920749
1628250053.548201 1.729050 1.663844 18.713461 5.784757 2.038499 29.929611
1628250053.648413 1.570943 1.526024 20.893775 6.180329 1.402913 31.573984
1628250053.748606 2.283471 2.020403 20.588732 5.362238 1.763795 32.018639
1628250053.848814 1.667596 1.592211 22.145252 5.392098 1.440449 32.237606
1628250053.949007 1.638276 1.634553 21.455720 5.804279 1.486974 32.019802
1628250054.049193 1.696309 1.599207 20.245283 5.358685 1.350475 30.249959
1628250054.149391 2.068035 1.884347 21.788662 5.423342 1.619272 32.783658
1628250054.249676 2.049215 1.814051 22.316918 5.644227 1.601773 33.426184
1628250054.349800 1.926995 1.740209 23.272987 7.655859 1.488987 36.085037
1628250054.449971 1.708309 1.730991 23.350592 6.178454 1.602864 34.571210
1628250054.550184 0.930102 0.973831 23.387721 5.553998 1.037675 31.883327
1628250054.650348 1.976873 1.835742 24.074613 5.064126 1.637037 34.588391
1628250054.750559 2.103655 1.671645 26.352716 5.322709 1.613356 37.064081
1628250054.850737 1.915505 1.879184 24.369949 5.620668 1.599269 35.384575
1628250054.950947 1.678746 1.701456 22.699491 6.404320 1.483499 33.967512
1628250055.051552 2.025131 1.941385 24.257391 6.359976 1.714710 36.298593
1628250055.151419 1.925201 1.824558 23.493541 4.550025 1.536175 33.329500
1628250055.251526 2.013832 1.937592 23.985066 6.331724 1.597623 35.865837
1628250055.351718 1.807875 1.845585 23.764617 6.083142 1.901881 35.403100
1628250055.451917 1.708134 1.632174 23.594270 5.534873 1.417188 33.886639
1628250055.552109 0.701871 0.748302 21.890008 5.508816 0.843169 29.692166
1628250055.652342 1.525369 1.465892 25.760929 5.328006 1.498291 35.578487
1628250055.752498 1.715488 1.628247 24.236919 5.258398 1.510937 34.349989
1628250055.853004 2.348376 1.751680 23.563392 4.961419 1.392954 34.017821
1628250055.952915 2.419639 1.778773 27.250582 5.871585 1.504356 38.824935
1628250056.055070 1.606883 1.602370 23.546018 5.509178 1.425345 33.689794
1628250056.153404 2.172036 1.872706 24.445861 5.387411 1.632707 35.510721
1628250056.253631 1.799822 1.803906 23.375131 6.038346 1.538304 34.555509
1628250056.353670 1.955055 1.886911 19.424872 6.277331 0.959432 30.503601
1628250056.456123 1.868927 1.731331 19.056742 5.397120 1.110247 29.164367
1628250056.554078 1.743712 1.690344 22.368901 5.484018 1.510135 32.797110
1628250056.654326 1.665594 1.590236 24.449932 7.438121 1.879569 37.023452
1628250056.754462 2.126712 1.174129 26.000670 6.496319 0.777242 36.575072
1628250056.854654 1.709488 1.679729 27.855039 5.369448 1.475277 38.088981
1628250056.954840 1.911386 1.877527 22.749370 5.478630 1.620684 33.637597
1628250057.055066 1.978477 1.930360 24.362142 6.460037 1.963867 36.694883
1628250057.155243 1.830157 1.746302 19.750279 6.853712 1.524029 31.704479
1628250057.255623 1.695011 1.643070 23.756570 8.010416 1.499742 36.604809
1628250057.355629 1.944927 1.811691 22.963136 7.134368 1.932662 35.786784
1628250057.455864 1.793196 1.669141 22.437918 6.957815 1.451164 34.309234
1628250057.556031 1.942760 1.858163 23.686485 6.433333 2.125517 36.046258
1628250057.656633 1.719840 1.678151 24.024177 6.593453 1.461374 35.476995
1628250057.758081 1.968767 1.929753 23.780672 5.430424 2.010430 35.120046
1628250057.856618 1.886919 1.898760 23.783905 6.334860 1.622949 35.527393
1628250057.956831 0.990648 0.825005 21.400894 6.645534 1.000801 30.862882
1628250058.057042 2.254806 1.805306 25.294120 6.071835 1.440763 36.866830
1628250058.157202 1.997880 1.852056 18.834915 6.936666 1.559001 31.180518
1628250058.258630 1.948472 1.871265 23.243770 6.760938 1.611330 35.435775
1628250058.454061 3.174714 2.086225 19.555775 6.055037 1.658954 32.530705
1628250058.457782 0.000274 0.798897 17.222799 6.049475 0.739471 24.810916
1628250058.557997 1.710236 1.730820 23.522017 6.469165 1.641790 35.074028
1628250058.658223 1.968200 1.891601 23.602086 4.976214 1.620636 34.058737
1628250058.758354 1.690899 1.696874 23.995099 4.817537 1.555345 33.755754
1628250058.858557 2.003239 1.933603 23.692054 4.769499 2.063663 34.462058
1628250058.958743 1.756696 1.682333 22.746403 5.679753 1.441755 33.306940
1628250059.058939 1.902866 1.794108 22.426099 6.125050 1.533716 33.781839
1628250059.159321 1.938225 1.822574 23.007238 4.848633 1.597521 33.214191
1628250059.259585 1.789588 1.745712 23.043770 5.540366 1.500369 33.619805
1628250059.359604 1.865449 1.780124 22.897558 5.520655 1.469235 33.533021
1628250059.459738 1.898522 1.837534 24.026813 5.304508 1.582839 34.650216
1628250059.560013 2.074495 1.585050 24.375598 5.163179 1.436240 34.634562
1628250059.660279 2.100523 1.976622 23.641665 4.851943 1.628081 34.198834
1628250059.760310 1.832949 1.814519 22.525329 5.486617 1.545413 33.204827
1628250059.862161 1.612058 1.685721 24.535121 4.101587 1.397097 33.331584
1628250059.960703 1.914980 1.798438 23.083263 6.437022 1.551785 34.785488
1628250060.060951 2.030661 1.821056 25.190787 5.336579 1.543550 35.922633
1628250060.161089 1.844960 1.858909 25.798417 5.949066 1.552140 37.003492
1628250060.261288 2.067571 1.842543 23.900296 4.781755 1.938386 34.530551
1628250060.361496 1.771981 1.739038 23.820127 6.117837 1.525002 34.973985
1628250060.462250 1.884206 1.737426 23.512869 6.198101 1.495272 34.827874
1628250060.561908 1.592552 1.595890 23.825916 4.859154 1.368357 33.241869
1628250060.662545 1.723889 1.685197 23.406750 5.496484 1.450387 33.762707
1628250060.762269 1.461191 1.709233 25.381268 5.299630 1.932171 35.783493
1628250060.862516 1.684482 1.661636 23.679263 5.822276 1.504046 34.351703
1628250060.962856 2.143104 1.977663 25.165656 5.183021 1.699899 36.169343
1628250061.062948 1.946478 1.940012 25.918338 5.611775 1.625093 37.041696
1628250061.163098 1.918348 1.812238 23.539984 6.758479 1.569111 35.598160
1628250061.263337 1.860437 1.800862 23.523824 5.671076 1.674857 34.531056
1628250061.363511 1.956080 1.787206 23.591257 5.364718 1.473729 34.172990
1628250061.463633 1.749237 1.603722 22.683403 5.456520 1.374794 32.867676
1628250061.563976 2.026732 1.927913 22.844964 4.884554 1.683694 33.367857
1628250061.664326 1.739955 1.653286 23.092091 5.179804 1.414110 33.079246
1628250061.768077 1.849949 1.774586 23.338486 4.337497 1.496301 32.796819
1628250061.864432 1.642023 1.543438 23.158196 4.939317 1.356726 32.639700
1628250061.964907 1.786432 1.751816 22.990044 4.487990 1.457899 32.474181
1628250062.064803 1.814689 1.703759 22.162738 5.613248 1.417990 32.712424
1628250062.165037 1.810170 1.722959 22.591565 5.462712 1.786649 33.374055
1628250062.265486 1.504819 1.472078 21.287095 4.433564 1.333002 30.030558
1628250062.365395 1.885611 1.636636 20.911325 4.467994 1.751694 30.653260
1628250062.465976 1.969427 1.830930 21.596391 4.811327 1.512032 31.720107
1628250062.566291 1.752752 1.624459 25.832495 5.092975 1.646491 35.949172
1628250062.667402 1.616804 1.860942 22.782146 5.348651 1.527640 33.136183
1628250062.768159 1.822261 1.713929 21.848259 4.741442 1.727755 31.853646
1628250062.866439 2.012492 1.909484 23.657867 5.361537 1.522484 34.463864
1628250062.966740 1.834686 1.703173 22.917210 5.721381 1.720286 33.896736
1628250063.066787 1.946351 1.830602 23.277127 4.927947 1.561199 33.543226
1628250063.166970 1.896852 1.733889 26.949217 5.285513 1.905081 37.770552
1628250063.267158 1.844648 1.776881 22.968290 5.315534 1.562884 33.468237
1628250063.367499 2.019050 1.882072 23.433748 4.840571 1.574886 33.750327
1628250063.467545 1.998254 1.921726 23.680806 4.945115 1.577665 34.123566
1628250063.568037 1.832092 1.733178 25.944773 4.788328 1.808527 36.106898
1628250063.667944 0.862538 0.737771 20.765120 6.407055 0.707643 29.480127
1628250063.768126 1.836416 1.708402 23.808641 6.081232 1.472334 34.907025
1628250063.868324 1.912840 1.758347 24.689257 4.728454 1.557813 34.646711
1628250063.968539 1.803588 1.768628 23.617575 5.479294 1.484643 34.153728
1628250064.068710 2.061513 1.855947 23.386248 4.737633 1.577216 33.618557
1628250064.168940 1.873288 1.685521 23.341050 4.779594 1.425967 33.105420
1628250064.269585 1.863079 1.699348 22.499719 4.449063 1.418139 31.929348
1628250064.369289 2.022152 1.996693 22.714579 4.398686 1.615716 32.747826
1628250064.469557 1.843320 1.722304 22.574501 5.412570 1.410348 32.963043
1628250064.570119 1.751505 1.624272 23.084096 4.138751 1.492916 32.091540
1628250064.669950 1.812283 1.671105 21.994016 5.171075 1.468651 32.117130
1628250064.770080 1.803947 1.731559 18.614797 4.673808 1.435499 28.259610
1628250064.870280 1.844445 1.694898 22.558164 4.081104 1.480326 31.658937
1628250064.970474 1.892054 1.781163 22.123057 3.826581 1.516154 31.139009
1628250065.070723 1.477229 1.468901 22.008639 4.261473 1.354687 30.570929
1628250065.170848 1.969044 1.949803 18.778941 4.698698 1.586021 28.982507
1628250065.271046 1.876349 1.755888 22.513607 4.679915 1.740026 32.565785
1628250065.371253 1.906220 1.677486 21.328454 3.820848 1.382216 30.115224
1628250065.471436 1.841036 1.804711 22.836551 4.427361 1.778317 32.687976
1628250065.571639 1.821529 1.732204 21.501615 5.524721 1.446624 32.026693
1628250065.671859 1.781146 1.606887 22.958019 4.729123 1.603959 32.679134
1628250065.772072 1.954700 1.817740 22.540520 4.617053 1.489348 32.419361
1628250065.872246 1.928084 1.742019 22.154028 5.251321 1.678047 32.753499
1628250065.972454 1.883868 1.764093 22.848668 4.736475 1.406142 32.639246
1628250066.072740 1.810971 1.681348 23.724821 4.477320 1.680530 33.374990
1628250066.172808 2.078002 1.856198 24.382960 4.752867 1.542483 34.612510
1628250066.273001 1.732048 1.740574 23.598287 4.337363 1.441475 32.849747
1628250066.373218 1.950386 1.844452 23.399516 4.399752 1.477083 33.071189
1628250066.473404 1.784553 1.678346 23.689834 4.417889 1.374319 32.944941
1628250066.573584 1.970583 1.724030 23.947187 4.074633 1.438906 33.155339
1628250066.673780 1.830950 1.725431 25.540439 5.515848 1.460436 36.073104
1628250066.774303 2.027470 1.867143 25.604852 5.243837 1.527115 36.270417
1628250066.874205 1.866709 1.678011 26.311892 5.161961 1.417833 36.436406
1628250066.974495 1.846941 1.769924 25.255566 4.698853 1.481420 35.052704
1628250067.074561 1.709527 1.665765 25.187522 4.259242 1.310474 34.132530
1628250067.174768 2.111402 1.908838 26.160905 4.879227 1.603712 36.664084
1628250067.274952 1.907269 1.785028 26.070701 3.910233 1.473636 35.146867
1628250067.375576 1.866883 1.748440 24.523288 5.030122 1.704675 34.873408
1628250067.475341 1.888391 1.741203 23.954287 4.139331 1.401007 33.124219
1628250067.575549 1.681177 1.601291 23.338242 5.355750 1.589406 33.565866
1628250067.675828 1.842105 1.680266 23.916441 4.053042 1.439561 32.931415
1628250067.775937 1.964309 1.809583 24.581214 4.771245 1.693905 34.820256
1628250067.876215 1.671002 1.576964 23.037986 4.605373 1.571274 32.462599
1628250067.976609 1.686387 1.612808 21.858980 4.220411 1.428873 30.807459
1628250068.076520 1.754812 1.720134 21.179485 4.558279 1.382243 30.594953
1628250068.176714 1.153220 1.033061 20.392825 5.253362 0.908936 28.741404
1628250068.276947 1.809144 1.614159 23.733504 4.843182 1.338009 33.337998
1628250068.377110 1.786980 1.712324 23.006024 5.354915 1.405016 33.265259
1628250068.477297 2.217349 1.551027 22.091819 4.867593 1.203296 31.931084
1628250068.577564 1.903742 1.883298 18.313881 3.395615 1.506928 27.003464
1628250068.677705 2.033062 1.922532 26.918883 4.581787 1.574697 37.030961
1628250068.777897 1.820263 1.756073 25.913684 4.961390 1.854260 36.305670
1628250068.878099 2.180010 1.405053 22.481527 4.601067 1.073848 31.741505
1628250068.978321 1.708186 1.597305 23.048927 5.460097 1.390119 33.204634
1628250069.078467 2.286895 1.704937 24.141654 6.093779 1.859378 36.086643
1628250069.178717 1.893993 1.795856 23.459628 4.495249 1.486658 33.131384
1628250069.278918 1.748310 1.646289 23.737303 4.749454 1.408860 33.290216
1628250069.379058 1.793239 1.690167 21.263995 4.580161 1.395762 30.723324
1628250069.479256 2.008413 1.749852 25.569377 5.047712 1.485821 35.861175
1628250069.579503 2.152272 1.916624 25.361359 5.279425 1.521860 36.231540
1628250069.679650 1.727266 1.635833 24.302348 4.386921 1.345313 33.397681
1628250069.779840 1.991697 1.891848 24.900300 4.842428 1.452902 35.079175
1628250069.880029 1.735428 1.635203 24.664658 4.855617 1.512337 34.403243
1628250069.980254 1.761510 1.674676 24.766304 5.269243 1.408963 34.880696
1628250070.080460 1.658453 1.571059 20.970681 5.457181 1.318285 30.975659
1628250070.180646 1.846963 1.779491 20.424459 4.745107 1.393141 30.189161
1628250070.280810 1.977453 1.789938 24.122952 4.896723 1.595029 34.382095
1628250070.381011 1.800088 1.860895 26.717742 5.484178 1.766092 37.628995
1628250070.481219 1.708465 1.698667 19.564172 4.803573 0.937228 28.712105
1628250070.581411 1.804941 1.551573 24.630936 4.365656 1.269953 33.623059
1628250070.681603 1.879764 1.744557 24.901256 4.959993 1.387193 34.872763
1628250070.781806 1.805085 1.663360 26.352284 4.392064 1.773054 35.985847
1628250070.882022 0.751380 0.755036 22.234147 5.694015 0.692615 30.127193
1628250070.982411 1.901165 1.686632 25.558165 5.396582 1.608998 36.151542
1628250071.082392 2.112129 1.850998 24.119966 4.774555 1.430724 34.288372
1628250071.182575 1.856415 1.671867 22.853146 5.026063 1.371964 32.779455
1628250071.282800 1.606944 1.502996 23.166743 3.982557 1.282049 31.541289
1628250071.382959 1.693096 1.541827 23.171711 4.024600 1.253765 31.684999
1628250071.483155 1.900051 1.801651 24.403722 5.940907 1.658405 35.704736
1628250071.583395 2.041986 1.801260 24.690713 5.240823 1.525503 35.300285
1628250071.683548 1.991107 1.843498 20.940120 4.750711 1.689842 31.215278
1628250071.783792 1.841529 1.723294 23.601082 3.730371 1.382229 32.278505
1628250071.883947 1.825059 1.726361 23.601783 4.075474 1.417346 32.646023
1628250071.984129 1.827335 1.780764 23.592520 5.353964 1.462038 34.016621
1628250072.084415 2.102258 2.014685 24.896380 4.550502 1.568554 35.132379
1628250072.184685 1.913620 1.807246 24.198751 4.080789 1.481745 33.482151
1628250072.284730 1.794155 1.674265 24.420651 4.096275 1.419614 33.404960
1628250072.384917 1.584019 1.495805 24.411979 3.903497 1.245550 32.640850
1628250072.485113 2.237940 1.622404 23.133220 4.849927 1.511605 33.355096
1628250072.585401 1.955936 1.926709 25.389766 4.003974 1.711697 34.988082
1628250072.685494 1.721377 1.669404 26.083550 4.522028 1.504508 35.500867
1628250072.785695 0.783308 0.825349 23.179980 4.374312 0.772828 29.935777
1628250072.885929 2.210485 1.676578 23.555327 4.207959 1.406842 33.057191
1628250072.987018 1.813049 1.648879 27.675923 4.269487 1.406364 36.813702
1628250073.086362 1.652406 1.635898 22.930302 5.482475 1.420491 33.121572
1628250073.186479 1.669417 1.614190 28.018975 4.902234 1.354463 37.559279
1628250073.286670 1.885421 1.763723 27.393479 5.525564 1.588697 38.156884
1628250073.387438 2.193617 1.994721 28.732943 4.904491 1.548233 39.374005
1628250073.487077 1.914793 1.859534 27.207970 5.341547 1.472370 37.796214
1628250073.587274 2.205471 2.184410 28.267425 6.054075 1.846642 40.558023
1628250073.687566 1.919092 1.874146 25.683206 5.716604 1.486128 36.679176
1628250073.787736 1.797824 1.675586 27.359338 4.685536 1.353698 36.871982
1628250073.887852 1.895166 1.800032 27.705527 4.996012 1.448634 37.845371
1628250073.988037 2.044159 2.083571 30.882373 5.362731 1.580361 41.953195
1628250074.088233 1.523596 1.590333 27.589969 4.883283 1.549912 37.137093
1628250074.188452 1.674226 1.661860 28.643304 6.013797 1.390824 39.384011
1628250074.288621 1.953991 1.807970 28.134092 4.982461 1.628829 38.507343
1628250074.389119 1.800846 1.686098 27.203567 5.107482 1.422748 37.220741
1628250074.489537 1.746169 1.661465 27.372084 5.434581 1.581016 37.795315
1628250074.589922 1.670895 0.864711 27.038058 5.875344 0.702705 36.151713
1628250074.689416 1.509765 1.618759 27.165596 4.902520 1.451512 36.648152
1628250074.789611 1.949813 1.839660 26.807201 5.199648 1.527515 37.323837
1628250074.889791 1.423072 1.225205 25.446050 5.127352 1.233450 34.455129
1628250074.989984 1.907862 1.835568 26.454564 5.488529 1.495083 37.181606
1628250075.090186 1.939240 1.493537 27.437697 5.595220 1.284112 37.749806
1628250075.190385 2.026695 1.901671 27.078014 5.170857 1.785272 37.962509
1628250075.290592 1.629067 1.651534 27.947369 5.037650 1.377628 37.643248
1628250075.390770 1.810991 1.749898 27.621609 5.865546 1.613305 38.661349
1628250075.490962 1.592162 1.642113 23.644516 5.524197 1.436294 33.839282
1628250075.591165 1.643280 1.632076 26.147721 5.867730 1.447929 36.738736
1628250075.691368 1.728898 1.722777 27.588984 5.277323 1.412511 37.730493
1628250075.791558 1.968855 1.860309 26.705600 5.176167 0.842888 36.553819
1628250075.891901 1.827458 1.842248 27.446965 6.261744 1.504707 38.883122
1628250075.991946 1.601989 1.530213 29.357625 4.951624 1.482095 38.923546
1628250076.092135 2.169977 1.560587 31.855216 6.681147 1.382924 43.649851
1628250076.192331 2.050999 1.906359 28.357988 5.099812 1.628380 39.043538
1628250076.294149 1.802624 1.742783 28.542200 4.898083 1.438120 38.423810
1628250076.392745 2.405526 1.433691 28.722719 5.158538 1.089101 38.809575
1628250076.493009 1.860854 1.793053 24.810034 4.919613 1.451140 34.834694
1628250076.593111 1.935823 1.768195 27.574219 5.230257 1.458513 37.967007
1628250076.693740 1.644472 1.562062 28.420113 5.261246 1.376366 38.264259
1628250076.793515 2.276382 2.040562 27.845709 5.378571 1.622980 39.164204
1628250076.895836 1.530048 1.614862 29.775297 5.458296 1.404502 39.783005
1628250076.993890 1.916506 1.749289 27.909593 5.869701 1.458990 38.904079
1628250077.094354 1.821507 1.738671 27.195350 5.739641 1.456752 37.951921
1628250077.194346 1.857871 1.718119 27.328917 5.266467 1.450841 37.622215
1628250077.294494 1.779066 1.718444 27.976757 4.817383 1.407490 37.699140
1628250077.394669 1.810205 1.674150 26.712206 5.248261 1.422511 36.867333
1628250077.494911 1.616833 1.614647 26.837070 4.969194 1.343140 36.380884
1628250077.595066 2.183479 1.881145 25.777667 5.604306 1.531698 36.978295
1628250077.695276 1.560300 1.516264 26.576750 4.784930 1.372011 35.810255
1628250077.795455 1.832202 1.732079 26.258943 4.420056 1.386157 35.629437
1628250077.896118 1.576725 1.550674 26.788957 5.241795 1.299936 36.458087
1628250077.995861 2.064541 1.971062 23.601248 5.338971 1.519126 34.494948
1628250078.096047 1.757993 1.708386 25.782106 6.344410 1.350584 36.943479
1628250078.196239 1.975314 1.813737 26.099223 5.799727 1.533102 37.221103
1628250078.296438 1.885377 1.762829 25.700167 6.457572 1.447432 37.253377
1628250078.396635 1.932115 1.830417 26.120732 5.930203 1.501861 37.315328
1628250078.496830 1.580122 1.594967 23.808045 5.611145 1.353433 33.947712
1628250078.597044 1.800059 1.651608 23.709546 5.425329 1.352624 33.939166
1628250078.697212 1.825363 1.711785 26.156411 5.014113 1.454198 36.161870
1628250078.797492 1.978318 1.859414 25.185701 5.605842 1.503539 36.132814
1628250078.897614 1.566031 1.744130 26.968023 4.762903 1.340614 36.381701
1628250078.997816 2.060680 1.928721 24.587457 7.214678 1.550044 37.341580
1628250079.098021 1.388873 1.483795 24.703042 6.001161 1.312479 34.889350
1628250079.198187 1.871045 1.762603 24.178244 4.709990 1.466971 33.988853
1628250079.298449 1.747502 1.639586 24.248827 5.052912 1.373378 34.062205
1628250079.398583 1.899859 1.730742 24.079089 5.563730 1.419410 34.692830
1628250079.498815 1.548200 1.703099 24.662206 4.263760 1.423401 33.600666
1628250079.598986 1.759559 1.737005 24.959628 5.011100 1.475634 34.942926
1628250079.701499 1.927016 1.731271 24.672682 5.867517 1.376350 35.574836
1628250079.799547 2.012712 1.866528 25.881113 5.674676 1.486479 36.921508
1628250079.899669 1.178599 1.374943 27.496685 5.364497 1.435441 36.850165
1628250079.999787 1.969613 1.756865 25.165053 4.955901 1.482201 35.329633
1628250080.099977 1.665917 1.602175 26.381318 4.752114 1.319436 35.720960
1628250080.200170 1.781458 1.745540 25.949830 5.862982 1.460723 36.800533
1628250080.300347 1.723075 1.675382 25.875871 5.122990 1.365188 35.762506
1628250080.400631 2.040565 1.894139 26.722239 6.420816 1.542322 38.620081
1628250080.500731 1.616665 1.616964 26.631705 6.276908 1.380001 37.522243
1628250080.601796 1.899321 1.765002 24.847092 4.216893 1.418711 34.147019
1628250080.701129 1.880534 1.837676 27.570716 5.874951 1.452828 38.616705
1628250080.801345 1.800644 1.799820 25.954336 5.134235 1.466022 36.155057
1628250080.901519 1.621784 0.988972 23.297944 5.256297 0.691753 31.856750
1628250081.001727 1.653421 1.652321 27.457140 4.849674 1.415236 37.027792
1628250081.101910 1.678343 1.727472 26.296807 4.702496 1.420378 35.825496
1628250081.202117 2.148945 2.001729 24.162456 5.231398 1.559358 35.103886
1628250081.302290 1.915208 1.723954 25.264347 5.558939 1.480218 35.942666
1628250081.402498 1.665242 1.645197 25.939703 5.333008 1.348047 35.931197
1628250081.502704 1.685860 1.682922 25.987765 6.189796 1.467352 37.013695
1628250081.602946 1.817996 1.781646 24.101075 5.233419 1.491325 34.425461
1628250081.703083 1.551987 1.562768 25.333593 5.469371 1.299994 35.217713
1628250081.803269 1.808833 1.738693 25.949670 4.649893 1.374172 35.521261
1628250081.903864 1.480324 1.489306 25.173557 4.850230 1.277238 34.270655
1628250082.003734 1.943863 1.846168 25.747145 4.974737 1.458576 35.970489
1628250082.103855 1.766880 1.723954 25.629450 5.220754 1.387279 35.728317
1628250082.204051 1.960396 1.701233 26.940811 5.295389 1.499711 37.397540
1628250082.304239 1.863516 1.739091 25.688547 4.515645 1.461266 35.268065
1628250082.404440 1.733933 1.718083 27.526194 4.479050 1.393342 36.850602
1628250082.504631 1.698968 1.680175 27.258028 6.354823 1.359840 38.351834
1628250082.604826 2.125729 2.052011 26.780758 5.654623 1.575452 38.188573
1628250082.705069 1.986619 1.573121 30.102422 5.008843 1.540655 40.211660
1628250082.805221 1.845968 1.820074 26.309478 5.257296 1.701774 36.934590
1628250082.905418 1.926971 1.573116 28.451531 5.198975 1.845561 38.996154
1628250083.005609 1.625998 1.578639 25.513149 5.682866 1.224067 35.624719
1628250083.105811 1.513246 1.541740 27.784490 6.207859 1.709025 38.756360
1628250083.206018 1.584132 1.545457 27.612672 6.135659 1.286315 38.164235
1628250083.308099 1.599728 1.629302 27.152775 4.883889 1.862973 37.128667
1628250083.406403 1.810554 1.691244 25.933885 6.407041 1.348734 37.191458
1628250083.506583 2.133579 1.541243 28.609770 6.332209 1.506936 40.123737
1628250083.606854 1.661672 1.624287 26.710390 6.664423 1.354163 38.014935
1628250083.706987 1.840447 1.724633 28.993013 5.843253 1.402834 39.804180
1628250083.807197 1.917168 1.770797 27.763951 5.624771 1.375868 38.452555
1628250083.907376 1.575286 1.513082 29.617417 4.902589 1.284847 38.893221
1628250084.007572 2.146677 2.018569 29.319556 4.814005 1.786436 40.085243
1628250084.107754 1.528571 1.553270 29.386587 5.194531 1.307688 38.970647
1628250084.207965 1.677035 1.574998 28.427467 6.071162 1.399873 39.150535
1628250084.308196 1.717899 1.574312 27.963275 4.869879 1.360601 37.485966
1628250084.408345 1.945686 1.794865 29.498267 4.671401 1.478379 39.388598
1628250084.508539 1.760969 1.618929 30.646556 5.280561 1.397330 40.704345
1628250084.608752 1.274122 1.461295 29.868318 5.003444 1.500723 39.107902
1628250084.708926 1.984998 1.532016 31.355737 4.880048 1.311314 41.064113
1628250084.809129 1.717557 1.622659 27.125435 5.342614 1.378728 37.186993
1628250084.909349 1.509123 1.563696 29.679631 4.602311 1.315958 38.670719
1628250085.009549 1.964925 1.837150 28.524552 4.640044 1.522829 38.489500
1628250085.110179 1.590262 1.503043 28.498224 5.228901 1.235762 38.056192
1628250085.209907 1.942848 1.836962 28.859173 4.968105 1.468475 39.075563
1628250085.310263 1.676605 1.643018 29.468294 5.433400 1.387311 39.608628
1628250085.410309 1.812583 1.681993 27.156405 4.838502 1.397648 36.887131
1628250085.510516 1.606823 1.596989 27.463389 4.771253 1.277945 36.716399
1628250085.610695 1.918330 1.733157 26.634729 4.616478 1.427674 36.330368
1628250085.710887 1.566024 1.560742 27.875372 5.414402 1.316298 37.732838
1628250085.811087 1.515965 1.464278 26.933834 4.806121 1.236751 35.956949
1628250085.911305 1.630594 1.694376 26.464641 4.495554 1.306512 35.591677
1628250086.012100 1.823639 1.673141 25.780473 4.477886 1.378371 35.133510
1628250086.111683 1.709461 1.622300 26.075821 6.878548 1.346290 37.632420
1628250086.211877 2.250814 1.625852 28.999898 5.064041 1.685170 39.625775
1628250086.312072 1.768897 1.756881 27.898261 5.765564 1.469065 38.658668
1628250086.412251 1.863537 1.717914 26.541340 5.368134 1.384758 36.875683
1628250086.512447 1.707768 1.664491 26.197471 5.692198 1.330072 36.592000
1628250086.612896 1.692181 1.586185 25.680762 5.421891 1.343538 35.724557
1628250086.712833 1.791295 1.601864 25.450700 4.818351 1.425117 35.087327
1628250086.813685 1.950208 1.897621 25.337763 5.128918 1.504600 35.819110
1628250086.913231 1.832240 1.818464 28.320578 5.428900 1.570000 38.970182
1628250087.014007 1.889054 1.694457 30.026830 4.718046 1.484844 39.813231
1628250087.113630 2.107475 1.867014 26.297768 5.288235 1.504055 37.064547
1628250087.213825 1.673908 1.629332 24.122932 5.683331 1.324099 34.433602
1628250087.314029 1.511381 1.542486 26.167625 5.042551 1.293722 35.557765
1628250087.414210 2.024173 1.822890 21.177312 5.411391 1.487184 31.922950
1628250087.516125 1.667808 1.625245 25.074853 5.977155 1.316933 35.661994
1628250087.614622 2.011084 1.857356 27.530710 6.318287 1.439363 39.156800
1628250087.714921 1.768702 1.776320 23.668791 5.918336 1.386917 34.519066
1628250087.815012 1.831290 1.753179 27.250904 5.875938 1.362774 38.074085
1628250087.915316 1.715991 1.631193 25.096150 5.834204 1.368997 35.646535
1628250088.015398 1.326031 1.615297 25.725897 6.151804 1.426073 36.245102
1628250088.115661 1.588707 1.548721 27.258129 5.431917 1.285053 37.112527
1628250088.215792 2.008643 1.835144 27.351736 6.070336 1.432049 38.697908
1628250088.315968 1.797481 1.728902 26.892216 6.355252 1.459039 38.232890
1628250088.416170 1.931304 1.802734 23.360600 5.115616 1.423869 33.634123
1628250088.516396 2.089055 1.768444 26.468787 4.944555 1.444320 36.715161
1628250088.616549 1.805412 1.695552 26.222965 5.907177 1.410156 37.041262
1628250088.716744 1.646238 1.657727 26.709003 4.837793 1.337370 36.188131
1628250088.816943 1.974247 1.813145 27.463504 4.750693 1.467704 37.469293
1628250088.917134 1.792987 1.744827 25.750827 6.545388 1.446501 37.280530
1628250089.017334 1.752126 1.658181 22.821733 4.802217 1.217619 32.251876
1628250089.117529 1.711461 1.632285 26.303685 6.215074 1.249795 37.112300
1628250089.217739 1.801146 1.701041 26.415635 5.594627 1.335431 36.847880
1628250089.317920 1.551456 1.523674 26.334550 4.665019 1.248793 35.323492
1628250089.418534 2.305016 1.689507 26.721763 5.515680 1.329261 37.561227
1628250089.518316 1.737420 1.648212 26.499751 5.296988 1.413385 36.595756
1628250089.618497 1.820615 1.656747 25.985761 5.261243 1.307277 36.031643
1628250089.720109 1.559830 1.565410 26.066298 5.523877 1.362805 36.078220
1628250089.818889 1.930195 1.754192 25.710488 5.024835 1.434781 35.854491
1628250089.919147 1.642071 1.471903 26.591329 5.707410 1.396461 36.809174
1628250090.019356 2.006994 1.755348 24.986358 5.734174 1.363440 35.846314
1628250090.119485 1.605470 1.566959 25.460299 6.445232 1.387478 36.465438
1628250090.219678 2.111843 1.849108 26.720961 6.417921 1.504950 38.604783
1628250090.319869 1.910398 1.737886 25.509206 4.675549 1.404768 35.237807
1628250090.420073 1.781920 1.744593 24.506047 7.476337 1.302622 36.811519
1628250090.520282 1.737595 1.641474 25.208155 5.134482 1.276098 34.997804
1628250090.620470 1.853847 1.678634 24.072997 5.449877 1.332363 34.387718
1628250090.720676 1.641147 1.531256 25.186067 4.802047 1.268061 34.428578
1628250090.820844 2.056888 1.812015 25.879737 6.794942 1.428237 37.971819
1628250090.921045 1.703710 1.631600 26.010467 5.883152 1.285932 36.514861
1628250091.021246 1.486039 1.273082 25.131834 6.592364 0.984414 35.467733
1628250091.121423 1.720365 1.726188 25.445921 5.381487 1.411931 35.685892
1628250091.221641 1.903006 1.867355 25.762013 5.483172 1.459720 36.475266
1628250091.321824 1.717141 1.627215 26.503967 6.281769 1.324497 37.454589
1628250091.422067 1.687998 1.623593 25.814200 5.468740 1.319976 35.914507
1628250091.522272 1.731299 1.586460 26.312444 6.087723 1.309680 37.027606
1628250091.622452 2.188707 1.972583 26.947328 5.510371 1.548822 38.167811
1628250091.722610 1.949132 1.699378 25.820211 6.142894 1.356805 36.968420
1628250091.822806 1.786769 1.687309 26.233186 5.980747 1.374733 37.062744
1628250091.922994 1.718770 1.690378 26.875812 5.183182 1.297606 36.765748
1628250092.023229 1.857254 1.839751 25.833983 5.367866 1.416197 36.315051
1628250092.123386 1.780395 1.767872 24.171683 6.327985 1.403309 35.451244
1628250092.223577 1.897533 1.676265 23.785114 5.927650 1.336249 34.622811
1628250092.323819 1.701014 1.651347 23.839287 6.375964 1.351582 34.919194
1628250092.423978 2.225867 1.420971 24.701038 6.367663 1.047596 35.763135
1628250092.528099 1.961371 1.684783 23.383883 5.202345 1.346169 33.578551
1628250092.624396 1.952218 1.747586 22.292596 4.791486 1.380100 32.163986
1628250092.724564 1.815575 1.700135 22.323978 5.308825 1.294007 32.442520
1628250092.824750 1.885619 1.719851 21.725691 5.807435 1.347034 32.485630
1628250092.924970 1.829748 1.647755 21.978011 5.052281 1.280535 31.788330
1628250093.025147 1.845759 1.784412 22.615524 5.924467 1.402601 33.572763
1628250093.125344 1.790264 1.629308 21.699706 4.906180 1.316902 31.342360
1628250093.225543 1.750455 1.648935 21.647527 6.226921 1.522900 32.796738
1628250093.325731 1.762419 1.661436 22.320554 6.411433 1.410208 33.566050
1628250093.425964 1.697657 1.551804 23.413450 7.935544 1.238013 35.836468
1628250093.526126 1.745073 1.618465 24.422532 6.353441 1.273430 35.412941
1628250093.626315 1.904045 1.738765 22.813384 7.957936 1.389124 35.803254
1628250093.726498 2.252237 1.600433 27.012572 7.199347 1.379485 39.444074
1628250093.826702 1.965942 1.766826 25.081116 5.986991 1.466801 36.267676
1628250093.926914 1.869215 1.662371 26.205975 7.550822 1.386482 38.674865
1628250094.027106 1.833944 1.708955 25.417700 7.030691 1.362872 37.354162
1628250094.127280 1.698357 1.533111 26.545249 6.878204 1.233887 37.888808
1628250094.227492 1.814151 1.650843 25.150460 6.957822 1.326913 36.900189
1628250094.327682 1.762659 1.601514 25.835885 8.010479 1.244331 38.454868
1628250094.427873 1.848318 1.629029 26.242650 5.876095 1.308494 36.904586
1628250094.528085 1.877211 1.585521 26.816700 7.576693 1.316470 39.172595
1628250094.628273 1.861659 1.750883 24.562219 7.229478 1.404850 36.809089
1628250094.728468 1.680799 1.549607 26.610011 5.713795 1.247242 36.801454
1628250094.828676 1.886697 1.729729 24.748518 7.194265 1.388843 36.948052
1628250094.928874 1.461702 1.460800 26.083717 7.664837 1.215952 37.887008
1628250095.029108 2.118608 1.919115 25.556955 8.189011 1.436393 39.220082
1628250095.129264 1.919987 1.715223 26.658051 7.153578 1.307786 38.754625
1628250095.229469 1.796253 1.749950 26.469395 6.775915 1.372489 38.164002
1628250095.329629 1.888984 1.775555 27.114039 6.370788 1.411256 38.560622
1628250095.429842 1.852499 1.759071 26.267835 8.334898 1.428372 39.642675
1628250095.530086 1.766367 1.622978 26.913422 6.760135 1.323939 38.386841
1628250095.630253 1.971292 1.774686 25.979735 7.051214 1.418159 38.195086
1628250095.730419 1.711627 1.610041 26.330219 6.546696 1.339296 37.537879
1628250095.830616 1.930935 1.776187 27.327591 7.090807 1.419776 39.545296
1628250095.930826 1.828026 1.780275 27.574432 8.061302 1.455439 40.699474
1628250096.031032 1.927598 1.830762 25.955635 7.654273 1.425127 38.793395
1628250096.131195 0.689610 0.723508 22.834796 7.403163 0.618562 32.269639
1628250096.231388 1.774849 1.654616 24.050135 5.925127 1.315544 34.720271
1628250096.331604 1.925963 1.805144 27.443505 6.834135 1.369253 39.378000
1628250096.431789 2.023041 1.818875 27.415820 6.186296 1.425811 38.869843
1628250096.532306 2.278032 1.884838 27.865014 8.697706 1.489837 42.215427
1628250096.632224 1.838979 1.707433 25.537259 7.346989 1.383691 37.814351
1628250096.732368 1.947589 1.789400 28.713854 6.733367 1.396493 40.580703
1628250096.832607 2.038037 1.874870 26.803193 7.493982 1.431376 39.641458
1628250096.932885 1.951445 1.724198 26.823842 6.323526 1.362014 38.185025
1628250097.034362 2.122484 1.882323 26.230196 8.293132 1.488943 40.017078
1628250097.133146 1.905401 1.733615 27.054929 8.031310 1.408462 40.133717
1628250097.234550 1.863117 1.740331 28.013663 6.993117 1.372890 39.983118
1628250097.333671 1.565825 1.470785 26.751004 6.485413 1.234567 37.507594
1628250097.434033 1.723191 1.628554 27.742600 6.233741 1.298481 38.626567
1628250097.534307 1.815261 1.688474 28.452969 6.863747 1.417894 40.238345
1628250097.634138 2.068410 1.830651 26.629763 6.114365 1.479553 38.122742
1628250097.734449 1.819110 1.729035 25.631789 5.602884 1.378737 36.161555
1628250097.834519 1.856781 1.679561 27.747853 8.167019 1.385942 40.837156
1628250097.934724 1.937598 1.667799 26.199342 6.285677 1.366682 37.457098
1628250098.036120 1.860727 1.723677 26.594353 5.525454 1.344991 37.049202
1628250098.135575 1.905045 1.735902 26.019414 6.424011 1.447012 37.531384
1628250098.235341 1.983331 1.757648 28.085534 5.966139 1.380616 39.173268
1628250098.335509 2.015665 1.727008 29.506280 6.495565 1.393709 41.138227
1628250098.436152 1.484036 1.368221 24.940118 6.996368 1.229924 36.018667
1628250098.535927 0.873315 0.945335 24.151213 6.389119 0.910776 33.269758
1628250098.636117 1.995071 1.829887 27.216057 6.308805 1.434694 38.784514
1628250098.736286 1.628765 1.652066 27.051033 5.001180 1.345786 36.678830
1628250098.836469 1.863266 1.742684 27.904980 6.371871 1.376738 39.259539
1628250098.936823 1.898066 1.643663 25.985587 6.679397 1.322331 37.529044
1628250099.036865 1.852804 1.685715 25.468932 5.933658 1.329756 36.270865
1628250099.137081 2.277443 1.684829 22.203701 6.029826 1.280177 33.475976
1628250099.237243 1.754490 1.658372 25.621091 5.676275 1.316515 36.026743
1628250099.337473 2.126765 1.901659 25.556417 5.168621 1.479490 36.232952
1628250099.437650 1.874586 1.684760 25.218936 5.898368 1.389977 36.066627
1628250099.537832 2.221682 1.695441 26.668340 5.045558 1.333739 36.964760
1628250099.638058 1.912471 1.787673 24.747964 6.019062 1.522077 35.989247
1628250099.738581 1.864409 1.767253 23.615443 5.986411 1.419223 34.652739
1628250099.838423 1.731359 1.672958 22.895360 5.838039 1.288862 33.426578
1628250099.938625 1.788977 1.725141 23.693492 5.394075 1.308110 33.909795
1628250100.038813 2.058233 1.858482 23.357881 5.557542 1.365914 34.198052
1628250100.139023 1.648655 1.515839 23.809513 7.093562 1.252262 35.319831
1628250100.239198 2.307046 1.930400 23.994373 5.774210 1.463537 35.469566
1628250100.339402 1.949217 1.799781 24.160585 6.213927 1.364515 35.488025
1628250100.439588 1.861511 1.723567 24.058688 6.514621 1.353347 35.511734
1628250100.539812 1.830989 1.667850 23.686937 6.111358 1.435135 34.732269
1628250100.640227 1.680572 1.475089 21.999207 5.358161 1.148777 31.661806
1628250100.740309 2.154876 1.942483 22.722658 4.469617 1.476264 32.765898
1628250100.840375 1.930484 1.740923 20.171016 4.826262 1.316961 29.985646
1628250100.940566 1.925021 1.737281 21.770174 4.895411 1.386431 31.714318
1628250101.042125 1.931906 1.785000 20.455560 4.620135 1.411635 30.204236
1628250101.141424 2.698870 1.011420 21.586182 4.419728 1.044476 30.760676
1628250101.241179 2.355551 1.887533 21.865292 5.299205 1.336698 32.744279
1628250101.341411 1.622954 1.616065 21.950677 4.605554 1.390984 31.186234
1628250101.441544 1.841894 1.647784 23.260156 6.102640 1.385546 34.238020
1628250101.541746 2.035935 1.797675 20.726788 5.110543 1.452870 31.123811
1628250101.641929 2.071177 1.959772 22.445288 4.046078 1.379045 31.901360
1628250101.742757 1.739093 1.777561 24.751142 4.992742 1.284551 34.545089
1628250101.844035 2.049368 1.833956 22.598637 4.565421 1.382794 32.430176
1628250101.942584 2.027094 1.764549 25.287822 5.421465 1.373964 35.874894
1628250102.042722 1.818369 1.634503 24.320920 5.907361 1.315997 34.997150
1628250102.142914 1.945714 1.686374 25.159021 6.064027 1.365806 36.220942
1628250102.243107 2.188491 1.577431 23.656382 7.987063 1.147076 36.556443
1628250102.343298 1.876748 1.730731 27.074053 5.620981 1.645718 37.948231
1628250102.443493 1.935339 1.719710 25.510120 4.952195 1.344925 35.462289
1628250102.543687 1.939609 1.712412 26.751621 5.401185 1.546181 37.351008
1628250102.643883 1.796840 1.494647 28.395084 6.633192 1.293678 39.613441
1628250102.744105 2.223450 2.051768 27.854174 5.845707 1.531191 39.506290
1628250102.844438 1.982257 1.758837 28.503569 6.152362 1.340627 39.737652
1628250102.944529 1.831299 1.672610 27.894639 6.790965 1.309308 39.498821
1628250103.044691 2.081339 1.878246 26.937399 7.171585 1.415303 39.483872
1628250103.144874 1.969159 1.888155 28.953195 5.369510 1.733816 39.913835
1628250103.245087 1.977174 1.638771 27.037052 5.004485 1.345721 37.003203
1628250103.345332 0.723195 0.762154 26.216854 6.887617 0.645722 35.235542
1628250103.445448 2.083072 1.873042 27.980299 5.787537 1.440444 39.164394
1628250103.545714 2.137472 1.897860 27.502460 5.448730 1.562366 38.548888
1628250103.645855 1.867628 1.783887 28.303917 5.846471 1.459370 39.261273
1628250103.746033 2.009120 1.847124 26.540574 5.514379 1.550192 37.461389
1628250103.846269 1.924244 1.807523 28.071598 6.365901 1.396198 39.565464
1628250103.946423 1.866935 1.765464 28.400554 6.597330 1.427780 40.058063
1628250104.046634 1.703142 1.623739 27.024381 6.936884 1.265788 38.553934
1628250104.146820 1.898546 1.797125 26.701458 4.692940 1.399150 36.489219
1628250104.247014 1.854193 1.842741 27.476952 5.112769 1.469466 37.756121
1628250104.347201 1.881358 1.815122 28.224610 6.117808 1.490375 39.529273
1628250104.447406 1.763985 1.617843 27.632855 5.646662 1.311969 37.973314
1628250104.547618 2.232492 1.977385 27.783445 4.969388 1.551923 38.514633
1628250104.647800 1.899654 1.786329 23.549560 5.933911 1.388956 34.558410
1628250104.748167 1.830376 1.695675 26.974737 4.303885 1.273144 36.077817
1628250104.848181 2.008290 1.824967 27.762147 6.113067 1.626793 39.335264
1628250104.948421 1.832023 1.750882 28.019206 5.938543 1.396619 38.937273
1628250105.048569 2.160611 1.811887 27.870856 5.762201 1.668367 39.273922
1628250105.148793 2.283697 1.291220 28.841895 4.799283 1.113016 38.329111
1628250105.249092 1.501920 1.476310 23.661975 5.206835 1.274781 33.121821
1628250105.349244 1.896343 1.688014 31.493907 6.227348 1.374673 42.680285
1628250105.449351 1.812252 1.834786 25.915545 7.161178 1.450116 38.173877
1628250105.549556 1.895165 1.687798 25.726138 5.101769 1.304371 35.715241
1628250105.649755 1.996257 1.684077 26.198686 5.118951 1.507792 36.505763
1628250105.749978 2.011349 1.786317 26.649130 6.111122 1.443994 38.001912
1628250105.850458 1.910446 1.749347 26.301461 5.520931 1.571327 37.053512
1628250105.950346 1.815680 1.633315 27.047010 6.008330 1.318087 37.822422
1628250106.050540 1.770111 1.598898 25.515180 4.330307 1.348358 34.562854
1628250106.150718 1.733348 1.569134 26.642148 4.546698 1.224343 35.715671
1628250106.250981 1.950370 1.829843 26.579325 4.750263 1.387774 36.497575
1628250106.351130 1.785352 1.690144 27.719133 4.838806 1.401063 37.434498
1628250106.451309 1.770387 1.627148 25.230923 4.109128 1.311685 34.049271
1628250106.551508 1.712594 1.854340 30.406287 5.157846 1.451995 40.583062
1628250106.651839 1.926976 1.760695 27.520283 4.324211 1.511850 37.044015
1628250106.752058 1.541811 1.542208 28.245363 6.451080 1.259216 39.039678
1628250106.852091 1.940988 1.752469 26.024483 6.046972 1.347988 37.112900
1628250106.952280 2.153772 1.762404 26.138141 5.978485 1.339850 37.372652
1628250107.052489 1.689586 1.664808 27.343098 5.517918 1.415106 37.630516
1628250107.152682 2.015840 1.756530 28.154466 5.207768 1.481865 38.616469
1628250107.252889 1.857505 1.727088 26.310518 5.936760 1.350675 37.182546
1628250107.353069 1.558867 1.497963 27.116089 6.131888 1.234265 37.539072
1628250107.456110 1.809619 1.681998 25.779152 5.171166 1.339093 35.781028
1628250107.553490 2.089730 1.826211 25.460111 4.447861 1.403961 35.227874
1628250107.653686 1.885370 1.756565 26.106061 4.550735 1.355438 35.654169
1628250107.753875 1.954483 1.788751 26.959892 4.703484 1.484082 36.890692
1628250107.854052 1.905624 1.767454 26.377479 5.226291 1.374351 36.651199
1628250107.954280 1.661942 1.595951 25.987892 4.715484 1.298437 35.259706
1628250108.056109 1.786122 1.686063 26.959446 5.321372 1.428298 37.181301
1628250108.154635 1.738037 1.620055 26.641575 5.703995 1.314569 37.018231
1628250108.254844 1.915179 1.780748 27.561972 5.365621 1.396167 38.019687
1628250108.355015 1.480987 1.497863 26.503544 5.996678 1.307918 36.786990
1628250108.455217 1.821857 1.687376 25.747074 5.772706 1.366685 36.395698
1628250108.555418 1.628118 1.589152 25.543720 5.740292 1.331408 35.832690
1628250108.655744 1.916867 1.771392 25.042101 6.048737 1.414032 36.193129
1628250108.755805 1.776139 1.614248 24.611182 7.148105 1.293810 36.443484
1628250108.952957 3.336367 2.032409 21.758557 5.757637 1.600992 34.485962
1628250108.956212 0.000195 0.810695 20.772102 5.501539 0.718136 27.802667
1628250109.056416 2.179308 1.613581 29.664872 4.616577 1.332271 39.406609
1628250109.156595 1.592895 1.575864 28.689687 5.945768 1.727419 39.531633
1628250109.257626 1.733912 1.633382 26.473155 5.433234 1.385394 36.659077
1628250109.356986 1.925408 1.684730 27.299388 4.926459 1.469211 37.305196
1628250109.553592 3.203297 1.917117 25.991736 4.572049 1.651563 37.335762
1628250109.557385 0.000250 0.834942 22.889485 4.627754 0.803591 29.156022
1628250109.657570 2.171833 2.012613 26.723798 4.810520 1.587343 37.306107
1628250109.757781 1.986767 1.877838 27.670347 6.355003 1.517019 39.406974
1628250109.857950 1.914674 1.771684 26.252910 5.178302 1.429454 36.547024
1628250110.054627 3.123563 1.866006 23.704186 4.751551 1.536322 34.981628
1628250110.058336 0.000214 0.763326 20.204721 4.139711 0.659502 25.767474
1628250110.158551 1.939599 1.730552 22.861054 3.926088 1.430687 31.887980
1628250110.262842 1.931980 1.817444 21.693228 4.981441 1.377969 31.802062
1628250110.358919 2.270790 1.604735 21.888345 4.580008 1.570273 31.914151
1628250110.459135 1.868004 1.797092 20.953143 4.810333 1.442610 30.871182
1628250110.559357 1.793946 1.703138 21.995428 4.534101 1.357713 31.384326
1628250110.659514 1.949952 1.850216 23.828672 4.523708 1.679790 33.832338
1628250110.759760 1.872763 1.729390 23.423581 3.491531 1.409280 31.926545
1628250110.859932 1.868740 1.732088 24.671273 3.973658 1.420107 33.665866
1628250110.960138 2.056028 1.845904 22.658914 4.391619 1.519294 32.471759
1628250111.060817 1.876816 1.777286 26.302466 5.968709 1.514478 37.439755
1628250111.160494 1.634477 1.647901 27.645629 4.841112 1.520800 37.289919
1628250111.261082 1.799818 1.669773 25.531459 5.364799 1.411374 35.777223
1628250111.360888 1.769399 1.589364 26.984492 4.731199 1.403950 36.478404
1628250111.461084 1.797917 1.690640 26.161991 4.775717 1.587438 36.013703
1628250111.561318 1.652721 1.633462 22.463074 4.858879 1.389759 31.997895
1628250111.661463 1.874254 1.755042 26.528763 4.586214 1.428759 36.173032
1628250111.761672 1.900225 1.701223 27.650725 4.207428 1.371950 36.831551
1628250111.861861 1.805848 1.608360 26.635613 4.631125 1.710479 36.391425
1628250111.962078 1.550140 1.484121 26.195400 4.824689 1.272584 35.326934
1628250112.062242 2.052782 1.822222 26.910801 4.969450 1.842568 37.597823
1628250112.162455 1.544196 1.460729 26.015374 5.324993 1.302237 35.647529
1628250112.262631 1.846311 1.749198 25.162770 4.814748 1.432251 35.005278
1628250112.362845 1.646797 1.608301 25.782529 4.655733 1.337614 35.030974
1628250112.463026 1.942322 1.830531 25.485817 4.779773 1.812975 35.851418
1628250112.563222 1.718518 1.582206 25.940540 4.575116 1.334375 35.150755
1628250112.663514 1.682914 1.572531 27.123345 5.208352 1.397856 36.984998
1628250112.763631 1.633814 1.576722 27.792362 4.581264 1.419673 37.003835
1628250112.863813 1.642443 1.631258 27.686486 4.665489 1.444360 37.070036
1628250112.964022 1.557776 1.525287 26.256050 4.866478 1.352390 35.557981
1628250113.064194 1.641756 1.563460 26.004413 4.695447 1.344583 35.249659
1628250113.164413 2.052929 1.833586 28.560061 4.766995 1.855855 39.069426
1628250113.264785 1.952635 1.704485 26.777393 4.387321 1.380309 36.202143
1628250113.364805 1.657007 1.408016 26.142971 4.958415 1.144492 35.310901
1628250113.465026 1.886707 1.683973 25.787262 4.807610 1.714045 35.879597
1628250113.565176 2.043925 1.818533 27.554482 5.751495 1.571495 38.739930
1628250113.665371 1.954788 1.739984 26.210953 4.901575 1.430823 36.238123
1628250113.765560 1.582403 1.536868 26.299395 4.379075 1.418145 35.215886
1628250113.865756 1.807326 1.694729 26.858371 4.175421 1.787658 36.323505
1628250113.965964 1.877558 1.786372 27.376457 5.074619 1.464635 37.579641
1628250114.066189 2.116508 1.939897 27.195373 4.524695 1.686169 37.462642
1628250114.166378 1.840991 1.736376 27.281220 4.457528 1.469894 36.786009
1628250114.270080 2.121356 1.844021 25.851337 4.269060 1.450166 35.535940
1628250114.366782 1.425153 1.520455 27.193985 5.337923 1.447657 36.925173
1628250114.468941 1.946051 1.807599 26.748384 4.497584 1.557610 36.557228
1628250114.567154 1.859127 1.734610 28.866092 5.212868 1.451221 39.123918
1628250114.667359 1.914583 1.863500 27.588560 4.795630 1.523454 37.685727
1628250114.767541 1.673821 1.550270 30.841035 4.760385 1.396098 40.221609
1628250114.867967 2.000318 1.759754 28.485901 4.768278 1.452429 38.466680
1628250114.967922 1.605800 1.585957 27.372505 4.656155 1.455146 36.675563
1628250115.068297 1.766216 1.646392 27.629440 4.245191 1.335440 36.622679
1628250115.168331 1.989934 1.833617 26.866761 4.831210 1.489601 37.011123
1628250115.270166 1.819358 1.696821 24.853549 4.894448 1.380185 34.644361
1628250115.369085 1.654353 1.649429 27.758117 5.142666 1.353071 37.557636
1628250115.468885 1.964704 1.869627 26.772094 3.933572 1.458887 35.998884
1628250115.569828 1.815492 1.723812 27.652226 4.544515 1.419747 37.155792
1628250115.671650 1.822652 1.759943 25.386061 4.605429 1.383058 34.957143
1628250115.769742 1.749394 1.711277 27.252040 4.063197 1.402824 36.178732
1628250115.869661 2.205317 1.864579 28.169436 4.289896 1.530360 38.059588
1628250115.969887 2.283535 1.815896 29.495749 4.623625 1.752857 39.971662
1628250116.070065 1.939033 1.817970 25.582658 4.633477 1.498032 35.471170
1628250116.170419 1.757536 1.762938 27.140716 5.100850 1.380816 37.142856
1628250116.272106 2.181631 1.970653 27.186814 5.270016 1.633367 38.242481
1628250116.370652 2.125914 1.564408 28.705110 3.873117 1.238300 37.506849
1628250116.471421 2.018198 2.010598 27.225051 4.237719 1.618665 37.110231
1628250116.571582 1.657382 1.631032 26.291804 5.623936 1.365251 36.569405
1628250116.672020 2.082214 1.914832 26.005986 4.793530 1.570774 36.367336
1628250116.771429 1.694061 1.601222 26.125020 4.788933 1.605599 35.814835
1628250116.871617 1.872437 1.822964 25.910393 4.891770 1.505874 36.003438
1628250116.971815 1.696561 1.632248 25.468491 4.970338 1.377353 35.144991
1628250117.072009 1.901710 1.749498 27.486901 4.167974 1.706957 37.013040
1628250117.175788 1.827493 1.762026 25.392745 4.776259 1.471803 35.230326
1628250117.272429 2.302138 1.896154 23.893240 3.924221 1.343595 33.359348
1628250117.372935 1.688447 1.565613 24.818515 4.784245 1.375658 34.232478
1628250117.472791 1.569943 1.486561 23.257519 4.005057 1.259036 31.578116
1628250117.573594 1.773583 1.556940 22.167805 4.418966 1.296286 31.213580
1628250117.673207 1.576422 1.516598 23.095582 3.604692 1.575536 31.368830
1628250117.775238 1.814185 1.654555 21.891908 3.831219 1.344835 30.536702
1628250117.873577 1.897867 1.740151 24.275069 4.718414 1.662995 34.294496
1628250117.974350 1.651473 1.647027 23.611688 5.482413 1.376088 33.768689
1628250118.074002 1.797018 1.672403 22.855673 4.702769 1.454536 32.482399
1628250118.174192 1.583173 1.578218 19.759611 3.360055 1.315303 27.596360
1628250118.274409 1.895971 1.854745 23.466405 4.686037 1.479446 33.382604
1628250118.374588 1.938006 1.841674 23.788440 5.737309 1.484420 34.789849
1628250118.475006 1.984996 1.843058 20.916188 3.647028 1.511789 29.903059
1628250118.575060 0.935015 0.928137 23.401527 4.738532 0.895383 30.898594
1628250118.675150 1.125790 0.904475 20.594282 5.675491 1.018435 29.318473
1628250118.775388 1.147521 0.895371 22.209033 4.058800 1.033878 29.344603
1628250118.875587 1.113313 0.915191 22.445401 4.128515 1.071797 29.674217
1628250118.975737 0.727226 0.733193 22.094769 5.073257 0.973131 29.601576
1628250119.075925 0.724658 0.923679 21.702592 4.594361 0.698912 28.644202
1628250119.176109 0.859206 0.843715 21.183011 5.194124 0.718537 28.798593
1628250119.276340 0.785404 0.736878 20.335053 4.458415 0.669868 26.985618
1628250119.376609 0.721668 0.731720 20.813929 3.718757 0.840844 26.826918
1628250119.476737 0.815271 0.937545 21.612600 4.286085 0.809904 28.461405
1628250119.577433 0.736078 0.759202 21.182915 4.763699 0.728971 28.170865
1628250119.677088 0.927537 0.994626 25.280521 5.383870 1.042280 33.628834
1628250119.777807 1.231408 0.931533 25.438552 4.203319 1.171853 32.976665
1628250119.877516 0.710833 0.744361 22.894130 4.172597 0.728072 29.249993
1628250119.977681 1.733041 1.630949 25.758022 4.520565 1.374198 35.016775
1628250120.077909 1.859192 1.730355 25.144644 4.476407 1.422671 34.633269
1628250120.178185 1.978535 1.537794 24.172608 8.038137 1.520124 37.247198
1628250120.278509 2.430402 1.833552 22.992516 3.688180 1.401498 32.346148
1628250120.378472 1.770490 1.652818 26.390211 3.650858 1.354085 34.818462
1628250120.478688 1.082851 1.299145 25.029189 4.223846 1.301012 32.936043
1628250120.578858 1.631077 1.607549 25.073532 5.146238 1.475922 34.934318
1628250120.679041 1.947787 1.712674 23.768022 3.468403 1.414816 32.311702
1628250120.779238 2.008035 1.619765 21.539834 3.915298 1.623355 30.706287
1628250120.879496 1.805213 1.751324 24.548166 3.612378 1.451071 33.168152
1628250120.979640 0.704806 0.751021 20.409313 4.683498 0.720247 27.268885
1628250121.079830 1.184128 0.970889 20.051621 3.885423 1.144553 27.236614
1628250121.180058 0.696900 0.748336 20.480077 3.884323 0.711654 26.521290
1628250121.280227 0.732814 0.771093 20.314950 4.370019 0.701179 26.890055
1628250121.380414 0.753111 0.761981 21.429517 4.269223 0.711681 27.925513
1628250121.480633 2.007706 1.863219 23.740374 4.297988 1.618124 33.527411
1628250121.580798 1.738300 1.595527 24.927179 5.307572 1.574942 35.143520
1628250121.681019 2.108654 1.894346 25.334600 3.568987 1.519164 34.425751
1628250121.781192 1.541447 1.473961 24.665076 4.542319 1.290983 33.513786
1628250121.881424 1.842626 1.761863 23.662779 4.577895 1.432094 33.277257
1628250121.981574 1.866880 1.840938 25.610571 3.644463 2.000194 34.963046
1628250122.081794 1.805080 1.688378 22.935920 4.078259 1.449154 31.956791
1628250122.181976 1.685663 1.643469 25.747645 6.329564 1.688927 37.095268
1628250122.282187 1.954614 1.817498 24.330964 4.111233 1.538652 33.752961
1628250122.382358 2.001881 1.850433 23.437533 3.646474 1.455644 32.391965
1628250122.482561 1.967719 1.771636 22.676594 4.835102 1.798302 33.049353
1628250122.588607 1.576669 1.543060 23.917920 4.100100 1.357333 32.495082
1628250122.682941 1.947315 1.798780 23.531833 4.011432 1.799147 33.088507
1628250122.783154 1.826142 1.700868 23.545319 4.238644 1.437613 32.748586
1628250122.883348 2.130100 1.951408 23.652405 4.312317 2.077201 34.123431
1628250122.983545 1.581219 1.533148 21.755101 3.877767 1.293731 30.040966
1628250123.083729 1.957525 1.630368 23.413315 3.942957 1.371334 32.315499
1628250123.183933 1.602132 1.586468 21.382134 4.056803 1.344299 29.971836
1628250123.284134 1.053899 1.413871 24.790513 4.093624 1.604127 32.956034
1628250123.384313 1.608448 1.573677 23.989408 3.497730 1.709952 32.379215
1628250123.484548 1.757671 1.682409 22.738279 4.185406 1.380512 31.744277
1628250123.585901 2.028866 1.569770 27.854117 4.675621 2.284471 38.412845
1628250123.684909 2.002269 1.484598 24.456246 5.483448 1.330592 34.757153
1628250123.785098 1.939911 1.874684 23.124130 5.216843 1.791814 33.947382
1628250123.885308 2.184469 1.804465 25.669821 4.227126 1.565057 35.450938
1628250123.987657 2.332277 1.671291 21.215866 5.183086 1.752666 32.155186
1628250124.085685 2.190849 1.978598 22.620467 4.039777 1.912383 32.742074
1628250124.185925 1.825161 1.767394 22.171810 4.591375 1.431901 31.787641
1628250124.286072 1.687877 1.661379 23.365320 3.959491 1.622384 32.296451
1628250124.386271 1.873837 1.804139 24.337680 3.853670 1.592852 33.462178
1628250124.486467 1.816809 1.784778 24.483451 3.836382 1.711177 33.632597
1628250124.586660 1.478501 1.563531 23.704748 3.829727 1.444769 32.021276
1628250124.686857 1.933399 1.777731 24.986937 5.061646 1.566913 35.326626
1628250124.787067 2.023580 1.889857 26.471730 3.740820 1.574863 35.700850
1628250124.887346 2.157275 1.992444 25.556296 3.800037 1.580680 35.086732
1628250124.987589 1.987736 1.928587 26.643624 4.118730 1.862621 36.541298
1628250125.087636 1.943355 1.699434 27.955324 4.278598 1.501477 37.378188
1628250125.188132 1.766826 1.701959 29.859701 4.628145 1.624980 39.581611
1628250125.288032 1.798431 1.841529 27.847813 4.532883 1.701238 37.721894
1628250125.388221 1.787993 1.762729 25.782332 4.378391 1.477574 35.189019
1628250125.488420 1.664083 1.688927 27.864745 4.782162 1.482419 37.482336
1628250125.588616 1.693322 1.586781 26.583288 3.586461 1.386837 34.836689
1628250125.690525 2.169386 2.050696 27.007603 4.847039 1.655288 37.730012
1628250125.789001 1.827742 1.654195 27.732777 3.481372 1.457940 36.154026
1628250125.889434 1.852291 1.728982 26.427801 4.905726 1.448602 36.363402
1628250125.991638 1.811299 1.653664 27.214462 4.589717 1.431821 36.700963
1628250126.089588 1.942373 1.698901 26.605412 4.113343 1.502338 35.862367
1628250126.189805 1.773546 1.614665 26.064558 3.351973 1.437582 34.242324
1628250126.290008 1.957853 1.876919 25.579855 4.151980 1.669726 35.236333
1628250126.390505 1.774875 1.757537 25.085725 4.367529 1.475480 34.461146
1628250126.490420 1.969236 1.884513 24.999580 5.334480 1.643025 35.830834
1628250126.590601 1.742339 1.671430 26.803725 4.096407 1.461581 35.775482
1628250126.690769 2.025972 1.842785 26.482304 4.843040 1.679554 36.873655
1628250126.790960 1.778986 1.604584 27.052752 5.643723 1.437283 37.517328
1628250126.891170 1.819241 1.716199 27.348754 4.752611 1.576197 37.213002
1628250126.991346 2.051028 1.912639 27.254219 5.254180 1.556927 38.028993
1628250127.091537 1.844577 1.751977 26.886658 4.918097 1.535379 36.936688
1628250127.191740 2.082136 1.800169 25.949483 4.979868 1.658113 36.469769
1628250127.291940 1.659122 1.653038 28.365804 4.878613 1.432544 37.989121
1628250127.394045 1.603464 1.585102 25.289305 6.422332 1.493261 36.393464
1628250127.492316 1.967514 1.847829 24.918597 5.069592 1.665333 35.468865
1628250127.592520 1.833928 1.674078 23.329714 4.809587 1.757540 33.404847
1628250127.692912 1.767611 1.693448 22.923240 5.327374 1.551418 33.263091
1628250127.792903 2.018318 1.854986 23.788513 7.252994 1.609936 36.524747
1628250127.893112 1.971711 1.758815 24.473080 5.323812 1.535414 35.062832
1628250127.993357 1.669327 1.674731 21.976779 5.342556 1.690658 32.354051
1628250128.093521 1.787435 1.742952 20.667737 5.410450 1.663685 31.272259
1628250128.193694 2.164968 2.007367 24.585000 4.953926 1.742350 35.453611
1628250128.294135 1.945378 1.771631 25.091378 5.002696 1.530914 35.341997
1628250128.394075 2.024043 1.914740 27.809570 5.268383 2.134144 39.150880
1628250128.494321 1.968052 1.881066 24.380040 5.382745 1.660486 35.272389
1628250128.594484 2.031262 1.894508 24.734547 5.354129 1.945177 35.959623
1628250128.694737 2.061326 1.870319 23.256863 5.289403 1.622883 34.100794
1628250128.794930 1.791752 1.703583 24.677024 5.431623 1.592151 35.196133
1628250128.895069 1.947800 1.839111 23.771477 5.269922 1.606815 34.435125
1628250128.995253 2.007864 1.828683 25.451834 5.231234 1.566901 36.086516
1628250129.095464 1.907546 1.718671 24.920619 4.644237 1.687758 34.878831
1628250129.195745 1.736209 1.638697 24.997164 4.854515 1.535702 34.762287
1628250129.295852 1.777605 1.756262 25.707835 6.515552 1.520535 37.277789
1628250129.396064 1.791548 1.729379 27.226428 6.351199 1.603999 38.702553
1628250129.496231 1.781938 1.770375 25.581552 5.006889 1.807631 35.948385
1628250129.596493 1.595114 1.587068 21.697510 5.211218 0.912935 31.003845
1628250129.696639 1.741730 1.676249 25.965243 4.839441 1.505119 35.727782
1628250129.796820 1.914864 1.797840 25.525745 5.641393 1.548496 36.428338
1628250129.897004 1.960061 1.874045 25.609615 5.425374 1.610545 36.479640
1628250129.997209 1.935714 1.696636 21.309339 4.797508 1.401014 31.140211
1628250130.097419 0.843400 0.883862 22.295237 5.943584 0.946004 30.912087
1628250130.197666 1.718334 1.609900 26.606218 5.472788 1.525063 36.932303
1628250130.300183 2.051494 1.863493 22.029122 5.069428 1.609339 32.622876
1628250130.398161 1.601399 1.628074 25.204537 4.627446 1.439631 34.501087
1628250130.498183 1.940908 1.885898 24.615246 5.799648 1.574349 35.816049
1628250130.598449 1.746745 1.602442 24.245739 5.666630 1.476152 34.737708
1628250130.698565 1.996850 1.796173 22.441105 4.202076 1.587311 32.023515
1628250130.798918 1.927917 1.724415 26.391632 4.363999 1.528928 35.936891
1628250130.899117 1.937399 1.781168 25.406526 5.531500 1.589228 36.245821
1628250130.999297 1.814111 1.668145 23.935800 6.385005 1.539241 35.342302
1628250131.099359 2.020182 1.793451 22.961734 5.760940 1.589903 34.126210
1628250131.199543 1.856344 1.744927 23.548582 5.887198 1.539064 34.576115
1628250131.299776 1.927564 1.740265 22.793190 6.956797 1.580143 34.997959
1628250131.399934 2.454182 1.651054 20.920574 4.700716 1.489017 31.215543
1628250131.500172 1.797326 1.708276 22.801735 5.835004 1.585839 33.728180
1628250131.600329 2.430270 1.791344 20.549012 5.107593 1.530413 31.408632
1628250131.700563 2.214729 2.110444 23.474097 4.666888 1.784305 34.250463
1628250131.800716 1.462883 1.470829 22.917163 5.837614 1.810641 33.499130
1628250131.900932 1.824601 1.764315 22.356433 6.487229 1.927953 34.360531
1628250132.001114 1.700464 1.824978 22.720625 4.650154 1.474875 32.371096
1628250132.101321 1.422813 1.547737 26.408106 4.170078 1.790548 35.339282
1628250132.201508 1.635227 1.676944 21.910714 4.455511 2.015058 31.693454
1628250132.302084 1.655860 1.655263 21.351043 4.787648 1.506722 30.956536
1628250132.401893 1.665249 1.488618 22.072935 4.181588 1.757697 31.166087
1628250132.502505 1.794947 1.702939 22.369507 4.849502 1.496012 32.212907
1628250132.602540 1.864943 1.733973 22.685659 4.745352 1.893890 32.923817
1628250132.702522 1.873939 1.796415 22.377716 4.599768 1.585456 32.233294
1628250132.802759 1.807799 1.638006 21.848543 5.193798 1.837951 32.326097
1628250132.903093 1.706445 1.659021 20.565433 6.248599 1.479071 31.658569
1628250133.003100 1.662339 1.576695 21.417629 5.031716 1.456585 31.144964
1628250133.103362 1.873341 1.701472 22.255302 4.441420 1.874182 32.145717
1628250133.203450 1.598243 1.543916 21.386602 5.203093 1.426974 31.158828
1628250133.304531 1.828022 1.725275 21.767046 4.672107 1.721926 31.714376
1628250133.403863 1.862741 1.819599 16.898221 4.921176 1.496578 26.998315
1628250133.504064 1.981418 1.890124 22.010387 5.145883 1.633103 32.660915
1628250133.604244 1.729354 1.629858 22.596271 4.588024 1.472487 32.015994
1628250133.704426 1.707848 1.673584 18.859344 3.866548 1.044615 27.151939
1628250133.804641 1.804838 1.805884 22.113768 4.493331 1.915954 32.133775
1628250133.904820 1.682389 1.580528 20.878889 4.210173 1.835466 30.187445
1628250134.005042 1.510150 1.528263 20.580035 4.319537 1.438295 29.376280
1628250134.105211 2.004462 1.799401 21.764771 5.100973 1.936275 32.605882
1628250134.205412 1.588472 1.583104 23.018411 4.242223 1.559225 31.991435
1628250134.305617 1.941177 1.817502 20.689509 5.579388 1.553150 31.580726
1628250134.405826 1.605350 1.576676 21.482906 4.438720 1.403034 30.506686
1628250134.505992 1.886557 1.758948 20.166831 4.147095 1.471577 29.431008
1628250134.606216 1.227068 1.361709 21.590738 5.406988 1.364143 30.950646
1628250134.706379 1.809987 1.802087 21.322989 4.067652 1.914815 30.917530
1628250134.806606 1.716980 1.710204 20.439919 3.955937 1.448078 29.271118
1628250134.906824 1.828127 1.745707 17.635419 4.113084 1.849713 27.172050
1628250135.006973 1.652283 1.584749 20.320152 4.501546 1.395033 29.453763
1628250135.107177 1.915033 1.828849 17.551035 4.982339 1.563870 27.841126
1628250135.207404 1.649841 1.584574 21.390495 3.754649 1.350560 29.730119
1628250135.307596 1.895316 1.902729 21.470309 4.495543 1.589599 31.353496
1628250135.407763 1.653598 1.802123 24.809356 6.298615 1.517392 36.081084
1628250135.507962 2.590337 1.668563 21.104669 5.014785 1.112263 31.490617
1628250135.608172 1.603053 1.528430 22.213384 5.309486 1.403613 32.057966
1628250135.708348 1.854073 1.674180 22.105223 4.869213 1.644421 32.147110
1628250135.808553 1.682909 1.667943 24.279316 5.120664 1.473033 34.223865
1628250135.908731 1.739815 1.671166 24.252495 5.151004 1.588027 34.402507
1628250136.008931 1.568333 1.553672 23.251372 5.470013 1.413737 33.257127
1628250136.112169 1.999127 1.785469 23.893562 4.686540 1.566883 33.931581
1628250136.209340 1.720827 1.638401 23.971710 4.382972 1.420970 33.134880
1628250136.316506 1.862357 1.761513 25.389885 4.301569 1.786490 35.101814
1628250136.409707 1.746026 1.668352 25.754420 5.279119 1.480032 35.927949
1628250136.509911 1.792737 1.766382 22.299409 4.223100 1.706580 31.788208
1628250136.610140 1.654619 1.663270 22.599736 4.798856 1.390519 32.107000
1628250136.711227 1.993698 1.799211 24.463734 4.704304 1.611873 34.572820
1628250136.810516 1.643079 1.694147 25.522965 5.329337 1.702201 35.891729
1628250136.910707 1.871703 1.814930 22.877415 4.686905 1.522957 32.773910
1628250137.010885 1.773364 1.717576 23.976187 4.339677 1.464865 33.271669
1628250137.111068 1.826146 1.720079 23.698873 4.751090 1.492786 33.488974
1628250137.211288 1.649040 1.581537 24.110482 3.926851 1.639685 32.907595
1628250137.311477 1.923454 1.746228 24.297718 3.968845 1.548506 33.484751
1628250137.411689 1.798407 1.852161 22.193727 4.021240 1.308783 31.174318
1628250137.511848 1.728553 1.703373 21.896576 4.573745 1.489823 31.392070
1628250137.612048 1.739450 1.640335 25.318346 4.023462 1.668609 34.390202
1628250137.712252 1.058890 1.205054 27.332414 4.362686 1.211213 35.170257
1628250137.812674 1.820950 1.821113 26.847181 4.498833 1.597569 36.585646
1628250137.913033 2.160236 2.062228 26.790992 4.303032 1.698836 37.015324
1628250138.013148 1.816431 1.684255 24.451629 4.293754 1.647820 33.893889
1628250138.113036 1.842399 1.638194 23.971964 4.598852 1.466483 33.517892
1628250138.213394 1.916161 1.801678 24.464161 3.780940 1.535000 33.497940
1628250138.313429 1.960879 1.963321 24.648030 4.125385 1.684289 34.381904
1628250138.413717 1.774327 1.628334 22.542293 4.360638 1.696981 32.002573
1628250138.516391 1.875264 1.802613 21.851292 4.901425 1.580025 32.010619
1628250138.614038 1.666628 1.676477 22.326704 5.153882 1.640522 32.464213
1628250138.714228 1.596183 1.511568 19.862350 4.710589 1.413935 29.094625
1628250138.814403 1.643973 1.610052 22.186814 4.835653 1.506379 31.782871
1628250138.916130 1.889674 1.861879 17.957935 3.774850 1.614749 27.099087
1628250139.014794 1.601051 1.595514 18.798227 4.025166 1.412796 27.432754
1628250139.114975 1.874778 1.845905 19.045924 4.497681 1.612631 28.876919
1628250139.215186 1.852071 1.729670 23.464129 4.650343 1.481934 33.178147
1628250139.315397 1.863479 1.747999 24.463681 4.463452 1.523576 34.062187
1628250139.415875 1.439233 1.634693 21.633012 4.760503 1.021790 30.489231
1628250139.515778 1.918196 1.864505 23.687331 4.514371 1.853931 33.838334
1628250139.615961 1.795471 1.796214 19.508531 3.865720 1.499649 28.465585
1628250139.716156 2.209938 1.993088 25.696717 4.848218 1.999263 36.747224
1628250139.816339 2.036812 1.959672 26.813293 3.979766 1.663320 36.452863
1628250139.916734 1.926754 1.809753 23.623274 4.672634 1.808238 33.840653
1628250140.016731 1.784918 1.669690 23.336100 4.127145 1.435242 32.353095
1628250140.116966 1.818787 1.793853 22.176073 4.011005 1.814197 31.613915
1628250140.217123 1.938887 1.812992 22.737548 4.637925 1.552955 32.680307
1628250140.317323 1.916410 1.747041 21.900099 3.702544 1.475137 30.741231
1628250140.417513 1.672618 1.657521 23.023361 3.812361 1.431132 31.596993
1628250140.517724 1.991960 1.853667 24.776715 3.714637 2.029690 34.366669
1628250140.617904 1.847718 1.760951 22.195560 3.743101 1.493346 31.040676
1628250140.718194 2.104531 1.774542 22.937977 3.416853 1.784098 32.018001
1628250140.818299 2.055285 1.855792 23.123334 3.860399 1.584708 32.479518
1628250140.919398 1.867653 1.918254 23.213992 3.438441 1.794975 32.233315
1628250141.018707 1.898903 1.697428 24.442683 5.550765 1.433378 35.023157
1628250141.119001 1.910102 1.826012 23.912094 3.794185 1.550716 32.993109
1628250141.219077 1.931152 1.720720 23.321236 3.891213 1.442044 32.306365
1628250141.319584 1.778951 1.716708 23.046848 3.661884 1.402085 31.606476
1628250141.419525 1.785271 1.666709 23.517729 4.096228 1.411385 32.477322
1628250141.519662 0.741684 0.788136 19.590413 3.571344 0.747812 25.439389
1628250141.620062 1.975692 1.841887 23.224994 4.104846 1.554989 32.702408
1628250141.720065 1.894237 1.813228 22.311022 4.230836 1.544124 31.793447
1628250141.820255 1.893554 1.461876 23.092335 4.211944 1.406663 32.066372
1628250141.923286 1.819948 1.678618 19.817560 3.703042 1.482328 28.501496
1628250142.020652 1.986849 1.895857 24.788375 4.000696 1.644563 34.316340
1628250142.121560 1.995724 1.873607 23.631756 4.148767 1.542693 33.192547
1628250142.221305 1.766046 1.762851 24.469395 4.474325 1.583320 34.055937
1628250142.321226 1.868664 1.682726 23.428165 4.043340 1.581184 32.604079
1628250142.421825 1.808084 1.707882 24.021907 4.146236 1.445038 33.129147
1628250142.524162 1.844164 1.746363 24.339505 4.355724 1.529445 33.815201
1628250142.621817 1.846555 1.858117 24.841821 4.246120 1.565258 34.357871
1628250142.722006 2.094586 1.851073 20.239360 4.594949 1.520200 30.300168
1628250142.822211 2.111719 1.757150 23.391482 4.598917 1.381935 33.241203
1628250142.922401 1.788544 1.677093 24.733282 4.097424 1.445249 33.741592
1628250143.022593 1.929504 1.809814 23.535884 3.728715 1.535464 32.539381
1628250143.123441 1.826906 1.690595 22.684249 5.158087 1.501808 32.861645
1628250143.222986 1.772216 1.623768 23.993068 4.517802 1.429604 33.336458
1628250143.323216 1.802592 1.703606 24.924393 3.349713 1.489952 33.270256
1628250143.423372 1.969245 1.765398 26.987616 4.466774 1.728300 36.917333
1628250143.523582 1.930175 1.830445 26.874113 3.935777 1.521803 36.092313
1628250143.623780 1.980785 1.774564 26.776820 4.164630 1.737809 36.434608
1628250143.723973 1.946781 1.776344 26.696710 3.833230 1.540315 35.793380
1628250143.824179 1.889579 1.799314 26.734035 3.721176 1.532877 35.676981
1628250143.924412 2.142068 1.941643 26.554939 4.132497 1.625221 36.396368
1628250144.024560 1.875272 1.808338 26.459153 4.589510 1.660076 36.392349
1628250144.124751 1.846208 1.684631 26.838414 4.227601 1.452483 36.049337
1628250144.224981 1.883583 1.861335 26.214360 4.064406 1.553655 35.577339
1628250144.325143 1.745834 1.678870 25.657967 4.815957 1.635053 35.533681
1628250144.425325 1.768471 1.690526 25.789739 5.215193 1.381764 35.845693
1628250144.525534 1.834060 1.735328 26.513762 3.892437 1.599997 35.575584
1628250144.625740 1.096544 1.250902 26.221104 5.359422 1.270498 35.198470
1628250144.726267 1.965232 1.779732 22.643947 4.524333 1.482886 32.396130
1628250144.826136 0.777070 0.750172 22.519385 4.279853 0.684559 29.011039
1628250144.926378 2.001861 1.867541 21.446424 3.718354 1.570349 30.604529
1628250145.026506 0.760832 0.737421 24.390226 4.886237 0.665135 31.439851
1628250145.126692 1.973043 1.977678 26.782590 4.252537 1.571725 36.557573
1628250145.226904 1.962535 1.920664 25.073380 4.317743 1.623005 34.897327
1628250145.327098 2.059321 1.883519 25.562617 4.331827 1.538718 35.376002
1628250145.427311 1.923964 1.790814 26.621115 4.799423 1.526036 36.661352
1628250145.527480 2.081847 1.902438 26.126321 4.311717 1.520642 35.942965
1628250145.627752 1.948146 1.755912 25.689503 4.718562 1.435821 35.547944
1628250145.727867 1.947673 1.791077 25.483578 4.607004 1.490972 35.320304
1628250145.828106 1.293657 1.267863 26.378801 3.763357 1.459049 34.162727
1628250145.928257 1.834162 1.740912 27.369120 5.595003 1.448984 37.988181
1628250146.028477 1.672279 1.546090 27.198898 3.959104 1.289433 35.665804
1628250146.128658 2.030139 1.954310 27.382770 5.062199 1.598531 38.027949
1628250146.228886 1.778946 1.683298 25.264702 3.861335 1.376206 33.964487
1628250146.329048 2.237189 2.016271 24.935867 4.657128 1.546721 35.393176
1628250146.429247 1.978758 1.736925 25.464847 4.303008 1.435587 34.919125
1628250146.529433 1.927336 1.780766 24.969214 4.592388 1.626552 34.896256
1628250146.629635 1.984155 1.869392 26.355759 4.785510 1.529604 36.524420
1628250146.729835 2.046303 1.821580 26.243430 4.686245 1.482687 36.280245
1628250146.830050 1.727395 1.688298 23.148453 4.733854 1.469932 32.767932
1628250146.930209 2.424978 1.633054 23.047938 4.187280 1.539999 32.833249
1628250147.030408 1.940654 1.815184 23.233047 4.756614 1.456275 33.201774
1628250147.130602 1.937013 1.764382 24.999257 4.897490 1.427158 35.025300
1628250147.230802 2.034706 1.880010 26.068057 4.835526 1.583659 36.401958
1628250147.331002 1.976261 1.797782 25.645893 4.112203 1.468289 35.000428
1628250147.431224 1.756100 1.722916 23.494313 4.190873 1.394384 32.558586
1628250147.531395 2.187645 1.600420 22.838243 4.015484 1.574923 32.216715
1628250147.631578 2.122921 1.444149 25.956939 4.769082 1.344126 35.637217
1628250147.731928 1.858612 1.730760 26.002960 4.055517 1.436169 35.084018
1628250147.831969 1.996143 1.869556 25.998280 3.795085 1.476263 35.135327
1628250147.932165 2.120498 1.886441 27.180978 4.211040 1.523882 36.922839
1628250148.032421 1.735564 1.633472 25.785328 4.992724 1.311838 35.458926
1628250148.132691 1.944805 1.868091 25.518674 4.322418 1.459443 35.113431
1628250148.232791 1.859410 1.813166 24.371754 4.688726 1.424263 34.157319
1628250148.332949 1.876411 1.756403 25.169844 4.439770 1.461399 34.703827
1628250148.433173 1.874846 1.728260 25.243704 5.281888 1.386775 35.515473
1628250148.533803 2.017966 1.767832 24.563074 4.263218 1.351521 33.963611
1628250148.633549 2.025743 1.936096 24.661196 4.499351 1.490938 34.613324
1628250148.733784 0.720034 0.721187 22.573290 3.992827 0.731656 28.738994
1628250148.833937 1.754565 1.705470 25.907354 3.997683 1.396829 34.761901
1628250148.934118 1.987622 1.876975 23.586214 3.878953 1.677769 33.007533
1628250149.034312 0.696309 0.825439 21.068964 4.102978 0.903454 27.597144
1628250149.134526 0.725474 0.708727 21.673571 3.770394 0.640929 27.519095
1628250149.234704 1.684800 1.680175 26.725583 4.176915 1.384802 35.652275
1628250149.334907 1.984487 1.760663 25.413140 4.034633 1.499511 34.692434
1628250149.435113 2.071282 1.825482 27.805876 3.534836 1.404929 36.642405
1628250149.535292 1.807478 1.638794 26.240357 4.075420 1.433026 35.195075
1628250149.635534 1.382416 1.388403 22.086496 4.370551 1.216584 30.444450
1628250149.735715 2.033935 1.910969 26.309392 3.867285 1.450745 35.572326
1628250149.835870 1.736354 1.533084 26.809632 3.955153 1.205445 35.239668
1628250149.936085 1.985645 1.779862 25.959000 4.526223 1.395164 35.645894
1628250150.036685 1.717384 1.742594 29.230952 4.784713 1.516172 38.991815
1628250150.136478 2.000450 1.840403 26.772107 4.102661 1.387010 36.102631
1628250150.236690 1.995474 1.675299 28.856921 4.010539 1.491131 38.029364
1628250150.336847 1.806263 1.681313 27.279244 4.395100 1.339665 36.501585
1628250150.437058 1.994602 1.912499 29.277508 4.348314 1.565330 39.098253
1628250150.537270 2.099735 1.952221 28.678799 4.503249 1.584610 38.818614
1628250150.637452 1.826707 1.698458 29.345423 5.080069 1.391180 39.341837
1628250150.737631 1.876337 1.799262 29.377469 3.731321 1.540062 38.324451
1628250150.837982 1.824915 1.698803 28.428102 4.323679 1.368684 37.644183
1628250150.938044 2.367907 2.073883 29.643003 5.515658 1.606701 41.207152
1628250151.038460 1.787697 1.719427 31.140850 4.623946 1.677098 40.949018
1628250151.138427 1.040335 1.106101 29.357241 4.087987 1.109744 36.701408
1628250151.238605 1.668541 1.631689 30.121488 4.488904 1.444911 39.355533
1628250151.338802 2.000061 1.869303 30.553234 5.044404 1.556950 41.023952
1628250151.439043 1.943427 1.896078 29.243644 4.968269 1.539778 39.591196
1628250151.539213 2.317159 1.735536 29.133982 4.585095 1.383166 39.154938
1628250151.639448 1.871299 1.762046 28.808085 4.561440 1.439818 38.442688
1628250151.739595 2.097245 1.916376 27.453320 4.562635 1.517782 37.547358
1628250151.839814 2.079910 1.529721 30.011957 4.649569 1.292835 39.563992
1628250151.939987 1.989270 1.872162 28.373674 5.341665 1.495504 39.072275
1628250152.040171 1.872777 1.782334 27.685223 4.642314 1.392041 37.374689
1628250152.140368 2.156907 1.837245 27.916741 5.147265 1.423552 38.481710
1628250152.240574 1.936610 1.646823 26.188456 5.230741 1.416445 36.419075
1628250152.340800 1.970662 1.855872 26.043059 3.845591 1.681061 35.396245
1628250152.440954 1.989009 1.842998 27.700300 3.846930 1.439145 36.818382
1628250152.541151 1.694891 1.636312 28.660058 4.710201 1.397425 38.098887
1628250152.641373 2.344164 1.941753 30.611280 4.040162 1.788810 40.726169
1628250152.741547 2.084680 1.575302 25.412854 3.963863 1.221327 34.258026
1628250152.843532 1.781959 1.697625 27.710284 4.916133 1.346723 37.452724
1628250152.941941 1.964615 1.820266 26.104887 4.099506 1.427769 35.417043
1628250153.042124 1.810510 1.653160 27.930398 3.796175 1.345682 36.535925
1628250153.142322 2.035856 1.857855 27.443319 3.340648 1.443698 36.121376
1628250153.242529 1.670447 1.592374 28.776222 4.081258 1.410259 37.530560
1628250153.342708 2.070311 1.815175 27.074027 3.667253 1.468259 36.095025
1628250153.442931 1.649544 1.648745 27.087616 3.920016 1.379454 35.685375
1628250153.543116 2.256032 1.772325 27.860564 4.856120 1.501101 38.246142
1628250153.643301 2.066720 1.657613 30.278942 4.132196 1.362940 39.498411
1628250153.743494 2.079236 1.856459 26.706540 3.999353 1.471344 36.112932
1628250153.843702 1.867458 1.743915 28.615313 4.373615 1.411938 38.012239
1628250153.943916 1.078822 0.960278 25.555798 3.777597 0.795924 32.168419
1628250154.044568 1.600645 1.552291 28.106694 4.751578 1.365871 37.377079
1628250154.144273 1.959225 1.854700 27.329630 4.992224 1.508353 37.644132
1628250154.244502 1.855004 1.753397 27.185160 5.208588 1.455366 37.457515
1628250154.344677 2.313949 2.073097 28.471079 3.864382 1.629955 38.352462
1628250154.444877 1.713228 1.677482 29.569693 4.817142 1.467273 39.244818
1628250154.545090 1.688405 1.626662 26.802175 4.276669 1.457979 35.851890
1628250154.645261 1.530278 1.474864 27.687707 3.974615 1.318806 35.986270
1628250154.745446 2.222586 2.023157 26.756281 3.869841 1.601982 36.473847
1628250154.845648 1.760771 1.779882 27.437154 4.619643 1.459705 37.057155
1628250154.945849 2.105857 1.376891 25.048438 4.119481 1.127941 33.778608
1628250155.046042 1.689935 1.631793 26.455383 4.328304 1.427320 35.532735
1628250155.146235 2.154464 1.609274 24.262287 3.653491 1.366024 33.045540
1628250155.246421 1.838942 1.727291 26.081170 3.763682 1.461318 34.872403
1628250155.346627 1.957290 1.868605 24.512007 4.046113 1.740225 34.124240
1628250155.447113 1.879736 1.690797 25.187962 4.176740 1.420162 34.355397
1628250155.547022 2.224676 1.616965 28.112007 4.701888 1.792489 38.448025
1628250155.647203 0.822034 0.849208 21.660293 3.636377 0.808736 27.776648
1628250155.747396 2.370063 1.656872 24.225218 4.878968 1.393854 34.524975
1628250155.847607 1.652658 1.687114 23.907878 3.181948 1.369829 31.799427
1628250155.947797 2.017560 1.863044 23.997532 4.128628 1.759015 33.765779
1628250156.048012 1.624044 1.595555 24.015708 3.641143 1.307369 32.183819
1628250156.148186 2.232233 1.611049 26.889501 4.421488 1.375461 36.529732
1628250156.248396 1.776334 1.678797 22.732095 4.162123 1.436805 31.786154
1628250156.348589 2.044720 1.926701 25.504833 3.693198 1.531485 34.700937
1628250156.448812 1.939995 1.772047 24.925980 4.309129 1.427745 34.374896
1628250156.548983 2.408943 2.042143 24.483374 3.941260 1.639380 34.515100
1628250156.649178 1.898511 1.843573 26.003223 4.212185 1.472664 35.430156
1628250156.749367 1.999718 1.830824 25.283368 3.713017 1.746669 34.573596
1628250156.849585 2.135462 1.860302 23.612150 4.424729 1.568636 33.601279
1628250156.949774 1.908992 1.729783 25.912864 5.013514 1.696920 36.262073
1628250157.049947 1.638702 1.607116 27.387720 3.588605 1.561788 35.783931
1628250157.150143 1.961653 1.917179 25.942380 3.770103 1.596034 35.187349
1628250157.250383 1.783085 1.619808 25.997636 5.490881 1.562895 36.454305
1628250157.350631 2.058646 1.843731 26.652971 4.784001 1.874728 37.214077
1628250157.450735 2.039624 1.824697 26.516454 4.765684 1.484206 36.630665
1628250157.550915 1.997364 1.848247 25.874626 4.102815 1.887752 35.710804
1628250157.652132 1.719209 1.729829 27.334487 4.140302 1.569823 36.493650
1628250157.751309 1.868127 1.726465 25.677833 4.458431 1.496995 35.227851
1628250157.853090 1.738517 1.674415 25.589139 3.859042 1.331555 34.192668
1628250157.952092 2.003329 1.754972 25.849608 4.530851 1.467121 35.605881
1628250158.051938 1.681048 1.528516 25.889710 3.580525 1.527949 34.207748
1628250158.152231 1.832586 1.790363 24.632869 3.755794 1.454827 33.466439
1628250158.252438 1.727842 1.616154 24.562579 3.949914 1.403916 33.260405
1628250158.352491 2.306184 2.198358 26.609880 3.697603 1.592188 36.404213
1628250158.452899 1.733664 1.656246 25.449271 4.298095 1.409331 34.546607
1628250158.553197 2.007781 1.835100 25.062258 4.204398 1.435914 34.545451
1628250158.653624 1.684958 1.667388 22.080671 3.646107 1.396041 30.475165
1628250158.753258 2.020929 1.925822 25.207800 4.209531 1.517946 34.882028
1628250158.853791 1.792291 1.879040 26.290681 4.007982 1.397294 35.367288
1628250158.953819 2.310998 2.068147 25.332050 4.419718 1.640602 35.771515
1628250159.054073 1.597134 1.614195 26.083032 4.102361 1.373559 34.770281
1628250159.154061 1.641101 1.665855 27.189405 3.454009 1.411487 35.361857
1628250159.254572 1.838438 1.768401 25.268060 4.231056 1.425125 34.531080
1628250159.354488 1.968771 1.876870 25.531128 3.637393 1.568711 34.582873
1628250159.460822 1.677706 1.681507 23.068302 3.291180 1.313711 31.032406
1628250159.554992 1.913341 1.852634 25.048518 5.029102 1.488796 35.332391
1628250159.655036 1.695691 1.713641 25.285091 3.774710 1.388228 33.857361
1628250159.755229 1.879443 1.744177 25.442812 5.369405 1.363461 35.799298
1628250159.859735 1.605300 1.531461 25.918445 3.862596 1.290742 34.208544
1628250159.955614 1.938992 1.826280 25.490365 4.217264 1.398895 34.871796
1628250160.056795 1.868130 1.781606 24.813298 3.795994 1.681018 33.940046
1628250160.156015 1.765958 1.644926 24.253091 4.962695 1.371320 33.997990
1628250160.260262 1.845973 1.723461 25.270178 4.378464 1.389542 34.607618
1628250160.356411 1.823107 1.518092 26.156484 4.065929 1.338487 34.902099
1628250160.456697 2.168026 1.560183 26.314341 4.375185 0.907695 35.325430
1628250160.556843 1.963716 1.781926 20.349265 4.455938 1.282979 29.833824
1628250160.656990 1.811791 1.704073 23.581112 3.496027 1.445509 32.038512
1628250160.757174 2.104065 1.793588 24.552541 4.116206 1.513815 34.080215
1628250160.862767 1.876552 1.685874 24.095120 4.049982 1.327098 33.034626
1628250160.957554 2.010220 1.849222 23.325874 4.511541 1.484747 33.181604
1628250161.057842 2.108804 1.930427 23.920224 4.371718 1.445904 33.777077
1628250161.157993 2.044585 1.806982 23.531291 4.134675 1.446616 32.964149
1628250161.258145 1.995099 1.836638 20.035859 4.005061 1.433136 29.305793
1628250161.358361 1.892310 1.851416 24.858301 4.733628 1.476094 34.811749
1628250161.458535 1.822978 1.752628 20.992898 4.644677 1.461271 30.674452
1628250161.558736 1.844561 1.879146 20.677692 4.153440 1.479096 30.033935
1628250161.661439 2.242460 1.681155 26.406886 5.181326 1.713559 37.225386
1628250161.759119 1.963196 1.819921 25.458625 4.407713 1.449010 35.098465
1628250161.864104 2.219737 1.687248 24.212986 5.218538 0.754186 34.092695
1628250161.959508 1.946328 1.844600 25.106027 5.135357 1.396524 35.428836
1628250162.059709 0.852674 0.793769 21.228905 3.800373 0.655795 27.331516
1628250162.159912 2.125994 1.959363 24.757889 3.585684 1.463272 33.892202
1628250162.261095 1.809187 1.655420 25.638323 4.780540 1.271104 35.154574
1628250162.360291 1.771239 1.718753 24.617562 4.042573 1.329070 33.479197
1628250162.460501 1.742717 1.651689 25.446860 4.609570 1.395196 34.846032
1628250162.560702 2.232485 1.881140 24.225260 3.501991 1.537622 33.378498
1628250162.663483 1.850518 1.721234 24.488898 4.093598 1.338802 33.493050
1628250162.761077 1.975636 1.735279 25.830337 4.274471 1.355012 35.170735
1628250162.861302 1.681101 1.592247 25.197055 4.917722 1.316569 34.704694
1628250162.961463 1.925408 1.890069 25.676956 4.319852 1.502772 35.315057
1628250163.067531 1.404697 1.417068 23.395997 4.102808 1.220462 31.541032
1628250163.161861 1.974756 1.746295 25.738468 4.579965 1.371468 35.410952
1628250163.262054 1.776485 1.680052 25.163914 4.643235 1.299010 34.562696
1628250163.362261 2.109569 1.866886 27.235372 4.501230 1.451764 37.164821
1628250163.462445 2.006238 1.782106 26.210610 4.979431 1.351803 36.330188
1628250163.562640 1.865107 1.748211 25.948305 4.782172 1.387045 35.730840
1628250163.663310 2.111153 1.633934 28.439163 4.566004 1.590096 38.340350
1628250163.763279 1.813772 1.677917 25.946840 4.515728 1.339953 35.294210
1628250163.863233 1.832295 1.673200 25.900710 5.383778 1.369348 36.159331
1628250163.963433 1.848390 1.712871 25.396388 4.235617 1.389427 34.582693
1628250164.063614 1.600799 1.593596 22.722240 4.204411 1.305472 31.426518
1628250164.163843 2.063641 1.630922 25.256498 4.416370 1.305508 34.672939
1628250164.264288 1.860487 1.746217 20.154098 3.849284 1.327501 28.937587
1628250164.364204 1.995778 1.758749 24.354355 4.134652 1.388959 33.632493
1628250164.464413 1.792182 1.686178 24.022186 5.521687 1.357533 34.379766
1628250164.564607 1.762557 1.650542 19.289285 4.660252 1.310023 28.672659
1628250164.664800 1.701101 1.615180 23.736149 4.562711 1.388560 33.003701
1628250164.765043 2.082234 1.888956 22.356723 4.618193 1.461883 32.407989
1628250164.865185 1.589885 1.506140 22.989881 4.394986 1.200468 31.681360
1628250164.965369 2.052883 1.814171 24.664067 3.966205 1.469148 33.966474
1628250165.065985 1.783252 1.634765 24.099473 5.259611 1.346127 34.123228
1628250165.165773 1.346028 0.724021 24.999555 4.652422 0.632009 32.354035
1628250165.266037 1.974493 1.748754 26.604534 5.274974 1.411915 37.014670
1628250165.366202 1.849075 1.768115 24.882120 5.044904 1.471207 35.015421
1628250165.466634 1.813800 1.734441 24.951556 5.768447 1.387256 35.655500
1628250165.566557 1.995831 1.814363 23.242992 4.529005 1.481689 33.063880
1628250165.666740 1.696691 1.622977 24.949142 5.348322 1.449548 35.066680
1628250165.766943 2.039626 1.943964 24.185646 4.026821 1.620831 33.816888
1628250165.867484 1.773436 1.691072 23.745241 5.508466 1.652553 34.370768
1628250165.967350 1.819167 1.653554 23.254726 5.403121 1.273642 33.404210
1628250166.067540 1.861358 1.724880 25.636530 4.988617 1.341225 35.552610
1628250166.167731 1.906603 1.706529 24.211363 4.630121 1.315025 33.769641
1628250166.268191 1.788041 1.612613 27.441920 4.658602 1.241103 36.742279
1628250166.368122 1.784953 1.669992 28.525895 6.616804 1.508900 40.106544
1628250166.468307 2.218173 1.911622 28.605909 6.436906 1.546290 40.718900
1628250166.568569 1.658633 1.491280 29.644094 6.022978 1.340442 40.157427
1628250166.668694 1.387330 1.254610 25.226321 5.035042 1.025157 33.928460
1628250166.768976 2.027301 1.808375 27.694376 6.103293 1.439125 39.072470
1628250166.869096 1.750882 1.637841 26.730866 5.287496 1.420796 36.827881
1628250166.969580 1.993986 1.827500 28.179342 5.988184 1.462992 39.452004
1628250167.069490 1.762847 1.587196 28.165433 5.723950 1.348709 38.588135
1628250167.169679 1.797014 1.719426 27.667917 5.826047 1.333964 38.344368
1628250167.269905 1.763864 1.650934 30.468485 5.443453 1.460709 40.787445
1628250167.370069 1.888934 1.785736 27.827722 6.484207 1.401983 39.388582
1628250167.470269 1.793139 1.651155 27.483515 5.309271 1.345971 37.583051
1628250167.570450 1.811005 1.808667 25.655098 6.522507 1.395189 37.192466
1628250167.670742 1.674996 1.624876 27.700282 6.259424 1.367347 38.626925
1628250167.770851 2.207690 1.961305 22.749012 4.772083 1.432067 33.122157
1628250167.871398 1.717512 1.583494 27.013410 4.985061 1.304223 36.603700
1628250167.971243 2.094969 1.847470 28.789053 5.853112 1.513200 40.097804
1628250168.071449 1.853381 1.733706 28.314271 4.722809 1.396547 38.020714
1628250168.171617 1.957452 1.819318 25.177368 5.746339 1.381790 36.082267
1628250168.272137 1.673497 1.608164 25.659435 6.251078 1.285525 36.477699
1628250168.372020 2.062456 1.761024 26.613981 4.762710 1.379361 36.579532
1628250168.472280 1.752963 1.664691 28.954086 6.315434 1.342589 40.029763
1628250168.572412 2.054016 1.799568 28.128466 5.854261 1.374590 39.210901
1628250168.672620 1.736406 1.725804 27.347203 4.901769 1.327613 37.038795
1628250168.772848 2.047559 1.809173 27.665500 5.539147 1.442768 38.504147
1628250168.872999 1.740909 1.748594 29.406289 5.858497 1.413087 40.167376
1628250168.973487 1.830325 1.775135 27.557147 6.346058 1.398191 38.906856
1628250169.073373 1.698289 1.561037 26.970089 6.669465 1.321884 38.220764
1628250169.173577 1.993154 1.966316 27.246081 5.867895 1.552106 38.625552
1628250169.273774 1.751125 1.698996 28.846337 5.029083 1.379748 38.705289
1628250169.374137 1.939198 1.763794 28.415572 5.329636 1.398537 38.846737
1628250169.474164 1.778718 1.638591 28.665833 6.616522 1.354385 40.054049
1628250169.574388 2.050160 1.794266 27.289788 5.429408 1.453696 38.017318
1628250169.674556 2.171756 1.823016 31.935833 5.278932 1.714709 42.924246
1628250169.774766 2.100084 1.953359 28.418151 6.096075 1.501162 40.068831
1628250169.874957 1.750741 1.688692 29.950080 4.751004 1.411193 39.551710
1628250169.975655 1.998290 1.829921 27.437683 6.828954 1.427516 39.522364
1628250170.075333 1.849137 1.724164 28.507220 5.538288 1.372919 38.991728
1628250170.175528 0.765197 0.797046 25.933023 4.471487 0.711621 32.678374
1628250170.275760 1.669160 1.604821 28.607871 7.248985 1.333526 40.464363
1628250170.375925 1.991100 1.835213 27.699998 5.564538 1.466544 38.557393
1628250170.476110 1.727151 1.681010 29.033248 5.322646 1.353568 39.117623
1628250170.576450 1.848286 1.777617 26.863035 5.396613 1.359765 37.245316
1628250170.676501 1.974382 1.833836 26.908847 5.380879 1.453841 37.551785
1628250170.777158 1.793362 1.736188 27.498339 4.702487 1.408309 37.138685
1628250170.876894 1.825129 1.700723 29.338057 5.854027 1.411356 40.129292
1628250170.977134 1.932186 1.749503 29.649076 4.628968 1.416488 39.376221
1628250171.077309 1.694084 1.631272 28.412120 5.460238 1.334623 38.532337
1628250171.177511 0.717745 0.723779 25.546217 4.758940 0.640423 32.387104
1628250171.277678 1.574152 1.471548 28.203745 4.930033 1.276392 37.455870
1628250171.377952 1.668998 1.669930 27.661979 5.636852 1.343419 37.981178
1628250171.478086 1.817077 1.658539 27.488089 4.572305 1.372343 36.908353
1628250171.578296 1.815048 1.703716 27.741485 4.322419 1.367873 36.950541
1628250171.678467 1.554669 1.105061 23.391172 4.346871 0.763730 31.161503
1628250171.778694 2.151521 1.610973 27.978387 4.220298 1.581404 37.542583
1628250171.878860 1.989185 1.828796 26.033787 4.943077 1.414071 36.208916
1628250171.979087 1.928233 1.843869 25.885995 5.103064 1.450966 36.212127
1628250172.079249 1.701878 1.698981 25.233973 5.029027 1.348565 35.012424
1628250172.179477 1.925906 1.783628 24.358604 4.831116 1.339375 34.238629
1628250172.279650 1.694623 1.703028 23.982381 4.802154 1.275337 33.457523
1628250172.379850 1.891758 1.751305 24.778458 4.481425 1.400996 34.303942
1628250172.480043 1.973948 1.866911 24.034109 3.995132 1.394761 33.264861
1628250172.580231 1.960101 1.908278 23.067111 4.481987 1.486000 32.903477
1628250172.680420 2.401816 1.733687 27.314294 4.146097 0.949519 36.545413
1628250172.780627 1.873944 1.763080 23.487569 4.478137 1.341976 32.944706
1628250172.880838 1.774320 1.602841 23.227265 4.329340 1.297869 32.231635
1628250172.981050 1.975299 1.800549 24.411290 6.642363 1.439106 36.268607
1628250173.081204 2.022617 1.750663 23.225610 4.147172 1.366399 32.512461
1628250173.181723 1.921387 1.825405 25.189937 4.637555 1.450239 35.024523
1628250173.281607 1.712223 1.620457 26.092275 3.818464 1.333630 34.577049
1628250173.381791 1.969911 1.897061 26.111705 4.192555 1.605779 35.777011
1628250173.482625 1.823924 1.721524 25.247277 5.631031 1.404668 35.828424
1628250173.582171 2.158553 1.949458 26.375160 4.896435 1.497670 36.877276
1628250173.682374 2.141646 1.734747 33.323498 5.571882 1.522248 44.294021
1628250173.782641 2.065218 1.877980 28.534608 4.711598 1.507523 38.696927
1628250173.882802 2.100011 1.934376 28.273453 4.471941 1.495633 38.275414
1628250173.982955 2.025045 1.770769 28.350666 5.494183 1.377358 39.018021
1628250174.084105 1.665374 1.640029 27.995493 5.881155 1.299400 38.481451
1628250174.183426 1.682417 1.703691 28.560316 4.578253 1.349680 37.874357
1628250174.283536 1.844297 1.791358 29.667223 5.108948 1.694910 40.106736
1628250174.383847 1.150182 0.907883 25.765035 5.492480 1.104694 34.420274
1628250174.483948 1.718799 1.656661 29.214050 4.595388 1.788405 38.973303
1628250174.584124 0.721706 0.765287 25.384917 5.039972 0.655983 32.567865
1628250174.684316 1.928732 1.744789 29.194323 6.427450 1.574101 40.869395
1628250174.784666 1.874544 1.704058 27.880595 4.660718 1.378677 37.498592
1628250174.884717 1.899484 1.669465 28.831234 5.904187 1.323288 39.627658
1628250174.986297 1.938997 1.811321 28.983205 6.818769 1.435181 40.987473
1628250175.085108 1.728728 1.706373 28.592464 5.078460 1.411944 38.517969
1628250175.185308 1.739031 1.640195 28.843064 4.302428 1.553408 38.078126
1628250175.285491 1.579041 1.642925 28.521576 5.631049 1.327345 38.701936
1628250175.385874 1.811385 1.686044 30.037828 4.711298 1.558643 39.805198
1628250175.485885 2.214407 1.952494 28.511113 5.176836 1.531996 39.386846
1628250175.586106 1.907311 1.866575 29.712256 5.344282 1.447304 40.277728
1628250175.686321 1.770928 1.648044 30.346600 6.424550 1.373972 41.564094
1628250175.786807 1.873588 1.842339 29.407368 5.142655 1.414685 39.680635
1628250175.886739 1.531069 1.446951 29.843989 6.850115 1.534486 41.206610
1628250175.986858 1.903801 1.767540 28.863325 5.952859 1.401161 39.888686
1628250176.087180 1.473150 1.465599 29.309659 4.643892 1.539931 38.432231
1628250176.187250 1.956546 0.901843 25.030859 4.658988 0.993854 33.542090
1628250176.287642 2.049713 1.615956 30.412531 5.040465 1.615390 40.734055
1628250176.387638 1.905692 1.777357 26.455028 5.448858 1.369929 36.956864
1628250176.487933 1.635360 1.664852 28.660701 4.945880 1.349947 38.256740
1628250176.588027 2.132249 1.873832 29.493571 5.125507 1.470227 40.095386
1628250176.688230 2.000359 1.778698 31.442697 4.860615 1.437615 41.519984
1628250176.788425 1.746617 1.691001 29.126479 4.790314 1.462804 38.817215
1628250176.889197 1.707682 1.613242 29.328238 4.717793 1.296886 38.663841
1628250176.988953 1.954416 1.797184 27.540729 5.849139 1.398131 38.539599
1628250177.089005 1.606367 1.608543 28.621885 4.461412 1.313396 37.611603
1628250177.189214 1.817150 1.750780 28.623020 4.558767 1.347048 38.096765
1628250177.289483 1.598005 1.548780 29.184480 4.158102 1.302204 37.791571
1628250177.390350 1.846564 1.626797 28.159998 5.074720 1.266745 37.974824
1628250177.489786 1.808343 1.638411 29.377597 4.792636 1.322740 38.939727
1628250177.589990 2.036058 1.870570 28.072153 4.958838 1.435063 38.372682
1628250177.690180 1.863071 1.817923 30.094945 5.596078 1.428821 40.800838
1628250177.790404 1.306778 0.700718 31.025282 4.541163 0.678572 38.252513
1628250177.891160 1.684296 1.593123 28.068284 4.029453 1.272773 36.647929
1628250177.990802 2.032593 1.782856 27.566532 4.254391 1.394827 37.031199
1628250178.090973 1.789128 1.565936 27.280851 4.483846 1.272419 36.392180
1628250178.191186 1.996896 1.857092 27.245157 3.878552 1.383478 36.361175
1628250178.291358 0.862453 0.974290 30.624736 4.117230 0.953415 37.532124
1628250178.391557 2.044913 1.742568 30.919627 4.051716 1.432464 40.191288
1628250178.491813 2.088983 1.729732 29.999252 4.889820 1.355885 40.063672
1628250178.591943 2.074522 1.878913 26.191826 5.113101 1.483172 36.741534
1628250178.692152 1.701608 1.572280 31.085249 5.104261 1.471624 40.935022
1628250178.792340 1.964388 1.728490 31.152199 4.611269 1.333635 40.789981
1628250178.892620 1.846011 1.818387 30.290013 4.937780 1.684310 40.576501
1628250178.992742 1.897911 1.709440 27.627645 4.101284 1.349683 36.685963
1628250179.093284 1.545893 1.612967 29.578662 4.460030 1.351126 38.548678
1628250179.193331 2.035349 1.868475 28.041067 5.193465 1.426851 38.565207
1628250179.293318 1.434209 1.079273 24.396432 5.498222 0.863954 33.272090
1628250179.393496 1.991140 1.806109 29.510507 5.691184 1.449723 40.448663
1628250179.493713 1.714113 1.564606 27.579406 4.781099 1.577931 37.217155
1628250179.593900 1.971014 1.854562 28.831913 4.416314 1.482367 38.556170
1628250179.694153 2.063980 1.556504 27.938029 5.734566 1.708849 39.001928
1628250179.794307 1.884055 1.795241 29.919890 4.967051 1.391927 39.958164
1628250179.894643 2.281910 1.638388 31.972224 5.110393 1.374622 42.377537
1628250179.994672 2.049895 1.866966 28.252575 5.870901 1.501912 39.542249
1628250180.094876 1.838275 1.840901 23.108864 4.573467 1.398378 32.759885
1628250180.195116 1.941434 1.790523 29.150550 4.649632 1.475264 39.007403
1628250180.295284 1.730107 1.620414 27.725938 4.940785 1.336584 37.353828
1628250180.395454 1.900781 1.719847 25.979374 3.899139 1.420591 34.919732
1628250180.495648 1.931361 1.655414 26.070065 3.557830 1.559640 34.774310
1628250180.595844 1.733328 1.670010 24.421640 4.345675 1.421220 33.591873
1628250180.696052 1.789970 1.695707 27.132400 3.938690 1.399677 35.956444
1628250180.796335 2.131577 1.740485 29.528773 5.048552 1.472007 39.921394
1628250180.896439 1.767132 1.622809 28.370367 5.222933 1.442824 38.426065
1628250180.996648 1.969696 1.846931 27.396611 5.019573 1.491285 37.724096
1628250181.096841 1.695182 1.657642 26.673772 4.915722 1.438552 36.380870
1628250181.197015 1.839641 1.771819 23.824827 4.363711 1.461065 33.261063
1628250181.297246 2.057139 1.899042 27.033890 5.286077 1.558919 37.835067
1628250181.397830 2.071811 1.941948 27.331584 4.212398 1.556501 37.114242
1628250181.500100 1.845000 1.740872 27.622886 4.689463 1.422922 37.321143
1628250181.597821 2.053134 1.872212 27.664680 5.047770 1.509565 38.147361
1628250181.697995 1.828697 1.699824 28.596814 5.121383 1.435018 38.681736
1628250181.798197 2.054910 1.860196 27.055642 3.777842 1.535953 36.284543
1628250181.898385 1.632693 1.656472 28.682201 4.184071 1.418211 37.573648
1628250181.998615 2.052359 1.861134 29.148035 4.135469 1.512343 38.709340
1628250182.098775 1.724608 1.622319 29.706345 4.413323 1.418929 38.885524
1628250182.200080 1.846654 1.639460 30.281801 4.007685 1.611745 39.387345
1628250182.299191 1.711680 1.577435 28.416695 4.638061 1.344237 37.688108
1628250182.399370 1.906688 1.795067 29.210837 4.479425 1.445669 38.837686
1628250182.499588 1.637363 1.568867 29.592746 5.361600 1.326580 39.487156
1628250182.599810 1.850151 1.743050 27.959695 4.074839 1.364924 36.992659
1628250182.699967 1.992027 1.780963 28.567657 4.148041 1.422785 37.911473
1628250182.800160 2.124372 1.986230 26.167394 5.906486 1.604239 37.788721
1628250182.900337 1.801160 1.656597 26.622688 4.198340 1.403072 35.681857
1628250183.000611 2.069104 1.836196 26.366681 4.553290 1.503823 36.329094
1628250183.100875 1.981302 1.812577 20.391340 3.913748 1.497186 29.596153
1628250183.201342 1.840133 1.797980 22.308055 4.067671 1.555196 31.569035
1628250183.301135 1.641458 1.593902 23.865480 3.545123 1.382770 32.028733
1628250183.401319 1.981779 1.997094 24.491826 4.341507 1.585231 34.397437
1628250183.501616 1.818535 1.609035 24.150913 4.449448 1.661203 33.689134
1628250183.601705 1.788299 1.655974 23.926223 3.344240 1.327766 32.042502
1628250183.701899 1.942395 1.714439 20.435283 4.100035 1.429699 29.621851
1628250183.802323 2.127950 1.903685 24.284140 4.239393 1.562645 34.117813
1628250183.902360 1.814460 1.782400 24.574539 4.161464 1.481428 33.814291
1628250184.002490 2.023753 1.842619 24.367375 3.382245 1.470740 33.086732
1628250184.102723 2.131854 1.945596 26.240994 3.546746 1.601046 35.466236
1628250184.203150 1.942374 1.827839 25.077002 3.888429 1.492342 34.227986
1628250184.303187 1.764120 1.860370 24.564991 5.168661 1.412162 34.770304
1628250184.403269 1.810896 1.800933 25.025294 3.239152 1.476846 33.353121
1628250184.503462 1.945043 1.892298 26.222410 3.563348 1.546315 35.169414
1628250184.603676 0.722241 0.733133 25.213300 4.132587 0.666593 31.467854
1628250184.703858 1.612352 1.587244 25.853257 3.934592 1.346851 34.334296
1628250184.804069 1.940033 1.789931 26.864671 3.127806 1.729836 35.452277
1628250184.904243 1.614848 1.568664 26.822032 4.801581 1.338737 36.145862
1628250185.005323 1.810973 1.701271 27.548618 3.633269 1.440515 36.134646
1628250185.104645 1.732167 1.689378 25.770501 4.705114 1.357517 35.254677
1628250185.204998 1.990733 1.829993 26.805043 4.160400 1.494364 36.280533
1628250185.305090 1.672405 1.689310 24.450435 3.912053 1.456579 33.180782
1628250185.405241 1.858201 1.717062 25.655060 3.311690 1.419235 33.961248
1628250185.505439 1.770760 1.702628 25.568870 3.924861 1.699494 34.666613
1628250185.605619 1.857040 1.777538 24.144495 3.994735 1.488687 33.262495
1628250185.705845 2.234867 1.654113 24.641284 3.984864 1.221656 33.736784
1628250185.808125 2.392051 1.473121 26.744071 3.999333 0.722695 35.331271
1628250185.906216 1.930321 1.988858 24.227694 4.657178 1.456949 34.261000
1628250186.006395 1.909755 1.980252 24.996404 4.703931 1.578862 35.169204
1628250186.106616 2.257234 1.643245 24.628805 4.687064 1.776475 34.992823
1628250186.206797 1.858213 1.757623 24.560169 3.508560 1.523145 33.207710
1628250186.307103 1.765963 1.734093 25.052477 4.069628 1.495435 34.117596
1628250186.407184 2.139925 1.724381 24.235982 4.502335 1.429530 34.032153
1628250186.507393 1.623510 1.547306 25.255727 4.762087 1.430608 34.619238
1628250186.607794 2.086490 1.846203 25.546508 3.886845 1.539736 34.905782
1628250186.710546 1.870149 1.758857 25.294233 3.585920 1.420156 33.929315
1628250186.807988 1.965686 1.732909 26.132375 4.454753 1.391031 35.676754
1628250186.908286 1.899671 1.731914 26.570622 3.797878 1.767516 35.767601
1628250187.008352 1.922699 1.925968 24.925173 3.850685 1.523750 34.148275
1628250187.109072 1.939180 1.718417 26.203029 4.228762 1.751656 35.841044
1628250187.208744 1.927286 1.816146 25.075527 3.159644 1.522742 33.501345
1628250187.308946 1.986224 1.876109 25.122888 3.681366 1.480967 34.147554
1628250187.409135 1.418675 1.423247 21.678153 3.511086 1.312002 29.343163
1628250187.509358 1.584507 1.541973 24.507817 3.613785 1.289894 32.537976
1628250187.609528 1.802884 1.759915 25.329994 3.161174 1.432845 33.486812
1628250187.712116 1.954520 1.953846 22.032263 3.785921 1.725955 31.452505
1628250187.809919 1.670394 1.762469 26.077588 3.979551 1.584365 35.074367
1628250187.910110 1.853894 1.670290 26.810065 3.559912 1.428645 35.322806
1628250188.010301 1.941567 1.817611 26.260703 4.307097 1.482807 35.809785
1628250188.110513 1.778872 1.738059 27.164983 4.262483 1.458404 36.402801
1628250188.210716 1.200117 0.858426 23.059965 4.078831 0.749910 29.947249
1628250188.310884 2.043854 1.929567 26.635099 3.370230 1.554039 35.532789
1628250188.411099 1.772531 1.829336 25.899305 3.599643 1.501601 34.602416
1628250188.511287 1.017857 1.039536 26.307935 4.092400 1.088814 33.546542
1628250188.611474 1.962719 1.860053 25.358558 3.533300 1.477928 34.192558
1628250188.711692 1.781472 1.765404 25.878302 3.600066 1.673181 34.698425
1628250188.811873 1.830095 1.817462 25.912794 3.767954 1.426846 34.755151
1628250188.912079 1.567471 1.551145 26.297080 3.928551 1.619236 34.963483
1628250189.012263 2.017283 1.868185 25.724038 3.751056 1.453393 34.813955
1628250189.113762 1.746023 1.623585 26.026708 4.252308 1.548612 35.197236
1628250189.212656 1.879973 1.794287 24.430967 3.741999 1.397196 33.244422
1628250189.312866 2.206454 1.242187 24.063233 4.442508 1.156283 33.110665
1628250189.413941 2.027163 1.841917 26.267215 3.073563 1.516851 34.726709
1628250189.513236 1.904133 1.749618 25.596498 4.837204 1.587798 35.675251
1628250189.613451 2.112113 1.605130 26.827882 3.402407 1.371639 35.319171
1628250189.713821 1.565149 1.586273 24.957778 3.550187 1.355744 33.015131
1628250189.813827 1.865720 1.790106 28.172499 3.488290 1.445908 36.762523
1628250189.914015 1.822025 1.735364 25.419668 4.453070 1.412808 34.842935
1628250190.014215 1.887188 1.791531 24.053585 3.373841 1.470002 32.576147
1628250190.114925 1.720355 1.627265 24.398021 3.517424 1.601036 32.864101
1628250190.214947 1.883984 1.756237 23.974892 3.221736 1.483044 32.319893
1628250190.314814 1.752439 1.871482 26.001622 3.642603 1.439254 34.707400
1628250190.415003 2.168148 2.101548 25.089535 3.368512 1.636652 34.364395
1628250190.515233 1.858348 1.739620 24.225081 3.182601 1.438032 32.443682
1628250190.617592 2.008634 1.835187 24.556846 3.332583 1.447435 33.180685
1628250190.715594 1.904179 1.788351 23.935851 3.186055 1.665903 32.480339
1628250190.815781 1.843228 1.687952 23.950459 4.220013 1.385462 33.087114
1628250190.915979 1.556038 1.664313 24.445743 4.280011 1.656791 33.602896
1628250191.016235 1.695811 1.626190 23.893850 3.725897 1.357907 32.299655
1628250191.116353 1.981758 1.814372 23.353627 4.028313 1.448380 32.626450
1628250191.216552 1.819086 1.715318 23.158767 3.806875 1.426205 31.926251
1628250191.316749 1.705842 1.646710 23.228744 3.088261 1.384656 31.054213
1628250191.416961 1.879025 1.741131 22.605811 3.299239 1.406268 30.931474
1628250191.517141 1.625858 1.596513 23.143418 3.949072 1.416909 31.731770
1628250191.617356 1.801494 1.772952 22.667407 4.621909 1.419783 32.283545
1628250191.717532 1.688782 1.621296 22.595500 4.151603 1.388191 31.445372
1628250191.817725 1.986863 1.827293 25.570305 4.034073 1.446404 34.864938
1628250191.917936 1.796936 1.671585 22.948640 3.484748 1.375264 31.277173
1628250192.018521 2.030265 1.986011 22.504005 3.344491 1.582579 31.447351
1628250192.118320 1.437536 1.455084 26.648754 3.680619 1.454333 34.676326
1628250192.221003 1.149490 1.026185 19.107463 4.283198 0.837502 26.403838
1628250192.318708 1.827790 1.668354 21.193875 3.704461 1.375990 29.770470
1628250192.418906 1.721314 1.766339 21.681680 2.988519 1.360928 29.518780
1628250192.519091 1.965480 1.849577 22.797943 3.458913 1.526379 31.598292
1628250192.619287 1.925637 1.807925 21.504869 3.856883 1.476755 30.572069
1628250192.720475 1.842446 1.689212 21.624878 3.719254 1.411751 30.287541
1628250192.819675 1.933118 1.804564 20.690554 3.315658 1.470876 29.214770
1628250192.919868 1.773780 1.667716 21.674482 3.559283 1.320067 29.995328
1628250193.022659 1.860980 1.750471 21.702449 3.423153 1.693363 30.430416
1628250193.120409 1.642595 1.575471 22.301695 3.766829 1.349235 30.635825
1628250193.220456 1.770837 1.713037 22.123761 3.873151 1.645007 31.125793
1628250193.320663 1.554989 1.546566 21.167153 3.465333 1.303836 29.037877
1628250193.421858 1.893398 1.855353 20.774051 3.431535 1.720764 29.675101
1628250193.521148 1.860205 1.717873 20.964374 3.172203 1.637137 29.351792
1628250193.621358 1.879985 1.866155 21.148768 3.604020 1.596189 30.095117
1628250193.721439 1.561839 1.524271 21.988046 3.244315 1.306209 29.624680
1628250193.821633 1.673247 1.867356 24.892141 3.709794 1.824043 33.966581
1628250193.921831 1.948866 1.554257 25.235914 4.253275 1.589609 34.581921
1628250194.022030 1.688895 1.618130 20.292908 3.503821 1.539640 28.643394
1628250194.122216 1.566445 1.560453 23.511352 3.607862 1.360439 31.606551
1628250194.222411 1.725097 1.695641 18.992813 3.722470 1.656804 27.792825
1628250194.322606 1.876228 1.821730 21.682554 5.149930 1.492922 32.023364
1628250194.422825 1.985369 1.778102 22.148232 3.762220 1.459544 31.133467
1628250194.523012 1.938438 1.758427 20.078142 3.823553 1.452011 29.050571
1628250194.623204 0.773117 0.729181 20.873502 3.415956 0.769748 26.561504
1628250194.723404 1.666231 1.629035 22.424765 3.395643 1.348387 30.464061
1628250194.823594 1.777184 1.743748 21.213625 3.584975 1.503999 29.823531
1628250194.923822 1.481957 1.461446 22.483572 5.546168 1.579978 32.553121
1628250195.023998 1.729576 1.650391 22.278328 4.544002 1.407350 31.609647
1628250195.124168 1.643140 1.571844 22.636693 3.928558 1.324713 31.104948
1628250195.224406 1.790242 1.656316 22.780673 3.642532 1.651297 31.521060
1628250195.324563 1.676720 1.628814 23.117061 3.821160 1.355799 31.599554
1628250195.424776 1.910790 1.850530 22.307530 4.267653 1.474288 31.810791
1628250195.524951 1.297753 1.231069 20.490435 4.366338 1.009077 28.394672
1628250195.625175 2.082092 1.777219 25.549565 4.415074 1.535667 35.359617
1628250195.725357 1.563134 1.602067 24.153110 4.382306 1.676618 33.377235
1628250195.825552 2.173559 1.972346 25.209346 4.327982 1.557040 35.240273
1628250195.925746 2.011786 1.819800 23.781573 3.808307 1.534641 32.956107
1628250196.025963 1.806654 1.769570 23.644353 3.438236 1.728943 32.387756
1628250196.126138 1.558037 1.610847 23.048870 4.793587 1.375684 32.387025
1628250196.226316 1.806766 1.782748 23.580963 3.808944 1.474531 32.453952
1628250196.326524 1.802733 1.725270 22.839108 3.904695 1.403941 31.675747
1628250196.426711 1.621272 1.627949 23.346278 5.750104 1.392594 33.738197
1628250196.526917 1.814802 1.749926 22.762949 4.461188 1.472313 32.261178
1628250196.627114 1.747024 1.700597 24.306881 4.222863 1.474951 33.452316
1628250196.727338 1.735436 1.607138 23.418002 3.752592 1.397623 31.910791
1628250196.827492 1.907256 1.740655 21.709624 4.361058 1.680204 31.398797
1628250196.927683 1.693062 1.609115 22.475461 4.283315 1.325449 31.386402
1628250197.027924 1.673089 1.627520 23.841931 4.007410 1.477157 32.627107
1628250197.129106 1.976829 1.744921 23.009900 3.704792 1.503629 31.940071
1628250197.228331 2.155160 2.038973 21.274843 4.199458 1.658892 31.327326
1628250197.328467 1.629846 1.649211 22.040718 4.433286 1.527449 31.280510
1628250197.428661 2.061917 1.829157 21.998007 4.746610 1.555628 32.191319
1628250197.529509 1.829567 1.737556 23.210285 5.914152 1.761603 34.453163
1628250197.629051 1.988101 1.837320 22.698171 3.929200 1.534810 31.987602
1628250197.729486 2.222443 1.682981 19.771570 4.622568 1.408013 29.707575
1628250197.829456 2.009150 1.761337 24.846707 4.152396 1.708179 34.477769
1628250197.929835 1.826676 1.790771 24.079836 4.042832 1.541921 33.282036
1628250198.029839 1.822653 1.776867 25.284233 4.617950 1.508348 35.010051
1628250198.130042 1.760504 1.716884 25.487151 4.513035 1.426863 34.904437
1628250198.230263 2.179175 1.824340 27.301265 4.472731 1.641882 37.419393
1628250198.330441 1.787656 1.740591 26.841767 4.532470 1.544485 36.446969
1628250198.430630 1.935608 1.884579 27.580193 5.662260 1.617681 38.680321
1628250198.530816 1.767615 1.715279 27.515436 5.030519 1.602482 37.631331
1628250198.631022 1.847213 1.769996 25.963417 4.179414 1.545563 35.305603
1628250198.731215 1.970174 1.560232 27.576717 4.929252 1.477385 37.513760
1628250198.831414 1.866055 1.741034 26.155153 6.321892 1.532522 37.616656
1628250198.931607 1.928997 1.781254 26.199070 5.123269 1.624312 36.656902
1628250199.031808 1.618542 1.705193 25.350239 5.406654 1.927292 36.007920
1628250199.131984 1.682724 1.597680 24.214021 5.971446 1.496045 34.961916
1628250199.232206 1.716032 1.631973 21.698175 5.158263 1.464297 31.668740
1628250199.333177 1.669651 1.673672 22.164200 4.843386 1.719954 32.070863
1628250199.433635 1.796291 1.708314 23.301969 5.571688 1.518998 33.897260
1628250199.532785 1.861645 1.816989 21.557611 4.640251 2.029458 31.905954
1628250199.632968 1.775903 1.741852 21.453970 4.922614 1.537157 31.431496
1628250199.733871 1.695082 1.517269 22.781424 6.271087 1.435956 33.700818
1628250199.836168 1.682709 1.597226 24.264402 5.140223 1.378012 34.062572
1628250199.933612 2.178795 1.651700 28.457364 4.426544 2.203151 38.917554
1628250200.033748 1.942778 1.809269 25.049846 4.369071 1.573804 34.744768
1628250200.134023 1.861593 1.705316 26.104477 4.758820 1.506890 35.937096
1628250200.234176 1.812169 1.849723 27.625441 4.170530 1.762044 37.219907
1628250200.334343 1.733159 1.729736 26.734387 5.851980 1.500960 37.550222
1628250200.434542 1.819812 1.774966 28.160418 4.470863 1.503417 37.729476
1628250200.534739 1.776422 1.642237 27.974775 4.493050 1.562296 37.448780
1628250200.634918 1.773738 1.729018 26.508419 5.171526 1.496928 36.679629
1628250200.735140 1.941930 1.798296 25.032975 4.348693 1.839807 34.961701
1628250200.835315 1.831480 1.782126 23.189020 4.866248 1.619260 33.288134
1628250200.935503 1.827761 1.749182 24.254346 4.950603 1.517700 34.299592
1628250201.035697 2.127301 1.522791 24.503435 4.737831 1.443243 34.334601
1628250201.135896 1.956571 1.853201 24.231542 5.408216 1.714135 35.163665
1628250201.237005 1.724424 1.674559 23.464153 4.050499 1.446436 32.360071
1628250201.336289 1.889352 1.810036 26.120553 5.574360 1.584495 36.978796
1628250201.440131 1.815286 1.735040 23.159840 4.738439 1.476843 32.925448
1628250201.536676 1.709153 1.696413 23.653289 5.612393 1.514353 34.185601
1628250201.636880 1.732690 1.662052 24.306126 5.306295 1.517743 34.524906
1628250201.737076 1.651904 1.692869 22.211498 5.212731 1.456947 32.225949
1628250201.837267 2.014544 1.869414 23.510534 6.130359 1.609210 35.134061
1628250201.937469 2.275166 1.384847 22.906942 4.278701 1.215616 32.061272
1628250202.037863 1.819226 1.750342 23.489641 5.137673 1.542680 33.739562
1628250202.137902 1.685459 1.651988 24.857702 5.039131 1.609834 34.844114
1628250202.238342 1.908808 1.808375 25.072200 6.366835 1.561038 36.717256
1628250202.338243 1.672545 1.685878 25.818377 4.563647 1.451069 35.191516
1628250202.438483 2.261136 1.639333 24.562124 6.937550 1.956154 37.356297
1628250202.538643 1.841058 1.728251 24.888460 5.380431 1.576366 35.414566
1628250202.638826 1.918260 1.831445 25.391835 6.222240 1.549005 36.912785
1628250202.739045 1.731444 1.810001 25.396484 6.478380 1.562511 36.978820
1628250202.839221 1.694154 1.642550 25.584393 6.691582 1.431463 37.044142
1628250202.939443 1.880321 1.861029 26.280885 4.396707 1.507300 35.926242
1628250203.039605 1.845695 1.723078 25.383873 6.883432 1.571171 37.407249
1628250203.139832 1.797915 1.661235 26.811926 5.099750 1.531598 36.902424
1628250203.240008 1.737071 1.690305 26.937127 5.884631 1.512259 37.761393
1628250203.340225 2.146298 2.010336 25.869801 5.587260 1.719388 37.333083
1628250203.440399 1.954124 1.682103 27.413235 5.829688 1.453937 38.333087
1628250203.540594 1.783112 1.777953 24.566754 5.357946 1.573831 35.059596
1628250203.640817 1.337035 1.626240 27.323702 5.465326 1.491693 37.243996
1628250203.741113 1.633780 1.646212 25.983203 5.035679 1.456316 35.755190
1628250203.841212 1.783653 1.725647 23.954419 5.217642 1.487407 34.168768
1628250203.941364 0.928795 0.763308 23.267899 5.472834 0.710088 31.142924
1628250204.041553 1.839084 1.803556 25.582917 5.522292 1.523852 36.271701
1628250204.141751 1.840004 1.821650 25.119735 6.196639 1.564197 36.542225
1628250204.241948 1.762867 1.724226 24.301819 5.551768 1.491783 34.832463
1628250204.342270 1.539098 1.542576 22.805400 5.223944 1.402473 32.513491
1628250204.443391 1.714356 1.637218 22.561633 5.688575 1.385036 32.986818
1628250204.542549 1.582350 1.545564 23.365154 4.546419 1.677553 32.717040
1628250204.642756 1.451319 1.421599 21.608970 5.917586 1.278296 31.677770
1628250204.742968 2.163012 1.511088 21.985320 4.710586 1.548348 31.918354
1628250204.843130 1.677947 1.740527 23.811465 4.912513 1.551036 33.693488
1628250204.943311 1.931177 1.787530 24.058310 5.152138 1.492585 34.421740
1628250205.043540 2.015568 1.926089 23.630888 5.163552 1.614600 34.350697
1628250205.143713 2.135487 1.907872 22.134222 4.428870 1.625817 32.232268
1628250205.243923 1.859890 1.726304 23.507265 5.236478 1.418890 33.748827
1628250205.344094 1.908366 1.811939 26.179273 4.811364 1.638961 36.349903
1628250205.444291 1.939194 1.871159 22.855732 4.296240 1.572807 32.535132
1628250205.544497 2.139032 1.941590 23.266706 5.714848 1.623122 34.685298
1628250205.644733 1.975388 1.927405 22.158009 4.722192 1.525335 32.308329
1628250205.744905 1.939065 1.824006 22.917322 4.009844 1.731747 32.421984
1628250205.845124 1.751736 1.706483 22.085726 4.252592 1.413507 31.210044
1628250205.945307 1.699009 1.715879 24.325544 4.313778 1.429273 33.483483
1628250206.045495 1.957588 1.822962 21.847552 4.813004 1.470068 31.911174
1628250206.145674 2.147283 2.011330 21.276826 5.242315 1.629051 32.306805
1628250206.245877 2.013889 1.828808 18.866514 4.859144 1.465477 29.033832
1628250206.346066 1.823566 1.707221 22.831532 5.104262 1.434703 32.901284
1628250206.446267 2.055968 1.864832 21.477377 5.437023 1.582981 32.418181
1628250206.546449 1.623746 1.554733 20.297303 4.607259 1.319054 29.402095
1628250206.646656 1.767340 1.628946 20.638075 4.760399 1.592046 30.386806
1628250206.746833 1.932105 1.836060 21.725649 4.404962 1.529473 31.428249
1628250206.847079 1.943533 1.825729 21.094786 4.672545 1.557928 31.094521
1628250206.947268 1.913535 1.809404 21.881578 4.992643 1.444751 32.041911
1628250207.047437 1.868483 1.774070 21.319460 4.708922 1.677567 31.348502
1628250207.147627 1.835039 1.696655 20.635052 4.965123 1.360609 30.492478
1628250207.247835 1.749998 1.715493 20.987884 5.215604 1.716323 31.385302
1628250207.348035 2.214205 1.979215 19.950167 4.604198 1.557748 30.305533
1628250207.448420 1.952733 1.810123 20.125512 4.948889 1.431186 30.268443
1628250207.548440 1.869160 1.676877 25.264218 5.162113 1.487673 35.460041
1628250207.648609 1.797669 1.657867 17.274173 4.509434 1.382885 26.622028
1628250207.748792 0.773664 0.744018 17.815553 4.579725 0.670049 24.583009
1628250207.848978 1.926764 1.805724 20.026656 4.053564 1.406347 29.219055
1628250207.949188 1.904912 1.738468 22.181960 5.680340 1.451606 32.957286
1628250208.049386 1.879794 1.757180 23.229636 5.191195 1.432543 33.490348
1628250208.149720 2.116139 1.920534 25.018796 4.957395 1.580050 35.592914
1628250208.249938 2.079336 1.838525 26.198386 6.965976 1.430045 38.512268
1628250208.349985 2.179253 2.101947 27.682235 5.622721 1.656882 39.243038
1628250208.450214 1.827550 1.729866 25.274865 5.316310 1.416255 35.564846
1628250208.550364 2.020209 1.757999 22.956713 5.556530 1.484889 33.776340
1628250208.650561 1.809735 1.711887 21.759840 4.345997 1.439081 31.066540
1628250208.750761 1.757168 1.615579 23.807463 5.789241 1.447472 34.416923
1628250208.850984 1.847686 1.676457 22.995307 4.609757 1.388282 32.517489
1628250208.951176 1.931046 1.825670 22.963895 4.516180 1.537349 32.774140
1628250209.051387 2.032704 1.915223 22.304855 5.756132 1.534642 33.543556
1628250209.151525 1.746434 1.616542 22.323513 5.566397 1.427178 32.680064
1628250209.251715 1.839818 1.709611 21.553580 5.415699 1.453293 31.972001
1628250209.351957 1.840663 1.756283 22.485067 5.102878 1.475858 32.660749
1628250209.452111 2.041559 1.786304 23.901023 4.708718 1.513490 33.951094
1628250209.552330 2.029870 1.849465 22.743817 5.488268 1.553971 33.665391
1628250209.652994 1.639257 1.726197 23.745841 5.739205 1.411312 34.261812
1628250209.752692 1.748639 1.626967 23.339341 4.574184 1.581468 32.870599
1628250209.852894 1.920271 1.757182 22.838865 5.534461 1.469614 33.520393
1628250209.953095 1.800751 1.699401 23.589263 4.585611 1.417378 33.092404
1628250210.053970 1.931225 1.782287 23.283537 5.044847 1.465430 33.507326
1628250210.153511 1.763839 1.728758 24.679999 4.925792 1.495752 34.594140
1628250210.253720 2.353202 1.707087 21.328216 4.528079 1.086366 31.002950
1628250210.353868 1.514607 1.528763 22.237252 4.364564 1.291469 30.936655
1628250210.454114 2.041569 2.072706 23.085391 5.140566 1.560923 33.901155
1628250210.554271 2.058184 1.707670 21.084824 5.393884 1.418969 31.663531
1628250210.654457 1.656857 1.594314 23.225514 4.835005 1.381971 32.693661
1628250210.754657 0.789937 0.797380 18.794780 5.531506 0.690290 26.603893
1628250210.854876 1.954754 1.755359 22.728161 4.902032 1.437809 32.778115
1628250210.955037 1.628012 1.546678 22.438951 4.671832 1.368596 31.654069
1628250211.056124 1.921715 1.820832 21.600444 4.720558 1.469962 31.533511
1628250211.155610 1.973401 1.916175 20.269004 4.890077 1.492617 30.541274
1628250211.352102 3.093329 1.878214 21.194784 6.030537 1.519839 33.716703
1628250211.355822 0.000297 0.763047 18.297460 5.022353 0.682762 24.765919
1628250211.456087 2.144712 2.042549 23.035392 4.457895 1.628013 33.308561
1628250211.556211 1.700891 1.674816 23.187551 5.966878 1.480526 34.010662
1628250211.656424 1.720935 1.717359 23.018378 6.101532 1.501252 34.059456
1628250211.756614 1.767722 1.668571 20.078249 5.331742 1.455568 30.301852
1628250211.856802 1.869924 1.787001 22.238023 5.145139 1.492992 32.533079
1628250211.957290 1.963986 1.830114 22.740048 5.226442 1.493434 33.254024
1628250212.057202 2.464071 1.761452 20.672375 5.443562 1.451255 31.792715
1628250212.157403 1.638114 1.620693 21.367348 4.532309 1.387581 30.546045
1628250212.257577 2.025528 2.104986 22.713882 4.421487 1.612508 32.878391
1628250212.360120 2.058123 1.613557 21.164485 5.152548 1.734996 31.723709
1628250212.460232 1.852759 1.540380 18.923102 5.961229 1.281685 29.559155
1628250212.558184 1.822629 1.758915 22.016662 6.438870 1.495734 33.532810
1628250212.658359 1.858191 1.770403 22.461585 4.511326 1.478945 32.080450
1628250212.758558 1.656873 1.620054 23.207402 4.761415 1.393909 32.639653
1628250212.858751 1.921321 1.844802 22.961834 5.251170 1.452609 33.431736
1628250212.958945 1.460752 1.432195 23.624902 4.980916 1.317244 32.816009
1628250213.060113 1.857801 1.794117 23.645539 5.817379 1.501332 34.616168
1628250213.159335 1.962300 1.884831 18.840035 5.122213 1.551778 29.361157
1628250213.259555 1.722529 1.623419 23.052909 4.435221 1.374459 32.208537
1628250213.359734 1.575614 1.568204 23.552916 4.984471 1.326376 33.007581
1628250213.459940 1.709640 1.656088 23.166045 4.951470 1.395343 32.878586
1628250213.560126 1.593034 1.539583 24.653783 4.483502 1.371631 33.641533
1628250213.664132 1.871529 1.785289 22.692638 4.957569 1.463049 32.770074
1628250213.764093 1.883078 1.743425 18.922381 4.211238 1.420360 28.180482
1628250213.861853 2.128740 1.832678 22.874619 5.507682 1.478942 33.822661
1628250213.960918 1.754984 1.645338 23.689453 6.243773 1.370006 34.703554
1628250214.061091 2.019338 1.791686 23.337726 5.369020 1.529719 34.047489
1628250214.161312 1.760677 1.620205 24.303670 6.741767 1.387652 35.813971
1628250214.261583 1.883307 1.725148 22.973749 5.776722 1.427920 33.786846
1628250214.362226 1.695020 1.625871 23.322483 4.794774 1.403028 32.841176
1628250214.461874 2.195893 1.773107 23.346311 5.819200 1.370822 34.505333
1628250214.562098 1.681909 1.669698 23.264042 4.466969 1.407516 32.490134
1628250214.662675 1.937128 1.761817 23.897480 5.917290 1.434669 34.948384
1628250214.762500 1.974293 1.669433 24.331305 5.351814 1.422825 34.749670
1628250214.863662 1.949197 1.859005 23.831875 4.993303 1.513029 34.146409
1628250214.964116 1.628946 1.692323 23.723320 4.940818 1.486412 33.471819
1628250215.063131 1.903850 1.826011 23.471025 5.668577 1.504703 34.374166
1628250215.164969 2.090866 1.853281 24.370765 4.827098 1.610693 34.752703
1628250215.263644 0.785567 0.765562 21.649032 4.927392 0.700746 28.828299
1628250215.363639 1.822933 1.776171 25.312477 6.608033 1.460691 36.980305
1628250215.465560 2.015156 1.859220 22.222992 5.819640 1.515627 33.432635
1628250215.564050 1.726948 1.624118 24.612892 5.512402 1.426182 34.902542
1628250215.664228 1.927541 1.882370 23.760754 4.934250 1.558158 34.063073
1628250215.764417 1.684435 1.679509 24.662156 4.970348 1.370918 34.367366
1628250215.864612 1.987028 1.825217 23.501444 5.009734 1.544433 33.867856
1628250215.964828 1.875261 1.744638 24.055312 6.358687 1.410401 35.444299
1628250216.064997 1.829109 1.753646 24.781624 5.915535 1.470867 35.750781
1628250216.165204 1.718923 1.667682 24.008910 5.195503 1.374194 33.965212
1628250216.265414 2.117512 1.892103 24.504276 5.451591 1.542032 35.507514
1628250216.365585 1.636387 1.605066 25.610697 5.540980 1.403048 35.796178
1628250216.465802 2.136039 1.967896 24.291480 5.655592 1.596687 35.647694
1628250216.565994 1.729035 1.681950 24.554865 5.880199 1.362790 35.208839
1628250216.666177 1.904096 1.752276 23.732408 5.572303 1.396068 34.357151
1628250216.766368 1.906229 1.774976 24.210389 5.060834 1.450693 34.403121
1628250216.866592 2.090893 1.926218 24.259047 5.079621 1.622096 34.977875
1628250216.966770 1.991264 1.730792 24.249095 6.310404 1.438388 35.719943
1628250217.066992 1.846522 1.785649 24.347854 4.835626 1.436911 34.252562
1628250217.167150 1.760346 1.603121 24.359087 5.774971 1.368631 34.866156
1628250217.267405 1.845347 1.750914 23.781202 6.038691 1.423826 34.839980
1628250217.367627 1.751445 1.615873 24.099643 5.654226 1.320557 34.441744
1628250217.467749 2.021704 1.875025 22.950086 5.448665 1.478605 33.774085
1628250217.567933 1.580828 1.545978 23.641413 4.841401 1.315296 32.924916
1628250217.668126 2.172704 1.829851 25.299754 5.756362 1.546044 36.604715
1628250217.768333 2.006328 1.911527 24.070005 4.445857 1.522397 33.956114
1628250217.868528 2.136709 1.999434 23.861106 5.594618 1.633496 35.225363
1628250217.968727 1.707181 1.644685 24.169611 6.759120 1.344563 35.625160
1628250218.069889 2.313313 1.605114 22.038679 6.226581 0.953518 33.137205
1628250218.169126 0.926799 0.789758 23.827322 5.638071 0.690530 31.872480
1628250218.269385 1.116373 0.894561 19.891438 5.340199 0.920392 28.162963
1628250218.369579 0.731977 0.718500 22.480527 7.269907 0.649631 31.850542
1628250218.469697 0.849385 1.147185 28.972677 6.011090 1.008846 37.989183
1628250218.569893 1.885722 1.513789 25.221882 5.266476 1.723055 35.610924
1628250218.670105 2.130111 1.717949 25.718964 4.941967 1.772913 36.281904
1628250218.770370 1.755002 1.713959 22.521165 4.648307 1.485320 32.123753
1628250218.872114 1.740181 1.764875 22.471952 5.341894 1.423454 32.742356
1628250218.970720 1.669166 1.600387 22.619063 3.987152 1.385996 31.261764
1628250219.070879 1.751055 1.616345 22.146874 5.022930 1.322968 31.860172
1628250219.171061 1.468575 1.401070 23.469181 5.318212 1.276202 32.933240
1628250219.271265 1.923758 1.922010 17.287962 4.254935 1.516403 26.905068
1628250219.371458 1.687349 1.607629 22.047222 4.696148 1.332058 31.370406
1628250219.471644 1.829640 1.747055 21.497464 4.775636 1.400287 31.250082
1628250219.571854 1.733075 1.585796 22.079934 4.190098 1.315086 30.903989
1628250219.672065 1.900488 1.721332 20.253162 5.161860 1.402296 30.439138
1628250219.772261 1.859342 1.746989 20.263397 4.665040 1.398182 29.932950
1628250219.872432 1.685166 1.633686 20.861934 4.994780 1.341809 30.517375
1628250219.972641 1.819377 1.754092 20.725309 5.110704 1.421157 30.830639
1628250220.072813 1.916447 1.227292 23.820289 4.482920 0.745487 32.192435
1628250220.173041 1.721527 1.586416 19.511986 5.168209 1.358629 29.346767
1628250220.273207 1.828731 1.740686 19.935424 4.157880 1.404325 29.067046
1628250220.373758 1.662744 1.603532 16.792992 4.153531 1.341334 25.554133
1628250220.473773 1.802982 1.700764 14.739125 4.750454 1.449914 24.443239
1628250220.573903 1.544853 1.458651 18.370605 4.582254 1.233161 27.189524
1628250220.673989 1.497450 1.498757 18.352738 5.295289 1.202002 27.846236
1628250220.774203 1.585697 1.541264 19.477097 5.701789 1.227012 29.532859
1628250220.874387 1.704075 1.668204 19.254478 4.346886 1.388268 28.361911
1628250220.974590 1.761520 1.634755 19.550085 4.185082 1.268024 28.399466
1628250221.074787 1.710266 1.680021 19.511126 3.937261 1.356125 28.194799
1628250221.175467 1.672870 1.672884 19.998990 6.007327 1.358541 30.710612
1628250221.275179 1.535772 1.594486 19.884145 4.982160 1.361735 29.358298
1628250221.375360 1.666824 1.539245 20.078393 4.638395 1.282288 29.205145
1628250221.475561 1.871986 1.809072 21.555751 4.831671 1.670414 31.738894
1628250221.575754 1.735522 1.654332 19.850812 5.305867 1.343320 29.889853
1628250221.675968 1.710702 1.659065 19.140219 5.065871 1.340398 28.916255
1628250221.776161 1.590666 1.581888 19.215754 4.936948 1.305348 28.630604
1628250221.876335 1.614532 1.518842 16.594898 4.078744 1.317884 25.124900
1628250221.976565 1.770291 1.638340 20.152884 5.205676 1.379927 30.147118
1628250222.076732 1.960879 1.792936 19.022125 5.192934 1.527085 29.495959
1628250222.176928 1.751333 1.685522 20.521467 4.514362 1.440402 29.913086
1628250222.277139 1.736321 1.517334 16.694989 5.989931 0.645633 26.584208
1628250222.377324 1.858454 1.756301 22.005434 5.166869 1.455833 32.242891
1628250222.477521 1.928863 1.743591 22.402641 4.905668 1.701360 32.682123
1628250222.577721 1.883829 1.735799 18.758617 5.796604 1.455336 29.630185
1628250222.677904 1.606480 1.533517 22.575440 4.901500 1.550067 32.167004
1628250222.778097 1.493050 1.546258 20.068886 5.096100 1.385853 29.590147
1628250222.878282 1.921091 1.746461 22.733094 5.035203 1.663979 33.099828
1628250222.978494 1.968300 1.812577 22.116304 5.392313 1.450628 32.740122
1628250223.078689 2.036550 1.909228 21.700664 4.795168 1.537849 31.979459
1628250223.178869 1.963475 1.793439 22.495075 5.534142 1.473147 33.259278
1628250223.279105 1.867795 1.824338 22.334280 5.412298 1.580836 33.019547
1628250223.379288 1.687131 1.679606 22.944959 4.975116 1.389263 32.676075
1628250223.479468 1.943434 1.806019 22.354875 6.376592 1.473765 33.954685
1628250223.579678 1.894394 1.730637 25.821863 4.260829 1.424460 35.132183
1628250223.679860 1.879408 1.726458 21.686102 5.008984 1.531716 31.832668
1628250223.780048 1.841028 1.713007 22.327293 5.732705 1.795368 33.409401
1628250223.880253 1.782290 1.742095 21.688322 5.133386 1.455864 31.801957
1628250223.980508 1.829870 1.677092 24.719865 5.291679 2.043173 35.561679
1628250224.080654 1.747904 1.645770 21.627200 6.006656 1.387861 32.415391
1628250224.180849 1.700853 1.601203 20.939865 4.511098 1.802425 30.555444
1628250224.281050 1.812381 1.640037 21.882458 5.403612 1.367083 32.105571
1628250224.381220 1.678793 1.590989 21.050265 5.586671 1.560831 31.467549
1628250224.481436 1.714024 1.631654 21.322196 5.001844 1.398017 31.067735
1628250224.581603 1.550949 1.499661 19.629788 5.884044 1.301653 29.866095
1628250224.681844 1.866691 1.776064 20.291045 4.598753 1.441690 29.974243
1628250224.782031 1.646035 1.669131 20.211668 5.531045 1.374223 30.432102
1628250224.882206 1.832388 1.699025 20.019878 5.803086 1.417797 30.772174
1628250224.982392 1.641513 1.594867 19.661965 5.204181 1.305981 29.408507
1628250225.082609 1.725950 1.659029 20.646296 5.890539 1.407612 31.329426
1628250225.182817 1.736230 1.697835 21.020744 5.492566 1.377617 31.324992
1628250225.282995 1.989124 1.839817 21.045410 4.740032 1.515083 31.129466
1628250225.383167 1.625410 1.557826 22.990857 5.400119 1.676750 33.250962
1628250225.483370 2.090529 1.855448 21.271613 5.966209 1.609641 32.793440
1628250225.583560 1.857063 1.752253 21.191993 5.321302 1.779014 31.901625
1628250225.683788 1.844286 1.734580 21.394372 5.184079 1.400505 31.557822
1628250225.783951 1.680021 1.657653 21.332783 5.042133 1.732327 31.444917
1628250225.884154 1.826630 1.691203 20.666532 5.627066 1.399996 31.211427
1628250225.984347 2.026677 1.825452 21.331597 5.167722 1.847603 32.199051
1628250226.084610 1.599310 1.518594 19.456865 5.873550 1.290107 29.738426
1628250226.184745 2.034122 1.529687 20.097611 5.423940 1.671530 30.756890
1628250226.284929 1.678485 1.645690 20.605696 5.316079 1.571768 30.817718
1628250226.385128 1.504657 1.468470 20.702757 6.194439 1.604054 31.474377
1628250226.485409 1.465017 1.528342 19.372914 5.170731 1.308528 28.845532
1628250226.585531 1.939638 1.851441 21.384247 5.339623 1.535058 32.050007
1628250226.686042 1.792904 1.659110 20.891836 5.553872 1.443883 31.341605
1628250226.785911 1.866757 1.709857 20.189603 5.009712 1.387492 30.163421
1628250226.886113 1.951487 1.810757 20.712109 5.454865 1.455105 31.384323
1628250226.986330 0.959924 1.075499 22.014710 4.773195 1.048506 29.871834
1628250227.086768 1.766442 1.775621 21.890253 5.851628 1.651604 32.935548
1628250227.186722 1.595521 1.498317 21.422696 6.314901 1.306563 32.137998
1628250227.286905 1.898690 1.882891 21.057331 5.043307 1.543621 31.425840
1628250227.387081 1.704689 1.598941 20.855129 5.220533 1.301610 30.680902
1628250227.487564 1.852401 1.792926 21.319690 5.895773 1.435051 32.295841
1628250227.587655 1.950907 1.812524 22.947438 5.711920 1.556146 33.978935
1628250227.687791 1.881374 1.753295 21.331012 5.765320 1.457199 32.188200
1628250227.787866 1.875112 1.745030 20.860529 5.382024 1.387033 31.249728
1628250227.888344 1.824399 1.910070 24.452110 5.950623 1.473117 35.610319
1628250227.988261 1.510404 1.512433 17.012356 4.938430 1.180720 26.154343
1628250228.088459 1.863049 1.676583 21.998079 6.397838 1.407007 33.342556
1628250228.188643 2.192012 1.672857 24.879411 5.814037 1.008313 35.566630
1628250228.288874 1.827270 1.810837 22.972672 6.212602 1.508945 34.332326
1628250228.389036 1.919982 1.794094 26.017006 5.549136 1.577306 36.857524
1628250228.490507 1.760055 1.670973 22.447534 6.028754 1.479007 33.386323
1628250228.589426 1.967063 1.949550 22.496500 5.408713 1.596816 33.418642
1628250228.689620 2.005146 1.870479 24.025651 5.157378 1.543856 34.602510
1628250228.789864 1.887260 1.840047 22.256385 4.872311 1.518501 32.374504
1628250228.890008 1.945464 1.744308 24.819951 6.574965 1.505982 36.590670
1628250228.990215 1.708483 1.616767 23.462550 5.528661 1.419592 33.736053
1628250229.090403 1.574939 1.505449 23.148383 5.248009 1.305182 32.781962
1628250229.190598 1.766506 1.642071 19.709762 5.446296 1.420170 29.984805
1628250229.290819 1.753372 1.595695 23.306274 5.569687 1.377325 33.602353
1628250229.390986 1.774378 1.721316 24.744900 6.438343 1.636288 36.315225
1628250229.491205 1.886351 1.772754 24.180851 5.261494 1.575986 34.677436
1628250229.591378 1.682738 1.578642 24.510798 5.726295 1.564633 35.063106
1628250229.691572 1.688984 1.636008 26.311205 6.466707 1.405436 37.508340
1628250229.791795 1.997297 1.837030 23.636161 5.311288 1.766282 34.548058
1628250229.891962 1.857528 1.764342 24.245465 5.510699 1.452023 34.830057
1628250229.992159 1.704767 1.616744 25.389962 6.483882 1.631917 36.827272
1628250230.092486 1.937138 1.754118 25.353676 5.630935 1.513296 36.189163
1628250230.192549 1.883960 1.832141 24.645404 6.330902 1.782165 36.474572
1628250230.292762 1.665366 1.562780 24.816799 6.566157 1.338628 35.949730
1628250230.392938 1.657270 1.789847 27.884359 5.629411 1.679822 38.640709
1628250230.495116 1.650326 1.609569 24.938941 6.192467 1.411233 35.802536
1628250230.593667 2.104732 1.900558 25.528402 5.192723 1.557493 36.283908
1628250230.693746 1.418684 0.703201 24.814821 6.610655 0.659536 34.206897
1628250230.793744 1.713617 1.625091 25.475327 6.216203 1.392824 36.423062
1628250230.893924 2.045853 1.868954 25.333404 6.275375 1.539611 37.063197
1628250230.994114 1.777995 1.721437 24.229360 5.687652 1.435421 34.851865
1628250231.094310 1.973186 1.763991 25.651244 5.908296 1.484855 36.781572
1628250231.194505 1.726705 1.673422 25.259172 6.399908 1.366483 36.425690
1628250231.294709 1.939181 1.801740 25.508514 6.235554 1.520199 37.005188
