1627957051.8481 73.0312
1627957051.9483 79.1016
1627957052.0505 80.6953
1627957052.1486 80.6953
1627957052.2506 81.7305
1627957052.3490 82.7617
1627957052.4492 83.7930
1627957052.5494 84.0508
1627957052.6529 85.6562
1627957052.7497 86.1172
1627957052.8501 88.4375
1627957052.9501 88.4375
1627957053.0502 89.3438
1627957053.1504 90.1172
1627957053.2509 90.8906
1627957053.3508 91.9219
1627957053.4510 92.1797
1627957053.5512 93.3320
1627957053.6517 94.3633
1627957053.7515 94.6211
1627957053.8517 95.9336
1627957053.9519 96.1914
1627957054.0523 97.6875
1627957054.1522 98.4609
1627957054.2528 99.4922
1627957054.3526 100.5234
1627957054.4527 100.7812
1627957054.5530 102.4648
1627957054.6531 103.4961
1627957054.7533 105.3008
1627957054.8536 106.3320
1627957054.9536 106.6914
1627957055.0538 108.2383
1627957055.1540 108.7734
1627957055.2542 110.6328
1627957055.3544 111.6641
1627957055.4546 113.7266
1627957055.5547 114.1562
1627957055.6549 116.2188
1627957055.7551 116.9609
1627957055.8556 117.9922
1627957055.9554 117.9922
1627957056.0560 119.7031
1627957056.1558 122.0234
1627957056.2560 122.0234
1627957056.3561 122.0234
1627957056.4570 123.5430
1627957056.5565 124.8320
1627957056.6595 126.1211
1627957056.7569 126.8945
1627957056.8571 128.1836
1627957056.9572 128.1836
1627957057.0610 130.1602
1627957057.1576 131.1914
1627957057.2666 132.2227
1627957057.3588 132.7539
1627957057.4581 134.0430
1627957057.5583 134.5391
1627957057.6585 136.0859
1627957057.7586 136.4844
1627957057.8588 137.7734
1627957057.9590 138.0430
1627957058.0592 139.5898
1627957058.1594 140.1367
1627957058.2595 141.6836
1627957058.3597 142.1992
1627957058.4600 142.4570
1627957058.5601 144.4180
1627957058.6606 144.9336
1627957058.7604 146.4805
1627957058.8607 146.9961
1627957058.9608 148.0273
1627957059.0621 148.6484
1627957059.1611 150.1953
1627957059.2613 150.4531
1627957059.3618 152.3984
1627957059.4617 152.9141
1627957059.5668 153.9453
1627957059.6621 153.9453
1627957059.7630 155.6758
1627957059.8624 156.9648
1627957059.9630 157.2227
1627957060.0628 158.2539
1627957060.1630 158.2539
1627957060.2631 159.7383
1627957060.3633 160.2539
1627957060.4635 161.5430
1627957060.5637 161.6250
1627957060.6638 163.4297
1627957060.7640 163.5703
1627957060.8642 164.8594
1627957060.9644 165.3750
1627957061.0646 166.4062
1627957061.1655 166.6641
1627957061.2649 167.8164
1627957061.3654 168.5898
1627957061.4653 169.6211
1627957061.5655 169.8789
1627957061.6656 170.7383
1627957061.7658 172.0273
1627957061.8660 172.2852
1627957061.9662 173.3008
1627957062.0665 174.3320
1627957062.1666 174.8477
1627957062.2668 175.1055
1627957062.3669 176.1367
1627957062.4671 176.3945
1627957062.5716 177.5273
1627957062.6674 178.0430
1627957062.7676 179.0742
1627957062.8701 179.5898
1627957062.9680 180.6211
1627957063.0682 181.1367
1627957063.1727 181.6523
1627957063.2685 182.6836
1627957063.3687 182.9414
1627957063.4712 183.7305
1627957063.5691 184.7617
1627957063.6692 185.2773
1627957063.7694 185.7930
1627957063.8696 186.8242
1627957063.9698 187.0820
1627957064.0700 187.9648
1627957064.1739 188.2227
1627957064.2718 189.2383
1627957064.3707 189.4961
1627957064.4707 190.9062
1627957064.5708 191.4219
1627957064.6710 191.9375
1627957064.7721 192.9688
1627957064.8714 193.2266
1627957064.9716 193.9570
1627957065.0717 194.7305
1627957065.1721 195.2461
1627957065.2721 196.0195
1627957065.3729 196.7930
1627957065.4724 197.0508
1627957065.5728 197.7969
1627957065.6728 198.8281
1627957065.7732 199.0859
1627957065.8732 199.7969
1627957065.9756 200.5703
1627957066.0736 201.3438
1627957066.1739 201.6016
1627957066.2739 202.3359
1627957066.3741 203.3672
1627957066.4743 203.6250
1627957066.5745 204.7461
1627957066.6746 205.0039
1627957066.7766 205.5664
1627957066.8750 206.5977
1627957066.9752 207.1133
1627957067.0754 207.8867
1627957067.1755 208.4023
1627957067.2757 209.4336
1627957067.3759 209.9492
1627957067.4761 210.1602
1627957067.5762 210.9336
1627957067.6764 211.4492
1627957067.7766 211.9648
1627957067.8768 212.7383
1627957067.9770 213.2422
1627957068.0771 214.2734
1627957068.1773 214.5312
1627957068.2776 215.1680
1627957068.3777 215.6836
1627957068.4780 216.1992
1627957068.5782 216.9727
1627957068.6782 217.7461
1627957068.7784 218.5195
1627957068.8786 219.0352
1627957068.9788 220.0664
1627957069.0790 220.3242
1627957069.1791 221.6133
1627957069.2795 221.8711
1627957069.3795 222.7734
1627957069.4799 223.0312
1627957069.5801 223.6719
1627957069.6800 224.1875
1627957069.7806 224.9609
1627957069.8805 225.4766
1627957069.9806 226.5078
1627957070.0807 226.7656
1627957070.1809 227.2812
1627957070.2847 228.3125
1627957070.3813 228.5703
1627957070.4815 229.6016
1627957070.5816 230.1172
1627957070.6882 230.8906
1627957070.7823 231.6641
1627957070.8824 232.1797
1627957070.9823 232.8086
1627957071.0825 233.3242
1627957071.1827 234.3555
1627957071.2829 234.6133
1627957071.3831 235.6445
1627957071.4833 236.3789
1627957071.5834 236.6367
1627957071.6836 237.2188
1627957071.7838 238.2500
1627957071.8840 238.7656
1627957071.9843 239.3555
1627957072.0845 240.3867
1627957072.1845 240.6445
1627957072.2847 241.1055
1627957072.3849 241.6211
1627957072.4851 242.6523
1627957072.5852 242.9102
1627957072.6854 243.8906
1627957072.7856 244.9219
1627957072.8861 245.1797
1627957072.9859 245.3672
1627957073.0861 246.1406
1627957073.1864 246.6562
1627957073.2886 247.1719
1627957073.3867 247.6875
1627957073.4868 248.2031
1627957073.5870 248.7188
1627957073.6872 249.2344
1627957073.7874 250.2656
1627957073.8876 250.7812
1627957073.9878 251.8125
1627957074.0879 252.3281
1627957074.1881 252.8438
1627957074.2889 253.3594
1627957074.3885 253.8750
1627957074.4887 254.3906
1627957074.5888 254.9062
1627957074.6890 255.9375
1627957074.7892 256.1953
1627957074.8895 256.9688
1627957074.9896 257.2266
1627957075.0898 257.8359
1627957075.1900 258.6094
1627957075.2901 259.1250
1627957075.3903 259.6406
1627957075.4919 260.1562
1627957075.5907 260.6719
1627957075.6908 261.1875
1627957075.7910 262.2188
1627957075.8914 262.7344
1627957075.9914 263.2500
1627957076.0925 263.7656
1627957076.1917 264.1484
1627957076.2920 264.6641
1627957076.3921 265.1719
1627957076.4928 265.6875
1627957076.5925 266.2031
1627957076.6959 266.9766
1627957076.7928 267.4922
1627957076.8930 268.0078
1627957076.9932 268.5234
1627957077.0934 269.0391
1627957077.1936 269.5547
1627957077.2940 270.0703
1627957077.3939 270.0703
1627957077.4941 271.0312
1627957077.5943 271.5469
1627957077.6944 272.5781
1627957077.7946 273.0938
1627957077.8948 273.5703
1627957077.9950 274.0859
1627957078.0952 274.6016
1627957078.1953 274.8594
1627957078.2966 275.3750
1627957078.3957 276.0273
1627957078.4959 276.5430
1627957078.5961 277.0547
1627957078.6963 277.5703
1627957078.7964 278.0859
1627957078.8966 279.1172
1627957078.9968 279.3750
1627957079.0970 279.8906
1627957079.1972 280.4062
1627957079.3008 280.9219
1627957079.3975 281.4375
1627957079.4978 281.9531
1627957079.5980 282.4688
1627957079.6981 282.4688
1627957079.7982 283.3359
1627957079.8984 284.1094
1627957079.9986 285.1406
1627957080.0988 285.3984
1627957080.1990 286.3086
1627957080.2991 286.8242
1627957080.3993 286.9219
1627957080.4995 287.4375
1627957080.5997 287.9453
1627957080.6998 288.4609
1627957080.8000 288.4609
1627957080.9002 288.7148
1627957081.0004 289.2305
1627957081.1006 290.2617
1627957081.2013 290.7773
1627957081.3010 290.9258
1627957081.4011 291.4414
1627957081.5013 291.4414
1627957081.6066 292.2109
1627957081.7017 292.7266
1627957081.8019 293.2656
1627957081.9020 293.7812
1627957082.0039 294.2891
1627957082.1024 294.8047
1627957082.2026 295.1211
1627957082.3028 295.6367
1627957082.4029 295.6367
1627957082.5031 296.4102
1627957082.6033 296.9258
1627957082.7035 297.4609
1627957082.8037 297.9766
1627957082.9044 299.5195
1627957083.0040 299.5195
1627957083.1042 300.0352
1627957083.2047 300.0352
1627957083.3045 300.0352
1627957083.4048 300.5508
1627957083.5049 301.0664
1627957083.6051 301.1484
1627957083.7053 301.1484
1627957083.8055 301.4062
1627957083.9056 302.1797
1627957084.0058 302.6953
1627957084.1060 302.9414
1627957084.2063 303.4570
1627957084.3068 303.9727
1627957084.4065 304.2305
1627957084.5067 304.7461
1627957084.6069 305.0039
1627957084.7071 305.5195
1627957084.8073 306.0352
1627957084.9075 306.5508
1627957085.0077 306.8086
1627957085.1078 307.3242
1627957085.2080 308.0977
1627957085.3082 308.3555
1627957085.4084 308.3555
1627957085.5086 308.9531
1627957085.6087 309.4688
1627957085.7089 310.4336
1627957085.8091 310.4336
1627957085.9093 310.4688
1627957086.0095 310.9844
1627957086.1097 311.3828
1627957086.2098 311.8984
1627957086.3100 312.4141
1627957086.4102 312.6719
1627957086.5104 312.6719
1627957086.6105 313.7734
1627957086.7107 313.7734
1627957086.8109 314.0703
1627957086.9111 314.5859
1627957087.0113 315.1016
1627957087.1114 315.1016
1627957087.2118 315.3594
1627957087.3118 316.0117
1627957087.4127 316.2695
1627957087.5122 316.7852
1627957087.6124 317.3008
1627957087.7125 317.5586
1627957087.8166 317.8164
1627957087.9129 318.3320
1627957088.0131 318.8477
1627957088.1133 319.6211
1627957088.2134 319.6211
1627957088.3136 319.8789
1627957088.4138 320.1367
1627957088.5140 320.9102
1627957088.6142 321.4258
1627957088.7143 321.7148
1627957088.8146 322.4883
1627957088.9147 322.7461
1627957089.0156 323.2617
1627957089.1151 323.5195
1627957089.2206 324.2930
1627957089.3154 324.5508
1627957089.4194 324.8086
1627957089.5158 326.0977
1627957089.6162 326.0977
1627957089.7161 326.8398
1627957089.8163 327.3555
1627957089.9165 327.3555
1627957090.0167 327.3789
1627957090.1169 327.8945
1627957090.2171 328.1523
1627957090.3172 329.1836
1627957090.4174 329.9570
1627957090.5176 329.9570
1627957090.6178 330.4414
1627957090.7180 331.5547
1627957090.8181 331.5547
1627957090.9183 331.8125
1627957091.0185 332.3281
1627957091.1187 333.1016
1627957091.2189 333.7305
1627957091.3191 334.2461
1627957091.4192 334.7070
1627957091.5194 335.2227
1627957091.6196 335.9961
1627957091.7198 336.5117
1627957091.8200 336.7930
1627957091.9205 337.5664
1627957092.0207 337.8203
1627957092.1205 338.5938
1627957092.2207 338.8203
1627957092.3209 339.8516
1627957092.4228 340.6250
1627957092.5212 340.7695
1627957092.6218 341.5430
1627957092.7218 341.5586
1627957092.8218 342.3320
1627957092.9219 343.1055
1627957093.0223 343.4922
1627957093.1223 343.4922
1627957093.2225 344.0078
1627957093.3244 344.2656
1627957093.4229 344.8281
1627957093.5230 346.1172
1627957093.6232 346.1367
1627957093.7234 346.1367
1627957093.8236 346.3945
1627957093.9238 346.9102
1627957094.0239 347.6836
1627957094.1241 347.6836
1627957094.2246 348.5117
1627957094.3245 348.5117
1627957094.4247 349.0273
1627957094.5249 349.2852
1627957094.6250 350.3164
1627957094.7252 350.3164
1627957094.8254 351.8633
1627957094.9256 351.8633
1627957095.0261 352.1094
1627957095.1259 352.2852
1627957095.2261 352.2852
1627957095.3263 352.8008
1627957095.4265 353.3164
1627957095.5267 354.0898
1627957095.6269 354.1094
1627957095.7270 354.8828
1627957095.8272 354.8828
1627957095.9274 354.8828
1627957096.0312 355.3984
1627957096.1278 355.9141
1627957096.2279 356.4297
1627957096.3282 356.9453
1627957096.4284 357.4609
1627957096.5285 358.0195
1627957096.6289 358.2773
1627957096.7289 358.7930
1627957096.8293 359.3086
1627957096.9292 359.4883
1627957097.0294 360.7773
1627957097.1296 360.7773
1627957097.2298 361.4219
1627957097.3302 361.4219
1627957097.4301 362.2500
1627957097.5395 362.2500
1627957097.6305 362.2500
1627957097.7307 362.5938
1627957097.8309 363.1094
1627957097.9310 363.3672
1627957098.0312 363.8828
1627957098.1320 364.3984
1627957098.2316 364.6562
1627957098.3318 365.1719
1627957098.4319 365.4297
1627957098.5322 365.9453
1627957098.6323 366.4609
1627957098.7333 366.9766
1627957098.8327 366.9766
1627957098.9333 368.0430
1627957099.0330 368.0430
1627957099.1332 368.7344
1627957099.2334 368.7344
1627957099.3336 369.6016
1627957099.4338 369.6016
1627957099.5340 370.4336
1627957099.6342 370.4336
1627957099.7343 371.0391
1627957099.8345 371.0391
1627957099.9347 371.8281
1627957100.0348 371.8281
1627957100.1351 371.8281
1627957100.2352 371.9727
1627957100.3354 372.1289
1627957100.4356 372.3867
1627957100.5358 372.9023
1627957100.6359 374.4492
1627957100.7363 374.4492
1627957100.8363 374.4492
1627957100.9365 375.4609
1627957101.0367 375.4609
1627957101.1369 376.2539
1627957101.2371 376.2539
1627957101.3372 376.9766
1627957101.4374 376.9766
1627957101.5376 377.7422
1627957101.6378 377.7422
1627957101.7379 377.7422
1627957101.8382 378.1523
1627957101.9383 378.4102
1627957102.0385 378.9258
1627957102.1387 379.1836
1627957102.2389 379.6992
1627957102.3390 379.6992
1627957102.4393 380.8711
1627957102.5394 380.8711
1627957102.6397 381.4727
1627957102.7398 381.4727
1627957102.8400 382.2930
1627957102.9401 382.2930
1627957103.0403 383.3281
1627957103.1405 383.3281
1627957103.2407 384.2930
1627957103.3409 384.3594
1627957103.4411 385.6484
1627957103.5418 385.6484
1627957103.6414 385.8125
1627957103.7446 386.5859
1627957103.8418 387.1016
1627957103.9420 387.3594
1627957104.0422 388.6484
1627957104.1423 388.7188
1627957104.2428 388.7188
1627957104.3439 390.2656
1627957104.4429 390.2656
1627957104.5431 391.4258
1627957104.6432 391.4258
1627957104.7434 391.9414
1627957104.8436 391.9414
1627957104.9438 392.6289
1627957105.0440 392.6289
1627957105.1442 393.4961
1627957105.2443 393.4961
1627957105.3445 394.0703
1627957105.4447 394.0703
1627957105.5451 394.0703
1627957105.6505 395.2656
1627957105.7454 395.2656
1627957105.8455 395.8906
1627957105.9456 395.8906
1627957106.0458 395.8906
1627957106.1463 397.0039
1627957106.2462 397.0039
1627957106.3463 397.6484
1627957106.4466 397.6484
1627957106.5467 397.6484
1627957106.6469 397.6484
1627957106.7471 398.1172
1627957106.8473 398.5352
1627957106.9486 398.5352
1627957107.0476 399.8242
1627957107.1479 400.3398
1627957107.2480 400.8555
1627957107.3482 400.8555
1627957107.4484 401.4883
1627957107.5485 401.4883
1627957107.6487 402.1758
1627957107.7489 402.1758
1627957107.8491 402.9609
1627957107.9494 402.9609
1627957108.0494 403.4062
1627957108.1496 403.4062
1627957108.2498 404.3125
1627957108.3500 404.3125
1627957108.4502 404.8164
1627957108.5514 404.8164
1627957108.6505 405.6367
1627957108.7507 405.6367
1627957108.8509 406.1250
1627957108.9511 406.1250
1627957109.0514 406.8555
1627957109.1514 406.8555
1627957109.2516 407.6211
1627957109.3520 407.6211
1627957109.4522 408.5469
1627957109.5522 408.5469
1627957109.6524 408.5469
1627957109.7528 408.5469
1627957109.8532 408.6602
1627957109.9529 409.1758
1627957110.0531 409.6914
1627957110.1533 410.2070
1627957110.2535 410.2070
1627957110.3536 411.1562
1627957110.4538 411.1562
1627957110.5540 411.1562
1627957110.6542 411.1562
1627957110.7544 411.5742
1627957110.8546 412.0898
1627957110.9548 412.6055
1627957111.0550 412.8633
1627957111.1551 413.3789
1627957111.2553 413.3789
1627957111.3556 414.4609
1627957111.4557 414.4609
1627957111.5558 414.9648
1627957111.6566 414.9648
1627957111.7562 415.7070
1627957111.8567 415.7070
1627957111.9566 415.7070
1627957112.0568 415.7070
1627957112.1569 416.2109
1627957112.2571 416.7266
1627957112.3573 417.2422
1627957112.4575 417.2422
1627957112.5577 417.8828
1627957112.6578 417.8828
1627957112.7580 417.8828
1627957112.8582 417.9844
1627957112.9584 418.5000
1627957113.0586 418.7578
1627957113.1588 419.0156
1627957113.2590 419.0156
1627957113.3592 419.3398
1627957113.4593 419.8555
1627957113.5595 420.3711
1627957113.6597 420.3711
1627957113.7599 420.3711
1627957113.8600 420.6836
1627957113.9602 421.1992
1627957114.0605 421.4570
1627957114.1606 421.4570
1627957114.2608 422.4883
1627957114.3610 422.4883
1627957114.4611 423.0000
1627957114.5614 423.0000
1627957114.6615 423.5625
1627957114.7617 423.5625
1627957114.8619 424.3516
1627957114.9646 424.3516
1627957115.0628 424.3516
1627957115.1624 424.4648
1627957115.2626 424.4648
1627957115.3628 425.2383
1627957115.4630 425.2383
1627957115.5632 425.2383
1627957115.6633 426.4492
1627957115.7635 426.4492
1627957115.8637 426.4648
1627957115.9639 426.7227
1627957116.0641 427.2383
1627957116.1643 427.7539
1627957116.2647 428.0117
1627957116.3652 428.0117
1627957116.4648 429.0195
1627957116.5650 429.0195
1627957116.6652 429.0195
1627957116.7654 429.0273
1627957116.8655 429.5430
1627957116.9657 430.0586
1627957117.0659 430.5742
1627957117.1661 430.5742
1627957117.2663 430.5742
1627957117.3664 431.0781
1627957117.4666 431.5938
1627957117.5671 432.1094
1627957117.6670 432.3672
1627957117.7672 432.3672
1627957117.8673 432.5273
1627957117.9681 433.0430
1627957118.0686 433.5586
1627957118.1686 434.0742
1627957118.2681 434.5898
1627957118.3683 434.5898
1627957118.4689 435.8867
1627957118.5686 435.8867
1627957118.6692 435.8867
1627957118.7691 435.8867
1627957118.8704 436.2773
1627957118.9694 436.7930
1627957119.0696 437.3086
1627957119.1698 437.3086
1627957119.2699 438.8164
1627957119.3701 438.8164
1627957119.4703 438.8164
1627957119.5705 438.8164
1627957119.6707 439.4453
1627957119.7708 439.9609
1627957119.8710 440.2188
1627957119.9712 440.2188
1627957120.0714 441.5820
1627957120.1716 441.5820
1627957120.2718 441.5820
1627957120.3719 442.7188
1627957120.4721 442.7188
1627957120.5723 443.5781
1627957120.6725 443.5781
1627957120.7727 444.6641
1627957120.8728 444.6641
1627957120.9731 444.9727
1627957121.0732 444.9727
1627957121.1734 445.4180
1627957121.2737 445.4180
1627957121.3741 445.4180
1627957121.4746 445.4180
1627957121.5741 445.5117
1627957121.6743 445.5117
1627957121.7749 447.3164
1627957121.8747 447.3164
1627957121.9749 447.3164
1627957122.0750 447.7188
1627957122.1752 448.2344
1627957122.2757 448.7500
1627957122.3756 448.7500
1627957122.4758 449.2656
1627957122.5760 449.7812
1627957122.6761 449.7812
1627957122.7763 450.2969
1627957122.8765 450.8125
1627957122.9767 451.0703
1627957123.0769 451.0703
1627957123.1771 452.2383
1627957123.2772 452.2383
1627957123.3775 452.2383
1627957123.4778 452.3281
1627957123.5778 453.1016
1627957123.6780 453.3594
1627957123.7782 453.3594
1627957123.8784 453.5273
1627957123.9785 454.3008
1627957124.0790 454.3008
1627957124.1798 454.5586
1627957124.2795 454.5977
1627957124.3793 456.4023
1627957124.4806 456.4023
1627957124.5796 457.0430
1627957124.6798 457.0430
1627957124.7800 457.7266
1627957124.8802 457.7266
1627957124.9804 458.1328
1627957125.0806 458.1328
1627957125.1807 458.9961
1627957125.2810 458.9961
1627957125.3811 459.6484
1627957125.4813 459.6484
1627957125.5847 460.3281
1627957125.6817 460.3281
1627957125.7818 460.9688
1627957125.8820 460.9688
1627957125.9822 461.6484
1627957126.0824 461.6484
1627957126.1826 461.6484
1627957126.2828 461.6484
1627957126.3829 462.7852
1627957126.4831 462.7852
1627957126.5833 463.6211
1627957126.6835 463.6211
1627957126.7837 464.0039
1627957126.8839 464.0039
1627957126.9841 464.0039
1627957127.0842 464.0625
1627957127.1844 464.5781
1627957127.2846 464.8359
1627957127.3848 465.3516
1627957127.4850 465.3516
1627957127.5852 465.8672
1627957127.6854 466.1250
1627957127.7855 466.1250
1627957127.8857 466.8906
1627957127.9859 466.8906
1627957128.0861 466.8906
1627957128.1863 467.2461
1627957128.2864 467.7617
1627957128.3866 468.0195
1627957128.4868 468.5352
1627957128.5870 469.0508
1627957128.6872 469.5664
1627957128.7874 469.5664
1627957128.8875 469.9141
1627957128.9877 470.1719
1627957129.0879 470.6875
1627957129.1881 471.2031
1627957129.2883 471.7188
1627957129.3884 472.2344
1627957129.4886 472.7500
1627957129.5889 473.2656
1627957129.6890 473.2656
1627957129.7892 473.2656
1627957129.8894 473.6484
1627957129.9895 474.1641
1627957130.0898 474.6797
1627957130.1900 475.1953
1627957130.2901 475.4531
1627957130.3903 475.4531
1627957130.4905 475.4531
1627957130.5907 475.9688
1627957130.6908 476.7422
1627957130.7910 477.0000
1627957130.8914 477.0000
1627957130.9918 477.0352
1627957131.0917 477.5508
1627957131.1919 478.3242
1627957131.2920 478.3242
1627957131.3921 478.3242
1627957131.4926 478.3242
1627957131.5925 478.8086
1627957131.6927 479.3242
1627957131.7932 479.8398
1627957131.8943 480.3555
1627957131.9933 480.3555
1627957132.0934 481.0000
1627957132.1936 481.0000
1627957132.2943 481.0312
1627957132.3942 481.5469
1627957132.4942 481.5469
1627957132.5945 482.0625
1627957132.6945 482.5781
1627957132.7947 482.5781
1627957132.8949 482.5781
1627957132.9977 482.5781
1627957133.0952 482.9883
1627957133.1954 483.5039
1627957133.2964 483.5039
1627957133.3958 483.5039
1627957133.4960 484.0117
1627957133.5966 484.5273
1627957133.6963 484.5273
1627957133.7965 484.7500
1627957133.8967 485.2656
1627957134.0006 485.2656
1627957134.0972 486.2969
1627957134.1973 486.2969
1627957134.2975 487.1250
1627957134.3977 487.1250
1627957134.4978 487.1250
1627957134.5980 487.1250
1627957134.6982 487.5703
1627957134.7984 488.3438
1627957134.8986 488.3438
1627957134.9989 488.3438
1627957135.0990 488.4492
1627957135.1991 488.9648
1627957135.2993 488.9648
1627957135.3995 489.4805
1627957135.4997 489.4805
1627957135.6001 490.3320
1627957135.7001 490.3320
1627957135.8003 490.8711
1627957135.9004 490.8711
1627957136.0007 491.6211
1627957136.1008 491.6211
1627957136.2010 491.6211
1627957136.3012 491.6211
1627957136.4013 491.6211
1627957136.5015 492.6523
1627957136.6017 492.6523
1627957136.7019 492.6523
1627957136.8021 492.9922
1627957136.9023 493.5078
1627957137.0024 493.5078
1627957137.1026 494.2812
1627957137.2028 494.2812
1627957137.3032 494.2812
1627957137.4034 494.4258
1627957137.5046 494.6836
1627957137.6036 495.4570
1627957137.7037 495.4570
1627957137.8039 496.6172
1627957137.9042 496.6172
1627957138.0043 496.6172
1627957138.1044 496.6172
1627957138.2047 497.0938
1627957138.3048 497.6094
1627957138.4050 497.6094
1627957138.5053 498.6250
1627957138.6069 498.6250
1627957138.7056 499.3750
1627957138.8057 499.3750
1627957138.9059 499.8867
1627957139.0065 499.8867
1627957139.1063 500.8672
1627957139.2066 500.8672
1627957139.3067 501.4727
1627957139.4069 501.4727
1627957139.5072 501.4727
1627957139.6072 501.4727
1627957139.7074 501.9883
1627957139.8077 502.2461
1627957139.9078 502.7617
1627957140.0082 503.0195
1627957140.1082 503.0195
1627957140.2083 503.0898
1627957140.3085 503.8633
1627957140.4087 503.8633
1627957140.5089 504.3789
1627957140.6091 504.3789
1627957140.7093 505.6680
1627957140.8094 505.6680
1627957140.9096 505.6680
1627957141.0098 506.0625
1627957141.1100 506.5781
1627957141.2102 507.0938
1627957141.3104 507.6094
1627957141.4106 507.6094
1627957141.5113 508.8594
1627957141.6109 508.8594
1627957141.7112 508.8594
1627957141.8117 510.0586
1627957141.9115 510.0586
1627957142.0120 511.1055
1627957142.1127 511.1055
1627957142.2166 511.1055
1627957142.3122 511.3438
1627957142.4132 511.8594
1627957142.5126 512.3750
1627957142.6140 512.3750
1627957142.7129 512.3750
1627957142.8131 512.8906
1627957142.9134 513.4062
1627957143.0135 513.9219
1627957143.1139 514.4375
1627957143.2151 514.4375
1627957143.3140 515.8594
1627957143.4142 515.8594
1627957143.5144 515.8594
1627957143.6146 516.8711
1627957143.7158 517.1289
1627957143.8150 517.6445
1627957143.9151 517.9023
1627957144.0154 519.1914
1627957144.1155 520.4805
1627957144.2157 520.4805
1627957144.3160 520.4805
1627957144.4161 521.6328
1627957144.5163 521.6875
1627957144.6164 522.2031
1627957144.7166 522.7188
1627957144.8168 523.2344
1627957144.9170 523.7500
1627957145.0172 524.0078
1627957145.1174 525.2969
1627957145.2176 525.5469
1627957145.3177 525.5469
1627957145.4179 527.0938
1627957145.5181 527.0938
1627957145.6183 527.0938
1627957145.7194 527.5781
1627957145.8186 527.8359
1627957145.9189 527.8359
1627957146.0190 528.9609
1627957146.1215 528.9609
1627957146.2194 529.5898
1627957146.3202 529.5898
1627957146.4198 529.5898
1627957146.5210 529.9258
1627957146.6202 530.4414
1627957146.7206 530.6992
1627957146.8205 530.6992
1627957146.9208 532.2617
1627957147.0209 532.2617
1627957147.1211 532.2617
1627957147.2213 532.4141
1627957147.3230 532.9297
1627957147.4216 533.4453
1627957147.5229 533.4453
1627957147.6220 534.6641
1627957147.7222 534.6641
1627957147.8224 535.3086
1627957147.9225 535.3086
1627957148.0228 535.3086
1627957148.1230 535.5508
1627957148.2231 536.0664
1627957148.3233 536.5820
1627957148.4235 536.8398
1627957148.5237 536.8398
1627957148.6238 538.5039
1627957148.7246 538.5039
1627957148.8242 538.6133
1627957148.9286 539.1289
1627957149.0246 539.6445
1627957149.1248 540.1602
1627957149.2250 540.6758
1627957149.3254 540.6758
1627957149.4253 541.4492
1627957149.5256 541.4492
1627957149.6257 542.1445
1627957149.7259 542.1445
1627957149.8260 542.1445
1627957149.9262 542.4141
1627957150.0264 542.9297
1627957150.1266 543.4453
1627957150.2268 543.4453
1627957150.3273 544.6484
1627957150.4272 544.6484
1627957150.5274 544.6484
1627957150.6275 544.6484
1627957150.7278 544.7422
1627957150.8279 545.5156
1627957150.9281 546.0312
1627957151.0283 546.0312
1627957151.1284 546.0312
1627957151.2286 546.5469
1627957151.3289 547.0625
1627957151.4291 547.5781
1627957151.5293 548.0938
1627957151.6294 548.0938
1627957151.7296 548.1953
1627957151.8297 548.7109
1627957151.9302 549.2266
1627957152.0301 549.2266
1627957152.1325 550.1367
1627957152.2305 550.1367
1627957152.3307 550.7070
1627957152.4309 550.7070
1627957152.5310 550.7070
1627957152.6312 551.2852
1627957152.7314 551.2852
1627957152.8316 551.2852
1627957152.9327 551.8008
1627957153.0320 552.0586
1627957153.1322 552.8320
1627957153.2324 553.0898
1627957153.3326 553.0898
1627957153.4327 554.3242
1627957153.5329 554.3242
1627957153.6331 554.3242
1627957153.7333 554.3242
1627957153.8335 554.9844
1627957153.9337 555.2422
1627957154.0338 555.2422
1627957154.1342 556.0703
1627957154.2342 556.0703
1627957154.3349 556.0703
1627957154.4346 556.6680
1627957154.5347 556.6680
1627957154.6349 557.1836
1627957154.7353 557.1836
1627957154.8353 557.1836
1627957154.9355 557.5586
1627957155.0357 558.3320
1627957155.1358 558.3320
1627957155.2361 558.3320
1627957155.3362 558.3320
1627957155.4364 558.7422
1627957155.5380 559.5156
1627957155.6368 559.5156
1627957155.7370 559.5156
1627957155.8372 559.7734
1627957155.9375 560.2891
1627957156.0375 560.2891
1627957156.1378 560.2891
1627957156.2379 560.6602
1627957156.3381 561.1758
1627957156.4383 561.4336
1627957156.5385 561.4336
1627957156.6387 561.4336
1627957156.7388 561.7812
1627957156.8390 562.2969
1627957156.9392 562.2969
1627957157.0395 563.2773
1627957157.1396 563.2773
1627957157.2397 563.2773
1627957157.3399 563.2773
1627957157.4401 563.9219
1627957157.5403 563.9219
1627957157.6405 563.9219
1627957157.7407 564.0039
1627957157.8409 564.5195
1627957157.9410 564.7773
1627957158.0412 564.7773
1627957158.1414 564.9062
1627957158.2416 565.4219
1627957158.3418 565.9375
1627957158.4420 566.1953
1627957158.5422 566.1953
1627957158.6423 567.1875
1627957158.7425 567.1875
1627957158.8427 567.1875
1627957158.9429 567.1875
1627957159.0431 567.1875
1627957159.1433 568.1758
1627957159.2435 568.1758
1627957159.3437 568.1758
1627957159.4438 568.2773
1627957159.5440 568.7930
1627957159.6442 568.7930
1627957159.7444 569.3398
1627957159.8446 569.3398
1627957159.9447 569.7891
1627957160.0449 569.7891
1627957160.1451 569.7891
1627957160.2453 569.7891
1627957160.3455 569.9609
1627957160.4457 570.4766
1627957160.5459 570.4766
1627957160.6460 570.4766
1627957160.7464 570.6914
1627957160.8464 571.2070
1627957160.9466 571.7227
1627957161.0468 571.7227
1627957161.1470 572.9453
1627957161.2472 572.9453
1627957161.3474 572.9453
1627957161.4475 572.9453
1627957161.5477 573.8242
1627957161.6479 573.8242
1627957161.7481 573.8242
1627957161.8483 573.8242
1627957161.9484 574.5742
1627957162.0486 574.5742
1627957162.1488 574.5742
1627957162.2492 574.6445
1627957162.3492 575.1602
1627957162.4495 575.6758
1627957162.5496 575.6758
1627957162.6532 575.7266
1627957162.7500 575.9844
1627957162.8501 576.5000
1627957162.9503 576.7578
1627957163.0505 576.7578
1627957163.1507 576.7578
1627957163.2513 577.1641
1627957163.3511 577.4219
1627957163.4516 577.9375
1627957163.5514 578.1953
1627957163.6519 578.1953
1627957163.7518 579.4883
1627957163.8524 579.4883
1627957163.9522 579.4883
1627957164.0525 579.4883
1627957164.1526 580.4492
1627957164.2529 580.4492
1627957164.3529 580.4492
1627957164.4533 580.4492
1627957164.5533 580.4492
1627957164.6536 580.4492
1627957164.7567 580.5703
1627957164.8538 581.0859
1627957164.9549 581.0859
1627957165.0542 582.0781
1627957165.1546 582.0781
1627957165.2553 582.0781
1627957165.3548 582.0781
1627957165.4550 582.0781
1627957165.5551 582.1211
1627957165.6553 582.6367
1627957165.7555 582.8945
1627957165.8557 583.1523
1627957165.9559 583.1523
1627957166.0566 583.4141
1627957166.1563 583.6719
1627957166.2565 584.1875
1627957166.3566 584.1875
1627957166.4568 584.1875
1627957166.5570 584.4453
1627957166.6572 584.9609
1627957166.7574 585.4766
1627957166.8579 585.4766
1627957166.9578 585.4766
1627957167.0581 585.6250
1627957167.1581 586.1406
1627957167.2583 586.6562
1627957167.3585 586.6562
1627957167.4587 587.8750
1627957167.5606 587.8750
1627957167.6593 588.2812
1627957167.7592 588.2812
1627957167.8595 588.2812
1627957167.9599 588.3828
1627957168.0598 588.3828
1627957168.1600 588.3828
1627957168.2601 588.8633
1627957168.3604 589.3789
1627957168.4605 589.3789
1627957168.5607 590.5117
1627957168.6609 590.5117
1627957168.7612 590.5117
1627957168.8650 590.5117
1627957168.9615 590.5117
1627957169.0616 590.5117
1627957169.1618 590.9258
1627957169.2620 591.4414
1627957169.3622 591.4414
1627957169.4624 592.7344
1627957169.5626 592.7344
1627957169.6628 592.7344
1627957169.7629 592.7344
1627957169.8632 592.7344
1627957169.9633 592.7344
1627957170.0645 592.9219
1627957170.1637 592.9219
1627957170.2645 592.9219
1627957170.3641 593.4375
1627957170.4644 593.9531
1627957170.5644 593.9531
1627957170.6646 594.9688
1627957170.7649 594.9688
1627957170.8665 595.5156
1627957170.9652 595.5156
1627957171.0654 595.5156
1627957171.1655 595.5156
1627957171.2657 595.6680
1627957171.3659 595.6680
1627957171.4661 595.6680
1627957171.5663 596.1758
1627957171.6665 596.6914
1627957171.7666 596.6914
1627957171.8668 596.6914
1627957171.9670 597.0273
1627957172.0672 597.5430
1627957172.1674 597.5430
1627957172.2676 597.5430
1627957172.3678 597.9609
1627957172.4680 598.4766
1627957172.5682 598.7344
1627957172.6684 598.7344
1627957172.7685 599.6641
1627957172.8688 599.6641
1627957172.9689 599.6641
1627957173.0691 599.6641
1627957173.1693 600.1523
1627957173.2694 600.4102
1627957173.3696 600.4102
1627957173.4698 601.2734
1627957173.5700 601.2734
1627957173.6702 601.7422
1627957173.7704 601.7422
1627957173.8706 602.4961
1627957173.9708 602.4961
1627957174.0710 602.9883
1627957174.1717 602.9883
1627957174.2713 602.9883
1627957174.3716 603.0781
1627957174.4718 603.3359
1627957174.5729 603.5938
1627957174.6721 603.5938
1627957174.7726 603.8828
1627957174.8724 604.3984
1627957174.9726 604.9141
1627957175.0728 604.9141
1627957175.1730 604.9141
1627957175.2732 604.9805
1627957175.3734 605.2383
1627957175.4736 605.7539
1627957175.5737 605.7539
1627957175.6739 606.8555
1627957175.7744 606.8555
1627957175.8743 607.2734
1627957175.9745 607.2734
1627957176.0747 607.2734
1627957176.1750 607.2734
1627957176.2758 607.5703
1627957176.3753 607.5703
1627957176.4754 608.3945
1627957176.5756 608.3945
1627957176.6758 608.3945
1627957176.7760 608.4648
1627957176.8761 608.7227
1627957176.9763 608.7227
1627957177.0767 609.8359
1627957177.1767 609.8359
1627957177.2769 609.8359
1627957177.3771 609.8359
1627957177.4773 609.8359
1627957177.5775 609.8359
1627957177.6777 609.8359
1627957177.7778 610.1289
1627957177.8780 610.9023
1627957177.9782 610.9023
1627957178.0784 611.2539
1627957178.1786 611.2539
1627957178.2787 611.2539
1627957178.3790 611.2539
1627957178.4792 611.5391
1627957178.5793 611.5391
1627957178.6806 612.5430
1627957178.7797 612.5430
1627957178.8799 612.5430
1627957178.9801 612.6211
1627957179.0803 612.6211
1627957179.1804 612.6211
1627957179.2808 613.0352
1627957179.3809 613.5508
1627957179.4810 613.8086
1627957179.5812 613.8086
1627957179.6814 613.8086
1627957179.7816 614.0312
1627957179.8818 614.5469
1627957179.9819 614.8047
1627957180.0821 614.8047
1627957180.1823 615.8633
1627957180.2825 615.8633
1627957180.3827 616.1211
1627957180.4829 616.1211
1627957180.5830 616.9453
1627957180.6832 616.9453
1627957180.7834 616.9453
1627957180.8836 616.9453
1627957180.9838 616.9727
1627957181.0840 616.9727
1627957181.1842 616.9727
1627957181.2843 617.3711
1627957181.3845 617.8867
1627957181.4848 617.8867
1627957181.5874 617.8867
1627957181.6851 618.2148
1627957181.7854 618.7305
1627957181.8855 618.7305
1627957181.9857 618.7305
1627957182.0858 619.1211
1627957182.1860 619.6367
1627957182.2886 619.6367
1627957182.3875 619.7344
1627957182.4866 620.2500
1627957182.5871 620.7656
1627957182.6870 620.7656
1627957182.7872 620.7656
1627957182.8873 621.8320
1627957182.9875 621.8320
1627957183.0878 622.1328
1627957183.1879 622.1328
1627957183.2881 622.1328
1627957183.3884 622.4336
1627957183.4885 622.4336
1627957183.5889 622.5664
1627957183.6891 623.0820
1627957183.7890 623.0820
1627957183.8895 623.5977
1627957183.9894 623.5977
1627957184.0896 625.0820
1627957184.1898 625.0820
1627957184.2923 625.1211
1627957184.3901 625.1211
1627957184.4903 625.1211
1627957184.5905 625.1211
1627957184.6907 625.1211
1627957184.7909 625.4141
1627957184.8911 625.4141
1627957184.9912 626.5000
1627957185.0914 626.5000
1627957185.1916 626.5000
1627957185.2918 626.5000
1627957185.3922 627.0625
1627957185.4922 627.0625
1627957185.5926 627.0625
1627957185.6927 627.0625
1627957185.7927 627.0625
1627957185.8929 627.0625
1627957185.9931 627.3203
1627957186.0933 627.8359
1627957186.1938 628.3516
1627957186.2938 628.8672
1627957186.3939 628.8672
1627957186.4940 628.8672
1627957186.5942 629.3828
1627957186.6944 629.3828
1627957186.7946 629.3828
1627957186.8948 629.8984
1627957186.9950 629.8984
1627957187.0952 629.8984
1627957187.1953 630.4141
1627957187.2956 630.9297
1627957187.3957 630.9297
1627957187.4960 630.9297
1627957187.5961 631.4453
1627957187.6963 631.9609
1627957187.7965 631.9609
1627957187.8966 631.9609
1627957187.9969 632.4766
1627957188.0970 632.4766
1627957188.1972 632.4766
1627957188.2974 632.7344
1627957188.3976 632.7344
1627957188.4978 632.8633
1627957188.5980 633.3789
1627957188.6981 633.8945
1627957188.7983 633.8945
1627957188.8985 633.8945
1627957188.9987 633.8945
1627957189.0989 634.3555
1627957189.1992 634.3555
1627957189.2993 634.3555
1627957189.3995 634.6445
1627957189.4997 634.9023
1627957189.5998 635.4180
1627957189.7000 635.4180
1627957189.8002 635.4180
1627957189.9014 635.7031
1627957190.0006 635.9609
1627957190.1013 636.4766
1627957190.2010 636.4766
1627957190.3011 637.2656
1627957190.4013 637.2656
1627957190.5015 637.7031
1627957190.6017 637.7031
1627957190.7019 638.2695
1627957190.8021 638.2695
1627957190.9023 638.5781
1627957191.0025 638.5781
1627957191.1026 638.5781
1627957191.2028 638.7891
1627957191.3030 639.0469
1627957191.4032 639.0469
1627957191.5034 639.9688
1627957191.6036 639.9688
1627957191.7038 639.9688
1627957191.8039 640.2227
1627957191.9041 640.4805
1627957192.0043 640.7383
1627957192.1047 640.7383
1627957192.2048 641.7148
1627957192.3049 641.7148
1627957192.4052 642.1328
1627957192.5053 642.1328
1627957192.6055 642.5938
1627957192.7056 642.5938
1627957192.8058 643.3555
1627957192.9060 643.3555
1627957193.0063 643.7812
1627957193.1064 643.7812
1627957193.2066 643.7812
1627957193.3067 643.8594
1627957193.4069 644.1172
1627957193.5071 644.1172
1627957193.6073 645.0234
1627957193.7075 645.0234
1627957193.8085 645.5586
1627957193.9084 645.5586
1627957194.0081 645.5586
1627957194.1083 645.5703
1627957194.2084 645.8281
1627957194.3087 646.3438
1627957194.4088 646.3438
1627957194.5090 647.5859
1627957194.6092 647.5859
1627957194.7094 647.5859
1627957194.8096 647.5859
1627957194.9097 647.5859
1627957195.0099 647.5859
1627957195.1101 648.0703
1627957195.2103 648.3281
1627957195.3124 649.1016
1627957195.4107 649.1016
1627957195.5109 650.2852
1627957195.6110 650.2852
1627957195.7112 651.0195
1627957195.8114 651.0195
1627957195.9116 651.5117
1627957196.0118 651.5117
1627957196.1125 652.0547
1627957196.2122 652.0547
1627957196.3131 652.0547
1627957196.4125 652.1055
1627957196.5127 652.6211
1627957196.6131 652.8789
1627957196.7132 652.8789
1627957196.8136 652.9180
1627957196.9135 653.4336
1627957197.0137 653.6914
1627957197.1139 653.6914
1627957197.2140 653.6914
1627957197.3142 654.2070
1627957197.4144 654.7227
1627957197.5146 655.2383
1627957197.6154 655.2383
1627957197.7150 656.2969
1627957197.8152 656.2969
1627957197.9154 656.2969
1627957198.0155 656.2969
1627957198.1157 656.5039
1627957198.2159 657.0195
1627957198.3162 657.0195
1627957198.4163 657.9023
1627957198.5165 657.9023
1627957198.6167 658.6953
1627957198.7168 658.6953
1627957198.8171 659.3008
1627957198.9172 659.3008
1627957199.0174 660.1484
1627957199.1176 660.1484
1627957199.2179 660.3594
1627957199.3180 660.3594
1627957199.4182 660.8945
1627957199.5184 660.8945
1627957199.6185 661.1094
1627957199.7187 661.1094
1627957199.8189 662.0781
1627957199.9192 662.0781
1627957200.0206 662.6836
1627957200.1196 662.6836
1627957200.2196 663.0938
1627957200.3198 663.0938
1627957200.4200 663.8008
1627957200.5202 663.8008
1627957200.6205 663.8008
1627957200.7206 663.8008
1627957200.8208 664.4883
1627957200.9210 664.7461
1627957201.0217 665.5195
1627957201.1214 665.5195
1627957201.2215 666.4375
1627957201.3217 666.4375
1627957201.4219 667.4102
1627957201.5227 667.4102
1627957201.6225 667.8984
1627957201.7225 667.8984
1627957201.8227 667.8984
1627957201.9229 667.9492
1627957202.0230 667.9492
1627957202.1232 669.2227
1627957202.2234 669.2227
1627957202.3236 669.9688
1627957202.4240 669.9688
1627957202.5240 670.4648
1627957202.6241 670.4648
1627957202.7243 671.1328
1627957202.8245 671.1328
1627957202.9247 671.4336
1627957203.0249 671.4336
1627957203.1251 671.8984
1627957203.2253 671.8984
1627957203.3255 672.7891
1627957203.4257 672.7891
1627957203.5258 673.4531
1627957203.6260 673.4531
1627957203.7262 673.9492
1627957203.8264 673.9492
1627957203.9266 674.7188
1627957204.0268 674.7188
1627957204.1270 675.2188
1627957204.2272 675.2188
1627957204.3274 675.2188
1627957204.4276 675.2812
1627957204.5277 675.7969
1627957204.6279 676.3125
1627957204.7281 676.3125
1627957204.8283 676.3125
1627957204.9285 676.7305
1627957205.0287 677.2461
1627957205.1288 677.3203
1627957205.2291 678.8672
1627957205.3292 678.8672
1627957205.4294 678.8672
1627957205.5296 678.8672
1627957205.6298 679.2305
1627957205.7300 679.2305
1627957205.8301 679.2305
1627957205.9303 680.2969
1627957206.0305 680.2969
1627957206.1307 680.8320
1627957206.2309 680.8320
1627957206.3311 681.4258
1627957206.4313 681.4258
1627957206.5316 682.1562
1627957206.6320 682.1562
1627957206.7324 682.9648
1627957206.8321 682.9648
1627957206.9322 683.7422
1627957207.0324 683.7422
1627957207.1327 683.7422
1627957207.2328 683.7422
1627957207.3330 683.7422
1627957207.4332 683.7422
1627957207.5334 684.5234
1627957207.6353 684.5234
1627957207.7337 685.4805
1627957207.8339 685.4805
1627957207.9341 685.4805
1627957208.0343 685.4805
1627957208.1345 685.4805
1627957208.2347 686.7266
1627957208.3351 686.7266
1627957208.4364 686.7266
1627957208.5352 686.7266
1627957208.6364 687.2031
1627957208.7356 687.2031
1627957208.8358 687.2031
1627957208.9360 687.2031
1627957209.0361 687.7031
1627957209.1367 688.2188
1627957209.2392 688.2188
1627957209.3370 689.2070
1627957209.4371 689.2070
1627957209.5371 689.2070
1627957209.6373 689.2070
1627957209.7375 689.7109
1627957209.8378 689.7109
1627957209.9379 690.6211
1627957210.0382 690.6211
1627957210.1382 691.0703
1627957210.2385 691.0703
1627957210.3386 691.0703
1627957210.4388 691.0703
1627957210.5407 691.2930
1627957210.6392 691.8086
1627957210.7446 692.0664
1627957210.8395 692.0664
1627957210.9397 692.9883
1627957211.0399 692.9883
1627957211.1401 693.4453
1627957211.2403 693.4453
1627957211.3405 694.2070
1627957211.4407 694.2070
1627957211.5408 694.2070
1627957211.6411 694.2070
1627957211.7420 694.2070
1627957211.8414 695.0195
1627957211.9434 695.0195
1627957212.0418 695.0195
1627957212.1420 695.4180
1627957212.2422 695.6758
1627957212.3424 695.9336
1627957212.4425 695.9336
1627957212.5428 696.8750
1627957212.6429 696.8750
1627957212.7431 697.3711
1627957212.8433 697.3711
1627957212.9435 697.8516
1627957213.0437 697.8516
1627957213.1438 698.6367
1627957213.2441 698.6367
1627957213.3442 698.6367
1627957213.4444 698.6367
1627957213.5446 698.8828
1627957213.6448 698.8828
1627957213.7450 698.8828
1627957213.8452 699.3945
1627957213.9453 699.9102
1627957214.0455 700.1680
1627957214.1457 700.1680
1627957214.2460 701.2891
1627957214.3461 701.2891
1627957214.4463 701.2891
1627957214.5465 701.2891
1627957214.6467 701.4492
1627957214.7469 701.4492
1627957214.8470 702.7656
1627957214.9473 702.7656
1627957215.0474 702.7656
1627957215.1476 702.7656
1627957215.2478 702.7656
1627957215.3482 702.7656
1627957215.4482 703.1992
1627957215.5484 703.4570
1627957215.6487 703.4570
1627957215.7487 703.4570
1627957215.8489 703.7266
1627957215.9491 704.2422
1627957216.0494 704.2422
1627957216.1495 705.0898
1627957216.2497 705.0898
1627957216.3499 705.0898
1627957216.4501 705.0898
1627957216.5503 705.5625
1627957216.6504 705.5625
1627957216.7506 706.8477
1627957216.8508 706.8477
1627957216.9510 707.1289
1627957217.0513 707.1289
1627957217.1538 707.1289
1627957217.2515 707.1445
1627957217.3517 707.1445
1627957217.4520 707.1445
1627957217.5524 707.6602
1627957217.6523 708.1758
1627957217.7525 708.1758
1627957217.8527 708.1758
1627957217.9529 708.2891
1627957218.0531 708.8047
1627957218.1533 708.8047
1627957218.2534 708.8047
1627957218.3541 709.0547
1627957218.4538 709.5703
1627957218.5540 709.5703
1627957218.6542 709.5703
1627957218.7544 709.8789
1627957218.8545 710.3945
1627957218.9548 710.6523
1627957219.0549 710.6523
1627957219.1551 711.7109
1627957219.2553 711.7109
1627957219.3555 711.7109
1627957219.4557 711.7109
1627957219.5559 711.7109
1627957219.6561 711.7422
1627957219.7563 712.2578
1627957219.8564 712.2578
1627957219.9566 712.2578
1627957220.0568 712.7734
1627957220.1570 713.0312
1627957220.2572 713.2891
1627957220.3574 713.2891
1627957220.4576 713.4062
1627957220.5578 713.9219
1627957220.6580 714.4375
1627957220.7581 714.4375
1627957220.8583 714.5156
1627957220.9585 714.5156
1627957221.0587 715.0312
1627957221.1589 715.5469
1627957221.2591 715.5469
1627957221.3597 715.5469
1627957221.4594 715.8047
1627957221.5608 716.3203
1627957221.6598 716.5781
1627957221.7600 716.5781
1627957221.8602 716.6602
1627957221.9605 717.1758
1627957222.0606 717.6914
1627957222.1608 717.6914
1627957222.2610 718.4180
1627957222.3658 718.4180
1627957222.4613 718.4180
1627957222.5615 718.6289
1627957222.6618 718.6289
1627957222.7619 718.6289
1627957222.8623 719.1445
1627957222.9633 719.6602
1627957223.0634 719.9180
1627957223.1628 719.9180
1627957223.2628 719.9844
1627957223.3630 720.5000
1627957223.4632 720.5000
1627957223.5731 720.5000
1627957223.6636 721.0156
1627957223.7638 721.5312
1627957223.8640 721.5312
1627957223.9646 721.5312
1627957224.0643 721.7891
1627957224.1646 722.3047
1627957224.2647 722.5625
1627957224.3688 722.5625
1627957224.4654 722.5625
1627957224.5666 722.9336
1627957224.6655 723.1914
1627957224.7657 723.7070
1627957224.8658 723.7070
1627957224.9662 723.7109
1627957225.0671 723.9688
1627957225.1664 724.4844
1627957225.2666 724.7422
1627957225.3668 724.7422
1627957225.4673 725.7930
1627957225.5672 725.7930
1627957225.6674 725.7930
1627957225.7676 725.7930
1627957225.8677 725.7930
1627957225.9679 726.7891
1627957226.0681 726.7891
1627957226.1683 727.2383
1627957226.2685 727.2383
1627957226.3687 727.7266
1627957226.4713 727.7266
1627957226.5690 727.7266
1627957226.6693 727.9648
1627957226.7761 728.2227
1627957226.8696 728.4805
1627957226.9701 728.4805
1627957227.0700 728.7578
1627957227.1716 729.2734
1627957227.2704 729.7891
1627957227.3755 730.0469
1627957227.4707 730.0469
1627957227.5709 730.1641
1627957227.6711 730.6797
1627957227.7720 730.9375
1627957227.8715 730.9375
1627957227.9717 730.9375
1627957228.0719 731.4531
1627957228.1721 731.9688
1627957228.2722 732.4844
1627957228.3727 733.0000
1627957228.4726 733.0000
1627957228.5741 733.7852
1627957228.6730 733.7852
1627957228.7734 733.7852
1627957228.8734 734.1016
1627957228.9739 734.6172
1627957229.0738 734.8750
1627957229.1746 734.8750
1627957229.2741 735.0781
1627957229.3743 735.5938
1627957229.4745 736.1094
1627957229.5747 736.6250
1627957229.6749 737.1406
1627957229.7751 737.6562
1627957229.8753 738.1719
1627957229.9755 738.5352
1627957230.0756 739.0508
1627957230.1758 739.0508
1627957230.2760 740.2930
1627957230.3762 740.2930
1627957230.4764 740.4336
1627957230.5766 740.9492
1627957230.6768 741.4648
1627957230.7770 741.9805
1627957230.8772 742.7539
1627957230.9773 743.0117
1627957231.0775 743.2695
1627957231.1777 743.6094
1627957231.2779 744.3828
1627957231.3781 745.4141
1627957231.4783 745.4141
1627957231.5785 745.6719
1627957231.6787 746.7031
1627957231.7789 747.2188
1627957231.8791 747.2188
1627957231.9793 747.6680
1627957232.0794 748.4414
1627957232.1796 748.9570
1627957232.2798 749.2148
1627957232.3800 749.7305
1627957232.4802 750.2461
1627957232.5804 750.7617
1627957232.6805 751.0195
1627957232.7808 752.0430
1627957232.8809 752.5586
1627957232.9811 752.8164
1627957233.0813 753.5898
1627957233.1815 754.1055
1627957233.2817 754.3633
1627957233.3819 755.1367
1627957233.4821 755.9102
1627957233.5823 756.6836
1627957233.6824 756.7227
1627957233.7826 757.2383
1627957233.8828 757.7539
1627957233.9830 758.2695
1627957234.0832 758.5273
1627957234.1834 759.5586
1627957234.2836 760.0742
1627957234.3837 760.5898
1627957234.4841 761.1055
1627957234.5841 762.1367
1627957234.6843 762.6523
1627957234.7845 762.8125
1627957234.8847 763.3281
1627957234.9849 763.8438
1627957235.0861 764.3594
1627957235.1853 764.8750
1627957235.2854 765.6484
1627957235.3856 766.1641
1627957235.4858 766.6797
1627957235.5860 767.1953
1627957235.6871 767.7109
1627957235.7864 768.2266
1627957235.8867 768.7422
1627957235.9871 769.2578
1627957236.0870 770.0312
1627957236.1871 770.0312
1627957236.2886 771.1562
1627957236.3875 771.6719
1627957236.4882 771.6719
1627957236.5879 772.9609
1627957236.6886 773.7344
1627957236.7883 773.7344
1627957236.8885 773.7344
1627957236.9886 774.1602
1627957237.0888 774.6758
1627957237.1890 775.1914
1627957237.2892 775.4492
1627957237.3894 776.1758
1627957237.4896 776.9492
1627957237.5898 777.4648
1627957237.6900 777.7227
1627957237.7902 778.2383
1627957237.8904 778.7539
1627957237.9905 779.0117
1627957238.0911 779.2695
1627957238.1909 780.3438
1627957238.2911 780.6016
1627957238.3913 781.1172
1627957238.4918 781.8906
1627957238.5917 782.1484
1627957238.6923 782.9219
1627957238.7921 783.6953
1627957238.8926 784.0820
1627957238.9924 784.8555
1627957239.0929 785.3711
1627957239.1928 786.1445
1627957239.2932 786.1445
1627957239.3932 786.1445
1627957239.4934 786.4258
1627957239.5936 786.6836
1627957239.6948 786.6836
1627957239.7939 787.1992
1627957239.8941 787.7148
1627957239.9943 788.2305
1627957240.0945 788.2305
1627957240.1947 788.4414
1627957240.2949 789.2148
1627957240.3951 789.7305
1627957240.4957 789.9883
1627957240.5954 789.9883
1627957240.6964 791.1562
1627957240.7958 791.1562
1627957240.8960 791.1562
1627957240.9962 791.2227
1627957241.0964 791.9961
1627957241.1966 791.9961
1627957241.2968 792.0781
1627957241.3969 792.5938
1627957241.4974 792.5938
1627957241.5973 793.5352
1627957241.6975 793.5352
1627957241.7977 793.5352
1627957241.8979 793.5352
1627957241.9981 794.0508
1627957242.0983 794.3086
1627957242.1985 794.3086
1627957242.2987 794.8242
1627957242.3988 794.8242
1627957242.4990 795.3398
1627957242.5992 795.3398
1627957242.6994 795.3633
1627957242.7996 795.8789
1627957242.8998 796.3945
1627957243.0000 796.3945
1627957243.1002 796.3945
1627957243.2003 796.7852
1627957243.3005 797.3008
1627957243.4008 797.3008
1627957243.5022 797.3008
1627957243.6012 797.7109
1627957243.7013 798.2266
1627957243.8015 798.7422
1627957243.9017 799.0000
1627957244.0019 799.0000
1627957244.1021 799.0000
1627957244.2023 799.4805
1627957244.3025 799.4805
1627957244.4026 799.9961
1627957244.5028 799.9961
1627957244.6030 799.9961
1627957244.7032 800.6680
1627957244.8034 801.1836
1627957244.9036 801.4414
1627957245.0038 801.4414
1627957245.1039 801.4805
1627957245.2041 802.2539
1627957245.3043 802.2539
1627957245.4045 803.2852
1627957245.5047 803.2852
1627957245.6049 803.2852
1627957245.7051 803.2852
1627957245.8056 803.2852
1627957245.9055 803.6133
1627957246.0057 803.6133
1627957246.1058 803.6133
1627957246.2060 804.1016
1627957246.3062 804.6172
1627957246.4064 804.6172
1627957246.5066 804.6172
1627957246.6068 805.0312
1627957246.7070 805.5469
1627957246.8071 805.5469
1627957246.9074 805.7578
1627957247.0086 806.2734
1627957247.1077 806.7891
1627957247.2079 806.7891
1627957247.3081 806.7891
1627957247.4085 807.1523
1627957247.5085 807.4102
1627957247.6088 807.4102
1627957247.7089 807.9258
1627957247.8091 807.9258
1627957247.9092 807.9258
1627957248.0095 808.5430
1627957248.1096 808.8008
1627957248.2102 808.8008
1627957248.3100 808.8008
1627957248.4102 809.2852
1627957248.5104 809.8008
1627957248.6188 809.8008
1627957248.7108 809.8711
1627957248.8111 810.6445
1627957248.9111 810.9023
1627957249.0116 810.9023
1627957249.1115 810.9688
1627957249.2117 811.4844
1627957249.3119 812.0000
1627957249.4122 812.0000
1627957249.5123 812.0000
1627957249.6126 812.1094
1627957249.7129 812.6250
1627957249.8128 812.6250
1627957249.9130 812.6250
1627957250.0132 813.0000
1627957250.1136 813.5156
1627957250.2137 813.5156
1627957250.3139 813.7461
1627957250.4141 814.2617
1627957250.5142 814.2617
1627957250.6144 814.7773
1627957250.7149 814.7773
1627957250.8149 815.7461
1627957250.9160 815.7461
1627957251.0164 815.7461
1627957251.1155 816.0508
1627957251.2156 816.5664
1627957251.3157 816.5664
1627957251.4159 816.5664
1627957251.5160 816.5664
1627957251.6163 817.2266
1627957251.7164 817.4844
1627957251.8173 817.4844
1627957251.9171 818.0000
1627957252.0171 818.0000
1627957252.1172 818.1953
1627957252.2174 819.7422
1627957252.3176 819.7422
1627957252.4178 819.7422
1627957252.5184 819.7422
1627957252.6181 819.7617
1627957252.7188 819.7617
1627957252.8185 819.7617
1627957252.9187 820.2773
1627957253.0189 820.7930
1627957253.1191 821.0508
1627957253.2206 821.0508
1627957253.3195 822.2500
1627957253.4199 822.2500
1627957253.5200 822.8008
1627957253.6200 822.8008
1627957253.7202 822.8008
1627957253.8204 822.8711
1627957253.9206 822.8711
1627957254.0208 823.1094
1627957254.1210 823.6250
1627957254.2212 824.1406
1627957254.3214 824.3984
1627957254.4215 824.3984
1627957254.5217 825.5781
1627957254.6219 825.5781
1627957254.7221 826.0820
1627957254.8223 826.0820
1627957254.9225 826.8086
1627957255.0227 826.8086
1627957255.1229 827.5664
1627957255.2230 827.5664
1627957255.3232 827.5664
1627957255.4234 827.5664
1627957255.5236 827.5664
1627957255.6238 828.5000
1627957255.7240 828.5000
1627957255.8242 828.9961
1627957255.9244 828.9961
1627957256.0247 829.8398
1627957256.1247 829.8398
1627957256.2250 830.3281
1627957256.3252 830.3281
1627957256.4253 830.3281
1627957256.5256 830.4023
1627957256.6257 830.6602
1627957256.7259 830.6602
1627957256.8261 830.8750
1627957256.9263 831.3906
1627957257.0265 831.9062
1627957257.1267 831.9062
1627957257.2269 832.9297
1627957257.3271 832.9297
1627957257.4272 833.9922
1627957257.5274 833.9922
1627957257.6276 833.9922
1627957257.7278 833.9922
1627957257.8280 834.2500
1627957257.9282 834.5078
1627957258.0284 834.5078
1627957258.1285 835.4883
1627957258.2287 835.4883
1627957258.3290 835.7891
1627957258.4291 835.7891
1627957258.5293 836.2773
1627957258.6295 836.2773
1627957258.7297 836.2773
1627957258.8299 836.2812
1627957258.9301 836.5391
1627957259.0303 837.0547
1627957259.1305 837.5703
1627957259.2306 837.5703
1627957259.3308 838.4102
1627957259.4310 838.4102
1627957259.5312 838.4102
1627957259.6314 838.4102
1627957259.7316 839.5469
1627957259.8318 839.5469
1627957259.9362 840.1562
1627957260.0321 840.1562
1627957260.1323 840.8945
1627957260.2325 840.8945
1627957260.3328 840.8945
1627957260.4330 840.8945
1627957260.5333 841.2695
1627957260.6333 841.5273
1627957260.7366 841.5273
1627957260.8337 841.5273
1627957260.9339 842.0000
1627957261.0340 842.5156
1627957261.1343 842.7734
1627957261.2366 842.7734
1627957261.3366 842.8203
1627957261.4348 843.3359
1627957261.5350 844.1094
1627957261.6352 844.1094
1627957261.7355 844.1094
1627957261.8356 844.4023
1627957261.9357 844.9180
1627957262.0359 844.9180
1627957262.1389 844.9180
1627957262.2363 845.3867
1627957262.3379 845.9023
1627957262.4367 845.9023
1627957262.5395 846.8672
1627957262.6371 846.8672
1627957262.7378 846.8672
1627957262.8375 846.8672
1627957262.9380 846.8672
1627957263.0379 846.9023
1627957263.1380 847.4180
1627957263.2383 847.4180
1627957263.3389 847.4180
1627957263.4386 847.9336
1627957263.5462 848.4492
1627957263.6390 848.7070
1627957263.7392 848.7070
1627957263.8394 849.5000
1627957263.9395 849.5000
1627957264.0397 849.5000
1627957264.1402 849.5000
1627957264.2401 849.9648
1627957264.3404 850.2227
1627957264.4405 850.2227
1627957264.5444 850.2227
1627957264.6409 850.6875
1627957264.7429 851.2031
1627957264.8413 851.4609
1627957264.9416 851.4609
1627957265.0417 851.6445
1627957265.1429 852.1602
1627957265.2421 852.1602
1627957265.3422 853.1914
1627957265.4424 853.1914
1627957265.5426 853.1914
1627957265.6428 853.1914
1627957265.7430 853.6094
1627957265.8431 853.8672
1627957265.9435 853.8672
1627957266.0435 854.1758
1627957266.1438 854.6914
1627957266.2439 855.2070
1627957266.3442 855.2070
1627957266.4443 855.2695
1627957266.5448 855.5273
1627957266.6447 856.0430
1627957266.7448 856.8164
1627957266.8451 856.8164
1627957266.9452 856.8164
1627957267.0454 857.7188
1627957267.1456 857.7188
1627957267.2458 857.7188
1627957267.3460 857.7188
1627957267.4462 857.7188
1627957267.5464 859.1875
1627957267.6466 859.1875
1627957267.7471 859.4883
1627957267.8470 859.4883
1627957267.9471 859.4883
1627957268.0474 859.5469
1627957268.1475 859.5469
1627957268.2477 860.7500
1627957268.3496 860.7500
1627957268.4481 861.2734
1627957268.5483 861.2734
1627957268.6485 861.2734
1627957268.7486 861.3320
1627957268.8491 861.3320
1627957268.9491 862.8828
1627957269.0492 862.8828
1627957269.1494 863.3672
1627957269.2496 863.3672
1627957269.3498 863.3672
1627957269.4500 863.3672
1627957269.5502 863.3672
1627957269.6504 863.3672
1627957269.7505 863.3672
1627957269.8508 863.4648
1627957269.9509 863.9805
1627957270.0513 863.9805
1627957270.1514 863.9805
1627957270.2519 864.4570
1627957270.3517 864.9727
1627957270.4525 864.9727
1627957270.5521 866.0039
1627957270.6523 866.0039
1627957270.7525 866.0039
1627957270.8527 866.0039
1627957270.9528 866.4531
1627957271.0530 866.7109
1627957271.1533 866.7109
1627957271.2534 866.7109
1627957271.3536 866.9961
1627957271.4538 867.5117
1627957271.5540 867.7695
1627957271.6542 867.7695
1627957271.7544 868.6992
1627957271.8545 868.6992
1627957271.9547 869.2031
1627957272.0549 869.2031
1627957272.1552 869.2031
1627957272.2553 869.2031
1627957272.3555 869.4023
1627957272.4557 869.9180
1627957272.5559 869.9180
1627957272.6561 870.8672
1627957272.7562 870.8672
1627957272.8564 870.8672
1627957272.9569 870.9102
1627957273.0568 871.1680
1627957273.1570 871.6836
1627957273.2572 871.6836
1627957273.3574 872.7148
1627957273.4589 872.7148
1627957273.5578 873.2227
1627957273.6580 873.2227
1627957273.7582 873.7617
1627957273.8584 873.7617
1627957273.9585 874.5859
1627957274.0590 874.5859
1627957274.1590 874.5859
1627957274.2591 874.5859
1627957274.3593 875.2578
1627957274.4595 875.2578
1627957274.5597 876.2344
1627957274.6599 876.2344
1627957274.7601 876.2344
1627957274.8603 876.2344
1627957274.9605 876.7305
1627957275.0606 876.7305
1627957275.1608 877.6758
1627957275.2682 877.6758
1627957275.3612 878.2109
1627957275.4617 878.2109
1627957275.5616 879.0039
1627957275.6618 879.0039
1627957275.7619 879.0039
1627957275.8622 879.0039
1627957275.9623 879.2109
1627957276.0625 879.7266
1627957276.1627 879.7266
1627957276.2630 881.0234
1627957276.3631 881.0234
1627957276.4686 881.0234
1627957276.5635 882.0508
1627957276.6637 882.0508
1627957276.7638 882.4141
1627957276.8651 882.4141
1627957276.9643 883.0508
1627957277.0644 883.0508
1627957277.1646 883.6680
1627957277.2719 883.6680
1627957277.3650 884.3438
1627957277.4674 884.3438
1627957277.5654 884.9766
1627957277.6655 884.9766
1627957277.7658 884.9766
1627957277.8659 884.9766
1627957277.9661 885.3359
1627957278.0669 885.8516
1627957278.1665 885.8516
1627957278.2692 886.8828
1627957278.3669 886.8828
1627957278.4673 887.6367
1627957278.5673 887.6367
1627957278.6680 887.9727
1627957278.7676 887.9727
1627957278.8680 888.7188
1627957278.9680 888.7188
1627957279.0682 889.2656
1627957279.1684 889.2656
1627957279.2697 889.7070
1627957279.3688 889.7070
1627957279.4692 890.2578
1627957279.5694 890.2578
1627957279.6694 891.0859
1627957279.7696 891.0859
1627957279.8724 891.2852
1627957279.9699 891.2852
1627957280.0701 891.2852
1627957280.1703 891.4805
1627957280.2705 891.9961
1627957280.3707 892.5117
1627957280.4709 892.7695
1627957280.5711 893.2852
1627957280.6715 893.2852
1627957280.7718 894.3789
1627957280.8717 894.3789
1627957280.9719 894.3789
1627957281.0737 894.3789
1627957281.1723 894.7891
1627957281.2727 895.3047
1627957281.3726 895.5625
1627957281.4729 896.0781
1627957281.5730 896.3359
1627957281.6759 897.1094
1627957281.7735 897.1094
1627957281.8788 898.0625
1627957281.9737 898.0625
1627957282.0739 898.0625
1627957282.1741 898.2227
1627957282.2743 898.4805
1627957282.3745 898.9961
1627957282.4747 899.5117
1627957282.5749 899.7695
1627957282.6751 900.5430
1627957282.7753 900.5430
1627957282.8756 900.5430
1627957282.9756 901.0195
1627957283.0758 901.2773
1627957283.1760 901.7930
1627957283.2763 902.3086
1627957283.3764 902.8242
1627957283.4766 902.8242
1627957283.5768 902.8555
1627957283.6771 903.3711
1627957283.7772 903.6289
1627957283.8790 904.1445
1627957283.9776 904.6602
1627957284.0777 905.1758
1627957284.1779 905.1758
1627957284.2781 905.2070
1627957284.3783 905.7227
1627957284.4785 905.9805
1627957284.5787 906.4961
1627957284.6789 907.0117
1627957284.7791 907.5273
1627957284.8793 907.5273
1627957284.9794 907.5664
1627957285.0796 908.0820
1627957285.1798 908.5977
1627957285.2800 908.5977
1627957285.3802 909.9805
1627957285.4804 909.9805
1627957285.5806 910.6680
1627957285.6847 910.6680
1627957285.7810 911.3633
1627957285.8812 911.3633
1627957285.9814 912.0547
1627957286.0815 912.0547
1627957286.1817 912.8242
1627957286.2819 912.8242
1627957286.3821 913.5234
1627957286.4823 913.5234
1627957286.5825 913.7148
1627957286.6827 913.7148
1627957286.7829 914.1523
1627957286.8831 914.4102
1627957286.9833 914.9258
1627957287.0835 915.4414
1627957287.1836 915.6992
1627957287.2838 916.2148
1627957287.3840 916.7305
1627957287.4842 917.2461
1627957287.5844 917.2461
1627957287.6846 917.3398
1627957287.7848 917.8555
1627957287.8850 918.3711
1627957287.9851 918.6289
1627957288.0853 919.1445
1627957288.1855 919.6602
1627957288.2858 920.1758
1627957288.3859 920.1758
1627957288.4861 920.8633
1627957288.5863 920.8633
1627957288.6865 920.8633
1627957288.7869 921.1562
1627957288.8888 921.4141
1627957288.9870 921.9297
1627957289.0873 922.4453
1627957289.1875 922.9609
1627957289.2877 922.9609
1627957289.3878 924.2734
1627957289.4881 924.2734
1627957289.5882 924.2734
1627957289.6884 925.3867
1627957289.7886 925.3867
1627957289.8888 925.3867
1627957289.9962 925.8789
1627957290.0892 926.1367
1627957290.1894 926.6523
1627957290.2895 927.1680
1627957290.3897 927.1680
1627957290.4900 928.2969
1627957290.5901 928.2969
1627957290.6903 928.2969
1627957290.7947 928.2969
1627957290.8907 929.7773
1627957290.9924 929.7773
1627957291.0911 930.1836
1627957291.1923 930.1836
1627957291.2915 930.1836
1627957291.3916 931.5234
1627957291.4920 931.5234
1627957291.5929 932.0508
1627957291.6922 932.0508
1627957291.7944 932.0508
1627957291.8926 932.3477
1627957291.9928 932.8633
1627957292.0930 933.3789
1627957292.1931 933.8945
1627957292.2933 934.4102
1627957292.3937 934.9258
1627957292.4937 935.4414
1627957292.5939 935.9570
1627957292.6941 936.4727
1627957292.7943 936.7305
1627957292.8945 936.7305
1627957292.9947 938.2617
1627957293.0950 938.2617
1627957293.1952 938.2617
1627957293.2953 938.7227
1627957293.3966 939.2383
1627957293.4957 939.7539
1627957293.5958 939.7539
1627957293.6960 941.0781
1627957293.7963 941.0781
1627957293.8964 941.5664
1627957294.0013 941.5664
1627957294.0971 942.7539
1627957294.1987 942.7539
1627957294.2972 944.2305
1627957294.3999 944.2305
1627957294.4975 944.2305
1627957294.5978 945.3477
1627957294.6979 945.3477
1627957294.7991 945.3477
1627957294.8986 945.7461
1627957294.9985 946.2617
1627957295.0987 946.7773
1627957295.1989 948.3242
1627957295.2991 948.3242
1627957295.3993 948.8984
1627957295.4995 948.8984
1627957295.5996 949.5156
1627957295.6998 949.5156
1627957295.8000 949.6016
1627957295.9002 950.1172
1627957296.0004 950.6328
1627957296.1007 951.1484
1627957296.2008 951.6641
1627957296.3049 951.9219
1627957296.4012 952.4375
1627957296.5014 952.9531
1627957296.6015 953.4688
1627957296.7017 953.9844
1627957296.8019 954.5000
1627957296.9021 955.0156
1627957297.0023 955.5312
1627957297.1025 956.0469
1627957297.2027 956.5625
1627957297.3029 958.1094
1627957297.4031 958.1094
1627957297.5033 958.5977
1627957297.6061 958.5977
1627957297.7037 959.8945
1627957297.8038 959.8945
1627957297.9040 960.7188
1627957298.0042 960.7188
1627957298.1050 961.9570
1627957298.2046 961.9570
1627957298.3048 962.6562
1627957298.4087 962.6562
1627957298.5052 963.8281
1627957298.6061 963.8281
1627957298.7056 963.8750
1627957298.8057 965.4219
1627957298.9060 965.4219
1627957299.0061 966.4805
1627957299.1063 966.4805
1627957299.2065 967.3906
1627957299.3067 967.3906
1627957299.4069 967.3906
1627957299.5071 967.4922
1627957299.6073 969.0391
1627957299.7075 969.0391
1627957299.8077 969.7812
1627957299.9078 969.7812
1627957300.0080 970.7188
1627957300.1082 970.7188
1627957300.2084 970.7188
1627957300.3086 970.7773
1627957300.4088 971.2930
1627957300.5090 971.8086
1627957300.6092 972.3242
1627957300.7094 972.8398
1627957300.8096 972.8398
1627957300.9098 972.8594
1627957301.0100 973.3750
1627957301.1101 973.8906
1627957301.2103 974.1484
1627957301.3106 974.6641
1627957301.4109 975.1797
1627957301.5110 975.6953
1627957301.6111 975.6953
1627957301.7113 976.7500
1627957301.8121 976.7500
1627957301.9117 976.7500
1627957302.0119 976.7500
1627957302.1123 977.0898
1627957302.2122 977.7461
1627957302.3124 977.7461
1627957302.4126 979.0352
1627957302.5131 979.0352
1627957302.6130 980.0703
1627957302.7139 980.0703
1627957302.8142 980.9258
1627957302.9139 980.9258
1627957303.0137 981.6797
1627957303.1139 981.6797
1627957303.2141 982.4414
1627957303.3144 982.4414
1627957303.4145 982.4414
1627957303.5147 982.7305
1627957303.6149 982.9883
1627957303.7151 983.5039
1627957303.8153 984.0195
1627957303.9162 984.2773
1627957304.0157 985.0508
1627957304.1167 985.0508
1627957304.2161 985.0547
1627957304.3163 985.5703
1627957304.4165 986.0859
1627957304.5166 986.6016
1627957304.6169 986.8594
1627957304.7170 987.3750
1627957304.8176 987.8906
1627957304.9174 987.8906
1627957305.0176 988.9492
1627957305.1178 988.9492
1627957305.2180 989.7383
1627957305.3182 989.7383
1627957305.4184 990.6758
1627957305.5185 990.6758
1627957305.6187 990.9766
1627957305.7189 990.9766
1627957305.8191 991.0156
1627957305.9194 991.0156
1627957306.0195 992.4805
1627957306.1197 992.4805
1627957306.2199 993.0625
1627957306.3200 993.0625
1627957306.4203 993.8398
1627957306.5204 993.8398
1627957306.6206 993.8398
1627957306.7208 994.1250
1627957306.8210 994.3828
1627957306.9212 994.8984
1627957307.0220 995.1562
1627957307.1219 995.9297
1627957307.2218 995.9297
1627957307.3220 996.9141
1627957307.4221 996.9141
1627957307.5224 997.5586
1627957307.6225 997.5586
1627957307.7227 997.5586
1627957307.8229 997.8008
1627957307.9231 998.3164
1627957308.0238 998.4141
1627957308.1235 998.6719
1627957308.2237 999.1875
1627957308.3239 999.7031
1627957308.4242 999.9609
1627957308.5246 1000.4766
1627957308.6245 1000.9922
1627957308.7246 1001.5078
1627957308.8248 1001.5078
1627957308.9250 1002.7461
1627957309.0252 1002.7461
1627957309.1254 1002.7461
1627957309.2256 1002.8203
1627957309.3258 1003.3359
1627957309.4263 1003.8516
1627957309.5262 1004.3672
1627957309.6264 1004.8828
1627957309.7265 1005.3984
1627957309.8267 1005.3984
1627957309.9269 1005.4141
1627957310.0284 1006.9609
1627957310.1273 1006.9609
1627957310.2277 1007.4844
1627957310.3277 1007.4844
1627957310.4279 1007.5664
1627957310.5281 1008.0820
1627957310.6283 1008.3398
1627957310.7285 1008.8555
1627957310.8287 1009.3711
1627957310.9288 1009.8867
1627957311.0291 1009.8867
1627957311.1292 1010.0469
1627957311.2294 1010.5625
1627957311.3296 1011.0781
1627957311.4299 1011.0781
1627957311.5300 1012.4492
1627957311.6302 1012.4492
1627957311.7304 1013.1055
1627957311.8306 1013.1055
1627957311.9307 1013.8320
1627957312.0310 1013.8320
1627957312.1325 1014.5742
1627957312.2313 1014.5742
1627957312.3322 1015.2891
1627957312.4317 1015.2891
1627957312.5322 1016.5352
1627957312.6321 1016.5352
1627957312.7326 1016.8594
1627957312.8325 1016.8594
1627957312.9328 1017.7305
1627957313.0328 1017.7305
1627957313.1331 1018.2344
1627957313.2332 1018.2344
1627957313.3345 1019.2109
1627957313.4336 1019.2109
1627957313.5338 1019.9922
1627957313.6340 1019.9922
1627957313.7342 1020.7812
1627957313.8344 1020.7812
1627957313.9348 1021.6484
1627957314.0348 1021.6484
1627957314.1350 1022.1992
1627957314.2352 1022.1992
1627957314.3353 1022.8828
1627957314.4355 1022.8828
1627957314.5358 1023.8750
1627957314.6360 1023.8750
1627957314.7361 1024.7031
1627957314.8363 1024.7031
1627957314.9365 1025.1953
1627957315.0367 1025.1953
1627957315.1369 1025.8945
1627957315.2371 1025.8945
1627957315.3375 1026.6367
1627957315.4378 1026.6367
1627957315.5376 1027.3516
1627957315.6378 1027.3516
1627957315.7380 1028.0898
1627957315.8382 1028.0898
1627957315.9385 1028.0898
1627957316.0386 1028.3984
1627957316.1388 1028.9141
1627957316.2390 1029.1719
1627957316.3392 1029.6875
1627957316.4394 1030.2031
1627957316.5396 1030.4609
1627957316.6399 1030.9766
1627957316.7399 1031.4922
1627957316.8401 1031.4922
1627957316.9403 1032.6445
1627957317.0408 1032.6445
1627957317.1407 1033.1719
1627957317.2409 1033.1719
1627957317.3411 1033.1719
1627957317.4414 1033.5547
1627957317.5415 1034.0703
1627957317.6417 1034.5859
1627957317.7419 1035.1016
1627957317.8420 1035.1016
1627957317.9422 1035.1172
1627957318.0424 1036.6641
1627957318.1426 1036.6641
1627957318.2428 1037.1055
1627957318.3430 1037.1055
1627957318.4432 1037.8945
1627957318.5439 1037.8945
1627957318.6436 1038.4141
1627957318.7438 1038.4141
1627957318.8439 1039.2773
1627957318.9441 1039.2773
1627957319.0444 1040.0859
1627957319.1445 1040.0859
1627957319.2448 1040.1055
1627957319.3449 1040.1055
1627957319.4451 1041.0898
1627957319.5453 1041.0898
1627957319.6455 1042.0000
1627957319.7457 1042.0000
1627957319.8486 1042.7695
1627957319.9461 1042.7695
1627957320.0462 1043.5859
1627957320.1465 1043.5859
1627957320.2466 1044.6016
1627957320.3468 1044.6016
1627957320.4470 1044.6016
1627957320.5480 1045.0781
1627957320.6474 1045.0781
1627957320.7478 1045.0781
1627957320.8485 1045.3125
1627957320.9480 1045.8281
1627957321.0481 1046.0859
1627957321.1484 1046.6016
1627957321.2485 1047.1172
1627957321.3487 1047.1172
1627957321.4489 1047.2812
1627957321.5507 1047.7969
1627957321.6493 1048.3125
1627957321.7501 1048.8281
1627957321.8497 1049.3438
1627957321.9499 1049.3438
1627957322.0501 1049.4219
1627957322.1503 1050.9688
1627957322.2505 1050.9688
1627957322.3506 1051.4375
1627957322.4509 1051.4375
1627957322.5526 1052.2461
1627957322.6513 1052.2461
1627957322.7514 1052.7734
1627957322.8519 1052.7734
1627957322.9526 1052.7734
1627957323.0522 1053.0547
1627957323.1522 1053.5703
1627957323.2526 1053.6367
1627957323.3529 1054.9258
1627957323.4528 1054.9258
1627957323.5530 1054.9844
1627957323.6532 1054.9844
1627957323.7533 1055.4531
1627957323.8536 1057.0000
1627957323.9537 1057.0000
1627957324.0539 1057.3633
1627957324.1541 1057.3633
1627957324.2543 1058.1484
1627957324.3545 1058.1484
1627957324.4547 1058.9805
1627957324.5549 1058.9805
1627957324.6550 1059.5352
1627957324.7552 1059.5352
1627957324.8555 1059.5352
1627957324.9556 1060.0508
1627957325.0558 1060.5664
1627957325.1560 1060.5664
1627957325.2562 1061.0820
1627957325.3564 1061.3398
1627957325.4566 1061.3398
1627957325.5568 1062.6758
1627957325.6570 1062.6758
1627957325.7572 1063.2812
1627957325.8574 1063.2812
1627957325.9575 1063.8086
1627957326.0578 1063.8086
1627957326.1580 1064.5977
1627957326.2581 1064.5977
1627957326.3583 1064.5977
1627957326.4585 1064.7148
1627957326.5587 1065.2305
1627957326.6589 1065.7461
1627957326.7591 1065.7461
1627957326.8593 1066.6797
1627957326.9595 1066.6797
1627957327.0596 1067.7500
1627957327.1598 1067.7500
1627957327.2601 1067.7500
1627957327.3638 1067.7500
1627957327.4605 1068.2188
1627957327.5606 1068.4766
1627957327.6608 1068.4766
1627957327.7611 1069.5859
1627957327.8612 1069.5859
1627957327.9616 1069.5859
1627957328.0615 1069.9102
1627957328.1617 1070.4258
1627957328.2620 1070.9414
1627957328.3622 1070.9414
1627957328.4623 1072.2227
1627957328.5625 1072.2227
1627957328.6628 1072.2227
1627957328.7630 1072.2227
1627957328.8631 1072.8711
1627957328.9633 1073.3867
1627957329.0635 1073.6445
1627957329.1637 1073.6445
1627957329.2639 1073.7266
1627957329.3646 1074.5000
1627957329.4642 1075.0156
1627957329.5644 1075.2734
1627957329.6646 1075.2734
1627957329.7648 1075.7109
1627957329.8666 1076.2266
1627957329.9652 1076.7422
1627957330.0654 1077.2578
1627957330.1686 1077.2578
1627957330.2658 1078.2891
1627957330.3660 1078.2891
1627957330.4662 1079.0508
1627957330.5663 1079.0508
1627957330.6665 1079.0508
1627957330.7669 1079.4219
1627957330.8669 1079.9375
1627957330.9671 1080.4531
1627957331.0673 1080.4531
1627957331.1675 1080.4531
1627957331.2677 1080.8477
1627957331.3679 1081.3633
1627957331.4681 1082.1367
1627957331.5688 1082.6523
1627957331.6685 1082.9102
1627957331.7688 1082.9102
1627957331.8688 1084.0586
1627957331.9690 1084.0586
1627957332.0692 1084.0586
1627957332.1694 1084.1328
1627957332.2714 1084.9062
1627957332.3756 1085.4219
1627957332.4710 1085.6797
1627957332.5702 1085.6797
1627957332.6704 1086.9297
1627957332.7706 1086.9297
1627957332.8707 1086.9297
1627957332.9710 1087.0000
1627957333.0724 1087.7734
1627957333.1720 1088.2891
1627957333.2715 1088.5469
1627957333.3721 1088.5469
1627957333.4719 1090.0000
1627957333.5723 1090.0000
1627957333.6723 1090.0000
1627957333.7731 1090.0000
1627957333.8727 1090.6562
1627957333.9733 1090.9141
1627957334.0731 1090.9141
1627957334.1733 1091.3867
1627957334.2734 1091.9023
1627957334.3736 1092.4180
1627957334.4738 1092.4180
1627957334.5740 1092.6250
1627957334.6742 1093.1406
1627957334.7745 1093.6562
1627957334.8746 1093.6562
1627957334.9748 1094.5625
1627957335.0750 1094.5625
1627957335.1752 1095.4297
1627957335.2753 1095.4297
1627957335.3755 1095.4297
1627957335.4757 1095.8203
1627957335.5761 1096.3359
1627957335.6761 1096.5938
1627957335.7763 1096.5938
1627957335.8765 1096.7969
1627957335.9767 1097.5703
1627957336.0772 1098.0859
1627957336.1771 1098.3438
1627957336.2773 1098.3438
1627957336.3775 1098.5938
1627957336.4781 1099.3672
1627957336.5780 1099.8828
1627957336.6784 1100.3984
1627957336.7790 1100.9141
1627957336.8784 1100.9141
1627957336.9787 1100.9805
1627957337.0788 1101.7539
1627957337.1790 1102.0117
1627957337.2792 1102.7852
1627957337.3794 1103.3008
1627957337.4837 1103.5586
1627957337.5798 1103.5586
1627957337.6800 1104.4648
1627957337.7802 1104.4648
1627957337.8803 1105.1172
1627957337.9806 1105.1172
1627957338.0807 1106.2148
1627957338.1809 1106.2148
1627957338.2812 1106.2148
1627957338.3813 1106.9414
1627957338.4815 1106.9414
1627957338.5817 1107.4570
1627957338.6819 1107.4570
1627957338.7821 1107.9727
1627957338.8823 1108.3359
1627957338.9825 1109.3672
1627957339.0826 1109.3672
1627957339.1828 1109.4102
1627957339.2830 1109.6680
1627957339.3832 1110.1836
1627957339.4834 1111.2148
1627957339.5836 1111.2148
1627957339.6838 1111.7188
1627957339.7840 1111.7188
1627957339.8842 1111.9766
1627957339.9844 1112.2344
1627957340.0846 1112.7500
1627957340.1848 1113.0078
1627957340.2849 1113.2656
1627957340.3851 1113.7812
1627957340.4853 1114.8125
1627957340.5855 1114.8164
1627957340.6857 1114.8164
1627957340.7859 1115.0742
1627957340.8861 1116.1055
1627957340.9863 1116.8789
1627957341.0865 1117.1133
1627957341.1867 1117.1133
1627957341.2869 1117.6289
1627957341.3871 1117.8867
1627957341.4873 1118.1445
1627957341.5874 1118.9180
1627957341.6876 1118.9180
1627957341.7878 1118.9570
1627957341.8880 1119.4727
1627957341.9882 1119.7305
1627957342.0884 1120.5039
1627957342.1886 1120.7617
1627957342.2891 1121.5352
1627957342.3890 1122.3086
1627957342.4892 1123.0820
1627957342.5894 1123.0820
1627957342.6895 1123.0820
1627957342.7897 1123.2383
1627957342.8900 1124.0117
1627957342.9901 1124.0312
1627957343.0903 1125.3203
1627957343.1905 1125.3203
1627957343.2907 1125.4688
1627957343.3909 1126.2422
1627957343.4911 1126.2422
1627957343.5913 1126.7773
1627957343.6915 1127.5508
1627957343.7917 1127.5508
1627957343.8921 1127.5508
1627957343.9920 1128.0820
1627957344.0925 1128.0820
1627957344.1924 1129.1133
1627957344.2937 1129.8867
1627957344.3928 1129.8867
1627957344.4930 1130.1016
1627957344.5933 1130.8750
1627957344.6934 1131.1250
1627957344.7936 1131.6406
1627957344.8938 1131.6406
1627957344.9941 1132.4141
1627957345.0942 1132.4141
1627957345.1944 1132.9609
1627957345.2945 1133.7344
1627957345.3947 1133.7539
1627957345.4951 1134.5273
1627957345.5951 1134.5273
1627957345.6954 1135.0430
1627957345.7955 1135.8164
1627957345.8957 1136.0742
1627957345.9961 1136.5898
1627957346.0976 1137.6211
1627957346.1992 1138.1367
1627957346.2967 1138.4219
1627957346.3966 1138.9375
1627957346.4969 1138.9375
1627957346.5970 1138.9375
1627957346.6972 1140.2188
1627957346.7974 1140.2188
1627957346.8977 1140.9102
1627957346.9991 1141.4258
1627957347.0982 1141.4258
1627957347.2006 1141.7031
1627957347.2985 1141.9609
1627957347.3987 1142.7344
1627957347.4988 1143.7656
1627957347.5991 1144.2812
1627957347.6991 1144.2812
1627957347.7993 1144.2812
1627957347.8995 1144.7461
1627957348.0006 1145.0039
1627957348.1000 1145.7773
1627957348.2001 1146.2930
1627957348.3003 1146.8086
1627957348.4005 1147.3242
1627957348.5007 1147.3242
1627957348.6009 1148.6484
1627957348.7011 1148.6484
1627957348.8014 1149.1641
1627957348.9015 1149.1641
1627957349.0017 1149.6797
1627957349.1018 1150.1953
1627957349.2022 1150.7109
1627957349.3022 1150.9688
1627957349.4024 1151.6445
1627957349.5027 1152.1602
1627957349.6028 1152.6758
1627957349.7030 1153.0312
1627957349.8032 1153.8047
1627957349.9034 1154.3164
1627957350.0036 1154.5742
1627957350.1038 1155.0898
1627957350.2041 1155.3633
1627957350.3041 1155.8789
1627957350.4043 1156.5547
1627957350.5045 1157.0703
1627957350.6047 1157.0703
1627957350.7049 1158.0977
1627957350.8051 1159.1289
1627957350.9053 1159.6445
1627957351.0055 1159.7148
1627957351.1057 1160.4883
1627957351.2059 1160.4883
1627957351.3061 1160.7383
1627957351.4063 1161.5117
1627957351.5064 1162.0273
1627957351.6066 1162.2852
1627957351.7068 1163.0586
1627957351.8070 1163.0898
1627957351.9072 1163.6055
1627957352.0074 1164.1211
1627957352.1076 1165.1523
1627957352.2078 1165.6680
1627957352.3080 1166.0781
1627957352.4082 1166.8516
1627957352.5084 1167.1055
1627957352.6086 1167.8789
1627957352.7088 1167.8789
1627957352.8090 1168.1328
1627957352.9091 1168.3906
1627957353.0093 1169.6797
1627957353.1095 1170.1953
1627957353.2097 1170.1953
1627957353.3099 1170.5078
1627957353.4101 1171.0234
1627957353.5103 1171.7969
1627957353.6105 1171.7969
1627957353.7107 1172.8281
1627957353.8109 1173.0859
1627957353.9111 1173.6016
1627957354.0153 1174.3750
1627957354.1115 1174.9062
1627957354.2166 1175.6797
1627957354.3118 1175.9609
1627957354.4120 1176.7344
1627957354.5123 1176.7344
1627957354.6166 1176.7344
1627957354.7126 1176.8438
1627957354.8145 1177.6172
1627957354.9138 1177.6172
1627957355.0135 1178.1328
1627957355.1166 1178.9062
1627957355.2136 1178.9062
1627957355.3138 1179.9375
1627957355.4141 1180.7109
1627957355.5141 1181.1680
1627957355.6144 1181.9414
1627957355.7145 1181.9414
1627957355.8147 1181.9414
1627957355.9156 1182.2969
1627957356.0152 1182.8125
1627957356.1153 1183.0703
1627957356.2155 1183.5859
1627957356.3157 1183.5859
1627957356.4161 1184.1016
1627957356.5160 1184.6172
1627957356.6164 1185.3906
1627957356.7165 1185.3906
1627957356.8166 1185.3906
1627957356.9168 1185.8984
1627957357.0170 1186.4141
1627957357.1172 1186.6719
1627957357.2175 1187.0625
1627957357.3176 1187.5781
1627957357.4180 1188.3516
1627957357.5180 1189.1250
1627957357.6206 1189.1250
1627957357.7194 1189.1250
1627957357.8186 1189.3086
1627957357.9188 1190.0820
1627957358.0206 1190.1992
1627957358.1191 1190.4570
1627957358.2193 1191.2305
1627957358.3206 1192.0039
1627957358.4197 1192.0039
1627957358.5199 1192.0039
1627957358.6201 1193.1641
1627957358.7203 1193.1641
1627957358.8205 1193.1641
1627957358.9207 1193.4141
1627957359.0209 1193.6719
1627957359.1212 1194.1875
1627957359.2213 1194.9609
1627957359.3215 1195.7344
1627957359.4216 1195.7344
1627957359.5218 1195.7344
1627957359.6220 1195.9062
1627957359.7234 1196.4219
1627957359.8225 1196.9375
1627957359.9226 1197.1953
1627957360.0231 1197.4805
1627957360.1230 1197.7383
1627957360.2232 1197.9961
1627957360.3234 1198.2539
1627957360.4236 1199.0273
1627957360.5240 1199.2852
1627957360.6239 1199.5430
1627957360.7241 1199.5430
1627957360.8243 1200.0586
1627957360.9245 1200.3164
1627957361.0247 1200.8320
1627957361.1249 1200.8320
1627957361.2251 1201.3477
1627957361.3253 1202.1211
1627957361.4267 1202.1211
1627957361.5257 1202.1211
1627957361.6259 1203.5391
1627957361.7261 1203.5391
1627957361.8263 1203.5391
1627957361.9264 1204.2695
1627957362.0266 1205.0430
1627957362.1268 1205.0430
1627957362.2270 1205.6953
1627957362.3272 1205.6953
1627957362.4274 1205.6953
1627957362.5276 1205.8711
1627957362.6278 1205.8711
1627957362.7280 1206.3867
1627957362.8282 1206.9023
1627957362.9284 1207.1602
1627957363.0286 1207.1602
1627957363.1288 1207.3164
1627957363.2289 1207.5742
1627957363.3291 1208.3477
1627957363.4293 1209.1211
1627957363.5295 1209.1211
1627957363.6297 1209.3477
1627957363.7326 1210.1211
1627957363.8301 1210.1211
1627957363.9303 1210.1211
1627957364.0305 1210.1211
1627957364.1307 1210.2617
1627957364.2309 1211.0352
1627957364.3311 1211.0352
1627957364.4313 1211.0352
1627957364.5314 1211.1914
1627957364.6317 1211.9648
1627957364.7319 1211.9648
1627957364.8320 1212.1523
1627957364.9323 1212.9258
1627957365.0324 1213.1797
1627957365.1326 1213.9531
1627957365.2328 1214.2070
1627957365.3330 1214.9805
1627957365.4334 1214.9805
1627957365.5334 1214.9805
1627957365.6336 1215.2539
1627957365.7338 1215.5117
1627957365.8340 1215.5117
1627957365.9341 1215.5117
1627957366.0343 1215.5117
1627957366.1345 1215.5117
1627957366.2347 1215.7695
1627957366.3349 1216.2852
1627957366.4351 1216.2852
1627957366.5353 1216.5430
1627957366.6355 1216.5430
1627957366.7357 1216.5430
1627957366.8359 1216.8008
1627957366.9361 1217.5742
1627957367.0363 1217.5742
1627957367.1366 1217.9414
1627957367.2366 1218.7148
1627957367.3368 1218.7148
1627957367.4370 1218.8281
1627957367.5372 1219.6016
1627957367.6374 1219.6016
1627957367.7376 1219.6016
1627957367.8378 1219.6016
1627957367.9380 1219.6016
1627957368.0382 1219.6016
1627957368.1390 1219.6016
1627957368.2386 1219.6016
1627957368.3388 1220.1094
1627957368.4390 1220.8828
1627957368.5392 1220.8828
1627957368.6393 1220.8828
1627957368.7395 1220.9062
1627957368.8397 1221.0234
1627957368.9401 1221.7969
1627957369.0401 1221.7969
1627957369.1403 1221.7969
1627957369.2405 1221.7969
1627957369.3407 1221.7969
1627957369.4409 1221.7969
1627957369.5411 1221.7969
1627957369.6413 1221.7969
1627957369.7415 1221.7969
1627957369.8416 1221.7969
1627957369.9418 1222.4336
1627957370.0420 1223.2070
1627957370.1423 1223.2070
1627957370.2425 1223.5117
1627957370.3427 1223.5117
1627957370.4428 1223.5117
1627957370.5445 1223.5117
1627957370.6432 1224.3828
1627957370.7434 1224.3828
1627957370.8436 1224.3828
1627957370.9438 1225.2734
1627957371.0440 1225.2734
1627957371.1442 1225.2734
1627957371.2443 1225.2734
1627957371.3464 1225.5312
1627957371.4447 1226.3047
1627957371.5449 1226.3047
1627957371.6451 1226.3047
1627957371.7453 1226.3047
1627957371.8455 1226.5625
1627957371.9457 1227.3359
1627957372.0459 1227.3359
1627957372.1461 1227.3359
1627957372.2463 1227.3359
1627957372.3465 1227.4648
1627957372.4467 1228.2383
1627957372.5469 1228.2383
1627957372.6471 1229.0742
1627957372.7472 1229.0742
1627957372.8475 1229.0742
1627957372.9476 1229.0742
1627957373.0478 1229.0742
1627957373.1500 1229.0742
1627957373.2482 1229.1797
1627957373.3484 1229.9531
1627957373.4487 1229.9531
1627957373.5488 1230.2070
1627957373.6490 1230.2070
1627957373.7493 1230.4648
1627957373.8494 1230.9805
1627957373.9495 1230.9805
1627957374.0497 1231.8281
1627957374.1500 1231.8281
1627957374.2502 1231.8281
1627957374.3503 1231.8281
1627957374.4505 1231.8281
1627957374.5507 1231.9570
1627957374.6509 1232.7305
1627957374.7511 1232.7305
1627957374.8513 1233.7539
1627957374.9515 1233.7539
1627957375.0517 1233.7539
1627957375.1519 1234.6797
1627957375.2521 1234.6797
1627957375.3523 1234.6797
1627957375.4533 1234.6797
1627957375.5526 1234.6797
1627957375.6528 1234.7070
1627957375.7530 1234.7070
1627957375.8532 1235.6680
1627957375.9534 1235.6680
1627957376.0536 1235.6680
1627957376.1538 1235.6680
1627957376.2540 1235.6680
1627957376.3544 1235.6680
1627957376.4544 1235.6680
1627957376.5546 1235.9219
1627957376.6566 1236.6953
1627957376.7550 1236.6953
1627957376.8551 1236.6953
1627957376.9554 1236.6953
1627957377.0556 1236.6953
1627957377.1557 1236.6953
1627957377.2559 1236.6953
1627957377.3562 1236.6953
1627957377.4563 1236.6953
1627957377.5568 1236.9453
1627957377.6574 1237.7188
1627957377.7569 1237.7188
1627957377.8573 1237.8828
1627957377.9572 1238.6562
1627957378.0574 1238.6562
1627957378.1580 1238.6562
1627957378.2578 1238.6562
1627957378.3580 1238.6562
1627957378.4583 1238.6562
1627957378.5591 1239.3242
1627957378.6586 1239.3242
1627957378.7588 1239.8398
1627957378.8590 1240.0977
1627957378.9592 1240.0977
1627957379.0606 1240.3555
1627957379.1596 1240.6133
1627957379.2598 1240.8555
1627957379.3600 1241.6289
1627957379.4601 1241.6289
1627957379.5604 1241.6289
1627957379.6605 1241.8828
1627957379.7607 1242.3984
1627957379.8609 1242.9141
1627957379.9611 1243.6875
1627957380.0613 1243.6875
1627957380.1615 1243.6875
1627957380.2617 1244.0156
1627957380.3619 1244.5312
1627957380.4621 1245.3047
1627957380.5623 1245.3047
1627957380.6626 1245.4805
1627957380.7626 1246.2539
1627957380.8635 1246.2539
1627957380.9630 1246.2539
1627957381.0632 1246.2578
1627957381.1634 1246.5156
1627957381.2636 1247.0312
1627957381.3638 1247.0312
1627957381.4641 1247.2891
1627957381.5644 1247.2891
1627957381.6644 1247.8047
1627957381.7646 1247.8047
1627957381.8648 1248.0625
1627957381.9650 1248.3984
1627957382.0652 1248.3984
1627957382.1653 1248.9141
1627957382.2655 1249.1719
1627957382.3657 1249.6875
1627957382.4659 1249.6875
1627957382.5661 1250.9258
1627957382.6667 1250.9258
1627957382.7665 1251.1016
1627957382.8667 1251.8750
1627957382.9669 1252.1250
1627957383.0672 1252.8984
1627957383.1673 1252.8984
1627957383.2677 1253.1523
1627957383.3676 1253.9258
1627957383.4693 1254.1719
1627957383.5680 1254.9453
1627957383.6683 1254.9453
1627957383.7684 1254.9453
1627957383.8692 1254.9453
1627957383.9688 1254.9453
1627957384.0753 1254.9453
1627957384.1692 1254.9453
1627957384.2701 1254.9453
1627957384.3696 1255.4531
1627957384.4699 1255.4531
1627957384.5700 1255.7109
1627957384.6702 1256.7422
1627957384.7704 1257.2578
1627957384.8706 1257.2578
1627957384.9707 1257.2578
1627957385.0710 1257.2578
1627957385.1713 1257.5469
1627957385.2714 1258.3203
1627957385.3716 1258.3203
1627957385.4724 1258.8320
1627957385.5721 1259.8633
1627957385.6721 1259.8633
1627957385.7725 1260.3789
1627957385.8728 1260.6367
1627957385.9727 1260.6367
1627957386.0729 1260.8945
1627957386.1732 1261.1523
1627957386.2736 1261.4102
1627957386.3735 1262.1836
1627957386.4736 1262.1836
1627957386.5738 1262.3789
1627957386.6740 1262.6367
1627957386.7742 1263.4102
1627957386.8744 1263.4102
1627957386.9746 1263.4102
1627957387.0749 1264.1836
1627957387.1750 1264.4414
1627957387.2752 1264.9570
1627957387.3754 1265.2148
1627957387.4771 1265.9883
1627957387.5758 1266.7617
1627957387.6760 1266.7617
1627957387.7761 1266.7617
1627957387.8763 1267.5039
1627957387.9765 1267.5039
1627957388.0769 1267.8945
1627957388.1769 1267.8945
1627957388.2806 1268.9258
1627957388.3773 1269.6992
1627957388.4778 1269.6992
1627957388.5777 1269.6992
1627957388.6800 1269.8867
1627957388.7781 1270.4023
1627957388.8783 1270.9180
1627957388.9785 1271.9492
1627957389.0806 1271.9492
1627957389.1790 1272.1914
1627957389.2791 1272.9648
1627957389.3806 1273.2305
1627957389.4794 1274.0039
1627957389.5796 1274.0039
1627957389.6798 1274.2461
1627957389.7800 1275.0195
1627957389.8806 1275.2656
1627957389.9804 1276.0391
1627957390.0806 1276.0391
1627957390.1808 1277.0547
1627957390.2810 1277.0547
1627957390.3812 1277.0547
1627957390.4814 1277.0547
1627957390.5815 1277.3008
1627957390.6819 1278.0742
1627957390.7819 1278.0742
1627957390.8822 1278.0742
1627957390.9823 1278.0742
1627957391.0830 1278.3203
1627957391.1827 1278.5781
1627957391.2833 1279.3516
1627957391.3831 1279.3516
1627957391.4833 1279.3516
1627957391.5835 1280.3828
1627957391.6837 1281.1562
1627957391.7839 1281.1562
1627957391.8841 1282.1602
1627957391.9843 1282.1602
1627957392.0852 1282.1602
1627957392.1846 1282.1602
1627957392.2848 1282.1602
1627957392.3850 1282.3555
1627957392.4852 1282.7734
1627957392.5857 1283.5469
1627957392.6856 1283.7969
1627957392.7858 1284.0781
1627957392.8860 1284.8516
1627957392.9862 1284.8516
1627957393.0864 1284.8516
1627957393.1866 1285.1016
1627957393.2870 1285.5273
1627957393.3869 1286.3008
1627957393.4871 1286.5547
1627957393.5874 1286.5547
1627957393.6875 1287.0703
1627957393.7881 1287.8438
1627957393.8879 1287.8438
1627957393.9881 1288.1406
1627957394.0884 1288.9141
1627957394.1885 1288.9141
1627957394.2887 1289.1641
1627957394.3889 1289.1641
1627957394.4893 1289.4219
1627957394.5902 1289.9336
1627957394.6895 1290.7070
1627957394.7897 1290.7891
1627957394.8899 1291.5625
1627957394.9900 1291.5625
1627957395.0914 1292.6172
1627957395.1904 1292.6172
1627957395.2907 1292.7930
1627957395.3908 1293.5664
1627957395.4910 1293.5664
1627957395.5912 1293.8281
1627957395.6915 1293.8281
1627957395.7916 1293.8281
1627957395.8918 1294.3438
1627957395.9920 1294.7461
1627957396.0936 1295.5195
1627957396.1924 1295.5195
1627957396.2925 1295.7773
1627957396.3929 1296.0352
1627957396.4930 1296.5508
1627957396.5931 1296.5508
1627957396.6933 1297.0664
1627957396.7935 1297.8398
1627957396.8941 1297.8398
1627957396.9939 1298.2812
1627957397.0941 1298.3750
1627957397.1943 1298.6602
1627957397.2945 1299.4336
1627957397.3947 1299.9453
1627957397.4949 1300.7188
1627957397.5952 1300.9961
1627957397.6953 1301.7695
1627957397.7954 1301.7695
1627957397.8957 1301.7695
1627957397.9959 1302.5391
1627957398.0960 1303.0547
1627957398.1962 1303.0547
1627957398.2964 1303.7227
1627957398.3966 1303.7227
1627957398.4968 1303.7227
1627957398.5970 1304.7461
1627957398.6972 1304.7461
1627957398.7974 1305.0000
1627957398.8976 1305.7734
1627957398.9978 1305.8516
1627957399.0980 1306.1094
1627957399.1982 1307.1406
1627957399.2984 1307.6562
1627957399.3986 1307.8555
1627957399.4987 1308.3711
1627957399.5990 1308.3711
1627957399.6992 1309.3984
1627957399.8008 1309.3984
1627957399.8995 1309.9102
1627957400.0010 1310.4258
1627957400.0999 1310.4258
1627957400.2010 1310.4258
1627957400.3003 1310.4258
1627957400.4005 1310.6797
1627957400.5007 1311.1953
1627957400.6010 1311.6094
1627957400.7010 1312.3828
1627957400.8012 1312.3828
1627957400.9015 1312.8945
1627957401.0046 1313.1523
1627957401.1018 1313.4102
1627957401.2020 1313.7773
1627957401.3022 1314.2930
1627957401.4024 1314.8086
1627957401.5026 1315.0664
1627957401.6028 1315.3242
1627957401.7030 1315.9688
1627957401.8032 1316.7422
1627957401.9034 1316.7422
1627957402.0036 1316.7422
1627957402.1041 1317.0234
1627957402.2040 1317.7969
1627957402.3041 1317.7969
1627957402.4044 1318.8281
1627957402.5046 1318.8281
1627957402.6047 1318.8281
1627957402.7049 1319.1250
1627957402.8051 1319.8984
1627957402.9061 1319.8984
1627957403.0086 1319.8984
1627957403.1057 1320.1523
1627957403.2059 1321.6992
1627957403.3064 1321.8086
1627957403.4063 1322.5820
1627957403.5065 1322.5820
1627957403.6069 1322.5820
1627957403.7076 1322.5820
1627957403.8070 1323.0781
1627957403.9072 1323.3359
1627957404.0074 1323.3555
1627957404.1076 1324.3867
1627957404.2078 1324.3867
1627957404.3080 1324.3867
1627957404.4086 1325.5820
1627957404.5085 1325.5820
1627957404.6086 1325.5820
1627957404.7088 1325.5820
1627957404.8092 1325.9062
1627957404.9092 1326.4219
1627957405.0094 1326.4219
1627957405.1106 1327.3594
1627957405.2099 1327.3594
1627957405.3101 1327.3594
1627957405.4101 1327.4727
1627957405.5103 1327.9883
1627957405.6106 1328.5039
1627957405.7107 1328.5039
1627957405.8109 1328.8359
1627957405.9111 1329.3516
1627957406.0123 1329.8672
1627957406.1123 1330.3828
1627957406.2117 1330.3828
1627957406.3124 1330.4531
1627957406.4121 1330.9688
1627957406.5123 1331.4844
1627957406.6124 1332.0000
1627957406.7127 1332.0000
1627957406.8129 1332.3164
1627957406.9130 1332.3164
1627957407.0132 1333.5586
1627957407.1134 1333.5586
1627957407.2139 1333.5586
1627957407.3138 1333.7344
1627957407.4140 1333.8672
1627957407.5142 1333.8672
1627957407.6144 1334.3828
1627957407.7183 1334.8984
1627957407.8148 1335.4141
1627957407.9150 1335.9297
1627957408.0152 1335.9492
1627957408.1154 1337.4961
1627957408.2155 1337.4961
1627957408.3157 1337.4961
1627957408.4161 1337.4961
1627957408.5161 1337.9492
1627957408.6165 1338.4648
1627957408.7165 1338.4648
1627957408.8167 1338.6953
1627957408.9169 1339.2109
1627957409.0174 1339.7266
1627957409.1173 1340.2422
1627957409.2175 1340.2422
1627957409.3177 1340.4102
1627957409.4182 1341.9570
1627957409.5181 1341.9570
1627957409.6182 1342.7578
1627957409.7185 1342.7578
1627957409.8186 1343.4609
1627957409.9188 1343.4609
1627957410.0190 1343.4609
1627957410.1224 1343.6680
1627957410.2194 1344.1836
1627957410.3196 1344.6992
1627957410.4199 1345.2148
1627957410.5200 1345.4727
1627957410.6202 1345.5273
1627957410.7204 1346.0430
1627957410.8206 1346.5586
1627957410.9208 1347.0742
1627957411.0210 1347.5898
1627957411.1211 1348.1055
1627957411.2214 1348.1055
1627957411.3226 1349.1914
1627957411.4217 1349.1914
1627957411.5219 1350.2891
1627957411.6223 1350.2891
1627957411.7229 1350.7617
1627957411.8225 1350.7617
1627957411.9227 1350.7617
1627957412.0229 1350.7617
1627957412.1236 1351.2227
1627957412.2233 1351.7383
1627957412.3235 1351.7383
1627957412.4237 1352.9062
1627957412.5247 1352.9062
1627957412.6241 1353.3516
1627957412.7243 1353.3516
1627957412.8244 1354.0664
1627957412.9246 1354.0664
1627957413.0248 1354.9531
1627957413.1252 1354.9531
1627957413.2252 1355.3906
1627957413.3254 1355.3906
1627957413.4257 1355.5625
1627957413.5258 1355.5625
1627957413.6262 1357.0547
1627957413.7264 1357.0547
1627957413.8264 1358.0586
1627957413.9266 1358.0586
1627957414.0268 1358.7695
1627957414.1270 1358.7695
1627957414.2271 1359.4805
1627957414.3274 1359.4805
1627957414.4275 1360.1836
1627957414.5277 1360.1836
1627957414.6280 1360.1836
1627957414.7281 1360.1836
1627957414.8283 1360.6406
1627957414.9287 1361.1562
1627957415.0287 1361.1562
1627957415.1289 1361.5117
1627957415.2291 1362.0273
1627957415.3293 1362.5430
1627957415.4295 1363.0586
1627957415.5297 1363.0586
1627957415.6299 1364.4336
1627957415.7300 1364.4336
1627957415.8302 1364.4336
1627957415.9305 1364.4336
1627957416.0306 1364.9102
1627957416.1308 1364.9102
1627957416.2310 1365.4258
1627957416.3313 1365.9414
1627957416.4314 1365.9414
1627957416.5316 1366.1250
1627957416.6318 1366.6406
1627957416.7321 1367.1562
1627957416.8322 1367.4141
1627957416.9324 1367.4141
1627957417.0326 1368.8047
1627957417.1328 1368.8047
1627957417.2330 1368.8047
1627957417.3332 1368.9688
1627957417.4333 1369.4844
1627957417.5358 1370.0000
1627957417.6366 1370.2578
1627957417.7339 1370.2578
1627957417.8341 1371.6758
1627957417.9343 1371.6758
1627957418.0345 1372.3672
1627957418.1347 1372.3672
1627957418.2367 1373.1562
1627957418.3351 1373.1562
1627957418.4353 1373.2500
1627957418.5355 1373.7656
1627957418.6357 1374.2812
1627957418.7358 1374.5391
1627957418.8360 1374.5547
1627957418.9363 1375.0703
1627957419.0364 1375.5859
1627957419.1366 1376.1016
1627957419.2368 1376.6172
1627957419.3370 1376.6172
1627957419.4372 1376.9844
1627957419.5406 1377.5000
1627957419.6376 1378.0156
1627957419.7379 1378.0156
1627957419.8380 1379.2578
1627957419.9382 1379.2578
1627957420.0386 1379.3281
1627957420.1409 1379.3281
1627957420.2388 1380.8320
1627957420.3393 1380.8320
1627957420.4392 1380.8320
1627957420.5394 1381.0664
1627957420.6395 1381.5820
1627957420.7398 1382.0977
1627957420.8399 1382.6133
1627957420.9408 1383.1289
1627957421.0403 1383.1289
1627957421.1405 1384.3516
1627957421.2408 1384.3516
1627957421.3426 1385.0742
1627957421.4412 1385.0742
1627957421.5440 1385.9141
1627957421.6415 1385.9141
1627957421.7440 1385.9141
1627957421.8419 1386.0156
1627957421.9460 1386.5312
1627957422.0423 1387.0469
1627957422.1425 1387.5625
1627957422.2426 1388.0781
1627957422.3446 1388.0781
1627957422.4431 1388.1680
1627957422.5432 1388.6836
1627957422.6434 1389.4570
1627957422.7446 1389.9727
1627957422.8440 1389.9727
1627957422.9440 1389.9727
1627957423.0442 1391.1133
1627957423.1449 1391.3125
1627957423.2446 1391.5703
1627957423.3447 1392.6016
1627957423.4450 1393.0859
1627957423.5468 1393.8594
1627957423.6453 1394.1289
1627957423.7455 1394.9023
1627957423.8457 1394.9023
1627957423.9467 1394.9023
1627957424.0461 1395.6406
1627957424.1463 1396.6719
1627957424.2465 1396.6719
1627957424.3467 1397.3320
1627957424.4469 1397.6055
1627957424.5471 1398.3789
1627957424.6473 1398.3789
1627957424.7475 1398.3789
1627957424.8477 1398.3789
1627957424.9486 1399.1445
1627957425.0481 1399.1445
1627957425.1485 1399.4023
1627957425.2485 1399.9180
1627957425.3486 1400.6914
1627957425.4488 1401.1641
1627957425.5490 1401.9375
1627957425.6492 1401.9375
1627957425.7496 1401.9375
1627957425.8496 1402.6211
1627957425.9498 1402.6211
1627957426.0500 1402.6211
1627957426.1512 1402.9766
1627957426.2504 1403.7500
1627957426.3510 1404.0039
1627957426.4508 1404.7773
1627957426.5510 1404.7773
1627957426.6512 1404.7773
1627957426.7527 1405.2930
1627957426.8515 1406.0664
1627957426.9517 1406.0664
1627957427.0520 1406.4453
1627957427.1521 1406.4453
1627957427.2523 1406.7031
1627957427.3535 1407.4766
1627957427.4530 1408.2500
1627957427.5529 1408.2500
1627957427.6531 1408.2500
1627957427.7534 1408.2500
1627957427.8535 1409.4102
1627957427.9537 1409.4102
1627957428.0539 1410.1406
1627957428.1541 1410.3984
1627957428.2542 1410.3984
1627957428.3545 1410.6562
1627957428.4547 1411.1719
1627957428.5548 1411.6875
1627957428.6551 1411.9453
1627957428.7561 1412.1836
1627957428.8554 1412.9570
1627957428.9556 1413.2031
1627957429.0558 1413.9766
1627957429.1560 1414.7500
1627957429.2562 1414.7500
1627957429.3564 1414.7500
1627957429.4566 1415.0234
1627957429.5568 1415.7969
1627957429.6570 1416.1758
1627957429.7571 1416.6914
1627957429.8574 1416.6914
1627957429.9576 1416.6914
1627957430.0580 1416.6914
1627957430.1579 1417.4336
1627957430.2581 1417.9492
1627957430.3583 1417.9492
1627957430.4585 1417.9492
1627957430.5587 1418.4570
1627957430.6589 1418.9727
1627957430.7591 1419.2305
1627957430.8593 1419.2305
1627957430.9595 1420.2617
1627957431.0597 1420.2617
1627957431.1599 1420.3477
1627957431.2601 1420.8633
1627957431.3603 1421.3789
1627957431.4605 1421.8945
1627957431.5608 1422.1523
1627957431.6608 1422.1523
1627957431.7610 1422.1523
1627957431.8612 1422.6680
1627957431.9614 1423.1836
1627957432.0616 1423.6992
1627957432.1618 1424.2148
1627957432.2651 1424.4727
1627957432.3622 1424.4727
1627957432.4625 1424.4727
1627957432.5627 1424.9883
1627957432.6628 1425.7617
1627957432.7630 1426.2773
1627957432.8632 1426.7930
1627957432.9634 1427.0508
1627957433.0636 1427.0508
1627957433.1637 1428.0820
1627957433.2642 1428.0820
1627957433.3641 1428.0820
1627957433.4643 1429.0078
1627957433.5645 1429.0078
1627957433.6647 1429.8594
1627957433.7650 1429.8594
1627957433.8654 1430.9375
1627957433.9686 1430.9375
1627957434.0697 1430.9375
1627957434.1657 1431.3438
1627957434.2690 1431.8594
1627957434.3661 1431.8594
1627957434.4663 1432.0625
1627957434.5665 1432.0625
1627957434.6718 1433.6094
1627957434.7668 1433.7852
1627957434.8671 1434.5586
1627957434.9672 1434.5586
1627957435.0674 1434.5586
1627957435.1676 1435.7305
1627957435.2678 1435.7305
1627957435.3686 1436.2188
1627957435.4683 1436.2188
1627957435.5684 1436.2188
1627957435.6686 1436.5508
1627957435.7688 1437.3242
1627957435.8700 1437.5820
1627957435.9693 1437.5820
1627957436.0694 1437.6992
1627957436.1697 1438.2148
1627957436.2702 1438.7305
1627957436.3700 1438.7305
1627957436.4709 1438.7305
1627957436.5703 1439.2461
1627957436.6705 1439.7617
1627957436.7708 1440.0195
1627957436.8711 1440.5352
1627957436.9711 1440.7930
1627957437.0715 1440.7930
1627957437.1715 1441.8945
1627957437.2717 1441.8945
1627957437.3719 1441.8945
1627957437.4721 1441.8945
1627957437.5726 1442.5234
1627957437.6725 1442.7812
1627957437.7726 1442.7812
1627957437.8729 1444.0703
1627957437.9731 1444.0703
1627957438.0750 1444.0703
1627957438.1737 1444.0781
1627957438.2736 1444.5938
1627957438.3739 1445.1094
1627957438.4740 1445.1094
1627957438.5743 1445.6250
1627957438.6747 1446.1406
1627957438.7746 1446.6562
1627957438.8748 1446.9141
1627957438.9750 1446.9141
1627957439.0752 1447.9453
1627957439.1754 1447.9453
1627957439.2755 1448.8203
1627957439.3758 1448.8203
1627957439.4769 1449.4531
1627957439.5761 1449.4531
1627957439.6770 1449.4531
1627957439.7766 1449.6133
1627957439.8767 1450.1289
1627957439.9770 1450.6445
1627957440.0771 1450.6445
1627957440.1773 1451.6758
1627957440.2776 1451.6758
1627957440.3777 1451.6758
1627957440.4779 1451.9258
1627957440.5781 1452.4414
1627957440.6783 1452.9570
1627957440.7785 1452.9570
1627957440.8787 1453.7734
1627957440.9789 1453.7734
1627957441.0791 1454.7227
1627957441.1794 1454.7227
1627957441.2796 1455.6641
1627957441.3796 1455.6641
1627957441.4798 1456.3398
1627957441.5800 1456.3398
1627957441.6802 1457.0703
1627957441.7804 1457.0703
1627957441.8806 1457.7031
1627957441.9808 1457.7031
1627957442.0810 1458.3477
1627957442.1812 1458.3477
1627957442.2814 1459.0469
1627957442.3816 1459.0469
1627957442.4818 1459.0469
1627957442.5820 1459.0469
1627957442.6822 1459.4297
1627957442.7824 1459.4297
1627957442.8825 1459.4297
1627957442.9828 1459.9453
1627957443.0829 1460.4609
1627957443.1832 1460.9766
1627957443.2833 1461.4922
1627957443.3835 1461.4922
1627957443.4838 1461.7500
1627957443.5839 1462.2656
1627957443.6841 1462.7812
1627957443.7843 1462.7812
1627957443.8845 1463.8125
1627957443.9847 1463.8125
1627957444.0849 1464.8320
1627957444.1851 1464.8320
1627957444.2853 1464.8320
1627957444.3854 1464.9102
1627957444.4857 1465.4258
1627957444.5859 1465.9414
1627957444.6860 1465.9414
1627957444.7862 1466.1992
1627957444.8866 1466.7148
1627957444.9867 1467.2305
1627957445.0868 1467.7461
1627957445.1870 1468.2617
1627957445.2872 1468.7773
1627957445.3874 1469.0352
1627957445.4876 1469.0352
1627957445.5878 1469.8086
1627957445.6880 1469.8086
1627957445.7882 1469.8086
1627957445.8884 1470.0391
1627957445.9886 1470.5547
1627957446.0888 1471.0703
1627957446.1889 1471.5859
1627957446.2891 1472.1016
1627957446.3893 1472.6172
1627957446.4895 1472.6172
1627957446.5899 1473.9062
1627957446.6899 1473.9062
1627957446.7902 1474.4922
1627957446.8903 1474.4922
1627957446.9905 1475.5781
1627957447.0907 1475.5781
1627957447.1909 1475.9922
1627957447.2912 1475.9922
1627957447.3920 1477.1211
1627957447.4916 1477.1211
1627957447.5917 1478.0195
1627957447.6921 1478.0195
1627957447.7926 1478.4688
1627957447.8924 1478.4688
1627957447.9929 1479.5078
1627957448.0927 1479.5078
1627957448.1929 1479.5078
1627957448.2934 1479.5078
1627957448.3933 1479.9766
1627957448.4934 1480.4922
1627957448.5962 1480.4922
1627957448.6938 1481.8555
1627957448.7940 1481.8555
1627957448.8942 1482.6719
1627957448.9944 1482.6719
1627957449.0946 1482.6719
1627957449.1948 1482.7812
1627957449.2950 1483.2969
1627957449.3953 1483.8125
1627957449.4953 1483.8125
1627957449.5955 1484.9844
1627957449.6957 1484.9844
1627957449.7959 1485.4727
1627957449.8961 1485.4727
1627957449.9963 1485.4727
1627957450.0965 1485.5234
1627957450.1985 1486.0391
1627957450.2970 1486.5547
1627957450.3971 1486.5547
1627957450.4973 1486.6250
1627957450.5975 1487.1406
1627957450.6977 1487.1406
1627957450.7979 1488.1719
1627957450.8981 1488.1719
1627957450.9983 1488.1875
1627957451.0984 1488.7031
1627957451.2056 1489.2188
1627957451.2989 1489.7344
1627957451.3994 1489.9922
1627957451.4992 1489.9922
1627957451.5994 1490.3438
1627957451.6996 1490.8594
1627957451.7998 1491.3750
1627957451.9000 1491.3750
1627957452.0003 1492.7734
1627957452.1004 1492.7734
1627957452.2008 1492.7734
1627957452.3008 1492.9570
1627957452.4010 1493.4727
1627957452.5012 1493.9883
1627957452.6014 1494.2461
1627957452.7016 1494.7617
1627957452.8017 1495.2773
1627957452.9020 1495.2773
1627957453.0021 1496.6016
1627957453.1024 1496.6016
1627957453.2026 1497.2969
1627957453.3027 1497.2969
1627957453.4030 1497.2969
1627957453.5031 1498.6289
1627957453.6033 1498.6289
1627957453.7035 1498.6289
1627957453.8037 1498.7461
1627957453.9039 1499.5195
1627957454.0041 1499.7773
1627957454.1044 1500.2930
1627957454.2046 1500.8086
1627957454.3047 1500.8086
1627957454.4049 1501.0430
1627957454.5051 1501.5586
1627957454.6055 1502.0742
1627957454.7054 1502.5898
1627957454.8057 1502.5898
1627957454.9058 1502.7656
1627957455.0060 1502.7656
1627957455.1062 1503.7695
1627957455.2064 1503.7695
1627957455.3067 1504.5312
1627957455.4071 1504.5312
1627957455.5070 1505.5586
1627957455.6072 1505.5586
1627957455.7074 1505.5586
1627957455.8076 1506.7812
1627957455.9078 1506.7812
1627957456.0080 1506.7812
1627957456.1082 1507.2695
1627957456.2084 1507.7852
1627957456.3085 1508.3008
1627957456.4088 1508.8164
1627957456.5089 1508.8164
1627957456.6091 1510.0352
1627957456.7094 1510.0352
1627957456.8095 1510.0352
1627957456.9097 1511.2773
1627957457.0099 1511.2773
1627957457.1101 1512.1016
1627957457.2103 1512.1016
1627957457.3105 1512.8789
1627957457.4107 1512.8789
1627957457.5109 1512.8789
1627957457.6111 1513.0781
1627957457.7113 1513.5938
1627957457.8118 1514.1094
1627957457.9117 1514.3672
1627957458.0118 1514.5664
1627957458.1121 1514.8242
1627957458.2127 1515.3398
1627957458.3125 1515.8555
1627957458.4126 1516.3711
1627957458.5129 1516.8867
1627957458.6132 1516.8867
1627957458.7132 1518.2461
1627957458.8137 1518.2461
1627957458.9136 1518.2461
1627957459.0138 1518.4297
1627957459.1140 1518.9453
1627957459.2142 1519.4609
1627957459.3144 1519.9766
1627957459.4146 1520.4922
1627957459.5148 1521.0078
1627957459.6149 1521.5234
1627957459.7152 1522.0391
1627957459.8154 1522.5547
1627957459.9155 1522.5547
1627957460.0157 1523.0703
1627957460.1159 1523.5859
1627957460.2161 1524.1016
1627957460.3168 1524.3594
1627957460.4165 1524.5000
1627957460.5189 1524.7578
1627957460.6169 1525.2734
1627957460.7193 1525.7891
1627957460.8173 1526.3047
1627957460.9177 1526.8203
1627957461.0177 1527.3359
1627957461.1186 1527.3359
1627957461.2181 1528.5898
1627957461.3212 1528.5898
1627957461.4185 1529.2930
1627957461.5186 1529.2930
1627957461.6189 1530.3047
1627957461.7191 1530.3047
1627957461.8192 1531.3516
1627957461.9255 1531.8672
1627957462.0196 1531.8672
1627957462.1206 1531.8672
1627957462.2200 1532.9453
1627957462.3202 1532.9453
1627957462.4207 1534.6172
1627957462.5206 1534.6172
1627957462.6208 1534.6172
1627957462.7217 1536.1641
1627957462.8212 1536.1641
1627957462.9214 1536.1641
1627957463.0216 1537.1016
1627957463.1219 1537.1016
1627957463.2219 1537.2188
1627957463.3224 1537.7344
1627957463.4223 1538.2500
1627957463.5269 1538.5078
1627957463.6227 1539.0234
1627957463.7247 1539.5391
1627957463.8231 1540.0547
1627957463.9239 1540.5703
1627957464.0236 1540.5703
1627957464.1237 1542.0078
1627957464.2270 1542.0078
1627957464.3241 1542.0078
1627957464.4247 1542.1914
1627957464.5257 1542.7070
1627957464.6247 1544.2539
1627957464.7288 1544.2539
1627957464.8251 1545.1484
1627957464.9253 1545.1484
1627957465.0254 1545.3516
1627957465.1256 1545.8672
1627957465.2258 1546.3828
1627957465.3260 1546.8984
1627957465.4262 1547.4141
1627957465.5264 1547.4141
1627957465.6266 1548.8398
1627957465.7268 1548.8398
1627957465.8270 1549.2812
1627957465.9272 1549.2812
1627957466.0274 1549.2812
1627957466.1276 1549.6211
1627957466.2278 1550.1367
1627957466.3280 1550.6523
1627957466.4282 1551.1680
1627957466.5285 1551.6836
1627957466.6286 1553.2305
1627957466.7288 1553.2305
1627957466.8290 1553.2305
1627957466.9291 1553.2539
1627957467.0293 1553.7695
1627957467.1304 1554.2852
1627957467.2297 1554.8008
1627957467.3299 1555.3164
1627957467.4301 1555.8320
1627957467.5303 1555.8320
1627957467.6305 1556.2383
1627957467.7317 1556.7539
1627957467.8309 1557.0117
1627957467.9311 1557.5273
1627957468.0313 1558.0430
1627957468.1315 1558.5586
1627957468.2317 1558.5586
1627957468.3325 1558.7969
1627957468.4321 1560.3438
1627957468.5323 1560.3438
1627957468.6324 1561.1211
1627957468.7327 1561.1211
1627957468.8329 1561.1211
1627957468.9331 1561.5859
1627957469.0332 1562.1016
1627957469.1335 1562.6172
1627957469.2336 1562.8750
1627957469.3341 1562.8750
1627957469.4340 1563.1992
1627957469.5342 1563.7148
1627957469.6344 1564.2305
1627957469.7347 1564.7461
1627957469.8348 1565.2617
1627957469.9350 1565.2617
1627957470.0352 1565.3750
1627957470.1355 1565.8906
1627957470.2355 1566.4062
1627957470.3361 1566.9219
1627957470.4359 1566.9766
1627957470.5361 1567.4922
1627957470.6363 1568.0078
1627957470.7367 1568.5234
1627957470.8367 1568.5234
1627957470.9373 1569.6797
1627957471.0371 1569.6797
1627957471.1373 1570.4922
1627957471.2375 1570.4922
1627957471.3377 1571.1406
1627957471.4379 1571.1406
1627957471.5389 1571.1406
1627957471.6383 1571.1406
1627957471.7386 1571.5312
1627957471.8387 1572.0469
1627957471.9389 1572.5625
1627957472.0391 1572.8203
1627957472.1401 1573.3359
1627957472.2394 1573.3359
1627957472.3397 1574.5117
1627957472.4398 1574.5117
1627957472.5400 1575.1094
1627957472.6402 1575.1094
1627957472.7404 1575.1094
1627957472.8408 1575.4414
1627957472.9408 1576.2148
1627957473.0410 1576.2148
1627957473.1412 1576.3594
1627957473.2414 1576.8750
1627957473.3416 1577.6484
1627957473.4418 1577.9062
1627957473.5420 1578.4219
1627957473.6422 1578.9375
1627957473.7424 1578.9375
1627957473.8425 1580.1094
1627957473.9427 1580.1094
1627957474.0438 1580.7422
1627957474.1431 1580.7422
1627957474.2435 1580.7422
1627957474.3446 1581.0703
1627957474.4445 1581.5859
1627957474.5440 1582.1016
1627957474.6441 1582.1016
1627957474.7444 1583.2852
1627957474.8445 1583.2852
1627957474.9447 1584.1562
1627957475.0451 1584.1562
1627957475.1451 1584.1562
1627957475.2453 1584.3555
1627957475.3455 1584.8711
1627957475.4457 1585.1289
1627957475.5458 1585.1289
1627957475.6466 1586.3203
1627957475.7463 1586.3203
1627957475.8465 1586.3203
1627957475.9474 1586.6758
1627957476.0468 1587.1914
1627957476.1470 1587.1914
1627957476.2472 1588.2227
1627957476.3474 1588.2227
1627957476.4476 1588.7070
1627957476.5478 1588.7070
1627957476.6480 1588.7070
1627957476.7482 1589.2734
1627957476.8484 1589.2734
1627957476.9486 1589.7891
1627957477.0501 1589.7891
1627957477.1490 1590.1133
1627957477.2492 1590.6289
1627957477.3494 1591.1445
1627957477.4500 1591.1680
1627957477.5498 1592.7148
1627957477.6502 1592.7148
1627957477.7501 1592.7148
1627957477.8505 1592.7148
1627957477.9505 1593.4219
1627957478.0507 1593.4219
1627957478.1509 1593.4219
1627957478.2511 1593.4883
1627957478.3513 1594.0039
1627957478.4517 1594.0039
1627957478.5517 1595.0352
1627957478.6520 1595.0352
1627957478.7521 1595.8320
1627957478.8525 1595.8320
1627957478.9525 1595.8320
1627957479.0527 1595.9258
1627957479.1529 1596.1836
1627957479.2533 1596.6992
1627957479.3532 1597.2148
1627957479.4535 1597.7305
1627957479.5536 1597.7305
1627957479.6538 1598.4258
1627957479.7540 1598.4258
1627957479.8547 1598.4258
1627957479.9544 1598.7422
1627957480.0560 1598.7422
1627957480.1549 1599.2578
1627957480.2550 1599.4844
1627957480.3552 1599.4844
1627957480.4554 1600.0000
1627957480.5557 1600.7734
1627957480.6558 1601.2891
1627957480.7560 1601.5469
1627957480.8562 1601.5469
1627957480.9564 1601.8047
1627957481.0566 1602.3203
1627957481.1568 1602.8359
1627957481.2570 1603.0938
1627957481.3571 1603.6094
1627957481.4578 1603.6094
1627957481.5575 1604.1250
1627957481.6577 1604.3828
1627957481.7579 1604.3828
1627957481.8581 1604.4844
1627957481.9583 1605.2578
1627957482.0585 1605.2578
1627957482.1587 1605.7734
1627957482.2589 1605.8555
1627957482.3606 1605.8555
1627957482.4593 1606.6289
1627957482.5595 1607.1445
1627957482.6597 1607.6602
1627957482.7599 1607.9180
1627957482.8601 1607.9180
1627957482.9603 1608.9336
1627957483.0605 1608.9336
1627957483.1607 1608.9336
1627957483.2609 1609.0234
1627957483.3610 1609.2812
1627957483.4612 1609.4102
1627957483.5614 1609.6680
1627957483.6616 1611.2148
1627957483.7618 1611.2148
1627957483.8620 1611.9102
1627957483.9622 1611.9102
1627957484.0624 1611.9102
1627957484.1626 1611.9102
1627957484.2628 1612.5586
1627957484.3630 1612.5586
1627957484.4632 1613.3320
1627957484.5634 1613.3320
1627957484.6636 1613.3320
1627957484.7637 1613.3398
1627957484.8639 1613.8555
1627957484.9641 1614.6289
1627957485.0645 1614.6289
1627957485.1660 1614.6289
1627957485.2647 1615.8125
1627957485.3650 1615.8125
1627957485.4651 1615.8125
1627957485.5671 1615.9023
1627957485.6655 1616.0508
1627957485.7660 1616.3086
1627957485.8659 1616.8242
1627957485.9662 1617.3398
1627957486.0663 1617.8555
1627957486.1665 1618.1133
1627957486.2667 1618.1133
1627957486.3668 1618.1602
1627957486.4671 1618.6758
1627957486.5696 1619.1914
1627957486.6674 1619.1914
1627957486.7682 1620.5469
1627957486.8678 1620.5469
1627957486.9689 1620.5469
1627957487.0683 1620.8555
1627957487.1684 1621.3711
1627957487.2686 1621.8867
1627957487.3691 1621.8867
1627957487.4690 1622.8555
1627957487.5693 1622.8555
1627957487.6694 1623.6953
1627957487.7702 1623.6953
1627957487.8698 1623.6953
1627957487.9700 1623.6953
1627957488.0702 1624.1016
1627957488.1704 1624.6172
1627957488.2706 1624.6172
1627957488.3707 1624.7773
1627957488.4709 1625.2930
1627957488.5712 1625.8086
1627957488.6713 1626.3242
1627957488.7719 1626.3242
1627957488.8717 1627.6523
1627957488.9728 1627.6523
1627957489.0721 1627.6523
1627957489.1725 1627.8477
1627957489.2725 1628.3633
1627957489.3730 1628.6211
1627957489.4729 1628.6211
1627957489.5742 1629.7773
1627957489.6733 1629.7773
1627957489.7736 1630.8906
1627957489.8750 1630.8906
1627957489.9750 1630.8906
1627957490.0742 1631.0039
1627957490.1750 1631.5195
1627957490.2745 1631.7773
1627957490.3751 1631.7773
1627957490.4762 1631.7773
1627957490.5752 1632.2070
1627957490.6752 1632.7227
1627957490.7754 1632.7227
1627957490.8756 1633.8047
1627957490.9758 1633.8047
1627957491.0760 1633.8047
1627957491.1762 1634.2227
1627957491.2765 1634.7383
1627957491.3769 1635.2539
1627957491.4768 1635.5117
1627957491.5792 1635.5117
1627957491.6772 1635.6992
1627957491.7774 1636.2148
1627957491.8776 1636.7305
1627957491.9778 1637.2461
1627957492.0779 1637.2461
1627957492.1782 1638.0586
1627957492.2784 1638.0586
1627957492.3786 1638.9336
1627957492.4788 1638.9336
1627957492.5789 1639.4414
1627957492.6791 1639.4414
1627957492.7793 1640.0859
1627957492.8796 1640.0859
1627957492.9806 1640.6680
1627957493.0806 1640.6680
1627957493.1817 1641.2930
1627957493.2804 1641.2930
1627957493.3805 1641.9688
1627957493.4807 1641.9688
1627957493.5809 1642.5938
1627957493.6811 1642.5938
1627957493.7813 1643.1211
1627957493.8815 1643.1211
1627957493.9816 1643.8750
1627957494.0819 1643.8750
1627957494.1820 1643.8750
1627957494.2822 1644.0078
1627957494.3824 1644.5234
1627957494.4826 1645.0391
1627957494.5828 1645.2969
1627957494.6830 1645.2969
1627957494.7832 1645.4492
1627957494.8834 1645.9648
1627957494.9836 1646.4805
1627957495.0838 1646.9961
1627957495.1840 1647.5117
1627957495.2842 1647.5117
1627957495.3844 1648.5508
1627957495.4846 1648.5508
1627957495.5848 1648.5508
1627957495.6850 1648.9062
1627957495.7853 1649.4219
1627957495.8854 1649.9375
1627957495.9856 1650.4531
1627957496.0858 1650.4531
1627957496.1859 1651.5312
1627957496.2861 1651.5312
1627957496.3863 1652.5625
1627957496.4865 1652.5625
1627957496.5867 1652.5625
1627957496.6869 1652.8555
1627957496.7871 1653.3711
1627957496.8873 1653.8867
1627957496.9875 1654.4023
1627957497.0877 1654.9180
1627957497.1879 1654.9180
1627957497.2881 1655.9336
1627957497.3883 1655.9336
1627957497.4885 1655.9336
1627957497.5887 1656.2383
1627957497.6889 1656.7539
1627957497.7891 1657.2695
1627957497.8908 1657.2695
1627957497.9894 1657.7070
1627957498.0897 1658.2227
1627957498.1898 1658.7383
1627957498.2942 1658.9961
1627957498.3903 1658.9961
1627957498.4904 1659.0742
1627957498.5906 1659.5898
1627957498.6908 1660.1055
1627957498.7910 1660.6211
1627957498.8912 1660.7305
1627957498.9914 1661.7617
1627957499.0922 1661.7617
1627957499.1918 1661.7617
1627957499.2924 1662.5938
1627957499.3922 1662.5938
1627957499.4927 1663.4531
1627957499.5926 1663.4531
1627957499.6931 1664.2812
1627957499.7929 1664.2812
1627957499.8932 1664.2812
1627957499.9933 1664.4414
1627957500.0936 1664.9570
1627957500.1937 1665.4727
1627957500.2939 1665.4727
1627957500.3941 1665.4727
1627957500.4948 1666.1953
1627957500.5945 1666.1953
1627957500.6948 1666.9688
1627957500.7949 1667.4844
1627957500.8951 1667.4844
1627957500.9953 1667.4844
1627957501.0957 1668.0000
1627957501.1957 1668.5156
1627957501.2967 1668.5156
1627957501.3961 1669.2891
1627957501.4963 1669.2891
1627957501.5965 1669.2891
1627957501.6968 1670.3398
1627957501.7969 1670.3398
1627957501.8970 1670.8633
1627957501.9973 1670.8633
1627957502.0983 1670.8633
1627957502.1976 1670.8906
1627957502.2978 1671.4062
1627957502.3980 1671.9219
1627957502.4986 1671.9219
1627957502.5984 1672.0312
1627957502.6990 1672.0312
1627957502.7988 1673.8359
1627957502.8990 1673.8359
1627957502.9992 1674.4570
1627957503.0994 1674.4570
1627957503.1996 1674.4570
1627957503.3046 1674.4570
1627957503.4000 1674.7812
1627957503.5002 1675.2969
1627957503.6004 1675.4141
1627957503.7006 1675.4141
1627957503.8009 1676.2656
1627957503.9009 1677.0391
1627957504.0012 1677.8125
1627957504.1013 1677.8125
1627957504.2015 1677.8125
1627957504.3017 1677.9492
1627957504.4020 1678.7227
1627957504.5021 1678.7227
1627957504.6038 1679.2383
1627957504.7025 1679.4961
1627957504.8027 1680.0117
1627957504.9029 1680.7852
1627957505.0032 1680.7852
1627957505.1035 1682.0742
1627957505.2035 1682.0742
1627957505.3037 1682.0742
1627957505.4048 1682.2734
1627957505.5042 1683.0469
1627957505.6043 1683.0469
1627957505.7045 1684.1328
1627957505.8046 1684.1328
1627957505.9053 1684.3984
1627957506.0050 1685.1719
1627957506.1056 1685.1719
1627957506.2054 1685.7852
1627957506.3056 1685.7852
1627957506.4058 1686.8242
1627957506.5060 1686.8242
1627957506.6062 1687.0898
1627957506.7064 1687.0898
1627957506.8066 1687.3477
1627957506.9068 1687.6055
1627957507.0071 1688.3789
1627957507.1072 1688.3789
1627957507.2074 1689.4414
1627957507.3120 1689.4414
1627957507.4078 1689.8320
1627957507.5088 1690.6055
1627957507.6081 1690.8945
1627957507.7084 1691.6680
1627957507.8086 1691.9297
1627957507.9088 1692.7031
1627957508.0089 1692.9688
1627957508.1091 1693.7422
1627957508.2094 1694.0039
1627957508.3095 1694.7773
1627957508.4098 1694.7773
1627957508.5099 1695.5078
1627957508.6101 1695.5078
1627957508.7107 1695.5078
1627957508.8106 1695.5078
1627957508.9107 1696.0117
1627957509.0109 1696.7852
1627957509.1111 1697.0703
1627957509.2118 1697.8438
1627957509.3115 1697.8438
1627957509.4117 1698.0703
1627957509.5120 1698.8438
1627957509.6120 1699.3633
1627957509.7122 1699.3633
1627957509.8125 1699.3867
1627957509.9126 1700.1602
1627957510.0128 1700.1602
1627957510.1130 1701.1914
1627957510.2133 1701.9648
1627957510.3135 1701.9648
1627957510.4137 1702.1016
1627957510.5138 1702.3594
1627957510.6141 1703.3906
1627957510.7142 1703.3906
1627957510.8144 1703.6484
1627957510.9146 1703.6602
1627957511.0148 1704.4336
1627957511.1150 1705.2070
1627957511.2152 1705.6172
1627957511.3154 1706.3906
1627957511.4156 1706.3906
1627957511.5157 1706.3906
1627957511.6160 1707.4805
1627957511.7161 1707.4805
1627957511.8164 1707.4805
1627957511.9165 1708.5078
1627957512.0191 1708.5078
1627957512.1169 1708.7656
1627957512.2205 1709.0469
1627957512.3173 1709.8203
1627957512.4175 1709.8203
1627957512.5177 1710.5938
1627957512.6180 1711.1094
1627957512.7181 1711.4648
1627957512.8183 1712.2383
1627957512.9185 1712.4961
1627957513.0230 1713.2695
1627957513.1189 1713.2695
1627957513.2195 1713.2695
1627957513.3193 1713.5273
1627957513.4194 1714.3008
1627957513.5197 1714.8203
1627957513.6199 1715.5938
1627957513.7202 1715.5938
1627957513.8203 1715.5938
1627957513.9204 1715.5938
1627957514.0206 1715.8789
1627957514.1208 1716.1367
1627957514.2210 1716.9102
1627957514.3212 1717.1680
1627957514.4225 1717.1680
1627957514.5216 1717.6836
1627957514.6221 1718.1992
1627957514.7220 1718.1992
1627957514.8223 1719.2305
1627957514.9224 1719.2305
1627957515.0226 1719.4883
1627957515.1228 1719.7461
1627957515.2246 1720.2617
1627957515.3232 1720.7773
1627957515.4241 1721.0352
1627957515.5236 1721.3789
1627957515.6237 1721.6367
1627957515.7239 1722.4102
1627957515.8241 1722.4102
1627957515.9243 1722.6680
1627957516.0248 1722.9258
1627957516.1248 1723.1836
1627957516.2250 1723.9570
1627957516.3251 1723.9570
1627957516.4260 1724.4727
1627957516.5255 1724.7305
1627957516.6257 1724.9883
1627957516.7259 1725.2461
1627957516.8269 1726.2773
1627957516.9263 1726.2773
1627957517.0315 1727.2539
1627957517.1267 1727.2539
1627957517.2269 1727.2539
1627957517.3271 1728.5430
1627957517.4273 1728.5430
1627957517.5275 1728.5430
1627957517.6281 1728.5430
1627957517.7278 1728.5430
1627957517.8290 1729.3398
1627957517.9283 1729.3398
1627957518.0284 1729.5977
1627957518.1287 1729.5977
1627957518.2288 1730.1133
1627957518.3290 1730.6289
1627957518.4292 1730.6289
1627957518.5294 1732.1758
1627957518.6319 1732.1758
1627957518.7301 1732.8984
1627957518.8300 1732.8984
1627957518.9302 1733.4531
1627957519.0310 1733.4531
1627957519.1360 1734.1562
1627957519.2328 1734.1562
1627957519.3310 1734.8008
1627957519.4315 1734.8008
1627957519.5313 1734.8008
1627957519.6326 1734.9336
1627957519.7318 1735.4492
1627957519.8324 1735.9648
1627957519.9332 1736.4805
1627957520.0343 1736.4805
1627957520.1325 1736.4805
1627957520.2352 1736.4805
1627957520.3329 1738.0273
1627957520.4331 1738.0273
1627957520.5333 1738.4922
1627957520.6335 1738.4922
1627957520.7337 1739.0703
1627957520.8344 1739.0703
1627957520.9341 1739.0703
1627957521.0343 1739.0703
1627957521.1345 1739.5742
1627957521.2347 1739.8320
1627957521.3348 1740.3477
1627957521.4351 1740.8633
1627957521.5354 1740.8633
1627957521.6354 1740.8633
1627957521.7356 1741.3711
1627957521.8359 1741.8867
1627957521.9361 1741.8867
1627957522.0362 1742.6602
1627957522.1364 1742.6602
1627957522.2366 1743.6094
1627957522.3368 1743.6094
1627957522.4370 1744.3828
1627957522.5372 1744.3828
1627957522.6376 1744.3828
1627957522.7376 1744.3945
1627957522.8378 1744.9102
1627957522.9380 1744.9102
1627957523.0382 1745.4258
1627957523.1384 1745.6836
1627957523.2386 1746.1992
1627957523.3388 1746.1992
1627957523.4390 1746.1992
1627957523.5391 1746.3711
1627957523.6393 1746.8867
1627957523.7396 1747.4023
1627957523.8398 1747.4023
1627957523.9399 1747.5898
1627957524.0401 1747.5898
1627957524.1403 1748.1055
1627957524.2406 1748.6211
1627957524.3407 1749.1367
1627957524.4416 1749.6523
1627957524.5411 1749.6523
1627957524.6413 1749.6523
1627957524.7415 1750.0000
1627957524.8417 1750.5156
1627957524.9419 1751.0312
1627957525.0421 1751.0312
1627957525.1423 1751.5469
1627957525.2425 1752.0625
1627957525.3427 1752.0625
1627957525.4428 1752.0625
1627957525.5431 1752.5391
1627957525.6432 1753.0547
1627957525.7434 1753.0547
1627957525.8436 1754.1445
1627957525.9438 1754.1445
1627957526.0440 1754.1445
1627957526.1486 1754.2891
1627957526.2444 1754.8047
1627957526.3456 1754.8047
1627957526.4448 1755.8945
1627957526.5450 1755.8945
1627957526.6452 1755.8945
1627957526.7454 1755.9922
1627957526.8456 1755.9922
1627957526.9460 1756.2148
1627957527.0460 1756.7305
1627957527.1462 1756.7305
1627957527.2464 1757.2461
1627957527.3466 1757.2461
1627957527.4468 1757.2461
1627957527.5513 1758.7422
1627957527.6471 1758.7422
1627957527.7475 1758.7422
1627957527.8475 1758.7695
1627957527.9477 1759.2852
1627957528.0480 1760.0586
1627957528.1482 1760.3164
1627957528.2484 1760.3164
1627957528.3485 1760.3164
1627957528.4487 1760.7461
1627957528.5490 1761.2617
1627957528.6491 1761.2617
1627957528.7494 1761.3672
1627957528.8495 1762.1406
1627957528.9501 1762.6562
1627957529.0499 1763.1719
1627957529.1512 1763.4297
1627957529.2503 1763.4297
1627957529.3505 1764.9219
1627957529.4507 1764.9219
1627957529.5510 1764.9219
1627957529.6511 1765.0625
1627957529.7512 1765.5781
1627957529.8515 1766.0977
1627957529.9517 1766.8711
1627957530.0520 1766.8711
1627957530.1520 1767.9414
1627957530.2522 1767.9414
1627957530.3574 1767.9414
1627957530.4526 1767.9688
1627957530.5539 1768.4844
1627957530.6532 1769.2578
1627957530.7532 1769.7734
1627957530.8534 1770.0312
1627957530.9536 1770.0312
1627957531.0538 1771.4219
1627957531.1542 1771.4219
1627957531.2542 1772.1680
1627957531.3544 1772.1680
1627957531.4546 1772.1680
1627957531.5552 1772.3555
1627957531.6550 1772.8711
1627957531.7552 1772.8711
1627957531.8553 1774.3281
1627957531.9565 1774.3281
1627957532.0558 1774.3281
1627957532.1559 1774.5703
1627957532.2561 1775.0859
1627957532.3599 1775.0859
1627957532.4565 1775.0859
1627957532.5568 1775.7656
1627957532.6575 1776.2812
1627957532.7571 1776.2812
1627957532.8578 1776.7969
1627957532.9575 1777.0547
1627957533.0577 1777.0547
1627957533.1579 1777.8789
1627957533.2581 1777.8789
1627957533.3583 1778.6875
1627957533.4624 1778.6875
1627957533.5606 1779.4727
1627957533.6589 1779.4727
1627957533.7591 1780.0469
1627957533.8592 1780.0469
1627957533.9594 1780.0469
1627957534.0597 1780.1172
1627957534.1598 1780.6328
1627957534.2600 1781.1484
1627957534.3602 1781.1484
1627957534.4604 1781.1484
1627957534.5606 1782.6953
1627957534.6609 1782.6953
1627957534.7610 1782.6953
1627957534.8612 1782.6953
1627957534.9614 1782.7148
1627957535.0616 1782.7148
1627957535.1618 1783.2305
1627957535.2620 1783.7461
1627957535.3622 1784.2617
1627957535.4624 1784.2617
1627957535.5626 1785.0430
1627957535.6628 1785.0430
1627957535.7629 1785.0430
1627957535.8631 1785.0781
1627957535.9635 1785.2461
1627957536.0637 1785.2461
1627957536.1638 1785.7617
1627957536.2639 1786.2773
1627957536.3641 1786.7930
1627957536.4647 1786.7930
1627957536.5645 1787.8242
1627957536.6650 1787.8242
1627957536.7649 1787.8242
1627957536.8651 1787.8242
1627957536.9653 1788.3320
1627957537.0662 1788.5898
1627957537.1657 1789.1055
1627957537.2686 1789.3633
1627957537.3661 1789.3633
1627957537.4663 1790.4141
1627957537.5665 1790.4141
1627957537.6667 1791.1562
1627957537.7669 1791.1562
1627957537.8671 1791.8320
1627957537.9673 1791.8320
1627957538.0675 1792.4648
1627957538.1677 1792.4648
1627957538.2679 1793.0586
1627957538.3681 1793.0586
1627957538.4687 1793.0586
1627957538.5684 1793.1406
1627957538.6692 1793.6562
1627957538.7688 1793.9141
1627957538.8690 1793.9141
1627957538.9692 1793.9922
1627957539.0694 1794.7656
1627957539.1696 1795.2812
1627957539.2699 1795.2812
1627957539.3700 1796.6484
1627957539.4702 1796.6484
1627957539.5704 1797.2305
1627957539.6706 1797.2305
1627957539.7708 1797.2305
1627957539.8710 1797.3125
1627957539.9722 1797.8281
1627957540.0716 1797.8281
1627957540.1717 1797.9102
1627957540.2717 1798.4258
1627957540.3720 1798.9414
1627957540.4722 1798.9414
1627957540.5723 1800.3047
1627957540.6725 1800.3047
1627957540.7729 1800.3047
1627957540.8740 1800.3047
1627957540.9731 1800.4258
1627957541.0741 1800.9414
1627957541.1735 1801.1992
1627957541.2737 1801.1992
1627957541.3739 1802.4766
1627957541.4741 1802.4766
1627957541.5743 1802.4766
1627957541.6745 1802.5586
1627957541.7753 1802.6094
1627957541.8772 1802.6094
1627957541.9751 1804.1562
1627957542.0752 1804.1562
1627957542.1755 1804.1562
1627957542.2756 1804.1562
1627957542.3759 1804.7812
1627957542.4767 1804.7812
1627957542.5762 1805.2969
1627957542.6767 1805.5547
1627957542.7766 1805.5547
1627957542.8768 1805.5547
1627957542.9770 1805.9375
1627957543.0772 1806.7109
1627957543.1774 1806.9688
1627957543.2776 1806.9688
1627957543.3778 1807.8164
1627957543.4780 1807.8164
1627957543.5782 1808.9219
1627957543.6784 1808.9219
1627957543.7786 1808.9219
1627957543.8788 1808.9219
1627957543.9790 1808.9219
1627957544.0792 1809.8945
1627957544.1794 1809.8945
1627957544.2795 1809.8945
1627957544.3801 1811.2031
1627957544.4800 1811.2031
1627957544.5801 1811.2031
1627957544.6805 1811.2031
1627957544.7805 1811.2031
1627957544.8807 1811.6211
1627957544.9809 1812.3945
1627957545.0811 1812.9102
1627957545.1813 1812.9102
1627957545.2816 1813.7930
1627957545.3817 1813.7930
1627957545.4819 1813.8203
1627957545.5821 1814.3359
1627957545.6834 1814.8516
1627957545.7825 1814.8516
1627957545.8827 1815.7344
1627957545.9829 1815.7344
1627957546.0831 1815.7344
1627957546.1833 1816.2422
1627957546.2834 1816.5000
1627957546.3837 1816.5938
1627957546.4838 1818.1406
1627957546.5840 1818.1406
1627957546.6843 1818.1406
1627957546.7847 1818.2852
1627957546.8846 1818.8008
1627957546.9848 1818.8008
1627957547.0850 1818.8008
1627957547.1852 1820.1016
1627957547.2854 1820.1016
1627957547.3865 1820.6875
1627957547.4858 1820.6875
1627957547.5860 1821.3242
1627957547.6862 1821.3242
1627957547.7864 1822.1602
1627957547.8866 1822.1602
1627957547.9868 1822.1602
1627957548.0870 1822.1602
1627957548.1872 1822.1602
1627957548.2874 1822.3711
1627957548.3876 1822.3711
1627957548.4878 1823.3906
1627957548.5884 1823.3906
1627957548.6882 1824.4531
1627957548.7884 1824.4531
1627957548.8885 1824.4531
1627957548.9887 1824.9531
1627957549.0889 1825.4688
1627957549.1891 1825.4688
1627957549.2893 1825.4688
1627957549.3895 1826.8125
1627957549.4897 1826.8125
1627957549.5900 1826.8125
1627957549.6902 1826.9375
1627957549.7926 1827.4531
1627957549.8906 1827.4531
1627957549.9907 1827.4531
1627957550.0910 1827.7109
1627957550.1915 1828.2266
1627957550.2915 1828.7422
1627957550.3915 1828.7422
1627957550.4917 1828.9023
1627957550.5919 1829.4180
1627957550.6922 1829.9336
1627957550.7923 1830.1914
1627957550.8924 1830.7070
1627957550.9928 1830.9648
1627957551.0928 1830.9648
1627957551.1930 1831.3633
1627957551.2932 1831.8789
1627957551.3934 1832.3945
1627957551.4937 1832.3945
1627957551.5938 1832.7930
1627957551.6940 1833.3086
1627957551.7942 1833.8242
1627957551.8944 1834.0820
1627957551.9946 1834.0820
1627957552.0948 1835.3281
1627957552.1950 1835.3281
1627957552.2952 1835.6602
1627957552.3954 1835.6602
1627957552.4956 1835.6602
1627957552.5958 1835.9570
1627957552.6960 1836.4727
1627957552.7962 1836.9883
1627957552.8963 1837.5039
1627957552.9965 1837.5039
1627957553.0968 1838.5273
1627957553.1969 1838.5273
1627957553.2971 1839.0664
1627957553.3974 1839.0664
1627957553.4975 1839.0664
1627957553.5979 1839.4336
1627957553.6980 1839.9492
1627957553.7981 1840.4648
1627957553.8983 1840.9805
1627957554.0002 1840.9805
1627957554.0987 1841.9727
1627957554.2006 1841.9727
1627957554.2991 1842.5117
1627957554.3993 1842.5117
1627957554.4995 1843.3242
1627957554.6006 1843.3242
1627957554.6999 1843.8945
1627957554.8001 1843.8945
1627957554.9003 1843.8945
1627957555.0006 1844.1641
1627957555.1006 1844.6797
1627957555.2009 1845.1953
1627957555.3011 1845.7109
1627957555.4012 1845.7109
1627957555.5015 1846.4648
1627957555.6018 1846.4648
1627957555.7018 1846.4648
1627957555.8020 1846.8164
1627957555.9022 1847.3320
1627957556.0024 1847.4180
1627957556.1026 1847.6758
1627957556.2037 1848.1914
1627957556.3030 1848.7070
1627957556.4032 1849.2227
1627957556.5034 1849.4805
1627957556.6036 1849.9961
1627957556.7038 1850.5117
1627957556.8041 1851.0273
1627957556.9042 1851.2852
1627957557.0045 1851.8008
1627957557.1046 1852.5742
1627957557.2053 1852.5742
1627957557.3050 1852.7891
1627957557.4053 1853.3047
1627957557.5054 1853.5625
1627957557.6055 1854.0781
1627957557.7058 1854.5938
1627957557.8059 1854.8516
1627957557.9061 1855.3672
1627957558.0063 1855.8828
1627957558.1073 1855.8828
1627957558.2072 1857.0430
1627957558.3086 1857.0430
1627957558.4086 1857.8555
1627957558.5073 1857.8555
1627957558.6079 1857.8555
1627957558.7086 1859.0195
1627957558.8079 1859.0195
1627957558.9081 1859.0195
1627957559.0083 1859.2148
1627957559.1085 1859.4727
1627957559.2103 1859.9883
1627957559.3091 1861.5352
1627957559.4092 1861.5352
1627957559.5093 1862.2734
1627957559.6094 1862.2734
1627957559.7098 1863.0000
1627957559.8099 1863.0000
1627957559.9100 1863.6680
1627957560.0126 1863.6680
1627957560.1104 1864.3906
1627957560.2107 1864.3906
1627957560.3108 1865.0781
1627957560.4110 1865.0781
1627957560.5113 1866.0742
1627957560.6115 1866.0742
1627957560.7116 1866.8320
1627957560.8118 1866.8320
1627957560.9120 1867.5781
1627957561.0122 1867.5781
1627957561.1124 1868.3555
1627957561.2126 1868.3555
1627957561.3128 1868.8516
1627957561.4139 1868.8516
1627957561.5132 1869.8633
1627957561.6134 1869.8633
1627957561.7136 1870.3398
1627957561.8138 1870.3398
1627957561.9139 1870.3398
1627957562.0141 1870.8477
1627957562.1143 1871.1055
1627957562.2145 1871.8789
1627957562.3147 1872.1367
1627957562.4149 1872.6523
1627957562.5151 1873.1680
1627957562.6154 1873.1680
1627957562.7155 1874.5625
1627957562.8166 1874.5625
1627957562.9159 1875.1602
1627957563.0161 1875.1602
1627957563.1166 1875.9570
1627957563.2165 1875.9570
1627957563.3167 1877.0469
1627957563.4169 1877.0469
1627957563.5171 1877.0469
1627957563.6173 1877.3984
1627957563.7175 1877.9141
1627957563.8177 1878.4297
1627957563.9179 1878.9453
1627957564.0181 1879.2031
1627957564.1183 1879.2031
1627957564.2184 1879.6133
1627957564.3186 1880.1289
1627957564.4188 1880.6445
1627957564.5190 1881.1602
1627957564.6192 1881.6758
1627957564.7194 1882.1914
1627957564.8196 1882.4492
1627957564.9198 1882.4492
1627957565.0201 1882.4492
1627957565.1202 1883.1875
1627957565.2204 1883.7031
1627957565.3206 1884.2188
1627957565.4208 1884.7344
1627957565.5210 1884.9922
1627957565.6212 1885.4766
1627957565.7214 1887.0234
1627957565.8216 1887.0234
1627957565.9218 1887.0234
1627957566.0220 1888.4375
1627957566.1223 1888.4375
1627957566.2223 1888.4961
1627957566.3226 1889.0117
1627957566.4228 1889.5273
1627957566.5229 1889.5273
1627957566.6231 1889.5273
1627957566.7233 1889.6445
1627957566.8235 1891.1914
1627957566.9237 1891.1914
1627957567.0239 1892.0391
1627957567.1241 1892.0391
1627957567.2244 1892.0391
1627957567.3245 1892.3984
1627957567.4247 1893.1719
1627957567.5249 1893.4297
1627957567.6251 1893.4297
1627957567.7286 1894.8828
1627957567.8255 1894.8828
1627957567.9257 1894.8828
1627957568.0259 1895.1445
1627957568.1261 1895.6602
1627957568.2263 1896.1758
1627957568.3265 1896.9492
1627957568.4267 1897.2070
1627957568.5274 1897.7227
1627957568.6271 1898.2383
1627957568.7272 1898.2383
1627957568.8275 1898.9141
1627957568.9276 1898.9141
1627957569.0278 1899.4492
1627957569.1286 1899.8242
1627957569.2282 1900.3398
1627957569.3284 1900.3398
1627957569.4287 1901.5117
1627957569.5289 1901.5117
1627957569.6291 1902.5820
1627957569.7292 1902.5820
1627957569.8294 1903.3555
1627957569.9296 1903.3555
1627957570.0298 1903.3555
1627957570.1300 1903.4609
1627957570.2302 1903.9766
1627957570.3315 1903.9961
1627957570.4306 1905.0273
1627957570.5308 1905.5430
1627957570.6310 1906.3164
1627957570.7321 1906.8320
1627957570.8314 1907.3477
1627957570.9316 1907.8633
1627957571.0317 1909.4102
1627957571.1327 1909.4102
1627957571.2321 1910.3008
1627957571.3323 1910.3008
1627957571.4325 1911.2695
1627957571.5328 1911.2695
1627957571.6329 1912.5078
1627957571.7332 1912.5078
1627957571.8355 1912.5078
1627957571.9366 1912.5078
1627957572.0337 1912.9609
1627957572.1376 1913.2188
1627957572.2341 1914.0078
1627957572.3397 1915.2969
1627957572.4345 1915.2969
1627957572.5347 1915.7812
1627957572.6349 1915.7812
1627957572.7355 1916.2969
1627957572.8353 1917.0391
1627957572.9355 1918.3281
1627957573.0357 1918.3281
1627957573.1361 1918.9219
1627957573.2361 1918.9219
1627957573.3363 1919.9609
1627957573.4364 1919.9609
1627957573.5367 1920.4766
1627957573.6368 1921.1484
1627957573.7370 1921.6641
1627957573.8372 1922.1797
1627957573.9374 1922.6953
1627957574.0377 1922.6953
1627957574.1383 1922.9531
1627957574.2380 1924.5000
1627957574.3383 1924.5000
1627957574.4384 1925.0820
1627957574.5394 1925.3398
1627957574.6388 1925.8555
1627957574.7390 1925.8555
1627957574.8413 1927.2930
1627957574.9394 1927.2930
1627957575.0396 1928.1602
1627957575.1398 1928.1758
1627957575.2399 1928.6914
1627957575.3407 1929.9805
1627957575.4404 1929.9805
1627957575.5406 1930.5625
1627957575.6412 1930.5625
1627957575.7410 1930.6836
1627957575.8414 1931.9727
1627957575.9438 1931.9727
1627957576.0415 1933.0664
1627957576.1424 1933.0664
1627957576.2420 1933.0664
1627957576.3421 1933.7734
1627957576.4423 1934.2891
1627957576.5425 1934.8047
1627957576.6427 1935.0625
1627957576.7429 1935.5781
1627957576.8431 1936.3516
1627957576.9433 1936.8672
1627957577.0435 1938.4141
1627957577.1438 1938.4141
1627957577.2439 1938.4141
1627957577.3448 1938.8555
1627957577.4443 1939.3711
1627957577.5445 1939.3711
1627957577.6446 1940.2812
1627957577.7449 1940.2812
1627957577.8450 1941.3320
1627957577.9457 1941.3516
1627957578.0454 1941.6094
1627957578.1456 1942.1250
1627957578.2458 1942.3828
1627957578.3460 1942.8984
1627957578.4462 1943.6719
1627957578.5464 1945.2188
1627957578.6466 1945.2188
1627957578.7468 1945.2188
1627957578.8470 1945.6055
1627957578.9472 1945.8633
1627957579.0474 1946.3789
1627957579.1476 1946.3789
1627957579.2478 1947.5664
1627957579.3480 1947.5664
1627957579.4482 1948.4805
1627957579.5484 1949.2539
1627957579.6488 1949.2539
1627957579.7488 1949.2539
1627957579.8490 1950.2422
1627957579.9491 1950.2422
1627957580.0493 1950.2422
1627957580.1495 1950.5547
1627957580.2497 1951.3281
1627957580.3499 1951.5859
1627957580.4501 1952.1016
1627957580.5503 1952.4727
1627957580.6505 1952.9883
1627957580.7507 1953.5039
1627957580.8509 1954.0195
1627957580.9511 1954.2773
1627957581.0513 1955.5664
1627957581.1515 1955.5664
1627957581.2536 1955.5664
1627957581.3519 1955.8281
1627957581.4526 1956.3438
1627957581.5523 1956.8594
1627957581.6525 1956.8594
1627957581.7527 1957.9453
1627957581.8529 1958.1172
1627957581.9531 1958.1172
1627957582.0536 1958.1172
1627957582.1535 1958.6328
1627957582.2537 1959.1484
1627957582.3538 1959.9219
1627957582.4541 1960.1484
1627957582.5542 1960.9219
1627957582.6545 1960.9219
1627957582.7546 1960.9453
1627957582.8548 1961.2031
1627957582.9550 1961.4609
1627957583.0553 1962.4922
1627957583.1554 1962.4922
1627957583.2561 1963.2656
1627957583.3558 1963.2656
1627957583.4561 1963.5234
1627957583.5562 1964.0391
1627957583.6635 1964.2969
1627957583.7566 1965.3281
1627957583.8568 1965.3281
1627957583.9570 1965.7695
1627957584.0572 1966.5430
1627957584.1575 1966.5430
1627957584.2606 1966.5547
1627957584.3578 1967.0703
1627957584.4579 1967.5859
1627957584.5582 1967.8438
1627957584.6584 1967.8438
1627957584.7585 1968.8242
1627957584.8587 1968.8242
1627957584.9589 1968.9570
1627957585.0591 1969.1094
1627957585.1593 1969.1094
1627957585.2596 1970.6562
1627957585.3598 1970.6562
1627957585.4601 1970.6562
1627957585.5601 1972.0078
1627957585.6603 1972.0078
1627957585.7605 1972.0078
1627957585.8607 1972.4375
1627957585.9609 1972.9531
1627957586.0624 1972.9531
1627957586.1613 1974.4648
1627957586.2633 1974.4648
1627957586.3617 1974.4648
1627957586.4619 1974.8555
1627957586.5629 1975.3711
1627957586.6623 1976.4023
1627957586.7625 1976.4023
1627957586.8654 1976.4023
1627957586.9646 1977.4141
1627957587.0632 1977.4141
1627957587.1632 1977.4141
1627957587.2637 1978.9219
1627957587.3636 1978.9219
1627957587.4642 1979.0742
1627957587.5641 1979.5898
1627957587.6642 1981.1367
1627957587.7663 1981.1367
1627957587.8646 1981.1367
1627957587.9648 1981.1445
1627957588.0651 1981.6602
1627957588.1652 1982.1758
1627957588.2654 1982.6914
1627957588.3656 1983.2070
1627957588.4658 1983.7227
1627957588.5660 1983.7227
1627957588.6662 1984.0469
1627957588.7664 1984.5625
1627957588.8666 1985.0781
1627957588.9668 1985.5938
1627957589.0670 1986.1094
1627957589.1671 1986.1094
1627957589.2674 1986.4492
1627957589.3675 1986.9648
1627957589.4678 1987.2227
1627957589.5686 1987.7383
1627957589.6681 1988.2539
1627957589.7683 1988.7695
1627957589.8686 1989.2852
1627957589.9687 1990.0586
1627957590.0689 1990.3164
1627957590.1691 1990.8320
1627957590.2693 1990.8320
1627957590.3696 1991.0352
1627957590.4697 1991.5508
1627957590.5699 1992.3242
1627957590.6701 1992.8398
1627957590.7703 1993.0977
1627957590.8705 1993.6250
1627957590.9707 1994.3984
1627957591.0709 1995.1719
1627957591.1711 1995.2578
1627957591.2713 1996.2891
1627957591.3716 1996.2891
1627957591.4717 1996.7852
1627957591.5721 1996.8047
1627957591.6720 1997.5781
1627957591.7723 1997.8555
1627957591.8725 1998.6289
1627957591.9727 1998.6289
1627957592.0732 1999.2852
1627957592.1730 1999.8008
1627957592.2732 2000.0586
1627957592.3738 2000.0586
1627957592.4747 2001.2227
1627957592.5742 2001.2227
1627957592.6740 2002.1211
1627957592.7743 2002.1211
1627957592.8748 2002.1562
1627957592.9769 2002.6719
1627957593.0748 2003.1875
1627957593.1762 2003.7031
1627957593.2753 2004.2188
1627957593.3754 2004.4766
1627957593.4756 2004.7227
1627957593.5758 2005.4961
1627957593.6760 2006.0117
1627957593.7783 2006.5273
1627957593.8764 2007.0430
1627957593.9766 2007.3008
1627957594.0767 2007.4258
1627957594.1770 2007.9414
1627957594.2771 2008.7148
1627957594.3773 2008.9727
1627957594.4775 2009.4883
1627957594.5777 2009.4883
1627957594.6779 2010.0039
1627957594.7785 2010.7773
1627957594.8789 2011.0352
1627957594.9786 2011.3594
1627957595.0787 2012.3906
1627957595.1789 2012.3906
1627957595.2791 2012.5039
1627957595.3808 2013.0195
1627957595.4796 2013.2773
1627957595.5797 2013.5352
1627957595.6799 2014.0508
1627957595.7802 2014.8242
1627957595.8803 2015.5977
1627957595.9805 2015.5977
1627957596.0807 2016.3398
1627957596.1809 2016.3398
1627957596.2811 2016.8555
1627957596.3812 2017.3711
1627957596.4815 2018.4023
1627957596.5816 2019.1758
1627957596.6818 2019.1758
1627957596.7820 2019.8984
1627957596.8823 2019.8984
1627957596.9824 2020.1836
1627957597.0826 2020.9570
1627957597.1828 2021.2383
1627957597.2830 2022.0117
1627957597.3832 2022.0117
1627957597.4834 2022.7031
1627957597.5836 2022.7031
1627957597.6838 2022.7031
1627957597.7840 2023.4844
1627957597.8842 2023.4844
1627957597.9845 2023.6953
1627957598.0846 2024.4688
1627957598.1848 2024.7344
1627957598.2850 2024.9922
1627957598.3852 2025.5078
1627957598.4854 2026.0234
1627957598.5856 2026.5391
1627957598.6858 2026.7969
1627957598.7859 2027.4258
1627957598.8862 2028.4570
1627957598.9863 2028.9727
1627957599.0865 2030.0039
1627957599.1872 2030.0391
1627957599.2869 2030.2969
1627957599.3871 2030.8125
1627957599.4874 2031.5859
1627957599.5875 2031.5859
1627957599.6885 2032.9844
1627957599.7879 2033.1562
1627957599.8881 2033.4141
1627957599.9883 2034.4453
1627957600.0886 2034.4453
1627957600.1924 2034.7031
1627957600.2912 2034.9609
1627957600.3919 2035.4766
1627957600.4893 2035.9922
1627957600.5896 2036.7656
1627957600.6897 2036.7656
1627957600.7899 2037.1367
1627957600.8901 2037.1367
1627957600.9903 2038.6836
1627957601.0921 2038.6836
1627957601.1907 2038.6836
1627957601.2914 2039.0078
1627957601.3911 2039.5234
1627957601.4914 2039.7812
1627957601.5915 2040.2656
1627957601.6916 2041.2969
1627957601.7927 2041.2969
1627957601.8926 2041.8125
1627957601.9923 2042.3281
1627957602.0937 2042.8438
1627957602.1946 2044.3906
1627957602.2943 2044.3906
1627957602.3930 2044.3906
1627957602.4940 2044.4375
1627957602.5934 2045.9844
1627957602.6936 2045.9844
1627957602.7938 2045.9844
1627957602.8940 2046.3359
1627957602.9942 2046.8516
1627957603.0966 2047.3672
1627957603.1946 2048.9141
1627957603.2948 2048.9141
1627957603.3950 2049.9375
1627957603.4954 2049.9375
1627957603.5954 2050.7461
1627957603.6955 2050.7656
1627957603.7957 2051.7969
1627957603.8964 2051.7969
1627957603.9961 2051.7969
1627957604.0963 2052.7930
1627957604.1966 2053.3203
1627957604.2967 2054.0938
1627957604.3972 2054.0938
1627957604.4971 2054.1289
1627957604.5973 2055.1602
1627957604.6976 2055.6875
1627957604.7977 2055.9453
1627957604.8979 2055.9453
1627957604.9981 2056.4609
1627957605.0987 2057.2344
1627957605.1985 2057.5391
1627957605.2987 2058.3125
1627957605.3989 2058.3281
1627957605.4991 2059.1016
1627957605.5993 2059.1016
1627957605.6995 2060.1328
1627957605.7997 2060.9062
1627957605.9000 2061.1875
1627957606.0002 2061.9609
1627957606.1006 2062.2344
1627957606.2005 2063.0078
1627957606.3006 2063.0078
1627957606.4009 2063.0078
1627957606.5010 2063.7930
1627957606.6028 2064.5664
1627957606.7014 2064.8828
1627957606.8016 2065.6562
1627957606.9019 2065.6719
1627957607.0020 2065.6719
1627957607.1022 2066.7031
1627957607.2024 2067.4766
1627957607.3026 2067.8086
1627957607.4030 2068.5820
1627957607.5030 2068.8047
1627957607.6032 2069.5781
1627957607.7034 2069.6133
1627957607.8036 2070.3867
1627957607.9038 2070.4023
1627957608.0040 2070.6602
1627957608.1042 2071.4336
1627957608.2044 2071.4336
1627957608.3058 2072.4648
1627957608.4049 2073.2383
1627957608.5050 2073.2383
1627957608.6052 2073.4844
1627957608.7054 2074.0000
1627957608.8056 2074.7734
1627957608.9058 2074.7734
1627957609.0059 2075.2891
1627957609.1061 2075.8047
1627957609.2063 2076.5781
1627957609.3068 2077.1250
1627957609.4067 2077.8984
1627957609.5069 2077.8984
1627957609.6071 2078.1875
1627957609.7073 2078.9609
1627957609.8075 2078.9609
1627957609.9077 2079.9922
1627957610.0079 2080.7656
1627957610.1081 2080.7930
1627957610.2083 2080.7930
1627957610.3085 2081.8242
1627957610.4087 2082.0820
1627957610.5089 2082.3398
1627957610.6091 2082.8555
1627957610.7093 2083.3711
1627957610.8095 2083.8867
1627957610.9106 2084.9180
1627957611.0099 2085.1758
1627957611.1102 2085.9492
1627957611.2102 2086.2070
1627957611.3104 2086.9805
1627957611.4106 2087.4961
1627957611.5108 2087.7695
1627957611.6110 2088.5430
1627957611.7112 2088.8125
1627957611.8115 2089.3281
1627957611.9116 2089.8438
1627957612.0119 2090.3594
1627957612.1120 2091.3906
1627957612.2124 2092.1641
1627957612.3124 2093.1953
1627957612.4127 2093.7109
1627957612.5128 2094.0352
1627957612.6130 2094.8086
1627957612.7135 2094.8086
1627957612.8134 2095.2422
1627957612.9136 2095.7578
1627957613.0138 2096.5312
1627957613.1141 2097.3047
1627957613.2142 2097.8203
1627957613.3149 2098.5938
1627957613.4146 2099.1094
1627957613.5148 2099.6250
1627957613.6149 2100.1406
1627957613.7151 2100.6562
1627957613.8153 2101.1719
1627957613.9155 2101.6875
1627957614.0158 2102.2031
1627957614.1159 2102.9766
1627957614.2162 2103.4922
1627957614.3163 2104.0078
1627957614.4165 2105.0391
1627957614.5167 2105.2969
1627957614.6169 2106.0703
1627957614.7171 2106.5859
1627957614.8173 2107.4023
1627957614.9175 2107.9180
1627957615.0177 2108.9492
1627957615.1180 2109.4648
1627957615.2181 2110.2383
1627957615.3183 2111.2695
1627957615.4185 2111.7852
1627957615.5187 2112.0273
1627957615.6189 2113.0586
1627957615.7191 2113.5742
1627957615.8194 2113.6562
1627957615.9195 2114.6875
1627957616.0210 2114.9453
1627957616.1199 2115.4609
1627957616.2201 2116.2344
1627957616.3203 2116.7500
1627957616.4246 2116.7500
1627957616.5206 2117.8164
1627957616.6208 2118.3320
1627957616.7211 2119.1055
1627957616.8212 2119.3633
1627957616.9215 2119.8789
1627957617.0217 2120.6523
1627957617.1218 2121.1680
1627957617.2221 2121.1680
1627957617.3222 2122.1250
1627957617.4225 2122.6406
1627957617.5226 2123.1289
1627957617.6228 2123.6445
1627957617.7230 2124.1680
1627957617.8232 2124.6836
1627957617.9234 2125.1992
1627957618.0236 2125.7148
1627957618.1238 2125.9727
1627957618.2240 2126.6367
1627957618.3242 2127.4102
1627957618.4246 2128.4414
1627957618.5246 2128.9570
1627957618.6247 2129.2617
1627957618.7249 2130.0352
1627957618.8251 2130.5547
1627957618.9253 2131.3281
1627957619.0255 2131.3281
1627957619.1257 2131.3281
1627957619.2260 2131.9297
1627957619.3262 2132.4453
1627957619.4263 2132.7031
1627957619.5265 2133.4766
1627957619.6267 2133.4766
1627957619.7269 2134.2500
1627957619.8271 2134.2500
1627957619.9273 2135.0234
1627957620.0276 2136.0547
1627957620.1277 2136.5703
1627957620.2279 2136.9453
1627957620.3281 2137.7188
1627957620.4283 2138.4922
1627957620.5298 2139.0078
1627957620.6287 2139.7812
1627957620.7289 2140.2969
1627957620.8291 2140.8125
1627957620.9293 2140.8125
1627957621.0295 2141.3281
1627957621.1296 2141.8438
1627957621.2298 2142.8750
1627957621.3301 2143.6484
1627957621.4302 2143.6484
1627957621.5305 2143.8164
1627957621.6307 2144.3320
1627957621.7308 2145.1055
1627957621.8310 2145.6211
1627957621.9312 2146.1367
1627957622.0314 2146.6523
1627957622.1318 2148.1992
1627957622.2319 2148.1992
1627957622.3320 2148.1992
1627957622.4322 2148.1992
1627957622.5324 2148.4922
1627957622.6327 2148.7930
1627957622.7328 2149.5664
1627957622.8330 2149.5664
1627957622.9333 2150.0820
1627957623.0335 2150.5977
1627957623.1336 2151.3711
1627957623.2338 2151.5859
1627957623.3340 2152.3594
1627957623.4342 2152.6367
1627957623.5344 2152.6367
1627957623.6348 2152.6367
1627957623.7348 2152.8945
1627957623.8350 2153.9258
1627957623.9352 2154.6992
1627957624.0353 2155.4414
1627957624.1356 2156.2148
1627957624.2366 2156.2148
1627957624.3360 2157.0352
1627957624.4361 2157.0352
1627957624.5363 2157.9883
1627957624.6365 2157.9883
1627957624.7367 2157.9883
1627957624.8369 2158.3008
1627957624.9371 2158.5586
1627957625.0373 2159.0742
1627957625.1375 2160.3633
1627957625.2377 2160.3633
1627957625.3379 2160.3633
1627957625.4381 2160.4922
1627957625.5383 2161.0078
1627957625.6406 2162.5547
1627957625.7387 2162.5547
1627957625.8389 2163.3398
1627957625.9391 2163.3398
1627957626.0393 2164.2734
1627957626.1395 2164.2734
1627957626.2397 2164.2734
1627957626.3399 2164.2734
1627957626.4408 2164.7852
1627957626.5403 2165.0430
1627957626.6405 2165.0430
1627957626.7406 2166.0820
1627957626.8412 2166.0820
1627957626.9414 2166.1445
1627957627.0412 2167.4336
1627957627.1414 2167.4336
1627957627.2416 2167.4336
1627957627.3419 2167.4336
1627957627.4420 2168.4102
1627957627.5422 2168.6680
1627957627.6433 2169.1836
1627957627.7426 2169.6992
1627957627.8428 2169.6992
1627957627.9430 2169.6992
1627957628.0432 2169.9570
1627957628.1434 2171.2461
1627957628.2440 2171.2461
1627957628.3447 2172.1719
1627957628.4440 2172.1719
1627957628.5442 2172.1719
1627957628.6444 2173.5547
1627957628.7446 2173.5547
1627957628.8448 2173.5547
1627957628.9450 2173.6914
1627957629.0478 2174.2070
1627957629.1454 2174.7227
1627957629.2475 2174.9805
1627957629.3459 2176.2695
1627957629.4459 2176.2695
1627957629.5461 2176.2695
1627957629.6464 2176.2695
1627957629.7465 2176.2695
1627957629.8467 2177.4453
1627957629.9471 2177.4453
1627957630.0526 2178.5156
1627957630.1473 2178.5156
1627957630.2475 2178.5742
1627957630.3477 2178.5742
1627957630.4510 2179.6055
1627957630.5481 2179.8633
1627957630.6483 2179.8633
1627957630.7485 2180.8945
1627957630.8501 2180.8945
1627957630.9489 2181.8203
1627957631.0496 2181.8203
1627957631.1493 2181.8711
1627957631.2495 2181.8711
1627957631.3497 2182.3867
1627957631.4499 2182.8516
1627957631.5501 2184.1406
1627957631.6503 2184.1406
1627957631.7504 2184.9219
1627957631.8506 2184.9219
1627957631.9508 2184.9844
1627957632.0519 2184.9844
1627957632.1512 2185.7578
1627957632.2514 2186.2734
1627957632.3516 2187.8203
1627957632.4521 2187.8203
1627957632.5520 2188.8281
1627957632.6524 2188.8281
1627957632.7524 2188.8281
1627957632.8526 2188.8281
1627957632.9528 2189.0703
1627957633.0566 2189.8438
1627957633.1532 2190.3594
1627957633.2534 2190.8750
1627957633.3536 2190.8750
1627957633.4538 2191.7734
1627957633.5540 2191.7734
1627957633.6542 2192.4609
1627957633.7544 2192.4609
1627957633.8546 2193.5117
1627957633.9547 2193.5117
1627957634.0549 2193.7031
1627957634.1551 2193.7031
1627957634.2553 2193.9609
1627957634.3556 2194.7344
1627957634.4566 2194.7344
1627957634.5559 2196.0234
1627957634.6562 2196.5391
1627957634.7563 2196.5391
1627957634.8565 2197.6055
1627957634.9567 2197.6055
1627957635.0569 2197.6055
1627957635.1571 2198.1328
1627957635.2573 2198.9062
1627957635.3590 2198.9062
1627957635.4577 2199.1992
1627957635.5606 2199.9727
1627957635.6582 2199.9727
1627957635.7583 2200.0156
1627957635.8585 2200.5312
1627957635.9606 2201.0469
1627957636.0590 2201.3047
1627957636.1591 2202.3359
1627957636.2593 2202.3359
1627957636.3600 2202.5938
1627957636.4597 2203.3672
1627957636.5599 2203.3672
1627957636.6600 2203.3672
1627957636.7621 2203.8828
1627957636.8604 2204.1406
1627957636.9606 2204.6562
1627957637.0609 2205.4297
1627957637.1611 2205.4297
1627957637.2612 2205.4297
1627957637.3614 2206.2031
1627957637.4618 2206.2031
1627957637.5619 2206.7188
1627957637.6640 2206.9766
1627957637.7622 2207.4922
1627957637.8624 2208.2656
1627957637.9632 2208.2656
1627957638.0628 2209.6055
1627957638.1631 2209.6055
1627957638.2632 2209.6055
1627957638.3635 2209.6055
1627957638.4639 2209.8320
1627957638.5638 2210.6055
1627957638.6646 2210.6055
1627957638.7642 2211.6367
1627957638.8644 2212.4102
1627957638.9646 2212.4102
1627957639.0648 2212.9766
1627957639.1650 2212.9766
1627957639.2652 2212.9766
1627957639.3653 2213.2188
1627957639.4656 2213.9922
1627957639.5657 2213.9922
1627957639.6660 2214.2305
1627957639.7661 2215.0039
1627957639.8663 2215.7773
1627957639.9665 2215.7773
1627957640.0667 2215.8008
1627957640.1669 2216.3164
1627957640.2671 2216.5742
1627957640.3673 2216.8320
1627957640.4675 2217.6055
1627957640.5677 2218.3789
1627957640.6679 2218.3789
1627957640.7681 2218.4844
1627957640.8683 2218.7422
1627957640.9685 2219.2578
1627957641.0687 2219.7734
1627957641.1689 2220.0312
1627957641.2691 2220.5469
1627957641.3693 2221.3203
1627957641.4695 2222.0938
1627957641.5697 2222.0938
1627957641.6699 2222.7500
1627957641.7701 2222.7500
1627957641.8702 2222.7500
1627957641.9704 2223.2070
1627957642.0706 2223.9805
1627957642.1708 2224.2812
1627957642.2710 2225.0547
1627957642.3714 2225.3320
1627957642.4714 2226.1055
1627957642.5718 2226.1055
1627957642.6718 2226.2969
1627957642.7720 2227.0703
1627957642.8730 2227.0703
1627957642.9724 2227.3438
1627957643.0726 2228.1172
1627957643.1791 2228.3945
1627957643.2731 2229.1680
1627957643.3766 2229.1680
1627957643.4734 2229.4414
1627957643.5736 2230.2148
1627957643.6738 2230.4883
1627957643.7740 2231.2617
1627957643.8751 2231.5352
1627957643.9745 2232.3086
1627957644.0746 2232.3086
1627957644.1758 2232.3086
1627957644.2750 2232.5820
1627957644.3751 2233.3555
1627957644.4755 2233.3555
1627957644.5756 2233.3555
1627957644.6766 2233.6250
1627957644.7759 2234.3984
1627957644.8763 2234.3984
1627957644.9764 2234.6250
1627957645.0766 2235.3984
1627957645.1784 2235.3984
1627957645.2770 2235.3984
1627957645.3771 2235.3984
1627957645.4773 2236.4453
1627957645.5776 2236.4453
1627957645.6777 2236.4453
1627957645.7779 2236.7148
1627957645.8781 2237.4883
1627957645.9794 2238.2578
1627957646.0785 2238.7734
1627957646.1787 2238.7734
1627957646.2789 2238.7734
1627957646.3808 2239.0664
1627957646.4793 2239.8398
1627957646.5795 2239.9492
1627957646.6797 2239.9492
1627957646.7799 2240.7227
1627957646.8801 2240.9805
1627957646.9803 2241.2383
1627957647.0805 2242.0117
1627957647.1808 2242.0117
1627957647.2808 2242.2695
1627957647.3810 2242.5273
1627957647.4813 2243.3008
1627957647.5816 2244.0742
1627957647.6816 2245.1055
1627957647.7818 2245.1055
1627957647.8820 2245.1797
1627957647.9822 2245.9531
1627957648.0824 2245.9531
1627957648.1826 2246.1367
1627957648.2828 2246.9102
1627957648.3830 2246.9102
1627957648.4832 2246.9102
1627957648.5834 2247.9805
1627957648.6836 2247.9805
1627957648.7838 2248.5469
1627957648.8840 2249.3203
1627957648.9842 2249.3203
1627957649.0863 2249.6172
1627957649.1846 2249.8750
1627957649.2848 2250.3906
1627957649.3850 2250.6484
1627957649.4852 2250.9062
1627957649.5854 2252.1953
1627957649.6856 2252.1953
1627957649.7857 2252.5195
1627957649.8860 2252.8008
1627957649.9862 2253.5742
1627957650.0863 2254.3633
1627957650.1866 2254.8789
1627957650.2867 2254.8789
1627957650.3870 2255.6875
1627957650.4871 2256.2031
1627957650.5873 2256.2031
1627957650.6875 2256.2383
1627957650.7877 2257.0117
1627957650.8879 2257.0117
1627957650.9881 2257.5273
1627957651.0887 2258.0430
1627957651.1885 2258.5586
1627957651.2887 2258.8164
1627957651.3889 2259.5898
1627957651.4891 2259.5898
1627957651.5893 2260.3633
1627957651.6895 2260.3633
1627957651.7897 2261.3945
1627957651.8900 2261.3945
1627957651.9901 2261.9102
1627957652.0903 2262.4258
1627957652.1905 2262.4258
1627957652.2907 2263.0195
1627957652.3909 2263.7930
1627957652.4911 2263.9766
1627957652.5966 2264.7500
1627957652.6922 2265.2656
1627957652.7916 2266.0117
1627957652.8920 2266.5273
1627957652.9920 2266.5586
1627957653.0923 2266.8164
1627957653.1924 2267.3320
1627957653.2927 2267.8477
1627957653.3928 2268.1055
1627957653.4931 2268.6211
1627957653.5932 2268.8789
1627957653.6936 2270.1680
1627957653.7936 2270.6836
1627957653.8938 2270.6836
1627957653.9940 2270.8945
1627957654.0942 2271.6680
1627957654.1944 2271.9258
1627957654.2946 2272.4414
1627957654.3955 2272.9570
1627957654.4950 2273.4727
1627957654.5952 2273.4727
1627957654.6954 2274.1914
1627957654.7956 2275.2227
1627957654.8958 2275.4805
1627957654.9966 2275.7383
1627957655.0962 2276.2539
1627957655.1963 2276.7695
1627957655.2966 2276.7695
1627957655.3968 2277.6445
1627957655.4973 2278.4180
1627957655.5971 2279.4492
1627957655.6973 2279.9648
1627957655.7975 2280.3711
1627957655.8977 2280.8867
1627957655.9979 2281.4023
1627957656.0997 2281.9180
1627957656.1999 2282.9492
1627957656.2985 2283.4648
1627957656.3987 2284.0195
1627957656.4989 2284.5352
1627957656.5991 2284.7070
1627957656.6995 2285.7383
1627957656.7995 2286.2539
1627957656.8997 2286.6016
1627957656.9999 2287.6328
1627957657.1001 2288.1484
1627957657.2003 2288.4258
1627957657.3007 2288.9414
1627957657.4014 2289.4570
1627957657.5026 2289.9727
1627957657.6011 2290.7461
1627957657.7012 2291.2617
1627957657.8017 2291.7773
1627957657.9030 2292.2930
1627957658.0018 2292.8086
1627957658.1028 2293.3242
1627957658.2038 2293.8398
1627957658.3024 2294.6133
1627957658.4027 2295.1289
1627957658.5028 2295.6445
1627957658.6031 2296.1602
1627957658.7032 2296.6758
1627957658.8046 2297.1914
1627957658.9036 2297.7070
1627957659.0043 2298.4805
1627957659.1040 2298.9961
1627957659.2043 2299.5117
1627957659.3045 2300.0273
1627957659.4062 2300.5430
1627957659.5049 2301.0586
1627957659.6050 2301.8320
1627957659.7052 2302.3477
1627957659.8054 2302.8633
1627957659.9056 2303.3789
1627957660.0062 2303.3984
1627957660.1060 2304.4297
1627957660.2062 2304.9453
1627957660.3064 2305.9766
1627957660.4066 2306.4922
1627957660.5068 2307.0039
1627957660.6069 2307.5195
1627957660.7072 2307.7734
1627957660.8073 2308.0312
1627957660.9075 2308.5469
1627957661.0077 2308.8047
1627957661.1080 2309.8359
1627957661.2084 2310.3516
1627957661.3088 2310.9570
1627957661.4090 2311.4727
1627957661.5087 2311.7266
1627957661.6089 2312.7578
1627957661.7091 2313.2734
1627957661.8093 2313.2734
1627957661.9095 2314.2539
1627957662.0097 2314.2539
1627957662.1100 2314.7695
1627957662.2106 2315.3203
1627957662.3103 2315.8359
1627957662.4105 2316.3516
1627957662.5107 2316.8672
1627957662.6109 2317.6406
1627957662.7111 2317.8984
1627957662.8113 2318.4141
1627957662.9115 2319.4453
1627957663.0117 2319.9609
1627957663.1119 2320.5547
1627957663.2127 2321.0703
1627957663.3123 2321.0742
1627957663.4124 2321.3320
1627957663.5133 2322.1055
1627957663.6128 2322.3633
1627957663.7131 2322.6211
1627957663.8133 2323.1367
1627957663.9136 2324.1680
1627957664.0137 2324.9414
1627957664.1138 2324.9414
1627957664.2144 2325.0977
1627957664.3143 2325.3555
1627957664.4166 2325.8711
1627957664.5146 2326.6445
1627957664.6148 2326.6445
1627957664.7150 2327.4180
1627957664.8152 2327.9336
1627957664.9154 2328.1914
1627957665.0156 2328.1914
1627957665.1158 2328.7383
1627957665.2160 2329.5117
1627957665.3162 2330.2852
1627957665.4164 2331.0586
1627957665.5166 2331.0586
1627957665.6168 2331.5977
1627957665.7170 2332.1133
1627957665.8172 2332.1133
1627957665.9174 2332.7852
1627957666.0176 2333.5586
1627957666.1178 2334.0938
1627957666.2180 2334.8672
1627957666.3181 2334.8672
1627957666.4184 2334.8672
1627957666.5185 2334.8828
1627957666.6188 2335.3984
1627957666.7189 2335.9141
1627957666.8192 2336.0039
1627957666.9194 2336.7773
1627957667.0195 2336.7773
1627957667.1198 2337.5508
1627957667.2200 2337.8086
1627957667.3201 2338.0664
1627957667.4203 2338.5820
1627957667.5205 2338.8398
1627957667.6207 2339.3555
1627957667.7209 2339.8711
1627957667.8211 2340.3867
1627957667.9213 2340.6445
1627957668.0215 2341.4180
1627957668.1217 2342.1914
1627957668.2219 2342.1914
1627957668.3221 2342.4727
1627957668.4223 2342.7305
1627957668.5225 2343.5039
1627957668.6227 2343.5039
1627957668.7229 2344.2773
1627957668.8231 2345.0508
1627957668.9233 2345.3320
1627957669.0238 2346.1055
1627957669.1238 2346.1055
1627957669.2239 2346.7305
1627957669.3241 2346.7305
1627957669.4243 2346.7305
1627957669.5244 2346.7305
1627957669.6252 2347.4766
1627957669.7250 2347.7344
1627957669.8252 2347.9922
1627957669.9253 2348.2500
1627957670.0286 2349.0234
1627957670.1256 2349.0234
1627957670.2285 2349.2812
1627957670.3260 2349.7969
1627957670.4262 2350.0547
1627957670.5264 2351.0859
1627957670.6266 2351.8594
1627957670.7278 2352.2344
1627957670.8270 2353.0078
1627957670.9278 2353.0078
1627957671.0275 2353.0078
1627957671.1276 2353.7305
1627957671.2286 2353.7305
1627957671.3280 2353.7344
1627957671.4306 2354.5078
1627957671.5284 2355.5391
1627957671.6289 2355.5391
1627957671.7287 2355.5391
1627957671.8304 2355.9883
1627957671.9291 2356.2461
1627957672.0366 2356.7617
1627957672.1295 2357.5352
1627957672.2298 2357.8984
1627957672.3301 2358.6719
1627957672.4360 2358.6719
1627957672.5304 2358.6719
1627957672.6305 2359.0391
1627957672.7314 2359.8125
1627957672.8309 2359.8125
1627957672.9322 2360.3789
1627957673.0313 2361.1523
1627957673.1339 2361.1523
1627957673.2317 2361.1523
1627957673.3319 2361.7500
1627957673.4337 2361.7500
1627957673.5340 2362.2930
1627957673.6326 2362.2930
1627957673.7327 2363.1094
1627957673.8330 2363.1094
1627957673.9342 2363.1094
1627957674.0333 2364.0312
1627957674.1348 2364.0312
1627957674.2337 2364.5469
1627957674.3364 2364.6172
1627957674.4341 2365.3906
1627957674.5343 2365.4023
1627957674.6345 2366.1758
1627957674.7347 2366.9492
1627957674.8348 2367.2695
1627957674.9350 2368.0430
1627957675.0352 2368.0430
1627957675.1354 2368.0430
1627957675.2366 2368.0430
1627957675.3358 2368.9375
1627957675.4366 2369.4531
1627957675.5362 2369.4531
1627957675.6364 2369.4531
1627957675.7366 2369.5625
1627957675.8369 2370.0781
1627957675.9370 2370.5938
1627957676.0372 2371.1094
1627957676.1374 2371.1094
1627957676.2376 2372.1406
1627957676.3378 2372.9141
1627957676.4380 2372.9141
1627957676.5383 2373.4922
1627957676.6384 2374.2656
1627957676.7386 2374.2656
1627957676.8388 2374.2656
1627957676.9390 2374.2656
1627957677.0392 2374.4062
1627957677.1394 2375.1797
1627957677.2395 2375.4375
1627957677.3398 2375.4375
1627957677.4400 2375.6875
1627957677.5402 2376.2812
1627957677.6403 2376.2812
1627957677.7406 2376.2812
1627957677.8412 2377.8281
1627957677.9409 2377.9805
1627957678.0411 2377.9805
1627957678.1413 2378.4961
1627957678.2415 2378.9219
1627957678.3417 2378.9219
1627957678.4426 2378.9531
1627957678.5421 2379.7266
1627957678.6424 2380.7578
1627957678.7425 2380.7578
1627957678.8428 2380.8906
1627957678.9429 2381.4062
1627957679.0431 2381.9219
1627957679.1433 2382.4375
1627957679.2435 2382.4375
1627957679.3437 2383.4688
1627957679.4439 2384.2422
1627957679.5441 2384.2422
1627957679.6443 2384.2422
1627957679.7446 2385.3008
1627957679.8447 2385.3281
1627957679.9449 2385.5859
1627957680.0451 2385.5859
1627957680.1453 2386.3594
1627957680.2455 2387.3906
1627957680.3457 2387.3906
1627957680.4459 2387.3906
1627957680.5461 2387.5234
1627957680.6462 2387.7812
1627957680.7466 2388.2383
1627957680.8467 2388.7539
1627957680.9468 2389.5273
1627957681.0470 2389.5273
1627957681.1472 2389.7812
1627957681.2474 2389.7812
1627957681.3476 2391.0703
1627957681.4478 2391.0703
1627957681.5480 2391.5859
1627957681.6482 2392.1016
1627957681.7484 2392.3594
1627957681.8486 2392.3594
1627957681.9488 2393.3047
1627957682.0490 2393.3047
1627957682.1492 2394.1562
1627957682.2494 2394.1562
1627957682.3497 2394.1562
1627957682.4499 2394.3398
1627957682.5500 2394.8555
1627957682.6503 2395.4961
1627957682.7504 2395.4961
1627957682.8506 2395.7539
1627957682.9508 2396.0117
1627957683.0510 2397.0430
1627957683.1512 2397.5586
1627957683.2514 2397.5586
1627957683.3517 2397.5586
1627957683.4520 2397.9844
1627957683.5519 2398.5000
1627957683.6521 2398.5000
1627957683.7523 2399.0156
1627957683.8525 2399.1875
1627957683.9527 2400.2188
1627957684.0529 2400.7344
1627957684.1531 2401.2500
1627957684.2533 2401.7656
1627957684.3535 2402.2812
1627957684.4537 2402.2812
1627957684.5578 2402.2812
1627957684.6541 2403.3125
1627957684.7544 2403.3125
1627957684.8545 2403.8281
1627957684.9548 2403.8281
1627957685.0549 2405.0625
1627957685.1582 2405.0625
1627957685.2553 2406.4531
1627957685.3557 2406.4531
1627957685.4557 2406.4531
1627957685.5559 2406.5781
1627957685.6563 2407.0938
1627957685.7564 2407.3516
1627957685.8565 2407.3516
1627957685.9567 2408.6875
1627957686.0569 2408.6875
1627957686.1571 2408.8320
1627957686.2574 2409.6055
1627957686.3574 2409.8633
1627957686.4593 2410.3789
1627957686.5578 2412.1836
1627957686.6586 2412.1836
1627957686.7588 2412.1836
1627957686.8584 2412.1836
1627957686.9600 2412.3594
1627957687.0589 2413.1328
1627957687.1590 2413.1328
1627957687.2592 2413.3906
1627957687.3597 2414.9375
1627957687.4596 2414.9375
1627957687.5602 2415.8242
1627957687.6600 2415.8242
1627957687.7602 2415.8242
1627957687.8604 2415.8242
1627957687.9610 2416.8750
1627957688.0608 2416.8750
1627957688.1611 2416.8750
1627957688.2612 2417.2383
1627957688.3622 2417.7539
1627957688.4616 2418.2695
1627957688.5619 2418.7852
1627957688.6635 2419.3008
1627957688.7622 2420.0742
1627957688.8623 2420.0742
1627957688.9636 2420.0742
1627957689.0628 2420.3320
1627957689.1632 2420.8477
1627957689.2631 2421.3633
1627957689.3633 2422.9102
1627957689.4635 2422.9102
1627957689.5637 2422.9102
1627957689.6639 2423.0977
1627957689.7641 2423.6133
1627957689.8643 2424.1289
1627957689.9646 2424.1289
1627957690.0647 2424.1289
1627957690.1650 2425.0938
1627957690.2651 2425.0938
1627957690.3653 2425.0938
1627957690.4655 2426.0508
1627957690.5657 2426.0508
1627957690.6659 2427.1055
1627957690.7661 2427.3164
1627957690.8663 2427.5742
1627957690.9665 2427.8320
1627957691.0668 2428.3477
1627957691.1669 2429.1211
1627957691.2671 2429.6367
1627957691.3673 2429.8945
1627957691.4675 2429.8945
1627957691.5677 2430.9453
1627957691.6679 2430.9453
1627957691.7681 2432.1875
1627957691.8683 2432.1875
1627957691.9685 2432.1875
1627957692.0687 2433.5469
1627957692.1690 2433.5469
1627957692.2690 2433.5469
1627957692.3693 2434.7227
1627957692.4695 2434.7227
1627957692.5697 2434.7227
1627957692.6698 2435.0273
1627957692.7700 2435.5430
1627957692.8702 2436.0586
1627957692.9704 2437.6055
1627957693.0706 2437.6055
1627957693.1708 2437.6055
1627957693.2710 2437.6055
1627957693.3717 2438.3438
1627957693.4714 2438.8594
1627957693.5716 2438.8594
1627957693.6718 2438.8594
1627957693.7721 2439.3750
1627957693.8722 2439.8906
1627957693.9724 2440.6641
1627957694.0726 2440.8984
1627957694.1728 2441.6719
1627957694.2730 2441.6719
1627957694.3732 2441.6719
1627957694.4734 2441.9688
1627957694.5738 2442.4844
1627957694.6738 2442.7422
1627957694.7739 2442.8984
1627957694.8742 2443.6719
1627957694.9744 2444.4453
1627957695.0746 2444.4453
1627957695.1748 2444.4453
1627957695.2750 2444.9414
1627957695.3751 2445.4570
1627957695.4753 2445.9727
1627957695.5755 2446.4883
1627957695.6757 2446.4883
1627957695.7759 2448.0352
1627957695.8761 2448.0352
1627957695.9764 2448.2383
1627957696.0765 2448.2383
1627957696.1767 2448.2422
1627957696.2769 2448.7578
1627957696.3771 2449.2734
1627957696.4773 2449.2734
1627957696.5775 2450.2773
1627957696.6778 2450.2773
1627957696.7780 2450.2773
1627957696.8781 2450.5781
1627957696.9783 2451.0938
1627957697.0785 2451.6094
1627957697.1787 2452.1250
1627957697.2789 2452.6406
1627957697.3791 2452.6406
1627957697.4793 2453.9727
1627957697.5795 2453.9727
1627957697.6797 2454.3359
1627957697.7799 2454.3359
1627957697.8802 2454.4688
1627957697.9802 2454.9844
1627957698.0812 2455.5000
1627957698.1806 2456.0156
1627957698.2826 2456.5312
1627957698.3810 2456.5312
1627957698.4813 2457.7305
1627957698.5814 2457.7305
1627957698.6817 2457.7305
1627957698.7818 2457.8320
1627957698.8820 2458.3477
1627957698.9822 2458.8633
1627957699.0844 2458.8633
1627957699.1826 2459.2734
1627957699.2828 2459.7891
1627957699.3830 2460.3047
1627957699.4832 2460.8203
1627957699.5834 2461.3359
1627957699.6836 2461.3359
1627957699.7838 2462.6406
1627957699.8887 2462.6406
1627957699.9846 2462.6406
1627957700.0847 2462.7656
1627957700.1846 2463.2812
1627957700.2866 2464.0547
1627957700.3849 2464.3125
1627957700.4852 2464.3125
1627957700.5854 2464.6836
1627957700.6855 2465.1992
1627957700.7857 2465.7148
1627957700.8859 2466.2305
1627957700.9861 2466.7461
1627957701.0864 2466.7461
1627957701.1865 2466.9961
1627957701.2887 2467.5117
1627957701.3870 2468.0273
1627957701.4871 2468.5430
1627957701.5873 2469.0586
1627957701.6876 2469.0586
1627957701.7877 2469.3828
1627957701.8879 2469.8984
1627957701.9881 2470.4141
1627957702.0883 2470.9297
1627957702.1885 2471.4453
1627957702.2887 2471.9609
1627957702.3889 2471.9609
1627957702.4891 2473.3164
1627957702.5893 2473.3164
1627957702.6895 2473.3164
1627957702.7897 2473.7305
1627957702.8899 2474.2461
1627957702.9901 2474.7617
1627957703.0904 2474.7617
1627957703.1905 2475.8047
1627957703.2907 2475.8047
1627957703.3909 2476.4102
1627957703.4914 2476.4102
1627957703.5912 2477.3398
1627957703.6919 2477.3398
1627957703.7917 2478.2031
1627957703.8919 2478.2031
1627957703.9920 2479.0078
1627957704.0925 2479.0078
1627957704.1924 2480.0859
1627957704.2927 2480.0859
1627957704.3928 2481.0312
1627957704.4931 2481.0312
1627957704.5933 2481.0312
1627957704.6992 2481.4219
1627957704.7937 2481.9375
1627957704.8938 2483.4844
1627957704.9940 2483.4844
1627957705.0942 2483.9961
1627957705.1944 2483.9961
1627957705.2946 2485.0664
1627957705.3948 2485.0664
1627957705.4950 2485.0664
1627957705.5952 2485.3320
1627957705.6954 2485.5898
1627957705.7956 2486.6211
1627957705.8958 2486.6211
1627957705.9960 2488.1680
1627957706.0962 2488.1680
1627957706.1964 2488.7070
1627957706.2966 2488.7070
1627957706.3967 2488.7070
1627957706.4970 2490.1992
1627957706.5972 2490.1992
1627957706.6974 2490.3008
1627957706.7975 2490.8164
1627957706.8978 2491.3320
1627957706.9979 2491.8477
1627957707.0985 2492.3633
1627957707.1983 2492.6211
1627957707.2985 2493.0938
1627957707.3989 2494.1250
1627957707.4994 2494.1250
1627957707.5992 2494.1250
1627957707.6994 2494.6406
1627957707.7995 2495.1562
1627957707.8997 2495.9297
1627957707.9999 2496.2578
1627957708.1001 2497.0312
1627957708.2003 2497.0312
1627957708.3005 2497.7695
1627957708.4010 2498.0273
1627957708.5009 2498.5430
1627957708.6013 2499.3164
1627957708.7013 2500.0898
1627957708.8015 2500.8633
1627957708.9017 2500.8633
1627957709.0019 2501.4258
1627957709.1021 2502.1992
1627957709.2023 2502.2188
1627957709.3025 2502.4766
1627957709.4026 2502.9922
1627957709.5028 2503.7656
1627957709.6031 2504.2734
1627957709.7033 2505.0469
1627957709.8035 2505.0859
1627957709.9037 2505.3438
1627957710.0038 2505.8594
1627957710.1041 2506.3750
1627957710.2042 2506.6328
1627957710.3044 2507.1914
1627957710.4046 2508.2227
1627957710.5048 2508.7383
1627957710.6052 2509.7695
1627957710.7053 2509.9219
1627957710.8054 2510.6953
1627957710.9057 2510.6953
1627957711.0086 2511.2305
1627957711.1060 2512.0039
1627957711.2062 2512.0430
1627957711.3064 2512.3008
1627957711.4066 2512.8164
1627957711.5068 2513.0742
1627957711.6070 2514.1055
1627957711.7086 2514.8789
1627957711.8076 2515.4258
1627957711.9076 2515.4258
1627957712.0147 2515.6836
1627957712.1080 2516.4570
1627957712.2082 2517.4883
1627957712.3084 2518.2617
1627957712.4094 2518.2617
1627957712.5088 2518.2617
1627957712.6106 2518.6367
1627957712.7123 2519.4102
1627957712.8094 2519.7031
1627957712.9095 2519.9609
1627957713.0103 2520.4766
1627957713.1099 2520.9922
1627957713.2102 2521.5078
1627957713.3103 2522.0234
1627957713.4105 2523.0547
1627957713.5107 2523.8281
1627957713.6111 2523.9766
1627957713.7111 2524.7500
1627957713.8116 2525.0234
1627957713.9115 2525.7969
1627957714.0120 2525.8828
1627957714.1119 2526.6562
1627957714.2121 2527.4297
1627957714.3143 2527.4961
1627957714.4126 2528.0117
1627957714.5127 2528.5273
1627957714.6134 2529.3008
1627957714.7147 2529.5586
1627957714.8133 2529.8164
1627957714.9135 2530.8477
1627957715.0184 2531.1055
1627957715.1139 2531.6211
1627957715.2207 2532.1367
1627957715.3143 2532.6523
1627957715.4145 2533.1680
1627957715.5154 2533.9414
1627957715.6149 2534.3398
1627957715.7150 2534.5977
1627957715.8152 2535.1133
1627957715.9154 2535.8867
1627957716.0158 2536.6602
1627957716.1158 2537.4336
1627957716.2161 2537.4336
1627957716.3162 2537.9141
1627957716.4167 2538.6875
1627957716.5166 2538.7188
1627957716.6169 2539.4922
1627957716.7170 2540.2656
1627957716.8173 2540.2773
1627957716.9175 2540.7930
1627957717.0176 2541.0508
1627957717.1178 2541.8242
1627957717.2180 2542.3398
1627957717.3182 2542.5977
1627957717.4184 2543.1133
1627957717.5186 2543.8867
1627957717.6188 2544.1523
1627957717.7190 2544.9258
1627957717.8193 2545.4492
1627957717.9200 2545.9648
1627957718.0198 2546.4805
1627957718.1198 2546.9961
1627957718.2206 2547.5117
1627957718.3202 2548.0273
1627957718.4204 2548.8008
1627957718.5206 2548.8008
1627957718.6208 2549.8320
1627957718.7210 2550.3477
1627957718.8211 2551.1211
1627957718.9213 2551.8945
1627957719.0215 2551.9023
1627957719.1217 2552.1602
1627957719.2220 2553.1914
1627957719.3221 2553.9648
1627957719.4223 2553.9648
1627957719.5225 2554.1680
1627957719.6227 2554.4258
1627957719.7229 2555.1992
1627957719.8231 2555.7148
1627957719.9234 2556.0195
1627957720.0235 2556.7930
1627957720.1238 2557.3086
1627957720.2239 2557.8242
1627957720.3241 2557.8242
1627957720.4249 2558.9219
1627957720.5245 2559.4375
1627957720.6247 2559.6953
1627957720.7249 2560.4688
1627957720.8251 2560.7266
1627957720.9256 2561.7578
1627957721.0255 2562.2734
1627957721.1258 2562.5859
1627957721.2259 2563.3594
1627957721.3261 2563.3672
1627957721.4263 2563.8828
1627957721.5265 2564.3984
1627957721.6267 2564.9180
1627957721.7269 2565.6914
1627957721.8270 2566.4648
1627957721.9273 2566.4648
1627957722.0275 2567.1836
1627957722.1276 2567.4414
1627957722.2279 2568.7305
1627957722.3282 2569.2461
1627957722.4283 2569.2461
1627957722.5284 2569.6914
1627957722.6286 2570.2070
1627957722.7288 2570.7227
1627957722.8290 2571.2383
1627957722.9294 2571.7539
1627957723.0294 2571.7539
1627957723.1299 2572.7266
1627957723.2298 2573.2422
1627957723.3328 2573.5000
1627957723.4302 2574.2734
1627957723.5307 2574.5312
1627957723.6306 2575.3047
1627957723.7308 2576.0781
1627957723.8310 2576.5547
1627957723.9433 2577.0703
1627957724.0314 2577.1797
1627957724.1333 2577.6953
1627957724.2318 2578.2109
1627957724.3326 2578.7266
1627957724.4321 2579.7578
1627957724.5339 2580.2734
1627957724.6326 2580.3516
1627957724.7329 2580.8672
1627957724.8330 2581.3828
1627957724.9332 2581.6406
1627957725.0333 2582.6719
1627957725.1336 2583.1875
1627957725.2338 2583.2578
1627957725.3341 2583.7734
1627957725.4342 2584.2891
1627957725.5343 2584.2891
1627957725.6345 2585.1875
1627957725.7349 2585.9609
1627957725.8349 2586.4766
1627957725.9358 2586.7344
1627957726.0353 2587.5078
1627957726.1355 2588.0234
1627957726.2357 2588.2812
1627957726.3359 2589.0547
1627957726.4361 2589.8281
1627957726.5364 2590.6016
1627957726.6365 2591.0352
1627957726.7367 2591.5508
1627957726.8369 2592.0703
1627957726.9371 2592.5859
1627957727.0373 2593.3633
1627957727.1375 2593.8789
1627957727.2377 2594.1016
1627957727.3379 2594.6172
1627957727.4381 2594.8789
1627957727.5383 2595.6523
1627957727.6385 2595.6523
1627957727.7387 2596.4297
1627957727.8389 2596.9453
1627957727.9396 2596.9688
1627957728.0393 2597.7422
1627957728.1395 2598.2578
1627957728.2396 2598.2812
1627957728.3399 2598.5391
1627957728.4400 2599.0547
1627957728.5402 2599.8281
1627957728.6404 2600.0859
1627957728.7406 2600.6016
1627957728.8408 2601.1172
1627957728.9419 2601.3750
1627957729.0412 2602.1484
1627957729.1427 2602.6641
1627957729.2416 2602.8789
1627957729.3418 2603.6523
1627957729.4420 2604.4180
1627957729.5423 2604.9336
1627957729.6424 2604.9531
1627957729.7426 2605.4688
1627957729.8428 2605.9844
1627957729.9432 2606.2344
1627957730.0432 2607.0078
1627957730.1434 2607.2656
1627957730.2436 2607.7812
1627957730.3438 2608.8125
1627957730.4441 2609.3281
1627957730.5442 2610.2148
1627957730.6444 2610.7305
1627957730.7446 2610.9297
1627957730.8448 2611.4453
1627957730.9450 2611.4453
1627957731.0452 2612.2070
1627957731.1455 2613.2383
1627957731.2456 2613.7539
1627957731.3460 2614.0078
1627957731.4460 2614.5234
1627957731.5461 2615.0391
1627957731.6463 2615.5547
1627957731.7465 2616.0703
1627957731.8467 2616.5859
1627957731.9469 2617.1016
1627957732.0472 2617.8750
1627957732.1473 2618.3906
1627957732.2475 2618.9062
1627957732.3481 2619.4219
1627957732.4479 2619.9375
1627957732.5481 2620.4531
1627957732.6483 2620.9688
1627957732.7485 2621.7422
1627957732.8487 2622.2578
1627957732.9489 2622.7734
1627957733.0491 2623.2891
1627957733.1493 2623.8047
1627957733.2503 2624.3203
1627957733.3497 2625.3516
1627957733.4524 2625.6094
1627957733.5501 2626.1250
1627957733.6503 2626.8984
1627957733.7505 2627.4141
1627957733.8507 2627.9297
1627957733.9509 2628.4453
1627957734.0514 2629.4766
1627957734.1513 2629.9922
1627957734.2521 2631.0234
1627957734.3517 2631.5391
1627957734.4518 2632.1406
1627957734.5520 2632.6562
1627957734.6522 2633.1719
1627957734.7524 2634.3164
1627957734.8526 2634.5742
1627957734.9529 2635.0898
1627957735.0530 2635.6055
1627957735.1532 2636.1211
1627957735.2535 2636.6367
1627957735.3536 2637.6680
1627957735.4539 2638.1836
1627957735.5541 2639.2148
1627957735.6604 2639.7305
1627957735.7544 2640.2461
1627957735.8598 2640.7617
1627957735.9548 2641.2773
1627957736.0572 2641.7930
1627957736.1552 2642.8242
1627957736.2617 2643.0820
1627957736.3556 2643.8555
1627957736.4560 2644.6289
1627957736.5560 2645.1445
1627957736.6562 2645.6602
1627957736.7564 2646.1758
1627957736.8609 2647.2070
1627957736.9568 2647.7227
1627957737.0607 2647.7891
1627957737.1572 2648.8203
1627957737.2628 2649.3359
1627957737.3575 2649.9102
1627957737.4596 2650.4258
1627957737.5579 2650.9375
1627957737.6582 2651.4531
1627957737.7583 2651.4531
1627957737.8587 2651.9648
1627957737.9587 2652.4805
1627957738.0591 2653.5117
1627957738.1591 2654.2852
1627957738.2639 2654.6875
1627957738.3595 2655.2031
1627957738.4598 2655.2031
1627957738.5611 2656.2344
1627957738.6720 2656.7500
1627957738.7603 2657.3320
1627957738.8610 2657.8477
1627957738.9607 2657.9531
1627957739.0609 2658.4688
1627957739.1621 2659.2422
1627957739.2626 2659.5000
1627957739.3615 2660.7891
1627957739.4617 2661.2773
1627957739.5619 2661.2773
1627957739.6621 2662.3086
1627957739.7623 2662.3086
1627957739.8625 2662.8242
1627957739.9627 2663.0820
1627957740.0630 2663.5977
1627957740.1631 2664.1133
1627957740.2645 2664.3711
1627957740.3634 2665.3516
1627957740.4642 2666.1250
1627957740.5638 2666.8984
1627957740.6663 2667.6719
1627957740.7643 2667.8555
1627957740.8675 2668.6289
1627957740.9646 2668.6367
1627957741.0686 2669.1523
1627957741.1651 2669.6680
1627957741.2682 2670.1836
1627957741.3655 2670.5703
1627957741.4656 2671.0859
1627957741.5658 2671.3438
1627957741.6667 2672.1172
1627957741.7662 2672.1172
1627957741.8673 2672.6328
1627957741.9666 2673.1484
1627957742.0668 2673.9219
1627957742.1670 2674.5234
1627957742.2672 2675.2969
1627957742.3674 2675.2969
1627957742.4676 2675.5820
1627957742.5678 2675.8672
1627957742.6681 2676.6406
1627957742.7682 2676.6484
1627957742.8684 2677.4219
1627957742.9686 2677.4219
1627957743.0711 2677.9375
1627957743.1690 2678.4531
1627957743.2702 2679.2266
1627957743.3694 2679.2266
1627957743.4697 2679.5039
1627957743.5698 2680.0195
1627957743.6699 2680.5352
1627957743.7701 2681.0508
1627957743.8706 2681.8242
1627957743.9705 2681.8242
1627957744.0707 2682.4648
1627957744.1709 2682.9102
1627957744.2712 2683.6836
1627957744.3714 2683.6836
1627957744.4715 2683.6992
1627957744.5720 2683.9570
1627957744.6719 2684.7305
1627957744.7725 2684.7305
1627957744.8723 2685.0000
1627957744.9725 2685.5156
1627957745.0742 2686.2891
1627957745.1729 2687.0625
1627957745.2731 2687.0625
1627957745.3734 2688.0625
1627957745.4735 2688.0625
1627957745.5737 2688.8516
1627957745.6739 2688.8516
1627957745.7741 2688.8516
1627957745.8743 2689.7812
1627957745.9748 2689.7812
1627957746.0749 2690.9570
1627957746.1749 2690.9570
1627957746.2751 2691.9023
1627957746.3753 2691.9023
1627957746.4782 2691.9023
1627957746.5757 2692.1289
1627957746.6759 2692.3867
1627957746.7760 2692.6445
1627957746.8767 2693.1602
1627957746.9765 2693.6758
1627957747.0766 2694.1914
1627957747.1768 2694.6562
1627957747.2770 2695.4297
1627957747.3787 2695.4297
1627957747.4774 2695.4609
1627957747.5776 2696.2344
1627957747.6778 2696.4922
1627957747.7780 2696.7500
1627957747.8782 2696.7500
1627957747.9784 2697.8320
1627957748.0786 2697.8320
1627957748.1788 2698.7266
1627957748.2790 2698.7266
1627957748.3792 2699.5000
1627957748.4794 2699.7578
1627957748.5796 2700.0156
1627957748.6799 2700.5312
1627957748.7800 2700.7891
1627957748.8802 2701.0469
1627957748.9804 2702.0781
1627957749.0806 2702.0781
1627957749.1815 2702.8516
1627957749.2810 2703.6250
1627957749.3812 2703.7695
1627957749.4814 2704.5430
1627957749.5817 2704.5938
1627957749.6818 2704.5938
1627957749.7829 2706.1406
1627957749.8821 2706.1406
1627957749.9824 2706.8555
1627957750.0936 2706.8555
1627957750.1827 2706.8555
1627957750.2829 2707.1719
1627957750.3833 2708.7188
1627957750.4833 2708.7188
1627957750.5841 2708.7188
1627957750.6838 2708.7188
1627957750.7839 2708.9688
1627957750.8841 2709.4844
1627957750.9843 2710.0000
1627957751.0845 2710.0000
1627957751.1848 2710.3828
1627957751.2849 2710.8984
1627957751.3852 2711.4141
1627957751.4853 2711.9297
1627957751.5855 2712.1875
1627957751.6857 2712.1875
1627957751.7870 2713.6680
1627957751.8861 2713.6680
1627957751.9929 2714.0391
1627957752.0865 2714.0391
1627957752.1867 2714.9766
1627957752.2869 2714.9766
1627957752.3871 2715.5820
1627957752.4873 2715.5820
1627957752.5875 2715.6484
1627957752.6877 2715.9062
1627957752.7879 2716.4219
1627957752.8881 2716.9375
1627957752.9883 2717.4531
1627957753.0885 2717.4531
1627957753.1887 2718.9570
1627957753.2889 2718.9570
1627957753.3891 2719.6133
1627957753.4892 2719.6133
1627957753.5895 2719.6328
1627957753.6897 2719.6328
1627957753.7898 2721.1328
1627957753.8900 2721.1328
1627957753.9903 2721.1328
1627957754.0904 2721.1328
1627957754.1906 2722.6133
1627957754.2908 2722.6133
1627957754.3910 2722.8008
1627957754.4913 2722.8008
1627957754.5915 2724.0117
1627957754.6916 2724.0117
1627957754.7918 2724.0117
1627957754.8921 2724.2266
1627957754.9927 2724.7422
1627957755.0925 2725.2578
1627957755.1956 2725.7734
1627957755.2928 2726.2891
1627957755.3930 2726.8047
1627957755.4932 2726.8047
1627957755.5935 2726.8359
1627957755.6936 2727.3516
1627957755.7938 2727.8672
1627957755.8940 2727.8672
1627957755.9942 2728.2070
1627957756.0944 2728.7227
1627957756.1946 2729.2383
1627957756.2948 2729.7539
1627957756.3954 2730.2695
1627957756.4970 2730.2695
1627957756.5954 2730.4492
1627957756.6955 2730.9648
1627957756.7957 2731.4805
1627957756.8961 2731.9961
1627957756.9961 2732.5117
1627957757.0964 2733.0273
1627957757.1965 2733.0273
1627957757.2968 2734.4727
1627957757.3970 2734.4727
1627957757.4971 2734.4727
1627957757.5973 2734.6445
1627957757.6975 2735.1602
1627957757.7977 2735.6758
1627957757.8979 2736.1914
1627957757.9981 2736.1914
1627957758.0983 2736.4453
1627957758.1985 2737.2188
1627957758.2994 2737.7344
1627957758.3993 2739.2812
1627957758.4991 2739.2812
1627957758.6010 2739.2812
1627957758.6995 2739.2812
1627957758.7997 2739.7930
1627957758.8999 2740.3086
1627957759.0001 2740.8242
1627957759.1003 2740.8242
1627957759.2005 2742.1406
1627957759.3007 2742.1406
1627957759.4028 2743.2305
1627957759.5011 2743.2305
1627957759.6013 2743.2305
1627957759.7015 2743.2305
1627957759.8022 2743.6992
1627957759.9019 2744.2148
1627957760.0020 2744.2148
1627957760.1023 2744.6367
1627957760.2030 2745.1523
1627957760.3026 2745.6680
1627957760.4028 2745.9258
1627957760.5030 2745.9258
1627957760.6032 2746.5078
1627957760.7035 2747.0234
1627957760.8036 2747.5391
1627957760.9038 2747.7969
1627957761.0040 2748.3125
1627957761.1042 2748.3398
1627957761.2044 2748.8555
1627957761.3046 2749.1133
1627957761.4054 2749.6289
1627957761.5050 2750.1445
1627957761.6052 2750.6602
1627957761.7054 2751.1758
1627957761.8056 2751.4336
1627957761.9058 2751.4336
1627957762.0060 2751.8594
1627957762.1062 2752.3750
1627957762.2064 2752.8906
1627957762.3066 2753.4062
1627957762.4068 2753.9219
1627957762.5070 2754.4375
1627957762.6072 2754.9531
1627957762.7073 2755.4688
1627957762.8076 2755.7266
1627957762.9086 2755.7266
1627957763.0079 2757.2734
1627957763.1082 2757.2734
1627957763.2084 2758.1367
1627957763.3085 2758.1367
1627957763.4087 2759.5898
1627957763.5092 2759.5898
1627957763.6091 2760.6914
1627957763.7093 2760.6914
1627957763.8095 2761.2617
1627957763.9102 2761.2617
1627957764.0099 2761.3516
1627957764.1103 2761.6094
1627957764.2103 2762.1250
1627957764.3106 2762.6406
1627957764.4108 2763.1562
1627957764.5109 2763.6719
1627957764.6111 2764.1875
1627957764.7133 2764.7031
1627957764.8115 2765.2188
1627957764.9126 2765.2539
1627957765.0124 2766.8008
1627957765.1127 2766.8008
1627957765.2125 2766.8008
1627957765.3140 2766.8008
1627957765.4127 2767.2539
1627957765.5130 2767.7695
1627957765.6131 2768.2852
1627957765.7133 2768.8008
1627957765.8135 2769.3164
1627957765.9137 2769.8320
1627957766.0140 2770.3477
1627957766.1141 2770.8633
1627957766.2143 2770.8633
1627957766.3145 2772.0859
1627957766.4147 2772.0859
1627957766.5149 2772.0859
1627957766.6150 2772.5352
1627957766.7154 2773.0508
1627957766.8158 2773.5664
1627957766.9156 2774.0820
1627957767.0159 2774.0820
1627957767.1161 2775.3438
1627957767.2163 2775.3438
1627957767.3164 2775.3438
1627957767.4169 2775.5312
1627957767.5168 2776.0469
1627957767.6172 2776.5625
1627957767.7172 2777.0781
1627957767.8174 2777.5938
1627957767.9178 2778.1094
1627957768.0178 2778.1094
1627957768.1180 2779.4141
1627957768.2182 2779.4141
1627957768.3184 2780.1094
1627957768.4186 2780.1094
1627957768.5188 2780.9141
1627957768.6190 2780.9141
1627957768.7192 2781.6953
1627957768.8194 2781.6953
1627957768.9196 2782.5078
1627957769.0199 2782.5078
1627957769.1200 2783.3945
1627957769.2236 2783.3945
1627957769.3205 2784.1562
1627957769.4206 2784.1562
1627957769.5208 2784.1562
1627957769.6210 2784.5703
1627957769.7211 2785.0859
1627957769.8214 2785.6016
1627957769.9215 2786.1172
1627957770.0217 2786.6328
1627957770.1219 2787.1484
1627957770.2221 2787.6641
1627957770.3223 2787.6641
1627957770.4225 2788.9727
1627957770.5227 2788.9727
1627957770.6230 2789.7344
1627957770.7231 2789.7344
1627957770.8233 2790.1055
1627957770.9236 2790.6211
1627957771.0237 2791.1367
1627957771.1239 2791.6523
1627957771.2243 2791.6523
1627957771.3243 2792.9414
1627957771.4245 2792.9414
1627957771.5247 2793.3281
1627957771.6249 2793.8438
1627957771.7251 2794.3594
1627957771.8253 2794.6172
1627957771.9255 2795.1328
1627957772.0257 2795.6484
1627957772.1259 2796.1641
1627957772.2261 2796.1641
1627957772.3263 2797.5781
1627957772.4265 2797.5781
1627957772.5267 2798.5195
1627957772.6273 2798.5195
1627957772.7270 2799.4688
1627957772.8273 2799.4688
1627957772.9274 2799.6680
1627957773.0276 2800.1836
1627957773.1281 2800.4414
1627957773.2280 2800.9570
1627957773.3282 2800.9570
1627957773.4284 2801.3711
1627957773.5286 2801.8867
1627957773.6288 2802.4023
1627957773.7290 2803.9492
1627957773.8292 2803.9492
1627957773.9294 2804.7031
1627957774.0296 2804.7031
1627957774.1298 2804.9805
1627957774.2300 2805.4961
1627957774.3302 2806.0117
1627957774.4304 2807.5586
1627957774.5306 2807.5586
1627957774.6308 2808.1250
1627957774.7310 2808.1250
1627957774.8312 2808.8867
1627957774.9314 2808.8867
1627957775.0316 2809.8242
1627957775.1326 2809.8242
1627957775.2320 2809.9844
1627957775.3325 2810.5000
1627957775.4324 2812.0469
1627957775.5326 2812.0469
1627957775.6328 2812.8359
1627957775.7330 2812.8359
1627957775.8332 2814.0938
1627957775.9334 2814.0938
1627957776.0335 2814.7812
1627957776.1353 2814.7812
1627957776.2339 2815.8633
1627957776.3345 2815.8633
1627957776.4343 2816.1250
1627957776.5346 2816.6406
1627957776.6347 2817.1562
1627957776.7360 2818.7031
1627957776.8354 2818.7031
1627957776.9353 2819.3477
1627957777.0355 2819.8633
1627957777.1357 2820.1211
1627957777.2359 2820.6367
1627957777.3361 2821.9258
1627957777.4365 2821.9258
1627957777.5365 2822.7461
1627957777.6367 2822.7461
1627957777.7369 2822.7461
1627957777.8372 2823.1680
1627957777.9373 2824.7148
1627957778.0375 2824.7148
1627957778.1377 2825.6055
1627957778.2379 2825.6055
1627957778.3381 2826.6523
1627957778.4383 2826.6523
1627957778.5385 2827.5000
1627957778.6387 2827.5000
1627957778.7389 2827.5000
1627957778.8391 2828.7344
1627957778.9393 2828.7344
1627957779.0395 2828.8203
1627957779.1397 2830.3672
1627957779.2406 2830.3672
1627957779.3401 2830.3672
1627957779.4403 2830.8008
1627957779.5405 2831.3164
1627957779.6406 2832.8633
1627957779.7408 2832.8633
1627957779.8411 2832.8633
1627957779.9412 2833.9531
1627957780.0414 2833.9531
1627957780.1416 2834.8945
1627957780.2418 2834.8945
1627957780.3421 2835.0742
1627957780.4422 2836.3633
1627957780.5424 2836.5078
1627957780.6426 2837.7969
1627957780.7428 2837.7969
1627957780.8440 2839.1172
1627957780.9432 2839.1172
1627957781.0434 2839.5039
1627957781.1436 2840.0195
1627957781.2438 2840.2773
1627957781.3440 2840.2773
1627957781.4443 2841.8242
1627957781.5444 2841.8242
1627957781.6447 2841.8242
1627957781.7448 2843.3086
1627957781.8486 2843.3086
1627957781.9452 2843.3086
1627957782.0454 2843.7422
1627957782.1456 2845.2891
1627957782.2458 2845.2891
1627957782.3460 2845.2891
1627957782.4462 2846.7383
1627957782.5464 2846.7734
1627957782.6467 2847.2891
1627957782.7468 2847.8047
1627957782.8469 2849.3516
1627957782.9471 2849.3516
1627957783.0473 2849.3516
1627957783.1475 2850.6211
1627957783.2477 2850.6211
1627957783.3479 2851.7578
1627957783.4482 2851.7578
1627957783.5484 2851.7773
1627957783.6487 2853.3242
1627957783.7487 2853.3242
1627957783.8489 2853.4336
1627957783.9491 2854.9805
1627957784.0497 2854.9805
1627957784.1495 2856.0547
1627957784.2497 2856.0547
1627957784.3509 2856.5234
1627957784.4502 2858.0703
1627957784.5503 2858.0703
1627957784.6505 2859.5664
1627957784.7507 2859.5898
1627957784.8509 2861.1367
1627957784.9511 2861.1367
1627957785.0514 2862.6016
1627957785.1519 2862.6016
1627957785.2517 2864.0312
1627957785.3519 2864.1875
1627957785.4521 2864.7031
1627957785.5523 2865.4766
1627957785.6525 2865.9922
1627957785.7527 2866.5078
1627957785.8529 2867.0234
1627957785.9531 2868.5703
1627957786.0533 2869.0859
1627957786.1535 2869.6016
1627957786.2537 2870.3750
1627957786.3538 2870.6328
1627957786.4541 2870.8906
1627957786.5542 2871.2617
1627957786.6545 2872.8086
1627957786.7547 2873.3242
1627957786.8548 2873.8398
1627957786.9567 2874.4062
1627957787.0552 2874.9219
1627957787.1554 2875.6953
1627957787.2556 2876.2109
1627957787.3558 2876.7266
1627957787.4561 2877.2422
1627957787.5565 2878.2734
1627957787.6564 2878.7891
1627957787.7566 2880.0781
1627957787.8568 2880.5938
1627957787.9570 2881.5391
1627957788.0572 2882.5703
1627957788.1574 2882.8281
1627957788.2576 2883.3438
1627957788.3578 2884.3750
1627957788.4580 2884.8906
1627957788.5582 2885.4062
1627957788.6584 2885.9219
1627957788.7586 2886.6953
1627957788.8588 2887.4688
1627957788.9590 2888.2422
1627957789.0598 2888.7578
1627957789.1597 2889.5312
1627957789.2596 2890.0469
1627957789.3601 2890.8203
1627957789.4600 2891.3359
1627957789.5608 2892.3672
1627957789.6603 2892.6250
1627957789.7606 2893.1406
1627957789.8607 2893.9141
1627957789.9611 2894.4297
1627957790.0611 2895.2031
1627957790.1613 2895.9766
1627957790.2617 2896.7500
1627957790.3633 2897.7812
1627957790.4634 2898.2969
1627957790.5622 2898.6523
1627957790.6646 2899.9414
1627957790.7625 2900.4570
1627957790.8631 2900.7031
1627957790.9630 2901.9922
1627957791.0631 2902.5078
1627957791.1633 2902.7344
1627957791.2635 2903.5078
1627957791.3637 2904.5391
1627957791.4639 2905.0547
1627957791.5641 2905.4961
1627957791.6643 2906.2695
1627957791.7645 2907.0430
1627957791.8647 2907.5586
1627957791.9649 2908.2305
1627957792.0651 2908.7461
1627957792.1653 2909.2617
1627957792.2655 2910.0352
1627957792.3657 2910.5508
1627957792.4659 2911.3242
1627957792.5707 2911.8398
1627957792.6663 2912.5195
1627957792.7665 2913.5508
1627957792.8667 2913.8086
1627957792.9671 2914.8398
1627957793.0672 2915.3555
1627957793.1673 2916.3867
1627957793.2675 2916.6445
1627957793.3682 2917.4180
1627957793.4679 2917.9336
1627957793.5681 2918.4492
1627957793.6686 2919.4805
1627957793.7688 2919.9961
1627957793.8688 2921.0273
1627957793.9689 2921.5430
1627957794.0714 2922.2070
1627957794.1692 2922.9805
1627957794.2694 2924.0117
1627957794.3696 2924.2695
1627957794.4698 2925.3008
1627957794.5701 2925.8164
1627957794.6702 2926.5898
1627957794.7709 2927.6211
1627957794.8706 2928.1367
1627957794.9708 2928.6523
1627957795.0710 2929.4258
1627957795.1715 2930.1992
1627957795.2714 2930.4531
1627957795.3741 2931.2266
1627957795.4718 2931.8125
1627957795.5723 2932.5859
1627957795.6722 2933.4570
1627957795.7724 2933.9727
1627957795.8726 2934.8906
1627957795.9731 2935.4062
1627957796.0730 2936.0625
1627957796.1732 2936.8359
1627957796.2734 2937.3633
1627957796.3738 2938.1367
1627957796.4738 2938.9258
1627957796.5739 2940.2148
1627957796.6742 2940.9883
1627957796.7744 2941.4219
1627957796.8746 2941.9375
1627957796.9749 2942.9688
1627957797.0749 2943.4844
1627957797.1751 2943.8711
1627957797.2754 2944.3867
1627957797.3755 2945.4180
1627957797.4757 2945.9336
1627957797.5765 2946.3008
1627957797.6761 2947.0742
1627957797.7763 2947.8477
1627957797.8766 2947.9453
1627957797.9769 2948.9766
1627957798.0770 2949.7500
1627957798.1771 2949.7852
1627957798.2773 2950.3008
1627957798.3790 2951.5898
1627957798.4777 2951.5898
1627957798.5779 2951.5898
1627957798.6781 2953.1367
1627957798.7784 2953.1367
1627957798.8810 2954.0469
1627957798.9787 2954.0469
1627957799.0797 2954.0469
1627957799.1791 2954.5234
1627957799.2793 2956.0703
1627957799.3795 2956.0703
1627957799.4798 2956.4805
1627957799.5799 2958.0273
1627957799.6812 2958.0273
1627957799.7803 2958.3359
1627957799.8805 2959.0664
1627957799.9807 2959.5820
1627957800.0809 2960.0977
1627957800.1811 2960.6133
1627957800.2812 2961.1289
1627957800.3816 2961.6445
1627957800.4816 2962.6758
1627957800.5818 2963.1914
1627957800.6820 2964.2227
1627957800.7822 2964.7383
1627957800.8851 2965.5117
1627957800.9826 2966.2852
1627957801.0828 2967.0586
1627957801.1830 2967.5625
1627957801.2846 2968.0781
1627957801.3834 2969.1094
1627957801.4836 2969.6250
1627957801.5838 2970.3047
1627957801.6840 2971.3359
1627957801.7842 2971.8516
1627957801.8844 2972.4336
1627957801.9846 2973.2070
1627957802.0848 2973.8125
1627957802.1851 2974.5859
1627957802.2853 2975.3594
1627957802.3854 2975.6992
1627957802.4856 2976.4727
1627957802.5858 2976.9883
1627957802.6860 2978.0195
1627957802.7862 2978.5352
1627957802.8864 2979.0508
1627957802.9866 2979.5664
1627957803.0869 2980.3398
1627957803.1870 2980.5977
1627957803.2872 2981.6289
1627957803.3874 2982.6602
1627957803.4876 2983.1758
1627957803.5878 2983.5508
1627957803.6879 2984.5820
1627957803.7882 2985.0977
1627957803.8883 2985.6758
1627957803.9886 2986.1914
1627957804.0887 2986.3906
1627957804.1889 2986.9062
1627957804.2892 2987.4219
1627957804.3893 2988.1953
1627957804.4895 2988.9688
1627957804.5897 2989.7422
1627957804.6899 2989.7422
1627957804.7901 2990.7539
1627957804.8903 2991.5273
1627957804.9905 2991.5273
1627957805.0907 2992.2383
1627957805.1909 2992.7539
1627957805.2911 2993.2695
1627957805.3913 2993.7852
1627957805.4916 2994.3008
1627957805.5924 2994.8164
1627957805.6929 2995.3320
1627957805.7921 2995.8477
1627957805.8926 2996.3633
1627957805.9925 2996.8789
1627957806.0927 2997.3945
1627957806.1929 2997.9102
1627957806.2934 2998.4258
1627957806.3933 2998.6836
1627957806.4937 2999.4805
1627957806.5937 3000.2539
1627957806.6939 3001.0273
1627957806.7941 3001.8008
1627957806.8943 3001.8008
1627957806.9944 3002.0117
1627957807.0962 3002.5273
1627957807.1948 3003.0430
1627957807.2950 3003.3008
1627957807.3954 3003.8008
1627957807.4954 3004.5742
1627957807.5956 3005.1094
1627957807.6958 3005.8828
1627957807.7960 3006.1562
1627957807.8963 3006.9297
1627957807.9964 3006.9297
1627957808.0966 3007.9492
1627957808.1968 3007.9492
1627957808.2971 3007.9492
1627957808.3972 3008.1953
1627957808.4975 3008.9688
1627957808.5976 3009.2969
1627957808.6978 3010.0703
1627957808.7980 3010.0703
1627957808.8982 3010.5820
1627957808.9984 3011.3555
1627957809.0986 3011.6992
1627957809.1988 3012.2148
1627957809.2990 3012.9883
1627957809.3992 3012.9883
1627957809.4997 3013.7617
1627957809.6001 3014.5352
1627957809.7007 3014.5352
1627957809.8000 3015.3789
1627957809.9002 3016.1523
1627957810.0004 3016.1523
1627957810.1006 3016.1523
1627957810.2008 3016.8945
1627957810.3009 3017.1523
1627957810.4012 3017.9258
1627957810.5014 3018.6992
1627957810.6020 3019.4727
1627957810.7017 3019.4727
1627957810.8020 3020.1719
1627957810.9021 3020.1719
1627957811.0023 3020.4258
1627957811.1025 3020.9414
1627957811.2027 3021.1992
1627957811.3029 3022.2305
1627957811.4074 3023.0039
1627957811.5033 3023.0039
1627957811.6035 3023.1914
1627957811.7041 3023.9648
1627957811.8042 3023.9648
1627957811.9041 3024.9961
1627957812.0043 3025.7695
1627957812.1045 3025.7695
1627957812.2051 3026.0156
1627957812.3049 3026.7891
1627957812.4051 3027.5625
1627957812.5053 3028.3359
1627957812.6056 3028.3359
1627957812.7057 3028.3359
1627957812.8059 3028.8398
1627957812.9065 3029.3555
1627957813.0063 3029.8711
1627957813.1065 3030.3125
1627957813.2067 3030.8281
1627957813.3069 3031.3438
1627957813.4071 3032.1172
1627957813.5073 3032.3906
1627957813.6075 3033.1641
1627957813.7077 3033.1641
1627957813.8078 3033.5742
1627957813.9086 3033.8320
1627957814.0083 3034.8633
1627957814.1084 3035.6367
1627957814.2088 3035.7031
1627957814.3088 3036.7344
1627957814.4090 3037.5078
1627957814.5092 3037.5078
1627957814.6094 3037.9102
1627957814.7096 3038.4258
1627957814.8101 3038.9414
1627957814.9100 3039.1992
1627957815.0102 3040.0234
1627957815.1126 3040.7969
1627957815.2106 3041.3125
1627957815.3108 3041.5703
1627957815.4110 3042.3438
1627957815.5112 3042.3438
1627957815.6115 3042.8594
1627957815.7116 3043.3750
1627957815.8119 3044.1484
1627957815.9120 3044.1914
1627957816.0122 3044.9648
1627957816.1124 3044.9648
1627957816.2128 3044.9648
1627957816.3128 3046.5117
1627957816.4130 3046.5117
1627957816.5132 3046.5625
1627957816.6134 3047.0781
1627957816.7136 3047.5938
1627957816.8138 3048.1094
1627957816.9140 3048.6250
1627957817.0142 3048.8828
1627957817.1144 3048.8828
1627957817.2146 3049.2695
1627957817.3148 3050.8164
1627957817.4150 3050.8164
1627957817.5152 3050.8164
1627957817.6153 3051.1094
1627957817.7156 3051.6250
1627957817.8158 3053.1719
1627957817.9195 3053.1719
1627957818.0161 3053.8242
1627957818.1163 3053.8242
1627957818.2165 3054.8711
1627957818.3167 3054.8711
1627957818.4169 3055.7656
1627957818.5171 3055.7656
1627957818.6173 3056.3945
1627957818.7175 3056.3945
1627957818.8177 3057.2891
1627957818.9179 3057.2891
1627957819.0181 3058.2773
1627957819.1183 3058.2773
1627957819.2185 3059.2930
1627957819.3187 3059.2930
1627957819.4189 3059.2930
1627957819.5191 3059.2930
1627957819.6193 3059.4375
1627957819.7196 3059.9531
1627957819.8197 3060.4688
1627957819.9199 3060.7266
1627957820.0201 3061.2422
1627957820.1203 3061.2422
1627957820.2205 3062.4414
1627957820.3207 3062.4414
1627957820.4209 3062.9219
1627957820.5211 3062.9219
1627957820.6232 3063.7305
1627957820.7215 3063.7305
1627957820.8218 3064.2109
1627957820.9235 3064.2109
1627957821.0221 3064.2109
1627957821.1222 3064.5547
1627957821.2224 3065.0703
1627957821.3227 3065.0703
1627957821.4247 3066.1758
1627957821.5231 3066.1758
1627957821.6232 3066.8828
1627957821.7234 3066.8828
1627957821.8236 3067.6445
1627957821.9238 3067.6445
1627957822.0240 3067.6445
1627957822.1242 3067.6797
1627957822.2244 3067.6797
1627957822.3247 3068.8906
1627957822.4249 3068.8906
1627957822.5250 3068.8906
1627957822.6252 3068.8906
1627957822.7254 3069.5664
1627957822.8264 3069.5664
1627957822.9258 3070.7344
1627957823.0260 3070.7344
1627957823.1262 3071.4336
1627957823.2266 3071.4336
1627957823.3266 3071.7930
1627957823.4269 3071.7930
1627957823.5270 3072.6289
1627957823.6272 3072.6289
1627957823.7274 3072.8047
1627957823.8277 3072.8047
1627957823.9278 3073.9062
1627957824.0280 3073.9062
1627957824.1282 3073.9062
1627957824.2284 3073.9062
1627957824.3286 3073.9062
1627957824.4288 3074.2227
1627957824.5289 3074.7383
1627957824.6291 3074.7383
1627957824.7293 3075.9805
1627957824.8295 3075.9805
1627957824.9298 3075.9805
1627957825.0299 3075.9805
1627957825.1302 3076.2344
1627957825.2303 3076.4922
1627957825.3305 3076.7500
1627957825.4307 3077.2656
1627957825.5309 3077.5234
1627957825.6311 3077.7812
1627957825.7313 3078.2969
1627957825.8315 3078.2969
1627957825.9322 3079.3672
1627957826.0319 3079.3672
1627957826.1321 3080.1602
1627957826.2323 3080.1602
1627957826.3344 3080.3203
1627957826.4327 3080.3203
1627957826.5329 3080.3203
1627957826.6331 3080.4336
1627957826.7334 3081.2070
1627957826.8335 3081.2070
1627957826.9337 3081.2070
1627957827.0338 3082.4219
1627957827.1340 3082.4219
1627957827.2341 3082.9023
1627957827.3343 3082.9023
1627957827.4344 3082.9023
1627957827.5346 3082.9102
1627957827.6347 3083.1680
1627957827.7348 3083.6836
1627957827.8350 3084.1992
1627957827.9351 3084.1992
1627957828.0353 3084.1992
1627957828.1354 3085.7461
1627957828.2356 3085.7461
1627957828.3357 3085.7891
1627957828.4359 3085.7891
1627957828.5360 3086.4805
1627957828.6361 3086.4805
1627957828.7363 3086.9492
1627957828.8364 3086.9492
1627957828.9365 3086.9492
1627957829.0367 3087.6836
1627957829.1369 3087.6836
1627957829.2370 3088.3633
1627957829.3371 3088.3633
1627957829.4372 3088.3633
1627957829.5374 3089.2109
1627957829.6376 3089.2109
1627957829.7377 3089.9375
1627957829.8378 3089.9375
1627957829.9380 3090.0664
1627957830.0381 3090.0664
1627957830.1382 3090.0664
1627957830.2384 3090.1680
1627957830.3385 3090.4258
1627957830.4387 3091.1992
1627957830.5388 3091.1992
1627957830.6390 3091.9531
1627957830.7391 3091.9531
1627957830.8392 3091.9531
1627957830.9401 3092.6289
1627957831.0395 3092.6289
1627957831.1397 3093.0352
1627957831.2398 3093.0352
1627957831.3399 3093.0352
1627957831.4401 3093.0352
1627957831.5402 3093.0352
1627957831.6404 3093.7422
1627957831.7405 3093.7422
1627957831.8406 3093.7422
1627957831.9408 3094.0195
1627957832.0409 3094.5352
1627957832.1411 3094.5352
1627957832.2412 3095.3398
1627957832.3414 3095.3398
1627957832.4415 3096.0547
1627957832.5416 3096.0547
1627957832.6418 3096.1562
1627957832.7419 3096.1562
1627957832.8421 3096.1562
1627957832.9422 3096.1562
1627957833.0424 3096.2461
1627957833.1425 3096.2461
1627957833.2426 3096.4531
1627957833.3428 3097.7422
1627957833.4429 3097.7422
1627957833.5431 3097.7422
1627957833.6432 3097.7422
1627957833.7433 3097.7422
1627957833.8435 3098.8984
1627957833.9436 3098.8984
1627957834.0438 3098.8984
1627957834.1442 3098.8984
1627957834.2441 3099.5078
1627957834.3443 3099.5078
1627957834.4443 3099.5078
1627957834.5446 3099.5508
1627957834.6446 3099.5508
1627957834.7450 3099.8750
1627957834.8449 3099.8750
1627957834.9450 3100.4570
1627957835.0452 3100.4570
1627957835.1457 3100.4570
1627957835.2455 3100.4570
1627957835.3457 3100.4570
1627957835.4459 3100.8320
1627957835.5473 3100.8320
1627957835.6460 3101.8008
1627957835.7462 3101.8008
1627957835.8463 3101.8008
1627957835.9466 3101.8008
1627957836.0466 3101.8008
1627957836.1468 3101.8086
1627957836.2469 3101.8086
1627957836.3471 3101.8086
1627957836.4472 3103.0742
1627957836.5486 3103.0742
1627957836.6475 3103.0742
1627957836.7476 3103.0742
1627957836.8478 3103.0742
1627957836.9482 3103.4883
1627957837.0481 3103.4883
1627957837.1482 3103.4883
1627957837.2487 3103.5078
1627957837.3490 3103.7656
1627957837.4486 3104.0234
1627957837.5488 3104.5391
1627957837.6489 3104.5391
1627957837.7490 3104.5391
1627957837.8492 3104.8203
1627957837.9493 3104.8203
1627957838.0495 3105.9062
1627957838.1496 3105.9062
1627957838.2498 3105.9062
1627957838.3505 3105.9062
1627957838.4501 3106.3086
1627957838.5502 3106.3086
1627957838.6504 3107.1523
1627957838.7505 3107.1523
1627957838.8507 3107.1523
1627957838.9508 3107.1523
1627957839.0509 3107.1523
1627957839.1511 3107.6172
1627957839.2524 3107.6172
1627957839.3522 3108.5859
1627957839.4515 3108.5859
1627957839.5517 3108.7461
1627957839.6519 3108.7461
1627957839.7519 3108.7461
1627957839.8522 3108.7461
1627957839.9522 3108.7461
1627957840.0527 3109.2539
1627957840.1525 3109.5117
1627957840.2526 3109.7695
1627957840.3528 3109.7695
1627957840.4530 3110.5430
1627957840.5531 3110.5430
1627957840.6532 3110.5430
1627957840.7534 3110.5430
1627957840.8535 3110.5430
1627957840.9536 3110.5977
1627957841.0542 3110.8555
1627957841.1539 3111.6289
1627957841.2541 3111.6289
1627957841.3543 3112.0508
1627957841.4553 3112.0508
1627957841.5545 3112.4102
1627957841.6546 3112.4102
1627957841.7548 3112.4102
1627957841.8549 3112.4102
1627957841.9551 3112.4102
1627957842.0552 3112.4102
1627957842.1554 3112.5898
1627957842.2555 3113.1055
1627957842.3556 3113.1055
1627957842.4558 3113.1602
1627957842.5561 3113.4180
1627957842.6591 3113.6758
1627957842.7566 3114.1914
1627957842.8564 3114.7070
1627957842.9565 3114.7070
1627957843.0567 3114.7109
1627957843.1568 3114.9688
1627957843.2571 3115.7422
1627957843.3571 3115.7422
1627957843.4572 3115.7422
1627957843.5574 3115.7422
1627957843.6575 3116.1836
1627957843.7577 3116.1836
1627957843.8584 3116.1836
1627957843.9580 3116.1836
1627957844.0581 3116.6719
1627957844.1582 3116.6719
1627957844.2584 3117.6016
1627957844.3591 3117.6016
1627957844.4587 3117.6016
1627957844.5588 3117.6016
1627957844.6591 3117.7852
1627957844.7591 3117.7852
1627957844.8593 3117.7852
1627957844.9594 3118.0391
1627957845.0597 3118.5547
1627957845.1597 3118.5547
1627957845.2599 3119.7891
1627957845.3601 3119.7891
1627957845.4601 3119.8555
1627957845.5603 3119.8555
1627957845.6604 3120.5547
1627957845.7606 3120.5547
1627957845.8607 3121.2578
1627957845.9609 3121.2578
1627957846.0615 3121.2578
1627957846.1611 3121.2578
1627957846.2613 3121.5664
1627957846.3614 3121.5664
1627957846.4661 3122.3984
1627957846.5622 3122.3984
1627957846.6628 3122.3984
1627957846.7621 3122.3984
1627957846.8633 3122.4453
1627957846.9623 3122.4453
1627957847.0650 3122.4453
1627957847.1626 3123.6367
1627957847.2627 3123.6367
1627957847.3629 3123.6367
1627957847.4630 3123.6367
1627957847.5632 3123.7578
1627957847.6633 3124.0156
1627957847.7635 3124.0156
1627957847.8636 3125.1328
1627957847.9638 3125.1328
1627957848.0653 3125.1328
1627957848.1641 3125.1328
1627957848.2642 3125.2578
1627957848.3643 3125.5156
1627957848.4648 3125.5156
1627957848.5646 3126.6484
1627957848.6647 3126.6484
1627957848.7649 3126.6484
1627957848.8652 3126.6484
1627957848.9652 3126.6484
1627957849.0654 3126.6719
1627957849.1655 3127.9609
1627957849.2678 3127.9609
1627957849.3658 3127.9609
1627957849.4664 3127.9609
1627957849.5661 3128.0000
1627957849.6668 3128.0000
1627957849.7664 3128.0000
1627957849.8665 3128.2578
1627957849.9667 3128.7734
1627957850.0686 3129.2891
1627957850.1671 3129.2891
1627957850.2671 3130.3477
1627957850.3673 3130.3477
1627957850.4706 3130.3477
1627957850.5675 3130.3477
1627957850.6676 3130.4648
1627957850.7678 3130.7227
1627957850.8703 3130.7227
1627957850.9682 3131.6602
1627957851.0683 3131.6602
1627957851.1685 3132.1211
1627957851.2691 3132.1211
1627957851.3687 3132.5664
1627957851.4688 3132.5664
1627957851.5700 3133.0430
1627957851.6691 3133.0430
1627957851.7693 3133.5469
1627957851.8694 3133.5469
1627957851.9696 3133.5469
1627957852.0699 3133.5469
1627957852.1698 3133.7578
1627957852.2701 3134.2734
1627957852.3701 3134.2734
1627957852.4710 3134.2734
1627957852.5765 3134.2734
1627957852.6706 3135.5469
1627957852.7707 3135.5469
1627957852.8709 3135.5469
1627957852.9719 3135.5469
1627957853.0712 3135.5469
1627957853.1714 3136.7305
1627957853.2716 3136.7305
1627957853.3720 3136.7617
1627957853.4717 3136.7617
1627957853.5719 3136.7617
1627957853.6720 3137.4883
1627957853.7725 3137.4883
1627957853.8723 3137.4883
1627957853.9725 3138.6602
1627957854.0727 3138.6602
1627957854.1728 3138.6602
1627957854.2729 3138.6602
1627957854.3731 3138.6602
1627957854.4733 3138.6602
1627957854.5734 3139.4180
1627957854.6735 3139.4180
1627957854.7737 3139.4180
1627957854.8738 3139.4180
1627957854.9739 3139.6836
1627957855.0743 3139.6836
1627957855.1743 3139.6836
1627957855.2744 3139.6836
1627957855.3745 3140.6445
1627957855.4748 3140.6445
1627957855.5748 3140.6445
1627957855.6766 3140.6445
1627957855.7751 3141.8828
1627957855.8753 3141.8828
1627957855.9754 3141.8828
1627957856.0766 3142.5430
1627957856.1757 3142.5430
1627957856.2758 3142.5938
1627957856.3760 3142.5938
1627957856.4766 3143.2109
1627957856.5763 3143.2109
1627957856.6764 3143.2109
1627957856.7766 3143.2109
1627957856.8767 3143.2109
1627957856.9768 3143.2109
1627957857.0771 3143.2695
1627957857.1772 3143.7852
1627957857.2774 3143.7852
1627957857.3775 3144.8164
1627957857.4776 3144.8164
1627957857.5778 3145.3242
1627957857.6779 3145.3242
1627957857.7780 3145.8750
1627957857.8782 3145.8750
1627957857.9783 3146.3750
1627957858.0785 3146.3750
1627957858.1786 3146.8281
1627957858.2788 3146.8281
1627957858.3789 3146.8281
1627957858.4791 3146.8281
1627957858.5792 3146.8281
1627957858.6806 3147.5352
1627957858.7795 3147.5352
1627957858.8796 3147.5352
1627957858.9798 3147.5703
1627957859.0800 3147.8281
1627957859.1801 3148.6016
1627957859.2828 3148.6016
1627957859.3804 3148.6016
1627957859.4805 3148.6250
1627957859.5807 3148.8828
1627957859.6811 3149.6562
1627957859.7811 3149.6562
1627957859.8814 3149.7500
1627957859.9813 3150.0078
1627957860.0814 3150.2656
1627957860.1817 3150.7812
1627957860.2817 3151.0391
1627957860.3819 3151.0391
1627957860.4820 3152.0039
1627957860.5822 3152.0039
1627957860.6823 3152.0039
1627957860.7839 3152.7070
1627957860.8826 3152.7070
1627957860.9827 3152.7070
1627957861.0829 3153.4727
1627957861.1830 3153.4727
1627957861.2833 3153.4727
1627957861.3833 3154.2617
1627957861.4835 3154.2617
1627957861.5837 3155.0742
1627957861.6838 3155.0742
1627957861.7848 3155.1562
1627957861.8841 3155.1562
1627957861.9842 3156.0977
1627957862.0844 3156.0977
1627957862.1846 3156.0977
1627957862.2847 3156.7305
1627957862.3850 3156.7305
1627957862.4849 3157.2930
1627957862.5855 3157.2930
1627957862.6852 3158.1406
1627957862.7855 3158.1406
1627957862.8856 3158.8203
1627957862.9857 3158.8203
1627957863.0859 3159.3984
1627957863.1861 3159.3984
1627957863.2861 3159.7227
1627957863.3863 3159.7227
1627957863.4865 3160.5664
1627957863.5866 3160.5664
1627957863.6867 3161.1055
1627957863.7886 3161.1055
1627957863.8870 3161.8867
1627957863.9872 3161.8867
1627957864.0873 3162.4844
1627957864.1875 3162.4844
1627957864.2876 3163.0469
1627957864.3877 3163.0469
1627957864.4879 3163.7734
1627957864.5880 3163.7734
1627957864.6882 3164.3359
1627957864.7884 3164.3359
1627957864.8885 3164.6836
1627957864.9886 3164.6836
1627957865.0888 3165.4492
1627957865.1889 3165.4492
1627957865.2891 3166.1758
1627957865.3894 3166.1758
1627957865.4894 3166.1758
1627957865.5896 3166.1758
1627957865.6897 3166.4805
1627957865.7898 3166.9961
1627957865.8903 3166.9961
1627957865.9901 3168.0781
1627957866.0903 3168.0781
1627957866.1904 3168.8906
1627957866.2906 3168.8906
1627957866.3907 3168.8906
1627957866.4909 3168.9844
1627957866.5910 3169.1641
1627957866.6912 3169.4219
1627957866.7913 3170.7109
1627957866.8915 3170.7109
1627957866.9916 3171.4180
1627957867.0917 3171.4180
1627957867.1919 3171.9141
1627957867.2920 3171.9141
1627957867.3922 3171.9141
1627957867.4924 3171.9258
1627957867.5925 3172.4414
1627957867.6926 3172.6992
1627957867.7928 3173.2148
1627957867.8960 3173.2148
1627957867.9931 3174.0820
1627957868.0932 3174.0820
1627957868.1934 3174.6094
1627957868.2936 3174.6094
1627957868.3937 3175.4805
1627957868.4939 3175.4805
1627957868.5940 3176.2539
1627957868.6941 3176.2539
1627957868.7943 3176.2539
1627957868.8944 3176.2539
1627957868.9949 3176.8516
1627957869.0957 3176.8516
1627957869.1975 3177.9883
1627957869.2950 3177.9883
1627957869.3952 3178.5781
1627957869.4955 3178.5781
1627957869.5956 3179.1562
1627957869.6965 3179.1562
1627957869.7958 3180.0469
1627957869.8959 3180.0469
1627957869.9961 3180.8320
1627957870.0966 3180.8320
1627957870.1964 3181.1992
1627957870.2967 3181.1992
1627957870.3977 3182.0391
1627957870.4968 3182.0391
1627957870.5985 3182.0391
1627957870.6971 3183.1953
1627957870.8006 3183.1953
1627957870.8974 3183.1953
1627957870.9975 3183.8984
1627957871.0977 3185.0547
1627957871.1978 3185.0547
1627957871.2980 3185.0547
1627957871.3986 3185.0547
1627957871.4983 3186.3438
1627957871.5985 3186.3438
1627957871.6986 3186.4258
1627957871.7991 3186.4258
1627957871.8990 3186.8320
1627957871.9996 3186.8320
1627957872.0992 3187.5078
1627957872.2007 3187.5078
1627957872.2996 3187.5078
1627957872.3998 3188.3633
1627957872.4998 3188.3633
1627957872.6001 3188.4727
1627957872.7001 3188.4727
1627957872.8004 3190.3164
1627957872.9004 3190.3164
1627957873.0005 3190.3164
1627957873.1007 3190.3164
1627957873.2008 3190.5742
1627957873.3010 3191.3477
1627957873.4012 3191.3477
1627957873.5013 3191.3477
1627957873.6015 3191.3477
1627957873.7076 3191.6055
1627957873.8017 3192.1211
1627957873.9019 3192.6367
1627957874.0022 3192.6367
1627957874.1022 3193.8867
1627957874.2023 3193.8867
1627957874.3025 3194.0742
1627957874.4027 3194.0742
1627957874.5028 3194.0742
1627957874.6029 3194.2109
1627957874.7031 3194.7266
1627957874.8032 3194.9844
1627957874.9034 3195.7578
1627957875.0035 3195.7578
1627957875.1040 3196.6328
1627957875.2038 3196.6328
1627957875.3046 3196.7188
1627957875.4041 3196.7188
1627957875.5043 3197.8281
1627957875.6046 3197.8281
1627957875.7046 3198.1367
1627957875.8047 3198.1367
1627957875.9049 3198.9883
1627957876.0050 3198.9883
1627957876.1052 3199.4414
1627957876.2053 3199.4414
1627957876.3055 3200.2070
1627957876.4056 3200.2070
1627957876.5059 3200.5742
1627957876.6059 3200.5742
1627957876.7065 3201.3008
1627957876.8062 3201.3008
1627957876.9065 3201.4492
1627957877.0065 3201.4492
1627957877.1067 3201.4492
1627957877.2068 3201.5547
1627957877.3070 3202.3281
1627957877.4071 3202.3281
1627957877.5073 3203.5469
1627957877.6075 3203.5469
1627957877.7076 3203.7656
1627957877.8077 3203.7656
1627957877.9079 3203.7656
1627957878.0080 3204.0234
1627957878.1082 3204.2812
1627957878.2084 3204.7969
1627957878.3087 3205.0547
1627957878.4086 3205.0547
1627957878.5088 3206.2422
1627957878.6089 3206.2422
1627957878.7091 3206.6328
1627957878.8092 3206.6328
1627957878.9094 3207.1523
1627957879.0095 3207.1523
1627957879.1097 3207.1523
1627957879.2098 3207.1523
1627957879.3100 3207.3828
1627957879.4101 3207.6406
1627957879.5103 3208.4141
1627957879.6104 3208.4141
1627957879.7106 3209.1953
1627957879.8107 3209.1953
1627957879.9109 3209.9336
1627957880.0110 3209.9336
1627957880.1112 3210.2695
1627957880.2113 3210.2695
1627957880.3115 3210.8125
1627957880.4116 3210.8125
1627957880.5118 3211.3047
1627957880.6126 3211.3047
1627957880.7121 3212.0820
1627957880.8122 3212.0820
1627957880.9124 3212.0820
1627957881.0126 3212.0820
1627957881.1127 3212.2461
1627957881.2129 3212.7617
1627957881.3130 3213.0195
1627957881.4132 3213.0195
1627957881.5133 3214.3008
1627957881.6134 3214.3008
1627957881.7143 3215.0352
1627957881.8140 3215.0352
1627957881.9139 3215.6719
1627957882.0140 3215.6719
1627957882.1142 3215.9922
1627957882.2144 3215.9922
1627957882.3145 3216.7930
1627957882.4150 3216.7930
1627957882.5151 3217.5703
1627957882.6149 3217.5703
1627957882.7151 3218.1992
1627957882.8152 3218.1992
1627957882.9157 3218.1992
1627957883.0156 3218.1992
1627957883.1157 3218.3984
1627957883.2158 3218.9141
1627957883.3160 3219.1719
1627957883.4161 3219.6875
1627957883.5207 3219.9453
1627957883.6165 3220.4609
1627957883.7166 3220.9766
1627957883.8168 3221.2344
1627957883.9169 3221.7500
1627957884.0171 3223.2969
1627957884.1172 3223.2969
1627957884.2174 3224.0156
1627957884.3175 3224.0156
1627957884.4178 3224.0156
1627957884.5178 3224.7422
1627957884.6180 3224.7422
1627957884.7182 3226.2891
1627957884.8183 3226.2891
1627957884.9185 3226.3281
1627957885.0186 3226.8438
1627957885.1187 3227.3594
1627957885.2189 3227.8750
1627957885.3190 3228.3906
1627957885.4192 3229.1641
1627957885.5194 3229.6797
1627957885.6195 3229.6797
1627957885.7206 3230.0391
1627957885.8200 3230.5547
1627957885.9199 3232.3594
1627957886.0201 3232.3594
1627957886.1202 3233.0898
1627957886.2205 3233.0898
1627957886.3205 3233.0898
1627957886.4207 3234.5469
1627957886.5208 3234.5469
1627957886.6210 3234.6133
1627957886.7213 3236.1602
1627957886.8213 3236.1602
1627957886.9217 3236.7539
1627957887.0216 3237.2695
1627957887.1217 3237.7852
1627957887.2222 3238.3008
1627957887.3221 3239.0742
1627957887.4222 3239.3320
1627957887.5224 3239.8477
1627957887.6225 3240.3633
1627957887.7227 3241.1367
1627957887.8228 3241.6523
1627957887.9230 3242.1680
1627957888.0231 3242.6836
1627957888.1233 3243.1992
1627957888.2234 3243.7148
1627957888.3236 3243.9727
1627957888.4237 3244.4883
1627957888.5239 3244.4883
1627957888.6263 3245.0039
1627957888.7242 3245.6758
1627957888.8247 3245.9336
1627957888.9245 3245.9336
1627957889.0248 3247.4805
1627957889.1248 3248.0430
1627957889.2249 3248.0430
1627957889.3251 3249.5898
1627957889.4252 3250.1055
1627957889.5254 3250.6211
1627957889.6255 3250.8789
1627957889.7257 3251.3945
1627957889.8260 3251.9102
1627957889.9260 3251.9102
1627957890.0262 3253.3125
1627957890.1263 3253.3125
1627957890.2265 3254.2305
1627957890.3266 3254.2305
1627957890.4268 3254.2305
1627957890.5269 3255.3242
1627957890.6271 3255.3242
1627957890.7272 3255.3242
1627957890.8274 3255.3242
1627957890.9275 3255.4961
1627957891.0277 3256.0117
1627957891.1278 3256.2695
1627957891.2280 3256.7852
1627957891.3281 3257.3008
1627957891.4283 3257.3008
1627957891.5284 3258.3047
1627957891.6286 3258.3047
1627957891.7294 3258.3047
1627957891.8289 3258.4062
1627957891.9291 3258.5391
1627957892.0292 3258.5391
1627957892.1294 3260.0859
1627957892.2295 3260.0859
1627957892.3296 3260.0859
1627957892.4298 3261.0391
1627957892.5300 3261.0391
1627957892.6301 3261.4336
1627957892.7303 3261.4336
1627957892.8304 3262.2578
1627957892.9306 3262.2578
1627957893.0307 3262.2578
1627957893.1309 3262.4062
1627957893.2310 3262.6641
1627957893.3321 3263.1797
1627957893.4313 3263.6953
1627957893.5315 3263.9531
1627957893.6317 3264.4688
1627957893.7319 3264.4688
1627957893.8320 3265.6367
1627957893.9322 3265.6367
1627957894.0323 3266.2812
1627957894.1324 3266.2812
1627957894.2326 3266.7266
1627957894.3327 3266.7266
1627957894.4334 3267.5859
1627957894.5333 3267.5859
1627957894.6332 3268.2422
1627957894.7333 3268.2422
1627957894.8335 3268.9453
1627957894.9336 3268.9453
1627957895.0338 3268.9453
1627957895.1339 3268.9453
1627957895.2367 3268.9453
1627957895.3342 3270.2344
1627957895.4344 3270.2539
1627957895.5345 3270.5117
1627957895.6347 3271.0273
1627957895.7350 3271.5430
1627957895.8350 3271.5430
1627957895.9352 3272.6289
1627957896.0353 3272.6289
1627957896.1355 3273.2695
1627957896.2357 3273.2695
1627957896.3359 3274.2500
1627957896.4359 3274.2500
1627957896.5363 3274.2500
1627957896.6362 3275.4180
1627957896.7368 3275.4180
1627957896.8366 3276.0000
1627957896.9367 3276.0000
1627957897.0368 3276.0000
1627957897.1375 3276.3867
1627957897.2371 3276.9023
1627957897.3373 3276.9023
1627957897.4375 3278.0586
1627957897.5376 3278.0586
1627957897.6378 3278.8945
1627957897.7380 3278.8945
1627957897.8381 3279.5312
1627957897.9383 3279.5312
1627957898.0384 3279.5312
1627957898.1385 3279.6992
1627957898.2387 3279.7773
1627957898.3389 3280.0352
1627957898.4390 3281.5820
1627957898.5391 3281.5820
1627957898.6393 3281.9688
1627957898.7394 3281.9688
1627957898.8396 3282.6133
1627957898.9397 3282.6133
1627957899.0399 3283.3984
1627957899.1400 3283.3984
1627957899.2402 3284.1719
1627957899.3404 3284.1719
1627957899.4405 3284.8047
1627957899.5407 3284.8047
1627957899.6409 3284.8047
1627957899.7410 3284.9258
1627957899.8412 3285.1836
1627957899.9413 3285.4414
1627957900.0415 3285.9570
1627957900.1416 3286.2148
1627957900.2417 3286.7305
1627957900.3419 3286.9883
1627957900.4421 3287.2461
1627957900.5422 3288.0195
1627957900.6424 3288.0195
1627957900.7426 3288.9883
1627957900.8427 3288.9883
1627957900.9429 3289.6055
1627957901.0430 3289.6055
1627957901.1434 3290.4336
1627957901.2433 3290.4336
1627957901.3434 3290.4336
1627957901.4436 3290.5117
1627957901.5437 3290.7695
1627957901.6439 3291.0273
1627957901.7440 3291.5430
1627957901.8442 3291.8008
1627957901.9443 3292.0586
1627957902.0445 3292.5742
1627957902.1448 3292.8320
1627957902.2448 3293.0898
1627957902.3450 3293.6055
1627957902.4451 3293.8633
1627957902.5453 3294.3789
1627957902.6454 3294.8945
1627957902.7456 3294.8945
1627957902.8457 3295.9609
1627957902.9460 3295.9609
1627957903.0461 3296.5820
1627957903.1466 3296.5820
1627957903.2465 3297.3711
1627957903.3469 3297.3711
1627957903.4467 3297.3984
1627957903.5468 3297.6562
1627957903.6470 3298.4297
1627957903.7471 3298.4297
1627957903.8473 3299.4844
1627957903.9474 3299.4844
1627957904.0476 3300.1406
1627957904.1478 3300.1406
1627957904.2479 3300.1406
1627957904.3481 3300.3516
1627957904.4482 3300.3516
1627957904.5484 3300.3516
1627957904.6485 3301.6406
1627957904.7487 3301.6406
1627957904.8489 3301.8594
1627957904.9490 3302.1172
1627957905.0491 3302.3750
1627957905.1495 3302.8906
1627957905.2494 3303.1484
1627957905.3496 3303.4062
1627957905.4498 3303.9219
1627957905.5499 3304.1797
1627957905.6501 3304.4375
1627957905.7502 3304.9531
1627957905.8504 3305.4688
1627957905.9505 3305.4688
1627957906.0508 3306.3633
1627957906.1508 3306.3633
1627957906.2510 3307.1797
1627957906.3511 3307.1797
1627957906.4513 3307.9219
1627957906.5515 3307.9219
1627957906.6516 3308.5781
1627957906.7518 3308.5781
1627957906.8525 3309.3398
1627957906.9521 3309.3398
1627957907.0522 3309.9531
1627957907.1524 3309.9531
1627957907.2526 3310.7344
1627957907.3527 3310.7344
1627957907.4529 3310.7344
1627957907.5530 3310.7500
1627957907.6531 3310.8906
1627957907.7533 3310.8906
1627957907.8535 3311.4062
1627957907.9536 3312.6953
1627957908.0538 3312.6953
1627957908.1539 3312.9336
1627957908.2541 3312.9336
1627957908.3557 3314.0547
1627957908.4544 3314.0547
1627957908.5546 3314.6953
1627957908.6547 3314.6953
1627957908.7549 3315.3516
1627957908.8550 3315.4180
1627957908.9552 3315.4180
1627957909.0553 3316.7070
1627957909.1555 3316.8320
1627957909.2556 3317.3477
1627957909.3564 3317.6055
1627957909.4559 3318.8945
1627957909.5561 3318.8945
1627957909.6563 3319.8438
1627957909.7564 3319.8438
1627957909.8566 3320.7891
1627957909.9567 3321.0312
1627957910.0569 3321.2891
1627957910.1570 3321.8047
1627957910.2572 3323.0938
1627957910.3573 3323.0938
1627957910.4575 3323.9727
1627957910.5577 3323.9727
1627957910.6578 3325.1992
1627957910.7587 3325.1992
1627957910.8581 3325.6523
1627957910.9583 3325.6523
1627957911.0584 3326.3984
1627957911.1586 3326.3984
1627957911.2587 3327.1250
1627957911.3592 3327.1250
1627957911.4605 3327.9375
1627957911.5592 3327.9375
1627957911.6594 3328.6484
1627957911.7596 3328.6484
1627957911.8597 3329.4609
1627957911.9601 3329.4609
1627957912.0600 3330.3750
1627957912.1602 3330.3750
1627957912.2606 3330.3750
1627957912.3607 3331.5820
1627957912.4606 3331.5820
1627957912.5608 3332.3711
1627957912.6609 3332.3711
1627957912.7612 3332.8828
1627957912.8612 3332.8828
1627957912.9614 3334.0117
1627957913.0635 3334.0117
1627957913.1617 3334.0117
1627957913.2621 3334.0234
1627957913.3631 3334.1211
1627957913.4621 3334.3789
1627957913.5623 3335.9258
1627957913.6625 3335.9258
1627957913.7626 3335.9258
1627957913.8634 3335.9258
1627957913.9629 3336.6680
1627957914.0631 3336.6680
1627957914.1633 3337.8906
1627957914.2636 3337.8906
1627957914.3636 3337.8906
1627957914.4638 3338.0469
1627957914.5639 3338.0469
1627957914.6640 3338.9180
1627957914.7642 3338.9180
1627957914.8643 3339.1172
1627957914.9646 3340.4062
1627957915.0646 3340.4062
1627957915.1648 3341.2695
1627957915.2654 3341.2695
1627957915.3651 3342.0078
1627957915.4653 3342.0078
1627957915.5654 3342.7695
1627957915.6656 3342.7695
1627957915.7657 3343.4883
1627957915.8659 3343.4883
1627957915.9660 3344.2812
1627957916.0672 3344.2812
1627957916.1663 3345.5391
1627957916.2665 3345.5391
1627957916.3667 3345.5391
1627957916.4670 3346.2383
1627957916.5670 3346.2383
1627957916.6672 3346.2383
1627957916.7673 3346.6836
1627957916.8674 3346.9414
1627957916.9676 3347.4570
1627957917.0678 3347.9727
1627957917.1679 3348.2305
1627957917.2681 3348.7461
1627957917.3682 3349.2617
1627957917.4684 3349.5195
1627957917.5685 3350.0352
1627957917.6687 3350.5508
1627957917.7689 3350.5508
1627957917.8700 3350.6641
1627957917.9692 3351.1797
1627957918.0695 3351.4375
1627957918.1695 3351.9531
1627957918.2696 3352.4688
1627957918.3698 3352.7266
1627957918.4700 3353.2422
1627957918.5701 3353.5000
1627957918.6703 3354.0156
1627957918.7704 3354.0156
1627957918.8706 3355.1719
1627957918.9707 3355.1719
1627957919.0709 3355.8867
1627957919.1710 3355.8867
1627957919.2712 3356.6445
1627957919.3716 3356.6445
1627957919.4758 3357.2500
1627957919.5717 3357.2500
1627957919.6718 3357.9805
1627957919.7720 3357.9805
1627957919.8721 3358.5938
1627957919.9724 3358.5938
1627957920.0751 3358.6445
1627957920.1727 3360.1914
1627957920.2728 3360.1914
1627957920.3730 3360.1914
1627957920.4731 3361.4727
1627957920.5738 3361.4727
1627957920.6734 3362.3711
1627957920.7735 3362.3711
1627957920.8739 3363.3398
1627957920.9739 3363.3398
1627957921.0741 3363.7734
1627957921.1742 3363.7734
1627957921.2743 3364.9961
1627957921.3745 3364.9961
1627957921.4747 3365.6719
1627957921.5749 3365.6719
1627957921.6750 3366.5469
1627957921.7752 3366.5469
1627957921.8753 3366.5469
1627957921.9754 3366.9531
1627957922.0756 3368.2422
1627957922.1757 3368.2422
1627957922.2760 3368.9922
1627957922.3760 3368.9922
1627957922.4763 3370.5391
1627957922.5776 3370.9375
1627957922.6768 3371.7109
1627957922.7767 3373.2578
1627957922.8768 3373.2578
1627957922.9770 3373.5156
1627957923.0771 3375.0625
1627957923.1773 3375.3672
1627957923.2775 3376.6562
1627957923.3776 3376.7578
1627957923.4785 3377.0156
1627957923.5779 3378.5625
1627957923.6782 3378.5859
1627957923.7782 3379.1016
1627957923.8795 3380.6484
1627957923.9786 3380.9062
1627957924.0788 3382.4531
1627957924.1808 3383.0117
1627957924.2803 3383.0117
1627957924.3792 3384.0430
1627957924.4793 3384.8164
1627957924.5795 3385.5664
1627957924.6799 3386.0820
1627957924.7798 3387.1133
1627957924.8807 3387.8867
1627957924.9801 3388.6250
1627957925.0803 3389.6562
1627957925.1804 3390.1719
1627957925.2808 3391.4609
1627957925.3808 3391.9766
1627957925.4809 3392.9219
1627957925.5811 3393.4375
1627957925.6812 3394.2109
1627957925.7814 3395.4609
1627957925.8824 3395.9766
1627957925.9817 3396.8906
1627957926.0819 3397.4062
1627957926.1820 3398.4375
1627957926.2822 3399.2109
1627957926.3823 3400.0352
1627957926.4825 3400.5508
1627957926.5826 3401.5820
1627957926.6828 3402.3555
1627957926.7830 3403.1562
1627957926.8833 3403.6719
1627957926.9833 3404.3672
1627957927.0834 3405.3984
1627957927.1836 3406.1719
1627957927.2839 3406.6367
1627957927.3839 3407.6680
1627957927.4842 3408.1836
1627957927.5842 3408.6406
1627957927.6847 3410.1875
1627957927.7846 3410.1875
1627957927.8886 3410.9609
1627957927.9849 3411.4766
1627957928.0850 3412.4727
1627957928.1852 3413.2461
1627957928.2854 3414.0195
1627957928.3855 3414.3203
1627957928.4857 3415.0938
1627957928.5858 3415.6094
1627957928.6860 3416.3828
1627957928.7861 3416.8984
1627957928.8863 3417.9297
1627957928.9864 3418.7031
1627957929.0868 3419.2188
1627957929.1867 3419.8320
1627957929.2869 3420.8633
1627957929.3871 3421.3789
1627957929.4873 3421.5703
1627957929.5874 3422.0859
1627957929.6875 3422.8477
1627957929.7877 3423.3633
1627957929.8878 3423.8281
1627957929.9880 3424.6016
1627957930.0882 3425.2773
1627957930.1883 3426.0508
1627957930.2885 3426.6094
1627957930.3887 3427.8984
1627957930.4891 3428.4141
1627957930.5890 3429.2461
1627957930.6891 3430.2773
1627957930.7893 3430.5352
1627957930.8894 3431.5664
1627957930.9896 3432.5977
1627957931.0897 3433.1133
1627957931.1899 3434.4414
1627957931.2901 3434.9570
1627957931.3903 3435.4492
1627957931.4904 3436.4805
1627957931.5905 3436.9961
1627957931.6907 3438.2070
1627957931.7909 3438.7227
1627957931.8910 3440.1602
1627957931.9915 3440.6758
1627957932.0915 3441.4961
1627957932.1915 3442.5273
1627957932.2918 3443.0430
1627957932.3918 3444.3984
1627957932.4921 3444.6562
1627957932.5921 3446.4375
1627957932.6923 3446.6953
1627957932.7924 3447.7266
1627957932.8929 3447.9844
1627957932.9963 3449.1484
1627957933.0935 3449.6641
1627957933.1931 3450.9727
1627957933.2932 3451.2695
1627957933.3934 3452.8164
1627957933.4936 3453.2734
1627957933.5937 3454.5625
1627957933.6939 3455.0781
1627957933.7941 3456.3672
1627957933.8942 3456.6289
1627957933.9944 3458.1758
1627957934.0945 3458.4336
1627957934.1946 3460.1211
1627957934.2948 3460.3789
1627957934.3950 3461.9023
1627957934.4951 3462.4180
1627957934.5953 3463.4492
1627957934.6954 3463.7070
1627957934.7956 3465.1250
1627957934.8958 3465.5469
1627957934.9959 3467.0938
1627957935.0961 3467.3516
1627957935.1962 3468.6875
1627957935.2964 3469.2031
1627957935.3966 3470.4922
1627957935.4967 3470.4922
1627957935.5969 3472.0156
1627957935.6971 3472.4141
1627957935.7972 3473.7031
1627957935.8974 3473.9609
1627957935.9975 3475.2188
1627957936.0977 3475.7812
1627957936.1978 3477.0703
1627957936.2980 3477.3281
1627957936.3982 3478.5664
1627957936.4983 3479.0781
1627957936.5985 3480.8828
1627957936.6986 3481.6562
1627957936.7988 3482.4297
1627957936.8989 3482.6875
1627957936.9993 3484.3672
1627957937.0992 3484.8828
1627957937.2030 3485.9141
1627957937.2999 3486.5742
1627957937.4106 3487.8633
1627957937.4999 3488.3789
1627957937.6000 3489.6680
1627957937.7002 3489.9062
1627957937.8005 3491.4531
1627957937.9005 3491.7109
1627957938.0045 3493.2148
1627957938.1008 3493.4727
1627957938.2049 3494.4062
1627957938.3011 3495.6953
1627957938.4017 3495.9531
1627957938.5015 3496.9648
1627957938.6016 3497.4805
1627957938.7018 3498.7695
1627957938.8019 3499.0273
1627957938.9021 3500.4336
1627957939.0026 3500.6914
1627957939.1034 3501.8633
1627957939.2049 3502.3789
1627957939.3086 3503.6680
1627957939.4030 3503.9258
1627957939.5031 3505.0117
1627957939.6033 3505.5273
1627957939.7034 3506.8164
1627957939.8035 3507.0742
1627957939.9037 3507.9141
1627957940.0039 3508.9453
1627957940.1041 3509.9766
1627957940.2042 3510.2344
1627957940.3047 3511.0938
1627957940.4049 3512.1250
1627957940.5047 3512.6406
1627957940.6058 3513.2344
1627957940.7050 3514.2656
1627957940.8055 3514.7812
1627957940.9053 3515.3164
1627957941.0055 3516.3477
1627957941.1056 3516.6055
1627957941.2059 3517.2812
1627957941.3059 3518.0547
1627957941.4062 3518.5703
1627957941.5062 3519.0859
1627957941.6118 3520.1172
1627957941.7066 3520.6328
1627957941.8074 3521.0742
1627957941.9069 3522.1055
1627957942.0070 3522.3633
1627957942.1072 3523.1367
1627957942.2074 3523.9102
1627957942.3075 3524.4258
1627957942.4088 3525.1094
1627957942.5078 3525.3672
1627957942.6080 3526.1211
1627957942.7082 3526.6367
1627957942.8095 3527.6523
1627957942.9085 3527.6523
1627957943.0088 3527.8984
1627957943.1088 3528.4141
1627957943.2090 3528.9297
1627957943.3092 3529.6211
1627957943.4093 3530.1367
1627957943.5095 3530.6523
1627957943.6096 3531.4258
1627957943.7098 3531.6836
1627957943.8100 3531.9414
1627957943.9101 3532.4570
1627957944.0104 3532.9727
1627957944.1104 3533.4883
1627957944.2109 3534.2617
1627957944.3108 3535.0352
1627957944.4109 3535.8086
1627957944.5110 3536.3242
1627957944.6113 3537.0938
1627957944.7114 3537.0938
1627957944.8115 3537.8672
1627957944.9117 3538.1250
1627957945.0127 3538.8984
1627957945.1120 3539.4141
1627957945.2123 3539.9297
1627957945.3123 3540.4453
1627957945.4127 3541.2188
1627957945.5129 3542.2500
1627957945.6133 3542.5078
1627957945.7139 3543.5391
1627957945.8152 3544.3125
1627957945.9133 3545.3438
1627957946.0134 3546.6328
1627957946.1136 3547.1484
1627957946.2137 3547.6641
1627957946.3142 3548.1914
1627957946.4141 3548.9648
1627957946.5171 3549.7383
1627957946.6144 3550.7695
1627957946.7146 3551.0273
1627957946.8147 3551.8008
1627957946.9149 3552.6133
1627957947.0152 3553.1289
1627957947.1155 3554.1836
1627957947.2153 3554.6992
1627957947.3156 3555.5430
1627957947.4157 3556.0586
1627957947.5158 3557.2148
1627957947.6160 3557.7305
1627957947.7161 3558.4805
1627957947.8163 3559.2539
1627957947.9184 3559.7656
1627957948.0166 3560.5391
1627957948.1168 3561.0781
1627957948.2170 3561.5938
1627957948.3171 3562.3242
1627957948.4173 3563.0977
1627957948.5176 3563.8711
1627957948.6176 3564.3867
1627957948.7179 3565.2969
1627957948.8179 3565.8125
1627957948.9181 3566.4844
1627957949.0182 3567.2578
1627957949.1184 3567.5195
1627957949.2186 3568.2930
1627957949.3187 3568.7031
1627957949.4189 3569.4766
1627957949.5191 3569.8672
1627957949.6192 3570.6406
1627957949.7194 3571.0547
1627957949.8195 3571.8281
1627957949.9197 3572.1641
1627957950.0198 3572.9375
1627957950.1201 3573.8906
1627957950.2201 3574.1484
1627957950.3204 3574.4414
1627957950.4206 3574.9570
1627957950.5211 3575.7305
1627957950.6208 3576.0430
1627957950.7209 3576.8164
1627957950.8211 3577.2422
1627957950.9213 3578.0156
1627957951.0214 3578.3438
1627957951.1216 3579.1172
1627957951.2248 3579.2266
1627957951.3220 3580.2578
1627957951.4222 3581.2891
1627957951.5223 3581.3359
1627957951.6224 3581.3359
1627957951.7226 3582.8828
1627957951.8236 3583.1406
1627957951.9229 3583.6562
1627957952.0231 3585.2031
1627957952.1232 3585.2031
1627957952.2234 3585.8320
1627957952.3237 3585.8320
1627957952.4237 3587.1992
1627957952.5239 3587.1992
1627957952.6240 3587.8359
1627957952.7242 3587.8359
1627957952.8244 3589.1523
1627957952.9245 3589.1523
1627957953.0246 3589.1523
1627957953.1248 3589.3281
1627957953.2250 3589.8438
1627957953.3251 3591.3906
1627957953.4253 3591.3906
1627957953.5265 3592.2930
1627957953.6256 3592.2930
1627957953.7258 3593.3594
1627957953.8262 3593.3594
1627957953.9261 3594.5156
1627957954.0263 3594.5156
1627957954.1264 3595.3438
1627957954.2266 3595.3438
1627957954.3267 3595.6602
1627957954.4269 3596.1758
1627957954.5272 3597.7227
1627957954.6272 3597.7227
1627957954.7286 3598.3008
1627957954.8275 3598.3008
1627957954.9277 3599.5742
1627957955.0280 3599.5742
1627957955.1280 3599.5742
1627957955.2282 3599.6953
1627957955.3283 3601.2422
1627957955.4285 3601.2422
1627957955.5287 3602.1953
1627957955.6288 3602.1953
1627957955.7312 3603.2344
1627957955.8292 3603.2344
1627957955.9293 3604.5273
1627957956.0295 3604.5273
1627957956.1297 3605.7383
1627957956.2298 3605.7383
1627957956.3300 3605.7383
1627957956.4301 3605.7383
1627957956.5303 3606.1914
1627957956.6304 3606.7070
1627957956.7306 3607.2227
1627957956.8308 3608.7695
1627957956.9309 3608.7695
1627957957.0311 3609.4453
1627957957.1313 3609.4453
1627957957.2314 3610.3164
1627957957.3316 3610.3164
1627957957.4318 3610.5273
1627957957.5320 3611.0430
1627957957.6321 3611.5586
1627957957.7327 3612.0742
1627957957.8324 3612.5898
1627957957.9326 3613.1055
1627957958.0327 3613.1055
1627957958.1330 3613.3242
1627957958.2330 3613.8398
1627957958.3332 3615.3867
1627957958.4333 3615.3867
1627957958.5343 3616.1836
1627957958.6337 3616.1836
1627957958.7343 3616.9414
1627957958.8340 3616.9414
1627957958.9342 3617.7773
1627957959.0344 3617.7773
1627957959.1345 3619.1445
1627957959.2346 3619.1445
1627957959.3348 3619.1445
1627957959.4350 3619.1445
1627957959.5351 3620.4414
1627957959.6353 3620.4414
1627957959.7355 3621.3711
1627957959.8356 3621.3711
1627957959.9358 3622.1055
1627957960.0359 3622.1055
1627957960.1361 3622.9336
1627957960.2362 3622.9336
1627957960.3364 3624.0195
1627957960.4366 3624.0195
1627957960.5367 3624.6992
1627957960.6369 3624.6992
1627957960.7371 3625.4805
1627957960.8372 3625.4805
1627957960.9374 3626.3906
1627957961.0379 3626.3906
1627957961.1377 3627.3984
1627957961.2379 3627.3984
1627957961.3381 3628.0781
1627957961.4382 3628.1445
1627957961.5384 3628.4023
1627957961.6385 3628.9180
1627957961.7387 3629.4336
1627957961.8395 3629.9492
1627957961.9390 3630.4648
1627957962.0392 3630.9805
1627957962.1393 3631.2383
1627957962.2395 3631.5469
1627957962.3397 3632.0625
1627957962.4404 3632.5781
1627957962.5400 3633.0938
1627957962.6404 3633.6094
1627957962.7403 3633.6094
1627957962.8416 3633.6758
1627957962.9406 3634.1914
1627957963.0410 3634.7070
1627957963.1409 3635.2227
1627957963.2444 3635.7383
1627957963.3413 3635.9961
1627957963.4416 3636.5117
1627957963.5416 3637.0273
1627957963.6428 3637.5430
1627957963.7419 3637.5430
1627957963.8424 3638.7383
1627957963.9422 3638.7383
1627957964.0424 3639.5703
1627957964.1426 3639.5703
1627957964.2441 3640.3477
1627957964.3430 3640.3477
1627957964.4451 3640.3477
1627957964.5432 3640.5781
1627957964.6434 3641.0938
1627957964.7439 3641.3516
1627957964.8437 3641.8672
1627957964.9439 3642.3828
1627957965.0441 3642.8984
1627957965.1448 3643.1562
1627957965.2443 3643.6719
1627957965.3445 3644.1875
1627957965.4456 3644.1875
1627957965.5448 3645.3984
1627957965.6451 3645.3984
1627957965.7452 3646.1992
1627957965.8453 3646.1992
1627957965.9455 3646.6797
1627957966.0456 3646.6797
1627957966.1458 3647.4922
1627957966.2460 3647.4922
1627957966.3461 3647.9961
1627957966.4464 3647.9961
1627957966.5465 3648.8633
1627957966.6467 3648.8633
1627957966.7468 3648.8633
1627957966.8469 3648.8711
1627957966.9471 3649.6445
1627957967.0473 3649.9023
1627957967.1474 3650.6758
1627957967.2476 3650.6758
1627957967.3478 3651.5391
1627957967.4479 3651.5391
1627957967.5481 3651.5391
1627957967.6483 3651.5391
1627957967.7484 3651.9336
1627957967.8486 3652.4492
1627957967.9488 3652.9648
1627957968.0489 3652.9648
1627957968.1490 3653.9492
1627957968.2492 3653.9492
1627957968.3494 3653.9492
1627957968.4496 3654.9453
1627957968.5497 3654.9453
1627957968.6500 3654.9453
1627957968.7500 3655.8008
1627957968.8502 3655.8008
1627957968.9504 3656.0039
1627957969.0505 3656.0039
1627957969.1507 3656.0039
1627957969.2508 3657.2734
1627957969.3510 3657.2734
1627957969.4513 3657.4805
1627957969.5514 3657.4805
1627957969.6523 3657.5742
1627957969.7517 3659.1211
1627957969.8520 3659.1211
1627957969.9520 3659.6055
1627957970.0526 3659.6055
1627957970.1523 3660.1953
1627957970.2525 3660.1953
1627957970.3527 3660.6367
1627957970.4528 3660.6367
1627957970.5530 3661.3477
1627957970.6531 3661.3477
1627957970.7533 3661.3477
1627957970.8534 3661.6055
1627957970.9537 3662.1211
1627957971.0538 3662.1211
1627957971.1539 3663.4492
1627957971.2541 3663.4492
1627957971.3543 3664.2617
1627957971.4544 3664.2617
1627957971.5546 3664.9688
1627957971.6548 3664.9688
1627957971.7549 3664.9688
1627957971.8551 3665.1328
1627957971.9552 3665.2305
1627957972.0554 3666.7773
1627957972.1556 3666.7773
1627957972.2557 3667.3398
1627957972.3559 3667.3398
1627957972.4561 3668.1406
1627957972.5562 3668.1406
1627957972.6564 3668.6953
1627957972.7566 3668.6953
1627957972.8567 3669.5859
1627957972.9569 3669.5859
1627957973.0571 3670.1406
1627957973.1572 3670.1406
1627957973.2574 3671.0195
1627957973.3575 3671.0195
1627957973.4577 3671.0195
1627957973.5579 3671.2656
1627957973.6580 3671.7812
1627957973.7582 3672.2969
1627957973.8583 3672.8125
1627957973.9586 3672.8125
1627957974.0587 3673.9297
1627957974.1592 3673.9297
1627957974.2590 3674.7031
1627957974.3592 3674.7031
1627957974.4593 3674.7031
1627957974.5606 3674.9883
1627957974.6597 3675.2461
1627957974.7600 3675.7617
1627957974.8600 3676.2773
1627957974.9641 3676.7930
1627957975.0603 3677.0508
1627957975.1607 3677.5664
1627957975.2607 3678.0820
1627957975.3609 3678.0820
1627957975.4610 3679.2891
1627957975.5612 3679.2891
1627957975.6613 3680.1055
1627957975.7615 3680.1055
1627957975.8616 3680.1055
1627957975.9618 3681.4414
1627957976.0620 3681.4414
1627957976.1649 3681.6836
1627957976.2623 3682.1992
1627957976.3631 3682.7148
1627957976.4626 3684.0039
1627957976.5631 3684.0039
1627957976.6629 3684.6914
1627957976.7632 3684.6914
1627957976.8633 3685.6992
1627957976.9634 3685.6992
1627957977.0636 3686.8789
1627957977.1643 3686.8789
1627957977.2641 3687.6133
1627957977.3671 3688.1641
1627957977.4646 3688.4219
1627957977.5648 3688.9375
1627957977.6646 3689.7109
1627957977.7648 3690.2266
1627957977.8649 3691.0000
1627957977.9650 3691.5156
1627957978.0652 3692.2891
1627957978.1665 3693.0625
1627957978.2655 3693.8359
1627957978.3690 3693.8359
1627957978.4659 3694.2109
1627957978.5660 3694.7266
1627957978.6662 3695.7578
1627957978.7663 3696.0156
1627957978.8687 3696.7891
1627957978.9690 3697.5625
1627957979.0669 3697.9648
1627957979.1682 3698.9961
1627957979.2686 3699.7695
1627957979.3673 3700.2070
1627957979.4675 3700.7227
1627957979.5679 3701.2383
1627957979.6678 3701.7539
1627957979.7680 3702.3438
1627957979.8681 3702.8594
1627957979.9753 3703.1172
1627957980.0685 3703.6328
1627957980.1688 3704.1484
1627957980.2688 3704.6641
1627957980.3690 3705.1797
1627957980.4691 3705.6953
1627957980.5693 3706.4688
1627957980.6695 3706.9844
1627957980.7699 3707.7578
1627957980.8698 3708.2734
1627957980.9702 3708.6055
1627957981.0701 3709.1211
1627957981.1703 3709.8945
1627957981.2705 3710.4102
1627957981.3714 3710.9258
1627957981.4708 3711.4414
1627957981.5709 3711.9570
1627957981.6712 3712.4727
1627957981.7713 3712.9883
1627957981.8715 3713.5039
1627957981.9720 3714.0195
1627957982.0718 3714.5352
1627957982.1720 3715.0508
1627957982.2721 3715.5664
1627957982.3726 3716.0820
1627957982.4724 3717.1133
1627957982.5775 3717.3711
1627957982.6728 3718.4023
1627957982.7729 3718.4023
1627957982.8731 3719.4336
1627957982.9732 3719.9492
1627957983.0739 3720.4648
1627957983.1766 3721.2383
1627957983.2737 3722.0117
1627957983.3742 3722.7852
1627957983.4743 3723.1914
1627957983.5742 3723.7070
1627957983.6744 3723.7070
1627957983.7746 3724.9766
1627957983.8747 3725.2344
1627957983.9751 3726.2656
1627957984.0750 3726.7812
1627957984.1752 3727.1523
1627957984.2754 3727.9258
1627957984.3755 3728.1914
1627957984.4757 3728.9648
1627957984.5759 3728.9648
1627957984.6771 3730.1406
1627957984.7766 3730.1406
1627957984.8764 3731.4297
1627957984.9765 3731.4297
1627957985.0767 3731.9453
1627957985.1800 3732.2031
1627957985.2771 3732.9766
1627957985.3772 3733.7500
1627957985.4774 3734.5234
1627957985.5775 3734.8438
1627957985.6777 3735.6172
1627957985.7779 3735.6250
1627957985.8780 3735.8828
1627957985.9782 3736.3984
1627957986.0784 3736.9141
1627957986.1785 3737.4297
1627957986.2787 3737.9453
1627957986.3788 3738.4609
1627957986.4790 3738.9766
1627957986.5793 3739.4922
1627957986.6806 3740.0078
1627957986.7795 3741.0391
1627957986.8806 3741.2969
1627957986.9798 3742.0703
1627957987.0806 3742.5859
1627957987.1801 3742.8984
1627957987.2803 3743.9297
1627957987.3805 3744.1875
1627957987.4806 3744.9609
1627957987.5808 3745.4766
1627957987.6811 3745.9922
1627957987.7811 3746.5078
1627957987.8813 3747.5391
1627957987.9814 3748.0547
1627957988.0821 3748.5352
1627957988.1818 3750.0820
1627957988.2820 3750.0820
1627957988.3821 3751.1133
1627957988.4823 3751.8867
1627957988.5824 3752.3125
1627957988.6828 3753.0859
1627957988.7828 3753.3438
1627957988.8829 3754.1172
1627957988.9831 3754.8906
1627957989.0833 3755.6641
1627957989.1834 3755.9453
1627957989.2844 3756.7188
1627957989.3838 3757.2344
1627957989.4839 3757.4922
1627957989.5841 3758.5234
1627957989.6848 3758.7812
1627957989.7844 3759.8125
1627957989.8846 3760.3281
1627957989.9848 3760.5977
1627957990.0849 3761.3711
1627957990.1851 3761.6289
1627957990.2886 3762.6602
1627957990.3854 3763.4336
1627957990.4856 3764.1641
1627957990.5858 3764.6797
1627957990.6859 3765.7109
1627957990.7861 3765.7109
1627957990.8862 3766.7422
1627957990.9864 3767.2578
1627957991.0866 3767.7539
1627957991.1869 3769.0430
1627957991.2869 3769.0430
1627957991.3871 3769.8164
1627957991.4872 3770.5898
1627957991.5874 3770.7227
1627957991.6876 3771.2383
1627957991.7877 3771.7539
1627957991.8880 3772.5273
1627957991.9881 3773.0430
1627957992.0883 3773.8164
1627957992.1884 3774.3320
1627957992.2885 3775.1055
1627957992.3887 3775.8789
1627957992.4889 3776.1172
1627957992.5891 3776.6328
1627957992.6892 3776.8906
1627957992.7894 3777.4062
1627957992.8896 3777.9219
1627957992.9897 3778.9531
1627957993.0899 3779.7266
1627957993.1900 3780.2461
1627957993.2903 3780.5039
1627957993.3904 3780.7617
1627957993.4905 3781.7930
1627957993.5907 3782.5664
1627957993.6909 3783.0820
1627957993.7910 3783.0820
1627957993.8965 3783.8555
1627957993.9914 3784.1133
1627957994.0920 3784.8867
1627957994.1917 3785.6602
1627957994.2919 3785.6602
1627957994.3920 3786.2969
1627957994.4922 3786.7617
1627957994.5924 3787.5352
1627957994.6925 3787.8047
1627957994.7927 3788.5781
1627957994.8929 3788.9023
1627957994.9930 3789.6758
1627957995.0934 3790.0742
1627957995.1933 3790.8477
1627957995.2935 3791.2031
1627957995.3937 3791.9766
1627957995.4939 3792.2734
1627957995.5940 3793.0469
1627957995.6942 3793.4336
1627957995.7943 3794.2070
1627957995.8945 3794.5742
1627957995.9947 3795.3477
1627957996.0948 3795.7461
1627957996.1950 3796.5195
1627957996.2952 3796.8750
1627957996.3954 3797.6484
1627957996.4955 3798.0547
1627957996.5957 3798.8281
1627957996.6958 3799.5000
1627957996.7960 3799.7578
1627957996.8961 3800.5312
1627957996.9963 3801.5625
1627957997.0965 3801.5625
1627957997.1968 3801.8203
1627957997.2968 3802.3359
1627957997.3971 3803.1094
1627957997.4973 3803.2461
1627957997.6005 3804.0195
1627957997.6975 3804.7930
1627957997.7976 3804.7930
1627957997.8979 3805.1758
1627957997.9987 3806.2070
1627957998.0982 3806.2070
1627957998.1990 3806.7227
1627957998.2985 3807.4961
1627957998.3986 3807.4961
1627957998.4988 3808.4375
1627957998.6017 3809.2109
1627957998.6991 3809.2109
1627957998.7993 3810.1016
1627957998.8995 3810.2695
1627957998.9998 3810.2695
1627957999.0998 3811.8164
1627957999.2012 3811.8164
1627957999.3006 3812.6758
1627957999.4005 3812.6758
1627957999.5005 3813.6992
1627957999.6007 3813.6992
1627957999.7008 3814.9375
1627957999.8026 3814.9375
1627957999.9011 3815.5938
1627958000.0013 3815.5938
1627958000.1015 3816.6523
1627958000.2017 3816.6523
1627958000.3018 3817.7656
1627958000.4046 3817.7656
1627958000.5021 3818.0078
1627958000.6046 3819.5547
1627958000.7025 3819.5547
1627958000.8046 3820.1523
1627958000.9028 3820.1523
1627958001.0030 3821.4570
1627958001.1032 3821.4570
1627958001.2046 3822.3672
1627958001.3034 3822.3672
1627958001.4039 3823.1680
1627958001.5039 3823.1680
1627958001.6048 3824.3789
1627958001.7042 3824.3789
1627958001.8043 3824.3789
1627958001.9045 3825.5508
1627958002.0049 3825.5508
1627958002.1048 3826.4297
1627958002.2086 3826.4297
1627958002.3052 3826.5352
1627958002.4053 3826.7930
1627958002.5055 3827.5664
1627958002.6057 3827.5664
1627958002.7058 3828.8203
1627958002.8060 3828.8203
1627958002.9061 3829.8555
1627958003.0064 3829.8555
1627958003.1064 3830.7188
1627958003.2066 3830.7188
1627958003.3068 3831.5742
1627958003.4069 3831.5742
1627958003.5071 3832.1680
1627958003.6073 3832.1680
1627958003.7074 3833.4570
1627958003.8086 3833.4570
1627958003.9078 3833.4570
1627958004.0079 3834.6016
1627958004.1082 3834.6016
1627958004.2095 3835.4648
1627958004.3084 3835.4648
1627958004.4086 3836.0820
1627958004.5088 3836.0820
1627958004.6090 3837.1172
1627958004.7091 3837.1172
1627958004.8093 3837.6953
1627958004.9094 3837.6953
1627958005.0096 3838.6680
1627958005.1098 3838.6680
1627958005.2100 3839.3281
1627958005.3102 3839.3281
1627958005.4103 3840.1094
1627958005.5105 3840.1094
1627958005.6106 3841.3711
1627958005.7108 3841.3711
1627958005.8113 3841.8984
1627958005.9111 3841.8984
1627958006.0116 3842.6328
1627958006.1118 3842.6328
1627958006.2139 3843.4258
1627958006.3118 3843.4258
1627958006.4119 3844.4961
1627958006.5162 3844.4961
1627958006.6124 3845.3203
1627958006.7124 3845.3203
1627958006.8127 3845.4141
1627958006.9128 3845.6719
1627958007.0132 3846.1875
1627958007.1131 3846.7031
1627958007.2133 3846.9609
1627958007.3140 3847.4766
1627958007.4141 3847.9922
1627958007.5138 3848.5078
1627958007.6141 3848.7656
1627958007.7143 3850.3125
1627958007.8143 3850.3125
1627958007.9156 3850.9297
1627958008.0146 3850.9297
1627958008.1148 3851.8672
1627958008.2149 3851.8672
1627958008.3151 3852.7969
1627958008.4153 3852.7969
1627958008.5154 3854.0430
1627958008.6156 3854.0430
1627958008.7159 3854.5664
1627958008.8163 3854.5664
1627958008.9161 3855.5273
1627958009.0163 3855.5273
1627958009.1165 3856.5156
1627958009.2166 3856.5156
1627958009.3168 3856.5156
1627958009.4172 3856.8477
1627958009.5171 3857.3633
1627958009.6173 3857.6211
1627958009.7174 3859.1680
1627958009.8176 3859.1680
1627958009.9198 3860.0977
1627958010.0180 3860.0977
1627958010.1181 3860.2344
1627958010.2183 3860.7500
1627958010.3185 3861.2656
1627958010.4186 3861.5234
1627958010.5188 3862.0391
1627958010.6190 3863.5859
1627958010.7191 3863.5859
1627958010.8193 3864.1875
1627958010.9195 3864.1875
1627958011.0196 3865.4688
1627958011.1198 3865.4688
1627958011.2200 3866.6484
1627958011.3201 3866.6484
1627958011.4203 3867.4688
1627958011.5205 3867.4688
1627958011.6206 3868.2344
1627958011.7208 3868.2344
1627958011.8210 3869.5391
1627958011.9211 3869.5391
1627958012.0213 3869.6758
1627958012.1215 3871.2227
1627958012.2216 3871.2227
1627958012.3218 3872.5664
1627958012.4220 3872.5664
1627958012.5221 3873.3477
1627958012.6223 3873.3477
1627958012.7227 3873.8633
1627958012.8226 3873.8633
1627958012.9228 3874.8945
1627958013.0230 3875.1523
1627958013.1231 3875.9258
1627958013.2233 3876.1836
1627958013.3235 3876.4414
1627958013.4237 3877.9883
1627958013.5238 3877.9883
1627958013.6240 3879.0430
1627958013.7241 3879.0430
1627958013.8244 3879.3711
1627958013.9249 3880.9180
1627958014.0246 3880.9180
1627958014.1260 3881.4453
1627958014.2250 3881.4453
1627958014.3251 3881.7578
1627958014.4253 3882.2734
1627958014.5255 3883.3047
1627958014.6257 3883.3047
1627958014.7258 3884.2930
1627958014.8260 3884.2930
1627958014.9268 3885.5508
1627958015.0263 3885.5508
1627958015.1274 3885.9688
1627958015.2266 3886.4844
1627958015.3275 3886.7422
1627958015.4270 3887.2578
1627958015.5287 3887.7734
1627958015.6273 3888.2891
1627958015.7275 3888.5469
1627958015.8276 3889.6484
1627958015.9280 3889.9062
1627958016.0280 3890.9375
1627958016.1286 3890.9375
1627958016.2283 3891.7109
1627958016.3285 3892.0391
1627958016.4287 3893.3281
1627958016.5292 3893.3281
1627958016.6290 3893.5859
1627958016.7301 3894.6172
1627958016.8293 3894.6172
1627958016.9295 3895.1328
1627958017.0297 3895.9062
1627958017.1298 3896.4531
1627958017.2300 3896.7109
1627958017.3359 3897.7422
1627958017.4303 3898.0000
1627958017.5307 3898.2734
1627958017.6307 3898.7891
1627958017.7309 3899.5625
1627958017.8310 3899.5625
1627958017.9319 3900.0195
1627958018.0313 3900.5352
1627958018.1315 3901.0508
1627958018.2317 3901.5664
1627958018.3319 3902.0820
1627958018.4320 3902.5352
1627958018.5322 3903.3086
1627958018.6324 3903.4297
1627958018.7354 3904.2031
1627958018.8327 3904.4609
1627958018.9330 3905.2344
1627958019.0330 3905.4922
1627958019.1333 3906.2656
1627958019.2335 3906.5234
1627958019.3338 3906.7812
1627958019.4337 3907.8125
1627958019.5339 3908.0703
1627958019.6340 3908.5859
1627958019.7342 3909.3594
1627958019.8344 3909.3594
1627958019.9348 3909.7695
1627958020.0347 3910.5430
1627958020.1349 3910.8359
1627958020.2350 3911.6094
1627958020.3352 3912.4766
1627958020.4355 3912.4766
1627958020.5366 3912.9922
1627958020.6357 3913.7656
1627958020.7359 3914.0508
1627958020.8360 3914.8242
1627958020.9364 3915.5977
1627958021.0364 3915.8555
1627958021.1366 3916.3711
1627958021.2367 3917.1445
1627958021.3375 3917.6211
1627958021.4371 3917.8789
1627958021.5372 3918.3945
1627958021.6374 3919.1680
1627958021.7375 3919.2188
1627958021.8377 3919.9922
1627958021.9380 3919.9922
1627958022.0380 3920.7656
1627958022.1391 3921.0234
1627958022.2384 3921.7969
1627958022.3385 3922.0547
1627958022.4387 3922.8281
1627958022.5390 3923.6016
1627958022.6391 3923.6016
1627958022.7393 3924.3555
1627958022.8394 3924.8789
1627958022.9396 3924.8789
1627958023.0397 3925.9102
1627958023.1399 3926.6836
1627958023.2401 3926.8828
1627958023.3406 3927.6562
1627958023.4404 3927.9180
1627958023.5406 3928.6914
1627958023.6407 3928.6992
1627958023.7409 3928.6992
1627958023.8411 3929.2148
1627958023.9413 3929.9883
1627958024.0414 3930.2461
1627958024.1416 3930.7617
1627958024.2417 3931.2773
1627958024.3420 3931.7930
1627958024.4421 3932.3086
1627958024.5423 3932.8242
1627958024.6424 3933.5977
1627958024.7426 3933.5977
1627958024.8428 3934.6953
1627958024.9429 3935.2109
1627958025.0431 3935.4492
1627958025.1433 3936.2227
1627958025.2434 3936.7500
1627958025.3436 3937.2656
1627958025.4447 3937.5234
1627958025.5439 3938.2969
1627958025.6441 3939.0703
1627958025.7443 3939.8438
1627958025.8444 3940.3594
1627958025.9446 3940.8750
1627958026.0448 3941.3984
1627958026.1450 3942.1719
1627958026.2451 3942.6719
1627958026.3453 3943.4453
1627958026.4455 3943.7891
1627958026.5456 3944.5625
1627958026.6458 3945.0820
1627958026.7460 3945.5977
1627958026.8461 3946.2461
1627958026.9463 3947.0195
1627958027.0465 3947.2773
1627958027.1466 3947.7930
1627958027.2468 3948.3086
1627958027.3470 3949.0820
1627958027.4472 3949.5977
1627958027.5473 3950.3711
1627958027.6475 3950.8867
1627958027.7477 3951.4023
1627958027.8479 3952.1758
1627958027.9480 3952.6914
1627958028.0500 3953.4492
1627958028.1483 3954.2227
1627958028.2485 3954.7383
1627958028.3487 3955.2539
1627958028.4489 3956.2852
1627958028.5490 3956.8008
1627958028.6492 3957.1445
1627958028.7493 3957.6602
1627958028.8496 3958.6914
1627958028.9506 3959.2070
1627958029.0498 3959.6445
1627958029.1500 3960.1602
1627958029.2502 3960.4531
1627958029.3504 3960.9688
1627958029.4506 3961.4844
1627958029.5507 3962.0000
1627958029.6509 3962.7734
1627958029.7510 3963.2891
1627958029.8524 3963.8047
1627958029.9514 3963.8047
1627958030.0515 3965.0156
1627958030.1517 3965.5312
1627958030.2522 3965.7891
1627958030.3520 3966.5625
1627958030.4523 3967.0781
1627958030.5524 3967.5938
1627958030.6526 3968.1094
1627958030.7528 3968.6250
1627958030.8529 3969.6562
1627958030.9530 3970.4297
1627958031.0533 3970.5625
1627958031.1534 3971.0781
1627958031.2538 3971.7109
1627958031.3537 3972.2266
1627958031.4540 3972.7500
1627958031.5541 3973.2656
1627958031.6544 3973.7812
1627958031.7550 3974.0391
1627958031.8546 3974.8125
1627958031.9548 3975.0703
1627958032.0552 3975.8438
1627958032.1551 3976.6172
1627958032.2553 3976.6172
1627958032.3566 3977.1562
1627958032.4559 3977.4141
1627958032.5557 3978.1875
1627958032.6581 3978.7031
1627958032.7561 3979.2188
1627958032.8584 3979.4766
1627958032.9564 3980.2500
1627958033.0568 3980.8633
1627958033.1568 3981.3789
1627958033.2572 3981.6367
1627958033.3572 3982.4102
1627958033.4588 3982.8125
1627958033.5574 3983.3281
1627958033.6577 3983.5859
1627958033.7578 3984.3594
1627958033.8579 3984.7109
1627958033.9581 3985.7422
1627958034.0583 3985.7422
1627958034.1585 3986.2578
1627958034.2605 3986.8906
1627958034.3588 3987.6641
1627958034.4601 3987.6836
1627958034.5591 3988.1992
1627958034.6597 3988.1992
1627958034.7595 3988.9727
1627958034.8600 3988.9727
1627958034.9598 3990.0039
1627958035.0604 3990.2617
1627958035.1601 3990.7773
1627958035.2603 3991.0352
1627958035.3605 3991.8086
1627958035.4646 3991.8086
1627958035.5608 3992.8398
1627958035.6610 3992.8398
1627958035.7612 3993.8711
1627958035.8627 3993.8711
1627958035.9615 3994.6445
1627958036.0617 3995.1602
1627958036.1619 3995.9336
1627958036.2666 3996.1914
1627958036.3622 3996.4492
1627958036.4624 3997.4805
1627958036.5625 3997.4805
1627958036.6627 3998.2539
1627958036.7632 3999.0273
1627958036.8631 3999.0273
1627958036.9632 3999.4219
1627958037.0634 3999.4219
1627958037.1636 4000.7109
1627958037.2637 4000.7109
1627958037.3639 4001.7852
1627958037.4640 4001.7852
1627958037.5642 4001.7852
1627958037.6644 4003.0781
1627958037.7645 4003.0938
1627958037.8647 4003.3516
1627958037.9649 4003.8672
1627958038.0651 4004.6406
1627958038.1652 4004.8984
1627958038.2654 4005.9297
1627958038.3656 4005.9297
1627958038.4657 4006.7031
1627958038.5659 4007.7344
1627958038.6661 4007.7344
1627958038.7663 4007.7344
1627958038.8686 4008.2031
1627958038.9666 4008.7188
1627958039.0668 4009.2344
1627958039.1670 4009.4922
1627958039.2671 4010.1758
1627958039.3673 4010.6914
1627958039.4674 4011.2109
1627958039.5676 4011.9844
1627958039.6678 4012.2695
1627958039.7679 4013.3008
1627958039.8681 4013.3008
1627958039.9684 4014.0742
1627958040.0685 4014.8477
1627958040.1686 4014.8477
1627958040.2689 4014.8477
1627958040.3690 4015.0664
1627958040.4692 4015.5820
1627958040.5693 4016.3555
1627958040.6695 4017.1289
1627958040.7697 4017.3906
1627958040.8698 4018.4219
1627958040.9700 4018.4219
1627958041.0702 4018.4219
1627958041.1703 4018.9375
1627958041.2705 4019.1953
1627958041.3708 4019.9688
1627958041.4708 4020.2266
1627958041.5719 4021.0000
1627958041.6712 4021.7734
1627958041.7716 4021.7734
1627958041.8715 4021.7734
1627958041.9717 4022.8125
1627958042.0723 4023.3281
1627958042.1724 4023.8438
1627958042.2722 4024.1016
1627958042.3724 4024.6172
1627958042.4744 4025.1328
1627958042.5727 4025.3906
1627958042.6746 4025.3906
1627958042.7730 4025.5742
1627958042.8732 4027.1211
1627958042.9738 4027.3125
1627958043.0735 4027.5703
1627958043.1738 4027.5703
1627958043.2739 4029.1172
1627958043.3770 4029.1172
1627958043.4742 4029.1836
1627958043.5746 4029.9570
1627958043.6746 4029.9570
1627958043.7748 4030.4727
1627958043.8749 4030.9883
1627958043.9752 4031.5039
1627958044.0753 4032.0195
1627958044.1762 4032.5352
1627958044.2756 4032.7930
1627958044.3758 4033.3086
1627958044.4760 4033.8242
1627958044.5761 4034.3398
1627958044.6763 4034.8555
1627958044.7764 4035.3711
1627958044.8766 4035.3711
1627958044.9768 4035.8086
1627958045.0769 4035.8086
1627958045.1771 4037.3555
1627958045.2773 4037.6133
1627958045.3775 4038.1289
1627958045.4777 4038.6445
1627958045.5778 4039.1602
1627958045.6780 4039.4180
1627958045.7781 4039.9336
1627958045.8783 4039.9336
1627958045.9785 4041.0938
1627958046.0787 4041.0938
1627958046.1788 4042.1484
1627958046.2790 4042.1484
1627958046.3792 4043.4180
1627958046.4793 4043.4180
1627958046.5796 4044.0469
1627958046.6797 4044.0469
1627958046.7799 4045.0547
1627958046.8800 4045.0547
1627958046.9802 4045.9258
1627958047.0804 4045.9258
1627958047.1805 4046.0195
1627958047.2807 4046.5352
1627958047.3809 4047.0508
1627958047.4811 4047.3086
1627958047.5812 4047.8242
1627958047.6814 4048.3398
1627958047.7816 4048.8555
1627958047.8818 4049.0625
1627958047.9819 4050.6094
1627958048.0821 4050.6094
1627958048.1822 4051.1523
1627958048.2825 4051.1523
1627958048.3828 4052.2148
1627958048.4827 4052.2148
1627958048.5829 4052.8867
1627958048.6837 4053.1445
1627958048.7832 4053.4023
1627958048.8834 4053.4766
1627958048.9836 4055.0234
1627958049.0838 4055.0234
1627958049.1839 4055.1914
1627958049.2841 4056.7383
1627958049.3845 4056.7383
1627958049.4845 4057.3750
1627958049.5846 4057.3750
1627958049.6862 4058.0586
1627958049.7856 4058.4688
1627958049.8851 4058.4688
1627958049.9854 4060.0156
1627958050.0855 4060.0156
1627958050.1856 4061.0391
1627958050.2858 4061.0391
1627958050.3860 4061.8477
1627958050.4862 4061.8477
1627958050.5863 4061.9883
1627958050.6865 4062.7617
1627958050.7867 4063.0195
1627958050.8868 4063.5352
1627958050.9876 4064.0508
1627958051.0872 4064.5664
1627958051.1874 4064.8086
1627958051.2877 4065.3242
1627958051.3877 4065.8398
1627958051.4898 4066.3555
1627958051.5881 4066.8711
1627958051.6882 4066.8711
1627958051.7884 4068.0938
1627958051.8885 4068.0938
1627958051.9887 4069.1758
1627958052.0889 4069.1758
1627958052.1891 4070.4102
1627958052.2892 4070.4102
1627958052.3894 4071.0859
1627958052.4896 4071.0859
1627958052.5897 4071.7383
1627958052.6899 4071.7383
1627958052.7901 4072.9375
1627958052.8903 4072.9375
1627958052.9904 4073.7422
1627958053.0906 4073.7422
1627958053.1912 4074.9844
1627958053.2913 4074.9844
1627958053.3911 4075.6562
1627958053.4914 4075.8086
1627958053.5914 4077.0977
1627958053.6916 4077.0977
1627958053.7918 4077.0977
1627958053.8920 4078.2344
1627958053.9921 4078.2344
1627958054.0923 4079.4961
1627958054.1933 4079.4961
1627958054.2927 4080.1016
1627958054.3928 4080.6172
1627958054.4930 4080.8750
1627958054.5932 4081.0312
1627958054.6933 4081.5469
1627958054.7935 4082.0625
1627958054.8937 4082.5781
1627958054.9938 4083.0938
1627958055.0941 4083.6094
1627958055.1942 4084.1250
1627958055.2943 4084.6406
1627958055.3946 4085.1562
1627958055.4948 4085.6719
1627958055.5949 4086.1875
1627958055.6950 4086.7031
1627958055.7952 4087.2188
1627958055.8954 4087.7344
1627958055.9956 4087.8516
1627958056.0957 4089.3984
1627958056.1959 4089.3984
1627958056.2961 4090.2773
1627958056.3963 4090.2773
1627958056.4964 4090.9688
1627958056.5966 4090.9688
1627958056.6968 4090.9688
1627958056.7969 4091.1758
1627958056.8971 4091.6914
1627958056.9973 4092.2070
1627958057.0974 4092.7227
1627958057.1976 4094.2695
1627958057.2979 4094.2695
1627958057.3979 4094.9023
1627958057.4982 4094.9023
1627958057.5983 4095.1016
1627958057.6985 4095.6172
1627958057.7987 4096.1328
1627958057.8988 4097.4219
1627958057.9990 4097.4219
1627958058.0991 4098.1914
1627958058.1993 4098.1914
1627958058.2995 4098.1914
1627958058.3997 4099.4297
1627958058.4999 4099.4297
1627958058.6000 4100.5586
1627958058.7002 4100.5586
1627958058.8004 4101.5664
1627958058.9007 4101.5664
1627958059.0007 4102.8438
1627958059.1011 4102.8438
1627958059.2010 4102.9727
1627958059.3012 4103.4883
1627958059.4014 4104.0039
1627958059.5016 4104.2617
1627958059.6017 4104.7773
1627958059.7019 4105.2930
1627958059.8020 4106.5820
1627958059.9022 4106.5820
1627958060.0024 4107.3984
1627958060.1026 4107.3984
1627958060.2028 4107.5781
1627958060.3029 4108.8672
1627958060.4031 4108.8672
1627958060.5033 4109.6602
1627958060.6034 4109.6602
1627958060.7036 4110.6289
1627958060.8038 4110.6289
1627958060.9039 4111.4883
1627958061.0041 4111.4883
1627958061.1043 4112.4922
1627958061.2045 4112.4922
1627958061.3046 4113.6875
1627958061.4048 4113.6875
1627958061.5050 4114.3047
1627958061.6051 4114.3047
1627958061.7054 4114.3047
1627958061.8055 4115.5859
1627958061.9057 4115.5859
1627958062.0058 4116.6445
1627958062.1060 4116.6445
1627958062.2062 4117.0000
1627958062.3063 4117.5156
1627958062.4065 4117.7734
1627958062.5067 4118.2891
1627958062.6068 4118.8047
1627958062.7070 4119.0625
1627958062.8072 4119.5781
1627958062.9074 4120.0938
1627958063.0075 4120.3516
1627958063.1087 4120.8672
1627958063.2079 4122.4141
1627958063.3081 4122.4141
1627958063.4082 4123.0039
1627958063.5085 4123.0039
1627958063.6086 4124.0000
1627958063.7087 4124.0000
1627958063.8095 4124.8906
1627958063.9109 4124.8906
1627958064.0093 4125.9062
1627958064.1094 4125.9062
1627958064.2096 4127.1602
1627958064.3098 4127.1602
1627958064.4100 4127.8047
1627958064.5102 4127.8047
1627958064.6104 4128.7773
1627958064.7104 4128.7773
1627958064.8107 4128.7773
1627958064.9108 4130.2969
1627958065.0111 4130.2969
1627958065.1124 4131.2812
1627958065.2114 4131.2812
1627958065.3115 4132.7891
1627958065.4117 4132.7891
1627958065.5118 4133.0547
1627958065.6122 4133.5703
1627958065.7122 4135.1172
1627958065.8133 4135.1172
1627958065.9127 4136.4258
1627958066.0145 4136.4258
1627958066.1129 4137.1289
1627958066.2131 4137.1992
1627958066.3132 4137.7148
1627958066.4151 4139.2617
1627958066.5135 4139.2617
1627958066.6137 4140.5938
1627958066.7139 4140.5938
1627958066.8141 4141.2422
1627958066.9143 4141.2422
1627958067.0155 4142.5781
1627958067.1149 4142.5781
1627958067.2148 4143.7891
1627958067.3151 4143.7891
1627958067.4158 4143.7891
1627958067.5153 4145.2031
1627958067.6154 4145.2031
1627958067.7156 4146.2383
1627958067.8159 4146.2383
1627958067.9160 4146.5703
1627958068.0161 4146.8281
1627958068.1163 4148.3750
1627958068.2165 4148.3750
1627958068.3166 4149.3008
1627958068.4168 4149.3008
1627958068.5172 4149.5273
1627958068.6172 4151.0742
1627958068.7173 4151.0742
1627958068.8175 4152.5195
1627958068.9177 4152.5195
1627958069.0179 4153.9492
1627958069.1180 4153.9492
1627958069.2182 4154.4922
1627958069.3184 4155.7812
1627958069.4185 4155.8555
1627958069.5187 4156.6289
1627958069.6190 4157.4023
1627958069.7190 4157.5508
1627958069.8192 4158.5820
1627958069.9194 4159.3555
1627958070.0196 4159.9297
1627958070.1197 4160.7031
1627958070.2199 4161.4766
1627958070.3202 4162.2500
1627958070.4205 4162.5781
1627958070.5204 4163.3516
1627958070.6206 4164.1250
1627958070.7208 4164.8359
1627958070.8210 4165.6094
1627958070.9211 4166.3828
1627958071.0226 4166.4375
1627958071.1215 4167.4688
1627958071.2217 4167.9844
1627958071.3218 4169.0156
1627958071.4220 4169.5312
1627958071.5222 4170.5312
1627958071.6223 4171.0469
1627958071.7225 4172.0781
1627958071.8227 4172.8516
1627958071.9228 4173.0508
1627958072.0230 4173.8242
1627958072.1232 4174.5625
1627958072.2234 4175.0781
1627958072.3235 4176.1094
1627958072.4245 4176.8828
1627958072.5239 4177.6875
1627958072.6241 4178.2031
1627958072.7242 4179.4922
1627958072.8244 4180.0078
1627958072.9246 4180.7969
1627958073.0248 4181.5703
1627958073.1249 4182.6016
1627958073.2251 4183.1172
1627958073.3253 4184.5469
1627958073.4254 4185.0625
1627958073.5256 4185.5781
1627958073.6258 4186.6680
1627958073.7260 4187.4414
1627958073.8261 4188.4727
1627958073.9263 4188.9883
1627958074.0265 4190.3867
1627958074.1266 4190.9023
1627958074.2268 4192.1367
1627958074.3270 4192.6523
1627958074.4271 4193.9180
1627958074.5274 4194.4336
1627958074.6279 4195.4414
1627958074.7277 4195.9570
1627958074.8278 4197.1562
1627958074.9314 4198.1875
1627958075.0294 4198.7031
1627958075.1284 4200.1484
1627958075.2285 4200.6641
1627958075.3287 4201.6719
1627958075.4292 4202.1875
1627958075.5291 4203.2188
1627958075.6292 4203.7344
1627958075.7294 4204.8555
1627958075.8296 4205.3711
1627958075.9301 4206.3164
1627958076.0299 4207.3477
1627958076.1314 4207.8633
1627958076.2303 4209.2734
1627958076.3305 4209.7891
1627958076.4306 4210.2812
1627958076.5309 4211.5703
1627958076.6310 4212.0859
1627958076.7314 4213.0898
1627958076.8313 4213.3477
1627958076.9316 4214.6367
1627958077.0316 4215.1523
1627958077.1320 4215.8750
1627958077.2320 4216.9062
1627958077.3322 4217.6797
1627958077.4324 4218.1953
1627958077.5325 4219.2266
1627958077.6366 4219.7422
1627958077.7329 4220.7266
1627958077.8330 4221.5000
1627958077.9332 4222.0156
1627958078.0334 4222.8398
1627958078.1337 4223.3555
1627958078.2337 4224.3828
1627958078.3344 4224.8984
1627958078.4341 4225.9492
1627958078.5343 4226.4648
1627958078.6344 4227.6992
1627958078.7346 4227.9570
1627958078.8347 4229.1484
1627958078.9349 4229.6641
1627958079.0351 4230.6406
1627958079.1353 4231.1562
1627958079.2355 4232.1797
1627958079.3357 4232.6953
1627958079.4360 4233.7031
1627958079.5360 4234.2188
1627958079.6361 4235.4258
1627958079.7363 4235.6836
1627958079.8365 4236.9766
1627958079.9367 4237.2344
1627958080.0368 4238.3594
1627958080.1370 4238.6172
1627958080.2372 4239.7812
1627958080.3373 4240.2969
1627958080.4386 4241.2305
1627958080.5377 4241.4883
1627958080.6379 4242.6484
1627958080.7380 4243.1641
1627958080.8382 4243.8906
1627958080.9385 4244.9219
1627958081.0386 4245.4375
1627958081.1388 4246.1094
1627958081.2389 4246.8828
1627958081.3391 4247.3984
1627958081.4393 4248.4297
1627958081.5395 4248.9453
1627958081.6396 4249.4609
1627958081.7398 4250.4922
1627958081.8400 4250.7500
1627958081.9401 4251.4023
1627958082.0403 4252.4336
1627958082.1405 4252.9492
1627958082.2407 4253.3828
1627958082.3408 4254.4141
1627958082.4410 4254.6719
1627958082.5412 4255.0508
1627958082.6414 4255.8242
1627958082.7415 4256.8555
1627958082.8417 4257.1133
1627958082.9418 4257.9180
1627958083.0420 4258.9492
1627958083.1422 4259.4648
1627958083.2424 4259.9219
1627958083.3426 4260.4375
1627958083.4429 4261.4688
1627958083.5429 4261.7266
1627958083.6431 4262.5859
1627958083.7432 4263.6172
1627958083.8434 4264.1328
1627958083.9436 4264.4062
1627958084.0437 4265.4375
1627958084.1439 4266.2109
1627958084.2441 4266.7266
1627958084.3443 4267.4336
1627958084.4445 4267.9492
1627958084.5446 4268.4648
1627958084.6448 4269.2383
1627958084.7450 4270.0117
1627958084.8451 4270.5273
1627958084.9453 4271.0586
1627958085.0455 4271.8320
1627958085.1457 4272.3477
1627958085.2458 4272.8633
1627958085.3464 4273.6367
1627958085.4462 4274.1523
1627958085.5464 4274.7500
1627958085.6465 4275.2656
1627958085.7467 4275.6680
1627958085.8469 4276.4414
1627958085.9471 4276.9570
1627958086.0472 4277.7305
1627958086.1476 4278.2461
1627958086.2476 4278.7617
1627958086.3477 4279.2773
1627958086.4479 4280.0508
1627958086.5481 4280.5664
1627958086.6482 4281.0820
1627958086.7484 4281.5977
1627958086.8486 4282.3711
1627958086.9488 4282.9570
1627958087.0490 4283.4727
1627958087.1492 4284.2266
1627958087.2493 4284.7422
1627958087.3495 4285.7422
1627958087.4497 4286.2578
1627958087.5498 4286.8867
1627958087.6500 4287.6602
1627958087.7526 4288.4453
1627958087.8504 4288.9609
1627958087.9526 4289.8164
1627958088.0507 4290.3320
1627958088.1566 4290.9258
1627958088.2510 4291.4414
1627958088.3512 4291.9414
1627958088.4514 4292.7148
1627958088.5526 4292.9648
1627958088.6517 4293.7383
1627958088.7519 4294.0781
1627958088.8522 4294.8516
1627958088.9523 4295.4648
1627958089.0524 4295.9805
1627958089.1526 4296.7070
1627958089.2528 4297.2227
1627958089.3529 4297.6602
1627958089.4531 4298.4336
1627958089.5533 4298.8359
1627958089.6535 4299.6094
1627958089.7568 4299.9609
1627958089.8538 4300.7344
1627958089.9542 4301.0273
1627958090.0542 4301.8008
1627958090.1566 4302.1172
1627958090.2545 4302.8906
1627958090.3547 4303.2500
1627958090.4549 4304.0234
1627958090.5550 4304.2773
1627958090.6552 4305.0508
1627958090.7555 4305.4531
1627958090.8555 4306.2266
1627958090.9558 4306.7695
1627958091.0559 4307.0273
1627958091.1561 4307.5391
1627958091.2563 4308.0547
1627958091.3564 4308.5625
1627958091.4566 4309.3359
1627958091.5568 4309.8516
1627958091.6570 4310.3672
1627958091.7571 4311.0859
1627958091.8573 4311.6016
1627958091.9577 4312.2617
1627958092.0576 4313.0352
1627958092.1581 4313.6133
1627958092.2584 4314.1289
1627958092.3581 4314.8398
1627958092.4583 4315.6133
1627958092.5585 4316.2383
1627958092.6603 4317.0117
1627958092.7594 4317.6328
1627958092.8590 4318.1484
1627958092.9621 4318.8438
1627958093.0594 4319.3594
1627958093.1607 4319.8438
1627958093.2597 4320.6172
1627958093.3599 4321.1328
1627958093.4606 4321.6484
1627958093.5603 4322.1406
1627958093.6607 4322.9141
1627958093.7608 4323.5586
1627958093.8609 4324.0742
1627958093.9609 4324.4688
1627958094.0626 4325.2422
1627958094.1613 4325.5781
1627958094.2615 4326.6094
1627958094.3617 4327.1250
1627958094.4618 4327.3984
1627958094.5623 4327.9141
1627958094.6640 4328.3672
1627958094.7624 4329.1406
1627958094.8625 4329.4648
1627958094.9646 4329.9805
1627958095.0635 4330.7539
1627958095.1630 4331.5273
1627958095.2633 4331.5273
1627958095.3646 4331.8047
1627958095.4636 4332.3203
1627958095.5637 4333.0938
1627958095.6639 4333.8672
1627958095.7641 4333.8672
1627958095.8643 4334.3867
1627958095.9644 4334.6445
1627958096.0646 4335.4180
1627958096.1648 4335.4180
1627958096.2650 4336.1914
1627958096.3651 4336.7070
1627958096.4653 4336.9648
1627958096.5655 4337.4805
1627958096.6657 4337.7383
1627958096.7658 4338.7695
1627958096.8660 4339.5430
1627958096.9677 4340.0859
1627958097.0663 4340.8594
1627958097.1665 4340.8594
1627958097.2667 4340.8594
1627958097.3669 4341.0781
1627958097.4670 4341.5938
1627958097.5672 4342.3672
1627958097.6674 4342.6250
1627958097.7675 4343.3984
1627958097.8677 4343.6562
1627958097.9688 4344.4297
1627958098.0681 4344.6875
1627958098.1683 4344.9453
1627958098.2685 4345.7188
1627958098.3686 4345.9766
1627958098.4701 4346.2344
1627958098.5690 4346.7500
1627958098.6691 4347.2656
1627958098.7694 4347.7812
1627958098.8695 4348.2969
1627958098.9696 4348.8125
1627958099.0698 4349.0703
1627958099.1700 4349.6484
1627958099.2702 4350.1641
1627958099.3703 4350.4180
1627958099.4742 4351.1914
1627958099.5707 4351.5391
1627958099.6708 4351.7969
1627958099.7711 4352.5703
1627958099.8712 4353.3438
1627958099.9714 4353.7773
1627958100.0767 4354.5508
1627958100.1717 4354.5508
1627958100.2719 4354.5508
1627958100.3721 4355.3164
1627958100.4723 4356.0898
1627958100.5724 4356.3867
1627958100.6753 4357.1602
1627958100.7728 4357.1602
1627958100.8776 4357.6562
1627958100.9731 4357.6562
1627958101.0734 4358.4219
1627958101.1735 4358.9375
1627958101.2737 4359.1797
1627958101.3738 4359.4375
1627958101.4740 4359.9531
1627958101.5742 4360.2109
1627958101.6743 4360.7266
1627958101.7746 4360.9844
1627958101.8747 4361.7578
1627958101.9749 4362.0156
1627958102.0751 4363.0469
1627958102.1752 4363.5625
1627958102.2754 4363.5625
1627958102.3756 4363.8711
1627958102.4757 4364.3867
1627958102.5759 4364.9023
1627958102.6761 4365.4180
1627958102.7763 4365.6758
1627958102.8764 4366.1914
1627958102.9766 4366.9648
1627958103.0768 4367.6172
1627958103.1770 4368.1328
1627958103.2773 4368.3984
1627958103.3773 4369.1719
1627958103.4775 4369.4219
1627958103.5777 4369.6797
1627958103.6778 4370.1953
1627958103.7780 4370.4531
1627958103.8782 4371.4844
1627958103.9784 4372.2578
1627958104.0786 4372.2578
1627958104.1787 4372.5508
1627958104.2789 4373.0664
1627958104.3793 4373.3086
1627958104.4793 4373.8242
1627958104.5794 4374.5977
1627958104.6796 4374.6094
1627958104.7798 4375.3828
1627958104.8800 4375.8984
1627958104.9802 4376.6719
1627958105.0803 4377.4453
1627958105.1805 4378.2188
1627958105.2806 4378.2188
1627958105.3808 4378.2188
1627958105.4810 4379.5078
1627958105.5812 4379.5078
1627958105.6813 4379.5078
1627958105.7815 4379.8008
1627958105.8817 4381.3477
1627958105.9822 4381.3477
1627958106.0823 4381.3477
1627958106.1822 4381.6055
1627958106.2824 4382.6367
1627958106.3825 4383.4102
1627958106.4827 4384.1836
1627958106.5829 4384.1836
1627958106.6831 4384.1836
1627958106.7832 4384.8359
1627958106.8842 4385.0938
1627958106.9836 4385.6094
1627958107.0838 4386.1250
1627958107.1840 4386.6406
1627958107.2841 4387.4141
1627958107.3843 4387.6719
1627958107.4845 4387.9297
1627958107.5847 4388.4453
1627958107.6848 4389.2188
1627958107.7850 4389.9922
1627958107.8852 4390.3281
1627958107.9854 4390.5859
1627958108.0855 4391.1016
1627958108.1857 4391.8750
1627958108.2859 4391.9609
1627958108.3861 4393.2500
1627958108.4863 4393.2500
1627958108.5864 4393.5078
1627958108.6866 4393.7266
1627958108.7868 4393.9844
1627958108.8886 4395.5312
1627958108.9871 4395.8789
1627958109.0873 4395.8789
1627958109.1875 4396.0195
1627958109.2881 4397.5664
1627958109.3878 4397.5664
1627958109.4880 4397.6133
1627958109.5881 4397.6133
1627958109.6889 4398.6445
1627958109.7886 4398.9023
1627958109.8887 4399.6758
1627958109.9888 4399.6758
1627958110.0892 4400.1914
1627958110.1892 4401.2227
1627958110.2895 4401.2227
1627958110.3896 4401.9961
1627958110.4897 4402.3164
1627958110.5899 4403.0898
1627958110.6902 4403.0898
1627958110.7902 4404.3789
1627958110.8904 4404.3789
1627958110.9906 4405.4023
1627958111.0908 4405.4023
1627958111.1910 4406.0312
1627958111.2928 4406.0312
1627958111.3913 4406.2188
1627958111.4916 4406.7344
1627958111.5916 4407.2500
1627958111.6918 4407.5078
1627958111.7920 4408.0234
1627958111.8926 4408.5391
1627958111.9929 4408.5391
1627958112.0925 4408.7227
1627958112.1927 4409.2383
1627958112.2931 4409.4961
1627958112.3930 4410.0117
1627958112.4947 4410.2695
1627958112.5934 4410.7852
1627958112.6939 4411.3008
1627958112.7937 4411.5586
1627958112.8939 4412.0742
1627958112.9941 4412.5898
1627958113.0943 4413.8789
1627958113.1944 4413.8789
1627958113.2946 4414.7812
1627958113.3949 4414.7812
1627958113.4950 4415.0312
1627958113.5951 4415.2891
1627958113.6953 4416.8359
1627958113.7955 4416.8359
1627958113.8969 4417.5469
1627958113.9966 4417.5469
1627958114.0960 4418.1719
1627958114.1962 4418.4297
1627958114.2970 4418.9453
1627958114.3965 4419.2031
1627958114.4967 4419.7188
1627958114.5977 4419.7188
1627958114.6971 4420.9688
1627958114.7973 4420.9688
1627958114.8974 4421.7031
1627958114.9977 4421.7031
1627958115.0981 4422.5547
1627958115.1980 4422.5547
1627958115.2981 4423.2578
1627958115.3983 4423.2578
1627958115.4985 4424.0977
1627958115.5987 4424.0977
1627958115.6988 4425.0625
1627958115.7990 4425.0625
1627958115.8992 4425.7461
1627958115.9994 4425.7461
1627958116.0996 4426.6133
1627958116.1997 4426.6133
1627958116.2999 4427.7852
1627958116.4003 4427.7852
1627958116.5002 4428.3555
1627958116.6005 4428.3555
1627958116.7006 4428.5156
1627958116.8008 4429.0312
1627958116.9009 4429.2891
1627958117.0015 4430.8359
1627958117.1013 4430.8359
1627958117.2015 4431.3984
1627958117.3017 4431.3984
1627958117.4018 4432.6328
1627958117.5020 4432.6328
1627958117.6022 4433.3906
1627958117.7023 4433.3906
1627958117.8026 4433.6055
1627958117.9027 4434.1211
1627958118.0029 4435.6680
1627958118.1031 4435.6680
1627958118.2032 4436.2734
1627958118.3034 4436.2734
1627958118.4036 4437.5078
1627958118.5038 4437.5078
1627958118.6040 4438.1367
1627958118.7041 4438.1367
1627958118.8043 4438.9570
1627958118.9045 4438.9570
1627958119.0048 4440.0234
1627958119.1048 4440.0234
1627958119.2050 4440.7734
1627958119.3052 4440.7734
1627958119.4053 4441.8945
1627958119.5055 4441.8945
1627958119.6057 4443.0352
1627958119.7059 4443.0352
1627958119.8061 4443.6367
1627958119.9062 4443.6367
1627958120.0086 4444.6875
1627958120.1066 4444.6875
1627958120.2083 4445.6797
1627958120.3069 4445.6797
1627958120.4071 4446.0938
1627958120.5073 4446.0938
1627958120.6075 4447.6406
1627958120.7076 4447.6406
1627958120.8078 4448.7617
1627958120.9080 4448.7617
1627958121.0086 4449.4844
1627958121.1083 4449.4844
1627958121.2085 4450.4805
1627958121.3087 4450.4805
1627958121.4088 4451.2227
1627958121.5090 4451.2227
1627958121.6093 4452.2266
1627958121.7094 4452.2266
1627958121.8095 4452.4180
1627958121.9097 4453.9648
1627958122.0099 4453.9648
1627958122.1101 4454.1914
1627958122.2103 4454.7070
1627958122.3104 4454.9648
1627958122.4106 4455.4805
1627958122.5108 4457.0273
1627958122.6109 4457.0273
1627958122.7111 4457.7734
1627958122.8113 4457.7734
1627958122.9115 4457.9531
1627958123.0140 4458.4688
1627958123.1118 4459.2422
1627958123.2120 4460.5312
1627958123.3122 4460.5312
1627958123.4125 4461.1211
1627958123.5125 4461.8945
1627958123.6127 4462.1133
1627958123.7129 4462.3711
1627958123.8131 4462.8945
1627958123.9132 4462.8945
1627958124.0136 4463.1523
1627958124.1137 4464.6992
1627958124.2138 4464.6992
1627958124.3139 4465.4883
1627958124.4141 4465.4883
1627958124.5143 4467.0352
1627958124.6146 4467.0352
1627958124.7146 4467.7617
1627958124.8148 4467.7617
1627958124.9150 4467.7617
1627958125.0152 4468.8359
1627958125.1153 4469.0703
1627958125.2155 4469.3281
1627958125.3157 4469.3281
1627958125.4166 4469.3281
1627958125.5161 4470.8633
1627958125.6162 4470.8633
1627958125.7164 4472.1719
1627958125.8166 4472.1719
1627958125.9168 4473.1445
1627958126.0170 4473.1445
1627958126.1171 4473.1445
1627958126.2173 4473.8633
1627958126.3175 4474.3789
1627958126.4176 4474.6367
1627958126.5180 4474.9648
1627958126.6180 4475.4805
1627958126.7225 4476.2539
1627958126.8183 4477.2109
1627958126.9185 4477.4688
1627958127.0187 4477.5195
1627958127.1189 4478.0352
1627958127.2191 4479.0664
1627958127.3192 4480.0977
1627958127.4194 4480.0977
1627958127.5206 4480.6133
1627958127.6198 4481.6445
1627958127.7199 4481.6445
1627958127.8201 4481.6445
1627958127.9203 4482.1289
1627958128.0205 4483.4180
1627958128.1206 4483.4180
1627958128.2208 4483.4180
1627958128.3210 4484.9648
1627958128.4212 4484.9648
1627958128.5214 4486.1211
1627958128.6215 4486.1211
1627958128.7217 4486.8711
1627958128.8219 4486.8711
1627958128.9221 4487.8203
1627958129.0222 4487.8203
1627958129.1224 4488.8555
1627958129.2226 4488.8555
1627958129.3227 4490.0625
1627958129.4230 4490.0625
1627958129.5233 4490.7109
1627958129.6233 4490.7109
1627958129.7235 4491.8906
1627958129.8236 4491.8906
1627958129.9238 4492.5742
1627958130.0240 4492.5742
1627958130.1242 4493.5586
1627958130.2243 4493.5586
1627958130.3245 4494.1875
1627958130.4247 4494.1875
1627958130.5249 4495.5625
1627958130.6250 4495.5625
1627958130.7252 4496.1484
1627958130.8254 4496.1484
1627958130.9256 4496.4766
1627958131.0258 4496.9922
1627958131.1260 4497.5078
1627958131.2261 4498.7969
1627958131.3263 4498.7969
1627958131.4264 4499.5586
1627958131.5266 4499.5586
1627958131.6268 4500.3555
1627958131.7270 4500.3555
1627958131.8272 4500.6797
1627958131.9273 4501.1953
1627958132.0275 4501.4531
1627958132.1278 4501.9688
1627958132.2279 4503.5156
1627958132.3282 4503.5156
1627958132.4282 4504.0938
1627958132.5287 4504.0938
1627958132.6286 4505.0703
1627958132.7287 4505.0703
1627958132.8289 4506.5195
1627958132.9291 4506.5195
1627958133.0293 4507.0703
1627958133.1294 4507.3281
1627958133.2297 4507.5859
1627958133.3320 4508.0469
1627958133.4300 4508.5625
1627958133.5302 4509.0781
1627958133.6303 4510.6250
1627958133.7305 4510.6250
1627958133.8307 4511.2695
1627958133.9350 4511.2695
1627958134.0311 4511.5898
1627958134.1313 4512.1055
1627958134.2314 4512.6211
1627958134.3323 4514.1680
1627958134.4318 4514.1680
1627958134.5319 4514.7812
1627958134.6321 4514.7812
1627958134.7326 4515.7852
1627958134.8325 4515.7852
1627958134.9329 4516.7344
1627958135.0328 4516.7344
1627958135.1332 4517.5117
1627958135.2364 4517.6211
1627958135.3334 4518.1367
1627958135.4335 4518.6523
1627958135.5347 4519.4258
1627958135.6342 4519.9414
1627958135.7345 4520.1992
1627958135.8342 4520.9727
1627958135.9366 4521.7461
1627958136.0346 4522.1484
1627958136.1358 4523.1797
1627958136.2349 4523.1797
1627958136.3352 4523.9531
1627958136.4353 4523.9531
1627958136.5354 4524.4688
1627958136.6365 4524.9844
1627958136.7358 4525.5000
1627958136.8360 4526.0625
1627958136.9366 4526.5781
1627958137.0363 4527.3516
1627958137.1367 4527.3516
1627958137.2367 4527.3516
1627958137.3369 4528.6406
1627958137.4370 4529.1562
1627958137.5372 4529.4141
1627958137.6374 4529.4141
1627958137.7376 4530.7812
1627958137.8377 4530.7812
1627958137.9408 4530.7812
1627958138.0382 4531.2227
1627958138.1383 4531.7383
1627958138.2384 4533.2852
1627958138.3386 4533.2852
1627958138.4388 4533.2852
1627958138.5390 4533.4336
1627958138.6392 4533.9492
1627958138.7400 4534.4648
1627958138.8396 4534.9805
1627958138.9398 4535.4961
1627958139.0399 4535.4961
1627958139.1409 4536.8203
1627958139.2402 4536.8203
1627958139.3404 4537.7773
1627958139.4406 4537.7773
1627958139.5407 4538.5039
1627958139.6410 4538.5039
1627958139.7411 4539.7344
1627958139.8413 4539.7344
1627958139.9415 4539.7344
1627958140.0416 4540.0078
1627958140.1418 4540.5234
1627958140.2420 4541.0391
1627958140.3422 4541.2969
1627958140.4424 4541.8125
1627958140.5425 4542.3281
1627958140.6427 4542.8438
1627958140.7429 4543.3594
1627958140.8431 4543.3594
1627958140.9446 4544.6484
1627958141.0434 4544.6484
1627958141.1436 4545.0703
1627958141.2438 4545.0703
1627958141.3439 4545.1562
1627958141.4441 4545.6719
1627958141.5443 4545.9297
1627958141.6445 4547.4766
1627958141.7450 4547.4766
1627958141.8448 4548.2422
1627958141.9450 4548.2422
1627958142.0452 4548.6992
1627958142.1454 4548.9570
1627958142.2455 4550.5039
1627958142.3457 4550.5039
1627958142.4460 4551.0625
1627958142.5461 4551.0625
1627958142.6463 4552.2422
1627958142.7464 4552.2422
1627958142.8466 4552.9023
1627958142.9468 4552.9023
1627958143.0469 4552.9023
1627958143.1471 4553.6641
1627958143.2478 4553.6641
1627958143.3475 4554.1797
1627958143.4477 4554.6953
1627958143.5478 4555.9844
1627958143.6480 4555.9844
1627958143.7482 4557.0156
1627958143.8484 4557.0156
1627958143.9486 4557.0156
1627958144.0487 4558.1094
1627958144.1490 4558.3672
1627958144.2491 4558.8828
1627958144.3493 4559.3984
1627958144.4494 4560.1719
1627958144.5496 4560.4297
1627958144.6500 4560.4297
1627958144.7500 4560.8398
1627958144.8501 4561.6133
1627958144.9505 4561.8711
1627958145.0505 4562.1289
1627958145.1507 4562.9023
1627958145.2509 4563.1602
1627958145.3510 4563.9336
1627958145.4512 4564.4492
1627958145.5514 4565.2227
1627958145.6515 4565.2227
1627958145.7518 4565.9961
1627958145.8528 4565.9961
1627958145.9521 4566.2539
1627958146.0540 4567.0273
1627958146.1524 4567.3203
1627958146.2529 4567.5781
1627958146.3528 4568.3516
1627958146.4534 4568.6094
1627958146.5531 4568.8672
1627958146.6533 4569.6406
1627958146.7535 4569.8984
1627958146.8541 4570.4141
1627958146.9538 4570.6719
1627958147.0541 4571.7031
1627958147.1542 4572.4766
1627958147.2546 4572.4766
1627958147.3546 4573.1172
1627958147.4549 4573.3750
1627958147.5557 4574.1484
1627958147.6563 4574.1484
1627958147.7553 4574.6641
1627958147.8554 4575.1797
1627958147.9557 4575.4375
1627958148.0559 4576.2109
1627958148.1560 4576.2109
1627958148.2562 4576.4688
1627958148.3563 4576.7266
1627958148.4567 4577.2422
1627958148.5567 4577.7578
1627958148.6569 4578.2734
1627958148.7570 4578.7891
1627958148.8572 4579.0469
1627958148.9574 4579.8203
1627958149.0576 4580.0781
1627958149.1578 4580.5938
1627958149.2580 4580.8516
1627958149.3581 4581.6250
1627958149.4589 4581.8828
1627958149.5585 4582.3984
1627958149.6590 4582.6562
1627958149.7588 4583.4297
1627958149.8607 4583.4297
1627958149.9592 4584.2031
1627958150.0594 4584.4609
1627958150.1595 4585.4922
1627958150.2601 4586.2656
1627958150.3599 4586.2656
1627958150.4603 4586.9609
1627958150.5602 4586.9609
1627958150.6609 4587.2188
1627958150.7606 4588.2500
1627958150.8609 4589.0234
1627958150.9616 4589.0234
1627958151.0618 4589.4492
1627958151.1613 4590.2227
1627958151.2615 4590.2227
1627958151.3617 4590.4805
1627958151.4644 4590.4805
1627958151.5620 4592.0273
1627958151.6632 4592.0469
1627958151.7624 4592.0469
1627958151.8629 4592.8203
1627958151.9628 4593.0781
1627958152.0629 4593.5938
1627958152.1631 4594.1094
1627958152.2633 4594.6250
1627958152.3635 4595.6562
1627958152.4637 4595.6562
1627958152.5639 4595.6562
1627958152.6640 4595.6562
1627958152.7642 4597.2031
1627958152.8643 4597.4609
1627958152.9645 4597.7188
1627958153.0653 4597.7188
1627958153.1649 4599.2656
1627958153.2653 4599.2656
1627958153.3652 4599.6094
1627958153.4659 4599.6094
1627958153.5656 4600.8984
1627958153.6657 4600.8984
1627958153.7659 4601.9297
1627958153.8661 4602.1875
1627958153.9663 4602.9609
1627958154.0665 4602.9609
1627958154.1666 4603.3906
1627958154.2668 4603.9062
1627958154.3670 4604.3672
1627958154.4674 4604.6250
1627958154.5673 4604.9570
1627958154.6675 4605.4727
1627958154.7677 4605.9883
1627958154.8679 4606.7617
1627958154.9681 4607.2578
1627958155.0682 4607.7734
1627958155.1684 4608.0312
1627958155.2686 4608.5469
1627958155.3688 4608.8047
1627958155.4690 4609.8359
1627958155.5691 4610.3516
1627958155.6693 4610.4141
1627958155.7695 4611.1875
1627958155.8703 4611.4453
1627958155.9698 4612.2188
1627958156.0700 4612.4766
1627958156.1702 4613.5078
1627958156.2704 4613.7656
1627958156.3706 4614.2812
1627958156.4707 4614.7969
1627958156.5709 4615.3125
1627958156.6711 4615.8281
1627958156.7718 4616.6016
1627958156.8714 4616.8594
1627958156.9716 4617.6328
1627958157.0718 4618.1484
1627958157.1720 4618.9219
1627958157.2721 4619.4375
1627958157.3723 4619.9531
1627958157.4728 4620.4688
1627958157.5727 4620.6211
1627958157.6729 4621.1367
1627958157.7731 4621.6523
1627958157.8732 4622.4258
1627958157.9734 4622.6836
1627958158.0736 4623.1992
1627958158.1738 4623.4570
1627958158.2739 4623.9727
1627958158.3741 4624.7461
1627958158.4743 4625.2617
1627958158.5745 4625.7773
1627958158.6746 4626.2930
1627958158.7748 4626.8086
1627958158.8750 4627.0664
1627958158.9752 4627.5820
1627958159.0753 4628.3555
1627958159.1756 4628.7070
1627958159.2757 4629.2227
1627958159.3759 4629.7383
1627958159.4761 4630.5117
1627958159.5763 4630.5117
1627958159.6764 4631.0273
1627958159.7766 4631.8008
1627958159.8768 4632.0586
1627958159.9770 4632.5742
1627958160.0771 4633.6055
1627958160.1774 4634.1211
1627958160.2775 4634.6367
1627958160.3777 4635.1523
1627958160.4780 4635.4102
1627958160.5781 4635.9258
1627958160.6782 4636.4414
1627958160.7784 4636.9570
1627958160.8786 4637.2148
1627958160.9788 4637.7305
1627958161.0790 4638.2461
1627958161.1810 4638.7617
1627958161.2793 4639.2773
1627958161.3798 4639.7930
1627958161.4797 4640.0508
1627958161.5798 4640.8242
1627958161.6805 4641.5977
1627958161.7801 4641.5977
1627958161.8803 4642.4570
1627958161.9810 4642.7148
1627958162.0807 4643.2305
1627958162.1809 4643.4883
1627958162.2812 4644.2617
1627958162.3815 4645.0352
1627958162.4846 4645.0352
1627958162.5816 4645.0352
1627958162.6830 4645.8086
1627958162.7825 4646.5820
1627958162.8826 4646.5820
1627958162.9823 4646.5820
1627958163.0825 4647.8711
1627958163.1826 4647.8711
1627958163.2828 4647.8711
1627958163.3830 4649.1680
1627958163.4832 4649.4258
1627958163.5835 4650.9727
1627958163.6839 4650.9727
1627958163.7838 4651.4141
1627958163.8839 4651.4141
1627958163.9841 4652.4141
1627958164.0843 4652.4141
1627958164.1848 4652.4141
1627958164.2846 4652.6250
1627958164.3848 4653.1406
1627958164.4850 4653.6562
1627958164.5856 4653.9141
1627958164.6853 4654.4297
1627958164.7855 4654.9453
1627958164.8857 4655.2031
1627958164.9891 4655.7188
1627958165.0860 4656.2344
1627958165.1864 4656.4922
1627958165.2864 4657.0078
1627958165.3866 4657.2656
1627958165.4867 4657.7812
1627958165.5886 4658.2969
1627958165.6871 4658.5547
1627958165.7873 4660.1016
1627958165.8886 4660.1016
1627958165.9888 4660.8359
1627958166.0878 4660.8359
1627958166.1881 4661.4844
1627958166.2882 4661.4844
1627958166.3927 4661.7969
1627958166.4885 4663.0859
1627958166.5887 4663.0859
1627958166.6889 4663.9180
1627958166.7891 4663.9180
1627958166.8893 4664.1367
1627958166.9894 4664.6523
1627958167.0896 4665.9414
1627958167.1898 4665.9414
1627958167.2900 4666.6250
1627958167.3902 4666.6250
1627958167.4903 4667.5234
1627958167.5905 4667.5234
1627958167.6907 4668.1133
1627958167.7908 4668.1133
1627958167.8910 4668.4023
1627958167.9912 4669.6914
1627958168.0914 4669.6914
1627958168.1916 4670.5312
1627958168.2918 4670.5312
1627958168.3919 4671.4141
1627958168.4921 4671.4141
1627958168.5923 4671.4844
1627958168.6925 4671.7422
1627958168.7926 4673.2891
1627958168.8929 4673.2891
1627958168.9930 4674.3203
1627958169.0934 4674.3203
1627958169.1933 4674.3789
1627958169.2935 4675.6680
1627958169.3938 4675.6680
1627958169.4939 4676.5078
1627958169.5941 4676.5078
1627958169.6942 4677.1094
1627958169.7944 4677.1094
1627958169.8946 4678.0703
1627958169.9949 4678.0703
1627958170.0950 4679.0859
1627958170.1952 4679.0859
1627958170.2953 4679.9375
1627958170.3971 4679.9375
1627958170.4957 4681.0156
1627958170.5966 4681.0156
1627958170.6964 4681.6211
1627958170.7962 4681.6211
1627958170.8966 4682.5430
1627958170.9966 4682.5430
1627958171.0967 4682.6523
1627958171.1969 4683.1680
1627958171.2971 4683.4258
1627958171.3973 4683.9414
1627958171.4974 4684.1992
1627958171.5990 4685.7461
1627958171.6981 4685.7461
1627958171.7980 4686.4336
1627958171.8982 4686.4336
1627958171.9984 4687.1953
1627958172.1006 4687.1953
1627958172.1987 4688.1758
1627958172.3035 4688.1758
1627958172.3991 4688.8594
1627958172.5007 4688.8594
1627958172.5994 4689.0352
1627958172.6996 4690.3242
1627958172.7999 4690.3242
1627958172.9000 4690.3242
1627958173.0006 4690.7734
1627958173.1006 4692.0625
1627958173.2005 4692.0820
1627958173.3007 4692.5977
1627958173.4009 4692.5977
1627958173.5011 4694.1445
1627958173.6012 4694.1797
1627958173.7014 4694.1797
1627958173.8016 4694.6953
1627958173.9017 4695.9844
1627958174.0019 4695.9844
1627958174.1021 4696.8750
1627958174.2023 4697.0586
1627958174.3025 4697.3164
1627958174.4026 4698.6055
1627958174.5046 4698.7188
1627958174.6030 4698.7188
1627958174.7046 4700.2656
1627958174.8034 4700.2656
1627958174.9037 4700.9336
1627958175.0037 4700.9336
1627958175.1046 4701.8672
1627958175.2041 4701.8672
1627958175.3046 4701.8672
1627958175.4044 4703.3711
1627958175.5049 4703.3711
1627958175.6048 4703.4375
1627958175.7050 4704.9844
1627958175.8051 4704.9844
1627958175.9053 4705.7695
1627958176.0055 4705.7695
1627958176.1057 4706.5898
1627958176.2059 4706.5898
1627958176.3062 4707.6094
1627958176.4062 4707.6094
1627958176.5064 4708.5469
1627958176.6066 4708.5469
1627958176.7076 4709.7656
1627958176.8069 4709.7656
1627958176.9074 4710.5117
1627958177.0073 4710.7188
1627958177.1075 4711.2344
1627958177.2076 4712.5234
1627958177.3078 4712.7812
1627958177.4084 4713.2969
1627958177.5082 4714.5859
1627958177.6084 4714.6914
1627958177.7085 4714.9492
1627958177.8088 4716.4961
1627958177.9089 4716.5586
1627958178.0091 4718.1055
1627958178.1093 4718.1055
1627958178.2095 4719.5195
1627958178.3105 4719.5195
1627958178.4098 4719.9219
1627958178.5100 4721.2109
1627958178.6102 4721.4688
1627958178.7103 4721.7266
1627958178.8105 4723.2734
1627958178.9107 4723.2734
1627958179.0109 4724.0586
1627958179.1110 4725.6055
1627958179.2115 4725.6055
1627958179.3114 4725.7734
1627958179.4118 4727.0625
1627958179.5119 4727.3203
1627958179.6145 4728.8672
1627958179.7121 4728.8672
1627958179.8139 4730.0703
1627958179.9126 4730.0703
1627958180.0129 4731.3320
1627958180.1129 4731.3320
1627958180.2130 4732.5938
1627958180.3139 4732.5938
1627958180.4134 4732.7656
1627958180.5138 4734.0547
1627958180.6137 4734.5703
1627958180.7139 4735.8594
1627958180.8141 4735.8594
1627958180.9144 4737.1445
1627958181.0144 4737.2969
1627958181.1147 4738.5859
1627958181.2148 4739.1250
1627958181.3150 4739.3828
1627958181.4152 4739.9961
1627958181.5154 4740.7695
1627958181.6155 4741.8008
1627958181.7157 4742.5742
1627958181.8159 4743.0898
1627958181.9170 4744.1211
1627958182.0163 4745.1523
1627958182.1165 4745.4102
1627958182.2166 4746.4414
1627958182.3168 4747.2148
1627958182.4170 4747.9883
1627958182.5172 4748.7617
1627958182.6173 4749.7930
1627958182.7175 4750.0508
1627958182.8177 4751.0820
1627958182.9178 4751.5977
1627958183.0181 4752.6289
1627958183.1182 4753.4023
1627958183.2184 4754.1758
1627958183.3187 4755.2070
1627958183.4187 4755.9805
1627958183.5189 4756.7539
1627958183.6191 4758.0430
1627958183.7193 4759.0742
1627958183.8195 4759.3320
1627958183.9196 4760.3633
1627958184.0198 4761.1367
1627958184.1200 4761.9102
1627958184.2202 4762.1680
1627958184.3204 4763.1992
1627958184.4205 4763.7148
1627958184.5207 4764.4883
1627958184.6209 4765.2617
1627958184.7212 4766.2930
1627958184.8213 4767.0664
1627958184.9214 4767.5820
1627958185.0216 4768.3555
1627958185.1218 4769.3867
1627958185.2220 4770.4180
1627958185.3222 4770.6758
1627958185.4237 4771.1914
1627958185.5225 4772.2227
1627958185.6227 4772.9961
1627958185.7229 4773.5117
1627958185.8230 4774.2852
1627958185.9234 4774.8008
1627958186.0235 4775.5742
1627958186.1236 4776.3477
1627958186.2238 4777.1211
1627958186.3274 4778.1523
1627958186.4241 4778.4102
1627958186.5243 4779.4414
1627958186.6248 4779.9570
1627958186.7247 4780.4727
1627958186.8248 4781.2461
1627958186.9251 4782.0195
1627958187.0252 4782.5352
1627958187.1262 4783.3086
1627958187.2256 4784.3398
1627958187.3257 4784.3398
1627958187.4332 4785.1133
1627958187.5261 4785.8867
1627958187.6263 4786.6602
1627958187.7264 4787.4336
1627958187.8267 4787.9492
1627958187.9268 4788.4648
1627958188.0272 4788.9805
1627958188.1272 4789.4961
1627958188.2286 4790.2695
1627958188.3275 4790.7852
1627958188.4293 4791.8164
1627958188.5279 4792.0742
1627958188.6283 4792.8477
1627958188.7282 4793.1055
1627958188.8284 4794.1367
1627958188.9286 4794.6523
1627958189.0288 4795.3438
1627958189.1290 4795.8594
1627958189.2322 4796.6328
1627958189.3293 4797.1484
1627958189.4301 4797.6641
1627958189.5297 4798.1797
1627958189.6299 4799.2109
1627958189.7300 4799.7266
1627958189.8302 4799.9844
1627958189.9304 4801.0156
1627958190.0319 4801.5312
1627958190.1308 4802.0469
1627958190.2309 4802.8203
1627958190.3312 4803.0781
1627958190.4313 4803.8516
1627958190.5315 4804.1094
1627958190.6317 4804.8828
1627958190.7318 4805.3984
1627958190.8320 4806.1719
1627958190.9322 4806.9453
1627958191.0326 4807.7188
1627958191.1326 4807.7188
1627958191.2327 4808.4805
1627958191.3329 4808.6836
1627958191.4339 4809.4570
1627958191.5333 4810.2305
1627958191.6335 4810.7461
1627958191.7336 4811.0391
1627958191.8344 4811.8125
1627958191.9340 4812.0703
1627958192.0342 4812.8438
1627958192.1344 4813.3594
1627958192.2347 4813.8750
1627958192.3347 4814.6484
1627958192.4349 4814.9062
1627958192.5351 4815.9375
1627958192.6354 4816.4531
1627958192.7354 4816.9688
1627958192.8356 4817.7422
1627958192.9358 4818.7734
1627958193.0378 4818.7734
1627958193.1383 4819.5469
1627958193.2364 4819.8047
1627958193.3365 4820.3203
1627958193.4367 4821.3516
1627958193.5369 4821.8672
1627958193.6421 4822.1133
1627958193.7372 4822.8867
1627958193.8374 4823.1445
1627958193.9379 4823.9180
1627958194.0378 4824.4336
1627958194.1379 4824.9492
1627958194.2382 4825.7227
1627958194.3384 4826.7539
1627958194.4385 4827.2695
1627958194.5387 4827.5273
1627958194.6388 4828.5586
1627958194.7390 4828.8164
1627958194.8392 4829.0742
1627958194.9394 4830.1055
1627958195.0396 4830.6211
1627958195.1398 4831.1484
1627958195.2399 4831.6641
1627958195.3401 4832.1797
1627958195.4403 4832.9531
1627958195.5405 4833.7266
1627958195.6406 4834.2422
1627958195.7409 4834.8125
1627958195.8410 4835.3281
1627958195.9412 4836.1016
1627958196.0414 4837.1328
1627958196.1415 4837.1328
1627958196.2417 4837.6484
1627958196.3419 4838.1641
1627958196.4421 4838.6797
1627958196.5423 4839.4531
1627958196.6424 4840.2266
1627958196.7426 4840.6133
1627958196.8428 4841.1289
1627958196.9430 4841.3867
1627958197.0432 4841.9023
1627958197.1434 4842.6758
1627958197.2435 4842.9336
1627958197.3437 4843.4492
1627958197.4442 4844.2227
1627958197.5440 4844.7383
1627958197.6442 4844.9961
1627958197.7445 4846.0273
1627958197.8446 4846.8008
1627958197.9448 4847.0586
1627958198.0450 4847.3164
1627958198.1456 4848.0898
1627958198.2453 4848.6055
1627958198.3455 4849.1211
1627958198.4457 4849.3789
1627958198.5487 4850.1523
1627958198.6461 4850.4102
1627958198.7462 4851.1836
1627958198.8464 4851.6992
1627958198.9467 4852.4727
1627958199.0467 4852.9883
1627958199.1469 4852.9883
1627958199.2471 4854.0195
1627958199.3474 4854.7930
1627958199.4475 4855.1016
1627958199.5501 4856.1328
1627958199.6480 4856.1328
1627958199.7480 4856.6484
1627958199.8482 4856.9062
1627958199.9487 4857.6797
1627958200.0486 4857.6797
1627958200.1490 4859.2266
1627958200.2489 4859.4844
1627958200.3491 4859.7422
1627958200.4493 4859.7422
1627958200.5518 4861.0312
1627958200.6496 4862.0625
1627958200.7498 4862.0625
1627958200.8500 4862.8359
1627958200.9553 4863.3516
1627958201.0504 4864.1250
1627958201.1515 4864.3828
1627958201.2507 4864.8984
1627958201.3559 4866.1875
1627958201.4511 4866.1875
1627958201.5512 4866.8555
1627958201.6518 4866.8555
1627958201.7558 4868.1445
1627958201.8518 4868.4023
1627958201.9522 4869.4336
1627958202.0521 4869.9492
1627958202.1527 4870.2070
1627958202.2525 4870.4648
1627958202.3528 4870.7227
1627958202.4530 4872.2695
1627958202.5570 4872.7852
1627958202.6533 4873.5586
1627958202.7562 4873.8164
1627958202.8536 4875.1055
1627958202.9540 4875.6211
1627958203.0539 4876.1797
1627958203.1542 4877.2109
1627958203.2543 4877.2109
1627958203.3547 4878.2422
1627958203.4547 4879.0156
1627958203.5548 4879.0156
1627958203.6550 4880.0469
1627958203.7552 4880.3047
1627958203.8554 4881.3359
1627958203.9556 4881.8516
1627958204.0557 4882.1094
1627958204.1559 4882.8828
1627958204.2561 4883.6562
1627958204.3563 4883.9141
1627958204.4565 4884.9453
1627958204.5567 4885.4609
1627958204.6568 4885.7188
1627958204.7570 4886.4922
1627958204.8572 4887.0078
1627958204.9581 4887.5234
1627958205.0576 4888.2969
1627958205.1595 4888.8125
1627958205.2579 4889.3281
1627958205.3594 4890.1016
1627958205.4583 4890.6172
1627958205.5585 4890.8750
1627958205.6587 4891.9062
1627958205.7588 4892.4219
1627958205.8590 4892.9375
1627958205.9592 4893.7109
1627958206.0594 4894.2266
1627958206.1596 4895.0000
1627958206.2598 4895.7734
1627958206.3599 4895.7734
1627958206.4601 4896.5469
1627958206.5603 4897.0625
1627958206.6604 4897.5781
1627958206.7612 4898.6094
1627958206.8608 4899.1250
1627958206.9610 4899.3828
1627958207.0612 4899.8984
1627958207.1614 4900.4141
1627958207.2616 4901.1875
1627958207.3625 4901.9609
1627958207.4619 4902.4766
1627958207.5621 4903.2500
1627958207.6623 4903.7656
1627958207.7625 4904.7969
1627958207.8627 4905.0547
1627958207.9629 4905.8281
1627958208.0630 4906.3438
1627958208.1632 4906.6016
1627958208.2634 4907.3750
1627958208.3679 4907.8906
1627958208.4637 4908.6641
1627958208.5639 4909.4375
1627958208.6641 4909.6953
1627958208.7647 4910.7266
1627958208.8644 4911.5000
1627958208.9646 4912.0156
1627958209.0648 4912.5312
1627958209.1649 4913.3047
1627958209.2651 4913.5625
1627958209.3654 4914.3359
1627958209.4655 4915.1094
1627958209.5657 4915.3672
1627958209.6658 4916.6562
1627958209.7660 4917.4297
1627958209.8662 4918.7188
1627958209.9664 4918.9766
1627958210.0666 4919.7500
1627958210.1668 4920.2656
1627958210.2669 4921.2969
1627958210.3671 4922.0703
1627958210.4673 4922.5859
1627958210.5675 4923.1016
1627958210.6677 4923.6172
1627958210.7678 4924.3906
1627958210.8680 4924.9062
1627958210.9682 4925.6797
1627958211.0684 4926.1953
1627958211.1686 4926.7109
1627958211.2687 4927.2266
1627958211.3690 4928.0000
1627958211.4691 4928.7734
1627958211.5693 4929.2891
1627958211.6695 4930.0625
1627958211.7696 4930.5781
1627958211.8698 4931.3516
1627958211.9700 4931.8672
1627958212.0702 4932.6406
1627958212.1704 4933.4141
1627958212.2706 4933.9297
1627958212.3707 4934.7031
1627958212.4714 4935.7344
1627958212.5711 4935.9922
1627958212.6713 4936.7656
1627958212.7714 4937.5391
1627958212.8716 4938.3125
1627958212.9721 4938.8281
1627958213.0721 4939.6016
1627958213.1722 4940.6328
1627958213.2724 4940.8906
1627958213.3726 4941.6641
1627958213.4727 4942.1797
1627958213.5729 4942.4375
1627958213.6731 4943.4688
1627958213.7733 4943.9844
1627958213.8734 4944.6328
1627958213.9736 4945.6641
1627958214.0750 4945.6641
1627958214.1740 4946.4375
1627958214.2744 4946.9531
1627958214.3744 4947.7266
1627958214.4754 4948.5000
1627958214.5747 4948.7578
1627958214.6750 4949.7891
1627958214.7751 4950.5625
1627958214.8752 4951.0781
1627958214.9754 4951.8516
1627958215.0756 4952.3672
1627958215.1758 4952.6250
1627958215.2760 4953.3984
1627958215.3762 4953.9141
1627958215.4763 4954.4297
1627958215.5765 4954.9453
1627958215.6767 4955.7188
1627958215.7769 4956.2344
1627958215.8805 4957.0078
1627958215.9773 4957.5234
1627958216.0775 4958.0391
1627958216.1776 4958.8125
1627958216.2779 4959.3281
1627958216.3780 4960.1016
1627958216.4785 4960.8750
1627958216.5783 4961.1328
1627958216.6786 4961.6484
1627958216.7787 4962.4219
1627958216.8789 4962.9375
1627958216.9790 4963.4531
1627958217.0792 4964.2266
1627958217.1794 4965.0000
1627958217.2796 4965.5156
1627958217.3798 4966.2891
1627958217.4799 4966.5469
1627958217.5801 4967.3203
1627958217.6803 4967.8711
1627958217.7805 4968.6445
1627958217.8807 4968.9023
1627958217.9809 4969.4180
1627958218.0812 4970.1914
1627958218.1812 4970.9648
1627958218.2815 4971.2227
1627958218.3816 4971.7383
1627958218.4846 4972.5117
1627958218.5820 4973.2852
1627958218.6821 4973.5430
1627958218.7823 4974.0586
1627958218.8825 4974.5742
1627958218.9827 4975.6055
1627958219.0828 4975.6055
1627958219.1831 4975.8633
1627958219.2832 4976.6367
1627958219.3834 4977.4102
1627958219.4836 4977.6680
1627958219.5837 4978.4414
1627958219.6842 4978.6992
1627958219.7844 4979.7305
1627958219.8843 4979.9883
1627958219.9845 4980.5039
1627958220.0846 4981.0195
1627958220.1848 4982.0508
1627958220.2850 4982.5664
1627958220.3852 4982.8242
1627958220.4857 4983.3398
1627958220.5855 4984.1133
1627958220.6857 4984.6289
1627958220.7859 4985.6602
1627958220.8861 4985.6602
1627958220.9863 4986.1758
1627958221.0865 4986.9492
1627958221.1867 4987.9805
1627958221.2868 4987.9805
1627958221.3870 4988.7539
1627958221.4872 4989.2695
1627958221.5874 4989.4297
1627958221.6875 4990.4609
1627958221.7879 4991.2344
1627958221.8881 4991.4883
1627958221.9881 4992.5195
1627958222.0883 4992.7773
1627958222.1885 4993.2930
1627958222.2887 4993.5508
1627958222.3889 4994.3242
1627958222.4890 4994.8398
1627958222.5892 4995.8711
1627958222.6895 4996.3867
1627958222.7908 4997.0703
1627958222.8897 4998.1016
1627958222.9899 4998.1016
1627958223.0901 4998.8750
1627958223.1903 4999.3906
1627958223.2904 5000.1641
1627958223.3906 5000.6797
1627958223.4908 5001.1953
1627958223.5910 5001.1953
1627958223.6913 5002.7422
1627958223.7913 5003.5156
1627958223.8916 5003.5156
1627958223.9919 5004.2891
1627958224.0920 5004.8047
1627958224.1921 5005.3203
1627958224.2923 5005.8359
1627958224.3924 5006.8672
1627958224.4926 5006.8672
1627958224.5928 5007.3828
1627958224.6930 5007.8984
1627958224.7932 5008.6719
1627958224.8936 5008.9297
1627958224.9935 5009.7031
1627958225.0937 5010.4766
1627958225.1939 5010.9922
1627958225.2941 5011.5078
1627958225.3943 5012.0234
1627958225.4944 5012.5391
1627958225.5946 5013.0547
1627958225.6948 5014.0859
1627958225.7950 5014.8594
1627958225.8951 5014.8594
1627958225.9953 5015.6328
1627958226.0955 5016.1484
1627958226.1957 5016.6641
1627958226.2959 5017.4375
1627958226.3966 5017.9531
1627958226.4962 5018.2109
1627958226.5964 5018.9844
1627958226.6966 5019.7578
1627958226.7974 5020.5312
1627958226.8970 5021.0469
1627958226.9972 5021.5625
1627958227.0974 5022.0781
1627958227.1975 5022.8516
1627958227.2980 5023.6250
1627958227.3979 5024.4062
1627958227.4981 5025.1797
1627958227.5982 5025.2617
1627958227.6984 5026.2930
1627958227.7986 5026.5508
1627958227.8988 5027.0664
1627958227.9990 5027.8398
1627958228.0991 5028.0977
1627958228.1994 5029.1289
1627958228.2995 5029.6445
1627958228.4019 5030.0117
1627958228.4999 5030.0117
1627958228.6001 5031.8164
1627958228.7002 5032.3320
1627958228.8007 5032.4688
1627958228.9006 5033.5000
1627958229.0010 5033.7578
1627958229.1010 5034.2734
1627958229.2013 5034.7891
1627958229.3013 5035.5625
1627958229.4016 5036.0781
1627958229.5017 5036.8516
1627958229.6046 5037.3672
1627958229.7020 5038.1406
1627958229.8024 5038.6562
1627958229.9024 5039.4297
1627958230.0027 5040.4609
1627958230.1028 5040.7188
1627958230.2031 5041.2344
1627958230.3032 5042.0078
1627958230.4045 5042.7812
1627958230.5035 5043.5547
1627958230.6037 5044.3281
1627958230.7039 5044.5859
1627958230.8041 5045.6172
1627958230.9042 5046.1328
1627958231.0044 5046.7578
1627958231.1046 5047.7891
1627958231.2065 5048.0469
1627958231.3049 5048.5625
1627958231.4051 5049.0781
1627958231.5054 5050.1094
1627958231.6055 5050.3672
1627958231.7057 5051.1406
1627958231.8083 5052.1719
1627958231.9060 5052.4297
1627958232.0062 5053.2031
1627958232.1064 5053.9766
1627958232.2066 5054.4922
1627958232.3073 5055.2656
1627958232.4070 5056.0391
1627958232.5071 5056.5547
1627958232.6074 5057.3281
1627958232.7075 5058.1016
1627958232.8076 5058.8750
1627958232.9078 5059.3906
1627958233.0080 5060.4219
1627958233.1082 5061.1953
1627958233.2084 5061.7109
1627958233.3087 5062.2266
1627958233.4088 5063.2578
1627958233.5090 5063.7734
1627958233.6091 5064.2891
1627958233.7093 5065.0625
1627958233.8095 5065.5781
1627958233.9097 5066.3516
1627958234.0098 5066.8672
1627958234.1100 5067.8984
1627958234.2103 5068.9297
1627958234.3126 5069.1875
1627958234.4105 5069.9609
1627958234.5108 5070.7344
1627958234.6111 5071.5078
1627958234.7111 5072.5391
1627958234.8114 5072.7969
1627958234.9115 5073.8281
1627958235.0120 5074.3438
1627958235.1118 5074.8594
1627958235.2121 5075.6328
1627958235.3125 5076.6641
1627958235.4125 5077.6953
1627958235.5126 5077.9531
1627958235.6127 5078.7266
1627958235.7129 5079.2422
1627958235.8133 5080.0156
1627958235.9134 5081.0469
1627958236.0135 5081.8203
1627958236.1136 5082.3359
1627958236.2138 5083.3672
1627958236.3140 5083.6250
1627958236.4142 5084.7695
1627958236.5144 5085.5430
1627958236.6146 5086.3164
1627958236.7147 5087.0898
1627958236.8149 5087.6055
1627958236.9151 5088.6367
1627958237.0153 5089.1523
1627958237.1155 5090.5039
1627958237.2156 5090.7617
1627958237.3158 5091.2773
1627958237.4160 5092.3086
1627958237.5162 5092.8242
1627958237.6164 5093.7617
1627958237.7166 5094.2773
1627958237.8167 5095.3086
1627958237.9171 5096.0820
1627958238.0173 5096.5977
1627958238.1173 5097.1133
1627958238.2175 5098.1445
1627958238.3176 5098.4023
1627958238.4204 5099.4336
1627958238.5183 5099.9492
1627958238.6182 5100.2070
1627958238.7184 5101.2383
1627958238.8186 5101.7539
1627958238.9187 5102.4219
1627958239.0189 5103.1953
1627958239.1207 5103.4531
1627958239.2196 5104.4844
1627958239.3194 5105.0000
1627958239.4197 5105.7734
1627958239.5200 5106.5469
1627958239.6200 5107.5781
1627958239.7206 5107.8359
1627958239.8204 5108.6094
1627958239.9205 5109.3828
1627958240.0207 5109.8984
1627958240.1209 5110.6719
1627958240.2211 5111.4453
1627958240.3214 5111.9609
1627958240.4215 5112.4766
1627958240.5218 5113.2500
1627958240.6218 5114.0234
1627958240.7220 5114.2812
1627958240.8222 5115.0547
1627958240.9224 5115.8281
1627958241.0225 5116.0859
1627958241.1228 5116.6016
1627958241.2229 5117.6328
1627958241.3232 5117.8906
1627958241.4233 5118.4062
1627958241.5235 5119.1797
1627958241.6236 5119.4375
1627958241.7238 5120.4688
1627958241.8240 5120.9844
1627958241.9242 5121.5000
1627958242.0244 5122.0156
1627958242.1245 5123.0469
1627958242.2247 5124.0781
1627958242.3253 5124.3359
1627958242.4251 5125.3672
1627958242.5253 5125.6250
1627958242.6254 5126.1406
1627958242.7256 5126.6562
1627958242.8258 5127.6875
1627958242.9260 5127.6875
1627958243.0262 5128.2930
1627958243.1264 5128.8086
1627958243.2265 5129.5820
1627958243.3267 5130.0977
1627958243.4269 5130.6133
1627958243.5273 5131.6445
1627958243.6273 5131.6445
1627958243.7274 5132.6758
1627958243.8286 5132.6758
1627958243.9278 5133.4492
1627958244.0280 5133.4492
1627958244.1282 5134.2227
1627958244.2283 5134.7383
1627958244.3301 5135.2539
1627958244.4287 5135.7695
1627958244.5289 5136.0273
1627958244.6295 5136.5430
1627958244.7294 5137.3164
1627958244.8294 5138.0898
1627958244.9296 5138.0898
1627958245.0298 5138.8633
1627958245.1300 5139.1211
1627958245.2302 5139.8945
1627958245.3303 5140.6680
1627958245.4305 5141.1836
1627958245.5307 5141.4414
1627958245.6309 5142.2148
1627958245.7311 5142.4727
1627958245.8313 5142.7305
1627958245.9324 5143.5039
1627958246.0331 5143.7617
1627958246.1342 5144.2773
1627958246.2321 5144.7930
1627958246.3322 5145.5664
1627958246.4327 5146.0820
1627958246.5328 5146.3398
1627958246.6327 5146.8555
1627958246.7338 5147.1133
1627958246.8331 5147.6289
1627958246.9333 5148.4023
1627958247.0335 5149.1758
1627958247.1338 5149.1758
1627958247.2338 5149.6914
1627958247.3341 5150.4648
1627958247.4342 5150.9805
1627958247.5344 5151.4961
1627958247.6397 5151.4961
1627958247.7347 5152.2695
1627958247.8354 5153.0430
1627958247.9351 5153.3008
1627958248.0353 5153.8164
1627958248.1355 5154.0742
1627958248.2356 5154.3320
1627958248.3358 5155.1055
1627958248.4360 5155.3633
1627958248.5362 5155.8789
1627958248.6364 5156.6523
1627958248.7365 5156.6523
1627958248.8367 5157.4258
1627958248.9369 5157.9414
1627958249.0381 5158.7148
1627958249.1373 5159.4883
1627958249.2375 5160.0039
1627958249.3376 5160.2617
1627958249.4379 5160.7773
1627958249.5380 5161.0352
1627958249.6382 5162.0664
1627958249.7384 5162.5820
1627958249.8385 5162.8398
1627958249.9387 5163.8711
1627958250.0389 5164.3867
1627958250.1391 5165.3555
1627958250.2393 5166.3867
1627958250.3395 5166.6445
1627958250.4396 5167.1602
1627958250.5398 5167.6758
1627958250.6400 5168.4492
1627958250.7402 5168.9648
1627958250.8404 5169.4805
1627958250.9406 5169.9961
1627958251.0408 5170.5117
1627958251.1409 5171.1367
1627958251.2411 5171.6523
1627958251.3413 5171.9102
1627958251.4415 5172.4258
1627958251.5416 5173.1992
1627958251.6418 5173.4570
1627958251.7420 5174.4883
1627958251.8425 5175.2617
1627958251.9424 5175.7773
1627958252.0425 5175.7773
1627958252.1429 5176.0234
1627958252.2429 5176.5391
1627958252.3431 5177.0547
1627958252.4433 5177.8281
1627958252.5435 5178.8594
1627958252.6437 5179.1172
1627958252.7438 5179.3750
1627958252.8441 5179.8906
1627958252.9442 5180.4062
1627958253.0444 5180.9219
1627958253.1446 5181.1797
1627958253.2448 5181.9531
1627958253.3450 5182.7266
1627958253.4452 5183.2422
1627958253.5453 5183.3438
1627958253.6455 5184.6328
1627958253.7457 5184.8906
1627958253.8477 5185.6641
1627958253.9460 5185.9219
1627958254.0462 5186.4375
1627958254.1464 5187.2109
1627958254.2466 5187.4688
1627958254.3470 5188.5000
1627958254.4469 5189.0156
1627958254.5471 5189.5312
1627958254.6477 5190.0469
1627958254.7476 5190.3047
1627958254.8478 5190.8203
1627958254.9478 5191.5938
1627958255.0482 5192.1094
1627958255.1483 5192.8828
1627958255.2484 5193.1406
1627958255.3486 5194.1719
1627958255.4487 5194.4297
1627958255.5490 5195.4609
1627958255.6491 5195.9766
1627958255.7493 5196.7500
1627958255.8495 5197.5234
1627958255.9497 5198.2969
1627958256.0499 5199.0703
1627958256.1500 5200.1016
1627958256.2502 5200.6172
1627958256.3504 5202.1641
1627958256.4507 5202.1641
1627958256.5508 5202.8984
1627958256.6510 5203.6719
1627958256.7511 5204.7031
1627958256.8514 5205.2188
1627958256.9516 5205.9922
1627958257.0532 5206.7656
1627958257.1519 5207.5391
1627958257.2521 5208.3125
1627958257.3523 5209.0859
1627958257.4527 5209.6016
1627958257.5526 5210.6328
1627958257.6532 5211.4062
1627958257.7529 5211.6641
1627958257.8532 5212.4375
1627958257.9533 5212.9531
1627958258.0535 5213.7266
1627958258.1537 5214.2422
1627958258.2541 5214.7578
1627958258.3540 5215.2734
1627958258.4542 5216.0469
1627958258.5544 5216.5625
1627958258.6547 5217.0781
1627958258.7548 5217.5938
1627958258.8550 5217.8516
1627958258.9551 5218.8828
1627958259.0553 5219.6562
1627958259.1555 5219.9141
1627958259.2558 5220.9453
1627958259.3559 5221.7188
1627958259.4560 5222.2344
1627958259.5563 5223.0078
1627958259.6564 5223.7812
1627958259.7566 5224.2969
1627958259.8568 5225.3281
1627958259.9570 5225.5859
1627958260.0581 5226.6172
1627958260.1573 5227.3906
1627958260.2575 5228.1641
1627958260.3577 5228.6797
1627958260.4580 5229.9688
1627958260.5580 5230.0273
1627958260.6606 5231.8320
1627958260.7584 5232.6055
1627958260.8586 5233.6367
1627958260.9602 5234.1523
1627958261.0592 5235.1836
1627958261.1592 5236.2148
1627958261.2616 5236.7617
1627958261.3595 5237.7930
1627958261.4597 5238.3086
1627958261.5606 5239.0820
1627958261.6601 5239.3398
1627958261.7646 5240.3711
1627958261.8604 5240.8867
1627958261.9606 5241.4023
1627958262.0624 5241.9180
1627958262.1610 5242.4336
1627958262.2617 5243.2070
1627958262.3613 5243.7227
1627958262.4644 5244.2383
1627958262.5638 5244.7539
1627958262.6621 5245.2695
1627958262.7621 5245.7852
1627958262.8624 5246.4453
1627958262.9624 5246.9609
1627958263.0627 5247.4766
1627958263.1630 5247.9922
1627958263.2630 5248.2500
1627958263.3632 5248.7656
1627958263.4648 5249.0234
1627958263.5636 5249.7969
1627958263.6637 5250.3125
1627958263.7639 5250.8281
1627958263.8641 5251.0859
1627958263.9646 5251.6016
1627958264.0644 5252.1172
1627958264.1646 5252.6328
1627958264.2648 5253.1484
1627958264.3650 5253.6641
1627958264.4653 5254.1797
1627958264.5654 5255.2109
1627958264.6655 5255.7266
1627958264.7657 5256.2422
1627958264.8659 5257.0156
1627958264.9661 5257.2734
1627958265.0663 5258.3047
1627958265.1665 5258.5625
1627958265.2666 5259.0781
1627958265.3668 5259.8516
1627958265.4670 5260.1094
1627958265.5672 5260.8828
1627958265.6686 5261.3984
1627958265.7676 5261.9141
1627958265.8677 5262.4297
1627958265.9679 5263.2031
1627958266.0681 5263.4609
1627958266.1683 5263.9766
1627958266.2685 5264.7305
1627958266.3686 5264.9883
1627958266.4688 5265.7539
1627958266.5690 5266.2695
1627958266.6692 5267.0430
1627958266.7694 5267.3008
1627958266.8695 5268.0742
1627958266.9697 5268.5898
1627958267.0699 5269.2070
1627958267.1701 5269.7227
1627958267.2704 5269.9805
1627958267.3705 5270.4961
1627958267.4706 5271.2734
1627958267.5708 5271.7891
1627958267.6710 5272.3047
1627958267.7712 5272.8203
1627958267.8714 5273.3359
1627958267.9716 5273.8516
1627958268.0718 5274.3672
1627958268.1756 5274.8828
1627958268.2721 5274.8828
1627958268.3726 5275.8711
1627958268.4725 5276.3867
1627958268.5729 5277.4180
1627958268.6728 5277.4180
1627958268.7731 5278.1914
1627958268.8732 5278.7070
1627958268.9734 5279.0859
1627958269.0736 5279.3438
1627958269.1738 5279.8594
1627958269.2739 5280.1172
1627958269.3741 5280.8906
1627958269.4743 5281.1484
1627958269.5746 5281.4062
1627958269.6747 5281.9219
1627958269.7755 5282.1797
1627958269.8751 5282.6953
1627958269.9753 5283.2109
1627958270.0755 5283.2109
1627958270.1756 5283.7266
1627958270.2758 5283.9844
1627958270.3760 5284.5000
1627958270.4761 5284.7578
1627958270.5763 5285.2734
1627958270.6765 5285.7891
1627958270.7777 5285.8438
1627958270.8769 5286.3594
1627958270.9781 5286.8750
1627958271.0773 5287.1328
1627958271.1778 5287.6484
1627958271.2776 5287.9062
1627958271.3778 5288.4219
1627958271.4780 5288.6797
1627958271.5782 5289.1953
1627958271.6784 5289.4531
1627958271.7785 5290.2266
1627958271.8787 5290.4844
1627958271.9789 5291.0508
1627958272.0791 5291.0508
1627958272.1793 5292.0352
1627958272.2794 5292.0352
1627958272.3796 5292.2930
1627958272.4798 5292.2930
1627958272.5800 5292.5508
1627958272.6802 5293.5820
1627958272.7804 5293.5820
1627958272.8805 5294.3555
1627958272.9834 5294.6133
1627958273.0809 5294.6133
1627958273.1811 5295.3867
1627958273.2813 5295.6445
1627958273.3815 5296.1523
1627958273.4816 5296.1523
1627958273.5818 5296.1523
1627958273.6820 5296.4102
1627958273.7823 5296.9258
1627958273.8824 5296.9258
1627958273.9825 5297.4414
1627958274.0827 5297.9570
1627958274.1829 5298.4727
1627958274.2846 5298.4727
1627958274.3833 5298.4727
1627958274.4835 5299.3242
1627958274.5836 5299.3242
1627958274.6838 5299.5820
1627958274.7840 5299.5820
1627958274.8842 5299.7188
1627958274.9854 5300.5898
1627958275.0845 5300.5898
1627958275.1849 5300.8477
1627958275.2849 5301.6211
1627958275.3851 5302.0938
1627958275.4853 5302.0938
1627958275.5857 5302.3516
1627958275.6856 5303.1250
1627958275.7859 5303.1250
1627958275.8861 5303.3828
1627958275.9862 5303.3828
1627958276.0864 5303.9844
1627958276.1866 5304.2656
1627958276.2867 5304.5234
1627958276.3927 5304.7812
1627958276.4871 5305.5547
1627958276.5873 5305.5547
1627958276.6876 5305.5547
1627958276.7877 5306.3281
1627958276.8878 5306.3281
1627958276.9880 5307.1016
1627958277.0882 5307.1016
1627958277.1895 5307.5742
1627958277.2888 5307.5742
1627958277.3888 5307.5742
1627958277.4889 5308.0781
1627958277.5891 5308.3359
1627958277.6893 5308.3359
1627958277.7895 5308.5938
1627958277.8897 5308.7617
1627958277.9899 5309.2773
1627958278.0900 5309.7695
1627958278.1902 5309.7695
1627958278.2904 5310.4531
1627958278.3906 5310.4766
1627958278.4908 5310.9922
1627958278.5910 5310.9922
1627958278.6911 5311.4180
1627958278.7913 5311.6758
1627958278.8915 5312.1914
1627958278.9917 5312.7070
1627958279.0920 5312.7070
1627958279.1921 5312.9648
1627958279.2923 5313.2266
