1743737330.937336 0.011625 0.000000 0.000000 0.000000 0.000000 0.000000
1743737331.041091 0.166504 3.662225 19.659518 35.401718 6.096120 64.986085
1743737331.144691 0.007753 3.482728 15.361473 20.667607 6.389490 45.909051
1743737331.248244 0.010467 3.845371 15.986773 20.689952 10.048885 50.581448
1743737331.351819 0.011645 3.514549 16.193361 21.343407 8.896242 49.959204
1743737331.455456 0.011732 3.839398 16.002832 22.995972 9.715101 52.565035
1743737331.559050 0.010291 3.919517 16.710236 20.873987 9.560573 51.074604
1743737331.662551 0.009678 3.976398 17.138148 23.873992 9.819219 54.817435
1743737331.766254 0.011010 3.659318 16.296205 22.809954 9.641242 52.417729
1743737331.869838 0.012886 3.885934 16.450827 24.530118 10.474502 55.354267
1743737331.973440 0.009856 3.695196 16.737608 27.347250 9.692963 57.482873
1743737332.077201 0.010639 3.604028 16.920606 24.125523 9.245188 53.905984
1743737332.180846 0.012024 3.720388 16.661976 22.852512 9.466542 52.713442
1743737332.284686 0.011164 3.566511 16.382057 26.725365 8.482421 55.167518
1743737332.388460 0.011107 3.673969 16.601194 24.674550 9.326226 54.287046
1743737332.492437 0.010966 3.610612 17.014541 26.487042 9.421258 56.544419
1743737332.596569 0.011870 3.539462 16.060847 26.419098 8.817988 54.849265
1743737332.700229 0.010487 4.174372 15.882902 24.436907 9.875054 54.379722
1743737332.804426 0.011316 3.608621 15.795822 25.398259 9.458823 54.272841
1743737332.908297 0.011342 3.512629 15.758278 27.332940 8.716025 55.331214
1743737333.013724 0.011238 3.639660 15.912661 26.434652 9.352085 55.350296
1743737333.116452 0.010803 3.597796 15.792313 27.101784 9.235422 55.738118
1743737333.220438 0.011878 3.500437 15.446700 26.583303 8.792314 54.334632
1743737333.324409 0.009785 4.168115 15.680609 26.953718 9.887626 56.699853
1743737333.428442 0.010874 3.523940 15.304523 26.756876 8.784195 54.380408
1743737333.532565 0.010100 4.060502 15.010837 24.161826 9.715850 52.959115
1743737333.636549 0.011522 3.654914 15.303560 26.590784 9.312384 54.873164
1743737333.740525 0.011802 3.540897 16.333087 22.672644 8.760351 51.318781
1743737333.844570 0.011965 3.663762 15.097601 25.830566 9.517398 54.121292
1743737333.948583 0.011596 3.708954 14.924885 23.838362 9.484671 51.968468
1743737334.052557 0.011460 3.659544 14.730821 25.025006 9.132378 52.559209
1743737334.156906 0.012410 3.753101 14.529739 22.566189 9.483683 50.345122
1743737334.260903 0.011887 3.888831 15.146726 25.414116 9.690043 54.151603
1743737334.364803 0.011432 3.641476 14.686413 22.393310 8.970653 49.703284
1743737334.468929 0.011406 3.935499 14.283322 22.240373 9.344033 49.814633
1743737334.572812 0.010500 3.855881 14.587140 23.321715 9.396196 51.171432
1743737334.679371 0.010874 3.732189 15.039233 25.086469 8.910628 52.779393
1743737334.780858 0.011012 3.882152 15.455227 23.401236 9.435131 52.184758
1743737334.884696 0.011229 3.958417 16.250632 27.881605 9.242831 57.344714
1743737334.988720 0.011402 3.756767 16.289597 25.161078 8.627053 53.845897
1743737335.092622 0.011259 3.948605 16.900764 24.206890 9.174784 54.242302
1743737335.196608 0.011721 4.025479 17.716452 24.688622 9.403653 55.845927
1743737335.300519 0.011372 3.870509 18.277604 29.143865 8.777640 60.080990
1743737335.405138 0.011554 3.881312 18.795477 26.715916 8.937532 58.341791
1743737335.508786 0.010976 3.969445 19.016482 26.030412 8.929526 57.956841
1743737335.613702 0.010742 3.904823 19.428970 31.657831 6.058741 61.061107
1743737335.716099 0.012915 3.890397 19.870560 30.022947 8.224623 62.021442
1743737335.819978 0.011263 4.019019 20.711473 28.763116 8.726858 62.231729
1743737335.923813 0.010836 7.131264 22.804999 31.384235 10.433994 71.765328
1743737336.027707 0.010528 4.311199 20.999382 32.851412 10.076525 68.249046
1743737336.131581 0.011267 3.979891 21.378336 28.587946 8.510580 62.468020
1743737336.235487 0.011608 4.014619 21.004141 27.559924 7.967372 60.557664
1743737336.339333 0.012993 4.088332 21.397339 30.961726 9.179825 65.640215
1743737336.443221 0.011529 4.074464 21.908109 26.458305 7.771734 60.224141
1743737336.547093 0.011333 4.018757 21.800856 25.684130 8.251211 59.766287
1743737336.650955 0.011681 4.083910 22.027984 24.368358 8.775556 59.267489
1743737336.754813 0.012116 4.191468 21.622654 26.133605 9.190678 61.150521
1743737336.858686 0.010226 4.070250 21.911852 26.412732 8.311254 60.716314
1743737336.962621 0.012347 4.040794 21.430814 26.123385 8.620506 60.227846
1743737337.066439 0.011840 4.113591 21.889120 26.659095 8.998450 61.672096
1743737337.170470 0.011360 4.036239 21.649164 27.696541 8.194538 61.587842
1743737337.274254 0.011498 4.066976 21.571304 24.527895 8.068053 58.245726
1743737337.378442 0.010410 4.830060 22.321179 27.430561 10.297253 64.889463
1743737337.482848 0.012018 4.069358 21.630879 24.085688 8.213863 58.011806
1743737337.586066 0.011799 4.058160 21.397440 25.163665 9.118092 59.749156
1743737337.689974 0.011703 4.091156 21.350237 24.922072 9.185554 59.560722
1743737337.793841 0.011617 3.955478 20.933322 23.732508 8.634830 57.267755
1743737337.897739 0.010775 4.475679 21.737854 26.517524 9.329982 62.071814
1743737338.001644 0.009966 4.593027 22.685967 24.151828 10.041689 61.482477
1743737338.105497 0.009711 3.993819 21.401394 23.650712 7.089529 56.145165
1743737338.209194 0.010128 4.721860 20.638973 27.979178 10.113159 63.463298
1743737338.313084 0.010691 4.044969 20.546419 23.485620 9.060374 57.148073
1743737338.416817 0.008961 4.067079 20.901481 24.047633 7.753595 56.778749
1743737338.521222 0.011736 4.047886 20.565924 24.973102 9.354750 58.953398
1743737338.624363 0.012113 3.977306 20.992485 25.487839 8.991680 59.461423
1743737338.728102 0.011254 3.942042 20.860083 23.903495 8.862716 57.579590
1743737338.831954 0.011765 3.902671 19.954057 24.993522 8.728343 57.590358
1743737338.935817 0.010431 4.208907 20.326253 27.921905 9.529440 61.996936
1743737339.039733 0.012477 3.902655 20.387601 25.360831 8.628083 58.291647
1743737339.143565 0.011183 3.943783 20.646765 25.695012 8.898230 59.194973
1743737339.247448 0.011663 4.044656 20.783665 24.749627 9.174995 58.764606
1743737339.351315 0.011448 3.976002 20.463312 28.841047 9.334438 62.626247
1743737339.455198 0.016034 3.909381 20.157321 25.782702 8.001978 57.867416
1743737339.559056 0.010894 3.962393 20.020777 26.904026 9.008942 59.907032
1743737339.663080 0.012164 3.960941 20.287751 24.978292 9.121954 58.361102
1743737339.767243 0.011799 3.937213 20.320896 27.511011 8.586406 60.367325
1743737339.870884 0.010174 4.129410 21.525029 30.633071 8.654051 64.951735
1743737339.975369 0.011803 3.980258 20.884723 26.007205 8.463898 59.347887
1743737340.078444 0.011577 3.921937 20.797584 30.894667 7.993345 63.619110
1743737340.182215 0.011638 4.011591 20.747072 31.023537 8.113591 63.907429
1743737340.286118 0.014311 4.003162 21.162524 25.295211 8.312071 58.787279
1743737340.389878 0.009828 4.233360 20.899100 32.308018 9.550636 67.000942
1743737340.493654 0.010543 3.978698 21.060538 25.589250 8.280245 58.919274
1743737340.597304 0.010015 5.847759 24.359998 27.971797 10.484711 68.674280
1743737340.702195 0.010389 4.224033 20.893683 27.576671 8.516907 61.221683
1743737340.806341 0.010143 3.920113 20.433084 25.441242 7.774546 57.579128
1743737340.908469 0.010912 4.724848 21.223820 28.230736 10.045863 64.236179
1743737341.012266 0.011205 3.908606 19.713679 24.608740 7.431422 55.673652
1743737341.115966 0.010947 4.042959 19.763600 24.011273 9.036265 56.865044
1743737341.219696 0.009588 4.424941 19.305974 25.372028 9.700542 58.813073
1743737341.323516 0.012629 3.979423 19.759130 23.204515 8.830057 55.785754
1743737341.427196 0.005791 4.943045 20.517349 24.495370 6.349666 56.311221
1743737341.530966 0.010647 4.154750 21.297292 24.490124 9.124486 59.077299
1743737341.634736 0.010630 3.959993 20.505926 23.809968 6.059162 54.345679
1743737341.738446 0.011975 4.034742 19.460500 21.500462 9.178264 54.185943
1743737341.842316 0.011500 4.080248 20.093031 21.623952 9.277993 55.086724
1743737341.946106 0.012726 4.145022 20.097082 21.099916 9.717876 55.072622
1743737342.049816 0.010580 4.250154 20.315632 23.055980 9.599721 57.232067
1743737342.153576 0.010825 3.945289 19.657144 21.334853 9.001728 53.949839
1743737342.257376 0.010870 3.881056 19.307089 21.373302 8.833146 53.405463
1743737342.361116 0.011030 4.241362 19.368131 24.588822 9.550685 57.760030
1743737342.464986 0.011434 3.957979 20.072272 21.253570 8.978359 54.273614
1743737342.568756 0.011584 4.026622 19.965710 21.404316 8.977778 54.386010
1743737342.672466 0.011444 3.908009 19.129764 22.943245 8.739938 54.732400
1743737342.776386 0.011754 3.989117 19.196474 21.224021 9.152207 53.573573
1743737342.880296 0.010951 4.151556 20.013338 22.001820 9.319142 55.496807
1743737342.983606 0.010550 4.044221 19.657668 18.971784 9.076334 51.760557
1743737343.087196 0.010682 4.072758 19.741178 24.422350 9.448346 57.695314
1743737343.190936 0.011114 3.907447 19.705971 20.165931 9.010374 52.800837
1743737343.294696 0.010537 3.874331 19.666320 21.669415 8.822243 54.042846
1743737343.398326 0.010646 4.314339 20.815003 25.245304 10.037375 60.422667
1743737343.502076 0.012347 3.834794 20.454525 21.515394 8.914666 54.731726
1743737343.605726 0.012990 3.785882 19.642753 21.978339 8.924390 54.344354
1743737343.709446 0.011775 3.689635 20.019509 22.367686 8.639103 54.727708
1743737343.813066 0.010064 4.263568 19.504255 23.657303 10.069896 57.505086
1743737343.916826 0.009837 3.884149 20.302290 25.252358 9.059557 58.508191
1743737344.020446 0.012187 3.684074 19.062164 17.981095 8.855834 49.595354
1743737344.124196 0.011983 3.863848 19.173140 20.724928 9.594844 53.368743
1743737344.228066 0.010276 3.726115 19.081048 23.105311 9.032686 54.955436
1743737344.331556 0.011314 3.768791 18.413810 20.744853 9.348079 52.286847
1743737344.435346 0.011394 3.698036 18.132460 20.962460 9.263808 52.068158
1743737344.539066 0.011402 3.605633 18.449552 21.129499 9.011291 52.207377
1743737344.642846 0.011847 3.776993 17.893190 22.748305 9.574998 54.005333
1743737344.746566 0.010420 3.818212 18.541171 21.193363 9.292082 52.855248
1743737344.850236 0.009802 3.632193 18.050547 21.561463 8.159031 51.413036
1743737344.953986 0.011485 3.747319 17.032774 20.925538 9.319700 51.036816
1743737345.057606 0.009667 4.011836 17.173626 20.878585 9.819666 51.893380
1743737345.161836 0.010160 4.172117 17.347303 21.015427 9.820191 52.365198
1743737345.264966 0.009515 3.772109 17.172786 21.909449 9.095842 51.959701
1743737345.368596 0.010443 3.746314 17.117846 20.042976 9.476466 50.394045
1743737345.475716 0.006889 4.001225 17.001013 20.310716 7.714114 49.033957
1743737345.575966 0.009921 3.713621 17.245629 19.087955 8.306166 48.363292
1743737345.679726 0.010374 3.616882 16.936990 20.195703 8.567965 49.327914
1743737345.783456 0.010824 3.594231 16.568072 21.111296 8.229413 49.513836
1743737345.887336 0.010036 3.805249 17.536320 18.314064 8.736707 48.402376
1743737345.991076 0.011856 3.670676 16.940144 21.527428 7.913788 50.063892
1743737346.094826 0.010037 3.827447 17.363983 18.220184 9.240242 48.661893
1743737346.198576 0.011988 3.854292 17.579328 18.800700 9.506399 49.752707
1743737346.302366 0.011622 4.080979 17.753223 19.254303 9.473384 50.573511
1743737346.406186 0.012431 3.916194 17.118866 18.389480 9.486234 48.923205
1743737346.510016 0.011341 4.023851 17.393099 21.215765 9.459002 52.103058
1743737346.613846 0.011055 3.940298 17.776107 19.938226 9.566172 51.231858
1743737346.717706 0.009981 3.793936 18.005055 19.372055 8.913167 50.094194
1743737346.821436 0.010112 3.665904 17.880975 20.059789 6.420046 48.036826
1743737346.925336 0.009804 7.081534 19.469615 19.310565 10.913841 56.785359
1743737347.029236 0.010948 3.714678 17.437418 19.768474 8.301982 49.233500
1743737347.133036 0.009891 3.962809 17.186243 20.852659 9.116183 51.127785
1743737347.236836 0.011820 3.832779 17.535848 20.866154 9.193402 51.440003
1743737347.340706 0.011371 4.003475 17.149567 20.464957 9.510360 51.139730
1743737347.444596 0.010959 3.850730 17.233233 17.973646 9.062970 48.131538
1743737347.548446 0.011595 3.967564 17.521315 19.012582 9.705649 50.218705
1743737347.652326 0.012091 3.938673 17.129700 20.545155 9.225689 50.851308
1743737347.756186 0.011037 3.947202 16.926410 16.459685 9.431534 46.775868
1743737347.860086 0.010934 4.061138 17.083855 18.807674 9.618310 49.581911
1743737347.964066 0.011519 3.812297 17.136198 19.772591 9.069772 49.802377
1743737348.067876 0.011150 3.715156 17.092298 18.052221 8.749914 47.620739
1743737348.171586 0.011604 3.984261 16.574325 19.378111 9.429287 49.377588
1743737348.275446 0.011666 3.879179 16.600237 19.786843 9.238320 49.516245
1743737348.379716 0.011042 3.887925 16.590852 18.110583 9.272910 47.873312
1743737348.483126 0.011082 3.762140 16.505109 18.073357 9.217067 47.568755
1743737348.586696 0.012088 3.724834 16.062480 16.761229 9.176812 45.737443
1743737348.690456 0.010850 4.015346 16.539435 18.456628 9.486236 48.508495
1743737348.794386 0.011632 3.925072 16.212136 17.817757 9.413404 47.380001
1743737348.897866 0.011075 3.870900 16.388108 16.027755 9.502057 45.799895
1743737349.001476 0.011348 3.786301 16.686275 15.679322 9.216472 45.379718
1743737349.105226 0.011369 3.986120 16.897940 18.854144 9.574774 49.324347
1743737349.208976 0.010861 3.650223 17.041520 18.332921 8.971126 48.006651
1743737349.312756 0.010778 4.102297 17.010911 19.860908 9.367425 50.352319
1743737349.416436 0.010645 4.066217 18.726371 21.954432 9.415618 54.173283
1743737349.520236 0.006220 3.652550 18.132769 19.947824 6.862807 48.602170
1743737349.623956 0.009742 3.920985 19.288396 19.905388 9.001855 52.126366
1743737349.727596 0.010514 4.390189 18.587325 23.015721 9.940914 55.944663
1743737349.831416 0.011621 3.689486 19.090471 22.783073 8.719529 54.294180
1743737349.935116 0.011446 3.864277 19.889042 22.783159 9.167786 55.715710
1743737350.038846 0.010904 4.278162 24.328311 24.707122 8.655573 61.980072
1743737350.142606 0.009010 5.632641 21.167525 23.754023 8.831812 59.395011
1743737350.246476 0.011539 3.588067 21.081991 22.473463 7.570217 54.725277
1743737350.350226 0.011704 3.690763 21.442611 24.771549 8.306411 58.223038
1743737350.453946 0.010994 3.599107 21.899018 25.633931 7.617519 58.760569
1743737350.557836 0.010187 3.791015 23.412675 26.005354 8.154779 61.374010
1743737350.663066 0.011393 3.716129 23.614486 27.043678 8.003161 62.388847
1743737350.765586 0.011085 4.388193 23.382403 30.630317 9.924263 68.336261
1743737350.869336 0.010549 4.155195 24.249798 27.030812 9.817665 65.264019
1743737350.973286 0.009981 3.874201 27.101205 27.374143 9.167069 67.526599
1743737351.077106 0.011835 4.374097 26.040892 30.411823 10.170836 71.009483
1743737351.180886 0.009559 3.653432 25.732071 28.094852 7.041866 64.531780
1743737351.284696 0.012178 3.687520 26.747545 27.240925 8.791831 66.479999
1743737351.388636 0.012439 3.692171 26.123277 30.327483 8.480279 68.635649
1743737351.492346 0.009872 3.643675 26.628514 31.698582 7.055996 69.036639
1743737351.596086 0.010513 3.691795 28.126626 29.254024 7.492384 68.575342
1743737351.700036 0.012063 3.655077 28.023779 32.708553 8.211418 72.610890
1743737351.805926 0.010148 3.704664 28.570382 37.113315 7.532535 76.931044
1743737351.907336 0.007987 4.100544 32.063585 34.653099 9.839348 80.664563
1743737352.011336 0.007010 4.631622 33.947041 37.816758 9.179471 85.581902
1743737352.114956 0.007045 3.668495 30.976221 35.288646 8.012713 77.953120
1743737352.219136 0.009915 3.647109 33.322690 36.956014 7.203466 81.139194
1743737352.322346 0.007371 3.676301 31.295934 39.449340 6.502071 80.931017
1743737352.426096 0.007759 3.720850 31.829526 40.185215 6.680636 82.423986
1743737352.529826 0.007958 3.686563 33.401210 42.375850 6.666871 86.138452
1743737352.634176 0.006909 3.732965 32.615716 43.117246 6.541233 86.014069
1743737352.737326 0.007135 3.741702 32.077157 42.779715 6.549862 85.155571
1743737352.840996 0.007065 3.746379 33.530861 47.465661 6.594739 91.344705
1743737352.944756 0.005950 4.279349 34.614189 51.996405 6.761695 97.657588
1743737353.048466 0.006413 4.068917 34.261874 53.071067 6.903441 98.311712
1743737353.152326 0.010455 4.055027 34.636440 53.517407 6.960835 99.180164
1743737353.256076 0.006926 4.093028 35.119002 57.016637 7.012569 103.248162
1743737353.359926 0.007332 4.160446 36.143554 57.407850 7.029553 104.748735
1743737353.463706 0.006973 4.146596 35.127190 60.588863 7.059351 106.928973
1743737353.567466 0.007540 4.172704 36.110745 60.074327 7.103516 107.468832
1743737353.673256 0.007560 4.188201 36.195221 59.984913 7.125561 107.501456
1743737353.775226 0.007147 4.192477 37.628802 61.718183 7.218859 110.765468
1743737353.879076 0.007722 4.296523 38.025840 66.592059 7.217412 116.139556
1743737353.983096 0.007915 4.467197 36.901810 61.654057 7.517835 110.548814
1743737354.087156 0.007351 4.296047 38.361034 65.724547 7.253902 115.642881
1743737354.190956 0.007161 4.339392 38.037082 66.562641 7.218268 116.164544
1743737354.294956 0.007360 4.379570 37.399573 68.787784 7.246271 117.820558
1743737354.398956 0.007337 4.201706 39.933035 71.686056 7.198346 123.026480
1743737354.502856 0.006782 4.382376 38.024569 67.520281 7.410420 117.344428
1743737354.606826 0.007791 4.406460 39.884524 72.546848 7.409430 124.255053
1743737354.710766 0.007536 4.437786 40.526645 70.511253 7.467931 122.951151
1743737354.814586 0.006689 4.336210 42.795297 71.553096 7.381104 126.072396
1743737354.918576 0.009816 4.387758 42.244363 73.581273 7.488036 127.711246
1743737355.022456 0.006833 4.402917 40.023147 70.308025 7.499491 122.240413
1743737355.126326 0.007015 4.177480 38.053333 70.033216 7.117149 119.388193
1743737355.230206 0.007296 4.110943 39.789356 70.525812 7.160001 121.593408
1743737355.333946 0.007001 4.031315 39.840128 68.293263 7.070394 119.242101
1743737355.437836 0.007359 4.172901 39.168683 70.544276 7.157657 121.050876
1743737355.541576 0.006986 4.113151 40.737002 72.436899 7.205747 124.499785
1743737355.645456 0.007559 4.399856 39.788122 70.077416 7.609481 121.882434
1743737355.749206 0.007820 4.120906 40.753491 74.998430 7.263638 127.144285
1743737355.852956 0.007525 4.159153 38.250546 71.199702 7.269709 120.886635
1743737355.956706 0.007146 4.143936 37.634126 74.566431 7.259218 123.610857
1743737356.060456 0.007619 4.169493 37.748764 74.145992 7.188560 123.260428
1743737356.164206 0.006819 4.138499 39.431153 75.161438 7.154908 125.892817
1743737356.267836 0.007613 4.233774 37.256415 75.601479 7.255335 124.354616
1743737356.371586 0.007302 4.134138 38.087863 74.385033 7.208512 123.822848
1743737356.475206 0.007120 4.134290 37.260041 71.469857 7.123429 119.994737
1743737356.578976 0.007530 4.230058 37.669163 74.223966 7.291678 123.422395
1743737356.682706 0.006781 4.136976 38.805355 74.005490 7.194090 124.148692
1743737356.786326 0.007566 4.189049 38.981152 74.126091 7.204716 124.508574
1743737356.890096 0.007393 4.106886 39.853680 72.479452 7.253528 123.700939
1743737356.993826 0.007016 4.170807 37.068851 74.630951 7.195663 123.073288
1743737357.097576 0.008225 4.143589 38.865426 74.606504 7.122981 124.746725
1743737357.201356 0.007971 4.127965 38.627483 76.579667 7.228692 126.571778
1743737357.305076 0.007480 4.152152 38.204634 74.052166 7.362435 123.778867
1743737357.408826 0.007037 4.199752 38.577994 76.549650 7.300972 126.635405
1743737357.512596 0.007767 4.125359 38.871535 74.894463 7.115354 125.014478
1743737357.616346 0.007994 4.180302 37.432852 79.209101 7.159975 127.990224
1743737357.720196 0.007256 4.122538 37.194879 75.170491 7.158448 123.653612
1743737357.823976 0.007691 4.066558 38.681686 72.975211 7.236295 122.967441
1743737357.927846 0.007030 4.104797 39.392258 75.522078 7.162768 126.188931
1743737358.031696 0.007614 4.100016 37.274153 74.275870 7.178122 122.835775
1743737358.135576 0.007584 4.042695 38.175493 74.801922 7.099260 124.126954
1743737358.239476 0.010549 4.105335 36.007434 76.185027 7.250111 123.558456
1743737358.343326 0.007196 3.989266 36.627387 70.550588 7.171327 118.345764
1743737358.447276 0.007320 4.087552 36.577414 77.430263 7.177755 125.280304
1743737358.550986 0.007636 4.104141 36.541555 75.370632 7.184742 123.208706
1743737358.654836 0.007976 4.150887 37.711298 76.601811 7.091017 125.562989
1743737358.758586 0.007025 4.024273 39.027410 74.398188 7.125194 124.582090
1743737358.862356 0.007108 4.217861 38.232345 77.592660 7.196630 127.246604
1743737358.966086 0.007210 4.212465 39.151488 74.984415 7.162065 125.517643
1743737359.069966 0.006961 4.180157 38.684499 76.772306 7.045060 126.688983
1743737359.173866 0.006880 4.060923 38.729743 74.728868 7.088182 124.614596
1743737359.277386 0.007429 4.115137 38.511385 73.658935 7.049972 123.342858
1743737359.381086 0.006954 4.204165 37.064445 71.779590 7.087818 120.142972
1743737359.484836 0.007407 4.205387 36.745282 70.844624 7.062727 118.865427
1743737359.588486 0.007308 4.180007 37.559546 74.834195 7.094347 123.675403
1743737359.692316 0.007505 4.095625 38.099705 70.061319 7.043233 119.307387
1743737359.795896 0.007454 4.080412 38.679377 69.226572 6.959841 118.953656
1743737359.899646 0.007487 4.074022 39.064032 68.468015 6.901503 118.515059
1743737360.003246 0.006664 4.089383 39.151345 61.982688 6.846743 112.076823
1743737360.106966 0.007150 3.988528 37.657617 65.087630 6.774329 113.515254
1743737360.210616 0.011629 3.960177 38.799135 58.467196 6.729532 107.967669
1743737360.314236 0.007658 3.956915 36.494651 58.431069 6.686434 105.576727
1743737360.417976 0.007145 3.940005 37.892705 55.388245 6.660009 103.888109
1743737360.521746 0.006868 4.023232 35.807388 53.733270 6.684151 100.254909
1743737360.625386 0.007291 3.981152 35.248905 54.440836 6.938156 100.616340
1743737360.729096 0.007391 3.968925 34.394776 52.414729 6.363857 97.149678
1743737360.832836 0.007177 3.930056 32.853720 48.734892 6.320123 91.845968
1743737360.936616 0.006516 3.919790 32.782049 46.808370 6.307969 89.824694
1743737361.040216 0.007538 3.931222 32.404795 45.381255 6.274257 87.999067
1743737361.144076 0.007039 3.900219 30.147624 44.383997 6.454741 84.893620
1743737361.247796 0.006901 3.937030 29.558700 41.814265 6.131358 81.448254
1743737361.351516 0.007053 3.731032 27.708290 37.642242 6.150046 75.238663
1743737361.455236 0.007636 3.786651 26.697328 36.418068 6.117424 73.027107
1743737361.559236 0.007357 3.768701 25.445636 32.824199 6.072567 68.118460
1743737361.662776 0.006892 3.806071 24.566950 30.628606 6.238539 65.247058
1743737361.766516 0.007042 3.762565 23.737158 33.812720 6.109631 67.429116
1743737361.870236 0.006948 3.701947 22.715531 29.252687 5.958905 61.636018
1743737361.974026 0.006460 3.731322 21.384376 26.688892 6.001244 57.812294
1743737362.077716 0.006943 3.691123 19.475178 27.403430 5.881471 56.458145
1743737362.181466 0.005930 3.655844 17.147600 24.065279 5.829593 50.704246
1743737362.285206 0.006697 3.535425 17.359269 24.876466 5.786503 51.564360
1743737362.389046 0.006498 3.588352 17.682018 24.998551 5.819430 52.094849
1743737362.492736 0.006857 3.539409 15.952032 24.010965 5.810458 49.319721
1743737362.596506 0.006514 3.585504 16.741704 24.251696 5.881643 50.467061
1743737362.700226 0.007018 3.544900 16.667566 25.754376 5.947255 51.921115
1743737362.803956 0.006810 3.601971 16.029079 24.216953 5.839964 49.694777
1743737362.907736 0.006264 3.549993 15.205836 26.238077 5.792801 50.792971
1743737363.013126 0.006651 3.575999 15.660958 23.978768 5.736760 48.959136
1743737363.115146 0.006460 3.467216 15.651687 22.775484 5.723713 47.624560
1743737363.218746 0.006341 3.491148 16.394288 24.969915 5.753402 50.615094
1743737363.322506 0.006551 3.502364 15.470382 25.133642 5.788148 49.901087
1743737363.426116 0.006669 3.501859 14.900067 23.607158 5.756933 47.772686
1743737363.529876 0.006848 3.531633 15.147537 27.505041 5.813601 52.004660
1743737363.633496 0.006305 3.652909 16.485847 26.890452 5.932949 52.968462
1743737363.737266 0.006287 4.628414 18.733014 29.168148 5.886235 58.422098
1743737363.840886 0.007094 3.703131 18.346442 27.760821 5.956651 55.774139
1743737363.944586 0.006574 3.527212 19.003586 29.832371 5.906681 58.276424
1743737364.048236 0.007266 3.542289 19.639429 30.361038 5.901888 59.451910
1743737364.152086 0.006714 3.546837 19.054060 30.071629 5.946611 58.625851
1743737364.255776 0.007193 3.502458 18.887066 29.791519 5.889450 58.077686
1743737364.359336 0.006824 3.467201 19.550150 26.241992 5.930237 55.196404
1743737364.463106 0.006660 3.411497 19.478928 29.231283 5.883704 58.012072
1743737364.566706 0.007376 3.419195 19.630408 25.768557 5.876416 54.701952
1743737364.670456 0.011707 3.708411 19.895014 29.241274 9.606754 62.463160
1743737364.774196 0.011969 3.403282 19.890517 27.023851 8.749339 59.078958
1743737364.878246 0.014896 5.968899 23.592651 28.318494 10.974766 68.869706
1743737364.982186 0.010219 3.756787 21.882815 32.486470 9.723290 67.859581
1743737365.085216 0.010085 3.301238 19.787448 24.169279 7.215743 54.483793
1743737365.188966 0.011711 3.467617 18.524459 25.257793 9.200237 56.461817
1743737365.292716 0.011236 3.341586 17.520812 23.276364 8.991544 53.141542
1743737365.396476 0.012290 3.308598 16.284037 25.355556 8.750094 53.710575
1743737365.500356 0.010235 4.106044 16.130643 25.644785 9.914219 55.805926
1743737365.604146 0.009981 6.069315 18.956905 24.920352 10.168544 60.125097
1743737365.707736 0.006918 3.747522 16.136773 25.881324 5.956164 51.728701
1743737365.811516 0.011339 3.722331 15.845031 27.086222 9.282395 55.947318
1743737365.915236 0.011840 3.664005 15.851997 25.746234 6.065338 51.339414
1743737366.019096 0.011312 3.459970 15.074265 22.057316 8.925429 49.528292
1743737366.122846 0.012982 3.673608 17.812641 22.373252 7.624994 51.497477
1743737366.226596 0.011443 3.620064 14.161126 20.684927 9.630746 48.108306
1743737366.330416 0.010354 3.562484 14.347444 22.370589 8.822612 49.113483
1743737366.434216 0.010151 3.638195 14.497687 21.506545 8.960732 48.613310
1743737366.537996 0.010795 3.373932 13.817946 22.235936 8.709199 48.147808
1743737366.641726 0.011918 3.450463 13.613941 19.292686 9.059629 45.428637
1743737366.745466 0.011685 3.721238 13.810021 19.616496 9.332204 46.491644
1743737366.849216 0.011347 3.565522 13.888979 18.769292 9.048834 45.283974
1743737366.952966 0.011192 3.905251 13.809670 20.339591 9.243100 47.308804
1743737367.056716 0.011427 3.718107 14.347941 18.818632 9.371034 46.267141
1743737367.160576 0.011361 3.597128 14.457263 23.423998 8.935197 50.424947
1743737367.264156 0.011370 3.696780 14.523515 22.383458 9.238670 49.853793
1743737367.368026 0.011500 3.612770 14.708058 19.894086 8.908597 47.135011
1743737367.471746 0.011488 3.780934 15.074647 21.186091 9.541126 49.594286
1743737367.575476 0.016278 3.778456 15.099932 22.961467 9.150646 51.006779
1743737367.679336 0.010322 3.765438 16.836873 23.172633 9.229567 53.014833
1743737367.783166 0.012556 3.445744 14.871155 22.061627 8.394107 48.785189
1743737367.886926 0.011574 3.752243 14.462818 20.637521 9.383549 48.247705
1743737367.990686 0.010086 4.202775 15.812374 21.162980 9.745491 50.933706
1743737368.094366 0.011267 3.554458 13.436158 19.066985 9.286779 45.355647
1743737368.198106 0.009690 3.817040 14.845917 18.705215 9.686419 47.064281
1743737368.301846 0.011327 3.607595 13.093570 18.188053 9.135939 44.036484
1743737368.405596 0.011240 3.526649 12.757999 20.140941 8.841921 45.278750
1743737368.509336 0.011705 3.763292 13.121057 18.217920 9.238213 44.352187
1743737368.613086 0.010224 4.259123 13.397499 19.502417 9.725265 46.894528
1743737368.717086 0.011670 3.868858 13.216059 19.591091 9.261651 45.949329
1743737368.821646 0.010404 3.870594 13.627328 20.280580 9.679551 47.468457
1743737368.924516 0.011725 5.949744 14.411487 19.806829 10.033418 50.213203
1743737369.028306 0.011970 3.556514 13.096200 21.062763 8.946647 46.674094
1743737369.131966 0.010036 3.781281 13.802946 22.356072 9.319036 49.269371
1743737369.235616 0.010330 3.620777 13.888380 20.927083 9.182932 47.629502
1743737369.339346 0.010601 3.763414 13.656197 20.830131 9.065157 47.325500
1743737369.443086 0.010023 3.500104 14.407012 22.069747 8.831650 48.818536
1743737369.547066 0.010086 3.694047 14.461063 21.507933 9.076634 48.749763
1743737369.650636 0.010903 3.717292 14.856007 23.835537 9.514119 51.933858
1743737369.754406 0.011047 3.320696 14.322978 23.846898 5.801052 47.302671
1743737369.858106 0.011731 3.485463 14.663793 22.563343 9.041048 49.765378
1743737369.962016 0.011906 3.659555 14.844564 23.383636 9.424466 51.324127
1743737370.065746 0.010984 3.717992 15.187527 22.661428 9.557702 51.135633
1743737370.169466 0.011614 3.949939 15.287631 25.695092 11.050721 55.994997
1743737370.273266 0.010582 3.554838 15.172767 22.292649 9.358355 50.389191
1743737370.377046 0.011421 3.615987 15.619771 23.702435 9.060315 52.009929
1743737370.480906 0.010383 3.435001 15.888599 25.601036 8.799403 53.734422
1743737370.584636 0.011285 3.517524 15.949005 25.477592 9.031265 53.986671
1743737370.688496 0.011325 3.582896 16.041665 23.130051 9.259116 52.025053
1743737370.792236 0.011451 3.505704 16.233912 24.640621 8.953884 53.345572
1743737370.896006 0.011584 3.644114 16.102960 23.917229 9.239627 52.915514
1743737371.000656 0.011873 3.698482 16.042031 25.846686 9.309916 54.908988
1743737371.103496 0.010853 3.491561 16.143996 24.001084 8.660719 52.308213
1743737371.207376 0.011546 3.705205 16.383868 24.179338 9.226472 53.506429
1743737371.311106 0.011978 3.680170 16.036227 24.000132 9.237818 52.966325
1743737371.415156 0.011203 3.570628 15.481493 22.836086 8.721975 50.621385
1743737371.518686 0.011177 3.701953 15.850395 23.171751 9.438236 52.173512
1743737371.622376 0.011079 3.765550 15.324994 21.802897 9.127440 50.031960
1743737371.726136 0.009661 5.967081 18.729380 22.969750 10.228460 57.904332
1743737371.829876 0.010621 3.998444 15.966405 23.206859 10.160480 53.342809
1743737371.933626 0.010127 3.985658 15.828427 20.799423 9.941713 50.565348
1743737372.037476 0.010017 6.250234 17.313349 23.354068 10.577162 57.504830
1743737372.141286 0.009610 5.176514 18.919491 25.555133 10.075187 59.735935
1743737372.244966 0.012130 3.450348 14.638509 23.108632 9.122252 50.331871
1743737372.348876 0.011706 3.591456 14.600024 21.327448 9.202718 48.733352
1743737372.452766 0.011423 3.695544 14.225261 22.384183 9.465827 49.782238
1743737372.556506 0.010798 3.664799 13.917659 20.119330 9.245446 46.958032
1743737372.660436 0.011140 3.577505 14.136498 23.486588 9.459244 50.670975
1743737372.764136 0.011223 3.574456 13.576439 20.588267 9.184807 46.935192
1743737372.867886 0.011925 3.682738 13.872588 21.967621 9.394778 48.929650
1743737372.971766 0.011308 3.474097 13.951974 20.364321 8.773399 46.575099
1743737373.075516 0.010296 3.825746 14.600000 21.800845 9.322278 49.559165
1743737373.179216 0.012114 3.437326 14.174057 21.485508 9.081442 48.190447
1743737373.283096 0.011622 3.589342 13.863566 23.109585 9.180387 49.754502
1743737373.387036 0.010867 3.458527 13.099969 20.051553 8.786671 45.407587
1743737373.491206 0.011415 3.695224 13.045991 20.170562 9.227747 46.150939
1743737373.594386 0.011784 3.765009 12.988757 20.260145 9.273790 46.299485
1743737373.698246 0.010485 3.817111 14.453796 21.871296 9.467923 49.620611
1743737373.801986 0.009526 3.402962 14.410721 20.485550 8.865303 47.174062
1743737373.905756 0.011072 3.472628 13.148930 19.882082 9.187109 45.701821
1743737374.009466 0.010867 3.636322 13.483101 20.817373 9.362515 47.310178
1743737374.113436 0.011966 3.458364 13.133238 22.363128 9.274935 48.241631
1743737374.217086 0.006321 5.663801 19.238726 22.786239 10.399765 58.094852
1743737374.320856 0.011472 3.365379 13.284719 21.468074 9.002875 47.132519
1743737374.424606 0.010844 3.672330 13.145095 24.608423 9.439236 50.875928
1743737374.528506 0.011133 3.513900 13.379681 19.882209 9.007204 45.794127
1743737374.632126 0.011428 3.667814 14.040331 22.064253 9.613141 49.396967
1743737374.735796 0.011266 3.662331 13.945402 19.740335 9.340408 46.699742
1743737374.839506 0.009382 3.780396 14.765956 23.765932 9.535002 51.856668
1743737374.943226 0.011749 3.546848 14.446138 22.462257 9.403063 49.870055
1743737375.046946 0.010665 3.766327 14.806010 20.559605 9.775033 48.917640
1743737375.150636 0.010825 3.457161 15.007338 22.332121 9.038260 49.845705
1743737375.254256 0.011733 3.603476 14.859108 24.691648 9.644095 52.810060
1743737375.359126 0.010340 3.573010 14.451451 21.772693 9.385357 49.192851
1743737375.461626 0.010579 3.397790 14.055691 23.225919 9.090523 49.780502
1743737375.565356 0.011342 3.417560 14.101735 21.320894 9.123244 47.974775
1743737375.669296 0.010327 3.455687 14.075143 24.529087 9.259865 51.330109
1743737375.773006 0.011389 3.310109 13.623640 21.290639 9.025107 47.260884
1743737375.877606 0.010928 3.498325 13.557927 21.314460 9.147175 47.528815
1743737375.980396 0.005702 3.396859 14.184627 25.050786 5.473580 48.111554
1743737376.085816 0.012067 3.427881 13.633212 22.750460 9.280613 49.104233
1743737376.187876 0.012246 3.206911 14.833391 22.040877 8.911401 49.004826
1743737376.291676 0.010996 3.464974 13.629388 20.704729 9.441492 47.251579
1743737376.395386 0.011902 3.606297 14.294476 21.718359 9.174704 48.805738
1743737376.499106 0.012139 3.420722 13.919912 23.604554 9.357014 50.314341
1743737376.602856 0.011571 3.520605 14.096298 20.433475 9.174251 47.236200
1743737376.706596 0.011798 3.577806 13.927438 23.266375 9.360816 50.144233
1743737376.810356 0.011211 3.625263 14.156088 22.738072 9.213191 49.743825
1743737376.913976 0.011348 3.416670 13.895728 21.941835 9.021778 48.287359
1743737377.018026 0.011203 3.428974 13.630976 21.395133 8.894862 47.361148
1743737377.121596 0.011667 3.690113 14.086023 22.221177 9.313881 49.322861
1743737377.225126 0.011128 3.547307 14.133334 22.980757 9.383392 50.055918
1743737377.328796 0.010547 3.408922 14.494045 23.757376 8.708898 50.379788
1743737377.432546 0.011521 3.529437 14.086919 23.078007 9.399431 50.105315
1743737377.536256 0.011482 3.473198 14.440057 23.546143 9.206729 50.677609
1743737377.639986 0.010866 3.404779 14.161202 23.292513 9.075281 49.944641
1743737377.743736 0.010471 3.598471 14.193267 24.792458 9.239175 51.833842
1743737377.847476 0.010708 3.607181 13.546497 22.771785 9.298028 49.234199
1743737377.951236 0.011101 3.405239 13.544413 22.141877 8.783586 47.886216
1743737378.054996 0.011512 3.575222 13.022370 21.794302 9.696674 48.100080
1743737378.158986 0.012017 3.581866 12.997955 21.513356 9.311831 47.417025
1743737378.262846 0.011066 3.440484 13.240143 24.619313 9.567280 50.878286
1743737378.366556 0.010571 3.330269 12.749622 21.949675 8.842611 46.882748
1743737378.470256 0.011316 3.566427 12.799025 23.348571 9.360906 49.086245
1743737378.574156 0.012225 3.626397 13.021404 22.510830 9.462513 48.633369
1743737378.677916 0.010454 3.388979 12.448902 21.316231 8.907926 46.072492
1743737378.781806 0.011018 3.730037 12.497884 21.258620 9.409162 46.906721
1743737378.885606 0.008169 4.520981 13.077079 24.189138 6.649733 48.445100
1743737378.989486 0.009742 3.484501 13.194334 20.878073 8.746949 46.313599
1743737379.093346 0.011794 3.628424 12.866901 22.018241 9.158760 47.684120
1743737379.197266 0.011925 3.690425 12.792180 19.044622 9.018867 44.558019
1743737379.301666 0.011572 3.615981 12.371297 20.230198 8.844506 45.073554
1743737379.404906 0.010865 4.091828 12.552491 18.441923 9.108355 44.205462
1743737379.508756 0.011760 3.433833 12.291173 19.280434 8.667105 43.684305
1743737379.612536 0.011279 3.811627 13.337250 19.015413 8.946190 45.121759
1743737379.716296 0.012001 3.518772 13.010811 20.716397 8.856894 46.114875
1743737379.819986 0.011508 3.826288 13.279529 20.064866 8.975678 46.157869
1743737379.923776 0.009780 3.790572 12.026140 19.821888 8.967434 44.615814
1743737380.027486 0.011056 3.455765 12.200243 18.520692 8.779084 42.966840
1743737380.131096 0.011068 3.697959 12.138008 19.502671 9.267896 44.617602
1743737380.234886 0.010493 3.451444 12.444409 18.969425 5.546666 40.422437
1743737380.338506 0.012484 3.783607 11.503597 18.011234 9.409110 42.720032
1743737380.442236 0.010758 5.875231 13.051758 17.737262 10.272537 46.947546
1743737380.545976 0.010124 3.654987 11.426119 16.867423 9.446639 41.405292
1743737380.649606 0.010624 3.418796 11.241923 16.403066 9.173825 40.248234
1743737380.753346 0.010889 3.729432 11.211479 17.542892 9.774775 42.269467
1743737380.856976 0.011085 3.747258 10.740497 15.552339 9.283073 39.334252
1743737380.960606 0.011217 3.782514 10.821985 15.842770 9.548969 40.007455
1743737381.064346 0.007587 3.275856 12.585555 17.214558 5.655983 38.739539
1743737381.168096 0.013768 3.617704 10.537777 15.322966 9.965442 39.457657
1743737381.271846 0.011976 3.637041 10.303053 14.327964 9.267521 37.547555
1743737381.375626 0.010816 3.882688 10.293931 14.789448 9.288234 38.265117
1743737381.479346 0.010836 3.515819 10.026205 15.048056 9.269498 37.870414
1743737381.583236 0.011273 3.733165 9.998139 15.525319 9.270056 38.537952
1743737381.687106 0.010679 3.514748 10.184875 15.589338 9.172686 38.472326
1743737381.790976 0.010921 3.749689 10.294750 15.022353 9.491208 38.568921
1743737381.894726 0.017097 3.775441 10.302667 15.123050 10.507472 39.725727
1743737381.998606 0.011826 3.612091 10.176668 15.136990 9.516208 38.453783
1743737382.102476 0.011429 3.472596 9.982156 15.097713 9.362634 37.926528
1743737382.206246 0.010058 3.188291 9.758216 16.862695 6.414249 36.233509
1743737382.309976 0.010465 3.002446 9.691583 14.473316 5.886364 33.064174
1743737382.413726 0.009849 4.729775 10.373142 15.756224 9.688958 40.557948
1743737382.517476 0.010542 3.810072 10.403323 16.457464 9.413194 40.094595
1743737382.621226 0.010734 3.471535 10.041147 17.107895 9.115674 39.746985
1743737382.724976 0.010155 3.477229 9.962273 16.590476 9.074046 39.114179
1743737382.828626 0.010715 3.540974 9.856168 15.987793 9.237637 38.633287
1743737382.932346 0.011489 3.526748 9.610461 16.966976 9.710698 39.826372
1743737383.036106 0.010325 3.597456 9.660138 16.362780 9.071117 38.701816
1743737383.139726 0.011246 3.508078 9.866017 15.850929 9.063122 38.299392
1743737383.243476 0.010976 3.650403 9.502361 15.597994 9.297667 38.059401
1743737383.347356 0.011318 3.633155 9.587381 17.113229 9.107744 39.452827
1743737383.451236 0.011634 3.601676 9.755089 17.130868 9.399754 39.899021
1743737383.555106 0.010574 3.439070 10.017716 17.861892 8.927964 40.257216
1743737383.658976 0.011245 3.712307 9.699738 16.807271 9.122223 39.352784
1743737383.762976 0.010712 3.660350 10.066531 16.988018 9.073222 39.798833
1743737383.866856 0.011433 3.758852 10.001554 17.342628 8.900540 40.015007
1743737383.970606 0.011264 3.789609 9.685826 16.977331 8.918642 39.382672
1743737384.074356 0.011459 3.815083 9.666459 17.647250 9.155500 40.295751
1743737384.177976 0.011771 3.698235 9.705430 17.012851 9.171601 39.599888
1743737384.281726 0.008058 4.151908 10.398110 18.121155 7.758819 40.438050
1743737384.385356 0.010559 3.552873 10.039652 18.306301 8.771667 40.681052
1743737384.489116 0.012066 3.727887 10.449041 19.703720 9.370951 43.263665
1743737384.592726 0.010656 3.442738 10.571987 19.147643 9.070746 42.243770
1743737384.696356 0.011812 3.663409 10.451552 19.228298 9.384358 42.739429
1743737384.799976 0.011366 3.518160 10.315652 17.890915 9.045776 40.781869
1743737384.903606 0.011465 3.735557 10.019362 17.669561 9.336009 40.771954
1743737385.007226 0.011891 3.455199 10.504938 17.303479 9.128290 40.403797
1743737385.110856 0.010613 3.713284 10.278488 20.185764 9.383677 43.571826
1743737385.214476 0.011546 3.588907 10.080001 18.809091 9.295116 41.784661
1743737385.318106 0.012044 3.695195 10.438662 18.594059 9.428778 42.168738
1743737385.421736 0.010686 3.599510 10.651096 19.424144 9.105883 42.791319
1743737385.525356 0.011356 3.732669 10.800650 19.847083 9.379794 43.771552
1743737385.628976 0.011323 3.550558 10.988333 20.535583 9.089559 44.175356
1743737385.732726 0.010844 3.707844 10.990551 22.217424 9.300865 46.227528
1743737385.836356 0.011764 3.534345 11.061445 19.237208 8.878355 42.723117
1743737385.940106 0.012389 3.858668 10.739084 18.912544 9.395798 42.918483
1743737386.043856 0.011425 3.909016 10.958202 22.180602 9.206168 46.265413
1743737386.147606 0.011013 3.617941 11.503305 23.854380 8.815155 47.801794
1743737386.251476 0.011329 3.826737 11.380864 23.451393 9.255073 47.925396
1743737386.355356 0.011149 3.589437 11.546677 20.978966 8.957204 45.083433
1743737386.459356 0.011094 3.796359 11.224035 21.532958 9.342181 45.906627
1743737386.563356 0.010877 3.826798 10.868895 21.828347 9.241206 45.776123
1743737386.667386 0.011309 3.691784 10.856551 22.028816 8.909146 45.497606
1743737386.771476 0.011622 3.684789 10.765570 21.548807 9.064562 45.075350
1743737386.875606 0.010775 3.601990 10.582810 20.872592 8.832316 43.900483
1743737386.979606 0.011302 3.922064 10.445522 18.146315 9.366747 41.891950
1743737387.083736 0.012359 3.798274 10.324676 19.696890 9.187341 43.019540
1743737387.187876 0.011072 3.864450 10.521511 20.227706 9.116028 43.740767
1743737387.291856 0.009922 3.878168 10.576494 20.304236 9.425787 44.194607
1743737387.395856 0.011317 3.798042 11.028756 18.002850 9.063763 41.904728
1743737387.499866 0.011103 3.768398 11.091201 20.446464 9.082251 44.399417
1743737387.603726 0.011042 3.768207 11.237074 19.055448 9.150513 43.222284
1743737387.707726 0.010642 3.645101 10.976588 22.681683 8.906884 46.220898
1743737387.811606 0.010370 3.734469 10.876531 20.156238 9.220938 43.998546
1743737387.915486 0.011216 3.637733 11.671614 21.817447 9.211866 46.349876
1743737388.019226 0.006627 4.704945 11.725315 20.214258 7.828359 44.479504
1743737388.123116 0.011670 3.753081 10.362685 18.554218 9.195250 41.876904
1743737388.226856 0.010665 3.457401 10.400491 19.266532 8.981114 42.116203
1743737388.330606 0.010761 4.786873 10.595499 19.439898 10.296300 45.129331
1743737388.434356 0.009719 5.389571 11.669869 19.039394 7.848419 43.956972
1743737388.537976 0.010262 3.709609 10.104864 18.851363 9.021565 41.697663
1743737388.641756 0.010915 3.670015 10.228768 17.461526 8.739137 40.110361
1743737388.745356 0.011228 3.871999 10.586783 19.435913 8.932270 42.838193
1743737388.848976 0.011372 3.610356 10.224112 19.942361 8.560799 42.349000
1743737388.952756 0.011250 4.009668 10.391386 18.617946 7.607189 40.637439
1743737389.056356 0.011324 3.639558 10.083091 17.955939 8.783468 40.473380
1743737389.160106 0.011037 3.844811 10.315134 19.504206 8.326195 42.001383
1743737389.263866 0.011840 3.833467 10.503270 17.949103 8.558541 40.856221
1743737389.367606 0.011092 3.580660 10.473521 18.711575 8.334782 41.111630
1743737389.471356 0.010000 4.060307 10.673912 20.135621 8.675466 43.555306
1743737389.575236 0.011772 3.574972 11.365750 22.015538 8.504604 45.472636
1743737389.678986 0.012779 3.860509 15.651131 22.477878 9.654703 51.657000
1743737389.782736 0.007134 2.947129 11.525562 19.550563 5.121080 39.151468
1743737389.886486 0.006304 3.114541 12.315044 20.879323 5.458649 41.773861
1743737389.990236 0.007077 3.098529 15.459285 23.176133 5.171327 46.912351
1743737390.093986 0.005868 3.098730 11.243558 19.738098 5.183118 39.269372
1743737390.197866 0.006570 3.111866 11.096707 19.403153 5.293193 38.911489
1743737390.301606 0.011886 3.885137 11.509150 19.946093 8.884309 44.236575
1743737390.405366 0.011332 3.376410 11.993136 18.169522 8.743124 42.293524
1743737390.509106 0.011310 3.708066 11.041328 18.426968 8.950174 42.137846
1743737390.612866 0.011700 3.749985 11.370115 19.627791 8.978131 43.737722
1743737390.716736 0.011790 3.034415 10.956099 21.295444 5.307431 40.605179
1743737390.820486 0.010458 3.215380 11.296831 19.897468 5.958122 40.378259
1743737390.924356 0.010809 3.655861 11.282196 20.913162 9.200028 45.062056
1743737391.028116 0.010867 3.361373 11.466847 20.103594 8.692688 43.635369
1743737391.131996 0.011151 3.569731 10.964075 22.248327 9.043707 45.836991
1743737391.235736 0.016498 3.379840 10.904877 19.066784 9.067577 42.435576
1743737391.339606 0.010801 3.663929 10.904691 17.528413 9.338172 41.446006
1743737391.443396 0.011402 3.440837 10.493301 18.196619 8.929678 41.071837
1743737391.547266 0.009445 5.608163 14.626468 18.336996 9.501130 48.082202
1743737391.651146 0.010244 3.075565 10.128983 20.082078 8.513175 41.810045
1743737391.754876 0.012254 3.507100 10.294361 20.095738 9.317891 43.227344
1743737391.858636 0.010824 3.340745 9.915655 15.368024 8.925809 37.561057
1743737391.962606 0.009984 3.645886 10.111094 18.630680 8.975129 41.372773
1743737392.066326 0.006616 3.581640 9.884728 16.597164 7.316415 37.386563
1743737392.170056 0.010915 3.550987 10.187966 20.300197 9.193173 43.243238
1743737392.273836 0.011147 3.736110 10.339996 20.381203 9.401808 43.870264
1743737392.377486 0.011000 3.592721 10.767541 19.925709 9.495907 43.792878
1743737392.481266 0.005953 3.083891 11.290715 20.267411 8.179894 42.827864
1743737392.585136 0.011507 3.385935 10.811940 19.669942 9.201448 43.080772
1743737392.688976 0.010466 3.295746 10.592058 19.542559 8.951479 42.392308
1743737392.792626 0.011851 3.483337 10.777842 20.321231 9.250014 43.844275
1743737392.896386 0.010552 3.513721 11.105361 19.648739 9.290325 43.568698
1743737393.000136 0.010234 4.774694 15.517497 20.428043 6.598963 47.329431
1743737393.103956 0.006532 4.157711 11.753025 23.403173 8.481273 47.801714
1743737393.207686 0.015964 3.413462 11.359111 20.839825 8.842379 44.470741
1743737393.311376 0.010401 3.737020 11.640721 23.518090 9.470445 48.376677
1743737393.415146 0.010240 3.923139 11.499268 18.258530 9.033933 42.725110
1743737393.518886 0.011042 3.620657 11.590043 21.989368 8.883063 46.094173
1743737393.622666 0.010465 3.730692 11.263118 21.352959 9.043113 45.400347
1743737393.726376 0.012090 3.698027 11.888180 22.629340 9.155685 47.383322
1743737393.830116 0.011502 3.377164 11.434700 21.170241 8.842783 44.836390
1743737393.933956 0.012042 3.498747 11.151902 20.931664 9.167114 44.761469
1743737394.037726 0.010526 3.750016 11.492668 21.058027 9.401018 45.712255
1743737394.141296 0.016208 3.476011 11.417959 22.106831 9.115531 46.132540
1743737394.245046 0.011734 3.602447 11.403200 21.603759 9.518499 46.139639
1743737394.348756 0.011254 3.507193 12.332114 20.993606 8.837396 45.681563
1743737394.452606 0.011617 3.537962 11.221226 22.202558 9.336540 46.309903
1743737394.556156 0.011098 3.320597 11.197694 21.369315 8.745434 44.644138
1743737394.659876 0.011192 3.702708 10.792638 22.159874 9.285977 45.952389
1743737394.763496 0.011400 3.598536 10.970984 22.379966 9.471012 46.431898
1743737394.867246 0.011465 3.407770 11.151865 24.295450 9.401754 48.268304
1743737394.970926 0.011655 3.477508 10.975575 22.698216 9.123770 46.286724
1743737395.074626 0.016445 3.407899 11.069587 22.547866 9.089205 46.131002
1743737395.178366 0.011823 3.600839 11.224625 23.235221 9.432907 47.505415
1743737395.282106 0.011465 3.453212 11.205952 22.096729 9.189857 45.957215
1743737395.385946 0.011399 3.341419 11.166237 22.243805 9.051524 45.814384
1743737395.489716 0.011010 3.610632 10.984458 23.734561 9.390155 47.730816
1743737395.593566 0.011801 3.129169 10.955617 22.710152 8.353210 45.159949
1743737395.697286 0.012227 3.662925 11.004980 24.339007 9.280111 48.299250
1743737395.801056 0.011495 3.468847 10.889245 22.669687 9.211455 46.250729
1743737395.904786 0.010598 3.184287 10.453209 23.123891 8.487642 45.259627
1743737396.008546 0.010874 3.294067 10.562780 22.515101 8.762671 45.145493
1743737396.112256 0.010426 3.426140 10.813955 22.645785 8.792843 45.689149
1743737396.216246 0.010347 5.904883 12.808241 22.757400 10.512636 51.993507
1743737396.319766 0.010749 3.693109 10.899919 22.009621 9.328008 45.941406
1743737396.423456 0.011584 3.229079 10.162984 22.850749 8.956476 45.210872
1743737396.527126 0.011622 3.375345 10.058960 22.251635 9.050991 44.748553
1743737396.630896 0.011847 3.617859 9.958162 20.514250 9.052177 43.154295
1743737396.734646 0.011115 3.465581 10.266178 20.078019 8.998596 42.819489
1743737396.838376 0.011845 3.574687 10.164105 22.218183 9.171312 45.140132
1743737396.942136 0.009323 3.217814 10.685310 22.072021 7.252085 43.236553
1743737397.045866 0.010613 4.008310 10.807272 22.103214 9.544001 46.473410
1743737397.149496 0.010485 3.349103 10.771377 22.857810 8.819903 45.808678
1743737397.253286 0.011393 4.304624 11.358272 21.083239 10.110975 46.868503
1743737397.357036 0.010527 3.421733 11.381244 21.772812 8.903685 45.490001
1743737397.460686 0.010011 4.282100 12.026037 24.956280 9.526880 50.801308
1743737397.564386 0.010708 3.334316 11.873550 21.797680 8.697500 45.713754
1743737397.668126 0.011381 3.658658 11.619947 21.939969 9.348896 46.578851
1743737397.771926 0.011227 3.659757 11.778431 23.123718 9.292744 47.865877
1743737397.875636 0.011276 3.470313 12.279108 22.744131 8.974590 47.479418
1743737397.979366 0.011458 3.576126 12.421702 22.055071 9.368849 47.433206
1743737398.083226 0.010672 3.663383 12.687409 23.705979 9.481850 49.549293
1743737398.186916 0.012221 3.438423 12.888899 24.856354 8.995688 50.191585
1743737398.290796 0.011739 3.569110 13.250277 25.184647 9.238640 51.254413
1743737398.394586 0.010673 4.273498 14.302811 26.821859 10.542867 55.951708
1743737398.498386 0.010245 3.490865 14.063588 24.110667 8.843054 50.518419
1743737398.602256 0.011053 3.633634 14.375544 24.878536 9.164722 52.063489
1743737398.706546 0.010281 4.229922 14.082471 26.942202 9.704266 54.969142
1743737398.810176 0.011335 3.448197 13.937012 26.671856 8.754493 52.822893
1743737398.914006 0.012052 3.510565 14.221465 24.470881 9.177006 51.391969
1743737399.018046 0.011347 3.449275 14.154739 23.726236 9.128111 50.469708
1743737399.122016 0.010100 3.683719 14.445186 26.820105 9.358298 54.317408
1743737399.226006 0.012470 3.515089 14.139805 28.386186 9.151300 55.204850
1743737399.330006 0.011227 3.519762 14.471613 29.536218 9.121969 56.660789
1743737399.434006 0.015719 4.017696 15.655685 27.828867 9.595266 57.113233
1743737399.537876 0.011468 3.404058 14.866545 27.535099 8.871050 54.688220
1743737399.641876 0.011892 3.531296 15.456077 27.426493 9.087195 55.512953
1743737399.745756 0.016686 3.293603 15.181891 26.612378 8.431719 53.536277
1743737399.849526 0.011487 3.580647 15.526680 27.094468 8.917005 55.130287
1743737399.953376 0.010971 3.648888 15.754902 25.602001 9.139711 54.156473
1743737400.057156 0.016746 3.436320 16.014364 28.743674 8.672558 56.883662
1743737400.161006 0.011617 3.457106 16.102074 26.192096 8.760205 54.523098
1743737400.264756 0.011466 3.530725 16.562327 27.177699 8.832183 56.114400
1743737400.368626 0.012088 3.468260 16.073349 28.119322 8.712018 56.385037
1743737400.472366 0.012275 3.472126 15.846691 26.757431 9.000629 55.089152
1743737400.576246 0.011629 3.573472 16.469462 25.932392 9.140672 55.127627
1743737400.679796 0.011142 3.506370 15.839472 25.931080 8.877166 54.165230
1743737400.783546 0.011779 3.558674 15.926555 27.336648 9.187582 56.021238
1743737400.887446 0.011437 3.544103 16.046485 26.580744 8.991398 55.174167
1743737400.991206 0.016271 3.443687 15.913855 24.636887 8.647316 52.658016
1743737401.094766 0.010843 3.673695 15.670799 26.688096 9.175644 55.219077
1743737401.198536 0.010465 3.399284 15.305673 24.918062 7.682273 51.315757
1743737401.302306 0.009781 3.706470 15.987181 26.197773 9.135316 55.036521
1743737401.405906 0.010691 4.227085 16.473876 26.224816 9.824753 56.761221
1743737401.509696 0.010785 3.553885 15.457270 26.200548 9.192831 54.415319
1743737401.613296 0.010550 3.474811 15.124378 24.795835 8.855082 52.260656
1743737401.717006 0.010180 4.040828 15.139829 24.336728 9.564820 53.092385
1743737401.820636 0.012472 3.583625 15.068232 22.939767 9.083903 50.687999
1743737401.924376 0.005918 3.486673 15.208322 24.445665 5.628958 48.775536
1743737402.027996 0.010844 3.932557 15.225623 23.433605 9.747497 52.350126
1743737402.131736 0.011021 3.629137 14.885522 23.100494 9.234048 50.860222
1743737402.235576 0.010384 3.493698 14.732254 24.820674 9.003025 52.060035
1743737402.339326 0.011158 3.648514 14.885030 22.969332 9.172004 50.686038
1743737402.443056 0.011642 6.030579 15.167879 24.001651 11.544253 56.756004
1743737402.546786 0.012050 3.399552 14.670172 23.552843 8.808303 50.442920
1743737402.650706 0.011831 3.720875 14.639289 23.038949 9.280424 50.691368
1743737402.754386 0.011334 3.590718 14.547003 23.059559 9.124295 50.332909
1743737402.858256 0.011402 3.528552 14.346531 22.496498 9.205254 49.588237
1743737402.962006 0.007046 3.835216 13.825480 26.333231 8.670383 52.671356
1743737403.065626 0.011652 3.440540 13.754802 24.156206 8.546396 49.909596
1743737403.169396 0.011789 3.716731 13.568192 23.501156 9.328104 50.125972
1743737403.273016 0.010855 3.850211 13.663785 22.246457 9.717842 49.489150
1743737403.376776 0.017236 3.550976 14.042476 23.205812 9.280552 50.097052
1743737403.480426 0.010685 3.724801 13.888208 23.352457 9.444428 50.420579
1743737403.584036 0.010155 3.481331 13.644733 23.976123 8.744220 49.856562
1743737403.687776 0.012019 3.652393 13.773724 25.321534 9.414662 52.174332
1743737403.791386 0.011029 3.480441 13.814989 21.525280 8.849804 47.681543
1743737403.894996 0.010892 3.788667 14.121786 22.198641 9.315888 49.435874
1743737403.998786 0.010673 3.553896 14.044077 23.016617 9.018598 49.643861
1743737404.102536 0.011737 3.608686 13.848419 23.292770 9.196756 49.958368
1743737404.206266 0.010732 3.493737 13.926358 23.398280 8.818642 49.647749
1743737404.310026 0.012248 3.623885 13.899485 22.279060 9.116553 48.931231
1743737404.413746 0.011329 3.749628 13.737119 24.398820 9.102710 50.999606
1743737404.517606 0.012091 3.380606 14.044176 23.149430 8.891221 49.477524
1743737404.621276 0.011777 3.652004 14.096291 24.041015 9.109272 50.910359
1743737404.725086 0.015771 3.648785 13.826109 24.119722 9.308531 50.918918
1743737404.828886 0.011329 3.543367 14.080471 23.188293 8.940015 49.763475
1743737404.932646 0.011660 3.349148 13.981691 24.589274 8.456568 50.388341
1743737405.036376 0.011773 3.587698 13.960591 23.245997 9.165793 49.971852
1743737405.140126 0.011975 3.709348 13.811444 22.132227 9.475477 49.140471
1743737405.243876 0.010328 4.172051 14.547988 24.941942 9.924523 53.596832
1743737405.347706 0.010303 3.835400 13.781810 22.007585 9.667252 49.302350
1743737405.451506 0.010857 3.587250 14.163074 22.637112 9.207625 49.605918
1743737405.555186 0.011049 3.411604 14.631434 22.910950 8.947640 49.912677
1743737405.658806 0.011238 3.558121 14.508400 25.316670 9.229434 52.623863
1743737405.762516 0.011575 3.535061 14.940873 22.715296 9.259428 50.462233
1743737405.866286 0.010911 3.416204 15.019420 24.649195 8.942690 52.038420
1743737405.969976 0.011183 3.581697 15.616278 24.241230 9.417267 52.867655
1743737406.073646 0.011250 3.646152 15.123773 26.909993 9.503524 55.194692
1743737406.177426 0.010580 3.482062 15.337114 25.091942 8.895615 52.817313
1743737406.281016 0.006959 3.853845 14.730357 23.754315 7.911620 50.257096
1743737406.384796 0.010670 3.699427 14.855985 23.139260 9.478472 51.183814
1743737406.488406 0.010306 3.463059 14.723304 22.671798 8.492663 49.361130
1743737406.592026 0.010323 3.334236 14.583363 25.242744 5.892429 49.063095
1743737406.695786 0.009351 3.989693 15.120024 23.867530 9.823382 52.809980
1743737406.799536 0.011034 3.314142 14.368265 23.179009 8.676279 49.548729
1743737406.903146 0.009894 3.825165 15.117754 28.127879 9.798509 56.879201
1743737407.006876 0.010271 3.685498 15.094645 24.319957 9.673863 52.784234
1743737407.110496 0.010995 3.343892 14.771414 21.218922 9.005124 48.350347
1743737407.214326 0.011706 3.568777 13.871959 23.408129 9.565421 50.425992
1743737407.317936 0.011060 3.642406 14.783750 23.460958 9.577752 51.475926
1743737407.421686 0.010514 3.369490 13.681119 21.048984 8.925141 47.035248
1743737407.525436 0.009866 3.751349 14.602008 21.323386 9.508574 49.195183
1743737407.629086 0.010260 3.452403 14.071987 22.008369 9.421387 48.964406
1743737407.732656 0.010021 3.508973 14.141462 20.676541 9.353670 47.690667
1743737407.836406 0.011529 3.352972 13.917161 19.813677 8.919777 46.015116
1743737407.940136 0.006115 3.391898 14.232365 22.569818 5.703779 45.903975
1743737408.043756 0.010320 3.633080 13.335880 21.372959 9.360284 47.712523
1743737408.147496 0.010853 3.823921 13.080606 20.348386 9.669214 46.932980
1743737408.251166 0.011956 3.499599 12.591675 17.902681 9.332595 43.338506
1743737408.354776 0.010073 3.614480 12.806782 18.032395 9.501637 43.965367
1743737408.458506 0.010343 3.506981 14.586747 18.423874 9.256340 45.784285
1743737408.562216 0.010751 3.557965 12.536875 18.215681 9.655077 43.976349
1743737408.665826 0.010580 3.371472 12.115444 17.776708 9.018549 42.292753
1743737408.769476 0.010993 3.517550 12.324280 19.086151 9.357150 44.296124
1743737408.873036 0.011053 3.517171 12.361571 19.709638 9.205060 44.804493
1743737408.976686 0.009986 3.650020 12.132403 16.379230 9.418507 41.590146
1743737409.080266 0.010298 3.723946 12.900788 17.015533 9.545417 43.195982
1743737409.184006 0.011250 3.488628 12.438992 17.386437 9.071812 42.397119
1743737409.287636 0.011055 3.636257 12.496809 18.574211 9.434718 44.153050
1743737409.391356 0.011544 3.605939 13.119438 17.342739 9.200686 43.280346
1743737409.495186 0.011084 3.715627 12.879455 19.349940 9.537043 45.493149
1743737409.598786 0.011371 3.484125 13.116271 20.871407 8.988271 46.471445
1743737409.702966 0.011798 3.674306 13.304746 19.031387 9.348664 45.370901
1743737409.806136 0.012380 3.739831 13.502324 21.927285 9.340124 48.521944
1743737409.909766 0.011041 3.463651 13.829712 19.059300 8.814409 45.178113
1743737410.019116 0.010654 3.747333 13.490533 19.006638 9.287278 45.542436
1743737410.117256 0.011395 3.639830 14.057132 20.328435 9.291425 47.328217
1743737410.220906 0.009994 3.450391 13.235709 19.320498 8.732219 44.748811
1743737410.324666 0.010157 3.154978 12.740616 20.477619 6.714950 43.098320
1743737410.428416 0.011150 3.861775 12.894601 18.323594 8.898636 43.989756
1743737410.532256 0.010706 3.451488 13.125452 23.385938 8.431947 48.405531
1743737410.635906 0.011466 3.504338 12.802580 22.398855 8.687428 47.404667
1743737410.739666 0.010944 3.543616 12.908586 20.801412 8.351529 45.616087
1743737410.843466 0.010255 3.550918 13.273501 21.374456 8.452426 46.661556
1743737410.947126 0.011350 3.569645 13.203605 19.981521 8.491687 45.257808
1743737411.050766 0.009702 3.729149 13.609927 21.046609 8.861329 47.256716
1743737411.154506 0.010768 3.653783 12.804120 20.439206 8.828980 45.736857
1743737411.258356 0.010847 3.483325 13.000566 19.403307 8.503201 44.401246
1743737411.362076 0.012014 4.617939 15.656431 20.376476 10.124859 50.787719
1743737411.465776 0.011292 3.664032 12.354444 18.331068 9.085962 43.446798
1743737411.569566 0.011903 3.370420 12.090119 18.783186 8.759792 43.015420
1743737411.673186 0.012260 3.676908 11.768830 18.606782 9.066440 43.131220
1743737411.776926 0.011170 3.738578 11.782115 21.568637 9.092063 46.192563
1743737411.880866 0.009658 5.372961 12.401578 20.407643 9.360462 47.552302
1743737411.984466 0.010004 3.797322 11.397801 18.796892 9.197732 43.199751
1743737412.088166 0.010726 3.470326 11.321943 21.149071 8.732979 44.685045
1743737412.191886 0.010432 3.573829 11.635693 19.800223 9.062409 44.082586
1743737412.295686 0.011690 3.457127 11.240741 18.738152 9.080763 42.528473
1743737412.399396 0.010733 3.312742 11.240886 17.746467 9.005692 41.316520
1743737412.503196 0.011555 3.608731 11.124868 22.235712 7.165010 44.145876
1743737412.606956 0.010598 3.186747 10.978491 20.595198 8.690177 43.461211
1743737412.710706 0.011157 3.376473 11.012028 18.352037 9.004068 41.755763
1743737412.814286 0.009753 4.184052 11.289878 20.034356 9.554597 45.072636
1743737412.918016 0.011468 3.629670 10.686693 19.249112 9.552467 43.129410
1743737413.021776 0.009926 3.560250 10.929899 19.170217 9.204292 42.874584
1743737413.125516 0.011765 3.540113 10.977214 18.873894 9.172817 42.575803
1743737413.229126 0.010713 3.446621 11.105370 18.334125 8.892056 41.788885
1743737413.332976 0.010945 3.673817 10.850260 19.300471 9.285005 43.120498
1743737413.436676 0.009632 3.796070 10.944295 19.712959 9.385796 43.848752
1743737413.540396 0.010543 3.425490 11.042215 19.365347 8.727306 42.570901
1743737413.644246 0.010836 3.615760 11.206330 19.902289 9.060784 43.795999
1743737413.747786 0.009528 3.530651 10.478792 17.775953 8.856676 40.651600
1743737413.851546 0.011434 3.733237 10.348402 18.460805 9.175533 41.729411
1743737413.955346 0.010659 3.892383 10.428453 18.932717 9.586110 42.850322
1743737414.059056 0.010193 3.424243 10.438329 20.127133 8.911365 42.911263
1743737414.162796 0.011136 3.660405 11.043474 19.199762 9.578334 43.493111
1743737414.266546 0.010655 3.726944 10.369004 19.616328 9.456167 43.179098
1743737414.370266 0.011720 3.137978 10.390923 18.984458 8.415683 40.940762
1743737414.474116 0.010441 3.536477 10.569074 20.156560 9.492744 43.765296
1743737414.577766 0.009993 3.499602 11.146977 20.981891 9.265059 44.903522
1743737414.681516 0.010250 3.442798 10.577689 21.306163 9.107487 44.444387
1743737414.785266 0.011985 3.457565 10.650278 18.943259 9.261171 42.324258
1743737414.889006 0.010830 3.418667 10.318521 17.545401 8.936744 40.230163
1743737414.992916 0.011010 3.733621 10.013514 18.084244 9.702319 41.544708
1743737415.096526 0.012134 3.409746 9.874750 17.249905 9.266510 39.813045
1743737415.200186 0.010756 3.549577 10.218276 17.737665 9.145452 40.661726
1743737415.303906 0.011366 3.381839 10.340820 17.858317 9.253049 40.845391
1743737415.407636 0.008706 5.600493 13.996293 19.166261 10.049799 48.821552
1743737415.511476 0.009346 5.815952 13.448323 20.221484 10.206373 49.701478
1743737415.615286 0.009893 3.859235 12.019000 22.408555 9.762580 48.059263
1743737415.719116 0.010034 3.256152 14.394780 19.402468 5.857749 42.921183
1743737415.822786 0.010056 4.108629 11.405846 20.174345 9.658784 45.357660
1743737415.926836 0.008172 3.582159 11.458755 20.809301 8.702120 44.560507
1743737416.030386 0.010601 3.086856 11.338364 20.693088 8.250762 43.379671
1743737416.134106 0.011702 3.525124 10.853699 17.791454 9.238569 41.420548
1743737416.237726 0.011638 3.416765 10.924969 20.767412 9.185893 44.306677
1743737416.341436 0.009397 3.932234 10.902353 18.881729 9.459109 43.184822
1743737416.445186 0.010982 3.329314 10.439685 19.164181 8.830963 41.775125
1743737416.548766 0.010133 5.036787 10.899331 20.933211 11.140914 48.020376
1743737416.652536 0.010296 3.266912 10.529030 19.060198 8.804349 41.670785
1743737416.756266 0.009570 3.522304 10.572848 18.113497 9.186431 41.404650
1743737416.860036 0.012582 3.558549 10.708968 18.191728 9.405026 41.876853
1743737416.963656 0.009876 3.427999 10.746161 17.621051 8.904830 40.709917
1743737417.067446 0.010247 3.645141 11.020209 21.086783 9.485786 45.248166
1743737417.171176 0.010508 3.230605 10.260994 19.133282 8.472275 41.107664
1743737417.274916 0.012090 3.571719 10.713336 19.647387 9.569134 43.513666
1743737417.378646 0.011508 3.331383 10.705823 20.312168 9.185311 43.546193
1743737417.482346 0.011391 3.553333 10.407363 20.631906 9.669393 44.273386
1743737417.586046 0.011669 3.372680 10.134738 22.385045 9.120086 45.024218
1743737417.689646 0.011507 3.437465 10.422368 19.767562 9.204981 42.843883
1743737417.793396 0.010258 3.336232 10.089625 19.467672 8.865155 41.768942
1743737417.897146 0.011772 3.611373 10.014427 20.099919 9.486842 43.224333
1743737418.000796 0.010242 3.294155 10.549348 21.869247 8.834704 44.557696
1743737418.104526 0.009630 3.618564 10.464709 21.423866 9.406563 44.923332
1743737418.208146 0.009829 3.431533 9.927606 20.046833 9.258292 42.674093
1743737418.311896 0.011892 3.425981 9.841963 19.054972 9.553124 41.887932
1743737418.415546 0.011370 3.333771 9.816931 19.264110 9.146668 41.572850
1743737418.519146 0.009759 3.753757 10.471236 22.574169 9.501035 46.309956
1743737418.622886 0.011598 3.413193 10.191948 21.992196 9.418337 45.027272
1743737418.726506 0.010588 3.180019 10.512358 20.476370 8.961514 43.140849
1743737418.830266 0.010784 3.389863 10.198885 20.982399 9.068695 43.650626
1743737418.934016 0.010884 3.596368 10.780744 21.727468 9.580991 45.696455
1743737419.037636 0.010610 3.381017 10.271855 19.326272 8.897481 41.887235
1743737419.141386 0.011586 3.775319 10.232916 20.420597 9.646355 44.086773
1743737419.245136 0.011250 3.516872 10.517381 21.427955 9.055013 44.528471
1743737419.348766 0.010501 3.769231 10.905077 21.606518 9.329735 45.621062
1743737419.452396 0.006739 3.589450 10.513598 19.306350 5.597993 39.014130
1743737419.556156 0.010396 5.028019 10.663343 21.490382 9.287928 46.480068
1743737419.659766 0.010842 3.216044 10.949889 20.269609 8.678141 43.124525
1743737419.763516 0.011380 3.613572 10.852085 21.771749 9.099179 45.347965
1743737419.867276 0.011596 3.413086 11.337608 21.174348 9.095748 45.032386
1743737419.971016 0.010738 5.749941 13.995866 21.553883 10.096876 51.407304
1743737420.074766 0.010100 5.739018 13.913715 19.805570 9.862379 49.330782
1743737420.178386 0.011253 3.427130 10.963834 19.351459 9.122217 42.875893
1743737420.282146 0.011077 3.432606 11.060026 20.760841 8.621501 43.886051
1743737420.385886 0.011579 3.728439 11.766482 22.327063 9.185195 47.018758
1743737420.489556 0.012652 3.589381 11.709932 21.586590 9.367710 46.266265
1743737420.593136 0.011659 5.966458 14.255406 21.500805 10.511132 52.245460
1743737420.696906 0.012167 3.416327 12.295277 19.924251 8.916123 44.564145
1743737420.800536 0.012399 3.698849 12.853534 19.851091 9.343585 45.759458
1743737420.904286 0.010833 3.435455 12.139607 20.610564 8.678631 44.875090
1743737421.008026 0.017401 3.714662 12.719017 21.202340 9.277136 46.930556
1743737421.111656 0.012257 3.665637 12.505633 20.368280 9.208871 45.760678
1743737421.215386 0.009923 3.372774 12.317277 20.713385 8.887322 45.300681
1743737421.319176 0.011442 3.694412 12.437844 21.228684 9.515813 46.888195
1743737421.422886 0.011463 3.834033 12.690572 21.670842 9.442908 47.649818
1743737421.526636 0.005918 3.391008 14.636044 19.540173 5.653283 43.226426
1743737421.630406 0.009463 4.182086 13.440030 24.165968 9.591876 51.389423
1743737421.734136 0.010098 3.632756 13.221039 21.168792 9.281611 47.314296
1743737421.837886 0.010579 3.391186 13.098934 21.479133 9.077159 47.056991
1743737421.941636 0.017097 3.667654 13.294901 23.177017 9.669876 49.826545
1743737422.045396 0.010989 3.505347 13.083015 19.936137 9.129362 45.664850
1743737422.149016 0.010815 3.661430 13.120109 20.677720 9.361159 46.831233
1743737422.252786 0.011581 3.415255 13.253265 22.448964 9.062442 48.191507
1743737422.356516 0.010614 3.790690 13.477851 21.623585 9.508975 48.411715
1743737422.460266 0.010778 3.614323 12.780157 18.721421 9.646899 44.773578
1743737422.564016 0.011051 3.324348 12.783368 23.847770 9.004815 48.971352
1743737422.667636 0.011777 3.484793 12.469690 21.824806 9.454658 47.245724
1743737422.771396 0.011747 3.441238 12.599339 20.838047 9.163253 46.053624
1743737422.875146 0.010957 3.603240 12.236714 21.114907 9.373059 46.338877
1743737422.978886 0.012240 3.587075 12.325151 20.975598 10.229685 47.129749
1743737423.082646 0.010457 3.536288 11.929116 22.767486 9.057098 47.300445
1743737423.186516 0.011387 3.489814 11.858483 20.328471 9.258687 44.946842
1743737423.290286 0.012204 3.369106 11.860629 19.280989 8.818143 43.341071
1743737423.394136 0.011524 3.736586 11.407710 19.363766 9.252492 43.772078
1743737423.497896 0.011606 3.636351 11.447788 19.471571 9.440657 44.007973
1743737423.601766 0.011163 3.728606 11.916330 17.796843 9.209107 42.662049
1743737423.705656 0.011428 3.718317 11.627962 20.245590 9.103601 44.706898
1743737423.809436 0.010852 3.678829 11.767020 17.506176 8.905510 41.868387
1743737423.913266 0.011601 3.598638 11.415856 17.491824 8.928979 41.446898
1743737424.017016 0.011189 3.957529 11.687564 18.095495 8.885399 42.637176
1743737424.120896 0.010241 3.800233 11.874869 19.690184 8.752806 44.128333
1743737424.224766 0.010952 4.170057 12.348264 20.733491 9.129137 46.391901
1743737424.328656 0.009775 3.578346 11.597275 19.427355 8.482415 43.095166
1743737424.432516 0.011575 3.923657 11.405503 16.276864 8.960307 40.577906
1743737424.536286 0.010760 3.883684 11.313167 15.909564 8.676173 39.793348
1743737424.640156 0.010763 3.961956 12.019154 19.888311 9.074421 44.954605
1743737424.744016 0.010562 3.392504 11.477228 17.619530 8.613863 41.113687
1743737424.847766 0.011468 3.739884 11.405819 17.066737 8.803685 41.027593
1743737424.951646 0.010728 3.694680 11.128420 19.283632 8.442718 42.560178
1743737425.055396 0.011274 3.848775 11.288718 17.887261 8.781427 41.817455
1743737425.159266 0.011262 3.799757 11.430065 17.834746 8.627636 41.703466
1743737425.263026 0.010968 3.527996 11.752774 18.487637 8.785642 42.565017
1743737425.366896 0.011678 3.785696 11.652578 21.689231 8.737034 45.876217
1743737425.470646 0.010329 3.499431 12.002175 19.682991 8.548452 43.743378
1743737425.574546 0.010822 3.762183 12.013391 20.923063 9.246989 45.956448
1743737425.678396 0.011664 3.708128 12.304518 22.245131 9.095424 47.364865
1743737425.782266 0.011817 3.535743 12.772123 21.528747 8.998825 46.847255
1743737425.886146 0.014228 4.355196 15.885891 23.222797 10.389236 53.867348
1743737425.990026 0.012581 3.358092 12.414408 20.453006 8.797365 45.035452
1743737426.093886 0.009877 3.420490 12.139344 21.735264 8.563654 45.868629
1743737426.197896 0.010816 3.641954 12.076805 19.970247 9.091235 44.791057
1743737426.301766 0.011476 3.715596 11.964921 23.443066 9.317536 48.452595
1743737426.405656 0.011136 3.451096 12.481986 22.846457 9.074973 47.865648
1743737426.509646 0.011670 3.644276 12.375629 19.786906 9.327791 45.146272
1743737426.613516 0.011273 3.852735 14.289593 20.539430 9.219346 47.912377
1743737426.717516 0.011039 3.411937 12.894092 20.587937 9.182753 46.087758
1743737426.821396 0.011661 3.731706 12.991544 21.220162 9.522848 47.477921
1743737426.925396 0.011822 3.484850 12.507171 21.115289 9.182357 46.301489
1743737427.029396 0.011404 3.659869 12.436815 21.374222 9.515884 46.998194
1743737427.133396 0.011296 3.639165 12.550841 22.019800 9.419930 47.641032
1743737427.237396 0.011578 3.465241 13.216605 21.384407 9.433884 47.511715
1743737427.341526 0.011573 3.649158 13.667437 21.459901 9.703650 48.491719
1743737427.445646 0.012348 3.663153 13.485623 21.421138 9.531602 48.113864
1743737427.549776 0.010343 3.538712 14.012382 22.656162 9.205906 49.423505
1743737427.653916 0.011176 3.655133 13.653617 22.316029 9.378632 49.014587
1743737427.758146 0.011416 3.616601 13.745144 22.265656 9.515311 49.154128
1743737427.862276 0.011032 3.481630 13.864380 21.349676 9.166217 47.872935
1743737427.966396 0.010709 3.628972 13.891701 21.658417 9.620340 48.810139
1743737428.070526 0.011329 3.671375 14.021726 21.490826 9.379729 48.574985
1743737428.174646 0.010901 3.532127 14.423341 21.571141 9.198541 48.736051
1743737428.278776 0.009874 3.698598 13.948546 21.243620 9.655482 48.556120
1743737428.382776 0.012388 3.672196 14.208232 19.788062 9.642023 47.322901
1743737428.486816 0.010569 3.568713 14.445318 19.539271 9.101473 46.665344
1743737428.590896 0.007469 3.918494 13.849413 21.082023 7.422711 46.280110
1743737428.694896 0.006014 5.788034 14.823190 21.092073 9.602394 51.311705
1743737428.798926 0.010341 3.504551 13.563138 19.572114 9.437126 46.087270
1743737428.902776 0.010465 3.577149 14.080139 20.840823 9.439789 47.948365
1743737429.006666 0.011727 3.644054 14.072269 22.441688 9.401510 49.571248
1743737429.110396 0.009594 3.660706 13.723173 20.661657 9.335389 47.390519
1743737429.214166 0.009644 3.240177 13.676465 18.843529 5.678307 41.448122
1743737429.317896 0.010067 3.553324 14.007034 20.236568 9.314835 47.121828
1743737429.421526 0.010595 3.709541 13.565449 20.709105 9.526028 47.520718
1743737429.525146 0.011179 3.575658 13.249982 19.982316 9.299871 46.119006
1743737429.628896 0.010580 3.224884 12.953381 17.995342 6.001694 40.185881
1743737429.732646 0.011072 3.545975 13.228467 18.567214 9.466256 44.818984
1743737429.836416 0.012133 3.674645 12.846213 17.985946 9.548502 44.067439
1743737429.940146 0.011179 3.528768 12.719774 17.371518 9.204361 42.835600
1743737430.043896 0.011960 3.755007 12.719331 19.226391 9.564927 45.277616
1743737430.147646 0.010908 3.497475 12.735360 20.044361 9.111798 45.399902
1743737430.251526 0.011846 3.618379 12.357273 19.638608 9.409994 45.036100
1743737430.355506 0.011127 3.453322 12.594106 22.142994 9.079430 47.280979
1743737430.459496 0.010819 3.562906 12.540126 19.262161 9.410338 44.786350
1743737430.563496 0.011343 3.522902 12.186669 19.448119 9.272746 44.441779
1743737430.667406 0.017191 3.837049 12.048520 18.429963 7.835502 42.168225
1743737430.771416 0.012776 3.499437 12.300548 19.546265 9.570970 44.929996
1743737430.875406 0.011152 3.617120 11.658064 18.698504 9.046050 43.030890
1743737430.979436 0.010959 3.541704 11.105507 18.959182 9.227605 42.844957
1743737431.083436 0.011055 3.543545 11.436506 18.394427 9.180768 42.566301
1743737431.187436 0.011203 3.448996 11.445317 18.494557 8.956622 42.356695
1743737431.291436 0.010839 3.604474 10.981950 18.409960 9.447586 42.454809
1743737431.395436 0.011470 3.494697 10.884685 21.058711 9.248830 44.698393
1743737431.499436 0.011240 3.570874 10.895816 19.177616 9.342171 42.997717
1743737431.603336 0.011493 3.493978 10.967557 18.582438 9.209979 42.265445
1743737431.707336 0.010916 3.586619 10.959043 17.669044 9.318215 41.543837
1743737431.811136 0.011293 3.531302 11.072347 17.965147 9.183298 41.763387
1743737431.914936 0.010740 3.617177 10.919524 17.984118 9.328224 41.859783
1743737432.018636 0.011699 3.486062 10.846701 17.167035 8.990878 40.502375
1743737432.122236 0.009858 3.665404 10.538509 17.124907 9.360616 40.699294
1743737432.226036 0.012101 3.547304 10.658298 16.845676 9.420071 40.483450
1743737432.329636 0.011375 3.688499 10.479844 18.996563 9.517461 42.693742
1743737432.433436 0.011729 3.511963 10.597206 17.235583 9.223916 40.580397
1743737432.537136 0.010757 3.791730 10.721121 19.427164 9.388063 43.338835
1743737432.640736 0.006746 3.889937 10.513793 19.385202 5.505694 39.301372
1743737432.744536 0.010292 3.589765 10.852742 18.900361 9.565329 42.918489
1743737432.848236 0.010134 3.717605 10.975360 17.288291 9.561213 41.552603
1743737432.952036 0.011576 3.625192 11.024921 15.170002 9.558561 39.390252
1743737433.055836 0.011479 3.570600 10.735170 18.713745 9.387471 42.418465
1743737433.159536 0.010019 3.132735 10.648056 16.360894 6.296684 36.448388
1743737433.263436 0.010500 4.360439 11.739191 18.097715 10.088735 44.296580
1743737433.367136 0.006760 3.326260 11.656563 16.714592 5.692346 37.396521
1743737433.470936 0.011652 3.574923 11.319127 18.035904 9.213805 42.155411
1743737433.574736 0.010860 3.639586 10.949498 16.956568 9.273468 40.829980
1743737433.678536 0.011877 3.490049 11.045150 17.959987 9.169279 41.676342
1743737433.782336 0.011146 3.701458 11.132363 17.490503 9.377596 41.713066
1743737433.886036 0.009596 3.532965 11.069067 18.000599 9.282278 41.894505
1743737433.989736 0.010933 3.730143 10.864975 17.767604 9.680102 42.053757
1743737434.093536 0.011281 3.610898 11.006942 17.844244 9.271319 41.744684
1743737434.197236 0.011438 3.592812 11.334044 16.926441 9.579244 41.443979
1743737434.300936 0.010859 3.520132 11.043093 18.729072 9.359449 42.662605
1743737434.404636 0.011681 3.701865 11.247445 19.126492 9.612535 43.700018
1743737434.508436 0.011348 3.570895 11.478714 17.990188 9.201824 42.252969
1743737434.612036 0.010490 6.807484 13.534802 23.278447 10.130540 53.761763
1743737434.715736 0.010001 3.262022 11.514816 19.971221 5.956593 40.714653
1743737434.819536 0.009760 4.647610 12.181100 19.982769 9.845923 46.667162
1743737434.923236 0.012086 3.397510 11.276294 19.184822 9.405207 43.275919
1743737435.026936 0.012127 3.599958 11.446111 20.464152 9.623707 45.146055
1743737435.130536 0.010882 3.467580 11.591941 19.790171 9.282436 44.143010
1743737435.234236 0.012846 3.385676 11.550730 19.375770 7.147225 41.472247
1743737435.337936 0.011574 3.898470 11.359075 21.210501 9.783610 46.263230
1743737435.441636 0.008845 3.382118 12.061532 18.834486 9.290179 43.577160
1743737435.545436 0.009750 3.882492 11.629656 18.687884 9.687193 43.896975
1743737435.649036 0.010031 5.770585 12.443150 19.088350 9.159475 46.471591
1743737435.752736 0.010423 3.309912 11.725807 18.740445 5.772266 39.558853
1743737435.856536 0.010935 3.734090 11.597628 19.273905 9.695605 44.312163
1743737435.960236 0.011437 3.387528 11.702713 19.354932 9.130105 43.586715
1743737436.063936 0.010387 3.257117 11.749053 19.836341 7.031923 41.884821
1743737436.167736 0.009756 3.091543 10.684897 16.839975 5.726657 36.352828
1743737436.271536 0.011770 3.630909 10.914788 16.714037 9.334690 40.606194
1743737436.375236 0.011601 3.490954 10.611904 17.766739 9.206589 41.087787
1743737436.479036 0.010816 3.599012 10.629761 16.281600 9.462669 39.983858
1743737436.582736 0.011601 3.349613 10.818390 17.420187 9.166910 40.766701
1743737436.686536 0.010313 2.882289 12.133433 18.468157 9.223603 42.717795
1743737436.790536 0.010708 3.361930 10.482075 15.905168 9.379961 39.139842
1743737436.894036 0.010697 3.528759 10.705325 16.520365 9.169886 39.935032
1743737436.997836 0.012114 3.285590 10.600870 15.793816 9.342181 39.034571
1743737437.101536 0.011195 3.575738 10.358860 16.580349 9.237990 39.764132
1743737437.205236 0.011191 3.394208 9.856149 17.673619 9.008435 39.943602
1743737437.309036 0.009747 3.360110 9.961985 17.345881 8.816297 39.494020
1743737437.412836 0.009867 3.528676 9.986770 18.338579 9.097924 40.961816
1743737437.516536 0.010187 2.909594 9.906717 16.815260 5.913772 35.555530
1743737437.620336 0.010654 3.225193 9.361112 15.815885 8.935806 37.348650
1743737437.724136 0.008244 3.976524 9.399276 17.700682 8.818606 39.903332
1743737437.827936 0.011011 3.262209 9.243606 15.860471 9.022416 37.399713
1743737437.931636 0.010966 3.406936 9.012310 16.862426 9.400189 38.692827
1743737438.035436 0.011220 3.283671 9.594422 16.188349 8.903229 37.980891
1743737438.139136 0.011319 3.438254 9.530027 16.052407 9.343182 38.375189
1743737438.243036 0.011447 3.274682 9.296680 14.486715 9.076459 36.145983
1743737438.346536 0.009861 3.511722 9.083184 15.733797 9.141667 37.480231
1743737438.450236 0.010774 3.450957 9.512192 14.683156 9.039675 36.696754
1743737438.554036 0.010783 2.909794 9.418172 13.570610 8.497791 34.407150
1743737438.658036 0.017600 3.575829 9.703590 15.566210 9.046679 37.909908
1743737438.761636 0.006544 4.921862 10.667513 15.092977 9.781693 40.470589
1743737438.865136 0.009689 3.788754 10.108656 14.753075 9.398104 38.058278
1743737438.968936 0.011802 3.533046 9.730256 14.239224 9.392407 36.906735
1743737439.072636 0.009371 3.794093 10.472675 15.377080 9.064620 38.717839
1743737439.176236 0.010557 3.474738 9.605556 15.503854 9.028147 37.622852
1743737439.280036 0.010661 3.535716 9.754799 15.423315 8.756404 37.480895
1743737439.383736 0.011012 3.733257 10.108662 16.130065 9.276581 39.259577
1743737439.487536 0.011306 3.419106 10.350129 15.246272 9.019153 38.045966
1743737439.591336 0.010888 3.604946 10.768495 17.048085 9.086231 40.518645
1743737439.695136 0.010272 3.360448 10.086633 15.040367 9.023032 37.520752
1743737439.798836 0.009943 3.752931 10.231495 16.197424 9.380194 39.571987
1743737439.902636 0.010960 5.524967 11.885662 15.964166 9.998263 43.384018
1743737440.006536 0.010353 5.206352 14.176102 15.576656 10.128142 45.097605
1743737440.110436 0.010663 3.502536 9.856555 16.549470 9.160162 39.079386
1743737440.214036 0.011405 3.647779 9.903215 17.253402 9.456520 40.272321
1743737440.317836 0.016035 3.491632 9.989526 14.859582 9.114280 37.471055
1743737440.421636 0.010479 3.654370 10.062718 15.520156 9.391316 38.639039
1743737440.525336 0.010646 3.497183 10.567550 16.238163 9.142820 39.456362
1743737440.629036 0.011272 3.676000 10.290129 14.879136 9.359010 38.215547
1743737440.732736 0.011725 3.362006 14.847210 16.182256 9.741173 44.144370
1743737440.837636 0.010614 3.533179 10.518771 16.534169 9.461569 40.058302
1743737440.940336 0.011236 3.416237 10.741695 16.372905 9.126524 39.668597
1743737441.044036 0.011306 3.567824 10.574881 16.834119 9.321933 40.310063
1743737441.147936 0.011387 3.525330 11.201915 17.421934 9.105786 41.266352
1743737441.251736 0.011994 3.592430 11.342673 17.986717 9.406276 42.340090
1743737441.355436 0.010994 3.554565 11.312388 19.527004 9.030511 43.435462
1743737441.459236 0.011252 3.752157 11.504704 18.153546 9.422738 42.844397
1743737441.562936 0.011365 3.686919 11.845280 19.490120 9.503781 44.537465
1743737441.666836 0.011189 3.470121 11.979605 20.452174 9.216977 45.130066
1743737441.770536 0.006327 3.723258 12.089553 19.587774 5.654173 41.061085
1743737441.874436 0.010813 3.690303 12.417789 21.354854 9.555073 47.028832
1743737441.978436 0.011423 3.616675 12.484577 22.337903 9.656448 48.107026
1743737442.082136 0.010840 3.527974 12.587354 19.293424 9.351907 44.771499
1743737442.185836 0.011331 3.459962 12.628408 21.710557 9.186979 46.997237
1743737442.289636 0.011879 3.633110 12.322551 22.361440 9.500405 47.829385
1743737442.393536 0.010969 3.496704 12.223583 21.611617 9.186590 46.529463
1743737442.497336 0.012587 3.614897 12.502417 22.584029 9.670972 48.384902
1743737442.601036 0.010121 3.806609 13.388888 23.031984 9.599987 49.837589
1743737442.704836 0.010496 3.486032 12.513746 23.732373 9.162830 48.905477
1743737442.808536 0.010870 3.690890 12.487940 23.145173 9.928631 49.263504
1743737442.912236 0.012243 3.338108 12.667218 22.956324 9.216727 48.190620
1743737443.015936 0.011253 4.610237 15.618412 25.144713 10.347416 55.732031
1743737443.119636 0.010739 3.438925 12.727646 22.004699 9.087060 47.269069
1743737443.225436 0.011496 3.540366 12.599339 24.620298 9.332857 50.104356
1743737443.327236 0.012313 3.521179 13.349188 25.606172 9.376341 51.865193
1743737443.430936 0.011981 3.393033 12.882936 23.162858 8.976149 48.426957
1743737443.534636 0.012198 3.722771 12.600416 24.359164 9.758639 50.453188
1743737443.638436 0.011439 3.417738 13.460914 23.668939 9.245501 49.804531
1743737443.742236 0.012520 3.587979 12.582229 24.765420 9.813161 50.761309
1743737443.845936 0.011767 3.547582 12.997338 23.340310 9.545066 49.442063
1743737443.949836 0.011525 3.661212 13.274569 24.407739 9.995858 51.350903
1743737444.053636 0.011152 3.409448 13.086304 23.766910 8.981211 49.255025
1743737444.157336 0.012173 3.571270 12.834940 22.494763 9.418224 48.331370
1743737444.261136 0.010917 3.734123 12.341163 23.257326 9.866498 49.210027
1743737444.364936 0.011359 3.474192 12.357856 23.261966 8.994109 48.099482
1743737444.468736 0.011293 3.672040 12.097906 22.454678 9.506183 47.742100
1743737444.572636 0.011981 3.681211 11.976804 24.016593 9.582959 49.269548
1743737444.676436 0.011090 3.436105 12.490868 23.260665 8.993205 48.191933
1743737444.780336 0.006589 4.357039 12.375415 23.361948 7.823402 47.924393
1743737444.884136 0.010815 4.113447 12.770684 25.626164 9.892585 52.413695
1743737444.988036 0.011078 3.500683 13.567994 23.590413 9.063831 49.733999
1743737445.092036 0.012375 3.641786 13.593331 24.916032 9.456103 51.619627
1743737445.196036 0.015391 4.026919 13.958390 27.458337 9.960463 55.419500
1743737445.300136 0.010877 3.455153 14.207547 25.193037 8.837420 51.704034
1743737445.404336 0.016542 3.695248 13.776956 25.432697 9.576553 52.497996
1743737445.508536 0.011334 3.634318 14.644574 25.959799 9.349411 53.599436
1743737445.612736 0.010897 3.551255 15.362834 28.351903 9.030943 56.307832
1743737445.717036 0.011310 3.652829 16.072948 27.541809 9.342904 56.621800
1743737445.821236 0.006733 3.489207 16.058571 29.344284 6.026411 54.925206
1743737445.925436 0.008628 3.708558 16.771006 30.787951 8.563626 59.839769
1743737446.029536 0.011392 3.709610 16.542694 29.652008 9.524270 59.439974
1743737446.133836 0.010873 3.661329 17.103559 30.674335 9.320932 60.771028
1743737446.238036 0.011304 3.537870 16.882461 32.536200 8.359293 61.327128
1743737446.342136 0.011801 3.617672 16.912934 31.435172 8.763536 60.741115
1743737446.446836 0.012139 3.591372 16.801042 30.038654 9.422183 59.865390
1743737446.550436 0.011927 3.491819 16.937087 31.270463 8.672072 60.383368
1743737446.654536 0.012254 3.524610 16.704041 29.659176 9.127768 59.027849
1743737446.758436 0.010902 3.544655 17.730407 34.473109 9.038592 64.797665
1743737446.862536 0.011779 3.412629 16.356096 30.004789 7.859506 57.644799
1743737446.966736 0.010939 3.582412 16.592520 30.098308 9.189244 59.473423
1743737447.070436 0.011451 3.504715 16.549442 32.766783 9.102592 61.934983
1743737447.175636 0.011652 3.480159 16.242060 31.751101 8.422970 59.907942
1743737447.278336 0.012380 3.457527 15.482138 29.908222 8.897935 57.758202
1743737447.382236 0.011615 3.430571 15.407725 29.576223 8.960060 57.386194
1743737447.485936 0.011689 3.386900 14.934696 28.781448 8.788301 55.903034
1743737447.589736 0.011472 3.553909 15.369242 29.331503 9.334988 57.601114
1743737447.693436 0.010496 3.744931 16.416616 30.668342 9.558279 60.398664
1743737447.797036 0.010870 3.319962 15.011884 28.919536 7.865721 55.127973
1743737447.900736 0.010640 4.118687 16.174586 30.189288 9.886093 60.379294
1743737448.004336 0.011033 6.221086 16.435658 29.861752 11.140549 63.670078
1743737448.107936 0.009820 3.521244 15.274454 29.428653 8.758017 56.992188
1743737448.211636 0.011581 3.270973 13.837891 28.080523 7.907103 53.108071
1743737448.315236 0.011237 3.388490 14.169332 28.901989 9.179651 55.650699
1743737448.418936 0.009787 3.528368 14.657054 27.497326 8.768134 54.460669
1743737448.522536 0.011627 3.299425 13.150584 26.932879 7.942150 51.336665
1743737448.626336 0.009983 4.082527 13.633212 28.139185 9.686615 55.551522
1743737448.729836 0.011400 3.445401 12.875483 24.142303 8.937283 49.411870
1743737448.833436 0.010885 5.234136 16.834072 25.273397 10.689767 58.042257
1743737448.936936 0.011460 3.426739 12.682567 25.173533 9.217444 50.511743
1743737449.040536 0.010487 3.469818 12.537951 25.309992 9.114757 50.443005
1743737449.144336 0.011243 3.362583 12.363779 23.172114 8.742560 47.652279
1743737449.247936 0.011230 3.614239 12.609353 24.760914 9.529075 50.524811
1743737449.351636 0.011781 3.561883 12.241812 24.442200 9.363726 49.621402
1743737449.455336 0.011880 3.435431 12.569574 24.182042 8.790449 48.989376
1743737449.559036 0.011884 3.643740 12.321183 23.585005 9.501950 49.063762
1743737449.662836 0.010608 3.335372 13.760631 25.281820 7.587377 49.975808
1743737449.766436 0.006162 3.304044 14.904921 23.445794 5.838640 47.499561
1743737449.870136 0.010670 4.187279 14.025637 24.056293 6.305200 48.585079
1743737449.974036 0.012199 3.500328 12.186224 19.911223 9.449788 45.059762
1743737450.077836 0.010549 3.934766 13.306012 21.819706 9.783210 48.854243
1743737450.181536 0.011343 3.496496 12.786542 21.889660 9.379458 47.563499
1743737450.285136 0.010742 3.415578 12.855396 20.703324 9.200168 46.185208
1743737450.388936 0.010531 3.679606 13.627282 21.895210 9.496011 48.708640
1743737450.492636 0.010783 3.426266 14.015909 23.168874 6.225508 46.847340
1743737450.596436 0.010742 3.694010 13.318217 21.176399 9.573417 47.772785
1743737450.700036 0.009391 4.037332 13.601426 22.087086 9.716868 49.452103
1743737450.803836 0.010607 3.458111 14.450576 20.396239 8.768482 47.084015
1743737450.907436 0.010573 4.089133 14.150020 20.771639 9.993870 49.015235
1743737451.011036 0.011288 3.519144 13.845957 22.506117 9.250362 49.132868
1743737451.114836 0.011116 3.721260 13.667997 18.466306 9.504426 45.371105
1743737451.218436 0.011569 3.697795 13.489925 20.840572 9.824645 47.864506
1743737451.322136 0.011748 3.742697 13.345192 19.852293 9.930582 46.882512
1743737451.425836 0.010841 3.395492 13.172421 18.487921 9.180332 44.247007
1743737451.529536 0.011336 3.627026 13.277402 21.206767 9.462524 47.585055
1743737451.633136 0.010966 3.584796 13.247669 19.422716 9.394100 45.660247
1743737451.736836 0.010225 3.483480 12.760321 18.312617 9.361064 43.927707
1743737451.840536 0.010249 6.226488 14.551416 20.497298 10.274244 51.559695
1743737451.944036 0.011380 3.319950 13.324137 18.649047 8.955204 44.259718
1743737452.047836 0.006993 3.276530 13.138675 22.001844 5.685392 44.109434
1743737452.151436 0.009626 3.795695 13.913241 19.686792 9.525488 46.930842
1743737452.255136 0.012340 3.269700 13.332135 20.468877 8.965298 46.048350
1743737452.358936 0.011221 3.645341 12.907028 17.721074 9.414759 43.699423
1743737452.462636 0.010801 3.634877 13.246175 17.133090 9.441180 43.466123
1743737452.566436 0.015841 3.352778 12.534987 18.703274 9.030699 43.637579
1743737452.670136 0.010822 3.743797 12.362653 19.119858 9.466647 44.703777
1743737452.773936 0.010742 3.608088 12.154035 18.983448 9.372792 44.129105
1743737452.877636 0.010457 5.906985 15.095531 17.090865 10.679664 48.783502
1743737452.981436 0.011966 3.431170 11.603345 18.949983 9.404637 43.401101
1743737453.085136 0.011154 3.468054 11.627358 19.765895 9.092465 43.964926
1743737453.188936 0.007488 3.468758 14.543423 19.994666 6.245750 44.260085
1743737453.292636 0.010209 5.422708 12.418300 17.344976 10.098797 45.294990
1743737453.396536 0.010143 4.256856 12.207180 19.915880 9.449551 45.839610
1743737453.500336 0.011053 3.617344 11.503356 18.461771 9.002344 42.595868
1743737453.604136 0.011211 3.358347 11.489251 17.381928 8.056625 40.297362
1743737453.708036 0.010725 3.236170 11.319311 16.960521 8.251871 39.778598
1743737453.811936 0.011104 5.074865 14.031242 18.168001 8.584876 45.870088
1743737453.915836 0.011071 3.490951 10.760368 18.830366 8.255364 41.348120
1743737454.019736 0.009138 5.144641 13.473114 17.785709 7.349031 43.761633
1743737454.123536 0.011860 3.508041 10.592884 16.056740 8.108993 38.278518
1743737454.227336 0.012326 3.775450 10.077780 17.201867 8.698772 39.766195
1743737454.331136 0.011549 3.456321 10.432441 15.016342 8.357732 37.274385
1743737454.434936 0.011411 3.653850 10.303844 16.882171 8.465102 39.316378
1743737454.538836 0.010713 3.877135 10.588860 18.757517 8.750623 41.984848
1743737454.642636 0.010429 3.280603 10.748172 18.252180 8.616491 40.907875
1743737454.746436 0.010913 3.681553 10.390945 16.853464 9.031183 39.968058
1743737454.850336 0.011371 3.216532 10.348029 16.472841 7.417161 37.465934
1743737454.954036 0.007385 3.588454 10.052862 17.236493 6.779874 37.665068
1743737455.057836 0.010599 3.697338 10.385291 17.685867 9.554889 41.333984
1743737455.161736 0.010315 3.362522 10.001737 16.371778 8.876490 38.622842
1743737455.265436 0.010503 3.696412 10.148066 19.396888 9.322666 42.574535
1743737455.369236 0.010434 3.533718 10.611516 17.692012 9.256970 41.104650
1743737455.472936 0.010745 3.500818 10.750367 19.557548 8.799029 42.618507
1743737455.576636 0.010699 3.646213 10.783878 18.599875 9.172608 42.213273
1743737455.680436 0.011286 3.615544 10.621200 19.432305 9.168813 42.849148
1743737455.784136 0.011218 3.498590 10.925241 26.345841 9.006622 49.787512
1743737455.887936 0.011522 3.371032 11.042539 19.443577 9.325877 43.194547
1743737455.991636 0.010943 3.541073 10.580160 20.002760 9.185567 43.320503
1743737456.095536 0.011932 3.342489 10.651352 17.621049 8.860975 40.487797
1743737456.199336 0.008070 3.769567 10.376363 18.923576 8.355194 41.432770
1743737456.303036 0.011548 3.194673 10.652420 18.182664 8.664113 40.705418
1743737456.406736 0.010941 3.070609 10.779452 18.705483 8.433166 40.999651
1743737456.510436 0.010047 5.271506 11.263260 18.605289 9.588842 44.738944
1743737456.614136 0.009905 5.457386 11.227816 20.423696 9.850540 46.969343
1743737456.717936 0.010439 3.163646 9.990645 17.322139 8.741978 39.228847
1743737456.821536 0.011438 3.608193 10.421611 17.066841 9.269391 40.377474
1743737456.925336 0.009146 4.917599 11.295957 17.990572 8.050763 42.264037
1743737457.029036 0.011159 3.059900 10.674102 19.256040 5.506153 38.507354
1743737457.132836 0.011290 3.691981 10.519403 19.827981 9.000828 43.051483
1743737457.236536 0.011846 3.433285 10.504675 17.556286 8.899805 40.405897
1743737457.340336 0.010816 3.820013 10.798874 18.987596 9.222052 42.839351
1743737457.443936 0.010921 3.511136 11.200751 18.529325 9.067191 42.319324
1743737457.547636 0.010958 3.605724 11.320110 19.592240 9.306600 43.835632
1743737457.651436 0.010828 3.728058 11.796913 19.733494 9.191339 44.460632
1743737457.755136 0.015312 4.395161 11.952270 21.967303 9.811737 48.141783
1743737457.858936 0.011640 3.460226 11.525480 20.763899 9.050124 44.811369
1743737457.962536 0.010653 3.597047 11.681862 19.938983 9.384420 44.612965
1743737458.066336 0.011165 3.586544 11.681637 19.065085 9.227819 43.572250
1743737458.170036 0.010543 3.816077 11.842472 21.453605 9.456912 46.579609
1743737458.273836 0.010703 3.553952 12.312817 20.697541 9.015240 45.590253
1743737458.377436 0.010719 3.756075 12.053949 21.905291 9.291868 47.017902
1743737458.481236 0.010480 3.543169 12.315633 19.606201 8.936746 44.412229
1743737458.584936 0.011098 3.794594 12.190948 20.101899 9.483167 45.581706
1743737458.688536 0.009707 3.669154 12.579906 18.979382 8.991199 44.229348
1743737458.792336 0.010525 3.599313 11.916233 20.551161 9.155926 45.233158
1743737458.895936 0.009733 3.642141 12.654980 19.962115 9.454609 45.723578
1743737458.999536 0.009645 3.238324 12.422891 18.840905 7.588240 42.100005
1743737459.103336 0.010195 5.473280 12.820751 19.186450 9.849760 47.340436
1743737459.207036 0.009599 3.980297 12.515994 22.094457 9.549541 48.149888
1743737459.310636 0.010198 3.425615 11.796249 19.313123 8.782468 43.327653
1743737459.414436 0.011457 3.815711 12.123186 20.718928 9.363181 46.032463
1743737459.518036 0.010959 3.797510 12.203132 18.621164 9.395939 44.028704
1743737459.621836 0.010234 3.574479 12.682369 19.063358 9.075539 44.405979
1743737459.725536 0.011742 3.616636 12.249163 21.000909 9.262305 46.140755
1743737459.829136 0.010118 3.623263 12.539062 19.964658 9.183904 45.321005
1743737459.932836 0.010412 3.562892 12.568568 19.339471 9.066503 44.547846
1743737460.036436 0.006171 4.174656 12.459958 18.362261 6.816866 41.819912
1743737460.140136 0.011138 6.363143 13.908270 17.872671 10.699989 48.855211
1743737460.243936 0.010760 3.385174 12.967978 22.188504 6.857476 45.409892
1743737460.347636 0.010439 4.702588 13.076519 17.350636 9.922919 45.063101
1743737460.451436 0.010472 4.065371 13.385519 21.210414 9.617254 48.289030
1743737460.555136 0.010277 3.370500 12.770025 19.634904 8.738387 44.524093
1743737460.658936 0.011109 3.822654 13.093080 19.670847 9.622065 46.219755
1743737460.762636 0.011800 3.767804 12.928133 19.990950 9.694530 46.393217
1743737460.866436 0.011421 3.530961 13.206321 19.577617 9.062646 45.388966
1743737460.970036 0.011730 3.697971 12.700858 19.981972 9.615362 46.007893
1743737461.073836 0.011018 3.586027 12.611227 18.112988 9.016596 43.337856
1743737461.177536 0.010847 3.847544 12.798369 16.339410 9.556288 42.552458
1743737461.281136 0.011385 3.651173 12.965626 19.895781 9.104157 45.628122
1743737461.384936 0.012623 3.760302 12.779040 18.299674 9.466147 44.317786
1743737461.488636 0.011220 3.507470 12.600909 16.480814 8.888477 41.488890
1743737461.592336 0.011252 4.725283 15.244639 16.220084 10.235687 46.436945
1743737461.696036 0.009991 3.715082 12.346441 18.323704 9.114826 43.510044
1743737461.799836 0.009627 3.741988 12.423566 16.989777 9.290876 42.455834
1743737461.903436 0.010432 3.680384 14.843538 17.966332 5.697188 42.197874
1743737462.007336 0.011275 3.630111 12.248049 17.373189 9.335471 42.598095
1743737462.111036 0.010276 3.605183 11.768680 18.813870 9.188424 43.386433
1743737462.214836 0.011150 3.746543 11.872192 20.066322 9.637639 45.333846
1743737462.318436 0.010297 3.516363 12.346934 19.475417 8.964775 44.313786
1743737462.422136 0.011794 3.779123 12.515687 20.744088 9.282184 46.332876
1743737462.525836 0.010436 3.456347 12.820916 19.873313 8.914831 45.075843
1743737462.629536 0.010572 3.655771 12.926739 20.791328 9.496855 46.881265
1743737462.733336 0.010424 3.358249 12.883048 21.849002 8.967484 47.068207
1743737462.836936 0.006336 3.621571 13.263534 20.552143 5.753257 43.196841
1743737462.940636 0.006180 3.499818 15.185541 22.676746 5.948784 47.317069
1743737463.044336 0.007709 3.245205 13.005130 22.318505 6.093150 44.669699
1743737463.147936 0.009973 3.164210 12.906386 21.824428 6.247200 44.152197
1743737463.251736 0.010376 3.691608 13.354983 20.665169 9.769893 47.492029
1743737463.355336 0.010962 3.645301 12.856716 21.145472 9.545671 47.204122
1743737463.459036 0.011185 3.429964 12.721382 22.014778 9.010723 47.188032
1743737463.562836 0.010200 3.895098 13.159868 21.230816 9.602083 47.898065
1743737463.666436 0.010664 3.384310 12.613493 21.517302 9.131582 46.657351
1743737463.770136 0.010166 3.289826 12.293442 20.615324 8.645222 44.853980
1743737463.873836 0.011946 3.651301 12.388097 20.861696 9.700789 46.613829
1743737463.977436 0.007383 3.193418 12.402729 20.425389 5.689552 41.718471
1743737464.081036 0.006047 3.749885 15.112853 23.220048 6.299159 48.387992
1743737464.184836 0.011354 3.457690 12.338329 21.881785 9.359717 47.048875
1743737464.288436 0.011546 3.503492 12.632237 20.054141 9.716692 45.918108
1743737464.392136 0.010716 3.412475 12.367253 22.837173 9.229796 47.857413
1743737464.495936 0.010211 3.721971 12.686025 23.434943 9.512069 49.365219
1743737464.599536 0.011876 3.312833 12.298519 23.493177 9.261096 48.377501
1743737464.703336 0.011384 3.600834 12.063023 22.180194 9.013954 46.869389
1743737464.807036 0.010403 3.378556 12.200024 24.486836 8.783556 48.859375
1743737464.910636 0.010157 3.075379 11.750408 23.002220 6.228148 44.066312
1743737465.014436 0.011629 3.427112 12.131747 25.554255 8.991391 50.116134
1743737465.118136 0.010141 3.891536 11.466816 23.495142 9.486868 48.350503
1743737465.221836 0.010427 3.682340 12.042315 24.579508 9.411872 49.726462
1743737465.325536 0.011861 3.698655 11.579322 21.386938 9.700416 46.377192
1743737465.429236 0.011487 3.387168 11.243302 20.879775 9.113406 44.635138
1743737465.532936 0.010877 3.293006 11.135041 22.307674 9.099258 45.845856
1743737465.636636 0.011074 3.500340 11.135244 20.324244 9.624602 44.595504
1743737465.740436 0.011190 3.536485 10.920444 22.731521 9.372698 46.572338
1743737465.844236 0.009995 3.530496 10.927401 22.120075 9.265037 45.853004
1743737465.947936 0.010049 3.807622 11.487786 22.115154 9.419773 46.840384
1743737466.051636 0.010872 3.426575 10.361392 21.229976 9.178943 44.207758
1743737466.155436 0.010281 3.269024 11.647847 22.580140 8.407754 45.915046
1743737466.259336 0.011322 3.420868 10.273506 22.004614 9.266907 44.977217
1743737466.363036 0.010543 3.381973 10.494038 21.967162 8.966461 44.820177
1743737466.466836 0.010651 3.602392 10.582930 19.594160 9.037749 42.827882
1743737466.570436 0.011446 3.490089 10.124596 19.460496 9.229107 42.315734
1743737466.674236 0.011491 3.685130 10.395943 18.974134 9.680494 42.747192
1743737466.777936 0.010190 3.353080 10.270136 20.796761 9.212012 43.642179
1743737466.881536 0.010959 3.639468 10.278572 20.565075 9.305480 43.799554
1743737466.985136 0.011485 3.543616 10.485951 20.641849 9.972518 44.655419
1743737467.088936 0.009949 3.751251 10.809489 21.739905 9.477663 45.788257
1743737467.192536 0.010465 4.690177 10.576827 20.046400 7.685082 43.008951
1743737467.296336 0.011160 3.426672 10.423492 19.208493 9.016736 42.086553
1743737467.400036 0.011064 3.630457 10.238266 19.008434 9.396001 42.284222
1743737467.503836 0.011217 3.514673 10.356759 19.623050 9.212540 42.718239
1743737467.607536 0.011314 3.477996 10.233250 19.626995 9.239276 42.588831
1743737467.711336 0.011349 3.389867 10.060362 19.323362 9.033655 41.818595
1743737467.815036 0.010339 3.624518 10.363189 19.610293 9.365200 42.973539
1743737467.918736 0.010463 3.353986 10.246910 20.130218 9.032597 42.774174
1743737468.022436 0.009995 3.867814 10.803291 22.413959 9.631227 46.726286
1743737468.126036 0.006251 3.197883 10.130986 19.800643 5.529252 38.665015
1743737468.229836 0.010296 5.679440 11.355524 23.307911 9.059510 49.412681
1743737468.333536 0.010669 3.264062 10.155941 19.685612 8.790599 41.906883
1743737468.437336 0.010210 3.609217 10.336818 19.885709 9.782456 43.624410
1743737468.540936 0.015238 3.557252 10.825345 21.343288 8.935312 44.676435
1743737468.644736 0.011038 3.404437 10.993315 19.133136 9.301612 42.843538
1743737468.748336 0.011077 3.482279 10.812492 22.411251 9.443723 46.160822
1743737468.852036 0.010426 3.446899 10.940362 20.617600 9.248478 44.263765
1743737468.955736 0.011195 3.268611 12.153961 21.827290 8.991229 46.252286
1743737469.059436 0.010881 3.411987 10.383626 20.185342 9.416245 43.408081
1743737469.163236 0.011214 3.724509 10.128918 21.232143 9.715318 44.812102
1743737469.266936 0.011240 3.370112 10.252570 21.335647 9.226011 44.195580
1743737469.370736 0.011705 3.602233 10.446704 21.133225 9.301394 44.495261
1743737469.474436 0.009944 3.795984 10.919110 21.327614 9.567488 45.620140
1743737469.578336 0.011192 3.294940 10.094317 20.777999 9.459693 43.638141
1743737469.682036 0.010650 3.583361 10.285933 21.025887 9.454100 44.359931
1743737469.785836 0.011589 3.390924 10.560221 21.291536 9.525209 44.779479
1743737469.889536 0.012065 3.506357 9.591964 19.928524 9.397219 42.436129
1743737469.993336 0.010952 3.404260 9.753948 18.796802 9.365303 41.331265
1743737470.097036 0.010455 3.680184 9.309991 19.128507 9.453305 41.582442
1743737470.200936 0.010176 3.391311 10.043380 19.466117 9.114283 42.025267
1743737470.304736 0.010800 3.457195 9.657314 19.897064 9.379059 42.401432
1743737470.408436 0.010971 3.330555 9.171634 18.312761 9.457583 40.283504
1743737470.512236 0.011140 3.503806 9.083347 17.994158 9.329699 39.922150
1743737470.615836 0.011194 3.349632 8.818756 17.897509 9.604410 39.681501
1743737470.719536 0.011189 3.564382 8.812999 17.107573 9.441938 38.938081
1743737470.823336 0.011280 3.446958 8.620408 15.990443 9.134984 37.204073
1743737470.927036 0.010080 3.734334 8.942097 17.097734 9.404644 39.188889
1743737471.030836 0.010054 5.373661 9.827810 17.697898 9.916368 42.825791
1743737471.134436 0.010129 3.297177 9.330053 16.359813 8.956100 37.953272
1743737471.238236 0.011894 3.300830 9.120420 16.660361 9.021744 38.115249
1743737471.341936 0.014493 5.202758 9.890966 16.888759 9.389416 41.386392
1743737471.445536 0.010907 3.380739 9.044760 17.219525 9.138974 38.794905
1743737471.549336 0.010674 3.504930 9.111605 17.264859 9.315313 39.207381
1743737471.652936 0.010649 3.486975 9.018931 17.046392 8.927889 38.490836
1743737471.756736 0.011164 3.608607 9.092805 15.790151 8.973964 37.476691
1743737471.860436 0.011047 3.403379 8.863382 15.199138 8.983883 36.460829
1743737471.964036 0.010827 3.631584 8.642951 16.229261 8.934942 37.449565
1743737472.067836 0.010570 3.431362 8.414367 16.451326 8.902442 37.210067
1743737472.171536 0.010133 3.501791 8.602562 15.837761 8.931763 36.884010
1743737472.275336 0.010418 3.376884 8.879309 17.059681 8.856259 38.182551
1743737472.379036 0.010566 3.625515 8.862554 15.808315 8.993096 37.300046
1743737472.482836 0.011874 3.354749 8.900476 17.381375 9.068940 38.717414
1743737472.586436 0.011107 3.905525 9.625575 17.784711 9.363921 40.690839
1743737472.690236 0.010216 3.238134 8.946719 17.078120 8.858703 38.131892
1743737472.793936 0.011261 3.333779 8.953070 16.407201 9.299923 38.005234
1743737472.897536 0.010208 3.238657 8.928207 18.513874 8.768037 39.458983
1743737473.001336 0.010738 3.833756 9.387358 15.897004 10.164080 39.292936
1743737473.105036 0.011175 3.608577 8.769239 17.361762 9.415320 39.166073
1743737473.208836 0.008418 3.514834 9.293749 18.389958 8.935337 40.142296
1743737473.312736 0.011126 3.509485 9.041653 17.194761 9.184851 38.941876
1743737473.416436 0.011493 3.604251 9.387962 20.387602 9.244704 42.636012
1743737473.520036 0.010862 3.331487 9.623961 18.380706 8.727922 40.074938
1743737473.623836 0.010236 3.514746 9.555088 17.577879 9.111802 39.769751
1743737473.727436 0.009966 3.348532 9.690318 17.991787 9.285344 40.325947
1743737473.831036 0.009595 2.857343 9.376144 19.547393 5.800382 37.590857
1743737473.934836 0.011049 3.279696 9.682734 17.162615 8.882803 39.018897
1743737474.038436 0.015440 3.536568 9.387497 18.534802 9.451423 40.925730
1743737474.142036 0.011323 3.314041 9.854615 19.462445 9.061430 41.703854
1743737474.245836 0.010662 3.539710 10.183382 19.689817 9.470498 42.894069
1743737474.349436 0.015079 3.076706 10.615367 20.452918 5.393711 39.553781
1743737474.453236 0.010360 3.936349 9.745613 20.036607 9.228139 42.957068
1743737474.556936 0.010806 3.431286 9.433534 21.186646 8.700782 42.763054
1743737474.660636 0.011459 3.275324 9.377829 19.307586 8.648311 40.620509
1743737474.764336 0.010403 3.430663 9.764947 20.881579 9.137676 43.225268
1743737474.867936 0.010813 3.308268 9.936911 18.682436 8.763687 40.702115
1743737474.971736 0.010058 3.585460 10.016208 22.566007 9.167359 45.345092
1743737475.075336 0.015661 4.369381 10.727103 22.946204 9.701293 47.759642
1743737475.179036 0.010406 3.409790 10.164529 21.403738 9.183078 44.171541
1743737475.282736 0.010701 3.464108 9.871218 21.604602 9.151138 44.101767
1743737475.386436 0.015852 3.448492 9.889685 20.881412 8.988795 43.224236
1743737475.490036 0.011334 3.414966 10.070181 19.787630 9.258104 42.542215
1743737475.593836 0.010844 3.414205 9.970752 20.279806 9.027573 42.703180
1743737475.697536 0.010454 3.465622 10.120665 20.694590 9.054510 43.345841
1743737475.801336 0.011195 3.361019 9.935508 18.963269 8.971746 41.242737
1743737475.905236 0.010991 3.394125 9.423131 18.415498 8.901606 40.145351
1743737476.008936 0.009829 3.526612 10.450296 21.220826 9.056734 44.264297
1743737476.112736 0.009944 3.662098 10.056627 19.752358 8.934128 42.415155
1743737476.216436 0.010518 3.193406 9.829253 20.111567 8.880775 42.025519
1743737476.320236 0.009680 3.677856 9.619721 19.959673 9.117989 42.384919
1743737476.423936 0.011531 3.396424 9.554885 20.162075 9.218282 42.343197
1743737476.527736 0.010470 3.347405 9.645331 17.871360 9.009853 39.884419
1743737476.631336 0.009963 3.191671 10.214264 19.458354 8.647120 41.521372
1743737476.735036 0.011103 3.082105 9.442176 17.808839 8.686283 39.030506
1743737476.838736 0.010195 3.435383 9.679505 19.519546 9.064105 41.708734
1743737476.942436 0.009866 3.757464 10.308697 18.942681 9.128174 42.146882
1743737477.046136 0.007215 3.266395 9.637709 19.954271 7.958827 40.824417
1743737477.149836 0.011400 3.567040 9.966199 17.668212 9.197343 40.410194
1743737477.253436 0.010360 3.489391 9.882454 21.864600 7.136559 42.383364
1743737477.357236 0.011306 3.547754 9.629097 18.193833 9.115119 40.497109
1743737477.460836 0.010010 3.394002 9.912942 18.085364 8.905424 40.307742
1743737477.564536 0.011348 3.667351 9.872166 18.741402 9.296086 41.588353
1743737477.668236 0.011797 3.529412 10.171007 18.097845 9.113877 40.923938
1743737477.771936 0.011618 3.433090 10.344759 19.280229 9.016042 42.085738
1743737477.875736 0.010880 3.644286 10.360118 20.190121 9.233965 43.439370
1743737477.979336 0.010555 3.665814 10.661063 22.159794 9.224465 45.721691
1743737478.083036 0.010169 3.635823 10.518109 18.930642 9.121510 42.216253
1743737478.186736 0.011286 3.658076 10.350247 21.312212 9.391571 44.723392
1743737478.290436 0.016725 3.495543 11.226343 20.394113 9.006334 44.139058
1743737478.394236 0.010705 3.774674 10.333440 21.356108 9.223313 44.698240
1743737478.497936 0.010946 3.695875 10.818919 20.046402 9.316287 43.888429
1743737478.601636 0.010341 3.363545 11.315490 23.162394 8.997770 46.849540
1743737478.705336 0.011337 3.560317 10.498082 20.092611 9.258715 43.421062
1743737478.809136 0.010936 3.664224 10.547759 19.650712 9.309327 43.182958
1743737478.912836 0.010738 3.492494 10.392013 18.303415 8.771572 40.970232
1743737479.016536 0.011416 3.387911 10.146049 19.878256 8.928294 42.351926
1743737479.120336 0.010454 3.233103 10.324802 19.587250 6.690700 39.846309
1743737479.224036 0.009680 3.748571 10.614876 21.727262 8.983077 45.083466
1743737479.327736 0.011897 3.526259 10.058543 17.484769 8.954825 40.036293
1743737479.431436 0.010332 3.994553 10.665641 19.146890 9.243685 43.061101
1743737479.535236 0.011016 3.368307 10.262829 20.849963 8.662711 43.154826
1743737479.638936 0.010548 3.841612 10.421136 19.887203 9.256675 43.417174
1743737479.742736 0.010153 3.611518 10.169682 21.695149 9.077992 44.564494
1743737479.846336 0.011835 3.513117 10.093916 18.925016 8.957277 41.501161
1743737479.950136 0.008007 3.073170 10.957535 21.994185 5.609734 41.642631
1743737480.053736 0.010721 3.464291 9.788285 20.495822 9.199896 42.959015
1743737480.157436 0.011556 3.523779 9.818351 17.879595 8.963844 40.197125
1743737480.261236 0.010869 3.401911 10.032786 22.311720 8.713448 44.470734
1743737480.364836 0.010695 3.387167 10.566102 18.667981 8.643929 41.275874
1743737480.468536 0.010734 3.421848 10.621020 19.887189 8.676723 42.617514
1743737480.572236 0.010963 3.607552 10.946420 19.335088 9.065730 42.965753
1743737480.675936 0.010699 3.535962 10.863322 19.570042 8.979534 42.959559
1743737480.779736 0.010642 3.464718 11.072613 19.234543 9.012931 42.795447
1743737480.883436 0.011170 3.747666 11.253374 20.626524 9.201031 44.839765
1743737480.987036 0.012461 3.307768 11.132181 20.301588 8.736964 43.490962
1743737481.090836 0.012101 6.072067 12.268582 22.513419 10.787834 51.654003
1743737481.194536 0.008769 6.659118 15.924674 22.087804 8.978437 53.658802
1743737481.298336 0.010397 3.703653 13.492920 22.659796 8.085539 47.952305
1743737481.402036 0.015412 3.428623 13.596652 23.454534 6.285577 46.780798
1743737481.505736 0.009965 3.523882 12.565933 22.308057 7.069727 45.477564
1743737481.609436 0.011146 3.503424 13.780293 24.202144 8.805399 50.302406
1743737481.713036 0.012476 3.600206 12.730598 25.166353 9.233986 50.743619
1743737481.816836 0.010134 6.258420 14.569197 25.893010 7.300728 54.031489
1743737481.920436 0.009524 3.330808 12.804918 24.315554 8.331910 48.792714
1743737482.024236 0.012488 3.612633 13.887433 25.320211 9.116292 51.949057
1743737482.127836 0.010291 3.563988 13.773548 24.467838 8.991156 50.806821
1743737482.231536 0.011538 3.524839 13.609634 26.760291 9.026276 52.932578
1743737482.335336 0.006269 3.379463 14.617747 25.813228 5.747271 49.563978
1743737482.439136 0.010456 3.554225 14.202111 25.640662 9.137105 52.544559
1743737482.542836 0.010352 3.462594 14.676810 24.015211 8.745919 50.910886
1743737482.646436 0.011616 3.581853 14.839366 28.474697 9.440857 56.348389
1743737482.750336 0.011233 3.854639 15.347834 25.899827 10.194317 55.307850
1743737482.853936 0.011311 3.367496 14.561047 24.898788 8.406666 51.245308
1743737482.957736 0.011071 3.541365 14.743112 29.495074 9.277794 57.068416
1743737483.061436 0.011860 3.423799 16.401350 28.540824 9.123102 57.500935
1743737483.165236 0.010842 3.333736 15.866416 27.031785 8.411696 54.654475
1743737483.268836 0.010770 3.446757 16.409562 28.216072 9.074762 57.157923
1743737483.372536 0.015805 3.765764 16.663472 29.675208 9.958277 60.078526
1743737483.476236 0.010921 3.403132 16.896486 29.685271 8.612741 58.608551
1743737483.579936 0.010449 3.828584 17.010041 31.831779 9.895366 62.576219
1743737483.683536 0.010203 3.490395 16.914591 30.784483 8.875740 60.075412
1743737483.787236 0.010679 3.436745 18.192532 28.423670 8.236854 58.300480
1743737483.890836 0.010442 3.888707 17.444495 31.784756 9.851456 62.979856
1743737483.994536 0.011097 3.522376 18.178833 32.002654 8.392457 62.107417
1743737484.098236 0.012239 3.501836 18.658464 32.972452 8.622888 63.767879
1743737484.201836 0.010883 3.593632 19.257514 32.212603 8.532702 63.607334
1743737484.305536 0.011475 3.557800 19.853784 30.515517 8.324005 62.262581
1743737484.409336 0.010896 3.633107 20.738883 34.457150 7.902874 66.742910
1743737484.512936 0.008745 3.643619 21.154284 36.192516 6.837376 67.836540
1743737484.616736 0.016675 3.689506 21.244602 38.600882 7.939555 71.491220
1743737484.720436 0.013330 4.401946 21.453704 37.362664 10.790585 74.022229
1743737484.824036 0.008802 3.667850 22.191203 35.722572 6.615525 68.205952
1743737484.927836 0.011857 3.713281 21.970323 37.680221 8.054548 71.430230
1743737485.031536 0.010891 4.149048 22.898277 36.351364 10.489521 73.899101
1743737485.135336 0.012676 4.194063 22.585617 40.039683 11.309013 78.141052
1743737485.238936 0.011632 3.688801 22.642224 42.088328 6.263549 74.694534
1743737485.342836 0.009741 3.952821 25.241683 40.403477 7.593613 77.201335
1743737485.446636 0.007299 3.753773 24.541793 37.953193 6.297552 72.553610
1743737485.550336 0.010327 3.702296 23.828771 44.306526 7.806148 79.654068
1743737485.654236 0.006283 3.722123 25.041023 39.925328 6.368903 75.063660
1743737485.758036 0.008331 3.741757 26.993173 43.109476 6.932451 80.785188
1743737485.862036 0.007097 3.798329 30.614770 45.286638 6.404147 86.110981
1743737485.965936 0.006523 3.760663 28.338325 43.014062 6.410377 81.529950
1743737486.069936 0.007757 3.713929 31.374636 42.279566 6.645234 84.021122
1743737486.173936 0.006642 3.731947 31.295408 45.384997 6.636607 87.055601
1743737486.277936 0.006832 3.723847 33.072860 46.649498 6.667387 90.120424
1743737486.382136 0.005802 4.307590 31.178094 48.630819 6.716863 90.839168
1743737486.486236 0.006426 3.716744 32.101640 45.750602 6.677129 88.252541
1743737486.590336 0.006612 3.744182 31.302458 51.331416 6.675144 93.059812
1743737486.694536 0.006751 3.712518 33.483735 47.806061 6.648770 91.657835
1743737486.798736 0.006774 3.683201 33.328598 46.855998 6.676249 90.550820
1743737486.902836 0.006877 3.715648 33.291311 49.606501 6.670883 93.291220
1743737487.006936 0.006219 3.735646 33.669242 47.001305 6.725276 91.137688
1743737487.111036 0.006455 3.717779 35.540807 47.836273 6.753207 93.854521
1743737487.215236 0.006844 3.708223 34.475790 48.333121 6.731886 93.255864
1743737487.319336 0.006735 3.759174 36.340018 45.010077 6.755171 91.871175
1743737487.423436 0.006754 3.705379 34.665266 48.119421 6.705775 93.202595
1743737487.527536 0.007201 3.666105 34.643987 44.505737 6.699678 89.522708
1743737487.631836 0.007127 3.735731 34.693220 47.747557 6.732987 92.916622
1743737487.735936 0.006762 3.713026 34.171573 46.704405 6.720996 91.316762
1743737487.840136 0.007023 3.745719 35.478771 47.270072 6.693722 93.195307
1743737487.944236 0.006751 3.680829 34.311376 48.778847 6.765928 93.543731
1743737488.048236 0.006991 3.750225 34.273662 46.121906 6.736408 90.889192
1743737488.152236 0.007426 3.746042 35.030807 47.801785 6.676341 93.262401
1743737488.256236 0.006626 3.760802 34.266564 46.105111 6.748146 90.887249
1743737488.360036 0.007153 3.757448 34.595340 46.000305 6.652630 91.012876
1743737488.463936 0.007131 3.756224 34.910349 43.623440 6.651977 88.949121
1743737488.567836 0.006976 3.730799 33.944134 45.857152 6.605041 90.144102
1743737488.671836 0.006324 3.747966 32.396101 42.437347 6.616868 85.204606
1743737488.775536 0.006867 3.741129 34.028849 42.866846 6.597490 87.241181
1743737488.879436 0.006920 3.744992 32.398763 45.268913 6.597904 88.017492
1743737488.983236 0.006876 3.719459 32.341742 43.037278 6.615902 85.721257
1743737489.087036 0.006575 3.788860 34.019696 43.257528 6.597177 87.669836
1743737489.190836 0.007139 3.785350 33.086865 41.486992 6.558472 84.924818
1743737489.294736 0.006630 3.749169 32.625323 42.660040 6.560710 85.601872
1743737489.398436 0.006573 3.780711 32.215199 41.598228 6.598187 84.198898
1743737489.502236 0.007037 3.740833 33.815890 44.874124 6.573263 89.011147
1743737489.605936 0.007017 3.752694 32.772143 41.717365 6.588107 84.837326
1743737489.709736 0.006534 3.780149 33.479587 42.329432 6.599335 86.195037
1743737489.813436 0.006825 3.838521 33.527580 40.409873 6.621487 84.404286
1743737489.917036 0.007825 3.864763 34.333666 40.587527 6.908505 85.702286
1743737490.020836 0.007447 3.884458 36.257877 44.225898 6.675380 91.051060
1743737490.124436 0.006955 3.956083 35.350984 43.157459 6.756417 89.227898
1743737490.228236 0.006631 3.928995 37.127271 38.166964 6.681893 85.911754
1743737490.331836 0.006348 3.908728 36.279568 39.858397 6.575960 86.629001
1743737490.435436 0.006653 3.980602 36.387765 39.323811 6.596059 86.294890
1743737490.539036 0.007190 3.983088 37.600995 37.024570 6.556062 85.171905
1743737490.642536 0.006791 4.012735 35.897086 36.913382 6.523123 83.353117
1743737490.746236 0.006901 3.954678 36.864352 37.602272 6.563400 84.991603
1743737490.849836 0.006585 3.916299 35.851615 38.202506 6.508699 84.485704
1743737490.953436 0.006954 3.966122 35.975504 35.804107 6.537784 82.290471
1743737491.057136 0.006766 3.965695 35.067927 34.757693 6.633273 80.431354
1743737491.160736 0.010090 5.673530 35.580612 33.741660 9.698854 84.704746
1743737491.264336 0.007485 4.101461 35.917731 33.896261 6.723415 80.646353
1743737491.367836 0.007913 3.891303 34.558951 34.269462 6.687329 79.414958
1743737491.471436 0.008335 3.972444 34.790248 33.497770 6.587352 78.856149
1743737491.575236 0.008915 3.923321 33.909705 34.918783 6.728570 79.489294
1743737491.678836 0.007822 3.906933 34.241435 34.418586 6.585262 79.160038
1743737491.782536 0.008762 3.861570 33.221265 31.797737 6.754595 75.643929
1743737491.886236 0.008937 3.876012 33.941893 33.325776 7.488162 78.640780
1743737491.989936 0.007372 3.910136 33.494313 33.237308 6.412926 77.062055
1743737492.093736 0.009609 3.898875 33.403102 30.971367 7.309715 75.592668
1743737492.197436 0.008788 3.878726 34.500021 32.969928 7.060210 78.417673
1743737492.301036 0.006891 3.854093 34.429023 33.103912 6.582468 77.976387
1743737492.404836 0.008551 3.891732 33.790564 32.439795 6.636119 76.766761
1743737492.508636 0.008582 3.842422 32.210426 28.788333 6.819719 71.669482
1743737492.612336 0.010280 3.815517 31.921619 30.848916 7.824306 74.420638
1743737492.716136 0.008076 3.826619 31.038311 29.553605 6.781773 71.208384
1743737492.819836 0.010513 3.782265 30.397371 29.487283 7.978452 71.655884
1743737492.923536 0.008746 3.718351 30.710813 28.626999 7.150878 70.215787
1743737493.027236 0.009545 3.753826 30.865388 25.382424 7.196497 67.207680
1743737493.130936 0.010567 3.721718 30.456656 27.167586 8.681639 70.038166
1743737493.234536 0.010196 3.700776 28.537017 25.042392 7.467251 64.757632
1743737493.338336 0.012521 3.677270 26.422502 23.646072 8.826111 62.584476
1743737493.441936 0.012133 3.616352 26.019200 23.303571 8.702338 61.653594
1743737493.545736 0.011577 3.650438 25.459290 24.098380 8.949204 62.168889
1743737493.649436 0.011196 3.614327 26.274151 24.568216 8.524737 62.992627
1743737493.753236 0.012386 3.607704 27.209113 23.619787 8.549502 62.998492
1743737493.856836 0.010404 3.755523 26.518082 23.930338 9.118417 63.332764
1743737493.960636 0.011684 3.642355 25.217592 24.313676 8.826987 62.012294
1743737494.064336 0.012133 3.582712 26.111166 22.847471 9.181652 61.735134
1743737494.168136 0.011161 3.546671 23.280018 23.017193 8.776274 58.631317
1743737494.271836 0.011597 3.693267 23.330171 25.421638 9.518061 61.974734
1743737494.375636 0.012237 3.583920 23.413749 25.583573 9.086224 61.679703
1743737494.479336 0.011914 3.605966 22.861469 22.786932 9.010053 58.276334
1743737494.583136 0.011687 3.674060 22.782837 24.487053 9.542150 60.497787
1743737494.686836 0.010468 3.507406 22.321827 23.493887 8.582986 57.916574
1743737494.790636 0.011911 3.592023 21.933685 23.721665 9.399256 58.658540
1743737494.894236 0.010945 3.659185 21.117404 24.762181 9.256377 58.806092
1743737494.997936 0.011939 3.577485 21.345411 21.284801 8.790024 55.009660
1743737495.101736 0.012026 3.668673 20.949009 22.680998 9.282940 56.593646
1743737495.205436 0.010997 3.890148 21.385192 22.080223 9.758986 57.125546
1743737495.309236 0.010730 3.773745 20.438660 22.394360 9.825933 56.443428
1743737495.412936 0.011297 3.627048 19.090538 20.764735 9.309617 52.803235
1743737495.516636 0.010404 4.098544 19.219965 20.878578 10.267066 54.474557
1743737495.620336 0.011606 3.859998 18.552547 21.779520 9.881400 54.085071
1743737495.724036 0.017330 3.593575 18.818042 19.820439 9.243174 51.492560
1743737495.827836 0.011224 3.656286 19.269504 18.065347 9.451269 50.453630
1743737495.931736 0.011217 3.729862 18.130171 19.593040 9.556902 51.021192
