1743736085.3564 123.9688
1743736085.4604 123.9688
1743736085.5642 123.9688
1743736085.6681 127.9219
1743736085.7721 132.5625
1743736085.8760 132.8203
1743736085.9800 132.8203
1743736086.0840 137.2031
1743736086.1880 137.2031
1743736086.2918 137.4609
1743736086.3958 144.4219
1743736086.4998 148.5469
1743736086.6037 149.5781
1743736086.7077 154.4766
1743736086.8117 161.1797
1743736086.9157 165.8203
1743736087.0197 168.3984
1743736087.1237 174.3281
1743736087.2277 174.3281
1743736087.3317 174.3281
1743736087.4357 179.2266
1743736087.5396 179.2266
1743736087.6436 179.2266
1743736087.7476 179.2266
1743736087.8515 182.0625
1743736087.9555 183.8672
1743736088.0595 188.5078
1743736088.1635 193.4062
1743736088.2673 193.4062
1743736088.3713 193.4062
1743736088.4754 197.0156
1743736088.5794 197.0156
1743736088.6833 198.8203
1743736088.7872 200.3672
1743736088.8911 205.0078
1743736088.9951 205.0078
1743736089.0991 205.0078
1743736089.2031 209.6484
1743736089.3070 209.6484
1743736089.4110 212.7422
1743736089.5147 212.7422
1743736089.6187 214.0312
1743736089.7226 217.6406
1743736089.8265 219.1875
1743736089.9305 219.1875
1743736090.0343 222.2812
1743736090.1381 223.8281
1743736090.2418 223.8281
1743736090.3456 225.8906
1743736090.4492 227.9531
1743736090.5530 229.7578
1743736090.6566 234.1406
1743736090.7601 234.1406
1743736090.8639 234.1406
1743736090.9675 238.7812
1743736091.0710 238.7812
1743736091.1746 238.7812
1743736091.2782 242.6484
1743736091.3819 247.2891
1743736091.4855 247.2891
1743736091.5892 247.2891
1743736091.6928 247.5469
1743736091.7967 248.5781
1743736091.9003 249.3516
1743736092.0041 250.8984
1743736092.1078 253.4766
1743736092.2116 253.4766
1743736092.3153 253.4766
1743736092.4192 253.4766
1743736092.5230 255.5391
1743736092.6268 258.3750
1743736092.7306 258.3750
1743736092.8345 258.3750
1743736092.9382 262.7578
1743736093.0421 262.7578
1743736093.1461 262.7578
1743736093.2501 267.3984
1743736093.3541 267.3984
1743736093.4582 270.2344
1743736093.5625 272.0391
1743736093.6667 272.0391
1743736093.7710 275.1328
1743736093.8755 275.9062
1743736093.9799 280.5469
1743736094.0844 280.5469
1743736094.1887 280.5469
1743736094.2932 283.1250
1743736094.3976 283.1250
1743736094.5020 283.1250
1743736094.6062 287.2500
1743736094.7105 287.2500
1743736094.8147 287.2500
1743736094.9188 291.3750
1743736095.0230 297.5625
1743736095.1270 298.0781
1743736095.2311 302.9766
1743736095.3351 302.9766
1743736095.4392 304.5234
1743736095.5432 306.3281
1743736095.6472 308.9062
1743736095.7512 310.4531
1743736095.8551 315.3516
1743736095.9590 315.3516
1743736096.0629 315.8672
1743736096.1668 318.9609
1743736096.2707 320.2500
1743736096.3746 322.3125
1743736096.4786 325.6641
1743736096.5825 327.2109
1743736096.6865 327.4688
1743736096.7905 330.5625
1743736096.8945 332.3672
1743736096.9984 337.0078
1743736097.1024 337.0078
1743736097.2062 337.0078
1743736097.3102 340.1016
1743736097.4142 340.1016
1743736097.5182 340.1016
1743736097.6222 342.1641
1743736097.7262 342.1641
1743736097.8302 342.1641
1743736097.9342 345.0000
1743736098.0382 349.8984
1743736098.1422 349.8984
1743736098.2462 349.8984
1743736098.3501 349.8984
1743736098.4541 349.8984
1743736098.5580 354.0234
1743736098.6620 358.6641
1743736098.7658 358.6641
1743736098.8697 358.6641
1743736098.9736 358.6641
1743736099.0776 362.0156
1743736099.1815 364.5938
1743736099.2852 364.5938
1743736099.3891 364.5938
1743736099.4929 368.7188
1743736099.5966 368.7188
1743736099.7004 368.7188
1743736099.8041 373.3594
1743736099.9079 373.3594
1743736100.0116 373.3594
1743736100.1154 378.5156
1743736100.2191 378.5156
1743736100.3228 382.1250
1743736100.4266 384.1875
1743736100.5304 384.1875
1743736100.6341 384.1875
1743736100.7379 388.5703
1743736100.8416 388.5703
1743736100.9454 391.1484
1743736101.0491 395.7891
1743736101.1529 395.7891
1743736101.2567 397.5938
1743736101.3605 397.5938
1743736101.4644 397.5938
1743736101.5681 400.9453
1743736101.6720 400.9453
1743736101.7759 400.9453
1743736101.8796 405.5859
1743736101.9835 405.5859
1743736102.0872 405.5859
1743736102.1911 410.4844
1743736102.2949 410.4844
1743736102.3987 414.0938
1743736102.5025 416.1562
1743736102.6064 416.1562
1743736102.7101 416.1562
1743736102.8140 419.7656
1743736102.9179 420.0234
1743736103.0218 420.0234
1743736103.1255 424.1484
1743736103.2295 424.6641
1743736103.3332 424.6641
1743736103.4371 429.0469
1743736103.5409 429.5625
1743736103.6447 434.2031
1743736103.7485 434.2031
1743736103.8522 434.2031
1743736103.9560 437.0391
1743736104.0599 437.5547
1743736104.1636 438.3281
1743736104.2674 442.9688
1743736104.3711 442.9688
1743736104.4750 443.7422
1743736104.5788 447.3516
1743736104.6825 447.3516
1743736104.7862 449.1562
1743736104.8899 449.6719
1743736104.9936 453.2812
1743736105.0974 453.2812
1743736105.2011 456.1172
1743736105.3050 456.1172
1743736105.4087 459.4688
1743736105.5125 459.7266
1743736105.6164 459.7266
1743736105.7201 464.1094
1743736105.8239 464.3672
1743736105.9277 469.0078
1743736106.0315 469.0078
1743736106.1353 471.0703
1743736106.2390 471.3281
1743736106.3426 475.1953
1743736106.4464 475.1953
1743736106.5501 477.2578
1743736106.6539 477.2578
1743736106.7576 481.6406
1743736106.8614 481.6406
1743736106.9651 481.6406
1743736107.0689 487.0547
1743736107.1727 487.0547
1743736107.2765 487.0547
1743736107.3802 492.4688
1743736107.4841 492.7266
1743736107.5879 492.7266
1743736107.6916 497.3672
1743736107.7954 497.6250
1743736107.8992 497.6250
1743736108.0030 502.5234
1743736108.1067 502.5234
1743736108.2106 502.5234
1743736108.3144 507.9375
1743736108.4182 507.9375
1743736108.5220 508.1953
1743736108.6257 513.3516
1743736108.7296 513.3516
1743736108.8335 516.9609
1743736108.9374 519.0234
1743736109.0411 519.0234
1743736109.1450 519.0234
1743736109.2487 522.8906
1743736109.3526 522.8906
1743736109.4564 526.2422
1743736109.5602 528.8203
1743736109.6641 528.8203
1743736109.7679 528.8203
1743736109.8716 533.7188
1743736109.9754 533.7188
1743736110.0792 537.0703
1743736110.1830 539.3906
1743736110.2869 539.3906
1743736110.3907 539.6484
1743736110.4945 545.3203
1743736110.5984 545.3203
1743736110.7022 545.5781
1743736110.8061 550.9922
1743736110.9100 550.9922
1743736111.0139 551.2500
1743736111.1179 556.4062
1743736111.2217 556.4062
1743736111.3256 559.5000
1743736111.4295 562.3359
1743736111.5335 562.3359
1743736111.6374 571.8750
1743736111.7412 571.8750
1743736111.8452 571.8750
1743736111.9491 571.8750
1743736112.0531 573.1641
1743736112.1570 576.0000
1743736112.2610 576.0000
1743736112.3649 579.0938
1743736112.4689 579.0938
1743736112.5729 581.9297
1743736112.6770 581.9297
1743736112.7810 585.7969
1743736112.8850 585.7969
1743736112.9889 585.7969
1743736113.0928 589.4062
1743736113.1968 589.6641
1743736113.3006 589.6641
1743736113.4045 594.0469
1743736113.5084 594.5625
1743736113.6121 594.5625
1743736113.7160 595.0781
1743736113.8199 598.4297
1743736113.9236 598.4297
1743736114.0275 598.6875
1743736114.1312 602.0391
1743736114.2350 602.0391
1743736114.3388 602.2969
1743736114.4424 605.9062
1743736114.5460 605.9062
1743736114.6498 605.9062
1743736114.7534 609.2578
1743736114.8572 609.2578
1743736114.9608 609.5156
1743736115.0644 613.1250
1743736115.1681 613.1250
1743736115.2718 613.8984
1743736115.3756 617.2500
1743736115.4794 617.2500
1743736115.5833 618.2812
1743736115.6868 621.6328
1743736115.7906 621.6328
1743736115.8944 622.9219
1743736115.9981 626.2734
1743736116.1019 626.2734
1743736116.2057 630.3984
1743736116.3096 630.9141
1743736116.4134 630.9141
1743736116.5171 634.5234
1743736116.6210 635.0391
1743736116.7249 639.9375
1743736116.8286 639.9375
1743736116.9325 642.0000
1743736117.0362 642.0000
1743736117.1401 642.2578
1743736117.2439 647.6719
1743736117.3478 647.6719
1743736117.4515 652.3125
1743736117.5552 652.3125
1743736117.6590 655.4062
1743736117.7627 655.4062
1743736117.8665 659.7891
1743736117.9702 659.7891
1743736118.0740 662.6250
1743736118.1777 662.8828
1743736118.2815 663.1406
1743736118.3853 668.2969
1743736118.4890 668.2969
1743736118.5927 671.9062
1743736118.6965 673.9688
1743736118.8003 673.9688
1743736118.9040 678.3516
1743736119.0077 678.3516
1743736119.1116 681.9609
1743736119.2151 681.9609
1743736119.3189 685.3125
1743736119.4225 687.8906
1743736119.5262 687.8906
1743736119.6300 692.2734
1743736119.7368 692.2734
1743736119.8376 695.8828
1743736119.9413 695.8828
1743736120.0450 695.8828
1743736120.1488 701.2969
1743736120.2525 701.2969
1743736120.3563 701.5547
1743736120.4600 706.7109
1743736120.5638 706.7109
1743736120.6675 706.7109
1743736120.7713 711.6094
1743736120.8750 711.8672
1743736120.9788 711.8672
1743736121.0827 716.7656
1743736121.1864 717.0234
1743736121.2902 717.0234
1743736121.3939 721.9219
1743736121.4977 721.9219
1743736121.6014 725.7891
1743736121.7089 727.8516
1743736121.8093 727.8516
1743736121.9126 727.8516
1743736122.0164 732.4922
1743736122.1201 732.4922
1743736122.2241 736.3594
1743736122.3278 736.3594
1743736122.4331 738.4219
1743736122.5352 738.4219
1743736122.6389 742.0312
1743736122.7426 742.2891
1743736122.8464 742.2891
1743736122.9501 745.3828
1743736123.0539 745.3828
1743736123.1578 747.1875
1743736123.2616 748.2188
1743736123.3653 748.2188
1743736123.4690 751.0547
1743736123.5729 752.0859
1743736123.6768 756.7266
1743736123.7806 756.7266
1743736123.8844 756.7266
1743736123.9882 756.9844
1743736124.0921 756.9844
1743736124.1958 761.3672
1743736124.2996 762.1406
1743736124.4035 766.0078
1743736124.5072 766.0078
1743736124.6110 768.0703
1743736124.7149 768.0703
1743736124.8186 771.6797
1743736124.9224 772.7109
1743736125.0261 772.7109
1743736125.1299 775.8047
1743736125.2336 776.5781
1743736125.3374 776.5781
1743736125.4411 780.9609
1743736125.5449 781.7344
1743736125.6486 781.7344
1743736125.7524 783.5391
1743736125.8562 784.3125
1743736125.9601 789.2109
1743736126.0640 789.2109
1743736126.1679 789.9844
1743736126.2719 792.5625
1743736126.3760 795.1406
1743736126.4803 795.3984
1743736126.5844 795.3984
1743736126.6885 800.0391
1743736126.7928 800.2969
1743736126.8970 800.2969
1743736127.0013 805.1953
1743736127.1054 805.1953
1743736127.2097 809.0625
1743736127.3141 809.0625
1743736127.4183 810.8672
1743736127.5226 813.9609
1743736127.6270 813.9609
1743736127.7312 813.9609
1743736127.8354 819.1172
1743736127.9396 819.1172
1743736128.0438 819.3750
1743736128.1480 824.7891
1743736128.2523 824.7891
1743736128.3562 828.3984
1743736128.4603 830.7188
1743736128.5645 830.7188
1743736128.6684 830.9766
1743736128.7724 836.3906
1743736128.8765 836.3906
1743736128.9805 840.5156
1743736129.0843 840.5156
1743736129.1883 844.3828
1743736129.2921 844.3828
1743736129.3961 844.3828
1743736129.5000 849.7969
1743736129.6039 849.7969
1743736129.7076 849.7969
1743736129.8117 854.9531
1743736129.9151 854.9531
1743736130.0188 854.9531
1743736130.1224 859.8516
1743736130.2261 860.1094
1743736130.3299 860.1094
1743736130.4337 864.7500
1743736130.5373 865.2656
1743736130.6409 865.2656
1743736130.7445 866.0391
1743736130.8483 869.6484
1743736130.9520 869.6484
1743736131.0556 870.1641
1743736131.1594 873.7734
1743736131.2630 873.7734
1743736131.3668 874.0312
1743736131.4707 877.6406
1743736131.5748 877.6406
1743736131.6780 877.8984
1743736131.7816 880.4766
1743736131.8854 883.0547
1743736131.9891 883.5703
1743736132.0929 883.5703
1743736132.1969 884.6016
1743736132.3006 887.9531
1743736132.4043 887.9531
1743736132.5080 887.9531
1743736132.6119 891.3047
1743736132.7156 891.3047
1743736132.8195 891.5625
1743736132.9232 893.8828
1743736133.0270 893.8828
1743736133.1307 895.6875
1743736133.2346 895.6875
1743736133.3384 897.4922
1743736133.4421 897.4922
1743736133.5459 899.2969
1743736133.6497 900.5859
1743736133.7535 900.5859
1743736133.8574 902.6484
1743736133.9611 903.9375
1743736134.0650 903.9375
1743736134.1689 903.9375
1743736134.2727 908.3203
1743736134.3767 908.3203
1743736134.4805 909.0938
1743736134.5845 911.6719
1743736134.6885 911.6719
1743736134.7925 914.2500
1743736134.8966 914.2500
1743736135.0006 914.5078
1743736135.1048 918.1172
1743736135.2089 918.1172
1743736135.3130 918.3750
1743736135.4171 921.9844
1743736135.5213 921.9844
1743736135.6254 921.9844
1743736135.7295 925.5938
1743736135.8338 925.5938
1743736135.9379 925.5938
1743736136.0420 929.2031
1743736136.1461 929.2031
1743736136.2502 929.2031
1743736136.3545 932.5547
1743736136.4587 932.5547
1743736136.5630 933.5859
1743736136.6673 934.6172
1743736136.7714 934.6172
1743736136.8755 934.6172
1743736136.9796 938.4844
1743736137.0838 938.4844
1743736137.1879 939.2578
1743736137.2919 939.2578
1743736137.3959 940.5469
1743736137.4998 941.8359
1743736137.6036 945.7031
1743736137.7075 945.7031
1743736137.8113 945.7031
1743736137.9151 945.7031
1743736138.0189 945.7031
1743736138.1226 949.0547
1743736138.2264 949.0547
1743736138.3301 950.0859
1743736138.4338 950.0859
1743736138.5375 950.0859
1743736138.6411 954.7266
1743736138.7448 954.7266
1743736138.8484 954.7266
1743736138.9521 955.2422
1743736139.0558 955.2422
1743736139.1594 955.2422
1743736139.2631 957.5625
1743736139.3669 957.5625
1743736139.4705 957.5625
1743736139.5743 959.3672
1743736139.6780 959.3672
1743736139.7818 960.6562
1743736139.8855 960.6562
1743736139.9891 961.6875
1743736140.0929 961.6875
1743736140.1966 962.7188
1743736140.3004 962.7188
1743736140.4040 963.2344
1743736140.5078 963.2344
1743736140.6115 963.4922
1743736140.7151 965.8125
1743736140.8189 965.8125
1743736140.9225 967.1016
1743736141.0263 967.1016
1743736141.1300 968.3906
1743736141.2336 968.3906
1743736141.3374 968.3906
1743736141.4411 968.3906
1743736141.5449 971.2266
1743736141.6485 971.2266
1743736141.7523 971.2266
1743736141.8560 973.8047
1743736141.9598 973.8047
1743736142.0635 973.8047
1743736142.1673 974.8359
1743736142.2711 974.8359
1743736142.3749 976.1250
1743736142.4788 976.1250
1743736142.5825 977.6719
1743736142.6863 977.6719
1743736142.7901 978.9609
1743736142.8940 978.9609
1743736142.9978 980.2500
1743736143.1016 980.2500
1743736143.2054 981.5391
1743736143.3093 981.5391
1743736143.4131 982.8281
1743736143.5170 982.8281
1743736143.6209 984.3750
1743736143.7248 984.3750
1743736143.8286 984.8906
1743736143.9325 984.8906
1743736144.0363 986.6953
1743736144.1401 986.6953
1743736144.2439 988.5000
1743736144.3478 988.5000
1743736144.4515 988.5000
1743736144.5553 990.8203
1743736144.6590 990.8203
1743736144.7628 993.6562
1743736144.8665 993.6562
1743736144.9703 993.6562
1743736145.0740 996.2344
1743736145.1778 996.2344
1743736145.2816 997.7812
1743736145.3854 997.7812
1743736145.4892 999.3281
1743736145.5930 999.3281
1743736145.6969 1001.1328
1743736145.8006 1001.1328
1743736145.9045 1001.1328
1743736146.0083 1001.1328
1743736146.1121 1003.4531
1743736146.2159 1003.4531
1743736146.3198 1003.4531
1743736146.4235 1003.4531
1743736146.5274 1003.4531
1743736146.6313 1004.4844
1743736146.7351 1004.4844
1743736146.8390 1006.2891
1743736146.9428 1006.2891
1743736147.0466 1008.8672
1743736147.1505 1008.8672
1743736147.2544 1009.1250
1743736147.3583 1012.2188
1743736147.4623 1012.2188
1743736147.5661 1012.2188
1743736147.6700 1015.0547
1743736147.7739 1015.0547
1743736147.8779 1015.0547
1743736147.9818 1017.3750
1743736148.0858 1017.3750
1743736148.1896 1017.3750
1743736148.2936 1019.9531
1743736148.3977 1019.9531
1743736148.5016 1020.7266
1743736148.6056 1020.7266
1743736148.7096 1022.0156
1743736148.8137 1022.0156
1743736148.9175 1023.5625
1743736149.0215 1023.5625
1743736149.1255 1024.8516
1743736149.2294 1024.8516
1743736149.3331 1026.9141
1743736149.4370 1026.9141
1743736149.5409 1027.9453
1743736149.6448 1027.9453
1743736149.7486 1029.2344
1743736149.8525 1029.2344
1743736149.9564 1030.5234
1743736150.0603 1030.5234
1743736150.1641 1031.5547
1743736150.2680 1031.5547
1743736150.3719 1031.5547
1743736150.4758 1031.5547
1743736150.5796 1033.1016
1743736150.6835 1033.1016
1743736150.7874 1033.8750
1743736150.8913 1033.8750
1743736150.9951 1035.6797
1743736151.0989 1035.6797
1743736151.2027 1035.6797
1743736151.3065 1035.6797
1743736151.4103 1037.4844
1743736151.5140 1037.4844
1743736151.6178 1039.5469
1743736151.7215 1039.5469
1743736151.8254 1040.5781
1743736151.9291 1040.5781
1743736152.0330 1040.8359
1743736152.1368 1040.8359
1743736152.2406 1041.0938
1743736152.3444 1043.4141
1743736152.4481 1043.4141
1743736152.5519 1045.2188
1743736152.6558 1045.2188
1743736152.7596 1046.2500
1743736152.8635 1046.2500
1743736152.9674 1048.0547
1743736153.0713 1048.0547
1743736153.1751 1049.3438
1743736153.2790 1049.3438
1743736153.3829 1051.4062
1743736153.4869 1051.4062
1743736153.5908 1053.2109
1743736153.6948 1053.2109
1743736153.7988 1055.0156
1743736153.9028 1055.0156
1743736154.0066 1056.5625
1743736154.1106 1056.5625
1743736154.2146 1058.3672
1743736154.3185 1058.3672
1743736154.4225 1059.9141
1743736154.5265 1059.9141
1743736154.6304 1061.4609
1743736154.7344 1061.4609
1743736154.8384 1063.0078
1743736154.9423 1063.0078
1743736155.0462 1064.8125
1743736155.1500 1064.8125
1743736155.2539 1066.1016
1743736155.3576 1066.1016
1743736155.4615 1067.6484
1743736155.5653 1067.6484
1743736155.6691 1069.1953
1743736155.7729 1069.1953
1743736155.8766 1070.7422
1743736155.9804 1070.7422
1743736156.0843 1072.2891
1743736156.1880 1072.2891
1743736156.2918 1074.0938
1743736156.3955 1074.0938
1743736156.4994 1076.6719
1743736156.6032 1076.6719
1743736156.7069 1076.6719
1743736156.8106 1079.7656
1743736156.9144 1079.7656
1743736157.0181 1079.7656
1743736157.1219 1082.6016
1743736157.2255 1082.6016
1743736157.3293 1083.8906
1743736157.4329 1087.2422
1743736157.5365 1087.2422
1743736157.6401 1087.2422
1743736157.7438 1089.5625
1743736157.8474 1089.5625
1743736157.9510 1091.1094
1743736158.0546 1092.6562
1743736158.1584 1097.5547
1743736158.2620 1097.5547
1743736158.3658 1097.5547
1743736158.4695 1097.5547
1743736158.5733 1097.5547
1743736158.6770 1098.3281
1743736158.7808 1101.9375
1743736158.8845 1101.9375
1743736158.9883 1102.1953
1743736159.0920 1105.5469
1743736159.1958 1105.5469
1743736159.2995 1105.5469
1743736159.4033 1109.1562
1743736159.5070 1109.1562
1743736159.6108 1110.7031
1743736159.7145 1111.4766
1743736159.8183 1111.4766
1743736159.9220 1114.0547
1743736160.0259 1115.0859
1743736160.1296 1119.7266
1743736160.2336 1119.7266
1743736160.3376 1119.7266
1743736160.4415 1119.7266
1743736160.5455 1119.7266
1743736160.6494 1121.0156
1743736160.7534 1121.0156
1743736160.8574 1121.2734
1743736160.9614 1124.8828
1743736161.0654 1124.8828
1743736161.1695 1124.8828
1743736161.2736 1127.7188
1743736161.3778 1127.7188
1743736161.4819 1127.7188
1743736161.5860 1129.5234
1743736161.6901 1129.5234
1743736161.7943 1131.5859
1743736161.8985 1131.5859
1743736162.0026 1133.9062
1743736162.1069 1133.9062
1743736162.2111 1134.4219
1743736162.3154 1134.4219
1743736162.4196 1134.4219
1743736162.5239 1137.7734
1743736162.6281 1137.7734
1743736162.7323 1137.7734
1743736162.8365 1139.3203
1743736162.9406 1139.3203
1743736163.0448 1139.3203
1743736163.1489 1142.6719
1743736163.2529 1142.6719
1743736163.3569 1142.6719
1743736163.4609 1145.2500
1743736163.5649 1145.2500
1743736163.6689 1147.0547
1743736163.7728 1147.0547
1743736163.8768 1147.0547
1743736163.9807 1147.0547
1743736164.0846 1149.6328
1743736164.1885 1149.6328
1743736164.2924 1150.6641
1743736164.3961 1150.6641
1743736164.5000 1151.4375
1743736164.6039 1153.2422
1743736164.7078 1157.1094
1743736164.8116 1157.1094
1743736164.9155 1157.1094
1743736165.0194 1157.1094
1743736165.1233 1157.1094
1743736165.2271 1158.9141
1743736165.3310 1158.9141
1743736165.4349 1162.0078
1743736165.5386 1162.0078
1743736165.6425 1162.0078
1743736165.7463 1163.5547
1743736165.8501 1163.5547
1743736165.9539 1163.8125
1743736166.0576 1163.8125
1743736166.1615 1163.8125
1743736166.2651 1166.3906
1743736166.3689 1166.3906
1743736166.4727 1168.4531
1743736166.5763 1168.4531
1743736166.6800 1170.5156
1743736166.7836 1170.5156
1743736166.8874 1172.5781
1743736166.9910 1172.5781
1743736167.0948 1172.5781
1743736167.1984 1174.8984
1743736167.3020 1176.1875
1743736167.4058 1176.1875
1743736167.5094 1176.4453
1743736167.6131 1179.0234
1743736167.7169 1179.0234
1743736167.8207 1181.0859
1743736167.9243 1181.8594
1743736168.0280 1182.8906
1743736168.1318 1182.8906
1743736168.2355 1183.4062
1743736168.3391 1185.9844
1743736168.4429 1185.9844
1743736168.5465 1188.0469
1743736168.6503 1188.0469
1743736168.7539 1189.8516
1743736168.8576 1189.8516
1743736168.9614 1191.3984
1743736169.0651 1191.3984
1743736169.1690 1192.6875
1743736169.2729 1192.6875
1743736169.3768 1194.7500
1743736169.4808 1194.7500
1743736169.5848 1196.5547
1743736169.6889 1196.5547
1743736169.7930 1198.3594
1743736169.8973 1198.3594
1743736170.0015 1199.9062
1743736170.1059 1199.9062
1743736170.2103 1199.9062
1743736170.3145 1199.9062
1743736170.4189 1199.9062
1743736170.5231 1199.9062
1743736170.6275 1200.6797
1743736170.7318 1203.0000
1743736170.8360 1203.0000
1743736170.9402 1203.0000
1743736171.0443 1203.0000
1743736171.1485 1204.8047
1743736171.2526 1204.8047
1743736171.3567 1206.0938
1743736171.4608 1206.0938
1743736171.5648 1207.1250
1743736171.6689 1207.1250
1743736171.7729 1207.1250
1743736171.8769 1207.1250
1743736171.9808 1209.4453
1743736172.0848 1209.4453
1743736172.1887 1209.4453
1743736172.2925 1209.4453
1743736172.3964 1211.7656
1743736172.5003 1211.7656
1743736172.6042 1213.5703
1743736172.7080 1213.5703
1743736172.8119 1214.8594
1743736172.9158 1214.8594
1743736173.0196 1216.4062
1743736173.1235 1216.4062
1743736173.2274 1217.9531
1743736173.3312 1217.9531
1743736173.4350 1219.5000
1743736173.5389 1219.5000
1743736173.6428 1221.0469
1743736173.7467 1221.0469
1743736173.8505 1222.3359
1743736173.9544 1222.3359
1743736174.0583 1223.8828
1743736174.1623 1223.8828
1743736174.2663 1225.1719
1743736174.3703 1225.1719
1743736174.4742 1226.4609
1743736174.5782 1226.4609
1743736174.6822 1227.7500
1743736174.7860 1227.7500
1743736174.8902 1228.5234
1743736174.9942 1228.5234
1743736175.0982 1229.2969
1743736175.2022 1229.2969
1743736175.3062 1229.2969
1743736175.4102 1229.2969
1743736175.5142 1229.2969
1743736175.6182 1229.2969
1743736175.7222 1229.2969
1743736175.8262 1229.2969
1743736175.9302 1229.8125
1743736176.0342 1232.3906
1743736176.1382 1232.3906
1743736176.2423 1232.9062
1743736176.3463 1235.7422
1743736176.4503 1235.7422
1743736176.5544 1235.7422
1743736176.6584 1238.3203
1743736176.7624 1238.3203
1743736176.8664 1238.3203
1743736176.9703 1240.3828
1743736177.0743 1240.3828
1743736177.1783 1240.3828
1743736177.2822 1242.4453
1743736177.3862 1242.4453
1743736177.4900 1242.4453
1743736177.5940 1244.7656
1743736177.6979 1244.7656
1743736177.8019 1246.5703
1743736177.9058 1246.5703
1743736178.0098 1246.5703
1743736178.1138 1248.1172
1743736178.2178 1248.1172
1743736178.3218 1250.1797
1743736178.4258 1250.1797
1743736178.5298 1250.1797
1743736178.6337 1250.4375
1743736178.7377 1252.7578
1743736178.8417 1252.7578
1743736178.9457 1254.8203
1743736179.0497 1254.8203
1743736179.1535 1255.8516
1743736179.2575 1255.8516
1743736179.3614 1257.9141
1743736179.4654 1257.9141
1743736179.5694 1258.9453
1743736179.6734 1258.9453
1743736179.7773 1260.4922
1743736179.8813 1260.4922
1743736179.9853 1262.0391
1743736180.0892 1262.0391
1743736180.1932 1263.5859
1743736180.2970 1263.5859
1743736180.4009 1265.1328
1743736180.5049 1265.1328
1743736180.6088 1266.6797
1743736180.7127 1266.6797
1743736180.8165 1267.7109
1743736180.9204 1267.7109
1743736181.0244 1269.2578
1743736181.1283 1269.2578
1743736181.2322 1270.5469
1743736181.3362 1270.5469
1743736181.4400 1271.5781
1743736181.5440 1271.5781
1743736181.6479 1272.8672
1743736181.7519 1272.8672
1743736181.8558 1273.8984
1743736181.9598 1273.8984
1743736182.0637 1273.8984
1743736182.1677 1273.8984
1743736182.2715 1275.1875
1743736182.3756 1275.1875
1743736182.4794 1276.4766
1743736182.5834 1276.4766
1743736182.6874 1276.4766
1743736182.7914 1276.4766
1743736182.8954 1277.7656
1743736182.9993 1277.7656
1743736183.1033 1280.6016
1743736183.2073 1280.6016
1743736183.3113 1280.6016
1743736183.4152 1281.6328
1743736183.5192 1281.6328
1743736183.6230 1284.2109
1743736183.7270 1284.2109
1743736183.8310 1284.2109
1743736183.9349 1286.2734
1743736184.0389 1286.2734
1743736184.1429 1286.2734
1743736184.2469 1288.5938
1743736184.3508 1288.5938
1743736184.4548 1289.8828
1743736184.5588 1289.8828
1743736184.6627 1291.9453
1743736184.7667 1291.9453
1743736184.8707 1293.2344
1743736184.9747 1293.2344
1743736185.0785 1295.0391
1743736185.1825 1295.0391
1743736185.2864 1296.5859
1743736185.3905 1296.5859
1743736185.4943 1298.3906
1743736185.5983 1298.3906
1743736185.7022 1299.9375
1743736185.8061 1299.9375
1743736185.9101 1301.4844
1743736186.0139 1301.4844
1743736186.1178 1303.0312
1743736186.2218 1303.0312
1743736186.3258 1304.8359
1743736186.4298 1304.8359
1743736186.5337 1306.3828
1743736186.6377 1306.3828
1743736186.7417 1307.9297
1743736186.8456 1307.9297
1743736186.9496 1309.7344
1743736187.0536 1309.7344
1743736187.1575 1311.5391
1743736187.2615 1311.5391
1743736187.3653 1313.3438
1743736187.4695 1313.3438
1743736187.5735 1315.4062
1743736187.6776 1315.9219
1743736187.7817 1317.7266
1743736187.8858 1317.7266
1743736187.9900 1319.2734
1743736188.0941 1322.8828
1743736188.1981 1322.8828
1743736188.3022 1322.8828
1743736188.4063 1326.2344
1743736188.5104 1326.2344
1743736188.6146 1326.2344
1743736188.7188 1329.8438
1743736188.8230 1329.8438
1743736188.9272 1333.4531
1743736189.0316 1333.9688
1743736189.1357 1333.9688
1743736189.2400 1337.8359
1743736189.3442 1338.3516
1743736189.4483 1342.2188
1743736189.5526 1342.9922
1743736189.6566 1343.2500
1743736189.7607 1347.1172
1743736189.8648 1347.8906
1743736189.9688 1348.1484
1743736190.0728 1348.1484
1743736190.1769 1353.5625
1743736190.2811 1353.5625
1743736190.3851 1353.5625
1743736190.4892 1358.2031
1743736190.5933 1358.4609
1743736190.6974 1362.3281
1743736190.8016 1362.3281
1743736190.9056 1363.3594
1743736191.0097 1366.1953
1743736191.1137 1366.1953
1743736191.2176 1366.1953
1743736191.3214 1370.0625
1743736191.4252 1370.3203
1743736191.5290 1370.3203
1743736191.6327 1375.2188
1743736191.7363 1375.4766
1743736191.8401 1375.4766
1743736191.9437 1379.8594
1743736192.0473 1380.1172
1743736192.1510 1380.1172
1743736192.2547 1383.7266
1743736192.3583 1383.9844
1743736192.4620 1383.9844
1743736192.5657 1385.5312
1743736192.6694 1388.3672
1743736192.7730 1390.4297
1743736192.8767 1390.6875
1743736192.9804 1390.6875
1743736193.0842 1394.5547
1743736193.1878 1394.8125
1743736193.2916 1394.8125
1743736193.3953 1398.6797
1743736193.4991 1399.1953
1743736193.6030 1399.1953
1743736193.7067 1403.0625
1743736193.8105 1403.3203
1743736193.9143 1403.3203
1743736194.0182 1407.1875
1743736194.1220 1407.4453
1743736194.2258 1407.4453
1743736194.3297 1411.0547
1743736194.4336 1411.5703
1743736194.5374 1411.5703
1743736194.6412 1412.0859
1743736194.7450 1414.4062
1743736194.8487 1415.4375
1743736194.9526 1415.9531
1743736195.0563 1419.5625
1743736195.1602 1419.5625
1743736195.2640 1422.6562
1743736195.3678 1422.6562
1743736195.4717 1422.6562
1743736195.5756 1425.2344
1743736195.6795 1425.2344
1743736195.7833 1425.4922
1743736195.8872 1428.5859
1743736195.9912 1428.5859
1743736196.0952 1428.8438
1743736196.1992 1432.1953
1743736196.3033 1432.1953
1743736196.4075 1432.4531
1743736196.5117 1435.8047
1743736196.6160 1435.8047
1743736196.7202 1437.3516
1743736196.8246 1438.1250
1743736196.9290 1438.1250
1743736197.0333 1440.4453
1743736197.1377 1441.4766
1743736197.2420 1441.4766
1743736197.3462 1443.5391
1743736197.4505 1444.5703
1743736197.5546 1444.5703
1743736197.6587 1445.3438
1743736197.7630 1448.6953
1743736197.8671 1448.6953
1743736197.9712 1448.6953
1743736198.0753 1450.7578
1743736198.1795 1450.7578
1743736198.2836 1452.5625
1743736198.3876 1453.8516
1743736198.4916 1453.8516
1743736198.5956 1454.1094
1743736198.6995 1456.6875
1743736198.8034 1456.6875
1743736198.9071 1458.7500
1743736199.0110 1458.7500
1743736199.1147 1460.8125
1743736199.2185 1460.8125
1743736199.3223 1460.8125
1743736199.4260 1461.0703
1743736199.5297 1464.4219
1743736199.6333 1464.4219
1743736199.7371 1464.9375
1743736199.8408 1467.2578
1743736199.9446 1467.2578
1743736200.0482 1467.2578
1743736200.1520 1467.5156
1743736200.2556 1470.8672
1743736200.3593 1470.8672
1743736200.4630 1470.8672
1743736200.5667 1472.1562
1743736200.6705 1472.1562
1743736200.7742 1472.1562
1743736200.8781 1473.9609
1743736200.9818 1473.9609
1743736201.0856 1475.2500
1743736201.1895 1475.2500
1743736201.2932 1477.3125
1743736201.3970 1477.3125
1743736201.5009 1477.3125
1743736201.6046 1479.3750
1743736201.7085 1479.3750
1743736201.8122 1480.6641
1743736201.9161 1480.6641
1743736202.0199 1482.9844
1743736202.1237 1482.9844
1743736202.2275 1485.5625
1743736202.3312 1485.5625
1743736202.4351 1485.5625
1743736202.5388 1487.6250
1743736202.6426 1487.6250
1743736202.7465 1489.1719
1743736202.8503 1489.1719
1743736202.9541 1490.9766
1743736203.0580 1490.9766
1743736203.1618 1492.5234
1743736203.2657 1492.5234
1743736203.3696 1494.3281
1743736203.4735 1494.3281
1743736203.5772 1496.3906
1743736203.6811 1496.3906
1743736203.7850 1497.9375
1743736203.8888 1497.9375
1743736203.9927 1500.0000
1743736204.0965 1500.0000
1743736204.2002 1501.5469
1743736204.3040 1501.5469
1743736204.4079 1503.0938
1743736204.5116 1503.0938
1743736204.6155 1504.3828
1743736204.7192 1504.3828
1743736204.8230 1506.7031
1743736204.9267 1506.7031
1743736205.0306 1507.9922
1743736205.1343 1507.9922
1743736205.2381 1509.5391
1743736205.3418 1509.5391
1743736205.4457 1511.3438
1743736205.5495 1511.3438
1743736205.6532 1512.8906
1743736205.7571 1512.8906
1743736205.8610 1514.4375
1743736205.9647 1514.4375
1743736206.0686 1515.7266
1743736206.1725 1515.7266
1743736206.2765 1517.2734
1743736206.3803 1517.2734
1743736206.4842 1519.0781
1743736206.5882 1519.0781
1743736206.6921 1521.1406
1743736206.7960 1521.1406
1743736206.9000 1522.9453
1743736207.0038 1522.9453
1743736207.1078 1524.7500
1743736207.2117 1524.7500
1743736207.3160 1526.5547
1743736207.4198 1526.5547
1743736207.5236 1528.3594
1743736207.6275 1528.3594
1743736207.7315 1529.6484
1743736207.8353 1529.6484
1743736207.9394 1531.1953
1743736208.0431 1531.1953
1743736208.1471 1532.7422
1743736208.2511 1532.7422
1743736208.3559 1534.0312
1743736208.4598 1534.0312
1743736208.5628 1535.0625
1743736208.6666 1535.0625
1743736208.7706 1536.3516
1743736208.8745 1536.3516
1743736208.9785 1537.3828
1743736209.0824 1537.3828
1743736209.1863 1538.4141
1743736209.2904 1538.4141
1743736209.3943 1538.9297
1743736209.4981 1538.9297
1743736209.6020 1538.9297
1743736209.7061 1541.2500
1743736209.8099 1541.2500
1743736209.9139 1541.2500
1743736210.0177 1541.2500
1743736210.1216 1544.0859
1743736210.2256 1544.0859
1743736210.3295 1544.0859
1743736210.4334 1545.8906
1743736210.5374 1545.8906
1743736210.6412 1545.8906
1743736210.7451 1545.8906
1743736210.8490 1545.8906
1743736210.9530 1545.8906
1743736211.0569 1548.7266
1743736211.1609 1548.7266
1743736211.2647 1548.7266
1743736211.3689 1550.0156
1743736211.4728 1550.0156
1743736211.5767 1550.0156
1743736211.6807 1550.0156
1743736211.7846 1552.3359
1743736211.8887 1552.3359
1743736211.9926 1552.3359
1743736212.0966 1555.1719
1743736212.2006 1555.1719
1743736212.3046 1555.1719
1743736212.4089 1556.2031
1743736212.5127 1556.2031
1743736212.6166 1556.2031
1743736212.7206 1556.2031
1743736212.8246 1558.0078
1743736212.9287 1558.0078
1743736213.0327 1560.5859
1743736213.1368 1560.5859
1743736213.2409 1560.5859
1743736213.3448 1562.9062
1743736213.4490 1562.9062
1743736213.5534 1562.9062
1743736213.6572 1564.1953
1743736213.7612 1564.1953
1743736213.8651 1564.9688
1743736213.9694 1564.9688
1743736214.0734 1566.2578
1743736214.1773 1566.2578
1743736214.2813 1566.2578
1743736214.3854 1566.2578
1743736214.4894 1566.2578
1743736214.5934 1568.3203
1743736214.6974 1568.3203
1743736214.8013 1569.0938
1743736214.9060 1569.0938
1743736215.0102 1569.8672
1743736215.1134 1569.8672
1743736215.2174 1570.8984
1743736215.3214 1570.8984
1743736215.4255 1572.1875
1743736215.5295 1572.1875
1743736215.6335 1572.1875
1743736215.7375 1572.1875
1743736215.8419 1573.9922
1743736215.9457 1573.9922
1743736216.0496 1573.9922
1743736216.1536 1573.9922
1743736216.2576 1576.3125
1743736216.3617 1576.3125
1743736216.4657 1576.3125
1743736216.5705 1577.3438
1743736216.6747 1577.3438
1743736216.7779 1577.3438
1743736216.8819 1577.3438
1743736216.9858 1579.9219
1743736217.0899 1579.9219
1743736217.1939 1579.9219
1743736217.2979 1581.7266
1743736217.4020 1581.7266
1743736217.5063 1581.7266
1743736217.6118 1582.2422
1743736217.7139 1585.3359
1743736217.8184 1585.3359
1743736217.9233 1585.3359
1743736218.0260 1587.6562
1743736218.1301 1587.6562
1743736218.2340 1587.6562
1743736218.3380 1589.9766
1743736218.4420 1589.9766
1743736218.5460 1592.0391
1743736218.6500 1592.0391
1743736218.7540 1593.0703
1743736218.8581 1594.1016
1743736218.9622 1595.1328
1743736219.0663 1595.1328
1743736219.1705 1598.2266
1743736219.2745 1598.2266
1743736219.3787 1598.4844
1743736219.4828 1601.8359
1743736219.5870 1601.8359
1743736219.6912 1602.8672
1743736219.7954 1606.4766
1743736219.8996 1606.4766
1743736220.0037 1606.4766
1743736220.1080 1610.0859
1743736220.2121 1610.0859
1743736220.3162 1610.0859
1743736220.4202 1613.4375
1743736220.5243 1613.4375
1743736220.6283 1613.4375
1743736220.7325 1614.9844
1743736220.8366 1614.9844
1743736220.9407 1618.0781
1743736221.0449 1618.0781
1743736221.1490 1618.5938
1743736221.2531 1622.2031
1743736221.3572 1622.2031
1743736221.4615 1622.2031
1743736221.5656 1624.5234
1743736221.6697 1624.5234
1743736221.7740 1624.5234
1743736221.8781 1627.3594
1743736221.9824 1627.3594
1743736222.0866 1627.6172
1743736222.1908 1630.4531
1743736222.2950 1630.4531
1743736222.3993 1632.2578
1743736222.5035 1632.2578
1743736222.6077 1634.3203
1743736222.7119 1634.3203
1743736222.8161 1636.1250
1743736222.9201 1636.1250
1743736223.0242 1637.6719
1743736223.1282 1637.6719
1743736223.2322 1639.4766
1743736223.3361 1639.4766
1743736223.4400 1641.2812
1743736223.5439 1641.2812
1743736223.6477 1641.5391
1743736223.7515 1641.5391
1743736223.8554 1641.5391
1743736223.9592 1644.8906
1743736224.0630 1644.8906
1743736224.1667 1644.8906
1743736224.2705 1646.4375
1743736224.3742 1646.4375
1743736224.4779 1648.2422
1743736224.5815 1648.2422
1743736224.6851 1648.2422
1743736224.7889 1648.2422
1743736224.8925 1650.0469
1743736224.9962 1650.0469
1743736225.1000 1650.0469
1743736225.2038 1650.0469
1743736225.3075 1652.8828
1743736225.4112 1652.8828
1743736225.5150 1652.8828
1743736225.6189 1653.1406
1743736225.7226 1653.1406
1743736225.8264 1653.1406
1743736225.9302 1653.1406
1743736226.0341 1654.9453
1743736226.1380 1654.9453
1743736226.2419 1654.9453
1743736226.3457 1655.2031
1743736226.4497 1658.5547
1743736226.5536 1658.5547
1743736226.6576 1658.5547
1743736226.7615 1661.1328
1743736226.8655 1661.1328
1743736226.9695 1661.1328
1743736227.0734 1664.4844
1743736227.1774 1664.4844
1743736227.2814 1664.4844
1743736227.3852 1664.4844
1743736227.4893 1664.4844
1743736227.5932 1664.4844
1743736227.6972 1664.4844
1743736227.8012 1666.2891
1743736227.9051 1666.2891
1743736228.0091 1666.2891
1743736228.1131 1666.2891
1743736228.2170 1666.2891
1743736228.3210 1667.5781
1743736228.4250 1667.5781
1743736228.5290 1667.5781
1743736228.6330 1668.8672
1743736228.7370 1668.8672
1743736228.8410 1668.8672
1743736228.9450 1668.8672
1743736229.0490 1668.8672
1743736229.1530 1671.7031
1743736229.2570 1671.7031
1743736229.3610 1671.7031
1743736229.4650 1671.7031
1743736229.5690 1671.7031
1743736229.6730 1671.7031
1743736229.7770 1671.7031
1743736229.8811 1671.7031
1743736229.9851 1671.7031
1743736230.0891 1671.7031
1743736230.1932 1671.7031
1743736230.2972 1674.2812
1743736230.4012 1674.2812
1743736230.5053 1674.2812
1743736230.6092 1675.5703
1743736230.7133 1675.5703
1743736230.8172 1675.5703
1743736230.9212 1675.5703
1743736231.0251 1675.5703
1743736231.1290 1677.1172
1743736231.2330 1677.1172
1743736231.3369 1677.1172
1743736231.4409 1677.1172
1743736231.5447 1677.1172
1743736231.6487 1677.1172
1743736231.7526 1677.6328
1743736231.8566 1677.6328
1743736231.9605 1677.6328
1743736232.0644 1677.6328
1743736232.1684 1677.6328
1743736232.2724 1679.6953
1743736232.3764 1679.6953
1743736232.4802 1679.6953
1743736232.5842 1679.6953
1743736232.6882 1680.2109
1743736232.7923 1680.2109
1743736232.8962 1680.2109
1743736233.0004 1681.5000
1743736233.1044 1681.5000
1743736233.2084 1681.5000
1743736233.3125 1681.5000
1743736233.4165 1681.5000
1743736233.5206 1681.5000
1743736233.6246 1681.5000
1743736233.7287 1681.5000
1743736233.8329 1683.5625
1743736233.9370 1683.5625
1743736234.0411 1683.5625
1743736234.1452 1683.5625
1743736234.2494 1683.8203
1743736234.3534 1683.8203
1743736234.4574 1683.8203
1743736234.5614 1683.8203
1743736234.6652 1683.8203
1743736234.7691 1683.8203
1743736234.8730 1683.8203
1743736234.9769 1685.1094
1743736235.0807 1685.1094
1743736235.1846 1685.1094
1743736235.2885 1685.1094
1743736235.3924 1685.1094
1743736235.4961 1685.1094
1743736235.6000 1685.1094
1743736235.7039 1685.3672
1743736235.8077 1687.9453
1743736235.9117 1687.9453
1743736236.0156 1687.9453
1743736236.1195 1687.9453
1743736236.2234 1687.9453
1743736236.3272 1687.9453
1743736236.4311 1688.7188
1743736236.5349 1688.7188
1743736236.6387 1688.7188
1743736236.7425 1688.7188
1743736236.8464 1688.7188
1743736236.9501 1690.5234
1743736237.0540 1690.5234
1743736237.1579 1691.8125
1743736237.2617 1691.8125
1743736237.3656 1691.8125
1743736237.4695 1691.8125
1743736237.5735 1691.8125
1743736237.6774 1691.8125
1743736237.7814 1693.6172
1743736237.8854 1693.6172
1743736237.9892 1693.6172
1743736238.0931 1693.6172
1743736238.1971 1693.6172
1743736238.3011 1693.6172
1743736238.4051 1693.6172
1743736238.5091 1693.6172
1743736238.6131 1693.6172
1743736238.7171 1694.3906
1743736238.8211 1694.3906
1743736238.9250 1694.3906
1743736239.0290 1695.1641
1743736239.1330 1695.1641
1743736239.2369 1695.1641
1743736239.3409 1695.6797
1743736239.4447 1695.6797
1743736239.5487 1695.6797
1743736239.6526 1695.6797
1743736239.7566 1695.6797
1743736239.8605 1697.7422
1743736239.9645 1697.7422
1743736240.0684 1699.0312
1743736240.1724 1699.0312
1743736240.2764 1699.5469
1743736240.3804 1699.5469
1743736240.4844 1699.5469
1743736240.5883 1699.5469
1743736240.6922 1699.5469
1743736240.7961 1701.0938
1743736240.9000 1701.0938
1743736241.0040 1701.0938
1743736241.1079 1701.0938
1743736241.2119 1704.1875
1743736241.3158 1704.1875
1743736241.4198 1704.1875
1743736241.5237 1704.1875
1743736241.6277 1704.1875
1743736241.7317 1704.1875
1743736241.8356 1704.1875
1743736241.9396 1705.4766
1743736242.0436 1705.4766
1743736242.1477 1705.4766
1743736242.2516 1705.4766
1743736242.3557 1707.2812
1743736242.4597 1707.2812
1743736242.5636 1707.2812
1743736242.6676 1707.2812
1743736242.7716 1707.2812
1743736242.8756 1707.2812
1743736242.9796 1709.0859
1743736243.0836 1709.0859
1743736243.1876 1709.0859
1743736243.2916 1709.0859
1743736243.3957 1710.8906
1743736243.4999 1710.8906
1743736243.6040 1712.4375
1743736243.7081 1712.4375
1743736243.8122 1712.4375
1743736243.9164 1712.4375
1743736244.0205 1714.7578
1743736244.1245 1714.7578
1743736244.2286 1714.7578
1743736244.3326 1716.3047
1743736244.4365 1716.3047
1743736244.5404 1716.3047
1743736244.6441 1716.3047
1743736244.7478 1716.3047
1743736244.8515 1716.3047
1743736244.9552 1716.3047
1743736245.0590 1716.3047
1743736245.1626 1718.8828
1743736245.2664 1718.8828
1743736245.3700 1720.9453
1743736245.4737 1720.9453
1743736245.5776 1721.9766
1743736245.6814 1721.9766
1743736245.7852 1723.2656
1743736245.8890 1723.2656
1743736245.9929 1724.5547
1743736246.0966 1724.5547
1743736246.2005 1725.5859
1743736246.3044 1725.5859
1743736246.4082 1726.8750
1743736246.5120 1726.8750
1743736246.6159 1729.4531
1743736246.7199 1729.4531
1743736246.8237 1729.4531
1743736246.9277 1732.2891
1743736247.0316 1732.2891
1743736247.1355 1732.2891
1743736247.2395 1734.6094
1743736247.3434 1734.6094
1743736247.4472 1734.6094
1743736247.5512 1736.1562
1743736247.6552 1736.1562
1743736247.7591 1738.2188
1743736247.8631 1738.2188
1743736247.9671 1740.0234
1743736248.0710 1740.0234
1743736248.1750 1740.7969
1743736248.2789 1740.7969
1743736248.3829 1742.6016
1743736248.4868 1742.6016
1743736248.5906 1743.8906
1743736248.6946 1743.8906
1743736248.7985 1743.8906
1743736248.9024 1743.8906
1743736249.0064 1745.1797
1743736249.1104 1745.1797
1743736249.2142 1746.9844
1743736249.3182 1746.9844
1743736249.4221 1748.7891
1743736249.5261 1748.7891
1743736249.6300 1749.8203
1743736249.7340 1749.8203
1743736249.8380 1751.1094
1743736249.9420 1751.1094
1743736250.0459 1751.1094
1743736250.1499 1751.1094
1743736250.2539 1752.1406
1743736250.3579 1752.1406
1743736250.4619 1752.9141
1743736250.5659 1752.9141
1743736250.6699 1752.9141
1743736250.7737 1754.9766
1743736250.8777 1755.4922
1743736250.9818 1755.7500
1743736251.0856 1755.7500
1743736251.1895 1758.3281
1743736251.2934 1758.3281
1743736251.3973 1758.5859
1743736251.5011 1758.5859
1743736251.6049 1760.6484
1743736251.7087 1760.6484
1743736251.8125 1760.6484
1743736251.9164 1761.6797
1743736252.0201 1762.1953
1743736252.1239 1762.1953
1743736252.2278 1762.1953
1743736252.3315 1762.9688
1743736252.4352 1762.9688
1743736252.5390 1762.9688
1743736252.6428 1765.8047
1743736252.7465 1765.8047
1743736252.8502 1765.8047
1743736252.9540 1768.6406
1743736253.0577 1768.6406
1743736253.1614 1768.6406
1743736253.2651 1770.9609
1743736253.3689 1775.8594
1743736253.4726 1775.8594
1743736253.5764 1777.6641
1743736253.6800 1777.6641
1743736253.7839 1777.9219
1743736253.8876 1778.9531
1743736253.9914 1779.2109
1743736254.0954 1779.2109
1743736254.1993 1779.7266
1743736254.3032 1779.7266
1743736254.4074 1781.2734
1743736254.5115 1782.3047
1743736254.6156 1782.3047
1743736254.7198 1782.3047
1743736254.8239 1782.3047
1743736254.9279 1782.3047
1743736255.0319 1782.3047
1743736255.1358 1782.3047
1743736255.2399 1782.3047
1743736255.3438 1782.3047
1743736255.4478 1782.3047
1743736255.5518 1785.6562
1743736255.6558 1785.6562
1743736255.7598 1785.6562
1743736255.8638 1788.2344
1743736255.9679 1788.2344
1743736256.0721 1788.2344
1743736256.1763 1790.2969
1743736256.2805 1790.2969
1743736256.3846 1790.2969
1743736256.4888 1792.3594
1743736256.5929 1792.3594
1743736256.6969 1792.3594
1743736256.8010 1792.3594
1743736256.9051 1792.3594
1743736257.0093 1792.3594
1743736257.1134 1792.3594
1743736257.2175 1792.3594
1743736257.3215 1794.1641
1743736257.4256 1794.1641
1743736257.5296 1794.1641
1743736257.6336 1794.1641
1743736257.7376 1795.4531
1743736257.8416 1795.4531
1743736257.9456 1797.5156
1743736258.0496 1797.5156
1743736258.1538 1797.5156
1743736258.2578 1797.5156
1743736258.3618 1797.5156
1743736258.4659 1800.6094
1743736258.5699 1800.6094
1743736258.6739 1800.6094
1743736258.7778 1801.3828
1743736258.8818 1801.3828
1743736258.9858 1803.1875
1743736259.0896 1803.1875
1743736259.1936 1804.4766
1743736259.2975 1804.4766
1743736259.4014 1805.7656
1743736259.5054 1805.7656
1743736259.6094 1805.7656
1743736259.7134 1805.7656
1743736259.8173 1807.8281
1743736259.9213 1807.8281
1743736260.0253 1810.1484
1743736260.1294 1810.1484
1743736260.2334 1810.1484
1743736260.3374 1810.1484
1743736260.4415 1812.4688
1743736260.5455 1812.4688
1743736260.6496 1812.4688
1743736260.7538 1816.0781
1743736260.8579 1816.0781
1743736260.9619 1816.0781
1743736261.0660 1816.0781
1743736261.1700 1816.0781
1743736261.2740 1818.6562
1743736261.3780 1818.6562
1743736261.4819 1818.6562
1743736261.5858 1819.4297
1743736261.6896 1819.9453
1743736261.7935 1819.9453
1743736261.8973 1819.9453
1743736262.0011 1822.7812
1743736262.1049 1822.7812
1743736262.2087 1822.7812
1743736262.3124 1823.5547
1743736262.4163 1823.5547
1743736262.5200 1825.3594
1743736262.6238 1825.3594
1743736262.7276 1825.3594
1743736262.8314 1826.1328
1743736262.9354 1826.1328
1743736263.0391 1826.1328
1743736263.1429 1826.1328
1743736263.2468 1826.1328
1743736263.3505 1829.4844
1743736263.4544 1829.4844
1743736263.5581 1829.4844
1743736263.6619 1830.5156
1743736263.7658 1830.5156
1743736263.8695 1833.3516
1743736263.9734 1833.3516
1743736264.0771 1833.3516
1743736264.1810 1833.3516
1743736264.2848 1833.3516
1743736264.3886 1833.3516
1743736264.4924 1833.3516
1743736264.5963 1833.3516
1743736264.7000 1836.1875
1743736264.8039 1836.1875
1743736264.9078 1836.1875
1743736265.0114 1836.1875
1743736265.1153 1838.7656
1743736265.2190 1838.7656
1743736265.3228 1838.7656
1743736265.4265 1841.0859
1743736265.5303 1841.0859
1743736265.6341 1841.0859
1743736265.7379 1841.0859
1743736265.8418 1843.4062
1743736265.9454 1843.4062
1743736266.0492 1843.4062
1743736266.1529 1847.0156
1743736266.2565 1847.0156
1743736266.3603 1847.0156
1743736266.4640 1849.8516
1743736266.5678 1849.8516
1743736266.6715 1849.8516
1743736266.7753 1851.9141
1743736266.8790 1851.9141
1743736266.9828 1851.9141
1743736267.0866 1853.4609
1743736267.1904 1853.4609
1743736267.2943 1853.4609
1743736267.3982 1856.2969
1743736267.5019 1856.2969
1743736267.6058 1856.2969
1743736267.7095 1859.1328
1743736267.8133 1859.1328
1743736267.9171 1859.1328
1743736268.0209 1862.4844
1743736268.1248 1862.4844
1743736268.2285 1862.4844
1743736268.3323 1862.4844
1743736268.4360 1864.2891
1743736268.5399 1864.2891
1743736268.6436 1864.2891
1743736268.7475 1866.8672
1743736268.8513 1866.8672
1743736268.9550 1866.8672
1743736269.0589 1870.2188
1743736269.1626 1870.2188
1743736269.2665 1870.2188
1743736269.3703 1870.2188
1743736269.4741 1870.2188
1743736269.5779 1873.0547
1743736269.6818 1873.0547
1743736269.7855 1873.0547
1743736269.8893 1875.3750
1743736269.9930 1875.3750
1743736270.0969 1875.3750
1743736270.2006 1880.7891
1743736270.3045 1881.8203
1743736270.4083 1882.0781
1743736270.5121 1883.8828
1743736270.6159 1884.3984
1743736270.7198 1884.3984
1743736270.8235 1886.7188
1743736270.9274 1886.9766
1743736271.0313 1888.7812
1743736271.1350 1893.6797
1743736271.2389 1893.6797
1743736271.3426 1893.6797
1743736271.4465 1893.6797
1743736271.5504 1893.6797
1743736271.6543 1893.6797
1743736271.7581 1893.6797
1743736271.8620 1898.5781
1743736271.9660 1898.5781
1743736272.0699 1898.5781
1743736272.1739 1898.5781
1743736272.2778 1898.5781
1743736272.3818 1898.5781
1743736272.4857 1898.5781
1743736272.5896 1902.9609
1743736272.6935 1902.9609
1743736272.7975 1902.9609
1743736272.9015 1902.9609
1743736273.0054 1902.9609
1743736273.1094 1902.9609
1743736273.2134 1902.9609
1743736273.3174 1902.9609
1743736273.4214 1902.9609
1743736273.5254 1902.9609
1743736273.6293 1902.9609
1743736273.7333 1902.9609
1743736273.8371 1902.9609
1743736273.9410 1902.9609
1743736274.0450 1902.9609
1743736274.1489 1902.9609
1743736274.2528 1906.5703
1743736274.3566 1906.5703
1743736274.4605 1906.5703
1743736274.5643 1908.6328
1743736274.6680 1908.6328
1743736274.7718 1908.6328
1743736274.8754 1908.6328
1743736274.9790 1909.4062
1743736275.0828 1909.4062
1743736275.1865 1910.4375
1743736275.2902 1910.4375
1743736275.3940 1911.7266
1743736275.4976 1911.7266
1743736275.6014 1912.7578
1743736275.7051 1912.7578
1743736275.8089 1914.0469
1743736275.9126 1914.0469
1743736276.0163 1915.3359
1743736276.1200 1915.8516
1743736276.2238 1915.8516
1743736276.3274 1918.1719
1743736276.4312 1918.1719
1743736276.5350 1918.1719
1743736276.6388 1918.4297
1743736276.7427 1919.9766
1743736276.8467 1919.9766
1743736276.9506 1922.0391
1743736277.0547 1922.0391
1743736277.1586 1922.0391
1743736277.2626 1923.8438
1743736277.3666 1923.8438
1743736277.4706 1923.8438
1743736277.5746 1924.3594
1743736277.6786 1925.9062
1743736277.7829 1925.9062
1743736277.8869 1925.9062
1743736277.9911 1925.9062
1743736278.0953 1925.9062
1743736278.1994 1927.7109
1743736278.3034 1927.7109
1743736278.4075 1927.7109
1743736278.5115 1930.8047
1743736278.6156 1930.8047
1743736278.7196 1930.8047
1743736278.8238 1930.8047
1743736278.9279 1932.6094
1743736279.0320 1932.6094
1743736279.1361 1932.6094
1743736279.2404 1932.8672
1743736279.3445 1932.8672
1743736279.4486 1934.4141
1743736279.5529 1934.4141
1743736279.6570 1934.4141
1743736279.7613 1934.4141
1743736279.8654 1934.4141
1743736279.9696 1936.4766
1743736280.0738 1936.4766
1743736280.1779 1938.5391
1743736280.2820 1938.5391
1743736280.3860 1939.3125
1743736280.4901 1939.3125
1743736280.5941 1939.3125
1743736280.6981 1942.1484
1743736280.8020 1942.1484
1743736280.9060 1942.1484
1743736281.0100 1944.2109
1743736281.1139 1944.2109
1743736281.2179 1944.2109
1743736281.3219 1945.5000
1743736281.4258 1945.5000
1743736281.5298 1945.5000
1743736281.6336 1945.5000
1743736281.7375 1948.5938
1743736281.8415 1948.5938
1743736281.9454 1950.1406
1743736282.0493 1951.1719
1743736282.1533 1951.1719
1743736282.2571 1951.4297
1743736282.3610 1953.7500
1743736282.4650 1953.7500
1743736282.5689 1955.5547
1743736282.6728 1955.5547
1743736282.7768 1957.3594
1743736282.8805 1957.3594
1743736282.9845 1957.3594
1743736283.0883 1959.6797
1743736283.1922 1960.7109
1743736283.2962 1960.7109
1743736283.4000 1962.7734
1743736283.5041 1963.5469
1743736283.6083 1963.5469
1743736283.7124 1965.8672
1743736283.8166 1966.6406
1743736283.9209 1966.6406
1743736284.0253 1968.7031
1743736284.1297 1969.7344
1743736284.2340 1969.7344
1743736284.3384 1971.7969
1743736284.4428 1972.5703
1743736284.5472 1972.5703
1743736284.6515 1974.8906
1743736284.7559 1974.8906
1743736284.8601 1976.9531
1743736284.9644 1977.7266
1743736285.0687 1977.7266
1743736285.1729 1980.3047
1743736285.2770 1980.8203
1743736285.3811 1985.7188
1743736285.4853 1985.7188
1743736285.5893 1985.7188
1743736285.6933 1985.7188
1743736285.7973 1985.7188
1743736285.9012 1987.7812
1743736286.0050 1987.7812
1743736286.1089 1989.3281
1743736286.2129 1990.1016
1743736286.3168 1990.1016
1743736286.4207 1992.1641
1743736286.5246 1992.9375
1743736286.6286 1992.9375
1743736286.7327 1993.1953
1743736286.8365 1996.5469
1743736286.9405 1996.5469
1743736287.0445 1996.5469
1743736287.1484 1998.0938
1743736287.2524 1998.0938
1743736287.3563 2000.4141
1743736287.4602 2000.4141
1743736287.5640 2002.4766
1743736287.6679 2002.4766
1743736287.7718 2002.4766
1743736287.8770 2005.0547
1743736287.9796 2005.0547
1743736288.0834 2005.0547
1743736288.1872 2007.3750
1743736288.2910 2007.3750
1743736288.3948 2007.3750
1743736288.4985 2009.6953
1743736288.6024 2009.6953
1743736288.7062 2009.6953
1743736288.8100 2011.7578
1743736288.9138 2011.7578
1743736289.0177 2011.7578
1743736289.1214 2013.3047
1743736289.2253 2013.3047
1743736289.3290 2013.3047
1743736289.4328 2013.3047
1743736289.5364 2015.3672
1743736289.6401 2015.3672
1743736289.7439 2015.3672
1743736289.8478 2015.3672
1743736289.9515 2017.4297
1743736290.0553 2017.4297
1743736290.1592 2019.4922
1743736290.2629 2019.4922
1743736290.3668 2021.2969
1743736290.4707 2021.2969
1743736290.5744 2021.2969
1743736290.6783 2021.2969
1743736290.7822 2021.2969
1743736290.8862 2021.2969
1743736290.9900 2021.2969
1743736291.0939 2022.0703
1743736291.1979 2023.6172
1743736291.3019 2023.6172
1743736291.4059 2023.6172
1743736291.5099 2026.7109
1743736291.6138 2026.7109
1743736291.7178 2026.7109
1743736291.8218 2026.7109
1743736291.9258 2026.7109
1743736292.0298 2026.7109
1743736292.1337 2026.7109
1743736292.2377 2026.7109
1743736292.3415 2026.7109
1743736292.4454 2028.2578
1743736292.5493 2028.2578
1743736292.6532 2029.2891
1743736292.7569 2029.2891
1743736292.8607 2030.5781
1743736292.9642 2030.5781
1743736293.0678 2031.8672
1743736293.1715 2031.8672
1743736293.2753 2032.8984
1743736293.3792 2032.8984
1743736293.4829 2034.9609
1743736293.5869 2034.9609
1743736293.6909 2034.9609
1743736293.7950 2034.9609
1743736293.8992 2037.5391
1743736294.0033 2037.5391
1743736294.1074 2037.5391
1743736294.2115 2037.5391
1743736294.3157 2037.5391
1743736294.4197 2039.3438
1743736294.5237 2039.3438
1743736294.6277 2039.3438
1743736294.7317 2039.3438
1743736294.8357 2041.4062
1743736294.9396 2041.4062
1743736295.0434 2041.4062
1743736295.1473 2041.4062
1743736295.2512 2043.4688
1743736295.3550 2043.4688
1743736295.4589 2043.4688
1743736295.5628 2043.4688
1743736295.6667 2045.5312
1743736295.7706 2045.5312
1743736295.8745 2046.3047
1743736295.9783 2046.3047
1743736296.0822 2046.3047
1743736296.1860 2046.5625
1743736296.2898 2046.5625
1743736296.3937 2048.6250
1743736296.4975 2048.6250
1743736296.6016 2049.6562
1743736296.7054 2049.6562
1743736296.8093 2050.6875
1743736296.9132 2050.6875
1743736297.0170 2052.2344
1743736297.1209 2052.2344
1743736297.2248 2053.2656
1743736297.3287 2053.2656
1743736297.4327 2054.2969
1743736297.5367 2054.2969
1743736297.6405 2055.8438
1743736297.7445 2055.8438
1743736297.8485 2057.3906
1743736297.9525 2057.3906
1743736298.0565 2058.6797
1743736298.1605 2058.6797
1743736298.2644 2058.6797
1743736298.3684 2058.6797
1743736298.4724 2058.6797
1743736298.5763 2060.7422
1743736298.6803 2060.7422
1743736298.7842 2060.7422
1743736298.8882 2060.7422
1743736298.9922 2063.5781
1743736299.0962 2063.5781
1743736299.2000 2063.5781
1743736299.3041 2063.8359
1743736299.4080 2063.8359
1743736299.5119 2063.8359
1743736299.6159 2065.3828
1743736299.7199 2065.3828
1743736299.8238 2065.3828
1743736299.9277 2065.3828
1743736300.0317 2065.3828
1743736300.1355 2067.9609
1743736300.2395 2067.9609
1743736300.3433 2068.7344
1743736300.4473 2068.7344
1743736300.5512 2069.7656
1743736300.6551 2069.7656
1743736300.7590 2069.7656
1743736300.8630 2069.7656
1743736300.9669 2069.7656
1743736301.0709 2070.2812
1743736301.1748 2070.2812
1743736301.2788 2070.2812
1743736301.3827 2071.3125
1743736301.4867 2071.3125
1743736301.5906 2071.3125
1743736301.6946 2072.8594
1743736301.7985 2072.8594
1743736301.9026 2073.3750
1743736302.0066 2075.6953
1743736302.1107 2075.6953
1743736302.2145 2076.7266
1743736302.3185 2076.7266
1743736302.4224 2077.7578
1743736302.5264 2077.7578
1743736302.6303 2078.7891
1743736302.7343 2078.7891
1743736302.8382 2078.7891
1743736302.9422 2078.7891
1743736303.0460 2080.5938
1743736303.1500 2080.5938
1743736303.2539 2082.3984
1743736303.3579 2082.3984
1743736303.4618 2083.9453
1743736303.5658 2083.9453
1743736303.6697 2085.4922
1743736303.7737 2085.4922
1743736303.8775 2086.7812
1743736303.9814 2086.7812
1743736304.0854 2088.0703
1743736304.1893 2088.0703
1743736304.2933 2088.0703
1743736304.3972 2088.0703
1743736304.5010 2090.6484
1743736304.6050 2090.6484
1743736304.7089 2090.6484
1743736304.8129 2092.1953
1743736304.9168 2092.1953
1743736305.0208 2092.1953
1743736305.1248 2092.1953
1743736305.2287 2092.1953
1743736305.3327 2094.7734
1743736305.4367 2094.7734
1743736305.5405 2094.7734
1743736305.6446 2094.7734
1743736305.7484 2095.0312
1743736305.8524 2097.6094
1743736305.9564 2097.6094
1743736306.0604 2098.6406
1743736306.1644 2098.6406
1743736306.2683 2099.6719
1743736306.3723 2099.6719
1743736306.4763 2100.9609
1743736306.5803 2100.9609
1743736306.6843 2102.2500
1743736306.7883 2102.2500
1743736306.8923 2103.5391
1743736306.9963 2103.5391
1743736307.1003 2104.8281
1743736307.2043 2104.8281
1743736307.3083 2105.8594
1743736307.4123 2105.8594
1743736307.5163 2107.1484
1743736307.6203 2107.1484
1743736307.7242 2108.1797
1743736307.8282 2108.1797
1743736307.9320 2109.4688
1743736308.0359 2109.4688
1743736308.1398 2110.7578
1743736308.2435 2110.7578
1743736308.3473 2111.7891
1743736308.4510 2111.7891
1743736308.5547 2113.0781
1743736308.6584 2113.0781
1743736308.7622 2114.3672
1743736308.8658 2114.3672
1743736308.9696 2115.6562
1743736309.0733 2115.6562
1743736309.1770 2116.9453
1743736309.2808 2116.9453
1743736309.3844 2118.4922
1743736309.4883 2118.4922
1743736309.5920 2119.7812
1743736309.6957 2119.7812
1743736309.7994 2121.0703
1743736309.9033 2121.0703
1743736310.0070 2122.6172
1743736310.1108 2122.6172
1743736310.2145 2123.9062
1743736310.3184 2123.9062
1743736310.4224 2125.1953
1743736310.5263 2125.1953
1743736310.6303 2126.4844
1743736310.7342 2126.4844
1743736310.8382 2126.4844
1743736310.9423 2126.4844
1743736311.0462 2128.5469
1743736311.1502 2128.5469
1743736311.2542 2128.5469
1743736311.3580 2128.5469
1743736311.4619 2130.6094
1743736311.5658 2130.6094
1743736311.6697 2130.6094
1743736311.7737 2130.6094
1743736311.8775 2130.6094
1743736311.9815 2130.6094
1743736312.0855 2133.7031
1743736312.1897 2133.7031
1743736312.2940 2133.7031
1743736312.3982 2133.7031
1743736312.5024 2133.7031
1743736312.6066 2135.5078
1743736312.7108 2135.5078
1743736312.8149 2136.2812
1743736312.9192 2136.2812
1743736313.0233 2136.2812
1743736313.1276 2137.8281
1743736313.2318 2137.8281
1743736313.3359 2139.1172
1743736313.4402 2139.1172
1743736313.5443 2139.1172
1743736313.6484 2139.1172
1743736313.7525 2141.4375
1743736313.8566 2141.4375
1743736313.9607 2141.4375
1743736314.0647 2141.4375
1743736314.1687 2141.4375
1743736314.2728 2143.7578
1743736314.3768 2143.7578
1743736314.4808 2143.7578
1743736314.5847 2143.7578
1743736314.6887 2143.7578
1743736314.7927 2145.0469
1743736314.8965 2145.0469
1743736315.0006 2145.0469
1743736315.1044 2145.0469
1743736315.2084 2145.0469
1743736315.3125 2145.0469
1743736315.4164 2147.3672
1743736315.5204 2147.3672
1743736315.6244 2147.3672
1743736315.7284 2147.3672
1743736315.8324 2147.3672
1743736315.9364 2148.1406
1743736316.0405 2148.1406
1743736316.1445 2148.1406
1743736316.2486 2149.1719
1743736316.3525 2149.1719
1743736316.4565 2149.1719
1743736316.5605 2151.4922
1743736316.6644 2151.4922
1743736316.7684 2151.4922
1743736316.8724 2151.4922
1743736316.9764 2151.4922
1743736317.0804 2151.4922
1743736317.1844 2151.4922
1743736317.2884 2152.7812
1743736317.3923 2152.7812
1743736317.4963 2152.7812
1743736317.6003 2155.1016
1743736317.7043 2155.1016
1743736317.8083 2156.1328
1743736317.9123 2156.1328
1743736318.0163 2157.1641
1743736318.1203 2157.1641
1743736318.2242 2157.1641
1743736318.3282 2157.1641
1743736318.4322 2157.4219
1743736318.5362 2159.7422
1743736318.6402 2159.7422
1743736318.7442 2160.7734
1743736318.8482 2160.7734
1743736318.9522 2161.8047
1743736319.0562 2161.8047
1743736319.1602 2162.8359
1743736319.2642 2162.8359
1743736319.3682 2162.8359
1743736319.4722 2162.8359
1743736319.5763 2165.1562
1743736319.6803 2165.1562
1743736319.7843 2167.2188
1743736319.8883 2167.2188
1743736319.9923 2167.2188
1743736320.0963 2167.2188
1743736320.2003 2169.0234
1743736320.3043 2169.0234
1743736320.4083 2169.5391
1743736320.5123 2169.5391
1743736320.6163 2170.0547
1743736320.7202 2170.0547
1743736320.8242 2170.8281
1743736320.9281 2173.1484
1743736321.0319 2173.1484
1743736321.1359 2174.6953
1743736321.2398 2174.6953
1743736321.3438 2175.7266
1743736321.4477 2175.7266
1743736321.5517 2177.0156
1743736321.6556 2177.0156
1743736321.7594 2178.3047
1743736321.8634 2178.3047
1743736321.9673 2179.5938
1743736322.0712 2179.5938
1743736322.1751 2180.8828
1743736322.2789 2180.8828
1743736322.3829 2182.4297
1743736322.4868 2182.4297
1743736322.5907 2183.9766
1743736322.6947 2183.9766
1743736322.7985 2185.5234
1743736322.9025 2185.5234
1743736323.0063 2186.8125
1743736323.1103 2186.8125
1743736323.2142 2188.6172
1743736323.3182 2188.6172
1743736323.4221 2189.9062
1743736323.5260 2189.9062
1743736323.6299 2189.9062
1743736323.7339 2189.9062
1743736323.8379 2189.9062
1743736323.9418 2192.2266
1743736324.0458 2192.2266
1743736324.1497 2193.5156
1743736324.2537 2193.5156
1743736324.3577 2193.5156
1743736324.4617 2193.5156
1743736324.5657 2193.5156
1743736324.6696 2193.5156
1743736324.7736 2193.5156
1743736324.8774 2195.8359
1743736324.9814 2195.8359
1743736325.0855 2195.8359
1743736325.1894 2195.8359
1743736325.2933 2195.8359
1743736325.3973 2195.8359
1743736325.5013 2196.0938
1743736325.6053 2198.6719
1743736325.7093 2198.6719
1743736325.8133 2198.6719
1743736325.9173 2198.6719
1743736326.0213 2200.2188
1743736326.1252 2200.2188
1743736326.2292 2202.0234
1743736326.3332 2202.0234
1743736326.4372 2202.0234
1743736326.5411 2202.0234
1743736326.6451 2202.0234
1743736326.7489 2203.5703
1743736326.8529 2203.5703
1743736326.9568 2203.5703
1743736327.0607 2203.5703
1743736327.1646 2203.5703
1743736327.2686 2203.5703
1743736327.3724 2205.8906
1743736327.4764 2205.8906
1743736327.5803 2205.8906
1743736327.6842 2205.8906
1743736327.7882 2207.1797
1743736327.8922 2207.1797
1743736327.9962 2207.1797
1743736328.1003 2207.1797
1743736328.2043 2209.2422
1743736328.3083 2209.2422
1743736328.4124 2209.2422
1743736328.5164 2209.2422
1743736328.6204 2209.2422
1743736328.7246 2210.0156
1743736328.8286 2210.0156
1743736328.9327 2211.0469
1743736329.0367 2211.0469
1743736329.1408 2211.0469
1743736329.2448 2211.0469
1743736329.3489 2212.5938
1743736329.4529 2212.5938
1743736329.5569 2212.5938
1743736329.6611 2212.5938
1743736329.7651 2215.1719
1743736329.8691 2215.1719
1743736329.9731 2215.1719
1743736330.0772 2216.7188
1743736330.1812 2216.7188
1743736330.2851 2217.7500
1743736330.3891 2217.7500
1743736330.4931 2218.5234
1743736330.5971 2218.5234
1743736330.7011 2218.5234
1743736330.8051 2218.5234
1743736330.9091 2221.6172
1743736331.0131 2221.6172
1743736331.1171 2221.6172
1743736331.2211 2223.6797
1743736331.3251 2223.6797
1743736331.4291 2223.6797
1743736331.5331 2226.2578
1743736331.6371 2226.2578
1743736331.7412 2226.2578
1743736331.8453 2228.8359
1743736331.9494 2228.8359
1743736332.0534 2230.3828
1743736332.1576 2230.3828
1743736332.2616 2232.4453
1743736332.3657 2232.4453
1743736332.4697 2234.2500
1743736332.5737 2234.2500
1743736332.6778 2236.0547
1743736332.7818 2236.0547
1743736332.8858 2237.3438
1743736332.9898 2237.3438
1743736333.0938 2238.8906
1743736333.1978 2238.8906
1743736333.3018 2240.4375
1743736333.4058 2240.4375
1743736333.5097 2241.9844
1743736333.6137 2241.9844
1743736333.7176 2241.9844
1743736333.8216 2241.9844
1743736333.9254 2243.7891
1743736334.0293 2243.7891
1743736334.1331 2244.5625
1743736334.2369 2244.5625
1743736334.3407 2245.5938
1743736334.4444 2245.5938
1743736334.5483 2247.3984
1743736334.6522 2247.3984
1743736334.7562 2247.3984
1743736334.8602 2247.3984
1743736334.9642 2247.3984
1743736335.0682 2249.2031
1743736335.1723 2249.2031
1743736335.2765 2249.2031
1743736335.3806 2249.2031
1743736335.4847 2251.0078
1743736335.5889 2251.0078
1743736335.6931 2251.0078
1743736335.7972 2251.0078
1743736335.9013 2252.0391
1743736336.0054 2252.0391
1743736336.1094 2252.0391
1743736336.2134 2252.0391
1743736336.3174 2252.0391
1743736336.4214 2253.8438
1743736336.5254 2253.8438
1743736336.6293 2253.8438
1743736336.7332 2253.8438
1743736336.8371 2253.8438
1743736336.9409 2254.1016
1743736337.0448 2256.1641
1743736337.1486 2256.1641
1743736337.2524 2256.9375
1743736337.3563 2256.9375
1743736337.4602 2257.7109
1743736337.5641 2257.7109
1743736337.6679 2257.7109
1743736337.7718 2257.7109
1743736337.8757 2260.0312
1743736337.9796 2260.0312
1743736338.0835 2260.0312
1743736338.1873 2260.0312
1743736338.2913 2260.0312
1743736338.3952 2262.6094
1743736338.4991 2262.6094
1743736338.6031 2262.6094
1743736338.7070 2264.1562
1743736338.8108 2264.1562
1743736338.9148 2266.7344
1743736339.0188 2266.7344
1743736339.1227 2266.7344
1743736339.2267 2266.7344
1743736339.3306 2266.7344
1743736339.4346 2268.2812
1743736339.5386 2268.2812
1743736339.6425 2270.6016
1743736339.7463 2270.6016
1743736339.8503 2270.6016
1743736339.9543 2272.9219
1743736340.0582 2272.9219
1743736340.1622 2272.9219
1743736340.2661 2275.2422
1743736340.3701 2275.2422
1743736340.4741 2275.2422
1743736340.5781 2277.5625
1743736340.6821 2277.5625
1743736340.7861 2278.8516
1743736340.8901 2278.8516
1743736340.9941 2281.6875
1743736341.0982 2281.6875
1743736341.2022 2281.6875
1743736341.3063 2284.0078
1743736341.4104 2285.0391
1743736341.5146 2286.8438
1743736341.6187 2286.8438
1743736341.7228 2286.8438
1743736341.8271 2290.1953
1743736341.9312 2290.1953
1743736342.0354 2290.1953
1743736342.1396 2293.8047
1743736342.2438 2298.1875
1743736342.3481 2298.1875
1743736342.4522 2298.1875
1743736342.5564 2298.4453
1743736342.6606 2298.4453
1743736342.7647 2299.2188
1743736342.8689 2302.8281
1743736342.9731 2302.8281
1743736343.0772 2302.8281
1743736343.1813 2306.1797
1743736343.2854 2306.1797
1743736343.3896 2307.4688
1743736343.4936 2308.7578
1743736343.5977 2313.3984
1743736343.7017 2313.3984
1743736343.8057 2313.3984
1743736343.9097 2313.3984
1743736344.0137 2313.3984
1743736344.1176 2314.1719
1743736344.2214 2317.7812
1743736344.3251 2317.7812
1743736344.4287 2319.0703
1743736344.5323 2320.3594
1743736344.6359 2325.0000
1743736344.7394 2325.0000
1743736344.8431 2325.0000
1743736344.9468 2325.0000
1743736345.0504 2325.0000
1743736345.1541 2325.7734
1743736345.2577 2325.7734
1743736345.3617 2326.2891
1743736345.4650 2329.6406
1743736345.5687 2329.6406
1743736345.6726 2331.7031
1743736345.7763 2332.7344
1743736345.8801 2332.7344
1743736345.9839 2332.9922
1743736346.0877 2335.5703
1743736346.1916 2335.5703
1743736346.2953 2337.6328
1743736346.3991 2337.6328
1743736346.5028 2339.4375
1743736346.6067 2339.4375
1743736346.7105 2341.2422
1743736346.8142 2341.2422
1743736346.9181 2343.0469
1743736347.0219 2343.0469
1743736347.1259 2344.5938
1743736347.2301 2344.5938
1743736347.3343 2344.5938
1743736347.4383 2344.5938
1743736347.5424 2346.9141
1743736347.6467 2346.9141
1743736347.7509 2347.6875
1743736347.8552 2347.6875
1743736347.9595 2348.9766
1743736348.0638 2351.2969
1743736348.1682 2351.2969
1743736348.2727 2351.2969
1743736348.3771 2351.2969
1743736348.4816 2354.1328
1743736348.5861 2354.1328
1743736348.6904 2354.1328
1743736348.7948 2355.1641
1743736348.8991 2355.1641
1743736349.0033 2357.2266
1743736349.1074 2357.2266
1743736349.2116 2358.7734
1743736349.3157 2358.7734
1743736349.4198 2358.7734
1743736349.5238 2358.7734
1743736349.6279 2358.7734
1743736349.7319 2358.7734
1743736349.8359 2360.5781
1743736349.9400 2360.5781
1743736350.0439 2360.5781
1743736350.1478 2360.5781
1743736350.2517 2360.5781
1743736350.3556 2360.5781
1743736350.4594 2360.5781
1743736350.5633 2360.5781
1743736350.6673 2362.6406
1743736350.7712 2362.6406
1743736350.8753 2362.6406
1743736350.9793 2362.6406
1743736351.0832 2362.6406
1743736351.1873 2364.4453
1743736351.2912 2364.4453
1743736351.3952 2366.2500
1743736351.4992 2366.2500
1743736351.6031 2366.2500
1743736351.7069 2366.2500
1743736351.8108 2366.2500
1743736351.9148 2368.0547
1743736352.0187 2368.0547
1743736352.1225 2369.6016
1743736352.2263 2369.6016
1743736352.3302 2371.4062
1743736352.4341 2371.4062
1743736352.5381 2372.6953
1743736352.6420 2372.6953
1743736352.7458 2373.9844
1743736352.8497 2373.9844
1743736352.9537 2373.9844
1743736353.0576 2373.9844
1743736353.1614 2375.5312
1743736353.2653 2375.5312
1743736353.3692 2376.8203
1743736353.4731 2376.8203
1743736353.5769 2378.1094
1743736353.6809 2378.1094
1743736353.7848 2379.3984
1743736353.8887 2379.3984
1743736353.9926 2380.4297
1743736354.0965 2380.4297
1743736354.2003 2381.7188
1743736354.3042 2381.7188
1743736354.4081 2382.7500
1743736354.5119 2382.7500
1743736354.6158 2382.7500
1743736354.7198 2382.7500
1743736354.8237 2383.2656
1743736354.9276 2385.5859
1743736355.0314 2385.5859
1743736355.1353 2387.1328
1743736355.2392 2387.1328
1743736355.3432 2388.6797
1743736355.4471 2388.6797
1743736355.5510 2390.2266
1743736355.6548 2390.2266
1743736355.7587 2391.5156
1743736355.8627 2391.5156
1743736355.9666 2392.5469
1743736356.0706 2392.5469
1743736356.1746 2393.8359
1743736356.2786 2393.8359
1743736356.3826 2395.1250
1743736356.4866 2395.1250
1743736356.5904 2396.6719
1743736356.6946 2396.6719
1743736356.7986 2398.2188
1743736356.9027 2398.2188
1743736357.0068 2399.7656
1743736357.1110 2399.7656
1743736357.2151 2401.3125
1743736357.3192 2401.3125
1743736357.4235 2402.8594
1743736357.5277 2402.8594
1743736357.6319 2404.6641
1743736357.7362 2404.6641
1743736357.8404 2406.2109
1743736357.9446 2406.2109
1743736358.0488 2407.7578
1743736358.1531 2407.7578
1743736358.2574 2409.3047
1743736358.3616 2409.3047
1743736358.4658 2410.8516
1743736358.5700 2410.8516
1743736358.6740 2412.3984
1743736358.7781 2412.3984
1743736358.8822 2413.9453
1743736358.9862 2413.9453
1743736359.0903 2415.7500
1743736359.1943 2415.7500
1743736359.2983 2417.0391
1743736359.4023 2417.0391
1743736359.5062 2418.5859
1743736359.6101 2418.5859
1743736359.7140 2420.1328
1743736359.8178 2420.1328
1743736359.9218 2421.6797
1743736360.0256 2421.6797
1743736360.1293 2422.9688
1743736360.2332 2422.9688
1743736360.3371 2424.5156
1743736360.4411 2424.5156
1743736360.5450 2425.8047
1743736360.6488 2425.8047
1743736360.7527 2427.6094
1743736360.8566 2427.6094
1743736360.9606 2429.6719
1743736361.0645 2429.6719
1743736361.1683 2429.6719
1743736361.2722 2431.2188
1743736361.3761 2431.2188
1743736361.4800 2432.5078
1743736361.5837 2432.5078
1743736361.6875 2435.0859
1743736361.7911 2435.0859
1743736361.8948 2435.8594
1743736361.9985 2438.4375
1743736362.1021 2438.4375
1743736362.2057 2439.2109
1743736362.3095 2439.2109
1743736362.4132 2441.5312
1743736362.5170 2441.5312
1743736362.6207 2441.5312
1743736362.7243 2443.5938
1743736362.8281 2443.5938
1743736362.9318 2445.6562
1743736363.0356 2445.6562
1743736363.1395 2447.4609
1743736363.2432 2447.4609
1743736363.3472 2450.2969
1743736363.4510 2450.2969
1743736363.5548 2450.2969
1743736363.6586 2452.3594
1743736363.7625 2452.3594
1743736363.8663 2454.1641
1743736363.9701 2454.1641
1743736364.0740 2456.2266
1743736364.1779 2456.2266
1743736364.2818 2456.2266
1743736364.3858 2457.7734
1743736364.4898 2457.7734
1743736364.5938 2459.8359
1743736364.6977 2459.8359
1743736364.8016 2460.0938
1743736364.9055 2462.9297
1743736365.0095 2462.9297
1743736365.1133 2466.0234
1743736365.2172 2467.3125
1743736365.3212 2467.3125
1743736365.4251 2470.4062
1743736365.5290 2471.9531
1743736365.6329 2471.9531
1743736365.7368 2475.3047
1743736365.8408 2476.5938
1743736365.9446 2476.5938
1743736366.0484 2478.3984
1743736366.1524 2481.7500
1743736366.2561 2481.7500
1743736366.3600 2481.7500
1743736366.4638 2485.1016
1743736366.5676 2485.1016
1743736366.6714 2485.8750
1743736366.7752 2489.2266
1743736366.8791 2489.2266
1743736366.9828 2490.0000
1743736367.0867 2493.3516
1743736367.1905 2493.3516
1743736367.2944 2494.1250
1743736367.3981 2497.4766
1743736367.5018 2497.4766
1743736367.6056 2497.7344
1743736367.7093 2501.0859
1743736367.8131 2501.0859
1743736367.9167 2501.6016
1743736368.0206 2504.9531
1743736368.1243 2504.9531
1743736368.2281 2505.2109
1743736368.3318 2508.5625
1743736368.4357 2508.5625
1743736368.5395 2508.8203
1743736368.6432 2511.9141
1743736368.7470 2511.9141
1743736368.8508 2512.1719
1743736368.9546 2515.2656
1743736369.0585 2515.2656
1743736369.1622 2518.1016
1743736369.2661 2519.1328
1743736369.3700 2519.1328
1743736369.4738 2520.6797
1743736369.5778 2524.0312
1743736369.6817 2524.0312
1743736369.7856 2524.5469
1743736369.8893 2527.8984
1743736369.9932 2527.8984
1743736370.0971 2530.9922
1743736370.2008 2532.0234
1743736370.3047 2532.0234
1743736370.4086 2535.6328
1743736370.5125 2536.6641
1743736370.6162 2536.6641
1743736370.7201 2538.2109
1743736370.8238 2541.5625
1743736370.9277 2541.5625
1743736371.0315 2544.9141
1743736371.1352 2545.6875
1743736371.2391 2549.2969
1743736371.3429 2550.3281
1743736371.4466 2551.1016
1743736371.5503 2554.7109
1743736371.6542 2554.7109
1743736371.7580 2554.7109
1743736371.8618 2554.7109
1743736371.9657 2558.8359
1743736372.0696 2559.8672
1743736372.1733 2559.8672
1743736372.2772 2561.1562
1743736372.3810 2564.5078
1743736372.4848 2564.5078
1743736372.5887 2564.5078
1743736372.6926 2567.3438
1743736372.7964 2567.3438
1743736372.9003 2567.3438
1743736373.0041 2569.9219
1743736373.1079 2569.9219
1743736373.2117 2570.9531
1743736373.3155 2573.2734
1743736373.4194 2573.2734
1743736373.5232 2574.0469
1743736373.6271 2574.0469
1743736373.7308 2575.8516
1743736373.8347 2578.1719
1743736373.9386 2578.1719
1743736374.0425 2581.0078
1743736374.1464 2581.0078
1743736374.2502 2581.2656
1743736374.3541 2584.6172
1743736374.4579 2584.6172
1743736374.5617 2585.6484
1743736374.6656 2588.7422
1743736374.7694 2588.7422
1743736374.8733 2589.2578
1743736374.9771 2591.5781
1743736375.0808 2591.5781
1743736375.1846 2594.1562
1743736375.2885 2594.1562
1743736375.3922 2595.9609
1743736375.4960 2599.3125
1743736375.5998 2599.3125
1743736375.7036 2600.0859
1743736375.8073 2603.4375
1743736375.9112 2603.4375
1743736376.0150 2603.9531
1743736376.1188 2607.3047
1743736376.2227 2607.3047
1743736376.3266 2607.5625
1743736376.4303 2610.9141
1743736376.5342 2610.9141
1743736376.6381 2611.1719
1743736376.7418 2614.5234
1743736376.8457 2614.5234
1743736376.9496 2614.7812
1743736377.0534 2617.8750
1743736377.1572 2617.8750
1743736377.2611 2617.8750
1743736377.3651 2621.2266
1743736377.4690 2621.2266
1743736377.5728 2621.7422
1743736377.6766 2624.8359
1743736377.7805 2624.8359
1743736377.8843 2625.6094
1743736377.9882 2628.4453
1743736378.0920 2628.4453
1743736378.1957 2629.2188
1743736378.2996 2632.3125
1743736378.4035 2632.3125
1743736378.5072 2633.0859
1743736378.6111 2636.4375
1743736378.7148 2636.4375
1743736378.8187 2637.2109
1743736378.9226 2640.5625
1743736379.0265 2640.5625
1743736379.1304 2640.8203
1743736379.2341 2644.1719
1743736379.3380 2644.1719
1743736379.4417 2644.6875
1743736379.5453 2648.0391
1743736379.6491 2648.0391
1743736379.7529 2648.2969
1743736379.8566 2651.6484
1743736379.9603 2651.6484
1743736380.0641 2652.1641
1743736380.1680 2655.5156
1743736380.2717 2655.5156
1743736380.3756 2656.2891
1743736380.4792 2658.8672
1743736380.5830 2660.6719
1743736380.6867 2661.7031
1743736380.7905 2661.7031
1743736380.8942 2665.3125
1743736380.9980 2666.3438
1743736381.1017 2666.3438
1743736381.2055 2667.8906
1743736381.3092 2670.9844
1743736381.4128 2670.9844
1743736381.5166 2673.5625
1743736381.6202 2674.5938
1743736381.7240 2674.5938
1743736381.8277 2676.1406
1743736381.9313 2679.4922
1743736382.0351 2679.4922
1743736382.1387 2682.3281
1743736382.2425 2683.1016
1743736382.3461 2683.1016
1743736382.4498 2684.6484
1743736382.5536 2688.0000
1743736382.6572 2691.8672
1743736382.7611 2692.1250
1743736382.8649 2692.8984
1743736382.9686 2696.7656
1743736383.0725 2696.7656
1743736383.1762 2698.5703
1743736383.2801 2698.5703
1743736383.3840 2701.9219
1743736383.4878 2702.1797
1743736383.5917 2702.1797
1743736383.6957 2707.0781
1743736383.7997 2707.3359
1743736383.9038 2711.2031
1743736384.0078 2711.2031
1743736384.1120 2713.2656
1743736384.2160 2713.2656
1743736384.3201 2716.8750
1743736384.4242 2717.1328
1743736384.5284 2717.1328
1743736384.6325 2721.7734
1743736384.7366 2721.7734
1743736384.8408 2721.7734
1743736384.9450 2726.4141
1743736385.0491 2726.6719
1743736385.1532 2726.6719
1743736385.2573 2731.0547
1743736385.3616 2731.0547
1743736385.4656 2734.6641
1743736385.5698 2736.7266
1743736385.6739 2736.7266
1743736385.7778 2736.7266
1743736385.8820 2741.3672
1743736385.9860 2741.3672
1743736386.0900 2744.9766
1743736386.1940 2747.0391
1743736386.2980 2747.0391
1743736386.4020 2747.0391
1743736386.5058 2751.4219
1743736386.6099 2751.4219
1743736386.7137 2755.0312
1743736386.8176 2755.0312
1743736386.9215 2757.0938
1743736387.0253 2757.0938
1743736387.1291 2760.9609
1743736387.2329 2761.2188
1743736387.3367 2761.2188
1743736387.4405 2762.5078
1743736387.5442 2763.0234
1743736387.6480 2766.6328
1743736387.7517 2766.6328
1743736387.8555 2769.4688
1743736387.9592 2769.4688
1743736388.0630 2771.7891
1743736388.1667 2772.5625
1743736388.2705 2772.5625
1743736388.3742 2773.8516
1743736388.4781 2776.1719
1743736388.5819 2776.1719
1743736388.6856 2778.7500
1743736388.7894 2778.7500
1743736388.8932 2780.0391
1743736388.9970 2782.1016
1743736389.1007 2785.1953
1743736389.2045 2785.1953
1743736389.3083 2786.2266
1743736389.4121 2787.0000
1743736389.5160 2787.0000
1743736389.6200 2788.8047
1743736389.7240 2793.1875
1743736389.8280 2793.1875
1743736389.9321 2793.4453
1743736390.0362 2796.7969
1743736390.1405 2801.4375
1743736390.2447 2801.4375
1743736390.3491 2802.4688
1743736390.4534 2802.9844
1743736390.5577 2807.6250
1743736390.6620 2807.6250
1743736390.7662 2808.3984
1743736390.8706 2810.9766
1743736390.9749 2810.9766
1743736391.0791 2813.8125
1743736391.1835 2813.8125
1743736391.2877 2817.6797
1743736391.3919 2818.1953
1743736391.4960 2822.0625
1743736391.6002 2822.0625
1743736391.7044 2823.0938
1743736391.8085 2825.4141
1743736391.9125 2825.9297
1743736392.0166 2825.9297
1743736392.1206 2827.2188
1743736392.2247 2830.5703
1743736392.3287 2834.4375
1743736392.4327 2834.4375
1743736392.5367 2835.2109
1743736392.6406 2838.8203
1743736392.7444 2838.8203
1743736392.8481 2838.8203
1743736392.9519 2838.8203
1743736393.0557 2840.3672
1743736393.1591 2842.1719
1743736393.2629 2844.7500
1743736393.3665 2844.7500
1743736393.4702 2846.5547
1743736393.5739 2846.5547
1743736393.6776 2849.6484
1743736393.7814 2849.6484
1743736393.8851 2852.4844
1743736393.9890 2853.2578
1743736394.0930 2853.2578
1743736394.1967 2856.3516
1743736394.3006 2856.8672
1743736394.4046 2856.8672
1743736394.5085 2860.4766
1743736394.6125 2860.9922
1743736394.7165 2860.9922
1743736394.8204 2862.0234
1743736394.9245 2865.3750
1743736395.0285 2865.3750
1743736395.1325 2867.9531
1743736395.2365 2868.2109
1743736395.3406 2868.2109
1743736395.4446 2872.3359
1743736395.5486 2872.5938
1743736395.6527 2872.5938
1743736395.7567 2875.1719
1743736395.8608 2875.6875
1743736395.9648 2875.6875
1743736396.0687 2876.7188
1743736396.1726 2880.0703
1743736396.2766 2880.0703
1743736396.3805 2883.1641
1743736396.4845 2883.6797
1743736396.5884 2883.6797
1743736396.6924 2884.9688
1743736396.7962 2888.0625
1743736396.9002 2888.0625
1743736397.0041 2890.3828
1743736397.1080 2890.6406
1743736397.2120 2895.2812
1743736397.3159 2895.2812
1743736397.4199 2895.2812
1743736397.5238 2897.3438
1743736397.6277 2897.3438
1743736397.7317 2900.1797
1743736397.8357 2900.6953
1743736397.9399 2900.6953
1743736398.0439 2901.4688
1743736398.1480 2904.8203
1743736398.2521 2904.8203
1743736398.3561 2905.0781
1743736398.4603 2908.6875
1743736398.5642 2908.6875
1743736398.6682 2908.9453
1743736398.7722 2912.2969
1743736398.8761 2912.2969
1743736398.9801 2912.8125
1743736399.0841 2916.1641
1743736399.1880 2916.1641
1743736399.2919 2916.6797
1743736399.3959 2920.0312
1743736399.4998 2920.0312
1743736399.6038 2920.8047
1743736399.7077 2924.1562
1743736399.8117 2924.1562
1743736399.9157 2924.6719
1743736400.0197 2927.7656
1743736400.1237 2927.7656
1743736400.2277 2928.0234
1743736400.3319 2931.3750
1743736400.4360 2931.3750
1743736400.5402 2932.1484
1743736400.6444 2935.5000
1743736400.7485 2935.5000
1743736400.8526 2939.6250
1743736400.9567 2939.8828
1743736401.0607 2943.7500
1743736401.1646 2943.7500
1743736401.2686 2946.0703
1743736401.3726 2946.0703
1743736401.4765 2949.4219
1743736401.5804 2949.9375
1743736401.6842 2949.9375
1743736401.7881 2953.8047
1743736401.8919 2954.0625
1743736401.9956 2954.0625
1743736402.0994 2958.4453
1743736402.2031 2958.7031
1743736402.3068 2958.7031
1743736402.4105 2963.3438
1743736402.5142 2963.6016
1743736402.6181 2963.6016
1743736402.7219 2967.2109
1743736402.8256 2967.7266
1743736402.9294 2967.7266
1743736403.0331 2972.6250
1743736403.1370 2972.8828
1743736403.2407 2972.8828
1743736403.3446 2977.2656
1743736403.4484 2977.7812
1743736403.5522 2977.7812
1743736403.6560 2981.9062
1743736403.7598 2982.1641
1743736403.8636 2982.1641
1743736403.9673 2986.0312
1743736404.0710 2986.5469
1743736404.1747 2991.1875
1743736404.2785 2991.1875
1743736404.3823 2992.2188
1743736404.4860 2992.7344
1743736404.5898 2996.3438
1743736404.6938 2996.3438
1743736404.7975 2996.3438
1743736404.9014 2999.9531
1743736405.0051 2999.9531
1743736405.1090 3001.2422
1743736405.2129 3003.5625
1743736405.3168 3003.5625
1743736405.4206 3005.3672
1743736405.5246 3005.3672
1743736405.6286 3007.9453
1743736405.7326 3007.9453
1743736405.8368 3008.2031
1743736405.9406 3011.5547
1743736406.0447 3011.5547
1743736406.1486 3012.0703
1743736406.2527 3015.4219
1743736406.3568 3015.4219
1743736406.4606 3015.4219
1743736406.5646 3017.7422
1743736406.6685 3017.7422
1743736406.7724 3017.7422
1743736406.8762 3022.3828
1743736406.9801 3027.0234
1743736407.0840 3027.0234
1743736407.1879 3027.0234
1743736407.2917 3027.0234
1743736407.3958 3027.0234
1743736407.4996 3027.0234
1743736407.6036 3027.0234
1743736407.7075 3028.0547
1743736407.8115 3028.0547
1743736407.9154 3028.8281
1743736408.0194 3031.1484
1743736408.1234 3031.1484
1743736408.2272 3033.2109
1743736408.3312 3033.2109
1743736408.4352 3033.2109
1743736408.5392 3033.2109
1743736408.6432 3033.2109
1743736408.7472 3035.2734
1743736408.8512 3035.2734
1743736408.9552 3036.8203
1743736409.0592 3036.8203
1743736409.1632 3038.8828
1743736409.2672 3038.8828
1743736409.3713 3039.9141
1743736409.4752 3039.9141
1743736409.5791 3041.9766
1743736409.6831 3041.9766
1743736409.7870 3043.7812
1743736409.8909 3043.7812
1743736409.9947 3045.5859
1743736410.0986 3045.5859
1743736410.2025 3047.1328
1743736410.3065 3047.1328
1743736410.4104 3048.6797
1743736410.5143 3048.6797
1743736410.6181 3049.7109
1743736410.7221 3049.7109
1743736410.8259 3050.7422
1743736410.9299 3050.7422
1743736411.0339 3052.0312
1743736411.1379 3052.0312
1743736411.2419 3054.6094
1743736411.3459 3054.6094
1743736411.4499 3054.6094
1743736411.5539 3056.4141
1743736411.6579 3056.4141
1743736411.7619 3057.4453
1743736411.8659 3057.4453
1743736411.9697 3059.5078
1743736412.0738 3059.5078
1743736412.1776 3059.7656
1743736412.2816 3059.7656
1743736412.3856 3060.5391
1743736412.4895 3063.8906
1743736412.5935 3063.8906
1743736412.6974 3063.8906
1743736412.8012 3066.9844
1743736412.9052 3066.9844
1743736413.0091 3066.9844
1743736413.1130 3068.7891
1743736413.2169 3068.7891
1743736413.3207 3070.8516
1743736413.4246 3070.8516
1743736413.5285 3073.9453
1743736413.6324 3073.9453
1743736413.7362 3074.4609
1743736413.8400 3077.0391
1743736413.9439 3077.0391
1743736414.0477 3078.8438
1743736414.1516 3078.8438
1743736414.2555 3080.9062
1743736414.3594 3080.9062
1743736414.4634 3081.4219
1743736414.5672 3083.7422
1743736414.6711 3083.7422
1743736414.7751 3086.5781
1743736414.8790 3086.5781
1743736414.9829 3086.5781
1743736415.0869 3089.1562
1743736415.1907 3089.1562
1743736415.2946 3090.4453
1743736415.3985 3092.7656
1743736415.5024 3092.7656
1743736415.6062 3095.3438
1743736415.7101 3095.3438
1743736415.8140 3095.8594
1743736415.9178 3098.4375
1743736416.0216 3098.4375
1743736416.1255 3099.2109
1743736416.2293 3099.2109
1743736416.3331 3100.7578
1743736416.4370 3100.7578
1743736416.5409 3102.3047
1743736416.6446 3102.3047
1743736416.7485 3103.8516
1743736416.8524 3103.8516
1743736416.9562 3106.4297
1743736417.0600 3106.4297
1743736417.1639 3106.4297
1743736417.2676 3109.5234
1743736417.3715 3109.5234
1743736417.4753 3109.5234
1743736417.5791 3112.6172
1743736417.6830 3112.6172
1743736417.7869 3113.6484
1743736417.8907 3116.2266
1743736417.9946 3116.2266
1743736418.0984 3117.7734
1743736418.2022 3117.7734
1743736418.3062 3120.8672
1743736418.4100 3120.8672
1743736418.5139 3121.1250
1743736418.6177 3122.9297
1743736418.7215 3126.7969
1743736418.8254 3126.7969
1743736418.9291 3128.8594
1743736419.0330 3128.8594
1743736419.1367 3129.8906
1743736419.2407 3133.2422
1743736419.3445 3133.2422
1743736419.4484 3133.2422
1743736419.5524 3136.3359
1743736419.6562 3136.3359
1743736419.7601 3136.8516
1743736419.8640 3140.2031
1743736419.9677 3140.2031
1743736420.0715 3140.9766
1743736420.1752 3144.3281
1743736420.2790 3144.3281
1743736420.3829 3144.3281
1743736420.4866 3146.6484
1743736420.5904 3146.6484
1743736420.6942 3146.6484
1743736420.7980 3149.7422
1743736420.9019 3149.7422
1743736421.0056 3150.5156
1743736421.1095 3152.8359
1743736421.2134 3152.8359
1743736421.3174 3154.1250
1743736421.4213 3154.1250
1743736421.5252 3155.9297
1743736421.6291 3155.9297
1743736421.7330 3157.7344
1743736421.8369 3157.7344
1743736421.9406 3159.0234
1743736422.0444 3159.0234
1743736422.1483 3161.6016
1743736422.2520 3161.6016
1743736422.3559 3161.6016
1743736422.4597 3163.9219
1743736422.5637 3163.9219
1743736422.6675 3164.1797
1743736422.7714 3166.7578
1743736422.8752 3166.7578
1743736422.9793 3167.7891
1743736423.0831 3167.7891
1743736423.1870 3169.3359
1743736423.2909 3169.3359
1743736423.3947 3170.8828
1743736423.4986 3170.8828
1743736423.6025 3172.6875
1743736423.7064 3172.6875
1743736423.8101 3174.4922
1743736423.9140 3174.4922
1743736424.0179 3177.3281
1743736424.1217 3177.3281
1743736424.2258 3178.6172
1743736424.3296 3180.9375
1743736424.4335 3180.9375
1743736424.5375 3183.0000
1743736424.6415 3183.0000
1743736424.7454 3183.0000
1743736424.8494 3185.3203
1743736424.9533 3185.3203
1743736425.0572 3185.8359
1743736425.1611 3188.1562
1743736425.2650 3188.1562
1743736425.3690 3190.2188
1743736425.4730 3190.2188
1743736425.5769 3190.2188
1743736425.6810 3193.3125
1743736425.7849 3193.3125
1743736425.8889 3193.5703
1743736425.9929 3195.8906
1743736426.0969 3195.8906
1743736426.2010 3197.6953
1743736426.3050 3197.6953
1743736426.4090 3199.5000
1743736426.5130 3199.5000
1743736426.6169 3201.3047
1743736426.7209 3201.3047
1743736426.8249 3203.1094
1743736426.9289 3203.1094
1743736427.0329 3206.2031
1743736427.1368 3206.2031
1743736427.2406 3206.9766
1743736427.3444 3209.2969
1743736427.4483 3209.2969
1743736427.5521 3211.6172
1743736427.6560 3211.6172
1743736427.7597 3211.8750
1743736427.8636 3215.2266
1743736427.9674 3215.2266
1743736428.0711 3216.0000
1743736428.1750 3219.3516
1743736428.2788 3219.3516
1743736428.3826 3219.3516
1743736428.4864 3220.8984
1743736428.5903 3224.7656
1743736428.6940 3224.7656
1743736428.7978 3227.3438
1743736428.9015 3227.3438
1743736429.0054 3227.8594
1743736429.1091 3231.2109
1743736429.2128 3231.2109
1743736429.3166 3231.7266
1743736429.4204 3235.0781
1743736429.5241 3235.0781
1743736429.6279 3235.0781
1743736429.7316 3237.3984
1743736429.8353 3237.3984
1743736429.9390 3237.3984
1743736430.0428 3239.2031
1743736430.1465 3242.8125
1743736430.2503 3242.8125
1743736430.3540 3242.8125
1743736430.4578 3242.8125
1743736430.5615 3243.3281
1743736430.6654 3245.6484
1743736430.7691 3245.6484
1743736430.8729 3247.7109
1743736430.9768 3247.7109
1743736431.0806 3247.7109
1743736431.1844 3250.2891
1743736431.2881 3250.2891
1743736431.3920 3252.3516
1743736431.4958 3252.3516
1743736431.5995 3255.1875
1743736431.7033 3255.1875
1743736431.8071 3255.1875
1743736431.9109 3258.2812
1743736432.0146 3258.2812
1743736432.1185 3258.2812
1743736432.2223 3260.3438
1743736432.3260 3260.3438
1743736432.4299 3262.4062
1743736432.5338 3262.4062
1743736432.6375 3263.9531
1743736432.7414 3263.9531
1743736432.8453 3265.7578
1743736432.9491 3265.7578
1743736433.0530 3268.5938
1743736433.1570 3268.5938
1743736433.2610 3268.5938
1743736433.3649 3271.6875
1743736433.4689 3271.6875
1743736433.5729 3271.6875
1743736433.6768 3274.7812
1743736433.7807 3274.7812
1743736433.8846 3275.5547
1743736433.9883 3278.6484
1743736434.0920 3278.6484
1743736434.1958 3278.9062
1743736434.2994 3282.2578
1743736434.4030 3282.2578
1743736434.5066 3283.8047
1743736434.6103 3285.3516
1743736434.7139 3285.3516
1743736434.8176 3287.4141
1743736434.9213 3290.5078
1743736435.0250 3290.5078
1743736435.1288 3291.5391
1743736435.2325 3294.8906
1743736435.3363 3294.8906
1743736435.4401 3295.4062
1743736435.5440 3298.7578
1743736435.6479 3298.7578
1743736435.7518 3299.0156
1743736435.8558 3302.6250
1743736435.9599 3302.6250
1743736436.0640 3302.8828
1743736436.1680 3306.2344
1743736436.2721 3306.2344
1743736436.3761 3306.4922
1743736436.4804 3309.8438
1743736436.5845 3309.8438
1743736436.6886 3309.8438
1743736436.7929 3313.1953
1743736436.8971 3313.1953
1743736437.0015 3313.4531
1743736437.1059 3316.8047
1743736437.2103 3316.8047
1743736437.3148 3317.0625
1743736437.4191 3320.4141
1743736437.5235 3320.4141
1743736437.6278 3320.9297
1743736437.7321 3324.2812
1743736437.8365 3324.2812
1743736437.9409 3324.5391
1743736438.0451 3327.8906
1743736438.1494 3327.8906
1743736438.2538 3328.1484
1743736438.3580 3330.7266
1743736438.4621 3330.7266
1743736438.5664 3333.5625
1743736438.6705 3333.5625
1743736438.7746 3333.5625
1743736438.8786 3335.8828
1743736438.9828 3335.8828
1743736439.0868 3335.8828
1743736439.1908 3338.7188
1743736439.2948 3338.7188
1743736439.3989 3340.5234
1743736439.5026 3341.8125
1743736439.6067 3341.8125
1743736439.7105 3342.3281
1743736439.8144 3345.6797
1743736439.9181 3345.6797
1743736440.0220 3346.7109
1743736440.1258 3348.0000
1743736440.2296 3348.0000
1743736440.3335 3348.5156
1743736440.4373 3350.8359
1743736440.5411 3350.8359
1743736440.6450 3353.1562
1743736440.7489 3353.1562
1743736440.8528 3355.9922
1743736440.9568 3355.9922
1743736441.0609 3355.9922
1743736441.1649 3359.3438
1743736441.2689 3359.3438
1743736441.3732 3360.6328
1743736441.4772 3361.4062
1743736441.5813 3361.4062
1743736441.6854 3361.9219
1743736441.7894 3364.5000
1743736441.8934 3364.5000
1743736441.9975 3366.8203
1743736442.1015 3366.8203
1743736442.2055 3368.6250
1743736442.3095 3368.6250
1743736442.4135 3370.6875
1743736442.5174 3370.6875
1743736442.6213 3372.4922
1743736442.7250 3372.4922
1743736442.8288 3374.2969
1743736442.9325 3374.2969
1743736443.0363 3376.1016
1743736443.1399 3376.1016
1743736443.2436 3377.9062
1743736443.3473 3377.9062
1743736443.4510 3379.9688
1743736443.5546 3379.9688
1743736443.6583 3381.7734
1743736443.7619 3381.7734
1743736443.8655 3383.5781
1743736443.9691 3383.5781
1743736444.0728 3385.6406
1743736444.1765 3385.6406
1743736444.2801 3385.8984
1743736444.3839 3385.8984
1743736444.4876 3385.8984
1743736444.5914 3389.2500
1743736444.6951 3389.2500
1743736444.7989 3389.2500
1743736444.9026 3390.5391
1743736445.0065 3390.5391
1743736445.1104 3392.8594
1743736445.2143 3392.8594
1743736445.3181 3392.8594
1743736445.4220 3394.4062
1743736445.5259 3395.4375
1743736445.6298 3395.4375
1743736445.7336 3395.9531
1743736445.8375 3396.9844
1743736445.9414 3396.9844
1743736446.0453 3396.9844
1743736446.1491 3400.3359
1743736446.2530 3400.3359
1743736446.3570 3401.6250
1743736446.4609 3402.9141
1743736446.5648 3402.9141
1743736446.6686 3403.1719
1743736446.7725 3405.4922
1743736446.8763 3405.4922
1743736446.9801 3405.4922
1743736447.0839 3405.4922
1743736447.1878 3407.8125
1743736447.2915 3407.8125
1743736447.3954 3407.8125
1743736447.4991 3408.3281
1743736447.6030 3408.3281
1743736447.7069 3408.3281
1743736447.8106 3408.3281
1743736447.9145 3408.3281
1743736448.0185 3408.3281
1743736448.1224 3410.3906
1743736448.2263 3410.3906
1743736448.3303 3412.1953
1743736448.4341 3412.1953
1743736448.5380 3412.4531
1743736448.6419 3412.4531
1743736448.7458 3412.7109
1743736448.8497 3415.2891
1743736448.9536 3415.2891
1743736449.0576 3417.0938
1743736449.1616 3417.0938
1743736449.2657 3418.6406
1743736449.3695 3418.6406
1743736449.4735 3420.1875
1743736449.5774 3420.1875
1743736449.6814 3421.7344
1743736449.7853 3421.7344
1743736449.8892 3423.2812
1743736449.9931 3423.2812
1743736450.0972 3425.0859
1743736450.2010 3425.0859
1743736450.3049 3426.6328
1743736450.4088 3426.6328
1743736450.5127 3428.1797
1743736450.6165 3428.1797
1743736450.7204 3429.9844
1743736450.8244 3429.9844
1743736450.9283 3431.7891
1743736451.0320 3431.7891
1743736451.1359 3433.3359
1743736451.2399 3433.3359
1743736451.3438 3435.9141
1743736451.4476 3435.9141
1743736451.5517 3435.9141
1743736451.6556 3437.7188
1743736451.7597 3437.7188
1743736451.8636 3439.0078
1743736451.9675 3439.0078
1743736452.0715 3441.0703
1743736452.1754 3441.0703
1743736452.2794 3442.3594
1743736452.3833 3442.3594
1743736452.4872 3443.6484
1743736452.5911 3443.6484
1743736452.6950 3444.9375
1743736452.7990 3444.9375
1743736452.9030 3446.2266
1743736453.0069 3446.2266
1743736453.1109 3448.0312
1743736453.2148 3448.0312
1743736453.3188 3449.5781
1743736453.4228 3449.5781
1743736453.5266 3450.8672
1743736453.6306 3450.8672
1743736453.7345 3451.8984
1743736453.8385 3451.8984
1743736453.9424 3452.9297
1743736454.0463 3452.9297
1743736454.1501 3454.7344
1743736454.2541 3454.7344
1743736454.3580 3456.7969
1743736454.4620 3456.7969
1743736454.5659 3456.7969
1743736454.6699 3458.8594
1743736454.7738 3458.8594
1743736454.8776 3458.8594
1743736454.9817 3461.1797
1743736455.0855 3461.1797
1743736455.1894 3461.1797
1743736455.2933 3463.7578
1743736455.3971 3463.7578
1743736455.5010 3463.7578
1743736455.6049 3465.8203
1743736455.7088 3465.8203
1743736455.8128 3468.3984
1743736455.9166 3468.3984
1743736456.0206 3469.1719
1743736456.1245 3471.7500
1743736456.2284 3471.7500
1743736456.3323 3474.3281
1743736456.4361 3474.3281
1743736456.5400 3474.5859
1743736456.6439 3477.1641
1743736456.7479 3477.4219
1743736456.8518 3479.2266
1743736456.9558 3479.2266
1743736457.0597 3480.0000
1743736457.1635 3481.8047
1743736457.2674 3485.6719
1743736457.3714 3485.6719
1743736457.4753 3488.7656
1743736457.5792 3488.7656
1743736457.6830 3488.7656
1743736457.7869 3491.8594
1743736457.8908 3491.8594
1743736457.9946 3492.3750
1743736458.0987 3495.9844
1743736458.2025 3495.9844
1743736458.3065 3496.2422
1743736458.4104 3499.5938
1743736458.5144 3499.5938
1743736458.6183 3499.5938
1743736458.7223 3502.6875
1743736458.8262 3502.6875
1743736458.9302 3502.6875
1743736459.0342 3505.2656
1743736459.1380 3505.2656
1743736459.2420 3505.2656
1743736459.3460 3507.8438
1743736459.4499 3507.8438
1743736459.5539 3508.6172
1743736459.6578 3508.6172
1743736459.7618 3509.1328
1743736459.8657 3511.4531
1743736459.9696 3511.4531
1743736460.0735 3513.0000
1743736460.1775 3513.0000
1743736460.2814 3514.5469
1743736460.3854 3514.5469
1743736460.4894 3516.0938
1743736460.5934 3516.0938
1743736460.6973 3517.3828
1743736460.8013 3517.3828
1743736460.9053 3518.9297
1743736461.0092 3518.9297
1743736461.1132 3520.4766
1743736461.2170 3520.4766
1743736461.3210 3522.0234
1743736461.4250 3522.0234
1743736461.5290 3523.8281
1743736461.6329 3523.8281
1743736461.7369 3525.3750
1743736461.8409 3525.3750
1743736461.9449 3527.1797
1743736462.0489 3527.1797
1743736462.1528 3528.4688
1743736462.2568 3528.4688
1743736462.3608 3529.7578
1743736462.4648 3529.7578
1743736462.5688 3530.7891
1743736462.6727 3530.7891
1743736462.7767 3530.7891
1743736462.8807 3532.5938
1743736462.9845 3532.5938
1743736463.0885 3533.8828
1743736463.1925 3533.8828
1743736463.2965 3535.1719
1743736463.4004 3535.1719
1743736463.5044 3536.7188
1743736463.6084 3536.7188
1743736463.7123 3538.0078
1743736463.8163 3538.0078
1743736463.9203 3539.8125
1743736464.0243 3539.8125
1743736464.1283 3542.3906
1743736464.2323 3542.3906
1743736464.3362 3542.3906
1743736464.4402 3544.4531
1743736464.5442 3544.4531
1743736464.6480 3547.0312
1743736464.7520 3547.0312
1743736464.8560 3547.5469
1743736464.9599 3550.6406
1743736465.0639 3550.6406
1743736465.1678 3551.6719
1743736465.2718 3555.0234
1743736465.3757 3555.0234
1743736465.4795 3555.0234
1743736465.5835 3557.8594
1743736465.6874 3557.8594
1743736465.7913 3557.8594
1743736465.8952 3560.1797
1743736465.9990 3560.1797
1743736466.1029 3561.9844
1743736466.2068 3561.9844
1743736466.3105 3563.5312
1743736466.4144 3563.5312
1743736466.5184 3565.0781
1743736466.6223 3565.0781
1743736466.7262 3566.3672
1743736466.8302 3566.3672
1743736466.9340 3567.6562
1743736467.0379 3567.6562
1743736467.1418 3568.9453
1743736467.2457 3568.9453
1743736467.3495 3570.4922
1743736467.4534 3570.4922
1743736467.5573 3570.4922
1743736467.6613 3570.4922
1743736467.7652 3572.0391
1743736467.8690 3572.0391
1743736467.9729 3573.8438
1743736468.0769 3573.8438
1743736468.1808 3575.1328
1743736468.2847 3575.1328
1743736468.3887 3576.6797
1743736468.4925 3576.6797
1743736468.5964 3576.6797
1743736468.7004 3576.6797
1743736468.8043 3578.4844
1743736468.9082 3578.4844
1743736469.0122 3578.4844
1743736469.1162 3579.0000
1743736469.2200 3581.5781
1743736469.3240 3581.5781
1743736469.4280 3583.1250
1743736469.5319 3583.1250
1743736469.6359 3584.6719
1743736469.7399 3584.6719
1743736469.8438 3587.2500
1743736469.9479 3587.2500
1743736470.0518 3587.2500
1743736470.1557 3589.5703
1743736470.2597 3589.5703
1743736470.3635 3591.1172
1743736470.4675 3591.1172
1743736470.5714 3592.1484
1743736470.6754 3592.1484
1743736470.7795 3593.6953
1743736470.8835 3593.6953
1743736470.9875 3595.7578
1743736471.0917 3595.7578
1743736471.1958 3597.3047
1743736471.2999 3597.3047
1743736471.4040 3599.1094
1743736471.5082 3599.1094
1743736471.6123 3600.9141
1743736471.7164 3600.9141
1743736471.8204 3602.7188
1743736471.9245 3602.7188
1743736472.0287 3605.8125
1743736472.1327 3605.8125
1743736472.2368 3605.8125
1743736472.3408 3608.3906
1743736472.4448 3608.3906
1743736472.5487 3609.6797
1743736472.6527 3610.7109
1743736472.7565 3610.7109
1743736472.8604 3613.5469
1743736472.9642 3613.5469
1743736473.0680 3613.5469
1743736473.1718 3616.8984
1743736473.2755 3616.8984
1743736473.3793 3617.1562
1743736473.4830 3620.5078
1743736473.5868 3620.5078
1743736473.6905 3620.7656
1743736473.7942 3625.4062
1743736473.8978 3625.4062
1743736474.0014 3626.6953
1743736474.1052 3628.2422
1743736474.2088 3628.2422
1743736474.3125 3629.7891
1743736474.4162 3630.3047
1743736474.5199 3630.3047
1743736474.6237 3633.3984
1743736474.7274 3633.3984
1743736474.8313 3634.1719
1743736474.9350 3637.7812
1743736475.0388 3637.7812
1743736475.1425 3638.5547
1743736475.2464 3639.8438
1743736475.3502 3639.8438
1743736475.4539 3639.8438
1743736475.5577 3643.7109
1743736475.6615 3645.2578
1743736475.7653 3646.8047
1743736475.8690 3646.8047
1743736475.9728 3646.8047
1743736476.0766 3648.3516
1743736476.1803 3648.3516
1743736476.2841 3650.4141
1743736476.3879 3650.4141
1743736476.4917 3652.4766
1743736476.5954 3652.4766
1743736476.6992 3652.4766
1743736476.8029 3652.7344
1743736476.9067 3656.0859
1743736477.0104 3656.0859
1743736477.1142 3656.0859
1743736477.2180 3658.6641
1743736477.3219 3658.6641
1743736477.4259 3661.7578
1743736477.5299 3661.7578
1743736477.6341 3661.7578
1743736477.7382 3661.7578
1743736477.8424 3661.7578
1743736477.9467 3663.8203
1743736478.0510 3663.8203
1743736478.1554 3664.5938
1743736478.2598 3664.5938
1743736478.3640 3665.8828
1743736478.4684 3665.8828
1743736478.5728 3667.4297
1743736478.6769 3667.4297
1743736478.7812 3668.7188
1743736478.8853 3668.7188
1743736478.9895 3670.2656
1743736479.0937 3670.2656
1743736479.1978 3671.8125
1743736479.3018 3671.8125
1743736479.4059 3673.1016
1743736479.5099 3673.1016
1743736479.6139 3674.3906
1743736479.7179 3674.3906
1743736479.8219 3675.6797
1743736479.9258 3675.6797
1743736480.0298 3676.9688
1743736480.1338 3676.9688
1743736480.2377 3678.0000
1743736480.3417 3678.0000
1743736480.4457 3678.7734
1743736480.5495 3678.7734
1743736480.6535 3680.0625
1743736480.7574 3680.0625
1743736480.8613 3682.1250
1743736480.9653 3682.1250
1743736481.0692 3683.4141
1743736481.1731 3683.4141
1743736481.2770 3685.4766
1743736481.3809 3685.4766
1743736481.4848 3686.7656
1743736481.5887 3686.7656
1743736481.6925 3688.5703
1743736481.7964 3688.5703
1743736481.9003 3689.8594
1743736482.0041 3689.8594
1743736482.1079 3691.4062
1743736482.2118 3691.4062
1743736482.3155 3692.6953
1743736482.4193 3692.6953
1743736482.5232 3693.9844
1743736482.6269 3693.9844
1743736482.7308 3696.5625
1743736482.8345 3696.5625
1743736482.9384 3696.5625
1743736483.0422 3697.3359
1743736483.1459 3697.3359
1743736483.2498 3699.1406
1743736483.3535 3699.1406
1743736483.4574 3700.4297
1743736483.5612 3700.4297
1743736483.6649 3703.2656
1743736483.7687 3703.2656
1743736483.8725 3703.2656
1743736483.9763 3705.8438
1743736484.0800 3705.8438
1743736484.1838 3705.8438
1743736484.2875 3708.6797
1743736484.3913 3708.6797
1743736484.4949 3708.6797
1743736484.5987 3711.2578
1743736484.7024 3711.2578
1743736484.8062 3713.0625
1743736484.9098 3713.0625
1743736485.0135 3713.0625
1743736485.1172 3715.3828
1743736485.2209 3715.3828
1743736485.3247 3716.1562
1743736485.4283 3716.1562
1743736485.5321 3717.7031
1743736485.6357 3720.2812
1743736485.7394 3720.2812
1743736485.8431 3723.1172
1743736485.9468 3723.1172
1743736486.0506 3723.1172
1743736486.1543 3725.9531
1743736486.2582 3725.9531
1743736486.3620 3726.9844
1743736486.4659 3729.0469
1743736486.5698 3729.0469
1743736486.6737 3730.0781
1743736486.7776 3731.6250
1743736486.8814 3735.4922
1743736486.9854 3735.4922
1743736487.0893 3737.5547
1743736487.1933 3737.5547
1743736487.2973 3740.6484
1743736487.4013 3740.6484
1743736487.5053 3741.4219
1743736487.6093 3744.7734
1743736487.7133 3744.7734
1743736487.8172 3745.2891
1743736487.9212 3748.8984
1743736488.0252 3748.8984
1743736488.1292 3749.1562
1743736488.2330 3752.5078
1743736488.3370 3752.5078
1743736488.4410 3752.5078
1743736488.5450 3756.1172
1743736488.6489 3756.1172
1743736488.7529 3756.1172
1743736488.8568 3757.4062
1743736488.9607 3757.4062
1743736489.0644 3760.2422
1743736489.1683 3760.2422
1743736489.2722 3760.2422
1743736489.3761 3761.7891
1743736489.4799 3761.7891
1743736489.5837 3763.3359
1743736489.6875 3763.3359
1743736489.7914 3764.8828
1743736489.8953 3764.8828
1743736489.9991 3765.9141
1743736490.1029 3765.9141
1743736490.2067 3767.7188
1743736490.3105 3767.7188
1743736490.4144 3769.0078
1743736490.5183 3769.0078
1743736490.6221 3770.5547
1743736490.7259 3770.5547
1743736490.8298 3771.8438
1743736490.9337 3771.8438
1743736491.0376 3773.1328
1743736491.1414 3773.1328
1743736491.2453 3773.6484
1743736491.3492 3773.6484
1743736491.4530 3775.7109
1743736491.5569 3775.7109
1743736491.6608 3778.2891
1743736491.7647 3778.2891
1743736491.8686 3778.2891
1743736491.9724 3780.0938
1743736492.0763 3780.0938
1743736492.1802 3781.6406
1743736492.2841 3781.6406
1743736492.3880 3783.1875
1743736492.4920 3783.1875
1743736492.5958 3784.7344
1743736492.6997 3784.7344
1743736492.8036 3786.2812
1743736492.9076 3786.2812
1743736493.0114 3787.5703
1743736493.1153 3787.5703
1743736493.2192 3788.8594
1743736493.3232 3788.8594
1743736493.4271 3790.1484
1743736493.5309 3790.1484
1743736493.6348 3790.6641
1743736493.7387 3790.6641
1743736493.8427 3791.1797
1743736493.9466 3793.5000
1743736494.0505 3793.5000
1743736494.1544 3795.3047
1743736494.2584 3795.3047
1743736494.3624 3796.0781
1743736494.4663 3796.0781
1743736494.5703 3797.8828
1743736494.6742 3797.8828
1743736494.7782 3798.6562
1743736494.8821 3798.6562
1743736494.9861 3800.7188
1743736495.0899 3800.7188
1743736495.1938 3802.0078
1743736495.2978 3802.0078
1743736495.4017 3803.5547
1743736495.5056 3803.5547
1743736495.6094 3805.3594
1743736495.7134 3805.3594
1743736495.8173 3806.9062
1743736495.9213 3806.9062
1743736496.0252 3808.7109
1743736496.1291 3808.7109
1743736496.2331 3811.5469
1743736496.3371 3811.5469
1743736496.4409 3812.5781
1743736496.5449 3814.6406
1743736496.6489 3814.6406
1743736496.7529 3815.6719
1743736496.8569 3819.0234
1743736496.9611 3819.0234
1743736497.0651 3819.5391
1743736497.1692 3822.8906
1743736497.2733 3822.8906
1743736497.3773 3824.1797
1743736497.4814 3826.7578
1743736497.5854 3826.7578
1743736497.6896 3828.8203
1743736497.7936 3828.8203
1743736497.8976 3831.3984
1743736498.0014 3831.3984
1743736498.1054 3831.3984
1743736498.2093 3834.7500
1743736498.3132 3834.7500
1743736498.4172 3835.0078
1743736498.5211 3838.3594
1743736498.6250 3838.3594
1743736498.7288 3838.8750
1743736498.8328 3842.2266
1743736498.9367 3842.2266
1743736499.0407 3845.0625
1743736499.1447 3846.0938
1743736499.2486 3846.0938
1743736499.3526 3846.8672
1743736499.4566 3850.2188
1743736499.5606 3850.2188
1743736499.6647 3854.0859
1743736499.7687 3854.6016
1743736499.8728 3854.6016
1743736499.9768 3858.2109
1743736500.0809 3858.7266
1743736500.1851 3863.6250
1743736500.2892 3863.6250
1743736500.3933 3865.1719
1743736500.4974 3865.6875
1743736500.6017 3865.6875
1743736500.7058 3869.2969
1743736500.8099 3869.8125
1743736500.9141 3869.8125
1743736501.0181 3873.6797
1743736501.1221 3874.1953
1743736501.2259 3874.1953
1743736501.3299 3878.0625
1743736501.4337 3878.3203
1743736501.5375 3878.3203
1743736501.6413 3881.9297
1743736501.7451 3882.1875
1743736501.8489 3882.1875
1743736501.9528 3882.7031
1743736502.0567 3886.0547
1743736502.1606 3886.0547
1743736502.2644 3886.3125
1743736502.3683 3889.9219
1743736502.4722 3889.9219
1743736502.5762 3889.9219
1743736502.6801 3892.2422
1743736502.7841 3892.2422
1743736502.8881 3895.3359
1743736502.9921 3895.3359
1743736503.0959 3897.1406
1743736503.2001 3897.3984
1743736503.3041 3897.3984
1743736503.4081 3899.9766
1743736503.5121 3900.2344
1743736503.6161 3900.2344
1743736503.7202 3900.4922
1743736503.8242 3904.1016
1743736503.9283 3904.1016
1743736504.0324 3905.9062
1743736504.1366 3906.1641
1743736504.2408 3906.1641
1743736504.3451 3908.2266
1743736504.4492 3908.4844
1743736504.5534 3908.4844
1743736504.6577 3910.8047
1743736504.7618 3911.0625
1743736504.8659 3911.0625
1743736504.9701 3913.6406
1743736505.0742 3913.8984
1743736505.1782 3913.8984
1743736505.2822 3913.8984
1743736505.3862 3916.4766
1743736505.4903 3916.4766
1743736505.5944 3918.2812
1743736505.6986 3918.2812
1743736505.8027 3919.8281
1743736505.9069 3919.8281
1743736506.0111 3920.3438
1743736506.1152 3920.3438
1743736506.2194 3923.4375
1743736506.3236 3923.6953
1743736506.4277 3923.6953
1743736506.5317 3923.6953
1743736506.6357 3926.2734
1743736506.7397 3926.2734
1743736506.8436 3927.8203
1743736506.9475 3927.8203
1743736507.0513 3930.3984
1743736507.1552 3930.3984
1743736507.2591 3930.3984
1743736507.3629 3931.6875
1743736507.4668 3931.6875
1743736507.5707 3934.7812
1743736507.6746 3934.7812
1743736507.7784 3934.7812
1743736507.8822 3937.1016
1743736507.9859 3937.1016
1743736508.0896 3937.1016
1743736508.1933 3938.6484
1743736508.2969 3938.6484
