1743736085.356365 0.018555 0.000000 0.000000 0.000000 0.000000 0.000000
1743736085.460357 0.296892 3.806026 19.962672 40.969422 6.282531 71.317543
1743736085.564231 0.009711 4.039045 20.225236 29.514522 9.120285 62.908799
1743736085.668092 0.010925 3.705507 21.921776 29.414237 9.466615 64.519060
1743736085.772093 0.012726 3.633632 21.689973 28.683564 8.994226 63.014121
1743736085.875966 0.012247 3.584696 21.128712 28.260193 8.954279 61.940127
1743736085.979969 0.011200 3.701278 21.391120 29.596002 9.430561 64.130161
1743736086.083966 0.017900 3.605117 22.792903 31.388972 8.498484 66.303376
1743736086.187968 0.011847 3.593757 21.763284 30.328740 7.880120 63.577748
1743736086.291843 0.011878 3.661050 21.981737 34.825028 9.432556 69.912249
1743736086.395844 0.009452 3.551696 23.958728 36.885025 7.279034 71.683935
1743736086.499841 0.010281 3.554312 23.446001 35.132633 7.487998 69.631225
1743736086.603716 0.011752 3.561774 23.667155 36.965065 7.980168 72.185914
1743736086.707719 0.009010 3.596311 25.195294 38.765384 7.233162 74.799161
1743736086.811716 0.011421 4.164262 25.642664 39.853491 10.522352 80.194190
1743736086.915718 0.007227 3.554514 25.614924 39.919648 6.467332 75.563645
1743736087.019716 0.011218 4.347794 27.166190 43.795310 10.646746 85.967258
1743736087.123716 0.006946 3.625009 27.049552 44.411346 6.509283 81.602136
1743736087.227721 0.006900 3.645710 25.694745 45.621424 6.709413 81.678192
1743736087.331719 0.007698 3.642133 26.104800 46.856033 6.602314 83.212978
1743736087.435722 0.007076 3.678809 27.745397 45.972991 6.527050 83.931323
1743736087.539596 0.006836 3.650999 26.975324 47.962966 6.534309 85.130434
1743736087.643594 0.007113 3.641877 26.897661 50.014159 6.539905 87.100715
1743736087.747592 0.006875 3.602834 26.089621 53.056435 6.535823 89.291588
1743736087.851489 0.006984 3.602463 27.436981 51.749019 6.548146 89.343593
1743736087.955467 0.007097 3.634396 26.970586 50.189497 6.522601 87.324177
1743736088.059466 0.006907 3.557852 28.055354 49.795636 6.529833 87.945582
1743736088.163499 0.007187 3.612594 28.515669 52.265688 6.509633 90.910771
1743736088.267344 0.006721 3.578097 26.865624 50.480610 6.458321 87.389373
1743736088.371347 0.007205 3.652518 27.499292 56.341902 6.532591 94.033508
1743736088.475358 0.007360 3.588102 27.932869 54.980766 6.573731 93.082828
1743736088.579368 0.006181 3.735653 27.453245 60.708116 6.683109 98.586304
1743736088.683342 0.006261 3.903302 28.859637 58.905652 6.759446 98.434298
1743736088.787217 0.005997 3.907693 29.340225 62.644514 6.750522 102.648951
1743736088.891114 0.007220 3.700088 29.226364 58.829624 6.640773 98.404069
1743736088.995095 0.006872 3.672135 27.641035 57.132016 6.620410 95.072468
1743736089.099095 0.006689 3.658681 27.197613 53.349411 6.605544 90.817938
1743736089.203094 0.007258 3.635207 28.736448 58.045278 6.489835 96.914026
1743736089.306967 0.007267 3.665810 27.330026 56.968766 6.542174 94.514043
1743736089.410968 0.006838 3.571494 28.395869 57.172619 6.574303 95.721123
1743736089.514745 0.007035 3.606214 27.384356 55.209267 6.610910 92.817782
1743736089.618720 0.006783 3.568890 27.603555 56.661810 6.531555 94.372593
1743736089.722597 0.006872 3.574281 28.751594 56.355276 6.434953 95.122976
1743736089.826470 0.007187 3.614986 29.956880 60.791080 6.513505 100.883638
1743736089.930469 0.008014 3.719729 28.827536 57.941574 6.486351 96.983204
1743736090.034341 0.007144 3.632087 28.425713 58.158228 6.438137 96.661309
1743736090.138095 0.007369 3.619598 28.228023 55.973890 6.483051 94.311931
1743736090.241842 0.007600 3.576151 28.290243 56.698409 6.423042 94.995445
1743736090.345593 0.007344 3.549525 28.211467 58.160652 6.420617 96.349605
1743736090.449220 0.007535 3.528506 28.252691 55.505447 6.411465 93.705644
1743736090.552992 0.007033 3.520317 29.334705 56.660347 6.464161 95.986563
1743736090.656604 0.007751 3.610051 29.423594 58.037091 6.496152 97.574639
1743736090.760098 0.006067 3.570630 27.921765 62.320545 6.472982 100.291989
1743736090.863865 0.006805 3.808865 29.965401 61.319021 6.739508 101.839600
1743736090.967472 0.007378 3.894222 31.171452 62.118467 6.826098 104.017617
1743736091.070967 0.007658 3.856948 29.672656 59.040865 6.836647 99.414774
1743736091.174595 0.007645 3.824750 29.149081 63.362018 6.786187 103.129681
1743736091.278183 0.007821 3.815523 29.908643 62.259836 6.848018 102.839841
1743736091.381865 0.007551 3.865656 30.633546 61.897567 6.828018 103.232338
1743736091.485467 0.007504 3.879769 28.573487 60.963580 6.867637 100.291977
1743736091.589242 0.007331 3.885761 29.255171 60.965686 6.894361 101.008310
1743736091.692843 0.011900 3.864736 28.887089 60.561107 6.924862 100.249694
1743736091.796746 0.007473 3.852693 29.000787 59.959533 6.867118 99.687604
1743736091.900343 0.007529 3.882970 28.938847 59.693588 6.788780 99.311714
1743736092.004118 0.007228 3.762052 28.875537 57.933347 6.853035 97.431199
1743736092.107843 0.007440 3.817405 29.349392 55.427187 6.812397 95.413821
1743736092.211620 0.007188 3.781305 27.737696 55.764990 6.651769 93.942948
1743736092.315342 0.007664 3.569790 26.838456 52.656158 6.440019 89.512087
1743736092.419243 0.007009 3.498910 26.403467 51.638271 6.320775 87.868432
1743736092.523029 0.007018 3.494129 26.564264 52.969039 6.234903 89.269353
1743736092.626849 0.006759 3.479022 27.095614 50.942816 6.201418 87.725629
1743736092.730636 0.007287 3.478466 26.579034 51.533302 6.258766 87.856855
1743736092.834472 0.006742 3.466590 25.509310 52.579732 6.237326 87.799700
1743736092.938222 0.006892 3.457864 27.845569 50.058295 6.208138 87.576758
1743736093.042095 0.007147 3.441892 25.596379 55.644830 6.225397 90.915645
1743736093.146097 0.006061 3.647335 26.922778 49.635083 6.233986 86.445243
1743736093.250145 0.006861 3.442128 26.000554 52.202416 6.186933 87.838892
1743736093.354100 0.006943 3.455793 26.511166 49.652715 6.201164 85.827781
1743736093.458225 0.007035 3.428429 26.323129 49.070975 6.208162 85.037730
1743736093.562468 0.006851 3.447890 25.980123 49.117771 6.150354 84.702989
1743736093.666725 0.007190 3.489483 27.131336 48.638572 6.161978 85.428559
1743736093.770975 0.007102 3.487554 25.307307 47.754251 6.215496 82.771710
1743736093.875472 0.007092 3.727644 26.833636 48.526566 6.672417 85.767355
1743736093.979868 0.006646 3.445709 26.641631 48.044799 6.189120 84.327905
1743736094.084369 0.007635 3.425249 25.733640 51.356907 6.172025 86.695456
1743736094.188725 0.006999 3.447257 25.366226 47.130755 6.190808 82.142045
1743736094.293221 0.008152 3.490494 26.321792 49.635144 6.439269 85.894851
1743736094.397595 0.006791 3.437069 24.710147 48.581777 6.172098 82.907882
1743736094.501989 0.006903 3.476577 24.615883 45.959373 6.171193 80.229929
1743736094.606222 0.007953 3.474836 26.219626 50.452569 6.379280 86.534264
1743736094.710475 0.006076 3.691125 26.835686 50.241139 6.236139 87.010165
1743736094.814722 0.007247 3.470576 25.940822 54.453492 6.177221 90.049358
1743736094.918849 0.007487 3.465123 27.615288 52.506136 6.272497 89.866531
1743736095.022976 0.006865 3.529292 30.455532 55.290162 6.397779 95.679630
1743736095.126972 0.007160 3.651215 28.015589 53.848274 6.558814 92.081052
1743736095.231097 0.011934 3.634666 31.849719 53.995865 6.615613 96.107797
1743736095.335111 0.007339 3.818212 30.628829 56.920870 6.715062 98.090312
1743736095.439225 0.007241 3.741088 29.288239 56.688215 6.759208 96.483991
1743736095.543225 0.007240 3.672858 30.714212 55.591469 6.739499 96.725278
1743736095.647225 0.006916 3.731440 31.838282 57.090293 6.758597 99.425528
1743736095.751225 0.007083 3.704243 29.373199 52.872899 6.776037 92.733461
1743736095.855105 0.007453 3.688681 33.943983 58.328250 6.704245 102.672612
1743736095.958975 0.007218 3.754311 32.705390 54.529279 6.718827 97.715025
1743736096.062855 0.007211 3.784050 30.938747 58.614299 6.815445 100.159752
1743736096.166845 0.007595 3.843079 33.462534 53.648378 6.834062 97.795648
1743736096.270725 0.007538 3.829884 33.104966 54.945132 6.848677 98.736197
1743736096.374595 0.007393 3.814829 32.903207 57.110905 6.844340 100.680674
1743736096.478595 0.007806 3.785330 32.045827 55.256660 6.863359 97.958982
1743736096.582475 0.006989 3.749722 34.052864 55.223578 6.731771 99.764924
1743736096.686495 0.007414 3.810850 32.666356 56.147330 6.810104 99.442054
1743736096.790475 0.007315 3.731352 31.402008 53.551466 6.777764 95.469905
1743736096.894495 0.007548 3.646661 30.881660 56.246460 6.677398 97.459727
1743736096.998365 0.006907 3.644071 33.337835 50.904261 6.659372 94.552446
1743736097.102375 0.006927 3.692430 32.084561 51.162020 6.538869 93.484807
1743736097.206225 0.007178 3.664223 31.517006 48.856755 6.457914 90.503076
1743736097.310225 0.006790 3.642338 29.836122 45.232319 6.374323 85.091892
1743736097.414225 0.006830 3.671793 31.424077 44.763094 6.321474 86.187268
1743736097.518225 0.006812 3.640340 30.031644 47.318026 6.324303 87.321125
1743736097.622225 0.006596 3.605387 28.539340 44.647914 6.305154 83.104391
1743736097.726225 0.007451 3.636372 27.606645 42.427533 6.433582 80.111583
1743736097.830225 0.008907 3.691538 27.581834 42.040151 6.764268 80.086698
1743736097.934245 0.007354 3.617414 28.185767 40.375435 6.330232 78.516202
1743736098.038245 0.008892 3.591906 29.379430 41.941319 6.973740 81.895287
1743736098.142225 0.007078 3.563276 26.666759 40.291145 6.238835 76.767093
1743736098.246225 0.010026 3.549797 27.487458 41.407714 7.269388 79.724383
1743736098.350095 0.007246 3.607070 26.846809 42.028503 6.283869 78.773497
1743736098.454115 0.009003 3.599554 27.269407 42.123815 6.626090 79.627869
1743736098.557975 0.007583 3.578969 27.706368 41.087996 6.320817 78.701733
1743736098.661975 0.007884 3.580879 28.763609 40.172675 6.397757 78.922804
1743736098.765845 0.009229 3.603924 26.178970 40.934041 7.237013 77.963177
1743736098.869725 0.008002 3.570212 26.432480 41.024023 6.321904 77.356621
1743736098.973605 0.009254 3.609537 26.570550 43.976143 6.656310 80.821794
1743736099.077605 0.006666 3.638233 29.182078 45.624807 6.140422 84.592206
1743736099.181495 0.007507 3.602875 28.723292 43.196415 6.069758 81.599847
1743736099.285225 0.008228 3.640425 28.756314 43.268244 6.176849 81.850060
1743736099.389105 0.007821 3.672756 28.744106 42.746598 6.147704 81.318985
1743736099.492855 0.007784 3.626691 28.651523 39.939436 6.387452 78.612886
1743736099.596605 0.008402 3.663457 26.960630 41.264541 6.448144 78.345174
1743736099.700355 0.008661 3.648308 29.061023 42.308781 6.501589 81.528362
1743736099.804125 0.007620 3.698401 27.950433 40.767824 6.145057 78.569335
1743736099.907855 0.007811 3.786270 28.589605 43.033713 6.454382 81.871781
1743736100.011605 0.006444 3.697005 27.848412 43.748610 6.136550 81.437021
1743736100.115355 0.008800 4.716018 30.367259 45.434047 10.559325 91.085449
1743736100.219105 0.007407 3.702458 25.836032 41.959634 6.344902 77.850433
1743736100.322845 0.009106 3.600917 25.422264 43.931664 6.570174 79.534125
1743736100.426605 0.007061 3.565185 27.029725 44.788422 6.091437 81.481830
1743736100.530375 0.007962 3.600558 25.009037 41.277490 6.243209 76.138256
1743736100.634105 0.009932 3.627552 25.660507 40.557024 7.204599 77.059614
1743736100.737855 0.008549 3.610730 26.129886 42.876521 6.310828 78.936514
1743736100.841605 0.008427 3.594050 24.628648 40.779865 6.382048 75.393038
1743736100.945355 0.010201 3.579961 26.061191 41.721053 7.096778 78.469184
1743736101.049125 0.007218 3.574878 26.565390 44.040839 6.131284 80.319609
1743736101.152855 0.007372 3.581756 24.601192 43.915456 6.029881 78.135657
1743736101.256735 0.009603 3.588547 25.341971 42.664386 6.822432 78.426939
1743736101.360485 0.008168 3.561631 24.294063 40.654497 6.310644 74.829003
1743736101.464355 0.010074 3.575271 24.525663 41.138708 7.141999 76.391715
1743736101.568115 0.008635 3.526189 24.540100 43.467581 6.375515 77.918020
1743736101.671975 0.008505 3.526893 23.728881 43.597906 6.359678 77.221863
1743736101.775865 0.009134 3.537563 23.037702 43.779724 6.603045 76.967168
1743736101.879605 0.008832 3.542206 23.671134 42.394481 6.475388 76.092041
1743736101.983485 0.008777 3.554339 23.002653 39.864006 6.454328 72.884103
1743736102.087235 0.010546 3.505415 22.789629 44.496970 7.619884 78.422444
1743736102.191105 0.008212 3.519730 23.524270 39.779451 5.973734 72.805397
1743736102.294875 0.011421 4.208344 22.817602 41.779544 10.316631 79.133542
1743736102.398725 0.006947 3.501235 22.195563 43.306246 5.803872 74.813863
1743736102.502525 0.009461 3.476432 23.211243 41.410783 6.880371 74.988290
1743736102.606355 0.013640 3.486874 24.820091 39.984215 6.383150 74.687970
1743736102.710115 0.010186 3.442250 23.643218 42.160629 6.724480 75.980763
1743736102.814025 0.008345 3.360940 22.473499 39.716732 6.264097 71.823613
1743736102.917855 0.010832 3.412260 23.078908 37.521031 7.511543 71.534574
1743736103.021755 0.010395 3.405052 21.626763 37.523763 7.149961 69.715934
1743736103.125475 0.011082 3.357021 19.793288 33.980464 7.313868 64.455723
1743736103.229455 0.011456 3.467205 21.355344 34.677243 8.183571 67.694819
1743736103.333225 0.011123 3.451370 20.986785 35.049224 7.929272 67.427774
1743736103.437105 0.011022 3.393677 20.154499 36.385876 7.482885 67.427959
1743736103.540855 0.011841 3.401507 18.656022 32.309619 7.403794 61.782783
1743736103.644725 0.010950 3.448903 18.928399 34.437778 8.053347 64.879377
1743736103.748475 0.017193 3.451777 18.939109 32.974895 7.850803 63.233777
1743736103.852235 0.011600 3.538792 19.721213 33.559117 8.541366 65.372088
1743736103.955975 0.012895 3.462997 18.597375 35.350433 7.733916 65.157616
1743736104.059875 0.011572 3.542873 19.032578 33.444538 8.622084 64.653645
1743736104.163605 0.012102 3.556730 19.027165 34.295028 8.194953 65.085978
1743736104.267355 0.007794 3.562610 20.483302 34.537274 5.878851 64.469831
1743736104.371125 0.012044 3.554214 20.117615 34.436827 8.744351 66.865051
1743736104.474985 0.010725 3.543262 20.106806 33.430493 7.795198 64.886484
1743736104.578755 0.010498 4.021225 21.717468 37.856479 9.842264 73.447934
1743736104.682505 0.011972 4.157663 20.708287 35.850556 10.618546 71.347024
1743736104.786235 0.010426 3.575243 21.871331 36.186174 7.774267 69.417441
1743736104.889855 0.009936 3.613840 21.836757 37.017310 7.434724 69.912567
1743736104.993605 0.009654 3.541040 22.739086 37.922391 6.855766 71.067937
1743736105.097355 0.009485 3.530708 22.604371 35.201026 6.899243 68.244833
1743736105.201105 0.011125 3.512663 21.024976 36.603855 7.526977 68.679596
1743736105.304975 0.011005 3.553196 20.837895 34.315078 7.686876 66.404050
1743736105.408735 0.011111 3.587442 23.998637 37.814700 8.280279 73.692169
1743736105.512485 0.009139 3.533404 21.504639 36.943689 6.796350 68.787221
1743736105.616355 0.024015 3.594455 21.907557 36.031303 8.319132 69.876462
1743736105.720135 0.009538 3.549288 22.318982 35.680866 7.160277 68.718951
1743736105.823855 0.010525 3.575748 21.906733 35.695388 7.753956 68.942350
1743736105.927725 0.009853 3.549390 21.416288 35.679617 6.936027 67.591175
1743736106.031495 0.010769 3.542732 22.400173 36.145476 7.841302 69.940452
1743736106.135255 0.009695 3.575268 22.019837 37.346257 7.401611 70.352668
1743736106.238985 0.010564 3.603437 22.846295 36.869845 7.579078 70.909219
1743736106.342605 0.009492 3.621489 22.483864 37.875794 6.918702 70.909341
1743736106.446355 0.009825 3.671815 22.286192 36.841796 7.020361 69.829989
1743736106.550105 0.010261 3.648071 23.469543 39.715616 7.628354 74.471845
1743736106.653875 0.008767 3.684165 23.173000 38.400071 6.610494 71.876497
1743736106.757605 0.007978 4.521941 25.326690 42.328878 9.853419 82.038906
1743736106.861355 0.008738 3.672142 23.216530 41.558704 6.848930 75.305044
1743736106.965115 0.008650 3.663671 23.167055 40.153780 6.833658 73.826814
1743736107.068855 0.009874 3.624114 25.058549 39.860760 6.956709 75.510006
1743736107.172735 0.008665 3.644838 22.291401 43.019240 6.633626 75.597770
1743736107.276485 0.009601 3.560636 21.976541 41.475804 6.857048 73.879630
1743736107.380235 0.009499 3.562122 22.806680 40.248543 7.053842 73.680686
1743736107.484105 0.009719 3.532362 23.791433 39.114516 7.079869 73.527899
1743736107.587855 0.009719 3.531677 26.382689 41.693537 7.420137 79.037759
1743736107.691615 0.006995 3.577105 25.520218 39.082960 6.223776 74.411054
1743736107.795385 0.010453 3.520737 23.613154 40.463145 7.552108 75.159597
1743736107.899235 0.008934 3.606306 24.580592 39.673567 6.826555 74.695954
1743736108.002985 0.011396 3.688795 24.756437 39.826999 6.305222 74.588849
1743736108.106735 0.010701 3.539927 22.917857 40.463488 7.352694 74.284667
1743736108.210605 0.009198 3.530660 23.336962 40.198757 6.826139 73.901716
1743736108.314355 0.009801 3.597456 24.494019 42.772828 7.082352 77.956456
1743736108.418235 0.008101 3.556364 24.562670 39.883290 6.306142 74.316567
1743736108.521985 0.010997 3.544316 23.962413 38.119726 7.463455 73.100907
1743736108.625735 0.008303 3.516522 24.170439 41.162305 6.783180 75.640749
1743736108.729615 0.009813 4.472282 25.355396 41.230860 9.285610 80.353961
1743736108.833485 0.006740 3.523623 24.080262 39.474977 6.065470 73.151072
1743736108.937355 0.010247 3.488557 24.749360 42.411011 7.576350 78.235525
1743736109.041105 0.007255 3.468636 23.077131 40.533705 5.969097 73.055824
1743736109.144985 0.011198 3.391178 22.929899 40.662971 7.712131 74.707377
1743736109.248735 0.012581 3.463360 25.207006 41.016100 6.703716 76.402763
1743736109.352635 0.008986 3.453997 24.143581 41.028446 6.359512 74.994522
1743736109.456365 0.008550 3.476172 24.585769 41.859686 6.443000 76.373177
1743736109.560235 0.008223 3.457277 26.489501 42.528050 6.340420 78.823471
1743736109.664115 0.007881 3.519991 24.527666 40.389761 6.114557 74.559856
1743736109.767855 0.010402 3.524296 25.016558 43.090620 7.329932 78.971808
1743736109.871605 0.007534 3.591746 27.587908 45.000627 6.206369 82.394184
1743736109.975385 0.006893 3.580129 28.065495 44.086000 6.049001 81.787518
1743736110.079235 0.010013 3.830189 27.704375 43.099965 7.901400 82.545942
1743736110.182985 0.006738 4.070247 27.717048 44.446738 6.209606 82.450377
1743736110.286865 0.007925 4.629534 27.400979 46.571670 10.160449 88.770557
1743736110.390735 0.006064 4.265596 27.796523 47.849704 6.319551 86.237438
1743736110.494505 0.006180 3.653024 28.372805 43.064830 6.272058 81.368897
1743736110.598355 0.009025 4.432341 27.298564 46.325196 10.193538 88.258664
1743736110.702235 0.007040 3.723771 28.303724 48.269737 6.316893 86.621165
1743736110.806115 0.006978 3.733904 29.819365 44.918245 6.307041 84.785533
1743736110.909985 0.007163 3.742691 28.949326 44.952580 6.291869 83.943629
1743736111.013865 0.007172 3.742504 28.937820 45.945253 6.265964 84.898713
1743736111.117855 0.007004 3.737148 30.090731 46.474579 6.259515 86.568977
1743736111.221735 0.006707 3.781222 29.113358 49.228255 6.248396 88.377938
1743736111.325615 0.007641 3.782121 28.634508 45.657681 6.286440 84.368391
1743736111.429505 0.006024 3.958318 31.134593 48.140810 6.377994 89.617739
1743736111.533485 0.007121 3.753890 28.948849 47.326942 6.257067 86.293869
1743736111.637365 0.007145 3.810257 31.084752 49.350154 6.468932 90.721240
1743736111.741235 0.006864 3.798300 29.617377 49.770630 6.449681 89.642852
1743736111.845235 0.007235 3.792929 29.468379 45.924529 6.279998 85.473070
1743736111.949115 0.007025 3.783250 29.613226 49.780406 6.283767 89.467674
1743736112.053115 0.006794 3.781250 28.364199 47.070056 6.290350 85.512649
1743736112.156995 0.006962 3.733516 28.774097 46.848882 6.262348 85.625805
1743736112.260975 0.006881 3.721988 26.783084 43.116156 6.224196 79.852305
1743736112.364855 0.007673 3.731040 26.433265 45.383509 6.356367 81.911854
1743736112.468865 0.006787 3.709526 24.937380 43.049901 6.209430 77.913024
1743736112.572855 0.008459 3.681710 24.900926 39.523937 6.535288 74.650320
1743736112.676965 0.010877 3.678033 23.841566 41.297336 7.380672 76.208484
1743736112.780965 0.007782 3.634111 24.625509 38.282833 6.189870 72.740105
1743736112.884965 0.010882 3.657605 23.709823 39.495315 7.671564 74.545189
1743736112.988865 0.006570 5.027348 24.339149 36.855756 7.843993 74.072816
1743736113.092845 0.010291 3.641411 25.568689 37.608573 7.434702 74.263666
1743736113.196835 0.009181 3.601974 23.720848 35.201347 6.754234 69.287584
1743736113.300645 0.012051 3.634752 22.841464 33.761918 8.126966 68.377151
1743736113.404485 0.012155 3.998242 23.996547 37.018679 10.053073 75.078696
1743736113.508365 0.012487 4.058408 23.500338 33.789434 9.922098 71.282765
1743736113.612115 0.011476 4.329054 25.571745 34.482496 10.455286 74.850057
1743736113.715985 0.009213 3.610088 23.887020 32.084786 6.471720 66.062827
1743736113.819865 0.012430 3.612598 21.733025 32.362584 8.130522 65.851159
1743736113.923605 0.011733 3.647970 21.216892 30.396391 7.836999 63.109985
1743736114.027505 0.010388 4.014076 20.158366 29.699911 8.865582 62.748323
1743736114.131235 0.010534 3.936136 19.190853 29.223509 9.586587 61.947619
1743736114.234985 0.011818 4.209777 21.642606 28.449821 9.178943 63.492965
1743736114.338755 0.011537 3.500830 18.048848 27.302714 8.188967 57.052896
1743736114.442385 0.010250 3.678300 18.358862 28.096761 8.512851 58.657024
1743736114.545985 0.011479 3.550047 17.224033 24.156694 8.866416 53.808669
1743736114.649755 0.011297 4.175339 18.438007 23.554492 10.264087 56.443222
1743736114.753365 0.010325 4.078834 19.052489 25.644120 9.792037 58.577805
1743736114.857235 0.011677 3.654100 18.053024 27.156542 8.850433 57.725776
1743736114.960765 0.010111 4.301881 18.916740 28.546185 9.838857 61.613774
1743736115.064355 0.010423 3.625285 18.226489 25.354699 8.500661 55.717557
1743736115.168135 0.010750 4.529053 19.164884 26.793875 10.188548 60.687110
1743736115.271805 0.010397 4.075859 19.073915 26.693982 9.947924 59.802077
1743736115.375605 0.009986 4.127506 20.074256 30.099724 9.703546 64.015018
1743736115.479365 0.011295 3.663745 19.345832 30.184446 8.296230 61.501548
1743736115.583305 0.010034 4.237404 18.902718 32.227874 10.015065 65.393095
1743736115.686765 0.010357 3.904308 19.650996 30.328866 9.643519 63.538046
1743736115.790615 0.011122 3.682683 20.504536 28.049507 8.498690 60.746538
1743736115.894365 0.011121 3.627521 20.694750 30.608860 8.775801 63.718053
1743736115.998135 0.011245 3.576691 21.186299 33.723369 8.034072 66.531676
1743736116.101865 0.011042 3.575611 19.560671 31.906786 7.778408 62.832518
1743736116.205735 0.011920 3.593627 19.839254 30.881321 8.655267 62.981389
1743736116.309635 0.010717 3.668753 19.022032 30.768134 8.534748 62.004384
1743736116.413365 0.007096 3.584431 20.692640 32.304116 5.999099 62.587382
1743736116.517115 0.011497 3.688990 20.554155 34.310309 9.046920 67.611871
1743736116.621005 0.010411 3.607227 20.999656 34.788442 7.771405 67.177141
1743736116.724865 0.010019 3.614824 21.164088 35.856280 7.291933 67.937144
1743736116.828615 0.009407 3.869587 23.065441 35.262785 7.473366 69.680586
1743736116.932495 0.010575 3.670322 21.810176 33.587142 7.904859 66.983074
1743736117.036235 0.011704 3.700551 22.493021 34.337929 8.282369 68.825574
1743736117.140115 0.011723 3.670693 22.544599 37.858991 8.103971 72.189977
1743736117.243865 0.008773 3.750600 23.049576 36.442118 6.838733 70.089800
1743736117.347755 0.011113 3.655583 21.921940 39.321410 7.842206 72.752252
1743736117.451495 0.006219 3.820624 22.947452 42.216717 6.391700 75.382712
1743736117.555235 0.008924 3.655435 22.200520 39.182583 6.923048 71.970510
1743736117.658995 0.009989 3.555253 23.536999 38.519569 7.474642 73.096452
1743736117.762735 0.009055 3.606015 22.969683 37.428921 6.963659 70.977333
1743736117.866495 0.009095 3.610032 21.717432 36.243224 7.072676 68.652459
1743736117.970245 0.010791 3.531927 21.781448 36.749808 7.635238 69.709212
1743736118.073985 0.011936 6.710778 23.034294 39.746810 11.951363 81.455181
1743736118.177735 0.007120 4.634970 24.019076 42.422848 9.377976 80.461990
1743736118.281495 0.008090 3.554788 22.655153 37.672042 6.688039 70.578112
1743736118.385255 0.009949 3.541703 23.849275 40.105989 7.478862 74.985778
1743736118.489025 0.008162 3.565379 22.202109 39.727056 6.321223 71.823929
1743736118.592735 0.010912 3.598436 22.753827 39.962626 7.712860 74.038661
1743736118.696495 0.007541 3.606721 24.516140 41.080662 6.158598 75.369662
1743736118.800285 0.010023 3.638452 24.253775 40.027374 7.343217 75.272841
1743736118.904005 0.008469 3.607672 24.508090 41.428148 6.517043 76.069422
1743736119.007745 0.007045 3.662534 24.530401 42.083457 6.242868 76.526305
1743736119.111575 0.009214 3.651093 26.196200 42.344181 7.084774 79.285462
1743736119.215145 0.005885 3.708603 25.030844 40.521653 6.217265 75.484250
1743736119.318865 0.009034 3.701833 25.944400 38.953228 6.933540 75.542035
1743736119.422485 0.006365 3.695876 27.004950 40.913454 6.341425 77.962070
1743736119.526245 0.009109 3.691404 25.510624 44.831885 6.975722 81.018744
1743736119.630035 0.006502 3.707724 26.371057 44.089046 6.315742 80.490071
1743736119.736785 0.008015 3.741980 25.550115 44.570856 6.723698 80.594664
1743736119.837565 0.006852 3.756402 26.774070 42.625509 6.252868 79.415701
1743736119.941265 0.008815 3.755922 25.202622 44.690796 6.521784 80.179939
1743736120.045025 0.008297 3.712404 26.202775 44.256598 6.249064 80.429138
1743736120.148755 0.007922 3.670952 25.859333 42.440061 6.302875 78.281143
1743736120.252525 0.008181 3.684141 24.007608 42.446446 6.371669 76.518045
1743736120.356275 0.009156 3.643444 24.128695 41.322837 6.961690 76.065822
1743736120.460005 0.008283 3.634349 24.737401 41.347760 6.648260 76.376053
1743736120.563805 0.007835 3.656790 23.452811 43.807826 6.566308 77.491570
1743736120.667525 0.008938 3.639294 23.913178 42.841976 6.611964 77.015350
1743736120.771325 0.008847 3.632244 23.860572 40.345350 6.648213 74.495226
1743736120.874995 0.012655 3.614011 22.753845 40.383468 6.802428 73.566407
1743736120.978755 0.010309 3.652414 23.174002 41.259501 7.288930 75.385156
1743736121.082665 0.008763 3.633066 23.810706 42.565004 6.419067 76.436606
1743736121.186425 0.010874 4.595677 24.184454 46.178590 10.813369 85.782964
1743736121.290175 0.006084 3.631861 22.462935 41.764262 6.315314 74.180456
1743736121.393945 0.011347 4.028937 23.254325 41.662488 10.657412 79.614509
1743736121.497675 0.006706 3.706772 23.166418 42.604133 6.151232 75.635261
1743736121.601385 0.009079 3.646229 23.086757 44.335025 6.989071 78.066161
1743736121.708865 0.008994 3.690182 24.082316 42.578292 6.577887 76.937671
1743736121.809315 0.007787 3.651871 23.115722 43.743216 6.221578 76.740174
1743736121.912645 0.010171 3.636562 23.364110 42.787795 6.981101 76.779739
1743736122.016435 0.008525 3.613042 25.128611 44.320211 6.473840 79.544229
1743736122.120145 0.008151 3.542171 22.332343 36.557933 6.201045 68.641643
1743736122.224055 0.010997 3.526260 22.860514 39.442849 7.917041 73.757661
1743736122.327775 0.008708 3.517896 20.965438 41.201815 6.216680 71.910537
1743736122.433105 0.011269 3.475981 21.866083 39.421722 7.751563 72.526618
1743736122.535175 0.009392 4.154174 22.808554 40.026856 10.208118 77.207094
1743736122.638895 0.009328 3.454045 20.656589 38.530408 6.585489 69.235859
1743736122.742635 0.012050 3.411657 19.018355 33.851632 8.059282 64.352976
1743736122.846445 0.009648 3.512044 18.734168 35.612113 7.236827 65.104800
1743736122.950145 0.010139 3.518247 18.835025 32.894999 9.247438 64.505848
1743736123.053915 0.012029 3.198704 18.141057 32.212859 8.303297 61.867946
1743736123.157815 0.012592 3.212715 18.136522 30.333793 8.707537 60.403159
1743736123.261555 0.011106 3.229909 17.202503 29.277117 8.352765 58.073400
1743736123.365275 0.011499 3.374505 16.232960 30.184232 8.906581 58.709777
1743736123.469015 0.012272 3.310429 17.375856 29.735610 8.728784 59.162951
1743736123.572895 0.011364 3.389481 16.884320 30.961892 8.877615 60.124672
1743736123.676765 0.006075 4.818148 21.030216 31.377065 6.556359 63.787863
1743736123.780595 0.012263 3.405002 16.634611 29.324399 8.275331 57.651606
1743736123.884395 0.012042 3.565378 17.253578 32.285080 9.352991 62.469069
1743736123.988205 0.012023 3.516146 17.724955 32.772443 8.837408 62.862975
1743736124.092095 0.012700 3.912724 18.327033 33.732244 7.972976 63.957677
1743736124.195845 0.011579 3.459883 17.849711 30.991714 8.004272 60.317159
1743736124.299625 0.012146 3.524087 16.868351 31.553039 8.947890 60.905513
1743736124.403475 0.010865 3.489637 16.867378 31.226615 8.257936 59.852431
1743736124.507245 0.007486 3.567283 16.726859 33.111627 5.910804 59.324059
1743736124.611005 0.011655 3.555983 16.862610 32.410332 9.001601 61.842181
1743736124.714875 0.011487 3.529535 16.883851 34.084764 8.725120 63.234757
1743736124.818625 0.011553 3.508478 18.899897 30.760416 7.457485 60.637829
1743736124.922375 0.012138 3.575707 18.791913 32.965168 8.739941 64.084867
1743736125.026115 0.011743 3.605945 18.621164 31.429046 8.502074 62.169972
1743736125.129865 0.011757 3.627604 18.832182 36.603761 8.911045 67.986349
1743736125.233625 0.010701 3.602948 18.541434 31.591250 7.314225 61.060558
1743736125.337375 0.012107 3.633047 18.160919 35.344921 8.987008 66.138002
1743736125.441125 0.011881 3.576804 19.452502 34.844822 7.974945 65.860954
1743736125.544865 0.011073 3.576844 18.859273 33.090665 8.090126 63.627981
1743736125.648615 0.011169 3.553375 18.655135 32.728132 8.532787 63.480598
1743736125.752365 0.012101 3.604651 19.100741 32.995132 8.943723 64.656348
1743736125.856245 0.011843 3.593160 18.276930 34.676786 8.138106 64.696825
1743736125.960115 0.009849 3.618133 18.763888 32.074128 7.285489 61.751487
1743736126.063995 0.013109 3.675838 19.215780 34.317949 8.833678 66.056354
1743736126.167865 0.012291 3.618662 19.509285 35.659907 8.070167 66.870312
1743736126.271865 0.010735 3.660178 19.988249 36.394112 7.381540 67.434814
1743736126.375995 0.010928 3.655311 21.141749 36.859239 7.888881 69.556108
1743736126.480265 0.010481 3.672304 21.130927 35.005728 7.464599 67.284039
1743736126.584375 0.012373 3.666730 21.661182 34.561672 8.352105 68.254062
1743736126.688525 0.011842 3.673882 23.411043 37.201619 7.965576 72.263962
1743736126.792765 0.009332 3.685710 22.437659 36.385085 6.807935 69.325721
1743736126.896995 0.012365 3.625001 22.961367 36.329789 8.163563 71.092085
1743736127.001255 0.009711 3.627443 22.795959 35.165025 7.164873 68.763011
1743736127.105405 0.010459 4.256401 23.133567 38.194589 10.120059 75.715075
1743736127.209745 0.007635 3.635462 22.089338 37.611143 6.164610 69.508188
1743736127.314115 0.013022 3.608189 22.674938 39.193436 8.459486 73.949071
1743736127.418275 0.009481 3.619622 22.195107 36.092160 6.722234 68.638604
1743736127.522645 0.012501 3.647250 23.317263 35.961033 8.525507 71.463554
1743736127.627005 0.010043 3.566732 22.361185 36.694471 7.338151 69.970582
1743736127.731245 0.012101 3.617208 22.404002 38.815550 8.077700 72.926561
1743736127.835365 0.009367 3.614248 24.077036 38.586593 6.822793 73.110037
1743736127.939615 0.010775 3.664116 23.349916 39.025093 7.429892 73.479792
1743736128.043765 0.010305 3.648914 23.673827 38.989063 7.482904 73.805013
1743736128.147975 0.015674 6.444433 25.896603 39.247584 11.531397 83.135691
1743736128.252305 0.006505 5.382093 25.601047 42.355867 6.863809 80.209321
1743736128.356215 0.008073 3.629838 23.856135 40.908250 6.753889 75.156185
1743736128.460305 0.008663 3.656355 25.165830 39.952214 6.968776 75.751838
1743736128.564465 0.007704 3.799699 26.089184 42.875417 7.198039 79.970043
1743736128.668405 0.007834 3.680843 24.993144 43.483544 6.652840 78.818205
1743736128.772375 0.007324 3.666881 26.257751 42.602452 6.427274 78.961682
1743736128.876455 0.008486 3.678072 25.433141 46.850146 6.799943 82.769788
1743736128.980495 0.007286 3.696094 25.081988 43.476423 6.262857 78.524648
1743736129.084315 0.008937 3.700111 26.183944 44.981964 6.736238 81.611194
1743736129.188295 0.007305 3.703431 26.722916 47.899044 6.309415 84.642111
1743736129.292135 0.007219 3.713019 25.088480 42.747398 6.265401 77.821517
1743736129.396095 0.008782 3.647118 24.925554 47.149770 7.066190 82.797414
1743736129.500005 0.007484 3.663861 26.231593 42.270120 6.225640 78.398698
1743736129.603865 0.008466 3.628424 24.523690 44.807941 6.603278 79.571799
1743736129.707625 0.007760 3.640669 24.113394 42.606817 6.355646 76.724286
1743736129.811725 0.009442 3.635194 24.555666 41.939900 6.966422 77.106624
1743736129.915135 0.008002 3.682738 23.171423 36.982334 6.296543 70.141040
1743736130.018775 0.011962 3.651032 22.978201 41.703964 8.229208 76.574367
1743736130.122405 0.007505 3.650704 25.924088 39.693097 6.150881 75.426275
1743736130.226125 0.009376 3.665701 23.284363 39.508361 6.914537 73.382338
1743736130.329875 0.009046 3.641151 23.138925 37.234511 7.237859 71.261492
1743736130.433705 0.009289 3.660563 24.034554 35.537370 7.215501 70.457277
1743736130.537255 0.009799 3.655393 22.718274 40.347441 7.130101 73.861008
1743736130.640885 0.009729 3.659696 22.304235 36.471886 7.078700 69.524246
1743736130.744515 0.012277 3.668407 22.844888 36.586898 7.876412 70.988882
1743736130.848255 0.009067 3.643193 22.778925 36.545747 6.666893 69.643825
1743736130.952005 0.011063 3.646988 22.794748 33.471610 7.645946 67.570355
1743736131.055615 0.010601 3.666436 22.507709 36.374066 7.941283 70.500095
1743736131.159385 0.009931 3.588685 21.929417 34.093252 7.089541 66.710826
1743736131.263035 0.011957 3.626884 22.293047 33.538288 8.053974 67.524150
1743736131.366795 0.011671 3.618078 22.001513 33.332390 7.809856 66.773508
1743736131.470715 0.006792 3.632986 22.607535 34.042606 6.711272 67.001191
1743736131.574825 0.011293 3.647587 22.128005 34.819927 8.058996 68.665808
1743736131.677955 0.009912 3.580665 22.220526 35.747142 7.312333 68.870578
1743736131.781635 0.010005 3.573222 21.658449 35.186322 7.320863 67.748861
1743736131.885415 0.010689 3.580501 21.964197 33.445608 7.814289 66.815284
1743736131.989125 0.011422 3.525718 21.217798 31.983576 8.291273 65.029787
1743736132.092895 0.012551 3.519024 20.690468 33.224459 7.961721 65.408223
1743736132.196865 0.010751 3.509411 19.679339 32.220378 7.978358 63.398237
1743736132.300565 0.011204 3.452946 19.865974 34.531196 7.768641 65.629961
1743736132.404305 0.011302 3.420023 19.848052 31.283580 7.692564 62.255521
1743736132.508025 0.012538 3.358500 18.370834 30.480972 8.633591 60.856435
1743736132.611905 0.010351 3.293236 18.822250 34.563057 7.575678 64.264572
1743736132.715645 0.012598 3.235704 17.596928 31.017147 8.797529 60.659906
1743736132.819495 0.012707 3.214724 16.591252 29.918761 8.860971 58.598415
1743736132.923245 0.011072 3.077053 15.548947 29.538742 8.360969 56.536783
1743736133.026995 0.012852 3.194108 15.331220 28.981381 9.304827 56.824388
1743736133.130745 0.011433 3.131518 14.573256 26.479463 8.631305 52.826975
1743736133.234635 0.011044 3.327221 14.860761 31.423481 9.189937 58.812444
1743736133.338385 0.011319 3.250857 15.646326 28.332285 8.471135 55.711922
1743736133.442125 0.012146 3.364214 15.711002 29.301318 9.062421 57.451101
1743736133.545875 0.012056 3.498193 16.069300 30.031795 9.178667 58.790011
1743736133.649745 0.011287 3.302580 16.376687 29.463101 8.723778 57.877433
1743736133.753495 0.012795 3.353757 16.359016 31.021717 9.155192 59.902477
1743736133.857375 0.011287 3.378717 17.331226 32.392513 8.881012 61.994755
1743736133.961125 0.012691 3.312025 17.582805 29.819577 8.414610 59.141708
1743736134.064995 0.011135 3.429382 17.059163 31.624446 8.797093 60.921219
1743736134.168875 0.007407 3.853125 17.349604 32.830099 6.908288 60.948523
1743736134.272745 0.011612 3.289939 17.541247 34.889562 7.856406 63.588766
1743736134.376675 0.011872 3.339708 18.550960 33.590185 8.017777 63.510502
1743736134.480495 0.011686 3.356964 18.617329 35.408676 8.158377 65.553032
1743736134.584505 0.012099 3.352373 19.262272 35.053253 7.943825 65.623822
1743736134.688495 0.012017 3.407158 19.126130 33.847541 8.151547 64.544393
1743736134.792515 0.011532 3.418990 18.387630 36.269161 8.041595 66.128908
1743736134.896625 0.012315 3.360226 18.690679 32.984549 8.022710 63.070479
1743736135.000645 0.011915 3.381961 19.085181 33.461575 8.374240 64.314872
1743736135.104755 0.011620 3.363768 18.627267 34.835086 7.788965 64.626706
1743736135.208895 0.011816 3.399898 18.275520 34.335251 8.346820 64.369305
1743736135.312995 0.012050 3.507882 18.893959 34.546600 8.813783 65.774274
1743736135.417145 0.010678 3.461430 18.067193 33.783416 7.331635 62.654352
1743736135.521255 0.012308 3.468610 18.741787 34.296522 8.773779 65.293006
1743736135.625375 0.011632 3.433672 18.726225 34.527358 8.391826 65.090713
1743736135.729495 0.011212 3.445895 18.587262 32.938582 7.669328 62.652279
1743736135.833775 0.011319 3.418008 19.079555 34.065033 8.405341 64.979256
1743736135.937875 0.015832 3.466209 19.345645 33.883935 8.786211 65.497832
1743736136.041995 0.011405 3.446216 18.933557 36.505580 7.557887 66.454645
1743736136.146125 0.010575 3.395839 19.051748 34.098927 7.740935 64.298024
1743736136.250245 0.011295 3.435179 18.324995 32.553265 8.602580 62.927314
1743736136.354495 0.011227 3.416190 18.759559 30.894715 7.932093 61.013784
1743736136.458745 0.011623 3.482749 18.791033 30.759704 9.173961 62.219070
1743736136.562995 0.011231 3.456295 19.046621 31.217090 9.025216 62.756453
1743736136.667255 0.011369 3.435764 18.936349 32.467658 8.767660 63.618800
1743736136.771375 0.010407 3.367124 18.501324 31.422496 8.645992 61.947343
1743736136.875495 0.011925 3.462290 18.223219 33.048664 9.023482 63.769580
1743736136.979625 0.011931 3.359694 17.540979 30.509205 8.119867 59.541676
1743736137.083775 0.011964 3.450708 17.766785 29.804772 8.950823 59.985052
1743736137.187895 0.011576 3.406779 16.991028 29.441912 8.937079 58.788374
1743736137.291885 0.011491 3.460298 16.670985 29.325640 8.963098 58.431512
1743736137.395875 0.011549 3.448297 16.901538 27.949297 9.088880 57.399561
1743736137.499755 0.011197 3.460527 16.296710 26.409458 8.896966 55.074858
1743736137.603625 0.011758 3.374114 15.938634 27.215466 8.813253 55.353225
1743736137.707535 0.012042 3.489461 15.639315 25.597371 9.601537 54.339726
1743736137.811275 0.010786 3.537084 14.885665 25.690645 9.123881 53.248061
1743736137.915125 0.010573 3.633287 15.164693 26.691524 9.381083 54.881160
1743736138.018875 0.010959 3.508697 14.771886 26.921402 9.089479 54.302423
1743736138.122625 0.017933 3.330616 14.344081 23.425346 8.586332 49.704308
1743736138.226375 0.009583 6.643988 15.262250 27.305306 8.422010 57.643137
1743736138.330125 0.011040 3.445494 14.445940 22.121680 9.045311 49.069465
1743736138.433755 0.011007 3.566776 13.701679 23.588241 9.509928 50.377631
1743736138.537535 0.010207 3.943960 14.277233 21.909143 9.644914 49.785457
1743736138.641125 0.012023 3.335235 13.099547 21.719480 8.638460 46.804745
1743736138.744755 0.011963 3.520240 12.953349 20.506478 9.378721 46.370751
1743736138.848395 0.011953 3.630169 12.883239 21.151467 9.505819 47.182647
1743736138.952125 0.011172 3.591746 12.343545 20.701147 9.216036 45.863646
1743736139.055755 0.011120 3.898946 11.870835 19.707510 9.661498 45.149909
1743736139.159375 0.010634 3.508230 11.559836 16.909478 9.079295 41.067473
1743736139.263125 0.009993 3.489883 11.348678 17.841366 9.254726 41.944646
1743736139.366875 0.011794 3.610701 10.808869 15.326447 9.161771 38.919582
1743736139.470505 0.011272 3.596667 10.991246 15.734369 9.287714 39.621268
1743736139.574255 0.010971 3.415454 10.871709 16.121038 8.818188 39.237360
1743736139.678005 0.010430 3.218046 10.854464 16.112271 8.373648 38.568859
1743736139.781755 0.012720 3.667194 10.512593 15.983480 9.221204 39.397191
1743736139.885505 0.010467 3.584547 10.434367 13.712504 8.998167 36.740052
1743736139.989125 0.011457 3.693611 10.180986 14.899680 8.873015 37.658749
1743736140.092875 0.010438 4.048410 9.984718 14.258617 9.227106 37.529289
1743736140.196625 0.010924 3.552312 10.553758 16.225601 8.826746 39.169341
1743736140.300375 0.011260 3.678770 9.857862 13.528139 9.118888 36.194919
1743736140.404005 0.010894 3.843797 9.472007 14.131348 8.765591 36.223637
1743736140.507755 0.011423 3.698204 9.530466 12.324118 9.064125 34.628336
1743736140.611505 0.010367 3.817761 9.589773 13.190822 9.045545 35.654268
1743736140.715135 0.009965 3.982328 9.612505 13.715261 8.860191 36.180250
1743736140.818875 0.011224 4.019134 9.294660 14.424557 8.840278 36.589853
1743736140.922505 0.009825 5.563261 11.980139 14.468401 7.310554 39.332180
1743736141.026255 0.011440 3.892285 9.110685 13.918174 9.089139 36.021723
1743736141.130005 0.009860 3.673822 9.273165 12.377412 9.153573 34.487832
1743736141.233635 0.011779 3.795674 9.513800 14.668357 9.298864 37.288474
1743736141.337385 0.010287 5.657039 10.915508 14.498014 9.780728 40.861576
1743736141.441145 0.010444 4.210908 9.959150 14.757708 9.616914 38.555124
1743736141.544875 0.010370 5.602292 9.759148 13.796786 8.958478 38.127074
1743736141.648505 0.010961 3.856797 9.631075 14.863611 9.143020 37.505464
1743736141.752255 0.011361 3.762565 10.047202 15.354890 9.396225 38.572243
1743736141.856005 0.011344 3.494757 9.881605 13.714536 8.690792 35.793034
1743736141.959755 0.009973 4.076361 9.852257 15.222447 9.190575 38.351613
1743736142.063505 0.011050 3.820152 9.645938 13.488779 9.071067 36.036986
1743736142.167255 0.006910 3.932753 9.880875 15.196534 8.287050 37.304122
1743736142.271125 0.011759 3.771345 9.809569 15.360913 9.677488 38.631074
1743736142.374885 0.015950 3.718958 10.060232 15.362975 8.828147 37.986262
1743736142.478755 0.010811 3.865118 10.151664 14.462042 9.171867 37.661502
1743736142.582505 0.011008 3.848829 10.217432 15.791620 9.183340 39.052229
1743736142.686255 0.012075 4.010583 9.878821 15.431244 9.161998 38.494721
1743736142.790145 0.010207 3.545369 10.165177 15.299137 8.544472 37.564362
1743736142.894005 0.010658 3.909457 10.103198 15.000924 9.013216 38.037453
1743736142.997755 0.011940 3.658529 10.061605 15.511616 8.674784 37.918474
1743736143.101635 0.011197 3.835112 10.201209 17.030610 9.041524 40.119652
1743736143.205375 0.011383 3.652429 9.797307 16.768279 8.959449 39.188847
1743736143.309255 0.012495 3.764458 9.963219 13.874544 9.046844 36.661560
1743736143.413135 0.011382 3.617644 10.036972 14.382550 8.999857 37.048405
1743736143.517005 0.011704 3.875595 9.908520 15.750378 8.769120 38.315317
1743736143.620875 0.010302 3.940567 9.819960 15.317624 8.407998 37.496451
1743736143.724775 0.011520 4.088988 10.249148 14.485384 8.982036 37.817076
1743736143.828635 0.011645 3.879647 9.683798 15.707184 8.635202 37.917476
1743736143.932505 0.010117 4.107612 10.299656 15.341388 8.746596 38.505369
1743736144.036255 0.009614 3.958352 10.259368 15.010218 8.431877 37.669429
1743736144.140135 0.010935 4.016408 9.937014 15.758526 8.860930 38.583813
1743736144.243875 0.011973 3.669348 10.828032 16.793271 8.694273 39.996897
1743736144.347755 0.011892 3.963669 10.228369 17.065637 9.039418 40.308985
1743736144.451505 0.012174 3.973144 10.570149 16.051960 8.837692 39.445119
1743736144.555255 0.011112 3.673862 10.465604 16.269370 8.729564 39.149512
1743736144.659005 0.011846 3.917144 10.719479 16.904049 8.889818 40.442336
1743736144.762755 0.006491 3.945576 10.101965 17.626107 5.296366 36.976505
1743736144.866505 0.011948 3.941583 10.048040 17.220201 9.008959 40.230731
1743736144.970255 0.010045 3.999208 10.487949 18.666832 9.793785 42.957819
1743736145.074005 0.011579 3.338815 9.813290 15.195280 8.486962 36.845926
1743736145.177755 0.011093 3.878031 9.977935 16.947898 9.065583 39.880540
1743736145.281635 0.011800 3.533146 9.856946 17.465442 8.712575 39.579909
1743736145.385385 0.011536 3.626980 9.557651 16.502896 8.797083 38.496146
1743736145.489165 0.010197 3.881434 10.099587 18.320540 9.025111 41.336869
1743736145.593005 0.010672 3.591763 9.325236 15.526902 8.648056 37.102629
1743736145.696885 0.011439 3.459693 9.192641 17.376727 8.558265 38.598765
1743736145.800635 0.012341 3.607830 8.831079 14.868453 8.921683 36.241386
1743736145.904505 0.010387 5.066947 9.140953 16.329755 9.150197 39.698239
1743736146.008255 0.010161 3.642616 8.623183 16.442901 8.421932 37.140793
1743736146.112135 0.010529 3.409679 8.494294 15.001882 8.195306 35.111690
1743736146.215885 0.012086 3.712097 8.510467 14.664816 8.553334 35.452800
1743736146.319755 0.011251 5.279249 9.355214 16.551916 9.178288 40.375918
1743736146.423505 0.039804 4.831999 9.305551 15.034661 8.685590 37.897605
1743736146.527375 0.012907 3.811691 8.183600 16.087167 7.739181 35.834546
1743736146.631265 0.011376 3.798805 8.213478 13.324216 7.083200 32.431075
1743736146.735135 0.009978 4.040343 8.829952 12.985622 8.001034 33.866929
1743736146.839025 0.010047 4.501525 8.441748 13.318681 7.847298 34.119299
1743736146.942755 0.011812 4.886118 9.706234 14.613867 8.807256 38.025287
1743736147.046635 0.006247 4.778612 9.190025 15.343325 7.879368 37.197577
1743736147.150525 0.010350 5.043207 9.701685 13.502425 8.988742 37.246409
1743736147.254385 0.009914 5.351967 9.458329 14.834748 9.181454 38.836412
1743736147.358275 0.010267 3.526110 9.270645 14.301848 8.384504 35.493374
1743736147.462255 0.011354 5.675143 10.335386 14.469884 9.448949 39.940716
1743736147.566135 0.011205 3.814405 9.127977 16.472605 8.895615 38.321807
1743736147.670005 0.010066 3.584629 9.877490 14.502496 8.664439 36.639120
1743736147.773885 0.010554 3.436564 9.726895 16.135891 8.414818 37.724722
1743736147.877905 0.011174 4.511053 9.492704 16.103553 9.092486 39.210970
1743736147.981755 0.010689 3.315903 9.790710 14.114320 8.337024 35.568646
1743736148.085755 0.010409 3.725387 10.130306 16.252604 8.854490 38.973196
1743736148.189635 0.010294 3.551259 9.791680 18.207706 8.835226 40.396165
1743736148.293645 0.006708 3.833519 10.008193 18.496488 7.710214 40.055122
1743736148.397655 0.011610 3.476493 10.348713 16.259040 8.796657 38.892513
1743736148.501635 0.011433 3.312051 9.907046 17.628732 8.453062 39.312324
1743736148.605635 0.010065 5.683965 10.594291 15.438439 9.530882 41.257642
1743736148.709635 0.010156 3.885365 10.182355 15.953903 8.762151 38.793930
1743736148.813655 0.010158 3.584305 10.130678 16.841948 8.821128 39.388217
1743736148.917505 0.011683 3.285769 9.903567 16.351904 8.549112 38.102035
1743736149.021515 0.012327 3.442054 9.990576 16.042000 8.600525 38.087482
1743736149.125515 0.009488 5.657731 12.160709 16.896023 9.274824 43.998775
1743736149.229385 0.011456 3.671786 9.754223 14.261654 8.950208 36.649327
1743736149.333135 0.010497 3.522738 9.399175 14.440072 8.773382 36.145864
1743736149.437015 0.011347 3.858236 9.833581 16.341320 9.196246 39.240730
1743736149.540885 0.011541 3.494105 9.481995 14.949040 8.802758 36.739439
1743736149.644755 0.010099 4.568862 9.832915 14.700505 10.056268 39.168649
1743736149.748635 0.009665 3.807315 9.489651 14.465778 8.919422 36.691831
1743736149.852505 0.007629 6.059342 10.413592 14.158382 9.232193 39.871138
1743736149.956385 0.010054 3.525050 9.393014 14.494879 9.008542 36.431539
1743736150.060265 0.010024 4.088072 9.230492 13.478612 9.067793 35.874993
1743736150.164135 0.009751 4.038552 10.310935 14.239708 9.086185 37.685131
1743736150.268015 0.011448 3.726803 9.080624 13.297177 9.157200 35.273252
1743736150.371885 0.010476 3.631981 9.049353 12.294455 8.912566 33.898831
1743736150.475765 0.009800 3.434080 9.282886 12.806743 8.767526 34.301035
1743736150.579635 0.009990 2.955750 9.335881 12.281906 6.498512 31.082039
1743736150.683515 0.011283 5.283039 9.889312 12.597212 9.628460 37.409306
1743736150.787385 0.010373 3.571231 9.260749 12.359072 9.303808 34.505233
1743736150.891265 0.010599 3.440705 9.051441 13.569459 8.943133 35.015337
1743736150.995135 0.010384 2.964414 8.995201 15.436316 5.238767 32.645082
1743736151.098885 0.009811 4.615960 9.196350 11.827026 9.051758 34.700905
1743736151.202655 0.009696 3.704840 8.690211 13.087538 8.953851 34.446136
1743736151.306505 0.010192 3.678940 9.096185 12.124956 8.875625 33.785898
1743736151.410265 0.009579 5.155174 10.030819 12.140733 9.300493 36.636798
1743736151.514015 0.009992 3.865969 8.830679 13.621629 8.913951 35.242220
1743736151.617755 0.010982 3.385678 8.857044 13.290919 8.759659 34.304282
1743736151.721515 0.010657 3.710048 8.952121 12.846919 9.430959 34.950704
1743736151.825385 0.010075 3.915749 8.877301 11.426095 8.939916 33.169136
1743736151.929135 0.010423 3.475573 8.705157 13.001379 8.842740 34.035272
1743736152.033015 0.009747 3.635275 9.080861 12.460449 8.924541 34.110873
1743736152.136765 0.010155 3.761950 8.892544 11.153311 8.771969 32.589929
1743736152.240635 0.010993 3.780563 8.799600 13.504301 8.699095 34.794552
1743736152.344385 0.010848 3.529790 9.249906 12.233091 9.007598 34.031233
1743736152.448135 0.012202 5.444026 13.071470 12.269377 9.581051 40.378126
1743736152.551885 0.010102 3.333771 9.338356 15.230780 8.597345 36.510354
1743736152.655765 0.014224 2.980737 9.298942 14.580991 5.943988 32.818882
1743736152.759635 0.010333 3.809050 9.414099 14.622839 8.922163 36.778484
1743736152.863505 0.010339 4.136568 9.834942 12.950968 9.058935 35.991752
1743736152.967385 0.009813 5.770113 12.194522 14.752198 6.072536 38.799182
1743736153.071275 0.009649 5.629941 11.264811 13.624825 9.365235 39.894461
1743736153.175135 0.010126 5.334575 10.723749 15.233535 9.520547 40.822532
1743736153.279015 0.009832 3.374257 11.141822 15.572588 5.900174 35.998673
1743736153.382885 0.010942 3.713572 11.035170 14.154392 9.105095 38.019171
1743736153.486945 0.012035 3.828503 11.512469 17.058716 9.271576 41.683299
1743736153.590775 0.012082 3.685158 11.404072 15.562338 9.371579 40.035229
1743736153.694765 0.010697 3.811999 11.828960 14.862448 8.968554 39.482658
1743736153.798765 0.011150 3.572481 11.211530 14.532681 9.024737 38.352579
1743736153.902765 0.009800 3.938317 12.014120 15.947631 9.403918 41.313786
1743736154.006635 0.010346 4.645041 11.825731 15.452038 9.364449 41.297605
1743736154.110635 0.009883 3.982607 11.556308 13.635109 9.117505 38.301412
1743736154.214635 0.011065 3.770705 11.401599 16.815977 8.886443 40.885789
1743736154.318525 0.011196 3.785074 12.779361 14.271781 9.361868 40.209280
1743736154.422515 0.017749 3.600955 11.105133 15.722857 9.266863 39.713557
1743736154.526515 0.010899 3.760821 10.857536 15.568632 9.037983 39.235871
1743736154.630385 0.009356 3.573287 10.687427 13.901424 8.585305 36.756799
1743736154.734385 0.010130 3.802862 10.265752 14.374236 9.108740 37.561720
1743736154.838385 0.010723 3.692292 10.683524 13.571768 9.073541 37.031848
1743736154.942265 0.008814 3.918291 10.920774 15.840343 9.287241 39.975463
1743736155.046155 0.016380 3.547653 10.390909 14.507852 9.035183 37.497977
1743736155.150015 0.010320 3.988281 10.370913 14.645540 9.304177 38.319231
1743736155.253885 0.012147 3.586673 10.613860 15.972201 9.394894 39.579775
1743736155.357645 0.011329 3.727657 10.587033 14.596730 9.276161 38.198910
1743736155.461515 0.010174 3.506982 10.638069 16.796986 9.015556 39.967767
1743736155.565265 0.010558 4.172864 11.124989 15.390726 9.473848 40.172985
1743736155.669135 0.010662 3.606899 11.278183 15.810735 9.040140 39.746619
1743736155.772885 0.011670 3.803780 10.816089 14.948672 9.187717 38.767928
1743736155.876635 0.010306 3.750062 11.094490 17.778136 9.195514 41.828508
1743736155.980395 0.010235 3.650533 11.120719 16.579538 9.309029 40.670054
1743736156.084265 0.012166 3.599447 11.634953 17.001561 9.742796 41.990923
1743736156.188015 0.011357 3.793443 11.114008 17.355377 9.770749 42.044934
1743736156.291765 0.011327 3.603924 11.600943 18.264212 9.419558 42.899964
1743736156.395535 0.010660 5.810578 15.203772 17.575093 6.506834 45.106937
1743736156.499385 0.012078 3.536959 12.430165 19.821678 9.273819 45.074699
1743736156.603155 0.011256 3.613989 12.500680 18.900179 9.263320 44.289424
1743736156.706895 0.012719 3.738883 12.899746 19.081730 9.790546 45.523624
1743736156.810635 0.011655 3.543059 13.353291 19.538204 9.190647 45.636856
1743736156.914385 0.012500 3.619454 13.808874 20.364480 9.728171 47.533479
1743736157.018135 0.012585 3.626658 14.126133 20.326299 9.551278 47.642953
1743736157.121925 0.011634 3.495457 14.482276 23.402941 9.085233 50.477541
1743736157.225515 0.011524 3.591239 14.012687 22.326473 9.468996 49.410919
1743736157.329265 0.011783 3.553596 14.419689 23.531038 9.538304 51.054410
1743736157.432905 0.007722 3.753431 23.085915 26.887052 6.509632 60.243752
1743736157.536515 0.009939 3.871374 16.186126 26.081824 9.828760 55.978023
1743736157.640135 0.012498 3.579017 15.191792 21.873783 10.166301 50.823391
1743736157.743765 0.010401 5.591369 15.942544 23.465169 10.388468 55.397951
1743736157.847395 0.009376 3.461183 17.470056 23.663846 9.713805 54.318266
1743736157.951025 0.012340 3.321713 16.234362 23.958190 7.403766 50.930371
1743736158.054645 0.012003 3.484540 16.171130 24.370393 9.301951 53.340017
1743736158.158395 0.012481 3.408792 16.259513 27.037797 8.877507 55.596090
1743736158.262015 0.012112 3.414796 16.564391 29.847833 9.149600 58.988732
1743736158.365765 0.013221 3.784750 17.021688 28.476115 7.723759 57.019533
1743736158.469515 0.010691 3.879135 17.570604 29.405616 10.187912 61.053958
1743736158.573285 0.007013 4.035192 25.359490 36.281813 7.413733 73.097241
1743736158.677015 0.006172 3.556866 18.345828 30.380212 6.111768 58.400846
1743736158.780765 0.011339 3.452732 17.746272 29.682541 7.713230 58.606114
1743736158.884515 0.012051 3.456007 17.824440 30.257214 9.172599 60.722311
1743736158.988265 0.012703 3.592802 21.689388 32.169994 9.337738 66.802625
1743736159.092015 0.017039 3.336003 18.392223 30.004209 7.500266 59.249740
1743736159.195765 0.011410 3.455820 18.604062 31.297305 9.210958 62.579555
1743736159.299515 0.011697 3.374167 18.728254 33.533120 8.913812 64.561050
1743736159.403265 0.011934 3.379791 18.730406 30.632509 8.010704 60.765344
1743736159.507015 0.012507 3.416529 18.662432 32.705353 8.870431 63.667252
1743736159.610765 0.012043 3.375806 19.910168 32.503769 8.746622 64.548408
1743736159.714515 0.012222 3.379529 19.406207 30.963801 8.350718 62.112477
1743736159.818265 0.011693 3.463990 19.749922 32.988911 8.887857 65.102373
1743736159.922035 0.012618 3.396059 19.991132 30.268482 8.386099 62.054390
1743736160.025895 0.011430 3.398026 19.294013 35.152693 8.568659 66.424821
1743736160.129645 0.010121 3.399127 18.276130 31.218690 7.178408 60.082476
1743736160.233615 0.012273 3.464369 18.525288 31.658014 8.756290 62.416234
1743736160.337555 0.010803 3.447809 18.737062 31.436520 8.728689 62.360883
1743736160.441535 0.012053 3.383659 17.743345 28.802051 8.615187 58.556295
1743736160.545515 0.012142 3.495724 17.599235 30.388703 9.199288 60.695092
1743736160.649395 0.011987 3.475319 16.785296 28.090869 8.932893 57.296364
1743736160.753395 0.011856 3.485868 16.787606 25.939316 9.355766 55.580412
1743736160.857395 0.012095 3.505355 16.279757 27.774757 9.189928 56.761892
1743736160.961395 0.011727 3.424834 16.630387 27.965502 8.711650 56.744100
1743736161.065405 0.013310 3.421939 16.363865 24.790641 9.402048 53.991803
1743736161.169515 0.011416 3.563844 16.256228 25.711343 9.414704 54.957535
1743736161.273645 0.011983 3.483820 16.139601 26.334757 9.216849 55.187010
1743736161.377765 0.010779 3.470196 16.285114 24.018567 9.152502 52.937158
1743736161.481895 0.011942 3.508801 16.180623 24.070113 9.437311 53.208790
1743736161.586015 0.010299 6.339601 17.514505 23.837432 11.166140 58.867977
1743736161.690145 0.011445 3.490310 15.632584 22.497619 8.970092 50.602050
1743736161.794265 0.011425 3.540439 15.507618 22.876486 9.092015 51.027983
1743736161.898515 0.011769 3.684338 15.696135 21.492390 9.649666 50.534298
1743736162.002645 0.011996 3.432422 15.379558 21.627822 7.158006 47.609804
1743736162.106915 0.012009 3.717315 15.501926 19.727617 9.541471 48.500338
1743736162.211145 0.011598 3.751432 15.482241 19.806324 9.916473 48.968068
1743736162.315395 0.011865 3.677826 15.610689 18.398155 9.562644 47.261179
1743736162.419645 0.013092 7.195588 17.270515 22.779500 10.470166 57.728861
1743736162.523895 0.010586 3.407391 16.077432 20.891530 8.049089 48.436028
1743736162.628145 0.011609 3.680116 15.483510 17.793940 9.352063 46.321238
1743736162.732265 0.012754 3.723989 15.625424 20.523242 9.939717 49.825126
1743736162.836515 0.011797 3.690897 16.352830 18.595103 9.284939 47.935566
1743736162.940645 0.010859 3.674101 16.042454 19.199694 9.785658 48.712766
1743736163.044775 0.011118 3.688272 15.886417 19.455101 9.704890 48.745798
1743736163.148895 0.011579 3.511351 15.257514 19.128585 9.448504 47.357533
1743736163.252895 0.026289 5.928405 15.553833 19.158062 10.250958 50.917547
1743736163.356925 0.011682 3.558030 15.563752 18.152516 9.450524 46.736504
1743736163.460895 0.011185 3.608640 15.737044 19.111887 9.400553 47.869309
1743736163.564895 0.011800 3.643177 16.365177 20.892764 9.792605 50.705523
1743736163.668905 0.010254 3.671587 16.172896 19.082603 9.754988 48.692328
1743736163.772775 0.010750 3.339811 15.781335 19.747763 6.473264 45.352923
1743736163.876785 0.010377 3.878456 15.764441 19.583799 9.933778 49.170851
1743736163.980665 0.010344 3.734149 16.199952 17.847962 9.556600 47.349007
1743736164.084645 0.010045 3.377212 15.864036 16.777692 8.837704 44.866689
1743736164.188515 0.011796 3.710976 15.870447 19.167288 9.655347 48.415854
1743736164.292405 0.012153 3.584910 16.131383 18.924668 9.411215 48.064329
1743736164.396145 0.011437 3.559293 18.095506 18.318674 9.497069 49.481979
1743736164.500015 0.011278 3.549474 15.931600 18.727054 9.768687 47.988093
1743736164.603895 0.010505 3.544174 16.015242 18.138782 9.310173 47.018876
1743736164.707775 0.011076 3.425558 15.859442 16.719845 8.980830 44.996751
1743736164.811645 0.011591 3.619875 15.351820 17.430882 9.764798 46.178966
1743736164.915525 0.011496 3.763167 15.137853 17.119826 9.659158 45.691500
1743736165.019395 0.011080 3.720907 15.570749 17.616427 9.648123 46.567286
1743736165.123275 0.011839 3.720105 15.990636 17.060387 9.689492 46.472459
1743736165.227145 0.010883 3.513760 16.392099 16.178489 9.248898 45.344129
1743736165.331015 0.010891 3.722015 16.300702 16.919463 9.494432 46.447503
1743736165.434905 0.009977 3.824117 16.858001 18.220748 9.408357 48.321200
1743736165.538645 0.011425 3.716351 16.406634 17.536840 9.453557 47.124807
1743736165.642535 0.012708 3.720680 16.979114 16.713862 9.565137 46.991501
1743736165.746275 0.011637 3.497306 16.564215 16.803264 9.483515 46.359937
1743736165.850145 0.011601 3.759902 16.941106 16.817319 9.763591 47.293519
1743736165.953895 0.010421 5.454924 17.170559 17.436348 10.936192 51.008444
1743736166.057645 0.011923 3.309262 16.888840 18.368195 6.910736 45.488956
1743736166.161525 0.010492 3.869840 17.349820 18.077530 9.946333 49.254015
1743736166.265145 0.011946 3.451648 17.584491 16.867635 9.114424 47.030144
1743736166.368905 0.011954 3.749704 17.466667 19.086425 9.921607 50.236357
1743736166.472665 0.011637 3.430119 17.487790 19.638030 9.414081 49.981657
1743736166.576275 0.011625 3.573557 18.302419 18.800311 9.478829 50.166741
1743736166.680025 0.011731 3.596746 18.113889 20.978984 9.315501 52.016851
1743736166.783645 0.011758 3.646131 18.523933 19.544938 9.459198 51.185958
1743736166.887395 0.010761 3.636864 18.252514 19.777567 9.416550 51.094256
1743736166.991025 0.011495 3.635278 18.548801 19.846376 9.483554 51.525504
1743736167.094775 0.014354 3.711948 18.200156 20.691790 10.114705 52.732953
1743736167.198395 0.009436 4.211009 21.061549 22.518387 7.419123 55.219504
1743736167.302025 0.007595 4.239556 19.855139 21.337558 7.514961 52.954809
1743736167.405775 0.011613 3.716932 17.981801 20.063555 9.774183 51.548084
1743736167.509395 0.012124 3.672492 18.174886 20.291689 9.794639 51.945830
1743736167.613145 0.012260 3.491427 18.442705 23.140029 9.151391 54.237812
1743736167.716895 0.012973 3.602842 18.099255 20.867929 9.903798 52.486797
1743736167.820655 0.017087 3.452709 18.155162 20.045592 9.166953 50.837503
1743736167.924275 0.010852 3.677751 18.272555 21.167933 9.606782 52.735873
1743736168.028025 0.011763 3.651680 18.313285 22.775260 9.641643 54.393631
1743736168.131775 0.011315 3.399563 17.634690 20.926727 8.656906 50.629201
1743736168.235525 0.010883 3.608950 17.818758 21.020901 9.453043 51.912535
1743736168.339145 0.011472 3.502935 17.822052 21.336620 9.131436 51.804515
1743736168.442895 0.012111 3.672897 17.816028 21.656071 9.166092 52.323199
1743736168.546525 0.011562 3.522937 17.412398 22.462144 9.300369 52.709410
1743736168.650275 0.010930 3.693480 17.532371 20.905593 9.474726 51.617100
1743736168.753895 0.011334 3.726874 17.805509 19.314237 9.733704 50.591658
1743736168.857645 0.011901 3.595330 16.765756 20.063877 9.518373 49.955237
1743736168.961405 0.010849 3.553605 16.026002 20.538124 9.179835 49.308415
1743736169.065145 0.012400 3.770481 15.716115 18.643743 9.861830 48.004569
1743736169.169025 0.010682 3.584012 16.107712 20.941090 9.450944 50.094440
1743736169.272895 0.011323 3.540617 15.264167 19.256335 9.563640 47.636082
1743736169.376775 0.011799 3.726208 15.132091 20.270120 9.491121 48.631339
1743736169.480775 0.012920 3.563086 15.304168 19.277533 9.748057 47.905764
1743736169.584775 0.011186 3.545538 14.455647 20.341628 9.263021 47.617020
1743736169.688925 0.011393 3.658048 14.320964 18.359048 9.490785 45.840238
1743736169.793025 0.010852 3.550943 13.555135 19.383652 9.418136 45.918718
1743736169.897275 0.010532 3.702202 13.598638 17.665350 9.429956 44.406678
1743736170.001525 0.007442 5.814138 14.801832 18.361940 9.470655 48.456007
1743736170.105905 0.011458 3.166238 12.398375 17.574554 8.543475 41.694100
1743736170.210275 0.011236 3.779888 12.369429 17.982223 9.482576 43.625352
1743736170.314545 0.012352 3.678239 12.500698 16.742519 9.597704 42.531512
1743736170.418915 0.012013 3.663456 12.631858 19.009751 9.282280 44.599358
1743736170.523145 0.006383 3.334588 12.779963 15.288394 5.755843 37.165171
1743736170.627525 0.010465 3.741991 11.459712 15.984063 9.448747 40.644978
1743736170.731775 0.012743 5.772805 12.808133 13.882562 8.677050 41.153293
1743736170.836025 0.011710 4.883114 14.568388 15.124416 9.492483 44.080111
1743736170.940155 0.010141 4.020804 10.714468 13.772636 9.417362 37.935411
1743736171.044275 0.010337 5.645356 12.108259 14.014004 10.055623 41.833579
1743736171.148525 0.006640 3.293506 10.047958 12.575945 5.457391 31.381440
1743736171.252645 0.011156 4.007162 10.732798 13.943072 9.750844 38.445032
1743736171.356655 0.012253 3.611951 9.462937 13.603277 9.072331 35.762749
1743736171.460775 0.010584 3.983974 9.627272 14.688718 9.267981 37.578529
1743736171.564775 0.011082 3.581477 9.414646 12.870250 9.275195 35.152650
1743736171.668905 0.012325 3.866949 9.108978 13.403767 9.310631 35.702650
1743736171.772905 0.009938 3.717126 9.367066 12.158090 9.212392 34.464612
1743736171.876905 0.010488 3.888738 9.317131 13.754057 9.547712 36.518126
1743736171.980775 0.010511 5.659526 10.304640 13.775191 9.693689 39.443557
1743736172.084775 0.010007 4.132213 9.656263 12.320557 9.695037 35.814077
1743736172.188665 0.010278 3.860126 9.337370 15.208056 9.184802 37.600632
1743736172.292525 0.011228 3.832854 8.977613 13.160182 9.144697 35.126574
1743736172.396405 0.009846 3.590890 9.005877 14.633952 8.993083 36.233648
1743736172.500275 0.012222 3.928431 13.516393 14.123361 8.231584 39.811991
1743736172.604155 0.010851 3.484504 9.844928 15.882169 9.088302 38.310754
1743736172.708025 0.010426 3.904261 9.948375 15.498227 9.422627 38.783916
1743736172.811905 0.010584 3.613761 10.173317 15.478626 9.073342 38.349630
1743736172.915775 0.011819 3.978189 10.057860 15.545581 9.356540 38.949989
1743736173.019645 0.011119 3.874064 9.820750 14.584840 9.172339 37.463112
1743736173.123525 0.011461 3.796139 10.177718 15.646468 8.975084 38.606870
1743736173.227405 0.011444 3.520081 9.952147 14.070108 9.121461 36.675241
1743736173.331155 0.011084 3.874187 9.339825 16.839638 9.277843 39.342577
1743736173.435025 0.011167 3.554150 9.630712 15.159289 8.886121 37.241439
1743736173.538905 0.011071 3.717993 9.885715 14.347609 9.037697 37.000085
1743736173.642785 0.011250 3.562949 9.846990 16.042731 8.915335 38.379255
1743736173.746655 0.011214 3.720086 9.358967 14.355535 9.093342 36.539144
1743736173.850525 0.009949 3.574301 9.653879 14.862129 9.098613 37.198871
1743736173.954405 0.012575 5.909344 10.261642 14.783904 10.428233 41.395698
1743736174.058275 0.010328 3.572746 9.129210 15.740045 9.248391 37.700720
1743736174.162275 0.011905 3.700543 8.873954 14.356983 9.184107 36.127492
1743736174.266275 0.011061 3.505015 9.003085 15.488745 9.071278 37.079184
1743736174.370285 0.011528 3.806042 8.878931 14.240106 9.202596 36.139203
1743736174.474155 0.010640 3.586393 8.680463 15.023387 9.348141 36.649024
1743736174.578155 0.010770 3.643297 8.698535 13.815921 9.420026 35.588549
1743736174.682175 0.011569 3.590864 8.446901 13.924714 9.142100 35.116148
1743736174.786025 0.016023 3.803630 8.788878 14.799857 9.078221 36.486609
1743736174.890155 0.012145 3.690712 8.544271 14.605781 8.931912 35.784821
1743736174.994155 0.009646 4.595820 8.676137 13.881501 9.016640 36.179744
1743736175.098155 0.006332 2.842277 8.609220 15.182545 4.968253 31.608627
1743736175.202155 0.007198 4.592973 10.771877 14.007761 6.997352 36.377161
1743736175.306155 0.010595 3.879948 8.360041 11.808500 8.381170 32.440254
1743736175.410155 0.015235 4.030575 8.246189 14.000666 7.954784 34.247449
1743736175.514155 0.012784 3.817939 8.286569 13.204926 7.802997 33.125215
1743736175.618175 0.011528 3.841696 8.312893 13.106089 7.609219 32.881425
1743736175.722155 0.011176 3.866371 8.164862 11.733487 7.363973 31.139869
1743736175.826155 0.013164 3.815919 7.920743 12.670327 7.626652 32.046805
1743736175.930175 0.011046 3.818402 8.217281 14.084032 7.674542 33.805303
1743736176.034155 0.010999 3.642565 7.566584 12.841535 7.711244 31.772927
1743736176.138195 0.010419 4.144666 8.026317 14.198341 7.884904 34.264647
1743736176.242275 0.012279 3.913371 8.054948 13.252416 8.238697 33.471711
1743736176.346285 0.010814 3.512031 7.909569 13.330432 8.042623 32.805469
1743736176.450275 0.011037 4.065082 7.867611 13.029881 8.410267 33.383878
1743736176.554425 0.011664 4.937738 8.753178 15.084492 9.213810 38.000882
1743736176.658405 0.010956 3.594181 8.121212 13.907573 8.142673 33.776595
1743736176.762405 0.011109 4.105729 8.133657 15.372333 8.710680 36.333508
1743736176.866425 0.010947 3.899554 8.589038 14.186711 8.375499 35.061749
1743736176.970285 0.010430 3.616768 7.973278 13.043021 8.325409 32.968906
1743736177.074285 0.010704 3.963369 8.106558 13.153819 8.389567 33.624017
1743736177.178275 0.011436 4.004374 8.231803 14.323575 8.225036 34.796224
1743736177.282175 0.010816 3.718872 8.224863 13.415509 8.595767 33.965827
1743736177.386155 0.011520 5.016474 8.521467 13.558906 8.891844 36.000211
1743736177.490035 0.012513 3.691567 8.192234 13.990960 8.795045 34.682319
1743736177.594025 0.011711 3.469610 8.405647 12.322387 8.272162 32.481517
1743736177.697925 0.010852 3.947931 8.408145 15.328506 8.932502 36.627936
1743736177.801905 0.011150 3.658935 8.378138 12.928034 8.672933 33.649190
1743736177.905785 0.010043 3.728741 8.710895 15.692030 8.834556 36.976265
1743736178.009785 0.011827 3.278551 8.213491 15.221566 8.470082 35.195517
1743736178.113785 0.010251 3.303592 8.944726 12.906950 8.400917 33.566436
1743736178.217785 0.010811 4.639433 8.816391 14.499607 9.468072 37.434314
1743736178.321775 0.010075 4.553231 9.583571 15.990250 9.014938 39.152065
1743736178.425775 0.010609 5.353298 10.424691 16.180179 9.466301 41.435078
1743736178.529775 0.011941 3.936528 10.045591 16.049951 9.372511 39.416522
1743736178.633655 0.011307 3.689169 9.343284 15.604598 8.837346 37.485704
1743736178.737655 0.011099 3.430290 8.944878 14.870726 8.652982 35.909975
1743736178.841655 0.011526 3.799732 9.306745 14.727339 8.940838 36.786180
1743736178.945655 0.007176 3.825622 9.360800 14.930126 8.644736 36.768460
1743736179.049655 0.011488 3.759640 9.411431 16.767221 9.031106 38.980886
1743736179.153535 0.011951 3.591097 9.596325 15.680668 9.050614 37.930655
1743736179.257535 0.006335 5.194395 12.972545 15.797581 6.797819 40.768675
1743736179.361425 0.011318 3.436588 9.793411 15.989629 9.104496 38.335442
1743736179.465405 0.011794 3.758368 9.846220 16.898840 9.187189 39.702411
1743736179.569405 0.010999 3.594213 9.965091 16.467824 9.187444 39.225571
1743736179.673405 0.011799 3.818689 10.089843 16.282506 9.034651 39.237488
1743736179.777285 0.010986 3.543794 9.992840 18.910029 9.068237 41.525886
1743736179.881285 0.012104 3.796841 10.456609 15.916764 9.186842 39.369160
1743736179.985285 0.011616 3.620342 10.627345 16.911432 9.340761 40.511496
1743736180.089155 0.011489 3.810729 10.530089 17.079419 9.175811 40.607537
1743736180.193155 0.011424 3.525608 10.300254 15.865939 9.018444 38.721669
1743736180.297035 0.009793 3.844115 10.246715 15.976453 9.499159 39.576235
1743736180.400915 0.009877 3.907872 10.523895 16.108236 9.123391 39.673271
1743736180.504905 0.010435 5.942453 11.299878 16.487921 10.493561 44.234248
1743736180.608775 0.009644 5.170224 12.174604 16.238672 7.698777 41.291921
1743736180.712655 0.013885 5.555340 12.230905 17.072421 10.328424 45.200975
1743736180.816535 0.009957 5.519263 12.121853 16.150335 9.620666 43.422074
1743736180.920405 0.010480 5.675431 12.975899 16.172740 10.016816 44.851366
1743736181.024405 0.010689 3.532689 9.951145 14.758738 9.052616 37.305877
1743736181.128285 0.010123 3.731952 9.606006 14.101541 9.075664 36.525286
1743736181.232155 0.010649 3.608026 9.780929 13.311596 8.937507 35.648707
1743736181.336155 0.012077 3.649517 9.825277 13.580489 9.089599 36.156959
1743736181.440035 0.011568 3.758461 9.463505 12.863747 9.186010 35.283291
1743736181.544035 0.011740 3.763650 9.294257 12.242664 8.998954 34.311265
1743736181.647915 0.009796 5.369252 10.074217 12.994305 9.412425 37.859995
1743736181.751905 0.010721 3.895864 9.211443 12.379242 9.576888 35.074158
1743736181.855785 0.011434 3.524062 9.373014 12.976233 8.881588 34.766331
1743736181.959785 0.012756 3.756321 9.246980 12.220032 9.140464 34.376553
1743736182.063655 0.011519 5.184923 10.618755 13.479132 9.396214 38.690543
1743736182.167655 0.009944 4.232537 9.976319 12.347491 9.374068 35.940359
1743736182.271535 0.009913 3.804614 10.106915 13.575341 8.568290 36.065073
1743736182.375575 0.011282 3.694551 9.014995 12.129776 8.756536 33.607140
1743736182.479405 0.010665 3.573004 8.788343 12.702955 8.488587 33.563554
1743736182.583405 0.011756 3.951629 9.485439 12.884665 9.822108 36.155597
1743736182.687425 0.011880 4.020245 9.041751 11.840814 8.633383 33.548073
1743736182.791415 0.010461 4.982495 9.653346 13.852600 8.685113 37.184015
1743736182.895405 0.011084 3.881473 9.264255 14.007103 8.297573 35.461488
1743736182.999285 0.011892 3.900667 9.376377 13.373638 8.521708 35.184282
1743736183.103285 0.010042 3.921258 9.710158 14.826172 8.727596 37.195226
1743736183.207285 0.011075 3.909372 9.576776 13.612287 8.710672 35.820182
1743736183.311285 0.005644 2.951692 9.812235 13.886220 4.923201 31.578992
1743736183.415155 0.006964 4.371412 9.606719 15.333749 5.654694 34.973538
1743736183.519155 0.010765 4.107074 9.538996 14.341985 8.210258 36.209078
1743736183.623035 0.009924 3.828900 9.618982 14.887913 8.684781 37.030500
1743736183.727035 0.010485 3.994020 9.579866 14.678994 8.294082 36.557447
1743736183.831035 0.010825 5.342743 10.608741 14.048879 9.212604 39.223792
1743736183.934925 0.010270 3.752749 9.671258 16.299994 8.693715 38.427986
1743736184.038905 0.010548 4.401079 10.291424 15.540836 9.071653 39.315540
1743736184.142915 0.011746 4.745735 12.825167 17.126929 9.439398 44.148975
1743736184.246905 0.010988 3.484419 9.986062 16.456097 8.613426 38.550992
1743736184.350785 0.011796 4.101983 10.706553 16.737495 8.795653 40.353480
1743736184.454785 0.012415 3.657693 11.465894 16.595034 8.672688 40.403724
1743736184.558785 0.010410 3.827697 9.885996 17.854477 8.963433 40.542013
1743736184.662655 0.012041 3.521164 10.216315 16.827005 8.967131 39.543656
1743736184.766665 0.011447 3.819275 10.186775 17.624972 9.367795 41.010264
1743736184.870655 0.010698 3.608772 10.164103 18.014231 8.855575 40.653379
1743736184.974655 0.013156 3.715111 10.188324 17.211414 9.200038 40.328043
1743736185.078535 0.011230 3.546202 10.023832 18.023484 8.756299 40.361047
1743736185.182545 0.010326 3.964606 10.031966 17.412726 9.949083 41.368707
1743736185.286415 0.011651 3.522464 10.049351 18.314434 9.182299 41.080199
1743736185.390465 0.011394 3.783441 10.220774 17.930036 9.298732 41.244377
1743736185.494265 0.009613 3.579771 11.137229 20.592925 8.896664 44.216202
1743736185.598265 0.009643 4.142161 10.666306 17.767249 9.447610 42.032969
1743736185.702165 0.010491 5.481567 10.480652 18.439447 10.252588 44.664745
1743736185.806065 0.010188 5.330573 13.959031 20.176582 10.067503 49.543877
1743736185.910065 0.010175 3.864284 11.805693 19.365148 9.723258 44.768558
1743736186.013865 0.006163 3.251866 10.790141 20.612425 5.490784 40.151379
1743736186.117765 0.007435 3.202691 10.703952 20.002042 5.470694 39.386814
1743736186.221765 0.006598 3.550044 11.104544 17.179240 5.515856 37.356282
1743736186.325765 0.006246 3.370257 12.341241 21.548567 5.567533 42.833844
1743736186.429765 0.006508 3.198617 10.906471 20.179459 5.503045 39.794100
1743736186.533665 0.006593 3.209890 11.742583 18.875635 5.531227 39.365928
1743736186.637665 0.007435 3.348429 11.542775 19.577279 7.326116 41.802034
1743736186.741665 0.009691 3.522987 13.464869 23.805754 7.332731 48.136032
1743736186.845565 0.006357 3.564895 12.204885 20.347175 5.800730 41.924042
1743736186.949565 0.006996 3.224382 11.941353 20.155395 5.611236 40.939362
1743736187.053565 0.007178 3.248667 12.186315 21.124585 5.595783 42.162528
1743736187.157465 0.006219 3.262382 12.654340 21.423078 5.803231 43.149250
1743736187.261465 0.010209 3.432701 12.867644 22.129694 8.331318 46.771566
1743736187.365265 0.006176 3.306015 12.402730 21.286463 5.642560 42.643944
1743736187.469465 0.010478 3.527543 13.514924 22.614077 6.663353 46.330375
1743736187.573465 0.010664 3.570306 13.177402 20.721046 9.327464 46.806882
1743736187.677565 0.012414 3.710429 14.006427 23.024696 9.569366 50.323332
1743736187.781665 0.011689 3.617257 14.501412 21.748498 9.356646 49.235502
1743736187.885765 0.009817 3.936236 15.200572 20.409822 9.961988 49.518435
1743736187.989965 0.010290 3.800231 15.831912 23.616292 9.668763 52.927488
1743736188.094065 0.010786 3.423547 15.361703 23.626728 8.601416 51.024180
1743736188.198065 0.011994 3.561987 15.471339 22.554036 9.861172 51.460528
1743736188.302165 0.006680 3.389019 15.870695 26.340362 5.867229 51.473985
1743736188.406265 0.009558 4.936263 18.514387 25.896890 10.739596 60.096694
1743736188.510365 0.007094 3.465162 17.505767 27.507187 5.941432 54.426642
1743736188.614565 0.006360 3.979526 19.607445 26.899573 6.207846 56.700750
1743736188.718765 0.011772 4.032399 19.585970 30.199625 11.303086 65.132852
1743736188.822965 0.011385 3.436575 19.911788 30.586512 7.567551 61.513811
1743736188.927165 0.011276 3.530464 20.364287 30.035874 9.198522 63.140423
1743736189.031565 0.011445 3.497990 20.086887 33.191568 8.544905 65.332795
1743736189.135665 0.010660 3.452316 20.228237 33.876548 8.055643 65.623404
1743736189.239965 0.010772 4.006320 21.754487 34.719117 10.216487 70.707183
1743736189.344165 0.009956 3.537714 21.642862 29.889509 7.472990 62.553031
1743736189.448265 0.011734 3.554103 22.026349 35.947284 8.397134 69.936604
1743736189.552565 0.009152 3.526766 21.789600 38.578456 7.030997 70.934971
1743736189.656565 0.009908 3.564616 21.750230 36.648906 7.472230 69.445890
1743736189.760665 0.010301 3.539351 21.892123 36.067343 7.275803 68.784921
1743736189.864765 0.009344 3.541361 22.692972 35.473115 7.065841 68.782633
1743736189.968765 0.011158 3.540002 22.827083 38.832226 7.974643 73.185112
1743736190.072765 0.009275 3.533871 22.091883 37.847486 6.932798 70.415313
1743736190.176865 0.010225 3.623139 23.856156 36.855829 7.299020 71.644369
1743736190.281065 0.009233 3.597870 23.188685 36.008621 7.064246 69.868655
1743736190.385065 0.011102 3.562303 23.041739 38.483165 7.942454 73.040763
1743736190.489165 0.012746 3.619865 23.794399 35.757436 6.538487 69.722933
1743736190.593265 0.010963 3.603377 23.385060 37.552688 8.119763 72.671851
1743736190.697365 0.007963 3.644614 23.460043 38.332932 6.609107 72.054659
1743736190.801565 0.014077 3.657606 23.588151 37.901141 7.414855 72.575830
1743736190.905565 0.008939 3.654282 23.785291 36.437212 6.992171 70.877895
1743736191.009665 0.009850 3.617825 24.762458 35.871426 7.556306 71.817865
1743736191.113665 0.009971 3.672541 23.910554 35.696832 7.479415 70.769313
1743736191.217565 0.009842 3.739989 23.907065 37.846234 7.475533 72.978663
1743736191.321365 0.009001 3.694579 24.804445 37.040899 7.035374 72.584298
1743736191.425165 0.006831 3.636886 24.010423 36.214530 7.195931 71.064601
1743736191.528965 0.011119 3.647069 23.854182 38.517976 8.078340 74.108686
1743736191.632665 0.009006 3.677958 24.380006 39.921934 6.595005 74.583909
1743736191.736265 0.009380 3.649487 22.956448 35.516990 6.776557 68.908862
1743736191.840065 0.011203 3.689415 22.773407 37.675202 7.997197 72.146424
1743736191.943665 0.009573 3.670227 24.017598 36.626950 7.033354 71.357702
1743736192.047265 0.010041 3.673302 23.264323 34.423257 7.438021 68.808944
1743736192.150965 0.011282 3.653606 23.303641 34.808249 8.034142 69.810920
1743736192.254665 0.011328 3.640859 23.870858 36.579837 7.680347 71.783229
1743736192.358265 0.009412 3.649257 23.496823 37.642582 7.358648 72.156722
1743736192.461965 0.012357 4.180953 22.778572 38.178557 10.930528 76.080967
1743736192.565665 0.007642 3.615747 23.064771 35.688320 6.326585 68.703065
1743736192.669365 0.011530 3.811186 23.622143 41.219557 9.700522 78.364938
1743736192.772965 0.010242 4.205775 25.505149 39.005517 10.654790 79.381473
1743736192.876665 0.012809 4.560145 24.502349 35.721225 10.694816 75.491344
1743736192.980365 0.009858 3.634998 23.915349 35.927742 7.444444 70.932391
1743736193.084165 0.010301 3.627521 25.036733 36.825328 7.666660 73.166543
1743736193.187765 0.009053 3.623329 24.022669 35.425047 7.025067 70.105165
1743736193.291565 0.010723 3.636415 24.415527 35.455843 7.902206 71.420714
1743736193.395265 0.006740 3.647634 24.708420 37.535817 6.124496 72.023107
1743736193.499065 0.010830 3.976393 24.707555 38.640387 10.001411 77.336576
1743736193.602965 0.007426 3.652406 23.110197 32.058007 6.334844 65.162880
1743736193.706665 0.012104 3.656811 24.837653 34.836590 8.896932 72.240090
1743736193.810465 0.009007 3.651116 23.968000 36.051231 6.993117 70.672471
1743736193.914265 0.011212 3.653079 23.835511 38.930623 7.955500 74.385925
1743736194.018165 0.008544 3.663097 24.978519 35.954289 6.473936 71.078385
1743736194.121965 0.009685 3.702770 24.053759 33.092395 7.581555 68.440164
1743736194.225765 0.015147 3.587398 23.793203 39.625807 7.601438 74.622993
1743736194.329665 0.008316 3.592199 24.670471 33.981309 6.299482 68.551777
1743736194.433565 0.011986 3.606883 23.487233 33.075094 8.552578 68.733774
1743736194.537365 0.010448 3.604919 22.972085 35.131146 7.390310 69.108908
1743736194.641165 0.010260 3.546999 24.810170 31.461907 7.431245 67.260581
1743736194.744965 0.011001 3.562310 22.426259 30.524281 7.259329 63.783180
1743736194.848665 0.012120 3.562370 22.521781 30.359723 8.293924 64.749918
1743736194.952565 0.012370 3.490001 22.454729 29.640839 8.577204 64.175143
1743736195.056265 0.011142 3.477867 21.871107 31.566835 7.530990 64.457941
1743736195.160165 0.011384 3.632386 22.044853 30.894549 8.223404 64.806576
1743736195.263965 0.011189 3.467243 20.518070 31.829499 7.777634 63.603635
1743736195.367765 0.016837 3.537630 20.902345 28.984776 8.546405 61.987993
1743736195.471665 0.010856 3.585095 21.161508 31.136711 7.712470 63.606640
1743736195.575565 0.012061 3.441895 22.389775 28.591020 8.156060 62.590811
1743736195.679465 0.010929 3.527024 21.397831 30.859956 8.569426 64.365166
1743736195.783265 0.012715 3.488119 21.923475 29.467548 8.464029 63.355886
1743736195.887165 0.012266 3.452107 22.253068 29.445242 8.088891 63.251574
1743736195.991165 0.011592 3.438552 21.409534 25.732345 8.486623 59.078646
1743736196.095165 0.012095 3.590770 20.630783 28.033765 9.087979 61.355392
1743736196.199165 0.011067 3.415642 20.174114 26.974661 8.363759 58.939243
1743736196.303265 0.013088 3.536265 19.531858 27.044761 8.954694 59.080666
1743736196.407465 0.010688 3.514116 19.151894 25.197798 8.994568 56.869064
1743736196.511665 0.011514 3.451851 19.134997 24.051435 8.442964 55.092761
1743736196.615965 0.015986 3.584999 19.021406 28.917213 9.056711 60.596315
1743736196.720165 0.009459 4.636076 20.383207 26.757342 9.856016 61.642100
1743736196.824565 0.010270 4.064629 20.080533 28.194683 9.863655 62.213770
1743736196.928965 0.011294 4.374124 23.947644 26.774288 10.502178 65.609528
1743736197.033265 0.016106 3.440245 19.969126 27.947011 8.372660 59.745148
1743736197.137665 0.012163 3.438367 19.111507 24.933586 8.337289 55.832912
1743736197.241965 0.011731 3.585704 18.787081 25.796749 9.310247 57.491512
1743736197.346165 0.012216 3.498970 19.692150 26.298760 9.333241 58.835337
1743736197.450465 0.006527 4.725718 20.008657 27.691207 11.365780 63.797889
1743736197.554565 0.011849 4.325207 19.518654 28.376707 10.881226 63.113643
1743736197.658665 0.011014 3.448982 18.843743 27.995156 8.499730 58.798625
1743736197.762965 0.010473 3.543308 23.125412 28.985317 6.411889 62.076399
1743736197.867065 0.010890 3.842140 19.177056 28.132043 9.733917 60.896046
1743736197.971165 0.009787 4.350777 18.915560 29.549240 10.103560 62.928924
1743736198.075265 0.011041 3.744294 18.846251 27.066261 9.466368 59.134215
1743736198.179465 0.010505 3.857776 17.588871 27.577902 9.750004 58.785058
1743736198.283565 0.011285 3.478304 18.081153 28.328494 9.015912 58.915148
1743736198.387565 0.011463 3.473722 17.922915 26.700025 8.933332 57.041457
1743736198.491565 0.012199 3.521684 17.492193 27.435123 9.172004 57.633203
1743736198.595565 0.011515 3.556263 17.380383 27.732577 9.005220 57.685958
1743736198.699465 0.006833 4.036891 16.760318 29.373734 8.149898 58.327674
1743736198.803365 0.010603 3.758169 16.561358 27.565843 9.456710 57.352683
1743736198.907065 0.010801 3.427282 15.618804 27.236908 8.844815 55.138610
1743736199.010965 0.011324 3.462112 15.220595 25.503620 9.070335 53.267986
1743736199.114665 0.011035 3.444838 14.574567 24.339558 8.850698 51.220696
1743736199.218465 0.010089 3.477077 14.571182 27.388136 9.366971 54.813455
1743736199.322265 0.010573 4.119092 14.570916 25.071627 10.109860 53.882068
1743736199.425965 0.011611 3.336644 13.844223 24.775954 8.770082 50.738514
1743736199.529665 0.006748 3.787762 14.110083 23.402543 7.424832 48.731968
1743736199.633265 0.011201 3.816624 15.448964 23.643620 9.494474 52.414883
1743736199.737065 0.011044 3.519704 14.340887 21.664777 9.314574 48.850986
1743736199.840765 0.010596 3.441213 14.503782 23.475361 8.715404 50.146356
1743736199.944565 0.011410 3.590708 14.032199 22.155644 9.288804 49.078765
1743736200.048165 0.011071 3.722731 13.739541 23.473473 9.405405 50.352221
1743736200.151965 0.010849 3.539787 14.551322 19.960658 9.108997 47.171613
1743736200.255565 0.010502 3.345284 12.736834 19.614883 8.716670 44.424173
1743736200.359265 0.011416 3.693142 12.966859 18.848813 9.525899 45.046129
1743736200.462965 0.011152 3.619142 12.265818 17.763690 9.104706 42.764508
1743736200.566665 0.011791 3.660798 11.387543 18.110869 9.237640 42.408641
1743736200.670465 0.011615 3.669407 11.884970 17.938722 9.037182 42.541896
1743736200.774165 0.012837 3.658728 10.997140 16.626935 9.301314 40.596954
1743736200.878065 0.010831 3.410574 10.509545 14.835121 8.887632 37.653703
1743736200.981765 0.007115 3.425550 11.986959 15.977503 5.739074 37.136201
1743736201.085565 0.010086 3.812767 11.801103 24.071377 8.867817 48.563150
1743736201.189465 0.011639 3.403591 10.038440 15.478154 8.556687 37.488511
1743736201.293165 0.010625 3.634990 9.822941 17.558536 8.786124 39.813216
1743736201.396965 0.011645 3.632465 9.879837 15.404145 9.022042 37.950134
1743736201.500865 0.011518 3.646152 9.942664 16.237430 8.952359 38.790123
1743736201.604565 0.010705 3.462239 10.357664 18.695908 8.725929 41.252445
1743736201.708465 0.010164 2.885922 9.838227 18.373033 5.814510 36.921856
1743736201.812165 0.010637 3.581642 10.329288 17.098620 9.196172 40.216359
1743736201.916065 0.011551 3.575355 10.279414 17.706852 8.909120 40.482292
1743736202.019865 0.010784 3.511673 10.495951 16.734142 8.996827 39.749377
1743736202.123665 0.011310 3.774999 10.497664 21.339023 9.093132 44.716128
1743736202.227465 0.016472 3.378634 10.857279 17.771927 8.975285 40.999597
1743736202.331165 0.011643 3.660788 10.591314 16.655624 9.435361 40.354730
1743736202.435065 0.010026 3.061343 10.572654 18.720881 6.669246 39.034150
1743736202.538765 0.011053 5.639515 13.115638 18.546974 9.997018 47.310198
1743736202.642565 0.010968 4.046868 10.596371 17.680755 10.021036 42.355998
1743736202.746465 0.011954 3.467103 10.654280 16.807955 9.560363 40.501655
1743736202.850265 0.011568 3.621385 10.385985 16.751826 9.286466 40.057230
1743736202.954065 0.010922 3.571018 10.177842 18.193328 8.981885 40.934995
1743736203.057965 0.012535 3.709998 10.450481 17.127769 9.118166 40.418949
1743736203.161765 0.010938 5.223179 10.826637 16.773796 9.691649 42.526199
1743736203.265665 0.010662 3.801748 10.423978 18.260095 9.046494 41.542977
1743736203.369565 0.012310 3.493236 10.354241 16.704278 9.309787 39.873852
1743736203.473465 0.011505 3.737543 10.182483 17.068874 9.017776 40.018181
1743736203.577165 0.007084 3.300275 10.277976 18.267397 5.324697 37.177429
1743736203.681065 0.011257 3.826693 10.010741 16.735488 8.916389 39.500568
1743736203.784965 0.010666 3.492160 10.377651 18.795004 8.968453 41.643934
1743736203.888765 0.011090 3.726628 10.204429 17.700223 9.280396 40.922766
1743736203.992665 0.010933 3.395332 10.227177 18.174722 8.753524 40.561688
1743736204.096465 0.011157 3.730369 10.103595 16.661076 8.994196 39.500393
1743736204.200165 0.011105 3.608465 9.875916 15.774697 8.939159 38.209342
1743736204.303965 0.009923 3.843208 9.569477 16.081972 8.870060 38.374640
1743736204.407865 0.010693 3.931241 9.733072 18.068218 9.300591 41.043815
1743736204.511565 0.009957 3.978685 9.837651 16.289110 9.465966 39.581369
1743736204.615465 0.009883 4.082035 9.232146 16.565587 9.696759 39.586410
1743736204.719165 0.011420 3.890713 9.340046 17.098578 8.987860 39.328617
1743736204.822965 0.011210 3.553118 9.797194 17.605899 9.037481 40.004902
1743736204.926665 0.011544 3.819914 9.432477 15.933913 9.123963 38.321811
1743736205.030565 0.010679 3.587206 9.644614 17.327060 8.967086 39.536645
1743736205.134265 0.011805 3.776797 9.562247 16.624374 9.436863 39.412086
1743736205.238065 0.012138 3.492213 9.585234 16.481156 8.955285 38.526026
1743736205.341765 0.011545 3.652938 10.120403 17.025099 9.505368 40.315353
1743736205.445665 0.011296 3.583234 10.107588 16.387472 8.928004 39.017594
1743736205.549465 0.010518 3.668356 9.915904 15.834627 9.115426 38.544831
1743736205.653165 0.010580 3.521958 9.773355 18.378876 9.068106 40.752875
1743736205.757065 0.010870 4.352589 10.390105 17.313841 9.522792 41.590197
1743736205.860965 0.013770 3.528495 9.610704 16.312550 9.151294 38.616813
1743736205.964665 0.011354 3.802216 10.090734 17.394661 9.182789 40.481754
1743736206.068565 0.009977 4.079207 10.724904 20.046485 8.940902 43.801475
1743736206.172465 0.011545 3.697020 10.303988 18.033950 9.038515 41.085018
1743736206.276465 0.011360 3.580481 10.187147 17.849348 8.804227 40.432563
1743736206.380265 0.010731 3.907964 10.022970 19.698204 9.586764 43.226633
1743736206.484165 0.010038 4.173756 10.764913 17.785163 9.352546 42.086416
1743736206.588165 0.011785 3.691653 10.730346 17.913364 9.225681 41.572829
1743736206.692065 0.010904 3.395824 10.486311 17.127784 8.972501 39.993324
1743736206.795965 0.011475 3.555717 10.577359 17.441351 9.490188 41.076090
1743736206.899965 0.012229 3.497525 10.432246 18.782239 9.365696 42.089935
1743736207.003765 0.011260 3.934673 10.547627 19.787535 9.635966 43.917061
1743736207.107765 0.010514 3.687386 10.521875 21.793830 9.135674 45.149279
1743736207.211665 0.011547 3.585493 10.248092 18.993219 9.187419 42.025770
1743736207.315965 0.010515 3.528166 10.564184 16.999690 9.070659 40.173214
1743736207.419765 0.010520 4.145096 10.909526 17.330446 9.749768 42.145356
1743736207.523565 0.010642 5.837111 11.690209 20.783056 10.400382 48.721400
1743736207.627465 0.011419 4.001144 10.575005 18.038103 9.989635 42.615306
1743736207.731465 0.011317 3.493898 9.967202 20.452583 9.349560 43.274560
1743736207.835265 0.012247 3.694117 10.022159 17.251905 9.217243 40.197671
1743736207.939365 0.012224 3.550420 9.810284 17.168677 9.435380 39.976985
1743736208.043065 0.012201 3.768331 10.017579 16.607183 9.382219 39.787513
1743736208.147065 0.010359 6.071987 11.694809 17.543520 10.352995 45.673670
1743736208.251065 0.009628 3.953428 10.582757 16.544317 9.345688 40.435818
1743736208.355865 0.011442 3.678308 10.110193 16.334521 8.982323 39.116787
1743736208.459765 0.011540 3.739901 9.828642 15.983050 9.262331 38.825464
1743736208.562765 0.009814 3.997378 10.155989 16.758404 9.186311 40.107896
1743736208.666565 0.006396 3.380356 13.840086 16.215822 7.915446 41.358106
1743736208.770565 0.010821 3.888080 10.774939 16.270473 9.309908 40.254221
1743736208.874465 0.011725 3.972656 9.744980 15.906395 9.195533 38.831289
1743736208.978465 0.010649 4.609551 10.141601 18.184579 9.068081 42.014461
1743736209.082365 0.010358 3.045991 9.731471 17.007713 6.099562 35.895095
1743736209.186265 0.011584 3.738227 10.040361 15.663421 8.700504 38.154097
1743736209.290365 0.011642 3.970945 10.404090 15.038859 9.070560 38.496096
1743736209.394265 0.010467 4.059429 10.628376 14.971501 9.185275 38.855048
1743736209.498065 0.009859 4.120282 9.930728 14.423951 8.668164 37.152984
1743736209.601965 0.011334 3.994510 9.781770 14.677654 8.683435 37.148703
1743736209.706065 0.010103 3.896770 9.983670 14.194999 8.742337 36.827879
1743736209.809865 0.011352 4.024158 10.213443 13.986010 8.857262 37.092225
1743736209.913865 0.009857 3.876849 10.202371 13.640827 8.791999 36.521903
1743736210.017665 0.011490 3.922421 10.152133 13.605139 8.809426 36.500609
1743736210.121565 0.010038 3.513629 9.601427 13.758992 8.583872 35.467958
1743736210.225565 0.010184 3.779795 9.814633 11.882510 8.752383 34.239505
1743736210.329465 0.011176 4.023213 9.860094 12.101288 8.825295 34.821066
1743736210.433365 0.011627 3.773315 9.873159 10.655038 8.452072 32.765211
1743736210.537365 0.010718 4.094389 9.694432 11.961072 8.765299 34.525910
1743736210.641165 0.010424 3.986344 9.707691 13.301025 8.649005 35.654489
1743736210.745065 0.013961 3.974621 9.666243 11.846455 8.878517 34.379797
1743736210.848965 0.010413 5.179409 10.303291 12.456477 9.374094 37.323684
1743736210.952965 0.011221 3.853253 9.850689 11.899884 8.857966 34.473013
1743736211.056865 0.011219 3.633566 9.613310 11.958500 8.309632 33.526227
1743736211.160865 0.011794 5.318944 10.690667 11.563762 8.958296 36.543463
1743736211.264665 0.010640 4.107196 9.483094 11.079898 8.504254 33.185082
1743736211.368865 0.011717 3.869526 9.421104 10.903868 8.109473 32.315688
1743736211.472765 0.012186 4.138154 9.472509 11.913383 8.208326 33.744558
1743736211.576665 0.009983 4.003607 9.303865 13.163513 8.133764 34.614732
1743736211.680665 0.010950 4.061881 10.447068 11.548374 8.042047 34.110320
1743736211.784565 0.011175 5.026552 11.970527 12.275373 8.655821 37.939448
1743736211.888665 0.011446 4.264348 9.564188 11.007101 8.454616 33.301699
1743736211.992565 0.009983 3.965576 9.398091 11.886897 8.353407 33.613954
1743736212.096565 0.009349 3.737358 9.244222 11.544069 8.122353 32.657351
1743736212.200565 0.010098 4.486571 10.229185 11.456045 8.707658 34.889557
1743736212.304565 0.009893 4.078023 9.244885 12.764804 8.291538 34.389143
1743736212.408865 0.010141 4.976092 9.770897 11.590142 8.460068 34.807340
1743736212.512665 0.011163 5.345432 11.569876 10.454889 9.062269 36.443629
1743736212.616565 0.010269 4.993470 13.348419 12.293614 8.884426 39.530198
1743736212.720565 0.005349 4.349493 9.065681 13.217022 6.415441 33.052986
1743736212.824565 0.010600 3.258897 9.878748 11.699698 7.424483 32.272426
1743736212.928665 0.010550 4.594705 9.097844 11.543174 9.020204 34.266477
1743736213.032665 0.011490 3.172343 9.027778 11.798745 8.210931 32.221287
1743736213.136765 0.009861 5.275176 9.651576 12.914040 8.939134 36.789787
1743736213.240865 0.010715 3.958826 9.172605 11.689907 8.630103 33.462156
1743736213.344765 0.015174 5.236648 12.504446 14.275798 8.904117 40.936183
1743736213.448965 0.009210 5.433402 9.549919 12.779536 7.973743 35.745810
1743736213.553365 0.012497 5.876141 10.117115 13.332073 9.944769 39.282595
1743736213.657165 0.011089 3.677594 8.884848 10.994021 8.598125 32.165677
1743736213.761165 0.013185 5.398995 9.922040 13.134966 8.852608 37.321794
1743736213.865065 0.009741 5.390830 10.375375 12.422850 9.317392 37.516188
1743736213.969365 0.010094 3.898504 9.084043 11.638807 9.133727 33.765175
1743736214.073365 0.010894 3.614040 9.704546 12.008168 8.562396 33.900044
1743736214.177265 0.010940 5.431556 10.598513 11.700332 9.597849 37.339190
1743736214.281265 0.010089 3.929589 8.958906 11.708069 8.997759 33.604412
1743736214.385365 0.010855 5.262367 10.552064 11.934888 9.267499 37.027673
1743736214.489365 0.010217 4.415124 9.208663 12.510498 9.422035 35.566537
1743736214.593365 0.010345 3.594618 9.611360 12.709746 8.660907 34.586976
1743736214.697365 0.010236 3.809900 8.976554 11.242609 8.637903 32.677202
1743736214.801265 0.010317 3.848425 9.145249 12.248895 8.633567 33.886453
1743736214.905965 0.010631 4.188727 9.218027 12.684562 8.930027 35.031974
1743736215.010165 0.011981 3.624256 8.907446 12.196795 8.529553 33.270031
1743736215.113365 0.010745 3.763722 8.798303 11.099637 8.744407 32.416814
1743736215.217365 0.011207 5.337121 8.770391 10.232206 9.167477 33.518402
1743736215.321365 0.011013 3.822782 8.659680 10.001211 8.600506 31.095192
1743736215.425465 0.009840 3.656543 8.825996 12.618121 8.486453 33.596953
1743736215.529465 0.010375 3.782340 8.877197 11.713302 8.566176 32.949390
1743736215.633465 0.011334 4.974474 12.727905 11.513259 8.801807 38.028779
1743736215.737465 0.011741 3.951849 8.488772 10.506537 8.710876 31.669775
1743736215.841865 0.010722 3.412568 8.581939 11.786574 8.920248 32.712051
1743736215.945665 0.010259 3.744883 8.771330 11.081703 8.610035 32.218210
1743736216.049565 0.010342 2.877357 9.337656 10.731708 7.955687 30.912750
1743736216.153565 0.011057 3.638803 8.553037 11.666409 8.476035 32.345341
1743736216.257565 0.009971 3.675122 8.540174 11.667684 8.205092 32.098043
1743736216.361665 0.010165 3.811235 8.611294 10.861392 8.385651 31.679737
1743736216.465665 0.010320 3.960083 9.039598 10.928192 8.152918 32.091111
1743736216.570465 0.010097 3.760362 9.259697 12.343489 8.211653 33.585298
1743736216.674665 0.009642 4.808401 12.397612 13.126015 8.256051 38.597721
1743736216.777865 0.010449 3.066728 9.583917 12.769494 5.595134 31.025722
1743736216.881865 0.009796 4.944678 11.849944 13.269571 7.146975 37.220964
1743736216.985765 0.010558 3.403889 9.506142 12.946018 8.383056 34.249663
1743736217.089865 0.011460 5.096165 11.622194 14.669370 9.068440 40.467629
1743736217.193865 0.009980 3.752708 10.250947 14.831842 8.739550 37.585027
1743736217.297865 0.011549 3.581845 9.746307 13.555577 8.737258 35.632536
1743736217.401965 0.011694 3.795298 9.855290 14.386457 8.699374 36.748113
1743736217.506265 0.010592 3.936339 9.684289 15.567470 8.982585 38.181275
1743736217.611765 0.011336 3.886895 10.008731 15.230566 8.663458 37.800986
1743736217.713865 0.012703 3.473953 10.565002 15.136137 8.812602 38.000397
1743736217.818365 0.011384 3.978184 10.676282 17.515006 8.973506 41.154362
1743736217.923265 0.011786 3.743122 10.268956 15.630944 8.832597 38.487405
1743736218.025965 0.010586 3.548416 10.518204 17.624013 8.708071 40.409290
1743736218.130065 0.011794 3.906466 10.192920 17.080918 9.070697 40.262795
1743736218.233965 0.011953 3.817297 10.652718 18.162008 9.159993 41.803969
1743736218.337965 0.012174 3.560647 10.499294 18.123251 8.743896 40.939262
1743736218.441965 0.011358 3.840730 11.126564 18.832040 9.008395 42.819087
1743736218.545965 0.010888 3.642977 11.104520 18.538797 8.850363 42.147545
1743736218.649965 0.010936 3.812428 11.711622 18.921206 9.076919 43.533111
1743736218.753965 0.009668 6.177568 14.043095 21.855517 10.052991 52.138839
1743736218.858065 0.011964 3.708902 13.949221 20.521669 9.540851 47.732607
1743736218.962165 0.011908 3.680095 12.533634 21.767935 9.813542 47.807114
1743736219.066265 0.011617 3.803491 13.149339 22.021466 9.391800 48.377713
1743736219.170465 0.016024 4.140946 14.318519 25.147943 10.005634 53.629066
1743736219.274465 0.011984 3.570364 13.780903 24.228663 9.231652 50.823566
1743736219.378665 0.011619 3.719735 14.284562 25.789502 9.600580 53.405998
1743736219.482765 0.010930 3.443757 14.766242 25.862512 8.650692 52.734133
1743736219.586965 0.011884 3.608976 15.191682 26.083534 9.241927 54.138003
1743736219.691165 0.011132 3.530455 15.800212 26.551985 9.144316 55.038100
1743736219.795365 0.010780 3.448477 15.630108 27.315388 8.586631 54.991384
1743736219.899565 0.011633 3.565462 15.785412 28.750628 9.248959 57.362094
1743736220.003665 0.011672 3.480120 16.134780 27.231179 8.960836 55.818587
1743736220.107965 0.010887 3.449750 16.081121 28.077298 8.518592 56.137648
1743736220.212065 0.011942 3.527396 16.044528 29.646792 9.101494 58.332152
1743736220.316165 0.012217 3.509369 16.425323 26.945272 9.099567 55.991748
1743736220.420165 0.010489 3.421173 16.519906 27.757709 8.752300 56.461577
1743736220.524265 0.010234 3.895162 16.087204 30.635698 9.897080 60.525378
1743736220.628265 0.010161 3.982434 17.000056 32.946159 9.604419 63.543229
1743736220.732465 0.010201 3.733354 17.287575 32.374730 9.551052 62.956912
1743736220.836565 0.010890 3.369998 16.183639 30.461254 8.579649 58.605430
1743736220.940665 0.012656 3.361162 16.710240 29.170428 8.910613 58.165099
1743736221.044865 0.011530 3.442711 16.458454 30.473760 9.271459 59.657914
1743736221.148965 0.011831 3.324782 16.838509 27.713311 8.185382 56.073815
1743736221.253065 0.010363 3.887717 16.981668 32.817322 9.863624 63.560694
1743736221.357165 0.010914 4.011090 18.968770 30.650779 9.943426 63.584979
1743736221.461465 0.010567 3.897433 16.737706 30.075118 10.060225 60.781049
1743736221.565565 0.010864 3.380430 17.183315 27.486326 8.323736 56.384671
1743736221.669665 0.010354 3.536623 18.350709 31.594123 8.379478 61.871287
1743736221.773965 0.011623 3.430639 17.105707 27.498859 8.977808 57.024636
1743736221.878065 0.011195 3.460332 18.567108 28.592765 8.885556 59.516956
1743736221.982365 0.011270 3.419110 17.929507 27.000994 8.912250 57.273131
1743736222.086565 0.016115 3.454949 19.446369 28.630883 9.149883 60.698199
1743736222.190765 0.010793 3.396341 17.878158 28.695896 8.542470 58.523658
1743736222.294965 0.012519 3.468473 18.078036 28.061359 9.363438 58.983825
1743736222.399265 0.012176 3.479765 18.563541 28.802872 8.815060 59.673414
1743736222.503465 0.017026 3.427716 18.554175 28.024301 9.134801 59.158019
1743736222.607665 0.011655 3.442485 19.618152 29.679773 8.858408 61.610473
1743736222.711865 0.012764 3.408559 20.128906 28.382429 8.984865 60.917523
1743736222.816065 0.011086 4.395636 22.724252 27.838446 10.592207 65.561627
1743736222.920065 0.009647 3.429112 19.170837 28.913123 6.993117 58.515836
1743736223.024165 0.010100 3.828028 19.780286 28.286864 9.819625 61.724903
1743736223.128165 0.011681 3.484615 19.233710 29.721003 8.828499 61.279508
1743736223.232165 0.011455 3.495329 18.406893 29.089518 8.365306 59.368501
1743736223.336065 0.011401 3.552544 19.150005 25.077377 9.277453 57.068780
1743736223.439965 0.010968 3.739504 19.562456 27.452849 9.360089 60.125866
1743736223.543865 0.011659 3.557391 19.140663 26.455884 8.959907 58.125504
1743736223.647665 0.011186 3.600644 18.005902 26.306526 9.340570 57.264828
1743736223.751465 0.016468 3.821160 17.996911 26.914992 9.449882 58.199413
1743736223.855365 0.012632 3.452980 18.387574 23.486783 8.430415 53.770384
1743736223.959165 0.010727 3.547654 18.521199 23.170865 8.901160 54.151605
1743736224.062965 0.012644 3.682942 18.332559 21.945359 9.473910 53.447414
1743736224.166665 0.011555 3.821611 18.651222 22.316762 9.563345 54.364495
1743736224.270465 0.011508 3.694922 18.278715 22.405626 9.142592 53.533363
1743736224.374165 0.011522 3.608722 18.175722 22.277263 9.553860 53.627089
1743736224.477865 0.011867 3.575590 17.205672 22.993605 9.072318 52.859052
1743736224.581465 0.010798 4.089091 20.685554 20.414237 10.127043 55.326723
1743736224.685065 0.011199 3.566032 16.739811 21.684427 9.427829 51.429298
1743736224.788865 0.011724 3.521915 16.360291 19.136074 9.076632 48.106636
1743736224.892465 0.006132 4.036525 16.439088 21.357037 5.890196 47.728978
1743736224.996165 0.011310 3.777700 16.992983 18.399647 9.622789 48.804429
1743736225.099965 0.012132 3.739140 16.254659 18.083369 9.608987 47.698287
1743736225.203765 0.011896 3.785096 16.289625 19.002029 9.632411 48.721057
1743736225.307465 0.010451 3.491589 15.868171 16.358950 8.897243 44.626404
1743736225.411165 0.011479 3.828600 14.728045 17.693954 9.350039 45.612117
1743736225.514965 0.012163 3.867046 15.174154 17.008899 9.480760 45.543022
1743736225.618865 0.010158 5.810802 17.579680 18.922291 10.142492 52.465423
1743736225.722565 0.010954 3.364107 14.638504 16.758400 8.500675 43.272640
1743736225.826365 0.011551 3.845227 14.416796 14.652865 9.227975 42.154414
1743736225.930165 0.010794 4.048072 14.462284 14.761237 9.804766 43.087153
1743736226.034065 0.011353 3.678923 14.410174 14.426812 9.346278 41.873540
1743736226.137965 0.011451 3.795982 14.047973 13.435891 8.820961 40.112258
1743736226.241865 0.010150 5.905392 14.848146 16.737426 10.401015 47.902129
1743736226.345665 0.011094 5.056696 18.704340 13.590222 10.184223 47.546575
1743736226.449665 0.009984 3.495600 14.519692 14.147191 9.200355 41.372822
1743736226.553565 0.011382 3.761904 14.535692 14.863574 9.568278 42.740830
1743736226.657565 0.011984 6.314808 16.349139 14.178559 11.156956 48.011446
1743736226.761465 0.010717 6.255431 16.143514 13.967341 10.704377 47.081380
1743736226.865465 0.010513 3.940705 14.910248 14.409247 10.166383 43.437096
1743736226.969465 0.011109 4.039035 14.439475 15.237114 10.008249 43.734982
1743736227.073365 0.011668 3.256853 13.545117 16.196233 8.253684 41.263555
1743736227.177365 0.011591 6.070594 14.830905 12.275950 10.746615 43.935655
1743736227.281365 0.010251 3.387827 14.445229 10.856443 8.851998 37.551748
1743736227.385165 0.009780 3.816415 14.467783 11.900893 9.348887 39.543758
1743736227.489265 0.009675 3.812524 14.664749 12.623659 9.419970 40.530577
1743736227.593165 0.009745 3.752497 14.461959 12.994068 9.408827 40.627096
1743736227.697165 0.010132 3.949039 15.077807 11.856420 8.331251 39.224649
1743736227.801165 0.011233 3.705272 14.205400 10.769368 9.364241 38.055514
1743736227.905065 0.009549 5.804393 14.839328 10.923184 9.729656 41.306110
1743736228.009065 0.010437 3.788113 14.260934 9.394304 9.553443 37.007231
1743736228.113065 0.011195 4.032557 14.286611 9.976191 9.662193 37.968747
1743736228.216965 0.009659 3.793171 14.957858 8.750985 9.157052 36.668725
1743736228.320965 0.009620 3.742085 14.502116 9.577356 9.060987 36.892164
1743736228.424965 0.011292 6.312075 17.289236 9.413927 10.358238 43.384768
1743736228.528965 0.010636 3.910173 14.404944 8.802470 9.607035 36.735258
1743736228.632965 0.015762 4.116782 15.135751 7.452062 9.581567 36.301924
1743736228.736965 0.009530 4.922481 15.471317 8.078854 9.613247 38.095429
1743736228.840965 0.009988 4.385067 16.393341 7.289047 9.478486 37.555929
1743736228.944965 0.011979 3.734439 14.167870 7.732439 6.894374 32.541101
1743736229.048965 0.010505 6.040489 15.487973 7.233335 10.285261 39.057563
1743736229.152965 0.011108 3.534245 14.493594 6.839662 8.767103 33.645712
1743736229.256965 0.010104 3.939795 14.798069 7.750290 9.488728 35.986986
1743736229.360965 0.011690 5.023470 18.225825 6.686113 10.124437 40.071535
1743736229.464965 0.010545 6.534584 15.263163 6.967332 8.729341 37.504965
1743736229.568965 0.009546 3.441845 15.547071 8.387742 7.038943 34.425147
1743736229.672965 0.010231 3.563905 14.866690 8.981702 9.329864 36.752392
1743736229.776965 0.010276 4.131487 15.104902 7.388205 9.523912 36.158782
1743736229.881065 0.009499 5.962247 17.759854 8.039466 8.364658 40.135724
1743736229.985065 0.011252 6.415764 18.075994 8.703716 7.759538 40.966264
1743736230.089065 0.010274 3.764826 16.259246 8.106791 9.680714 37.821851
1743736230.193165 0.010247 4.161435 17.974318 7.621381 9.762275 39.529656
1743736230.297165 0.010446 3.689146 17.620189 7.963337 9.524103 38.807221
1743736230.401165 0.010970 3.937798 16.877709 8.851483 9.702740 39.380700
1743736230.505265 0.010879 3.747443 17.800509 9.119290 9.448654 40.126775
1743736230.609165 0.011486 3.723182 17.828226 8.035379 9.433731 39.032004
1743736230.713265 0.014962 6.006848 19.243145 8.358161 10.492325 44.115441
1743736230.817165 0.011261 3.729386 17.602864 8.950451 9.621607 39.915569
1743736230.921165 0.012608 3.809830 18.562154 11.306708 9.856855 43.548155
1743736231.025065 0.010517 3.832729 19.093707 10.525135 9.817356 43.279444
1743736231.128965 0.010099 3.547177 19.773051 10.814804 8.906423 43.051554
1743736231.232965 0.010207 3.591527 20.688869 13.436330 9.494152 47.221085
1743736231.336865 0.012599 3.454360 19.763237 11.776204 9.388539 44.394939
1743736231.440865 0.010345 3.491214 19.875074 12.004643 9.209876 44.591152
1743736231.544665 0.009589 3.716234 20.685887 12.004388 9.337208 45.753306
1743736231.648665 0.011571 3.441259 20.616923 12.774719 9.218327 46.062799
1743736231.752565 0.010790 3.690914 22.025382 11.836448 9.481742 47.045276
1743736231.856565 0.010005 3.856009 20.896114 12.279663 9.903550 46.945341
1743736231.960465 0.011324 3.788480 21.416934 11.266555 9.867941 46.351234
1743736232.064365 0.010444 3.739073 21.046022 12.552112 9.626872 46.974523
1743736232.168365 0.011171 3.839460 21.926664 13.517207 9.981856 49.276358
1743736232.272365 0.011865 3.610625 21.367237 13.193170 9.565349 47.748246
1743736232.376365 0.011181 4.293597 23.403242 14.259566 10.148824 52.116410
1743736232.480165 0.011985 3.759857 21.116814 12.282161 9.966894 47.137711
1743736232.584165 0.011168 3.790214 21.280829 13.913817 9.731312 48.727340
1743736232.688165 0.010822 3.636102 21.634091 13.383462 8.883532 47.548009
1743736232.792265 0.011245 3.530389 21.131425 12.921526 9.309236 46.903821
1743736232.896165 0.010391 3.874496 20.806906 12.131970 9.863348 46.687111
1743736233.000365 0.011628 3.759471 21.267305 13.232361 9.648710 47.919475
1743736233.104365 0.011511 3.580448 20.258264 13.386650 9.522438 46.759311
1743736233.208365 0.011417 3.730701 20.491872 13.303747 9.603662 47.141399
1743736233.312465 0.010922 3.760005 20.465044 15.017478 9.698858 48.952307
1743736233.416465 0.010767 3.814605 20.941606 13.357819 9.953355 48.078152
1743736233.520565 0.011673 3.735633 19.927215 12.545051 9.644291 45.863863
1743736233.624565 0.010532 3.794425 20.068558 12.200946 9.690043 45.764504
1743736233.728665 0.009333 4.612283 19.824920 12.516873 9.985118 46.948527
1743736233.832865 0.010898 6.637924 21.302111 13.240272 10.507266 51.698471
1743736233.936965 0.011376 3.711005 19.174495 11.071268 9.372015 43.340159
1743736234.041065 0.010978 4.000288 18.399382 10.879952 9.674214 42.964814
1743736234.145165 0.009843 3.780533 18.912447 11.118117 9.609807 43.430747
1743736234.249365 0.010144 3.949677 19.065133 9.835083 9.676076 42.536113
1743736234.353365 0.010879 3.902908 17.953649 9.632401 9.833226 41.333063
1743736234.457365 0.011459 3.870540 17.966553 9.436594 9.728354 41.013500
1743736234.561365 0.011158 3.799736 18.050541 10.068447 9.575097 41.504979
1743736234.665165 0.011699 3.799593 17.401725 9.352333 9.292592 39.857942
1743736234.769065 0.010958 6.009450 20.025524 10.007833 10.170898 46.224663
1743736234.872965 0.011806 3.398337 17.835218 10.823487 8.916325 40.985173
1743736234.976865 0.011657 3.692207 18.853483 10.182749 9.247295 41.987391
1743736235.080665 0.010757 3.949430 16.930439 9.579745 9.783965 40.254336
1743736235.184565 0.012287 3.874129 16.657431 10.590752 9.466821 40.601420
1743736235.288465 0.010909 5.841257 17.296571 8.678604 9.952480 41.779821
1743736235.392365 0.010057 3.964616 16.498377 8.451556 9.365538 38.290144
1743736235.496065 0.011330 4.138560 17.839201 8.832125 9.717805 40.539021
1743736235.599965 0.010361 3.584638 17.644376 10.569415 9.260964 41.069754
1743736235.703865 0.010033 3.778341 17.393735 10.268298 9.812471 41.262878
1743736235.807665 0.010819 3.707068 17.094453 9.749631 9.332609 39.894580
1743736235.911665 0.009329 5.577975 17.264186 10.284291 10.008254 43.144035
1743736236.015565 0.011802 3.684696 17.028822 10.327083 9.753333 40.805736
1743736236.119465 0.010798 3.853188 17.169398 9.279464 9.697193 40.010041
1743736236.223365 0.010114 3.808330 17.628365 9.509109 9.740507 40.696425
1743736236.327165 0.011424 4.015407 17.649609 10.255263 9.962971 41.894674
1743736236.431065 0.010969 3.674362 16.975867 9.526849 9.561126 39.749173
1743736236.534865 0.010749 3.835878 16.540633 10.405963 9.784239 40.577462
1743736236.638665 0.010675 3.884594 17.016995 8.853505 9.661374 39.427143
1743736236.742465 0.010548 3.542458 16.485337 10.429791 9.295388 39.763522
1743736236.846365 0.010449 3.884776 17.336619 11.430903 9.713024 42.375771
1743736236.950065 0.011009 5.098344 20.852838 12.016927 10.205927 48.185045
1743736237.053965 0.012879 3.495881 17.002994 10.440666 9.619233 40.571653
1743736237.157865 0.011641 3.780321 17.585888 10.213579 9.711583 41.303012
1743736237.261665 0.010111 3.357755 17.202308 11.762932 7.485294 39.818400
1743736237.365565 0.011925 3.760823 17.394051 11.095195 9.882546 42.144540
1743736237.469465 0.011041 3.767747 16.993492 11.858250 9.722809 42.353339
1743736237.573465 0.010577 3.731365 17.466433 11.672659 9.760601 42.641635
1743736237.677365 0.011225 3.707801 17.666153 10.811754 9.765333 41.962266
1743736237.781365 0.010410 3.378264 17.069825 11.733132 5.792944 37.984575
1743736237.885365 0.010980 6.109303 18.392462 11.308112 10.680541 46.501398
1743736237.989165 0.011012 3.666367 17.552624 12.465770 9.805004 43.500777
1743736238.093065 0.006951 4.459622 18.306060 12.534239 9.351421 44.658293
1743736238.197065 0.010912 6.253026 18.445016 14.037881 9.325281 48.072116
1743736238.301065 0.011559 3.722004 17.628833 12.679181 9.790882 43.832459
1743736238.405065 0.010208 3.894661 18.463489 10.936729 9.876216 43.181303
1743736238.509065 0.011555 3.859523 17.490932 12.718058 9.786012 43.866080
1743736238.613065 0.011560 3.833857 17.860748 12.204839 9.868014 43.779018
1743736238.717065 0.010766 3.716419 17.471976 13.361632 9.699419 44.260212
1743736238.821065 0.011011 3.756779 18.027328 13.762061 9.850457 45.407636
1743736238.924965 0.009519 3.630682 17.947042 13.639822 9.435779 44.662844
1743736239.028965 0.011435 3.696229 17.461202 13.110195 7.144324 41.423385
1743736239.132965 0.011524 4.136346 20.141595 14.628738 10.140542 49.058745
1743736239.236865 0.010425 3.695228 17.554288 15.016498 9.622983 45.899422
1743736239.340865 0.011743 3.366582 17.017072 14.232464 8.801774 43.429635
1743736239.444665 0.011135 6.419837 19.595683 16.010249 11.134720 53.171624
1743736239.548665 0.010646 3.865659 19.135736 14.827284 10.072735 47.912060
1743736239.652565 0.011306 3.577503 18.819229 15.671524 9.669158 47.748720
1743736239.756565 0.011433 3.669281 19.092773 14.607613 9.990195 47.371295
1743736239.860465 0.009910 3.909063 20.413120 15.554780 9.748524 49.635397
1743736239.964465 0.012059 3.589108 19.718223 16.616395 9.683626 49.619411
1743736240.068365 0.010663 3.572713 19.736109 17.816806 9.443678 50.579969
1743736240.172365 0.010332 6.350043 23.272820 19.888664 10.688733 60.210592
1743736240.276365 0.012288 3.501692 21.619791 16.681134 9.486450 51.301355
1743736240.380365 0.012175 3.612818 22.241186 18.494116 9.658077 54.018372
1743736240.484365 0.010822 3.604508 21.068705 18.592769 9.561255 52.838059
1743736240.588265 0.011256 3.702994 20.825424 18.114309 9.795751 52.449734
1743736240.692165 0.012540 3.739815 20.764269 18.134121 10.387073 53.037818
1743736240.796065 0.010955 3.539669 20.995764 19.268821 9.487472 53.302681
1743736240.899965 0.010693 3.645705 22.041756 17.696298 9.651418 53.045870
1743736241.003965 0.011264 3.449644 21.382832 22.445379 6.782318 54.071437
1743736241.107865 0.011341 3.682844 21.823360 18.633607 9.804371 53.955523
1743736241.211865 0.011391 3.465416 22.055438 20.411245 9.129257 55.072747
1743736241.315765 0.012035 3.572036 22.652792 19.444595 9.632468 55.313926
1743736241.419765 0.011377 3.563043 21.868136 18.888264 9.396605 53.727425
1743736241.523665 0.011471 3.664734 23.499417 20.044261 9.600029 56.819912
1743736241.627665 0.010839 3.517865 22.451603 21.109383 9.198264 56.287954
1743736241.731665 0.010811 3.566211 23.499670 22.003698 9.486487 58.566877
1743736241.835565 0.011135 3.865259 21.949231 22.195444 10.005895 58.026964
1743736241.939565 0.010825 3.450027 22.703840 21.634276 9.253244 57.052212
1743736242.043565 0.010963 3.695514 23.400298 21.897737 9.887981 58.892493
1743736242.147665 0.007037 3.783536 22.575626 20.827238 7.707118 54.900555
1743736242.251565 0.012017 3.662833 22.917961 23.868705 9.796554 60.258070
1743736242.355665 0.010487 3.696998 22.926640 20.360152 9.905065 56.899342
1743736242.459665 0.012328 3.564014 23.218070 20.585218 9.572424 56.952054
1743736242.563565 0.011118 3.900683 22.955042 21.330117 10.382532 58.579492
1743736242.667565 0.010100 3.977697 23.214009 20.188789 10.141070 57.531665
1743736242.771565 0.016900 3.482949 21.436575 19.933669 9.226814 54.096907
1743736242.875565 0.011275 3.555435 20.323145 18.796660 9.501790 52.188305
1743736242.979565 0.011419 3.558022 20.085769 20.903786 9.453804 54.012800
1743736243.083565 0.006803 5.811026 24.560069 20.386100 10.674566 61.438564
1743736243.187565 0.011064 3.694194 19.915751 20.514016 9.879500 54.014525
1743736243.291565 0.011419 3.490529 19.515556 21.133418 9.458657 53.609579
1743736243.395665 0.006249 3.804584 19.436975 20.833795 5.746797 49.828400
1743736243.499865 0.012235 3.593965 18.810990 17.118262 9.252981 48.788433
1743736243.603965 0.011640 3.446736 18.135483 18.388710 9.327624 49.310193
1743736243.708065 0.012023 3.522319 17.981138 17.656626 9.086225 48.258331
1743736243.812165 0.011050 3.734070 17.364529 17.291699 9.417666 47.819014
1743736243.916365 0.011884 3.796646 16.873390 18.845695 9.147583 48.675198
1743736244.020465 0.011846 3.426903 16.120762 18.126131 8.903636 46.589278
1743736244.124465 0.011671 3.625362 16.300431 17.381644 9.195102 46.514210
1743736244.228565 0.010111 3.705777 15.616686 17.365862 9.213287 45.911723
1743736244.332565 0.012006 3.547294 15.937804 17.509166 9.149262 46.155532
1743736244.436465 0.012330 3.623862 15.552171 20.462155 9.275936 48.926454
1743736244.540365 0.010531 5.412252 18.145959 18.479069 10.398857 52.446668
1743736244.644065 0.011423 3.432043 15.109290 16.517676 9.066448 44.136880
1743736244.747765 0.011537 3.626659 14.777560 15.647963 9.110586 43.174305
1743736244.851465 0.012342 3.735907 14.886715 18.885187 9.266670 46.786821
1743736244.955165 0.012075 3.594466 14.316933 15.567753 9.190486 42.681713
1743736245.058965 0.011643 4.054821 15.842160 18.122342 9.535359 47.566325
1743736245.162565 0.011453 3.414700 13.875081 17.113794 8.838528 43.253556
1743736245.266365 0.010561 3.873837 14.368481 16.454900 9.471926 44.179705
1743736245.369965 0.010516 3.466245 14.546961 15.716738 8.987472 42.727932
1743736245.473665 0.011691 3.760680 14.241345 16.076925 9.526799 43.617440
1743736245.577565 0.011415 3.338287 14.207658 15.822871 8.554308 41.934539
1743736245.681365 0.010449 6.340456 16.310551 18.004654 10.643663 51.309773
1743736245.785165 0.010898 3.512349 13.856383 14.813516 9.062639 41.255785
1743736245.888965 0.011992 3.866178 13.937100 15.704696 9.555788 43.075754
1743736245.992865 0.010701 3.590291 13.766141 17.093525 9.288643 43.749301
1743736246.096565 0.011921 3.854207 14.150186 15.956655 9.782180 43.755149
1743736246.200465 0.006973 4.431239 14.178777 17.797919 7.343549 43.758457
1743736246.304365 0.012473 3.481361 14.339590 17.933606 9.117611 44.884641
1743736246.408165 0.012216 3.565311 14.634204 18.202212 9.102399 45.516342
1743736246.511965 0.011346 3.747287 15.849454 16.400646 9.533455 45.542188
1743736246.615865 0.011984 3.582963 15.738959 16.813501 9.628769 45.776176
1743736246.719865 0.011764 3.792269 16.060603 17.039009 9.680347 46.583992
1743736246.823665 0.011457 3.850697 15.961205 18.232574 10.010538 48.066471
1743736246.927665 0.012013 3.582436 15.671976 17.824250 9.220838 46.311513
1743736247.031565 0.011046 3.743365 15.829581 19.644931 9.717531 48.946454
1743736247.135465 0.010068 3.628275 18.007095 17.823841 10.061416 49.530695
1743736247.239465 0.010677 3.627241 16.353462 14.311485 7.990971 42.293836
1743736247.343365 0.010063 3.694958 16.615541 16.557905 9.282790 46.161257
1743736247.447165 0.010536 3.686166 16.784032 16.974152 9.135623 46.590509
1743736247.551165 0.009653 3.532556 16.594591 16.357571 9.010190 45.504561
1743736247.655165 0.010254 3.597236 16.128366 16.573538 9.089611 45.399005
1743736247.759065 0.010717 5.750346 16.403334 16.294065 10.492891 48.951353
1743736247.863065 0.011998 3.512977 16.053530 16.660527 9.481704 45.720736
1743736247.967065 0.010397 3.587446 16.933567 14.942339 9.316727 44.790476
1743736248.070965 0.011368 3.696239 16.505035 14.473540 9.734116 44.420298
1743736248.174965 0.012110 3.540642 16.902090 15.713135 9.707114 45.875091
1743736248.278865 0.011868 3.629015 17.220860 14.917992 9.964357 45.744092
1743736248.382865 0.011365 3.561229 17.813432 14.603521 9.478610 45.468157
1743736248.486765 0.010525 3.741846 17.470088 14.129533 9.867780 45.219772
1743736248.590565 0.010178 3.575551 18.875062 16.854530 9.152357 48.467678
1743736248.694565 0.009946 3.819956 18.311550 18.331460 9.870571 50.343483
1743736248.798465 0.011541 4.785570 22.539338 18.536558 10.275969 56.148976
1743736248.902365 0.010084 3.451992 18.770310 16.153966 9.471404 47.857756
1743736249.006365 0.011571 3.625658 19.371189 18.150112 9.682854 50.841384
1743736249.110365 0.010070 6.276660 22.416701 17.816679 12.344425 58.864535
1743736249.214165 0.012237 3.401323 19.874217 20.085358 8.875841 52.248976
1743736249.318165 0.011603 3.570694 20.638411 18.597526 9.355994 52.174228
1743736249.422065 0.010681 4.870956 24.754204 19.808443 10.780829 60.225113
1743736249.526065 0.010406 3.591351 21.303901 18.945796 9.760772 53.612226
1743736249.629965 0.011640 3.362180 21.834452 18.052633 9.059770 52.320675
1743736249.733965 0.010124 3.582064 22.229287 19.997301 9.655604 55.474380
1743736249.837965 0.010162 3.571590 22.638054 19.465924 9.514574 55.200304
1743736249.941965 0.010566 3.723657 23.556762 20.737550 9.719096 57.747631
1743736250.045865 0.011532 3.430120 22.509488 19.782878 9.085689 54.819707
1743736250.149865 0.010774 3.676808 23.972372 19.659736 9.571392 56.891082
1743736250.253865 0.008751 3.599132 24.080358 20.015395 8.398256 56.101892
1743736250.357865 0.010209 3.851272 25.746941 20.166191 9.687000 59.461613
1743736250.461865 0.011543 3.474047 24.948466 20.144859 9.248881 57.827796
1743736250.565865 0.010283 3.790356 25.908138 28.599564 9.594347 67.902688
1743736250.669865 0.011368 3.459576 26.023442 20.439678 8.734952 58.669016
1743736250.773665 0.011846 3.474465 25.801735 24.889336 8.619838 62.797220
1743736250.877665 0.012674 3.475689 26.731977 22.547649 8.642001 61.409990
1743736250.981765 0.011290 3.921654 27.891717 26.040066 9.909861 67.774588
1743736251.085565 0.010601 3.745615 28.997258 25.118326 10.045467 67.917267
1743736251.189465 0.010777 3.565771 28.647338 27.161195 7.748502 67.133583
1743736251.293365 0.011627 3.528859 28.322910 24.648037 8.357197 64.868630
1743736251.397265 0.010350 3.795732 30.709791 25.160103 9.729540 69.405516
1743736251.501065 0.009404 3.572519 31.668877 27.663998 6.965606 69.880404
1743736251.604865 0.011016 4.076379 31.006649 26.931721 10.338803 72.364568
1743736251.708665 0.012437 4.022636 30.265630 29.064397 10.491800 73.856900
1743736251.812465 0.010517 3.523618 30.208247 27.260318 7.625679 68.628379
1743736251.916365 0.008760 3.471046 31.335293 25.934078 6.689290 67.438467
1743736252.020065 0.012070 3.539469 32.396778 27.723545 7.855081 71.526943
1743736252.123865 0.008614 3.545649 32.206954 28.310480 6.734316 70.806013
1743736252.227765 0.010128 3.754606 32.814683 29.032148 9.344642 74.956207
1743736252.331465 0.011491 4.026748 34.398667 28.549756 9.643853 76.630515
1743736252.435165 0.007347 3.533826 32.621511 28.588898 6.419986 71.171568
1743736252.538965 0.009910 3.575317 33.147364 32.007215 7.582149 76.321955
1743736252.642765 0.007212 3.566454 33.650395 31.471870 6.247315 74.943246
1743736252.746465 0.011806 3.745811 32.832186 28.278885 10.039247 74.907935
1743736252.850165 0.011064 3.876154 33.875097 32.982851 9.814655 80.559821
1743736252.953965 0.006964 3.624936 34.514167 30.826250 6.272719 75.245036
1743736253.057665 0.011632 3.929970 35.036706 33.419135 10.271071 82.668514
1743736253.161365 0.006570 3.811741 35.862863 32.359995 7.149973 79.191142
1743736253.265065 0.009577 5.261094 37.398111 36.670934 8.772187 88.111903
1743736253.368865 0.005915 3.829754 38.929851 35.609051 6.708466 85.083037
1743736253.472565 0.007134 3.675651 35.794058 36.076994 6.616904 82.170741
1743736253.576365 0.006793 3.609221 36.512545 34.299183 6.631443 81.059185
1743736253.679965 0.006848 3.670446 35.813323 35.027715 6.504796 81.023128
1743736253.783865 0.008548 4.362952 38.173987 36.046744 10.807096 89.399327
1743736253.887565 0.007008 3.696556 38.029105 36.142816 6.701618 84.577103
1743736253.991365 0.006510 3.942539 38.574526 35.286740 8.693892 86.504207
1743736254.095365 0.007127 4.180908 38.710142 34.732577 8.458026 86.088780
1743736254.199265 0.007107 3.690466 37.762515 32.922129 6.674046 81.056263
1743736254.303165 0.009672 4.450355 41.315755 38.976586 10.940420 95.692788
1743736254.407365 0.006264 4.051122 40.052219 34.176567 6.780529 85.066701
1743736254.511465 0.006708 4.153112 41.482444 33.760181 8.418007 87.820452
1743736254.615565 0.007306 3.825058 39.609645 32.827750 6.657248 82.927007
1743736254.719765 0.007701 3.696411 39.348732 35.062991 6.450355 84.566190
1743736254.823865 0.007577 3.791464 38.667595 31.461019 6.484208 80.411863
1743736254.927865 0.011016 6.722136 38.511753 29.859861 11.395104 86.499870
1743736255.031865 0.006384 5.827069 38.009705 31.285874 8.144841 83.273873
1743736255.135765 0.007306 4.396364 38.766166 31.027379 8.884748 83.081963
1743736255.239865 0.006570 3.797775 34.316410 28.734264 6.388163 73.243182
1743736255.343765 0.011613 4.248518 32.416948 32.901577 10.591560 80.170216
1743736255.447765 0.006381 3.952226 33.560895 29.713192 7.616892 74.849586
1743736255.551765 0.008839 3.533164 33.872746 29.056430 6.732308 73.203487
1743736255.655765 0.009291 3.540292 33.352678 29.033632 6.831865 72.767758
1743736255.759765 0.008801 3.538965 33.105635 30.049223 6.921141 73.623765
1743736255.863765 0.012414 4.148479 34.980641 31.695363 10.536627 81.373524
1743736255.967865 0.010735 3.801227 34.911121 28.660896 8.443161 75.827140
1743736256.072065 0.009380 5.241744 35.063669 30.402499 7.998096 78.715388
1743736256.176265 0.011536 6.475969 37.382672 31.882357 9.010237 84.762771
1743736256.280465 0.006560 3.616497 34.352885 33.659056 6.197461 77.832459
1743736256.384565 0.009734 3.446398 34.000554 31.922564 7.065447 76.444697
1743736256.488765 0.008851 3.522384 34.971124 35.134089 6.686857 80.323305
1743736256.592865 0.007826 3.481236 32.820675 32.173190 6.234231 74.717158
1743736256.696865 0.010450 3.530912 33.306099 31.461192 7.555197 75.863850
1743736256.800965 0.007999 3.508549 34.371556 30.755331 6.350617 74.994052
1743736256.905065 0.010235 3.477466 33.431682 32.326285 7.393172 76.638840
1743736257.009265 0.009208 3.530896 33.697043 32.058670 6.703036 75.998853
1743736257.113365 0.009228 3.530840 32.619209 30.907457 6.765894 73.832628
1743736257.217465 0.009632 3.485918 32.054767 33.004415 7.045484 75.600216
1743736257.321465 0.009286 3.549808 33.664232 31.046871 6.905069 75.175266
1743736257.425565 0.009621 3.520508 32.009928 32.781459 7.200522 75.522038
1743736257.529565 0.008625 3.545877 32.647590 31.102880 6.815119 74.120091
1743736257.633565 0.011512 3.557880 31.998515 30.449079 8.180258 74.197244
1743736257.737565 0.006876 3.605569 33.257493 31.479277 6.345709 74.694924
1743736257.841565 0.009634 3.592346 33.261497 33.672027 7.301325 77.836829
1743736257.945565 0.007364 3.586325 32.670372 30.998986 6.250912 73.513959
1743736258.049565 0.007354 4.411917 34.449996 33.970283 9.770501 82.610051
1743736258.153765 0.008366 3.665844 33.356509 32.374093 6.907235 76.312047
1743736258.257765 0.012897 3.658728 33.463129 32.965307 6.703256 76.803317
1743736258.361765 0.009177 3.621701 33.110476 32.477923 6.808530 76.027807
1743736258.465865 0.009371 3.598308 34.564478 32.774467 7.235485 78.182109
1743736258.569865 0.007744 3.689762 32.482071 31.867272 6.651058 74.697907
1743736258.673865 0.010575 3.555844 32.375964 32.878214 7.330784 76.151381
1743736258.777765 0.008332 3.624732 31.829033 30.076781 6.557166 72.096044
1743736258.881765 0.010471 3.624063 31.222301 31.960384 7.707995 74.525214
1743736258.985765 0.008287 3.608893 30.788442 31.286083 6.465391 72.157096
1743736259.089565 0.012008 3.550396 30.994261 33.839493 8.605968 77.002126
1743736259.193565 0.007513 3.906258 32.614151 31.207518 8.911526 76.646966
1743736259.297465 0.012535 4.193610 31.696718 31.608331 10.582113 78.093307
1743736259.401365 0.007037 3.570409 31.262323 29.709767 6.254092 70.803628
1743736259.505365 0.011205 3.637945 31.438816 32.516916 8.819015 76.423897
1743736259.609365 0.006996 3.636641 32.015114 31.380550 6.231570 73.270871
1743736259.713365 0.010935 3.669230 31.283673 31.719794 7.694806 74.378438
1743736259.817265 0.009264 4.403646 34.008182 32.921826 10.607852 81.950770
1743736259.921265 0.007136 3.652339 31.849693 31.705679 6.349448 73.564295
1743736260.025265 0.010818 3.651097 31.491656 34.737694 7.820706 77.711971
1743736260.129365 0.007866 3.698183 30.900978 31.578951 6.393917 72.579895
1743736260.233365 0.010919 3.633520 31.520688 35.734162 8.036863 78.936152
1743736260.337365 0.007355 3.627968 30.695953 33.937548 6.258366 74.527190
1743736260.441465 0.010096 3.660550 31.266193 30.947181 7.413227 73.297247
1743736260.545465 0.011233 4.138674 32.549715 33.178196 10.176555 80.054373
1743736260.649565 0.006772 3.671324 31.261697 34.090865 6.404159 75.434817
1743736260.753765 0.011227 4.474783 33.038318 36.026680 10.864470 84.415478
1743736260.857865 0.006582 3.711861 30.620062 31.957582 6.414135 72.710222
1743736260.961865 0.010328 3.624128 30.208004 31.839348 7.825945 73.507753
1743736261.065965 0.009273 3.653009 30.572703 30.000921 7.276444 71.512350
1743736261.169965 0.010266 3.626403 32.219162 30.102214 7.688308 73.646353
1743736261.273965 0.008912 3.649725 30.986593 29.313790 7.080582 71.039602
1743736261.377965 0.007449 3.742068 30.308509 25.685182 6.178619 65.921827
1743736261.481865 0.011746 3.723120 29.895869 30.881812 9.041635 73.554182
1743736261.585765 0.009182 3.627403 29.248279 29.841632 6.897131 69.623627
1743736261.689565 0.015370 3.578936 28.986545 25.361086 7.940034 65.881971
1743736261.793465 0.015387 3.608844 29.044794 30.181265 8.375579 71.225869
1743736261.897265 0.009897 3.532886 28.383521 27.865213 7.168834 66.960351
1743736262.001065 0.011986 3.548019 29.776902 27.356711 8.632261 69.325879
1743736262.104865 0.009794 3.524012 28.880283 26.817418 7.701889 66.933396
1743736262.208665 0.011139 3.532206 27.528860 27.041172 8.143306 66.256683
1743736262.312365 0.011704 3.505958 27.618936 25.283824 8.107644 64.528066
1743736262.416265 0.007257 3.663184 29.316693 27.046319 6.413282 66.446735
1743736262.519965 0.011472 3.530374 28.350514 29.205260 8.205932 69.303552
1743736262.623765 0.009890 3.522037 28.621650 27.099944 7.301078 66.554599
1743736262.727565 0.011517 3.589808 28.916616 26.544590 8.737269 67.799800
1743736262.831365 0.011498 3.456451 27.532144 26.857811 8.056611 65.914515
1743736262.935365 0.012067 3.466620 26.921244 23.809403 8.242889 62.452223
1743736263.039065 0.012097 3.547236 26.606296 28.736967 8.910922 67.813518
1743736263.142865 0.012124 3.457793 27.122829 24.340985 8.058645 62.992376
1743736263.246765 0.010823 4.862269 26.465744 25.409937 10.328836 67.077609
1743736263.350465 0.010099 3.474949 25.889026 26.562320 7.036171 62.972565
1743736263.454365 0.010681 3.932055 26.503584 27.362200 9.475464 67.283984
1743736263.558065 0.011682 3.543183 24.715637 24.623386 8.904128 61.798016
1743736263.661865 0.011780 3.441311 24.318040 24.233243 8.388479 60.392853
1743736263.765765 0.011308 3.580286 24.353974 25.681234 9.066930 62.693732
1743736263.869465 0.013006 3.421326 24.201853 21.394006 8.211870 57.242061
1743736263.973365 0.012200 3.560095 22.970313 23.187099 9.141004 58.870711
1743736264.077065 0.011828 3.610251 22.889859 22.085663 8.861007 57.458608
1743736264.180965 0.010896 3.725164 23.419893 25.589701 9.113248 61.858902
1743736264.284765 0.011259 3.563973 23.666397 27.722042 8.837862 63.801533
1743736264.388565 0.011856 3.461698 23.854585 25.089740 8.532390 60.950269
1743736264.492365 0.011998 3.558390 22.287097 23.810066 9.140466 58.808017
1743736264.596265 0.012061 3.657766 23.625078 25.206189 9.303461 61.804555
1743736264.699965 0.011989 3.430746 23.558159 27.829726 8.090971 62.921591
1743736264.803865 0.011388 3.569435 24.904203 30.122412 8.618785 67.226223
1743736264.907765 0.012704 3.526167 26.478145 31.371677 8.454004 69.842697
1743736265.011365 0.009738 3.508866 26.683195 33.851661 7.041924 71.095384
1743736265.115265 0.011314 3.503345 26.973406 35.671890 7.420088 73.580043
1743736265.218965 0.009095 3.888358 27.551574 34.112295 6.409793 71.971115
1743736265.322765 0.014734 3.546472 26.494345 36.320307 7.553035 73.928893
1743736265.426465 0.006454 3.609009 28.235607 33.476714 5.916435 71.244219
1743736265.530265 0.011781 3.554767 27.235809 33.523025 8.072507 72.397889
1743736265.634065 0.009394 3.573933 27.368876 34.836696 6.893394 72.682293
1743736265.737865 0.010846 3.539425 27.159194 33.147338 7.436397 71.293200
1743736265.841765 0.009742 3.530821 27.151099 33.197342 7.077700 70.966704
1743736265.945365 0.009824 3.513050 27.217196 33.428642 7.080334 71.249046
1743736266.049165 0.015167 3.557588 27.166376 36.704267 7.627105 75.070503
1743736266.152865 0.008234 3.551265 29.795265 32.558703 6.280227 72.193694
1743736266.256465 0.010380 3.580118 27.602534 36.684464 7.769639 75.647135
1743736266.360265 0.008486 3.583169 29.387968 33.987343 6.738817 73.705783
1743736266.463965 0.007047 3.603050 30.034555 36.677240 6.369480 76.691372
1743736266.567765 0.009382 3.568238 28.586267 36.330489 7.085694 75.580070
1743736266.671465 0.008760 3.606391 29.846237 35.969866 6.736708 76.167962
1743736266.775265 0.008943 3.587261 30.139188 35.994746 6.779029 76.509167
1743736266.878965 0.008404 3.586905 29.872641 36.515432 6.598423 76.581805
1743736266.982765 0.009249 3.586905 29.673779 38.908131 6.985384 79.163448
1743736267.086565 0.007231 3.655071 31.111347 37.349111 6.294028 78.416788
1743736267.190365 0.008685 3.657953 31.638091 41.333588 6.586618 83.224935
1743736267.294265 0.006966 3.594360 30.987323 39.714521 6.164391 80.467561
1743736267.398165 0.008484 3.599073 32.078591 38.632528 6.586957 80.905633
1743736267.501865 0.007351 3.588330 30.393918 38.006008 6.168982 78.164589
1743736267.605765 0.009545 3.553713 31.214473 37.498624 6.988212 79.264567
1743736267.709465 0.008353 3.595949 31.506843 39.878602 6.310069 81.299816
1743736267.813265 0.007262 3.611068 32.427396 38.989948 6.148706 81.184380
1743736267.917065 0.007979 3.558945 31.369629 37.906263 6.365828 79.208644
1743736268.020865 0.008252 3.570230 31.513484 37.474339 6.376522 78.942827
1743736268.124765 0.008412 3.517530 30.493958 37.070003 6.512215 77.602118
1743736268.228465 0.008932 3.553795 31.112921 37.687618 6.620214 78.983480
1743736268.332265 0.008264 3.500544 30.595045 35.294325 6.177621 75.575799
1743736268.435965 0.010409 3.506679 32.593312 37.519582 7.275362 80.905344
1743736268.539865 0.007296 3.491645 31.693923 39.073741 6.054550 80.321155
1743736268.643565 0.007502 3.536422 31.472497 37.024434 6.301720 78.342575
1743736268.747465 0.008626 3.553473 32.733721 37.018532 6.639019 79.953371
1743736268.851265 0.008142 3.730246 33.084954 39.682133 8.335204 84.840679
1743736268.954965 0.006603 3.557316 30.485730 37.459065 6.271193 77.779907
1743736269.058865 0.008855 3.522169 31.533391 35.489086 6.771246 77.324747
1743736269.162565 0.008154 3.536121 31.404560 36.169681 6.522929 77.641445
1743736269.266465 0.009043 5.256027 38.645951 37.658035 9.555455 91.124511
1743736269.370265 0.011610 3.684038 32.301380 34.903560 6.428449 77.329037
1743736269.474065 0.006843 3.622795 31.667988 35.064046 6.219988 76.581660
1743736269.577865 0.009232 3.557858 34.180078 35.604906 6.815143 80.167217
1743736269.681765 0.007190 3.656283 31.564174 40.213655 6.280927 81.722229
1743736269.785465 0.007533 3.633699 33.682268 35.121226 6.417545 78.862271
1743736269.889265 0.008798 3.671663 34.583095 39.610944 6.707521 84.582021
1743736269.992965 0.007053 3.661852 35.493384 39.028596 6.387248 84.578133
1743736270.096865 0.006889 3.659983 34.505502 39.859836 6.342592 84.374802
1743736270.200565 0.007411 3.649075 35.989309 42.123024 6.588275 88.357094
1743736270.304465 0.010759 3.754682 35.818084 44.894979 6.686748 91.165252
1743736270.408265 0.007464 3.748852 37.377637 47.868084 6.719480 95.721517
1743736270.512065 0.007151 3.808462 37.201652 48.114101 6.824033 95.955399
1743736270.615865 0.007710 3.903661 37.432767 46.309266 6.885247 94.538651
1743736270.719765 0.006866 3.805936 36.754358 47.197148 6.795191 94.559499
1743736270.823465 0.006700 3.841883 38.478399 47.172867 6.847620 96.347469
1743736270.927365 0.006757 3.832491 37.178430 50.144175 6.955604 98.117457
1743736271.031265 0.007484 3.817990 38.212344 48.473839 6.926531 97.438188
1743736271.134965 0.007528 3.824004 38.739168 49.572641 7.018183 99.161524
1743736271.238865 0.007302 3.833317 38.855374 45.093424 7.026196 94.815613
1743736271.342565 0.007419 3.855869 37.287705 46.147590 6.841620 94.140203
1743736271.446465 0.006522 3.912187 38.880505 51.395687 6.703002 100.897903
1743736271.550365 0.006854 4.092800 39.307289 47.776991 7.234975 98.418909
1743736271.654265 0.007097 4.133874 39.715016 45.207587 7.247284 96.310858
1743736271.758065 0.007398 4.396879 39.468772 44.886682 7.907255 96.666986
1743736271.861965 0.006526 4.063493 39.921178 45.724665 7.162157 96.878019
1743736271.965965 0.007713 3.978216 39.439735 45.753874 7.104149 96.283687
1743736272.069865 0.006898 3.973087 38.152388 43.860794 7.034632 93.027799
1743736272.173865 0.006786 3.772040 35.509507 41.078788 6.731610 87.098731
1743736272.277765 0.006882 3.669021 35.522251 44.462327 6.600682 90.261163
1743736272.381765 0.007512 3.645786 34.942934 42.614466 6.668009 87.878707
1743736272.485665 0.006797 3.594355 33.851614 41.621649 6.587581 85.661996
1743736272.589565 0.007237 3.581508 34.741213 41.628657 6.518842 86.477457
1743736272.693465 0.006740 3.558315 33.393474 39.100425 6.483450 82.542404
1743736272.797465 0.007413 3.598918 32.324142 36.288972 6.375128 78.594573
1743736272.901465 0.008385 3.580696 30.692282 37.946956 6.742121 78.970440
1743736273.005365 0.012981 3.557565 31.037502 34.822601 6.642967 76.073616
1743736273.109365 0.009785 3.534513 29.934703 34.632794 7.224429 75.336224
1743736273.213365 0.009456 3.539604 30.103623 33.635551 6.956957 74.245191
1743736273.317365 0.009386 3.586514 30.594332 33.686185 7.430752 75.307169
1743736273.421365 0.006116 3.720910 32.282692 34.226350 6.283812 76.519880
1743736273.525365 0.007696 3.966688 30.884681 34.231668 7.133573 76.224306
1743736273.629265 0.008334 3.514352 30.152858 35.967198 6.668665 76.311407
1743736273.733265 0.012372 4.364400 31.466524 36.919469 10.968920 83.731685
1743736273.837065 0.007167 3.595816 30.092516 35.116175 6.349393 75.161067
1743736273.940965 0.010651 3.515569 29.943877 34.816859 7.854496 76.141452
1743736274.044965 0.008400 3.475115 31.139139 35.465110 6.588538 76.676302
1743736274.148865 0.009024 3.486545 30.010864 34.076645 6.840670 74.423748
1743736274.252765 0.010124 3.459072 30.975273 36.091306 7.423726 77.959501
1743736274.356565 0.008130 3.474011 30.770877 36.034923 6.478226 76.766167
1743736274.460465 0.009335 3.489865 30.489110 34.683095 7.108507 75.779912
1743736274.564265 0.008545 3.539608 31.721567 34.198405 6.853080 76.321205
1743736274.667965 0.012582 3.974812 32.736895 39.379325 10.882456 86.986070
1743736274.771765 0.005946 4.387239 32.173846 36.134143 6.403901 79.105075
1743736274.875365 0.008653 3.526646 30.874732 37.838040 6.645665 78.893736
1743736274.978965 0.007830 3.481419 31.331720 34.705865 6.352695 75.879529
1743736275.082765 0.009328 3.484145 30.783526 37.145054 7.019146 78.441199
1743736275.186465 0.007709 3.482152 31.567437 36.151740 6.323483 77.532521
1743736275.290165 0.009922 4.239580 33.069686 35.365692 8.474805 81.159685
1743736275.393965 0.006928 3.427323 31.204737 37.223889 6.371658 78.234535
1743736275.497565 0.008175 3.480535 31.040848 36.018141 6.444484 76.992183
1743736275.601365 0.008738 3.442243 32.056745 34.849461 6.674604 77.031791
1743736275.705065 0.007821 3.485577 32.612561 34.175621 6.626396 76.907976
1743736275.808865 0.008468 3.464840 32.253014 38.739340 6.939719 81.405381
1743736275.912565 0.007373 3.482761 32.528254 37.220824 6.249614 79.488826
1743736276.016265 0.008182 3.423084 32.997079 35.683890 6.447519 78.559754
1743736276.119965 0.007364 3.448129 32.478479 34.732073 6.389919 77.055964
1743736276.223765 0.009187 3.458052 32.262609 35.943497 6.865563 78.538908
1743736276.327365 0.008346 3.487925 34.508980 36.070431 6.567005 80.642687
1743736276.431165 0.007478 3.449813 32.611486 38.896285 6.309513 81.274575
1743736276.534965 0.007400 3.427627 33.169052 34.276950 6.249559 77.130588
1743736276.638765 0.009432 3.423563 32.364394 36.662666 7.111446 79.571501
1743736276.742665 0.007036 3.426456 32.715245 34.671904 6.313047 77.133688
1743736276.846665 0.009269 3.457381 33.039049 33.749594 7.029525 77.284818
1743736276.950565 0.007875 3.473283 33.436704 37.133157 6.599694 80.650713
1743736277.054665 0.011749 3.449464 32.369929 33.139713 6.438850 75.409705
1743736277.158565 0.009785 3.500918 32.748774 35.046852 7.700780 79.007109
1743736277.262565 0.007110 3.555890 33.650490 37.118018 6.366945 80.698453
1743736277.366565 0.007957 3.429183 31.712164 34.479537 6.486090 76.114931
1743736277.470565 0.009519 3.454060 31.395372 32.732879 7.202157 74.793987
1743736277.574565 0.006931 3.424755 32.061881 33.175187 6.161382 74.830136
1743736277.678565 0.009467 3.402335 31.004948 33.295378 7.384752 75.096880
1743736277.782865 0.008702 3.361498 29.799394 33.213048 6.940301 73.322943
1743736277.886865 0.010054 3.365307 29.557295 31.748659 7.509818 72.191133
1743736277.991065 0.010312 3.454141 30.474494 31.945350 7.730795 73.615092
1743736278.095265 0.009332 3.448137 28.998238 34.034515 7.141016 73.631238
1743736278.199365 0.011696 4.192125 32.209309 36.893593 10.686780 83.993503
1743736278.303365 0.007055 3.884464 31.621661 31.820002 8.115658 75.448840
1743736278.407465 0.009393 3.397653 28.306889 32.939175 6.613025 71.266135
1743736278.511465 0.011310 4.135258 31.771577 31.921213 10.228827 78.068185
1743736278.615565 0.006584 3.466770 28.739247 32.740051 6.228075 71.180727
1743736278.719565 0.011236 3.342687 25.785575 29.792832 7.326490 66.258820
1743736278.823765 0.010551 3.357111 27.980950 29.097436 7.593676 68.039724
1743736278.927865 0.010621 3.686757 29.253925 28.638034 9.446570 71.035907
1743736279.031965 0.009079 3.434011 27.065264 30.184984 6.694820 67.388158
1743736279.136065 0.010732 3.822727 27.450233 26.277031 9.750176 67.310899
1743736279.240365 0.010184 3.816609 24.965896 24.119938 10.013326 62.925953
1743736279.344465 0.011695 3.429857 23.497266 24.883257 8.162812 59.984887
1743736279.448565 0.009623 3.553497 26.939138 24.609967 9.864661 64.976886
1743736279.552865 0.005821 6.607986 24.932800 25.618775 9.206877 66.372259
1743736279.656965 0.010933 3.776364 22.758221 23.702897 9.908450 60.156865
1743736279.761265 0.011835 3.322807 21.086331 25.238546 9.031020 58.690539
1743736279.865365 0.010912 3.753140 23.098507 23.805297 9.842774 60.510630
1743736279.969565 0.010612 3.951148 22.165179 25.254162 9.920761 61.301862
1743736280.073765 0.010591 3.397613 22.028394 23.326495 8.245802 57.008895
1743736280.177865 0.010838 4.925367 23.997512 24.595254 10.477587 64.006558
1743736280.281965 0.011700 3.185529 20.917414 22.485578 8.036175 54.636396
1743736280.385965 0.010092 3.784504 22.115468 24.657450 10.028160 60.595674
1743736280.490065 0.010827 4.311389 20.740658 25.348926 9.860131 60.271931
1743736280.594065 0.012315 3.237784 20.293173 23.925249 9.083198 56.551719
1743736280.698065 0.011548 3.157359 19.887007 25.659744 7.819483 56.535141
1743736280.801965 0.010336 3.995739 19.940884 24.528494 9.879966 58.355419
1743736280.905965 0.010429 3.606495 20.938177 24.354107 9.529774 58.438982
1743736281.009965 0.010242 3.510904 20.746855 25.307103 9.027328 58.602432
1743736281.113865 0.011561 3.155894 19.337201 23.554155 8.115538 54.174349
1743736281.217865 0.011908 3.347037 19.182459 24.466888 8.954862 55.963154
1743736281.321865 0.011422 3.349922 20.237895 25.247838 8.298341 57.145418
1743736281.425765 0.010841 3.362342 19.598765 26.815585 6.971510 56.759043
1743736281.529765 0.010478 3.790499 20.350785 27.993653 9.651606 61.797021
1743736281.633565 0.013103 3.201732 18.989179 24.936253 7.933083 55.073350
1743736281.737465 0.012034 3.205546 18.289090 25.524362 8.514316 55.545348
1743736281.841465 0.011617 3.255482 18.268440 25.774935 8.548962 55.859436
1743736281.945365 0.011716 3.492314 18.448917 26.726474 9.515979 58.195400
1743736282.049265 0.009984 3.632367 18.623994 25.238599 9.416778 56.921722
1743736282.153265 0.011769 3.201014 17.645463 25.897181 8.516296 55.271723
1743736282.257065 0.011539 3.748594 18.318305 27.877856 10.031528 59.987822
1743736282.360965 0.012105 3.150320 17.411685 25.583535 7.692778 53.850423
1743736282.464965 0.012201 3.431901 17.581352 24.524272 9.500229 55.049955
1743736282.568865 0.012176 3.272686 17.596881 24.494660 8.922772 54.299175
1743736282.672765 0.012249 3.409653 17.632385 28.109640 9.350135 58.514062
1743736282.776765 0.011581 3.224177 17.086202 26.866027 8.774500 55.962487
1743736282.880465 0.011875 3.343059 17.014844 27.047271 9.244220 56.661269
1743736282.984465 0.009295 4.530835 18.172791 26.059326 9.935515 58.707762
1743736283.088265 0.010818 3.911828 19.363596 27.577688 10.028176 60.892106
1743736283.192165 0.012374 3.299349 17.688393 28.635532 9.134953 58.770601
1743736283.296165 0.012043 3.362696 18.059066 29.155062 9.161031 59.749898
1743736283.399965 0.013888 3.328026 18.156695 26.999757 9.491381 57.989747
1743736283.504065 0.011317 3.343397 18.347442 27.953843 9.103264 58.759263
1743736283.608265 0.012102 3.366262 18.330424 27.098092 9.073262 57.880142
1743736283.712365 0.011518 3.359240 18.862166 28.610768 9.291292 60.134984
1743736283.816565 0.011844 3.321237 18.558795 28.685089 8.895592 59.472557
1743736283.920865 0.011785 3.385509 18.413040 30.023846 9.134869 60.969049
1743736284.025265 0.010491 4.058597 19.801066 32.100554 10.257883 66.228591
1743736284.129665 0.010118 3.440148 18.824674 32.143153 6.377167 60.795260
1743736284.233965 0.012953 3.540375 17.588881 30.181280 9.819969 61.143458
1743736284.338365 0.011543 3.308378 19.185675 30.456691 8.862946 61.825233
1743736284.442765 0.012550 3.325518 19.030281 30.665164 8.750313 61.783826
1743736284.547165 0.011849 3.450062 18.812010 31.223674 9.022847 62.520442
1743736284.651465 0.011743 3.305826 19.280155 31.873093 7.322798 61.793615
1743736284.755865 0.012048 3.438260 18.864504 32.050373 9.025709 63.390894
1743736284.860065 0.011976 3.363001 19.190972 32.628939 8.672909 63.867797
1743736284.964365 0.018757 3.339799 19.615218 31.749871 9.014650 63.738295
1743736285.068665 0.013089 3.305733 18.978087 33.081254 8.613778 63.991941
1743736285.172865 0.012070 3.360766 20.048252 32.431470 8.698335 64.550893
1743736285.276965 0.011867 3.299163 19.192697 32.511101 8.316980 63.331808
1743736285.381065 0.009881 6.205485 20.250844 36.859166 8.751940 72.077316
1743736285.485265 0.008305 3.269871 19.057097 31.306972 6.453892 60.096137
1743736285.589265 0.011761 3.496633 19.127840 28.484423 9.384510 60.505167
1743736285.693265 0.011794 3.443309 18.520626 30.661605 9.119467 61.756801
1743736285.797265 0.012339 3.353090 18.718605 31.185189 8.910447 62.179670
1743736285.901165 0.011821 3.312743 18.778516 31.564765 8.403864 62.071709
1743736286.004965 0.011524 3.348310 19.228078 31.330867 8.583337 62.502116
1743736286.108865 0.012545 3.338323 19.448500 31.560232 9.033327 63.392927
1743736286.212865 0.011929 3.311393 18.567859 31.527775 8.504361 61.923317
1743736286.316765 0.011085 3.473152 20.585554 30.962645 9.656961 64.689397
1743736286.420665 0.010633 3.991499 22.045928 34.120540 9.978808 70.147408
1743736286.524565 0.010428 3.222573 18.879008 31.286581 6.996531 60.395121
1743736286.628565 0.012005 3.379840 20.292050 30.645149 9.088376 63.417420
1743736286.732665 0.011623 3.335440 20.403641 30.904528 8.668654 63.323886
1743736286.836465 0.011524 3.261240 19.360970 31.664131 8.118564 62.416429
1743736286.940465 0.011789 3.279510 20.702672 29.089908 8.488240 61.572119
1743736287.044465 0.011521 3.305368 21.380971 30.841711 8.758829 64.298400
1743736287.148365 0.012125 3.255822 20.144749 31.986299 8.077266 63.476261
1743736287.252365 0.014272 4.789051 20.715890 35.622836 11.213719 72.355768
1743736287.356265 0.006479 6.297802 22.011221 33.037151 9.330057 70.682710
1743736287.460165 0.011342 3.571922 19.589158 30.775090 10.068112 64.015624
1743736287.563965 0.016624 3.653791 19.239298 30.771924 9.683442 63.365079
1743736287.667865 0.012317 3.238173 20.580393 29.533862 8.216452 61.581197
1743736287.771765 0.012242 3.332052 20.183127 30.574446 9.066262 63.168129
1743736287.876965 0.011697 3.313669 19.366918 30.822110 8.592902 62.107296
1743736287.979565 0.011116 3.318341 19.846100 29.103232 8.602698 60.881487
1743736288.083365 0.012194 3.321325 19.855400 31.324494 8.837383 63.350796
1743736288.187165 0.011351 3.265035 19.232470 29.197605 7.892121 59.598582
1743736288.290965 0.010447 3.763205 19.740777 30.683907 9.811889 64.010225
1743736288.394765 0.011603 3.302619 19.510482 29.653554 8.525304 61.003562
1743736288.498465 0.018678 6.363449 20.686324 30.696361 11.393814 69.158626
1743736288.602365 0.011808 3.461937 19.454085 28.478155 9.558631 60.964616
1743736288.706165 0.006627 3.281807 18.953738 28.161685 5.770495 56.174352
1743736288.809965 0.011052 3.255594 19.486524 28.642709 7.975439 59.371318
1743736288.913765 0.010997 3.959161 19.886182 30.465575 10.167386 64.489301
1743736289.017665 0.011858 3.294188 18.149392 27.519193 8.754471 57.729102
1743736289.121365 0.007400 3.443121 18.629074 27.742326 7.747286 57.569207
1743736289.225265 0.011265 3.593465 18.771353 26.556886 9.910341 58.843310
1743736289.328965 0.013532 3.342452 18.196201 25.660020 9.105503 56.317708
1743736289.432765 0.011060 3.834607 17.665984 25.682768 10.279230 57.473649
1743736289.536365 0.012046 3.255855 18.109689 27.437279 8.611805 57.426674
1743736289.640065 0.013928 3.988777 20.813961 26.690167 11.100639 62.607472
1743736289.743865 0.011030 3.636817 17.810697 26.772318 9.749501 57.980363
1743736289.847765 0.012776 3.292445 16.726035 25.883906 9.135884 55.051046
1743736289.951465 0.011444 3.349974 17.109088 24.263333 9.212869 53.946708
1743736290.055265 0.011833 3.481159 16.643872 23.174611 9.506575 52.818050
1743736290.159165 0.012052 3.378952 16.844148 22.864563 9.136824 52.236539
1743736290.262865 0.010954 3.542915 16.447300 22.909847 9.305268 52.216284
1743736290.366765 0.011416 3.360753 16.740500 21.646124 8.849410 50.608203
1743736290.470665 0.011104 4.100895 16.640257 24.564901 10.129406 55.446563
1743736290.574365 0.010358 3.780150 16.033189 23.468833 9.395720 52.688250
1743736290.678265 0.010761 3.431666 15.171122 22.417708 9.270964 50.302221
1743736290.782165 0.012145 3.445757 14.835979 21.431936 9.098258 48.824075
1743736290.886165 0.011855 4.228158 15.116174 20.636613 9.594468 49.587268
1743736290.989965 0.010854 3.623274 15.028781 22.169022 9.010231 49.842162
1743736291.093865 0.011329 3.576616 14.981237 20.616265 9.105757 48.291204
1743736291.197865 0.011268 3.475467 14.611655 19.804323 8.933645 46.836358
1743736291.301865 0.010953 5.506926 15.067869 19.238495 10.206250 50.030493
1743736291.405865 0.014166 3.173693 13.487375 16.415870 8.487229 41.578333
1743736291.509865 0.010704 5.548567 15.819304 17.412358 9.421836 48.212769
1743736291.613765 0.011926 3.492553 12.965125 17.658021 8.784315 42.911940
1743736291.717765 0.011556 3.759139 12.858947 17.484993 8.976574 43.091209
1743736291.821765 0.012302 3.710433 12.629203 16.716222 8.768076 41.836236
1743736291.925765 0.010970 3.610222 12.716498 17.938831 8.671486 42.948007
1743736292.029765 0.011911 3.767430 12.152079 15.041186 8.936521 39.909127
1743736292.133665 0.011859 3.789580 11.980327 16.901374 8.798835 41.481975
1743736292.237665 0.011093 3.724989 11.797708 15.051220 8.801460 39.386470
1743736292.341465 0.011821 3.722093 11.573918 17.303137 8.943042 41.554011
1743736292.445365 0.011729 3.521132 11.803434 16.038242 8.713092 40.087629
1743736292.549265 0.011919 3.689449 11.669835 15.478840 8.903915 39.753958
1743736292.653165 0.011432 3.613790 11.641044 17.418048 8.941341 41.625655
1743736292.756865 0.011469 3.731036 11.500092 16.218551 9.460354 40.921502
1743736292.860665 0.011528 3.572580 11.652472 16.083802 8.950953 40.271335
1743736292.964165 0.010700 3.990564 12.161771 17.328935 9.532286 43.024256
1743736293.067765 0.011915 3.294767 11.075796 16.140344 8.212466 38.735288
1743736293.171465 0.012376 3.510707 11.714077 17.552120 8.829691 41.618971
1743736293.275265 0.011632 3.433254 11.298114 15.821400 8.713443 39.277843
1743736293.379165 0.010805 3.806574 11.126714 16.706877 9.498581 41.149551
1743736293.482865 0.010805 3.584534 10.776111 15.721928 9.386951 39.480329
1743736293.586865 0.010821 3.769133 10.576291 15.891959 9.360747 39.608951
1743736293.690865 0.011305 3.862689 10.547774 14.455359 9.420779 38.297906
1743736293.794965 0.009857 4.285260 10.588821 15.876002 9.642888 40.402828
1743736293.899165 0.012420 3.604603 10.365197 15.622157 9.282796 38.887173
1743736294.003265 0.011742 3.896517 10.338782 14.647401 9.613375 38.507817
1743736294.107365 0.011820 3.934248 10.388262 13.695817 9.678054 37.708201
1743736294.211465 0.012072 3.696725 10.067458 13.894014 9.540974 37.211243
1743736294.315665 0.012061 3.794899 10.188531 13.484663 9.472548 36.952702
1743736294.419665 0.011274 3.778952 10.365052 13.154209 9.141896 36.451383
1743736294.523665 0.012617 4.069650 10.236627 14.794656 9.534901 38.648451
1743736294.627665 0.011620 3.869866 10.362878 15.566236 9.516854 39.327454
1743736294.731665 0.012157 3.935463 10.748062 13.541316 9.650494 37.887492
1743736294.835665 0.010650 3.598699 10.020675 13.622886 9.074548 36.327458
1743736294.939565 0.010628 3.947206 10.052814 13.393089 9.509147 36.912884
1743736295.043365 0.011567 3.977328 10.350110 13.454827 9.166673 36.960505
1743736295.147265 0.012221 4.041814 10.392059 13.380400 9.587687 37.414181
1743736295.251165 0.011684 3.726648 10.359486 12.978153 9.205872 36.281843
1743736295.354965 0.012481 4.022392 10.073853 12.867840 9.493955 36.470521
1743736295.458865 0.011599 5.974414 12.474796 13.089778 8.052011 39.602598
1743736295.562765 0.009780 4.211761 10.947921 12.496709 9.383217 37.049388
1743736295.666665 0.009997 4.004735 10.869305 13.410076 9.049347 37.343460
1743736295.770565 0.011470 3.999067 10.071659 13.166901 9.794424 37.043521
1743736295.874465 0.010085 3.894384 10.205436 12.392149 9.261503 35.763557
1743736295.978265 0.010516 3.948236 9.808495 13.005878 9.187623 35.960748
1743736296.082165 0.009659 4.231543 10.446187 12.226686 9.381975 36.296050
1743736296.185965 0.011632 3.909924 9.761998 12.272611 9.226422 35.182587
1743736296.289765 0.010421 3.488986 10.118168 12.358451 6.869288 32.845314
1743736296.393665 0.010096 5.380230 9.987474 11.483351 9.377761 36.238912
1743736296.497465 0.010973 3.858437 10.068187 11.772813 9.468228 35.178638
1743736296.601565 0.012045 3.867070 9.859002 10.860335 9.573564 34.172016
1743736296.705365 0.012138 3.986742 10.171466 10.343786 9.910373 34.424505
1743736296.809265 0.012218 3.799375 9.948599 10.632628 9.205994 33.598814
1743736296.913165 0.010099 4.000147 10.050459 11.714804 9.364272 35.139781
1743736297.016965 0.011484 3.780755 10.183731 10.598723 9.195522 33.770215
1743736297.120865 0.009780 3.844254 10.204861 12.379400 9.359107 35.797402
1743736297.224765 0.010428 3.712966 10.354291 12.103721 9.256333 35.437739
1743736297.328665 0.010440 4.268253 10.944693 13.510074 9.362971 38.096431
1743736297.432665 0.011263 3.704988 10.761588 13.080362 9.054667 36.612868
1743736297.536665 0.011422 3.824355 10.967180 12.992470 9.706560 37.501987
1743736297.640465 0.010352 3.895101 11.866883 15.976662 9.329196 41.078194
1743736297.744465 0.010234 4.031794 11.574124 14.233586 9.395852 39.245590
1743736297.848465 0.008018 3.944992 11.665303 13.463471 8.747518 37.829302
1743736297.952465 0.009851 3.655358 10.312878 12.546467 9.287251 35.811805
1743736298.056465 0.012051 3.754889 10.242145 12.112460 9.157854 35.279399
1743736298.160465 0.011851 3.872396 9.495105 11.122732 9.228685 33.730769
1743736298.264365 0.011345 5.720903 12.746980 10.793852 9.646914 38.919994
1743736298.368365 0.010456 3.681808 9.349596 10.944949 9.265365 33.252174
1743736298.472365 0.011123 3.718521 8.859359 9.248368 9.110362 30.947733
1743736298.576265 0.011006 3.471281 8.767766 9.420717 9.187513 30.858283
1743736298.680265 0.011432 3.935361 8.414744 9.582773 9.117881 31.062191
1743736298.784165 0.010062 3.865052 8.183589 9.398439 9.274063 30.731205
1743736298.888165 0.010361 2.915040 8.118645 9.319425 8.524755 28.888226
1743736298.992165 0.009837 5.302548 11.542869 10.830039 9.306155 36.991448
1743736299.096165 0.009298 3.677728 8.210244 9.533234 9.063179 30.493683
1743736299.199965 0.010043 3.860842 8.231135 10.748906 9.267122 32.118048
1743736299.304065 0.010610 3.723404 8.367313 10.677024 9.526427 32.304778
1743736299.407965 0.010465 3.897450 8.101442 11.375829 9.281500 32.666686
1743736299.511865 0.010810 3.066530 8.222036 11.095518 8.775501 31.170395
1743736299.615865 0.009134 3.226868 9.553701 9.954791 9.265676 32.010170
1743736299.719865 0.010760 3.271265 8.402739 8.795002 9.100429 29.580195
1743736299.823765 0.010388 3.711462 8.155014 10.174720 9.300338 31.351922
1743736299.927665 0.010693 3.878815 7.960838 9.389538 9.194211 30.434095
1743736300.031665 0.010483 2.950723 7.793489 10.156649 6.307579 27.218923
1743736300.135465 0.010985 3.208941 7.913491 9.516684 8.791179 29.441280
1743736300.239465 0.011863 3.668292 10.441954 10.506929 9.389555 34.018593
1743736300.343265 0.011307 3.533655 7.797281 11.016981 9.264578 31.623802
1743736300.447265 0.009902 3.672866 8.544294 10.519443 8.979618 31.726123
1743736300.551165 0.010359 3.376042 7.844765 10.405834 9.116640 30.753640
1743736300.655065 0.011341 3.635910 7.679682 9.932036 9.190115 30.449084
1743736300.758965 0.011650 4.225789 10.502969 10.712329 9.223431 34.676168
1743736300.862965 0.009690 3.764246 7.548240 10.391912 9.067029 30.781117
1743736300.966865 0.010198 2.721755 7.417702 11.025779 5.764260 26.939694
1743736301.070865 0.010067 3.995508 8.061570 9.974396 8.723607 30.765148
1743736301.174765 0.010335 3.442997 7.858821 11.639135 8.654119 31.605407
1743736301.278765 0.010781 4.040488 7.728506 11.676316 9.002290 32.458381
1743736301.382665 0.016132 3.633353 7.717292 11.279271 8.605209 31.251257
1743736301.486665 0.011252 3.428517 8.272403 10.462632 8.976780 31.151584
1743736301.590565 0.010291 3.907964 7.431823 10.920117 8.846087 31.116282
1743736301.694565 0.012026 3.463763 7.361079 11.177004 8.770021 30.783893
1743736301.798465 0.010616 2.717471 7.264060 10.355213 5.914009 26.261369
1743736301.902565 0.009329 3.685160 7.270966 10.263130 6.322448 27.551033
1743736302.006565 0.010847 3.418792 7.365107 10.015203 8.725266 29.535215
1743736302.110665 0.010761 4.035615 7.567037 10.410245 9.223482 31.247140
1743736302.214465 0.010694 3.628182 7.338631 10.058823 8.671305 29.707635
1743736302.318465 0.010648 3.823781 7.455422 11.079359 8.844682 31.213892
1743736302.422365 0.010066 2.978945 7.280435 12.289186 7.249327 29.807959
1743736302.526365 0.011366 3.820476 7.723659 10.250773 8.970248 30.776522
1743736302.630265 0.010381 4.262159 7.697360 12.345230 9.448839 33.763969
1743736302.734265 0.009799 5.583480 10.088625 11.991972 9.680467 37.354343
1743736302.838165 0.010644 3.571218 7.956015 12.229772 9.304187 33.071836
1743736302.942165 0.008685 3.541870 8.121403 13.185797 6.079063 30.936818
1743736303.045965 0.010518 3.302465 7.817074 13.173516 9.126634 33.430207
1743736303.149965 0.011801 3.369646 7.972567 14.951451 9.163332 35.468797
1743736303.253865 0.010367 3.332973 8.561693 15.196030 8.556931 35.657994
1743736303.357865 0.010718 5.828445 9.436483 14.128067 10.211584 39.615297
1743736303.461765 0.011019 3.177952 8.145581 15.138347 8.559365 35.032264
1743736303.565765 0.012203 4.746997 8.201863 13.969401 9.998171 36.928635
1743736303.669665 0.010285 3.247350 8.027527 13.131255 8.782008 33.198425
1743736303.773665 0.011587 3.667202 7.570763 14.566192 9.459810 35.275554
1743736303.877465 0.010892 3.507744 7.923744 13.659449 8.977367 34.079196
1743736303.981365 0.010591 3.628606 7.804182 14.041493 9.135055 34.619927
1743736304.085365 0.010194 3.487669 7.783526 12.764449 8.894155 32.939993
1743736304.189265 0.009990 3.635401 7.657312 15.626969 9.039274 35.968946
1743736304.293265 0.010381 5.256698 8.107256 13.933601 9.387839 36.695775
1743736304.397165 0.011106 3.605506 7.385220 13.085461 8.937472 33.024765
1743736304.500965 0.009739 3.679361 7.636741 13.675367 8.851377 33.852585
1743736304.604965 0.015901 3.503233 7.245739 13.605379 8.840753 33.211005
1743736304.708865 0.010330 3.762124 7.351707 13.891334 8.999614 34.015109
1743736304.812865 0.009842 3.495394 7.595304 13.886314 8.876653 33.863507
1743736304.916765 0.013081 3.597225 7.565520 13.254566 9.888458 34.318850
1743736305.020765 0.012145 3.513277 7.683663 14.804176 9.257460 35.270721
1743736305.124765 0.009567 5.083644 7.939947 14.509283 9.276653 36.819094
1743736305.228665 0.010546 3.620516 7.546375 14.895338 9.016280 35.089055
1743736305.332665 0.011494 3.362631 7.662064 13.783372 8.702563 33.522124
1743736305.436665 0.010201 5.576255 8.981502 13.048117 9.683295 37.299370
1743736305.540465 0.011092 5.031562 7.687034 13.737974 10.308013 36.775675
1743736305.644565 0.012350 3.699042 7.247851 13.198166 9.319986 33.477395
1743736305.748365 0.011224 3.594556 7.550190 13.120470 9.271631 33.548071
1743736305.852365 0.010109 3.763394 8.098222 14.995998 9.119438 35.987161
1743736305.956365 0.011770 3.067060 7.916734 14.390707 5.978011 31.364282
1743736306.060365 0.012499 3.736342 8.009370 14.836725 9.454122 36.049058
1743736306.164365 0.011858 3.671574 7.933618 14.829972 9.241816 35.688838
1743736306.268265 0.011959 3.600781 8.107627 14.259770 9.295638 35.275775
1743736306.372265 0.009953 4.714587 8.437189 15.527308 9.312295 38.001332
1743736306.476265 0.010307 3.735356 8.457203 14.972724 9.272478 36.448068
1743736306.580265 0.010838 3.809341 8.108906 14.481696 9.345777 35.756558
1743736306.684265 0.011050 3.600856 8.353330 14.866718 9.179743 36.011697
1743736306.788265 0.011406 3.722189 8.537240 14.394717 9.518162 36.183714
1743736306.892265 0.006462 3.442339 8.940371 15.597136 5.925684 33.911992
1743736306.996265 0.011818 5.171694 8.527743 15.747263 9.227976 38.686494
1743736307.100265 0.010411 3.154492 8.424265 14.763101 5.723580 32.075849
1743736307.204265 0.010431 5.938931 10.619195 17.081210 7.959926 41.609693
1743736307.308265 0.010184 5.986238 9.441010 16.286322 10.202308 41.926062
1743736307.412265 0.011397 3.611108 8.669470 14.304776 9.381583 35.978334
1743736307.516265 0.012056 3.607589 8.723991 17.000569 9.210581 38.554786
1743736307.620265 0.011998 3.659661 8.626263 14.461840 9.457706 36.217468
1743736307.724165 0.011611 3.572128 8.929763 16.926720 9.205729 38.645951
1743736307.828165 0.011485 3.707618 9.080423 16.767119 9.105802 38.672447
1743736307.931965 0.011539 3.584559 9.020359 16.749188 9.011900 38.377545
1743736308.035865 0.009953 3.734679 9.301739 15.646653 9.280418 37.973442
1743736308.139765 0.010048 3.607467 9.435847 15.969737 9.247230 38.270329
1743736308.243465 0.011504 3.708819 9.027229 15.387616 9.126585 37.261753
1743736308.347265 0.010943 3.682629 9.483094 17.631343 9.011437 39.819446
1743736308.450965 0.011290 3.800132 9.523582 16.698141 9.194608 39.227753
1743736308.554665 0.010993 3.741168 9.996984 16.065909 9.164277 38.979331
1743736308.658365 0.011017 4.429589 9.985515 17.979791 10.165055 42.570967
1743736308.762165 0.011663 3.509341 9.585729 17.395385 9.116463 39.618581
1743736308.865765 0.011981 3.746649 9.914576 16.534656 9.113353 39.321215
1743736308.969565 0.011585 3.310796 9.949337 18.743985 8.585008 40.600711
1743736309.073265 0.012072 3.571925 10.051519 17.306315 9.318787 40.260618
1743736309.176965 0.011350 3.793690 10.715249 17.688579 9.405916 41.614784
1743736309.280765 0.011412 3.708177 10.280837 17.869363 9.189593 41.059382
1743736309.384365 0.011490 3.584590 10.617265 16.563890 9.041840 39.819075
1743736309.488265 0.012356 3.714883 10.388555 18.409083 9.244420 41.769297
1743736309.591965 0.010339 5.672374 11.200557 17.148245 10.263212 44.294727
1743736309.695665 0.012350 3.627846 10.581571 17.516765 9.290189 41.028721
1743736309.799365 0.009652 5.500372 11.532678 16.267290 9.624592 42.934584
1743736309.903265 0.012315 3.703567 10.827146 16.940245 9.273240 40.756513
1743736310.006965 0.012280 3.562937 10.737196 19.114459 9.378048 42.804920
1743736310.110765 0.011422 3.640926 10.703864 17.924262 9.370082 41.650556
1743736310.214465 0.011635 3.606645 10.779429 17.055620 9.169485 40.622814
1743736310.318365 0.010898 3.631246 10.824461 17.561075 9.491925 41.519605
1743736310.422365 0.011113 3.562369 10.777261 16.797874 9.364971 40.513588
1743736310.526265 0.011756 3.715394 10.424095 16.564378 9.425492 40.141115
1743736310.630265 0.010734 3.647946 10.301454 16.151478 9.124231 39.235843
1743736310.734165 0.010895 3.460325 9.528971 14.964883 9.262224 37.227298
1743736310.838165 0.010359 3.206203 9.700021 14.951249 5.754555 33.622387
1743736310.942265 0.011209 3.903495 9.249319 14.642540 9.444701 37.251264
1743736311.046165 0.009068 3.903485 9.337528 13.514019 8.986422 35.750522
1743736311.150165 0.011570 3.807506 8.930751 13.219048 9.341677 35.310552
1743736311.254165 0.011440 3.781581 9.155452 14.100515 9.569128 36.618116
1743736311.357965 0.010274 3.677131 8.670209 13.746213 9.428574 35.532401
1743736311.461865 0.011062 3.455354 8.456695 13.336118 8.996569 34.255798
1743736311.565765 0.011915 3.998999 9.674699 13.471514 9.318647 36.475774
1743736311.669665 0.011638 3.733239 9.256057 13.790116 9.684843 36.475893
1743736311.773665 0.011918 3.747689 9.096015 13.737813 9.262983 35.856418
1743736311.877465 0.010087 5.542841 9.665822 12.358574 9.724199 37.301523
1743736311.981465 0.010430 3.701875 8.652819 11.175298 9.372901 32.913323
1743736312.085465 0.010258 3.370273 9.155187 12.234927 8.686980 33.457625
1743736312.189665 0.011266 3.728302 8.478227 11.527640 9.088958 32.834393
1743736312.293965 0.009525 3.887631 8.708676 12.467624 9.156319 34.229775
1743736312.398165 0.010298 3.806156 8.340074 11.412371 9.654008 33.222907
1743736312.502365 0.009759 3.623185 7.964172 10.873610 9.230257 31.700983
1743736312.606565 0.010111 3.424814 7.904968 12.363784 8.751248 32.454925
1743736312.710765 0.010300 3.739811 7.612487 12.021172 9.050105 32.433875
1743736312.814865 0.011454 3.675286 7.529358 11.641617 9.107926 31.965641
1743736312.919165 0.009811 5.190615 7.992696 12.030560 9.812953 35.036635
1743736313.023265 0.011513 3.504259 7.188688 11.863222 9.300017 31.867699
1743736313.127565 0.010139 3.568803 7.504953 12.210862 9.058929 32.353686
1743736313.231765 0.009359 3.007573 7.505475 11.944409 8.077676 30.544492
1743736313.335865 0.009925 3.630323 7.040009 10.540011 9.009724 30.229992
1743736313.440165 0.009827 3.160395 7.251271 10.813832 8.397250 29.632575
1743736313.544265 0.011058 3.506936 7.058186 9.625353 8.923850 29.125383
1743736313.648365 0.011077 3.419413 6.863255 12.323836 9.465863 32.083444
1743736313.752465 0.009744 5.076492 7.609729 11.826762 9.669920 34.192647
1743736313.856565 0.010551 3.308117 6.891740 11.057074 8.965069 30.232551
1743736313.960665 0.009955 3.287023 6.929620 11.459420 9.386543 31.072561
1743736314.064665 0.012570 3.425495 6.688270 11.701343 9.157583 30.985261
1743736314.168665 0.011499 3.465288 6.886962 12.177125 9.220219 31.761093
1743736314.272765 0.008992 4.639386 9.122875 12.438784 7.448882 33.658919
1743736314.376765 0.010954 3.423419 7.054166 10.784701 9.374495 30.647735
1743736314.480765 0.012154 3.512863 7.052868 12.007837 9.843838 32.429560
1743736314.584665 0.011418 3.524350 6.913405 11.469108 9.233162 31.151443
1743736314.688665 0.010744 2.996899 6.803368 11.046980 8.712842 29.570833
1743736314.792665 0.010961 3.297696 7.010520 11.468721 9.070195 30.858093
1743736314.896465 0.011339 4.890817 10.262455 11.114791 9.522398 35.801800
1743736315.000565 0.011168 3.294501 6.758542 11.282409 9.125813 30.472433
1743736315.104365 0.006384 3.562738 6.631575 9.564702 6.221770 25.987169
1743736315.208365 0.010275 3.411438 7.181227 11.800638 9.154860 31.558438
1743736315.312465 0.009612 3.525893 6.987459 11.731508 9.094375 31.348847
1743736315.416365 0.009756 3.038220 6.725220 10.070449 8.604618 28.448263
1743736315.520365 0.009727 3.952414 6.700074 11.492235 9.102683 31.257133
1743736315.624365 0.011536 4.241189 6.368011 9.596995 10.389060 30.606791
1743736315.728365 0.010376 2.877439 6.237170 11.088287 8.701281 28.914553
1743736315.832365 0.009915 2.582460 6.132162 9.732950 5.951338 24.408825
1743736315.936365 0.009504 3.431531 6.338115 9.671897 8.660316 28.111363
1743736316.040465 0.009737 3.316421 6.180768 10.854684 8.612451 28.974061
1743736316.144465 0.011304 3.474097 6.393388 9.475719 8.792460 28.146968
1743736316.248565 0.009572 2.801191 6.286371 9.910569 7.988387 26.996090
1743736316.352465 0.009721 2.696775 6.291859 9.504109 5.398843 23.901307
1743736316.456465 0.010274 3.553432 6.004368 9.648220 8.447977 27.664271
1743736316.560465 0.010700 3.067395 5.956268 8.623210 8.386129 26.043702
1743736316.664365 0.010633 3.382077 5.713088 9.766416 8.570044 27.442258
1743736316.768365 0.010518 3.336679 5.791674 9.498616 8.498101 27.135588
1743736316.872365 0.011449 3.390701 6.093495 9.095270 8.660080 27.250995
1743736316.976365 0.010539 3.332815 5.780106 9.408532 8.535602 27.067594
1743736317.080365 0.011164 3.325247 5.750438 8.435288 8.810727 26.332864
1743736317.184365 0.010509 2.440683 5.770860 9.314844 6.215018 23.751914
1743736317.288365 0.010433 5.107985 9.655544 9.022490 9.559971 33.356423
1743736317.392265 0.006321 2.633559 6.844975 11.140509 5.119874 25.745238
1743736317.496265 0.011010 3.433191 5.915716 8.670894 9.111825 27.142636
1743736317.600265 0.014053 3.187677 5.869767 9.483489 8.346094 26.901080
1743736317.704265 0.010222 4.072172 6.667517 11.042158 8.952819 30.744888
1743736317.808265 0.011539 3.212816 6.371118 9.840476 8.704446 28.140395
1743736317.912265 0.010550 3.925692 6.677532 9.607265 8.940081 29.161120
1743736318.016265 0.009763 3.254831 6.627484 11.510152 8.711877 30.114107
1743736318.120265 0.009849 3.228898 6.642396 10.235905 8.457779 28.574827
1743736318.224165 0.011020 3.604046 6.908648 9.760303 8.750162 29.034179
1743736318.328165 0.010011 3.454589 6.844750 10.489819 8.813808 29.612977
1743736318.432165 0.010987 3.544129 6.718875 11.304993 8.573951 30.152935
1743736318.536165 0.009845 3.345743 7.011645 11.562493 8.710341 30.640067
1743736318.640165 0.011530 3.439575 6.785266 10.283784 8.861116 29.381271
1743736318.744165 0.009400 3.790597 7.081896 11.081939 8.819295 30.783127
1743736318.848165 0.010447 4.988431 7.751960 11.759192 9.297324 33.807354
1743736318.952165 0.009733 3.243946 7.101806 11.601519 8.710635 30.667639
1743736319.056165 0.010512 3.753134 7.042175 12.052418 8.925997 31.784236
1743736319.160165 0.006227 3.359845 7.427843 12.035526 5.227324 28.056765
1743736319.264165 0.010786 3.640785 7.358048 10.463747 8.973748 30.447114
1743736319.368165 0.011350 3.689588 7.382075 11.985566 8.966409 32.034988
1743736319.472165 0.010517 3.703000 7.493268 13.239803 9.045825 33.492413
1743736319.576265 0.010010 4.225117 8.121997 12.218630 9.005934 33.581688
1743736319.680265 0.011745 3.714221 7.990162 13.175508 9.346562 34.238198
1743736319.784265 0.010189 3.418737 7.796021 12.159404 8.855581 32.239932
1743736319.888265 0.009489 3.615117 7.924569 12.264463 8.922816 32.736454
1743736319.992265 0.010400 3.628024 8.077914 12.194694 9.114240 33.025272
1743736320.096265 0.010710 3.743420 8.241162 14.042925 9.071986 35.110203
1743736320.200265 0.011357 3.599840 8.268717 12.054892 9.065700 33.000506
1743736320.304265 0.011352 3.723973 8.297123 13.604778 9.261231 34.898457
1743736320.408265 0.011020 3.671679 8.419868 12.891720 9.051456 34.045743
1743736320.512265 0.010612 3.914776 8.297705 12.871647 9.190716 34.285456
1743736320.616265 0.010395 3.775306 9.004675 13.162157 9.138354 35.090887
1743736320.720165 0.010647 3.615340 8.747185 13.167745 8.942234 34.483151
1743736320.824165 0.011206 3.672911 9.506857 13.615285 8.999006 35.805265
1743736320.928065 0.010435 3.273997 9.009898 15.399435 8.311919 36.005684
1743736321.031865 0.009929 3.061441 8.787243 13.541448 5.943533 31.343594
1743736321.135865 0.011012 3.620516 9.225475 14.132534 9.114087 36.103624
1743736321.239765 0.012036 3.769571 9.321065 14.058894 9.163793 36.325359
1743736321.343765 0.010070 4.345762 9.698121 15.131994 9.472654 38.658601
1743736321.447665 0.011146 3.785591 9.327326 14.642762 9.180167 36.946992
1743736321.551665 0.010576 3.308839 9.626410 15.740005 8.061915 36.747745
1743736321.655565 0.010305 4.263603 10.636060 17.148775 9.552595 41.611338
1743736321.759365 0.011397 3.486590 10.193774 18.130093 9.247022 41.068876
1743736321.863365 0.010482 3.896127 9.992959 15.846295 9.473463 39.219326
1743736321.967265 0.015059 3.516268 10.088240 15.636838 8.983802 38.240207
1743736322.071165 0.011238 3.768991 10.407326 16.289635 9.296449 39.773639
1743736322.175065 0.012292 3.615907 10.641104 16.386786 9.268246 39.924335
1743736322.278865 0.012028 3.468592 10.919971 16.111439 9.082201 39.594231
1743736322.382865 0.009831 4.091126 11.408202 18.829062 9.135612 43.473833
1743736322.486765 0.011510 5.822159 13.305559 17.077502 10.107470 46.324200
1743736322.590665 0.010900 6.047629 12.416264 17.444854 10.265695 46.185342
1743736322.694665 0.011151 3.617530 10.976809 16.888791 9.286405 40.780686
1743736322.798465 0.011300 3.617582 10.768023 18.223906 9.080525 41.701336
1743736322.902465 0.009936 3.858806 11.068493 17.587727 9.055370 41.580332
1743736323.006265 0.011443 3.762680 10.994770 17.349086 9.232971 41.350950
1743736323.110265 0.010973 3.861164 10.433983 15.128681 9.383596 38.818397
1743736323.214165 0.006574 3.220941 10.249635 16.137620 5.375670 34.990440
1743736323.318165 0.010014 4.050338 10.083975 16.208372 9.116352 39.469051
1743736323.422065 0.011761 3.979251 9.507830 16.532484 9.281244 39.312570
1743736323.525965 0.011380 3.851026 9.375121 14.792946 9.074329 37.104802
1743736323.629865 0.011901 3.864557 9.147678 12.914639 9.253625 35.192400
1743736323.733865 0.010894 4.867534 9.096517 14.040765 9.674075 37.689785
1743736323.837865 0.011553 3.715283 8.450855 13.516992 9.011369 34.706052
1743736323.941765 0.011294 3.644197 7.995993 11.922928 8.738348 32.312760
1743736324.045765 0.009991 3.648524 7.869592 11.916736 8.640708 32.085551
1743736324.149665 0.009906 3.521299 7.797790 11.320627 8.757986 31.407608
1743736324.253665 0.010549 3.717914 7.420740 11.426819 8.795666 31.371688
1743736324.357665 0.009870 3.672981 7.321283 11.514100 8.712171 31.230405
1743736324.461665 0.011025 3.811669 7.160638 10.473050 8.730980 30.187362
1743736324.565665 0.010290 3.696043 6.886199 9.682882 8.909458 29.184872
1743736324.669565 0.010224 3.776650 6.804988 12.104440 8.839467 31.535769
1743736324.773565 0.011244 3.624488 6.927494 9.569940 8.836536 28.969702
1743736324.877365 0.010015 3.359386 6.833745 11.373738 8.630868 30.207752
1743736324.981365 0.011532 3.538316 6.798716 10.780296 8.806743 29.935603
1743736325.085465 0.010562 3.491268 6.456102 9.764461 8.983037 28.705430
1743736325.189365 0.011319 3.614591 6.482020 10.514636 8.834024 29.456590
1743736325.293265 0.010465 3.517717 6.303103 10.591981 8.778548 29.201814
1743736325.397265 0.010275 3.657346 6.768445 10.027452 8.887537 29.351055
1743736325.501265 0.009672 2.723075 6.324709 10.246906 5.866183 25.170545
1743736325.605265 0.009925 3.431897 6.787846 12.232945 8.473672 30.936285
1743736325.709265 0.010106 3.704789 6.390782 10.912847 9.514117 30.532641
1743736325.813265 0.010055 2.711326 6.343175 11.703650 5.700827 26.469033
1743736325.917265 0.010906 4.874355 9.556633 11.463554 9.142873 35.048321
1743736326.021265 0.010412 3.227982 5.909830 10.330861 8.760570 28.239655
1743736326.125165 0.010212 3.426096 6.058439 10.835639 9.035961 29.366347
1743736326.229165 0.009410 3.338747 6.056809 11.520493 8.747540 29.672999
1743736326.333165 0.012009 3.637224 6.064671 10.861738 9.547515 30.123157
1743736326.437165 0.011184 3.467934 5.870125 10.533742 8.800907 28.683892
1743736326.541065 0.011528 3.491796 5.816978 9.804189 8.898866 28.023357
1743736326.645065 0.009551 3.452054 6.287219 11.061434 8.751339 29.561597
1743736326.748865 0.010950 3.677798 8.095885 10.109463 9.209237 31.103333
1743736326.852865 0.011013 3.438956 6.098498 11.125383 8.906277 29.580127
1743736326.956765 0.010597 3.592190 6.249176 9.838699 9.017116 28.707778
1743736327.060665 0.011211 3.475638 6.013768 10.151369 8.759421 28.411407
1743736327.164565 0.010497 3.519820 5.973519 10.658174 9.012972 29.174982
1743736327.268565 0.011066 2.792426 6.067632 10.976926 8.400266 28.248316
1743736327.372365 0.010814 2.593456 5.963165 11.046835 7.979836 27.594106
1743736327.476365 0.011209 3.532980 6.327958 9.981904 9.014733 28.868784
1743736327.580265 0.006278 3.109427 7.113349 11.050283 5.204808 26.484145
1743736327.684165 0.005983 2.564378 6.641566 11.079712 4.994782 25.286421
1743736327.788165 0.011196 3.352262 6.436226 9.913265 8.210019 27.922968
1743736327.892165 0.015964 3.406481 6.355140 11.105494 9.315312 30.198391
1743736327.996165 0.010010 4.765364 7.133278 10.303548 9.123478 31.335678
1743736328.100265 0.012304 3.595665 6.376990 10.007878 8.863709 28.856546
1743736328.204265 0.011219 3.472694 6.587761 10.912306 8.265180 29.249160
1743736328.308265 0.010957 3.105667 6.853701 9.552381 8.453460 27.976166
1743736328.412365 0.010038 3.568901 6.514776 9.596990 8.451020 28.141725
1743736328.516365 0.010497 4.325779 9.053613 10.798294 8.648745 32.836928
1743736328.620365 0.011629 3.611999 6.439935 8.948649 8.639018 27.651230
1743736328.724565 0.009276 4.134843 6.862345 10.830341 8.189526 30.026331
1743736328.828565 0.010681 4.003566 7.641710 11.838334 8.368772 31.863063
1743736328.932665 0.011862 3.559217 6.988504 10.647823 7.770673 28.978079
1743736329.036665 0.011576 4.282945 8.114202 10.848456 8.198968 31.456147
1743736329.140765 0.010861 4.084689 7.481904 10.215812 8.111152 29.904418
1743736329.244765 0.010097 3.793816 7.242626 10.992042 7.916095 29.954676
1743736329.348865 0.010320 3.598456 6.889919 10.148280 7.879234 28.526209
1743736329.452865 0.010439 3.703582 6.669424 10.876369 7.921739 29.181553
1743736329.556865 0.008711 3.496201 8.560263 10.216379 8.151626 30.433180
1743736329.661065 0.010400 4.398185 7.438142 10.451857 8.271453 30.570037
1743736329.765065 0.011198 3.180957 6.612242 12.780539 8.320426 30.905362
1743736329.869065 0.011180 3.589830 6.764031 11.232193 8.264049 29.861283
1743736329.973065 0.010488 3.694443 7.024025 10.053646 8.134831 28.917433
1743736330.077165 0.008469 3.545617 10.333502 10.619402 6.683143 31.190133
1743736330.181165 0.007060 4.696529 10.186204 10.504453 7.907783 33.302029
1743736330.285065 0.010684 3.505791 6.801180 11.477691 8.145648 29.940994
1743736330.389065 0.010444 3.653485 7.107826 11.138352 8.194634 30.104741
1743736330.493065 0.010291 3.527824 7.008129 11.604026 8.792998 30.943268
1743736330.597065 0.011859 3.549530 7.251537 12.437196 8.663433 31.913555
1743736330.701065 0.010564 3.534429 7.655577 11.854610 8.610305 31.665485
1743736330.805065 0.011404 3.773548 7.563192 12.544155 8.799381 32.691680
1743736330.909065 0.010242 2.719738 8.147148 12.893938 5.540908 29.311974
1743736331.013065 0.008811 3.099748 9.034307 15.041311 8.620297 35.804474
1743736331.117065 0.011780 3.517891 8.508409 13.044469 9.003823 34.086372
1743736331.221065 0.012452 2.772896 8.652168 14.736934 7.172556 33.347006
1743736331.325065 0.010231 3.881247 9.359100 14.652976 8.811262 36.714816
1743736331.429065 0.011934 3.704151 9.429693 18.101032 8.976488 40.223298
1743736331.533065 0.010425 3.364236 9.922005 15.880506 8.675440 37.852612
1743736331.637065 0.012686 3.615779 9.848822 16.023538 8.925741 38.426566
1743736331.741165 0.012881 3.253359 11.185390 17.068156 9.582660 41.102446
1743736331.845265 0.011339 3.338560 10.571730 17.910029 9.077413 40.909071
1743736331.949365 0.006585 4.067823 10.528224 17.236226 5.627056 37.465914
1743736332.053365 0.012327 3.673484 10.799315 17.218072 9.006640 40.709838
1743736332.157565 0.012449 3.798289 10.804474 18.732350 9.477404 42.824966
1743736332.261565 0.011022 3.237531 10.859745 17.235438 8.573666 39.917402
1743736332.365665 0.015671 3.683745 13.609068 22.666412 7.298485 47.273381
1743736332.469665 0.011377 4.478443 11.910507 17.900495 10.437311 44.738133
1743736332.573665 0.010546 3.539138 11.185611 18.057170 9.328180 42.120645
1743736332.677765 0.011544 3.482847 10.812676 18.277177 9.351037 41.935281
1743736332.781765 0.011543 3.678110 10.833539 18.724185 9.459302 42.706679
1743736332.885765 0.010929 5.068587 11.399710 18.226067 10.057782 44.763075
1743736332.989765 0.011229 3.261271 11.248928 19.181401 6.241760 39.944589
1743736333.093765 0.011814 3.541268 10.725004 16.842861 9.309246 40.430193
1743736333.197765 0.011775 3.733548 10.753263 16.662198 9.507910 40.668694
1743736333.301765 0.010757 3.486202 10.220418 18.047634 8.930562 40.695573
1743736333.405765 0.010800 4.884654 13.386479 17.265122 9.142826 44.689881
1743736333.509665 0.011943 3.231402 10.199161 17.046179 8.363835 38.852520
1743736333.613665 0.011161 3.664754 9.272001 15.398307 9.765037 38.111260
1743736333.717565 0.012078 3.574056 9.023173 15.019010 9.766471 37.394788
1743736333.821565 0.010522 3.821003 9.184669 14.589948 9.475013 37.081155
1743736333.925365 0.009796 3.458225 8.937186 15.254294 8.511598 36.171099
1743736334.029265 0.009698 3.693682 8.896374 13.268059 8.775205 34.643018
1743736334.133065 0.009645 2.834994 9.012073 14.519124 5.718110 32.093946
1743736334.236865 0.010712 3.753191 9.255346 15.864846 9.168298 38.052393
1743736334.340665 0.010143 2.830097 8.880286 13.370273 6.049743 31.140542
1743736334.444365 0.011440 3.587249 8.362634 12.989172 9.025365 33.975860
1743736334.548265 0.010741 3.813095 9.971904 11.699946 8.917076 34.412762
1743736334.652165 0.009713 3.614189 7.388212 11.957813 8.656298 31.626225
1743736334.756165 0.011640 3.633287 7.163426 11.610143 9.002943 31.421439
1743736334.860165 0.011519 3.736309 6.711033 10.571255 9.054803 30.084919
1743736334.964165 0.009896 3.787337 6.421015 10.548412 8.715668 29.482328
1743736335.068165 0.009518 3.512166 6.494317 9.594662 8.601470 28.212133
1743736335.172265 0.009884 5.024532 9.573584 9.277456 9.736980 33.622436
1743736335.276465 0.011267 3.433213 6.354939 8.676836 9.086678 27.562933
1743736335.380565 0.010138 3.501151 5.933664 6.980519 9.097985 25.523457
1743736335.484665 0.009960 2.734585 5.904904 7.497088 9.107351 25.253888
1743736335.588865 0.010014 3.551328 5.962097 7.306064 8.753723 25.583226
1743736335.693065 0.009845 3.433035 5.912758 7.698774 9.087594 26.142006
1743736335.797165 0.009279 2.662909 5.793143 7.426966 6.236861 22.129158
1743736335.901265 0.010329 3.246082 5.712754 8.272149 8.720168 25.961482
1743736336.005365 0.009988 3.578356 6.071177 8.260390 8.781881 26.701792
1743736336.109365 0.010735 3.277778 6.409894 7.548730 8.905649 26.152786
1743736336.213365 0.010982 3.441015 6.183887 7.680790 8.947491 26.264165
1743736336.317365 0.010856 3.424018 5.933780 7.672544 8.840907 25.882105
1743736336.421365 0.006343 3.623730 5.866208 7.684758 7.738166 24.919205
1743736336.525365 0.010812 3.456954 5.626247 8.421977 8.649482 26.165472
1743736336.629265 0.009420 3.180843 5.411055 7.519874 8.446682 24.567874
1743736336.733165 0.011681 3.345732 5.463425 6.972988 8.741418 24.535244
1743736336.837065 0.010760 3.422944 5.394624 7.028347 8.390688 24.247363
1743736336.940865 0.010985 3.285148 5.310932 7.053489 8.409317 24.069871
1743736337.044765 0.010132 3.072981 5.234496 8.562020 8.444411 25.324040
1743736337.148565 0.010790 3.343588 5.491969 8.243754 8.721208 25.811309
1743736337.252365 0.012184 3.213795 5.838175 8.550817 8.874682 26.489653
1743736337.356265 0.009821 3.554186 5.676298 7.926958 8.631081 25.798344
1743736337.460165 0.010618 3.381164 5.666115 8.727348 8.742416 26.527661
1743736337.564065 0.009733 3.971191 6.343228 9.466665 8.958098 28.748915
1743736337.667865 0.010372 3.506815 5.876807 9.010283 8.650430 27.054707
1743736337.771765 0.010577 4.911836 9.921139 10.915800 9.564379 35.323731
1743736337.875665 0.010377 3.231901 6.412906 9.636996 9.131031 28.423211
1743736337.979565 0.010127 3.456166 6.590909 9.967711 9.224114 29.249027
1743736338.083465 0.009977 3.384857 6.927437 10.266226 8.801390 29.389887
1743736338.187265 0.009464 4.886678 6.942318 11.224546 9.032574 32.095580
1743736338.291265 0.011161 3.800197 7.367364 10.657252 9.300130 31.136104
1743736338.395165 0.010627 3.325549 7.314361 9.999436 8.578623 29.228596
1743736338.499065 0.010030 3.625728 7.559485 12.288866 8.576822 32.060931
1743736338.603065 0.011526 3.667736 6.814094 11.567499 8.682632 30.743487
1743736338.706965 0.011396 4.679159 8.694059 12.049375 8.793354 34.227343
1743736338.810765 0.010844 3.520325 7.099393 11.756476 8.561575 30.948613
1743736338.914765 0.009726 4.431315 8.377040 12.298069 8.729198 33.845348
1743736339.018765 0.009858 3.662307 7.015808 10.525235 8.204424 29.417632
1743736339.122665 0.010156 3.664379 7.076996 11.739802 8.416948 30.908281
1743736339.226665 0.011143 3.742129 7.164336 11.699549 8.477447 31.094604
1743736339.330565 0.011017 3.657691 7.310752 13.748400 8.564619 33.292479
1743736339.434565 0.010222 3.382016 7.257628 13.699903 8.400130 32.749899
1743736339.538565 0.011512 3.517926 7.246526 12.951384 8.702773 32.430121
1743736339.642465 0.010910 3.029092 8.015846 12.606544 8.425381 32.087773
1743736339.746265 0.010035 2.618661 7.159554 12.415944 5.699697 27.903891
1743736339.850265 0.011617 4.854270 7.798873 13.383915 9.495016 35.543691
1743736339.954265 0.010980 3.457035 7.841902 16.067356 8.457707 35.834980
1743736340.058165 0.010139 4.360108 8.010699 13.352227 8.760425 34.493598
1743736340.162165 0.011992 4.347623 7.890037 14.591604 8.808840 35.650096
1743736340.266065 0.010636 3.807775 8.530483 13.858806 9.041711 35.249411
1743736340.370065 0.011418 3.630871 8.095646 15.658022 8.731093 36.127050
1743736340.474065 0.010845 3.371610 8.432341 16.104461 7.740199 35.659456
1743736340.578065 0.011324 3.452220 8.963405 16.111366 9.007252 37.545567
1743736340.682065 0.010117 3.836546 9.392636 17.758492 8.765360 39.763151
1743736340.786065 0.011458 3.448301 9.587014 17.171611 8.838793 39.057177
1743736340.890065 0.011158 3.681866 10.329710 16.185326 9.223405 39.431465
1743736340.994065 0.010721 3.508228 10.658535 19.933738 8.706560 42.817782
1743736341.098165 0.010190 4.357916 11.659733 21.227814 9.061954 46.317607
1743736341.202165 0.010470 3.124019 11.202872 20.149375 8.191853 42.678589
1743736341.306265 0.010202 4.760691 12.605849 20.092924 9.303288 46.772954
1743736341.410365 0.011190 3.355826 12.223911 21.757776 9.217522 46.566225
1743736341.514565 0.010639 3.343898 12.139147 20.761281 9.073194 45.328159
1743736341.618665 0.011133 3.236460 12.664643 22.641021 6.417523 44.970780
1743736341.722765 0.009907 3.123366 12.243961 22.185960 6.000031 43.563225
1743736341.827065 0.009727 3.653429 13.598830 24.127392 9.274505 50.663883
1743736341.931165 0.011538 3.613330 12.869050 23.981310 9.404535 49.879763
1743736342.035365 0.011198 3.630040 13.708634 23.331964 9.435638 50.117474
1743736342.139565 0.011428 3.335092 13.416984 24.743759 9.031867 50.539130
1743736342.243765 0.010801 3.309795 13.094500 26.102737 8.605437 51.123270
1743736342.348065 0.012112 3.505365 13.711581 25.168928 9.325468 51.723454
1743736342.452165 0.011044 3.564143 13.788494 24.251843 9.133575 50.749099
1743736342.556365 0.012380 3.391520 14.546457 27.701191 9.011164 54.662712
1743736342.660565 0.012166 3.537376 14.545681 24.220054 9.143385 51.458662
1743736342.764665 0.015422 3.503484 14.330830 26.236150 9.137275 53.223161
1743736342.868865 0.011404 3.323127 14.736559 27.535651 8.657821 54.264562
1743736342.973065 0.011766 3.584142 14.939651 27.144744 9.298473 54.978776
1743736343.077165 0.011790 3.482656 15.350606 27.916615 9.182706 55.944373
1743736343.181265 0.016640 3.291455 14.759802 26.661266 8.404151 53.133314
1743736343.285365 0.011525 3.531618 14.952101 28.694674 9.143673 56.333591
1743736343.389565 0.011660 3.530488 15.266319 26.207314 9.340389 54.356170
1743736343.493565 0.011389 3.478197 14.899187 29.026451 9.068146 56.483370
1743736343.597665 0.011018 3.309914 14.778033 29.900162 8.375907 56.375034
1743736343.701665 0.012374 3.433564 15.208226 28.766624 9.002049 56.422837
1743736343.805665 0.010995 3.802163 16.227696 29.275688 9.820494 59.137036
1743736343.909665 0.012187 3.323342 15.296254 29.069758 8.187915 55.889456
1743736344.013665 0.011721 3.394842 16.063200 27.948055 8.562314 55.980132
1743736344.117565 0.011962 3.375150 15.998732 30.546251 8.308923 58.241018
1743736344.221365 0.011367 3.381626 15.563924 29.635084 7.869822 56.461823
1743736344.325065 0.011195 3.549897 15.419477 29.899904 9.383161 58.263634
1743736344.428665 0.011301 3.476672 15.946551 30.156641 8.711624 58.302789
1743736344.532265 0.012079 3.500729 15.411966 27.272767 6.330912 52.528453
1743736344.635865 0.011343 3.396611 15.273580 28.984468 8.740567 56.406569
1743736344.739365 0.011310 3.495118 15.652455 30.909694 9.160940 59.229517
1743736344.843065 0.011273 3.456900 15.844625 28.706622 9.083944 57.103364
1743736344.946765 0.012004 3.434906 16.112110 30.774968 9.298866 59.632854
1743736345.050365 0.011322 3.519137 15.802215 30.423663 9.121221 58.877558
1743736345.154065 0.012030 3.383735 16.662023 30.918180 8.897462 59.873430
1743736345.257665 0.011619 3.464194 16.194374 29.198447 8.801682 57.670316
1743736345.361665 0.012057 3.465010 16.555977 27.328024 9.104036 56.465104
1743736345.464965 0.010680 3.429756 16.411397 30.631560 8.834209 59.317602
1743736345.568665 0.011370 3.375145 16.072857 28.649528 8.815988 56.924888
1743736345.672565 0.010845 3.482745 17.180424 29.614457 9.184439 59.472910
1743736345.776265 0.011379 3.364865 15.869227 30.564487 8.887009 58.696967
1743736345.880065 0.011219 3.947450 18.948705 30.283363 9.854290 63.045027
1743736345.983865 0.011106 4.008894 16.681117 31.583377 10.325822 62.610316
1743736346.087665 0.011363 3.281234 16.283802 29.805855 8.138426 57.520680
1743736346.191565 0.011063 3.402303 16.369830 28.057360 9.006399 56.846955
1743736346.295265 0.011852 3.354211 15.913105 30.802531 8.259387 58.341086
1743736346.399065 0.011123 3.509944 16.138180 29.327518 9.205945 58.192710
1743736346.502765 0.015791 3.346348 16.076712 29.629992 8.697839 57.766682
1743736346.606665 0.011432 3.400033 16.047005 28.791952 8.996037 57.246459
1743736346.710465 0.011089 3.380511 15.722116 30.397830 8.963023 58.474569
1743736346.814165 0.011191 3.461229 16.498158 31.627704 9.083784 60.682066
1743736346.918065 0.018107 3.391457 16.207694 30.320559 8.633567 58.571384
1743736347.021865 0.011444 3.389481 16.115355 30.203495 8.798484 58.518259
1743736347.125865 0.010993 3.440732 16.312352 27.855863 9.007031 56.626971
1743736347.230065 0.012047 3.480649 16.132936 27.692077 9.492447 56.810156
1743736347.334265 0.012359 3.439695 16.115721 28.202186 9.225035 56.994996
1743736347.438265 0.015674 4.203996 22.922566 32.157396 12.040223 71.339855
1743736347.542365 0.006575 3.500118 20.289808 30.158408 5.981453 59.936362
1743736347.646665 0.008187 3.638522 18.354884 29.966892 8.582736 60.551221
1743736347.750865 0.012826 3.413804 16.583448 26.928141 9.347835 56.286054
1743736347.855165 0.010462 3.305066 15.798617 26.187319 6.490645 51.792109
1743736347.959465 0.010559 5.934456 17.036350 26.988961 10.698710 60.669036
1743736348.063765 0.012004 3.676980 16.794697 28.194480 9.461663 58.139824
1743736348.168165 0.011059 4.060150 16.229043 27.109463 9.972918 57.382633
1743736348.272665 0.010945 4.027923 16.673090 27.571271 10.077845 58.361074
1743736348.377065 0.010617 3.826230 15.668365 25.605144 9.936641 55.046997
1743736348.481565 0.011307 3.611453 15.621462 25.221808 9.204504 53.670534
1743736348.586065 0.010752 3.513789 14.736300 22.235382 9.393620 49.889843
1743736348.690365 0.010021 3.519722 13.953598 20.869446 9.036007 47.388794
1743736348.794765 0.010204 4.166721 14.526385 22.103827 9.806706 50.613843
1743736348.899065 0.011765 3.629563 13.974980 20.849770 9.318567 47.784645
1743736349.003265 0.011048 3.476798 14.215707 23.658790 9.180407 50.542750
1743736349.107365 0.011992 3.503758 14.218813 19.829410 8.981557 46.545530
1743736349.211565 0.007736 3.246865 13.606268 21.064828 5.455525 43.381222
1743736349.315665 0.011272 3.908726 13.762116 19.519298 9.368308 46.569720
1743736349.419765 0.011460 3.667752 13.810517 20.625979 9.223264 47.338972
1743736349.523765 0.010517 3.788420 14.604763 19.272804 9.155801 46.832305
1743736349.627865 0.012247 3.593808 13.211260 21.033547 9.495627 47.346489
1743736349.731865 0.011061 3.690386 13.309680 18.363866 9.055461 44.430454
1743736349.835865 0.012064 3.399957 13.257069 19.698487 8.883613 45.251190
1743736349.939965 0.011428 3.377858 12.989525 18.503505 9.128943 44.011259
1743736350.043865 0.011240 3.600880 11.911517 18.742654 8.928526 43.194817
1743736350.147765 0.005722 4.860548 12.134493 17.650834 8.943615 43.595212
1743736350.251665 0.011430 3.508730 11.479514 17.679482 9.081061 41.760217
1743736350.355565 0.006300 2.979502 10.806684 16.826150 5.296026 35.914662
1743736350.459365 0.011252 3.332504 10.406664 16.320225 8.826678 38.897323
1743736350.563265 0.011487 3.176946 10.104768 15.312825 8.455879 37.061905
1743736350.667265 0.011565 3.654560 10.245905 14.042712 9.097556 37.052298
1743736350.771165 0.010463 3.341988 10.149429 13.556956 8.749476 35.808312
1743736350.875265 0.010422 3.213313 9.396155 12.359693 8.538185 33.517768
1743736350.979265 0.011923 3.553245 9.604966 12.979180 8.831472 34.980786
1743736351.083165 0.010885 3.837900 9.389475 11.796772 9.178041 34.213073
1743736351.187265 0.011649 3.445196 8.816754 12.439815 8.877881 33.591295
1743736351.291165 0.012433 3.305019 8.897785 13.740024 9.742440 35.697701
1743736351.395165 0.013016 3.328981 8.647703 12.002721 9.200996 33.193417
1743736351.499165 0.010498 3.556559 8.364143 12.787604 9.053704 33.772508
1743736351.603065 0.010977 3.585388 8.329459 11.926290 8.987398 32.839512
1743736351.706865 0.010648 3.658415 8.446387 13.459755 8.831476 34.406681
1743736351.810765 0.012135 4.981646 12.391092 14.053611 9.190668 40.629152
1743736351.914765 0.010684 4.285495 9.288244 14.473700 9.822863 37.880986
1743736352.018665 0.010979 3.715315 9.503661 13.650505 9.334081 36.214541
1743736352.122465 0.010101 3.570275 9.115786 13.475991 8.856315 35.028468
1743736352.226265 0.010758 5.296151 9.902549 14.334617 9.340563 38.884638
1743736352.330165 0.010729 3.835122 9.176735 13.508101 8.964609 35.495296
1743736352.434065 0.011379 3.701781 8.450329 14.049896 9.111748 35.325133
1743736352.538065 0.009383 3.274595 8.532283 12.525566 8.347665 32.689492
1743736352.641965 0.011267 2.830950 8.272314 12.263768 7.531640 30.909939
1743736352.745765 0.009731 3.744378 8.415741 12.586539 9.179937 33.936326
1743736352.849665 0.010864 3.783537 8.213709 12.758993 9.361384 34.128487
1743736352.953665 0.010624 3.721085 7.841786 12.570606 9.355005 33.499106
1743736353.057565 0.010556 3.572896 8.050697 11.356569 9.187671 32.178389
1743736353.161365 0.011064 3.429609 8.125072 11.702839 9.256600 32.525184
1743736353.265265 0.010580 5.063058 8.414282 15.417165 9.271005 38.176090
1743736353.369165 0.011004 3.399796 7.755225 12.141248 8.780655 32.087928
1743736353.473065 0.011523 3.787793 8.125049 12.155396 9.320010 33.399771
1743736353.576865 0.009314 3.692441 8.601462 13.028924 8.932158 34.264299
1743736353.680865 0.006376 3.984048 8.403721 11.991593 7.689421 32.075159
1743736353.784765 0.010299 3.683709 8.463586 12.764449 9.188416 34.110459
1743736353.888665 0.010087 3.882588 8.814443 12.978877 9.354058 35.040053
1743736353.992565 0.011453 4.117445 8.586298 13.692393 10.166783 36.574372
1743736354.096465 0.009174 3.155890 9.032690 13.485974 8.911990 34.595718
1743736354.200265 0.010468 3.564757 8.590092 13.314822 9.452244 34.932383
1743736354.304165 0.010203 3.770921 8.842033 12.582982 9.416239 34.622378
1743736354.408065 0.011749 3.349362 8.755882 14.527759 8.826037 35.470789
1743736354.511865 0.011324 3.868041 9.054612 12.965376 9.394388 35.293741
1743736354.615765 0.010913 3.840322 9.660595 14.628559 9.060865 37.201254
1743736354.719765 0.011674 3.803934 9.986149 14.138212 9.526557 37.466526
1743736354.823665 0.015621 3.703902 10.071906 13.657886 9.280150 36.729465
1743736354.927565 0.010610 3.755298 10.032754 14.880397 9.486313 38.165372
1743736355.031365 0.017101 3.668111 10.151100 14.505529 9.362589 37.704430
1743736355.135265 0.011018 3.612981 10.540996 16.177895 9.383344 39.726234
1743736355.239165 0.010856 3.595381 10.034377 13.357589 9.329933 36.328136
1743736355.343165 0.010456 3.182188 9.687245 14.289452 6.642244 33.811585
1743736355.447065 0.010471 3.078842 9.246394 14.142347 6.285285 32.763339
1743736355.550965 0.009922 4.759949 9.989370 14.609137 9.361759 38.730137
1743736355.654765 0.011224 3.589609 9.556513 13.526719 8.974311 35.658376
1743736355.758665 0.010524 3.521040 9.662799 13.143811 9.308684 35.646858
1743736355.862665 0.011155 3.817460 9.720221 12.751365 9.083418 35.383619
1743736355.966565 0.006371 4.079094 9.664023 13.099328 8.339093 35.187909
1743736356.070565 0.010536 3.092060 9.934441 12.347149 7.743608 33.127794
1743736356.174565 0.010815 3.911581 10.123136 12.005740 9.184056 35.235328
1743736356.278565 0.010041 5.391313 12.257545 13.085892 9.758551 40.503342
1743736356.382565 0.010656 3.672351 10.062499 13.611087 9.357356 36.713949
1743736356.486565 0.011747 5.538599 11.364677 14.245171 9.782328 40.942522
1743736356.590365 0.011089 3.562240 10.204583 13.561238 9.312602 36.651752
1743736356.694565 0.010988 3.668969 10.360295 15.285824 9.185146 38.511222
1743736356.798565 0.011260 3.569679 10.538072 14.920363 9.474219 38.513593
1743736356.902665 0.011670 3.714948 10.829098 16.335508 9.411337 40.302561
1743736357.006765 0.010682 3.251621 12.993414 15.246867 7.046783 38.549367
1743736357.110965 0.011144 4.112883 11.222523 13.743380 10.184623 39.274553
1743736357.215065 0.012088 3.595323 11.261209 16.219360 9.239177 40.327157
1743736357.319165 0.011568 3.760596 11.489931 15.624774 9.280247 40.167116
1743736357.423465 0.010530 3.640164 11.939543 16.066744 9.120594 40.777575
1743736357.527665 0.009834 5.803389 12.846265 16.172758 9.966162 44.798408
1743736357.631865 0.011788 3.407973 11.659246 17.166332 9.102277 41.347616
1743736357.736165 0.006536 4.034178 11.903614 15.780136 5.926829 37.651293
1743736357.840365 0.011636 5.520529 13.361769 14.950662 10.078119 43.922715
1743736357.944565 0.011062 4.092445 13.255689 20.306653 9.711807 47.377656
1743736358.048765 0.010834 3.407174 13.195427 16.960123 9.104947 42.678505
1743736358.153065 0.017690 3.652110 12.416619 16.526965 9.507182 42.120566
1743736358.257365 0.010838 3.436431 13.192357 15.806853 9.008483 41.454962
1743736358.361565 0.011626 3.589047 13.008195 16.721745 9.447358 42.777971
1743736358.465765 0.011601 3.512827 12.639192 16.494013 9.333659 41.991292
1743736358.569965 0.010180 3.751612 12.871724 15.818493 9.340076 41.792085
1743736358.673965 0.010563 6.024773 15.320117 16.975362 10.101505 48.432320
1743736358.778065 0.011545 3.481467 12.543682 16.091437 9.452344 41.580475
1743736358.882165 0.014475 3.768170 12.697741 16.730004 9.349739 42.560129
1743736358.986165 0.012365 3.667827 12.157877 17.661883 9.519479 43.019431
1743736359.090265 0.009921 3.588116 12.918152 17.449077 9.188112 43.153378
1743736359.194265 0.011263 3.594382 12.802455 18.621626 9.568209 44.597935
1743736359.298265 0.010881 3.489424 13.009824 16.100138 9.199628 41.809895
1743736359.402265 0.011074 3.625467 12.884946 17.546669 9.466437 43.534593
1743736359.506165 0.011856 3.557224 12.568796 18.708226 9.574699 44.420801
1743736359.610065 0.011109 3.693994 12.719237 17.371090 9.229480 43.024910
1743736359.713965 0.011438 3.549756 12.836558 16.667926 9.227877 42.293555
1743736359.817765 0.010627 3.798029 12.480419 17.200087 9.653930 43.143092
1743736359.921765 0.011037 3.563910 12.733650 17.046190 9.065117 42.419904
1743736360.025565 0.011552 6.377295 15.265398 19.312312 10.518348 51.484905
1743736360.129265 0.011908 3.330533 13.059281 15.370849 8.978633 40.751204
1743736360.233165 0.009777 4.307098 13.950722 18.993249 9.470313 46.731159
1743736360.337065 0.006469 3.334993 13.424202 17.768777 5.907319 40.441760
1743736360.441065 0.011153 3.865961 14.605965 18.255821 9.861886 46.600786
1743736360.544965 0.011397 3.523081 13.967070 21.924487 9.169682 48.595717
1743736360.648765 0.009984 3.377250 13.937797 16.916885 6.332440 40.574356
1743736360.752665 0.011848 3.750415 13.387969 17.422473 9.972235 44.544940
1743736360.856565 0.011971 3.633053 12.796552 17.649783 9.668297 43.759656
1743736360.960565 0.012015 3.474211 12.751940 18.378383 9.190071 43.806620
1743736361.064465 0.011620 3.645744 12.216474 18.367845 9.289244 43.530927
1743736361.168265 0.011584 3.724229 11.894496 16.720791 9.416009 41.767109
1743736361.272165 0.011365 3.599088 11.937429 19.373495 9.417886 44.339263
1743736361.376065 0.011791 3.731762 11.881216 17.042295 9.514881 42.181945
1743736361.479965 0.010883 3.562708 12.009313 18.133595 9.181362 42.897861
1743736361.583665 0.011905 3.975040 12.424410 18.401460 9.905420 44.718235
1743736361.687465 0.011006 3.585998 12.103122 16.998740 9.470865 42.169731
1743736361.791065 0.006978 4.482250 12.248214 17.574512 6.275246 40.587200
1743736361.894765 0.011027 3.773358 12.164422 18.869782 9.202895 44.021484
1743736361.998465 0.011517 3.828826 13.897897 19.593127 9.346186 46.677553
1743736362.102065 0.012135 3.528831 12.581907 18.741077 9.628151 44.492101
1743736362.205665 0.011000 3.535345 12.522810 17.429169 9.186365 42.684689
1743736362.309465 0.011769 3.681961 13.047806 20.076143 9.660455 46.478134
1743736362.413165 0.017632 3.511800 13.556763 20.946796 9.149111 47.182102
1743736362.516965 0.012536 3.580371 13.572585 21.304428 9.716344 48.186264
1743736362.620665 0.012853 3.810350 13.622470 18.323856 9.878706 45.648235
1743736362.724265 0.012286 3.451586 12.854482 19.668893 9.049893 45.037140
1743736362.828065 0.012821 3.720911 12.840419 17.404602 9.203637 43.182390
1743736362.931765 0.010402 3.692028 12.394993 16.778125 8.841252 41.716800
1743736363.035565 0.012343 3.786988 12.826745 19.135241 9.441263 45.202580
1743736363.139465 0.012164 3.683741 12.907600 19.194365 9.308403 45.106273
1743736363.243165 0.012069 3.730293 12.941135 18.756784 9.373538 44.813819
1743736363.347165 0.012126 3.667455 12.627324 20.202014 9.242988 45.751907
1743736363.450965 0.010928 3.757219 12.311226 20.235848 9.281041 45.596262
1743736363.554765 0.011058 3.734325 12.495324 20.664994 9.222924 46.128625
1743736363.658565 0.010790 3.663849 12.676068 20.274100 9.167493 45.792300
1743736363.762465 0.010942 3.939183 12.633382 19.485094 9.172318 45.240919
1743736363.866265 0.010197 3.879398 12.327454 21.012894 9.048908 46.278851
1743736363.970065 0.011047 3.873694 12.364333 19.375876 9.127159 44.752109
1743736364.073965 0.010511 4.789919 13.073841 18.205628 9.317367 45.397266
1743736364.177865 0.010974 3.803673 12.466770 17.290258 8.820916 42.392591
1743736364.281765 0.010454 3.111555 12.520027 20.688578 6.291490 42.622104
1743736364.385765 0.011233 3.611074 12.548976 18.207408 8.248354 42.627045
1743736364.489765 0.010611 3.951678 12.189125 17.167060 8.348810 41.667284
1743736364.593765 0.010229 4.019343 12.025620 19.587538 8.319184 43.961914
1743736364.697665 0.011926 3.670477 11.957628 19.692962 8.695252 44.028245
1743736364.801565 0.010166 3.998066 12.360570 17.588902 8.420260 42.377964
1743736364.905465 0.011993 3.574249 12.563105 18.722425 8.263293 43.135065
1743736365.009465 0.012236 3.823252 12.948473 18.919480 8.743632 44.447073
1743736365.113265 0.012038 3.726598 14.089743 22.681314 8.583879 49.093572
1743736365.217165 0.012195 3.470450 14.135006 21.731803 8.930451 48.279905
1743736365.321165 0.012001 3.687227 14.583045 21.859504 9.221103 49.362880
1743736365.425065 0.011151 3.621480 15.195609 23.965568 8.873169 51.666977
1743736365.528965 0.010316 3.510639 14.823463 21.638546 8.678762 48.661726
1743736365.632865 0.010340 4.244755 16.084702 24.074100 9.371378 53.785275
1743736365.736765 0.010625 3.338796 15.965263 24.708355 8.369834 52.392873
1743736365.840765 0.006718 3.436906 15.958244 23.507263 5.386987 48.296118
1743736365.944565 0.011716 3.781440 16.673462 24.193088 9.438237 54.097943
1743736366.048365 0.006165 3.958772 17.884291 23.864780 7.024627 52.738635
1743736366.152365 0.011350 3.521748 17.247207 25.604652 9.214157 55.599114
1743736366.256065 0.011417 3.471386 17.091162 26.130607 9.105721 55.810293
1743736366.359965 0.011554 3.477445 17.262283 27.464546 9.024072 57.239900
1743736366.463765 0.011153 3.350534 17.219564 24.776490 8.568945 53.926686
1743736366.567565 0.010699 4.035364 16.776123 27.843203 9.728954 58.394343
1743736366.671365 0.012109 3.395352 17.067151 27.255646 8.814399 56.544657
1743736366.775165 0.010597 3.309428 17.089588 27.293619 8.563175 56.266407
1743736366.879065 0.011742 3.462711 16.704967 28.060887 8.899066 57.139373
1743736366.982765 0.012334 3.406703 16.884280 25.388129 8.965661 54.657107
1743736367.086665 0.011078 3.327282 16.685723 24.628666 8.729028 53.381777
1743736367.190465 0.010620 3.806800 17.298123 28.463334 9.434665 59.013542
1743736367.294365 0.011164 4.221807 17.405816 26.509150 10.146933 58.294870
1743736367.398065 0.011599 3.267252 16.470480 23.905224 8.196299 51.850854
1743736367.501765 0.010654 4.650390 19.760105 25.581453 10.121069 60.123671
1743736367.605565 0.010785 3.981952 16.345846 27.945695 9.628620 57.912898
1743736367.709265 0.011403 3.263514 15.946174 25.980636 8.169974 53.371701
1743736367.813065 0.012151 3.407586 15.628328 27.028953 9.029007 55.106025
1743736367.916665 0.011512 3.487475 15.962726 24.853638 9.109994 53.425345
1743736368.020565 0.010756 6.188175 18.594018 32.478362 10.622589 67.893900
1743736368.124265 0.009091 3.211584 15.580473 25.491399 6.397702 50.690249
1743736368.228065 0.011619 3.406890 15.851331 26.055399 8.837833 54.163072
1743736368.331765 0.011111 3.251777 15.714929 27.612704 8.160039 54.750560
1743736368.435665 0.012213 3.332449 15.380703 27.690521 8.243602 54.659488
1743736368.539465 0.010986 3.490847 15.871806 26.212215 8.868520 54.454374
1743736368.643165 0.012242 3.335629 15.412766 27.509566 8.756117 55.026320
1743736368.746965 0.016355 3.444351 15.657114 26.047699 8.877393 54.042912
1743736368.850765 0.012285 3.578331 15.545097 26.027788 9.261046 54.424547
1743736368.954565 0.011962 3.268768 15.831875 28.252751 8.550392 55.915748
1743736369.058465 0.011379 3.302276 15.826957 25.341958 8.563683 53.046253
1743736369.162165 0.011905 3.428165 16.522358 24.314945 8.760541 53.037914
1743736369.266065 0.013123 3.565708 16.187163 27.755066 8.892606 56.413666
1743736369.369965 0.011938 3.543771 15.888159 31.174806 8.890738 59.509412
1743736369.473765 0.011035 3.346224 16.069746 28.260090 8.448055 56.135150
1743736369.577765 0.011491 3.304603 16.302388 28.132942 8.440859 56.192283
1743736369.681665 0.012908 3.402066 16.793175 30.704266 8.923560 59.835975
1743736369.785565 0.011888 3.476160 17.341564 30.938452 8.979336 60.747400
1743736369.889265 0.006872 3.320297 17.118962 30.782391 5.684930 56.913452
1743736369.993165 0.011406 3.265448 17.117748 32.156601 8.640417 61.191620
1743736370.097065 0.011080 4.130631 17.992357 32.116306 10.151129 64.401503
1743736370.200765 0.011302 3.313279 16.977310 33.610664 8.208619 62.121174
1743736370.304665 0.012180 3.334203 16.909353 33.016983 8.279158 61.551877
1743736370.408565 0.011844 3.452744 17.599266 31.512975 8.330938 60.907767
1743736370.512465 0.011383 3.398035 17.128270 32.374777 8.621723 61.534188
1743736370.616165 0.012214 3.454004 17.291980 33.448759 8.576042 62.782999
1743736370.720065 0.012443 3.461487 17.640597 35.358010 8.262982 64.735519
1743736370.823765 0.012609 3.447357 18.059808 34.603814 7.842960 63.966548
1743736370.927665 0.006537 3.434432 17.627432 37.704814 6.110258 64.883473
1743736371.031465 0.011910 3.531515 18.662706 34.869008 9.023865 66.099004
1743736371.135165 0.010961 3.394542 18.147426 34.393868 7.717726 63.664523
1743736371.239065 0.011642 3.384515 18.692950 36.226221 7.900656 66.215984
1743736371.342865 0.011845 3.404551 18.827003 36.364301 7.910729 66.518429
1743736371.446565 0.011430 3.390394 18.301405 34.877286 7.854050 64.434565
1743736371.550265 0.011638 3.292686 18.101140 37.669980 7.447449 66.522893
1743736371.654165 0.010711 3.247087 17.686469 32.728014 7.234513 60.906794
1743736371.757965 0.012225 3.333510 17.252692 33.645074 8.624370 62.867871
1743736371.861765 0.012049 3.269866 16.267035 32.624579 8.315190 60.488719
1743736371.965665 0.012780 3.271336 16.624165 32.045424 8.507267 60.460972
1743736372.069565 0.011318 3.234268 17.317066 31.892032 8.119303 60.573987
1743736372.173265 0.011991 3.290221 15.384458 30.536012 8.527828 57.750510
1743736372.277165 0.011964 3.316584 14.494600 29.540454 8.590596 55.954198
1743736372.380965 0.010580 3.214883 14.863275 29.565400 8.187362 55.841500
1743736372.484765 0.011591 3.356935 14.271003 29.062351 8.570081 55.271961
1743736372.588665 0.009952 5.669459 15.959467 28.362272 9.857471 59.858621
1743736372.692565 0.010026 3.667575 14.207883 26.995229 9.180551 54.061264
1743736372.796365 0.012465 3.356707 13.399552 29.231435 8.905157 54.905316
1743736372.900265 0.011218 3.386129 13.237868 25.506697 8.720048 50.861960
1743736373.004065 0.012165 3.379778 13.335207 25.730436 8.684605 51.142191
1743736373.107865 0.011717 3.475427 12.986455 25.792906 8.697481 50.963986
1743736373.211665 0.011569 3.406374 13.358452 25.859319 8.843364 51.479078
1743736373.315465 0.010189 3.311022 13.170466 23.615028 8.309770 48.416475
1743736373.419365 0.009515 4.139947 12.943504 25.778836 8.825197 51.696999
1743736373.523165 0.011124 3.621529 12.639407 24.373821 8.571554 49.217435
1743736373.627065 0.011881 3.681823 12.694742 26.164807 8.868470 51.421723
1743736373.730765 0.012194 3.459598 12.781367 22.998302 8.601957 47.853418
1743736373.834665 0.012552 3.365874 12.138058 23.048574 8.611778 47.176836
1743736373.938565 0.011726 3.452531 12.350974 22.483682 8.755589 47.054502
1743736374.042465 0.011312 3.474303 12.608804 23.741086 8.920707 48.756212
1743736374.146365 0.011234 3.798540 12.536481 21.543036 9.380504 47.269795
1743736374.250165 0.011599 3.675183 12.347224 22.245204 8.929610 47.208820
1743736374.354065 0.011013 3.519414 12.743212 22.117238 8.634965 47.025842
1743736374.457865 0.012801 3.461422 12.618225 23.855837 8.792382 48.740667
1743736374.561665 0.011287 3.533822 12.236691 22.251381 8.852483 46.885664
1743736374.665565 0.011001 3.527597 13.336344 21.953693 8.876056 47.704691
1743736374.769365 0.016530 4.176617 13.621954 22.280961 9.385010 49.481072
1743736374.873265 0.011079 3.497787 13.834784 22.462046 9.172394 48.978090
1743736374.977065 0.010987 3.498912 13.897358 24.091979 8.918298 50.417534
1743736375.080765 0.012721 3.758652 14.071044 25.609635 9.179004 52.631056
1743736375.184565 0.011565 3.438246 14.202671 24.511917 8.771234 50.935633
1743736375.288465 0.011819 3.764328 14.412772 26.281456 9.159080 53.629455
1743736375.392165 0.011311 3.489964 14.189493 24.198756 8.637475 50.526999
1743736375.495965 0.010532 3.643160 15.434804 28.699745 8.800301 56.588542
1743736375.599765 0.011185 3.504240 14.408347 26.111467 8.675477 52.710716
1743736375.703565 0.011063 3.656625 14.907834 27.251868 9.102388 54.929778
1743736375.807265 0.010411 4.166110 16.317463 27.119269 9.567430 57.180683
1743736375.911165 0.011710 3.592881 15.159485 26.718807 8.776380 54.259263
1743736376.014965 0.014643 3.499824 15.025195 25.718318 8.548760 52.806740
1743736376.118765 0.012611 3.673992 14.537765 25.512122 6.985795 50.722285
1743736376.222665 0.012054 3.768332 14.127041 26.519475 9.512837 53.939739
1743736376.326565 0.011376 3.554709 14.707331 23.819305 7.651276 49.743997
1743736376.430265 0.010860 3.472180 14.529632 25.422117 8.771359 52.206148
1743736376.534165 0.012586 3.672750 14.342658 25.070323 9.735115 52.833432
1743736376.638065 0.010056 4.328526 15.159993 25.882563 9.797267 55.178405
1743736376.741765 0.010628 3.361933 14.229112 26.342818 8.429363 52.373854
1743736376.845665 0.011626 4.145059 14.637855 28.049888 10.145073 56.989501
1743736376.949565 0.010322 3.352666 14.265291 23.742494 6.300370 47.671143
1743736377.053365 0.010713 3.599047 14.546315 25.530723 9.068228 52.755026
1743736377.157165 0.011426 3.472223 13.842018 26.873058 8.842670 53.041395
1743736377.261065 0.012580 3.580397 14.086024 26.229262 9.034025 52.942288
1743736377.365065 0.011985 3.316601 14.682347 25.836582 8.376368 52.223883
1743736377.468965 0.011997 3.489318 14.446535 26.315704 8.904949 53.168503
1743736377.572765 0.011387 3.430222 14.207070 26.055906 8.786469 52.491054
1743736377.676565 0.013514 3.321723 14.218654 26.970215 9.290605 53.814711
1743736377.780465 0.012042 3.279922 14.669970 27.534052 8.799986 54.295972
1743736377.884265 0.011346 3.285547 15.210580 25.369505 8.611853 52.488831
1743736377.988165 0.012140 3.043389 15.013624 26.219798 7.517697 51.806648
1743736378.091965 0.017485 3.489164 15.386187 28.823583 8.714081 56.430500
1743736378.195665 0.013326 3.360952 14.590348 26.689841 8.851604 53.506071
1743736378.299565 0.011629 3.274602 14.315539 26.204483 8.275022 52.081275
1743736378.403465 0.011821 3.560228 14.526945 26.347831 9.126210 53.573035
1743736378.507165 0.011107 3.488217 14.999011 26.218582 8.826839 53.543756
1743736378.611065 0.011974 3.384273 15.146582 28.417447 8.780852 55.741128
1743736378.714765 0.012339 3.519453 15.533300 28.425450 9.476349 56.966891
1743736378.818665 0.010409 3.507796 15.408629 27.336473 8.842366 55.105673
1743736378.922565 0.010587 3.505518 15.664053 27.982873 8.779670 55.942701
1743736379.026465 0.011058 4.294010 15.908359 32.710746 9.972362 62.896535
1743736379.130365 0.009891 3.420627 15.565262 28.193764 8.539711 55.729255
1743736379.234065 0.012246 3.320159 15.423692 30.754641 8.636238 58.146976
1743736379.337965 0.011826 3.429359 15.538611 30.961715 8.671138 58.612649
1743736379.441665 0.011971 3.591068 15.443676 32.021325 9.151338 60.219378
1743736379.545265 0.012068 3.388840 16.074400 30.765203 8.357886 58.598397
1743736379.649065 0.011367 3.376462 16.148062 30.983534 8.610038 59.129463
1743736379.752865 0.012380 4.197347 17.393965 32.938797 10.198940 64.741429
1743736379.856565 0.010941 3.296991 16.217456 31.177598 8.321672 59.024658
1743736379.960265 0.011339 3.337372 16.356604 30.672651 8.585696 58.963662
1743736380.064065 0.011230 3.528832 16.712986 38.340682 8.997348 67.591078
1743736380.167965 0.011403 3.521081 18.615144 32.766188 8.556139 63.469955
1743736380.271665 0.013125 3.270050 16.468144 33.127415 8.291827 61.170561
1743736380.375565 0.011887 3.265773 16.116641 30.495126 8.401413 58.290840
1743736380.479165 0.011600 3.309913 16.674045 33.155535 8.399592 61.550685
1743736380.582965 0.017826 3.324157 17.035080 30.564079 8.610694 59.551836
1743736380.686665 0.012084 3.443982 16.765296 31.426348 8.914842 60.562552
1743736380.790465 0.012707 3.459789 16.742073 30.720993 8.739554 59.675116
1743736380.894165 0.011648 3.321483 17.089693 29.418705 8.548364 58.389893
1743736380.997965 0.011910 3.475403 16.786441 29.509226 8.690339 58.473319
1743736381.101665 0.011784 3.435243 16.809097 34.266086 8.806821 63.329031
1743736381.205465 0.011210 3.250360 16.673010 31.905749 8.006882 59.847211
1743736381.309165 0.012608 3.274169 16.581854 31.136079 8.044845 59.049555
1743736381.412765 0.012459 3.387542 16.217752 30.292067 8.643791 58.553611
1743736381.516565 0.009934 4.444163 22.204715 31.976085 6.859919 65.494816
1743736381.620165 0.011801 3.212157 16.698748 32.022111 7.637983 59.582800
1743736381.723965 0.010483 3.817830 16.959608 31.123715 9.254323 61.165959
1743736381.827665 0.009991 3.451604 17.008214 34.396061 6.255976 61.121846
1743736381.931265 0.010900 3.294287 16.266450 30.992050 8.061786 58.625473
1743736382.035065 0.012948 3.472228 16.555740 29.956603 8.847628 58.845147
1743736382.138665 0.011394 3.339040 20.042850 33.968715 8.630903 65.992902
1743736382.242465 0.012113 3.288451 17.619492 33.127904 8.311576 62.359536
1743736382.346065 0.011625 3.309280 16.980048 34.455311 8.353972 63.110236
1743736382.449765 0.011420 3.395371 17.234879 36.237892 8.240403 65.119965
1743736382.553565 0.011707 3.282512 17.962154 35.123961 7.694430 64.074764
1743736382.657165 0.011453 3.315455 18.274988 37.578049 7.509983 66.689928
1743736382.761065 0.011590 3.268732 18.261960 35.886944 7.424680 64.853906
1743736382.864865 0.011551 3.409321 19.208358 37.893593 8.645472 69.168295
1743736382.968565 0.009719 3.296012 18.649191 38.387642 6.889876 67.232440
1743736383.072465 0.010011 3.353609 19.246408 36.929694 7.581387 67.121109
1743736383.176165 0.011164 3.410512 19.012477 38.985846 8.759119 70.179118
1743736383.280065 0.009259 3.345171 19.204783 39.636318 6.940367 69.135898
1743736383.383965 0.012219 3.341965 20.487712 40.863720 8.063124 72.768740
1743736383.487765 0.009885 3.361999 19.634733 41.736083 7.006371 71.749071
1743736383.591665 0.011901 3.397267 19.745834 41.144434 7.832800 72.132236
1743736383.695665 0.008845 3.389291 20.415273 41.174543 6.841427 71.829379
1743736383.799665 0.010229 3.409390 20.175468 42.196085 7.418845 73.210017
1743736383.903765 0.008471 3.431951 19.885789 43.805076 6.657834 73.789121
1743736384.007765 0.008686 3.373473 19.991439 41.275775 6.830547 71.479920
1743736384.111965 0.015804 3.371760 20.293740 46.765222 7.273819 77.720345
1743736384.215965 0.007043 3.389908 20.184812 43.351793 6.148346 73.081902
1743736384.320065 0.011231 3.406212 21.235908 43.222919 7.798427 75.674697
1743736384.424165 0.008434 3.364118 20.313405 42.531161 6.269974 72.487092
1743736384.528365 0.010148 3.374690 20.259394 41.996807 7.600241 73.241280
1743736384.632465 0.008866 3.313676 21.045740 45.013838 6.664610 76.046730
1743736384.736565 0.009745 3.311716 20.231041 42.487005 6.780185 72.819692
1743736384.840765 0.011567 3.315152 20.456023 43.999718 7.701826 75.484286
1743736384.944965 0.008986 3.337486 21.545404 41.803771 6.432245 73.127892
1743736385.049065 0.009654 3.294691 20.761111 46.879584 7.198946 78.143986
1743736385.153165 0.007887 3.309159 20.873499 43.829470 5.957618 73.977633
1743736385.257265 0.010863 3.328140 22.560680 43.755170 7.487317 77.142170
1743736385.361565 0.008006 3.289986 21.065418 43.924709 6.195493 74.483612
1743736385.465565 0.009558 3.343221 21.193529 44.388910 6.755302 75.690520
1743736385.569765 0.008161 3.377302 22.137482 44.564961 5.784752 75.872658
1743736385.673865 0.007615 3.478739 23.172058 50.098108 6.269374 83.025894
1743736385.777765 0.006727 3.437977 21.849942 45.688822 5.852536 76.836004
1743736385.881965 0.009784 3.384258 23.802504 47.913921 6.941363 82.051830
1743736385.985965 0.007282 3.423796 22.097120 48.530859 5.876281 79.935338
1743736386.089965 0.007433 3.390764 22.058451 46.211771 5.994740 77.663159
1743736386.193965 0.008856 3.990248 23.086121 48.657629 6.766801 82.509655
1743736386.297965 0.007447 3.446189 22.282712 50.235373 5.869507 81.841228
1743736386.401965 0.007112 3.436119 21.785477 49.012702 5.926862 80.168272
1743736386.505765 0.007679 3.418894 22.863361 47.893068 6.148278 80.331280
1743736386.609865 0.007648 3.422346 21.623067 46.415298 6.076780 77.545139
1743736386.713665 0.008191 3.480296 22.047350 49.608678 6.486275 81.630790
1743736386.817565 0.007005 3.481457 22.067232 47.392223 5.952738 78.900655
1743736386.921465 0.008425 3.410093 21.669159 47.584176 6.391791 79.063644
1743736387.025265 0.007696 3.430210 21.859103 50.697068 6.001667 81.995744
1743736387.129065 0.006248 3.610237 22.270077 47.590372 5.909581 79.386515
1743736387.232865 0.008365 3.329920 19.518629 43.759885 6.244028 72.860827
1743736387.336665 0.011025 3.280608 18.650400 41.706871 7.096921 70.745825
1743736387.440465 0.010509 3.271820 17.646536 39.813644 7.265019 68.007528
1743736387.544165 0.011009 3.171491 16.194849 35.228617 7.528220 62.134186
1743736387.647965 0.011580 3.172422 15.724542 34.235972 7.668153 60.812669
1743736387.751665 0.012419 3.305688 16.129096 33.099030 8.595546 61.141779
1743736387.855465 0.011059 3.223248 15.536102 34.632198 8.227692 61.630299
1743736387.959165 0.012028 3.368943 16.509310 34.620548 8.462139 62.972968
1743736388.062965 0.012078 3.239237 16.802616 34.309174 8.396677 62.759782
1743736388.166665 0.011611 3.181764 16.490588 38.421079 8.224324 66.329366
1743736388.270465 0.012178 3.105864 15.638692 34.111045 7.807682 60.675461
1743736388.374165 0.012133 3.200580 15.599089 35.114781 8.254283 62.180866
1743736388.478065 0.011949 3.065826 15.272541 31.506163 7.949281 57.805760
1743736388.581865 0.012403 3.330715 14.976498 31.602069 8.672306 58.593991
1743736388.685565 0.010804 3.787492 14.161908 27.368987 8.869507 54.198698
1743736388.789365 0.010589 4.306120 13.620403 27.301811 9.914709 55.153632
1743736388.893165 0.011667 3.480777 14.324684 29.528842 8.993698 56.339668
1743736388.996965 0.012046 3.367539 14.482456 28.174624 8.564721 54.601386
1743736389.100665 0.011985 3.211334 14.351224 27.607086 8.399721 53.581350
1743736389.204465 0.013019 3.763292 14.375342 30.213481 9.006609 57.371743
1743736389.308265 0.012605 3.437732 15.146834 29.060504 8.649049 56.306724
1743736389.412065 0.012353 3.565582 14.863230 30.120081 8.719064 57.280310
1743736389.515965 0.018179 3.415565 15.223135 31.118814 8.835428 58.611121
1743736389.619965 0.012854 3.474169 16.018106 32.090743 8.882565 60.478437
1743736389.723965 0.011685 3.360276 17.058397 32.320797 8.719120 61.470275
1743736389.827965 0.012991 3.343586 16.587855 31.341386 8.895211 60.181029
1743736389.932065 0.011630 3.329668 16.596057 32.567281 8.534524 61.039160
1743736390.036165 0.011892 3.272308 17.889149 32.802100 8.309999 62.285448
1743736390.140465 0.006950 3.236928 18.043187 33.421624 5.722348 60.431037
1743736390.244665 0.009587 6.214822 18.683501 35.341826 9.295093 69.544829
1743736390.349065 0.008155 3.468145 19.231403 36.854945 6.576638 66.139286
1743736390.453365 0.012257 3.289636 18.028076 38.658274 8.474681 68.462924
1743736390.557665 0.010071 3.311463 18.153151 36.736729 6.849140 65.060554
1743736390.661965 0.011734 3.371858 17.923464 37.734042 8.634796 67.675894
1743736390.766165 0.010804 3.272813 18.768490 38.051438 7.784060 67.887605
1743736390.870565 0.012017 3.293373 18.753015 40.795530 7.543062 70.396997
1743736390.974865 0.009763 3.310400 18.495640 38.825470 7.245600 67.886873
1743736391.079065 0.014444 3.368249 19.233814 39.195079 7.702893 69.514479
1743736391.183465 0.007277 3.586804 20.044303 39.684748 6.431475 69.754607
1743736391.287665 0.011284 3.354479 19.518118 39.919446 8.775120 71.578447
1743736391.391865 0.008361 3.316693 19.305196 39.013291 6.449806 68.093347
1743736391.495965 0.010725 3.488958 19.670480 41.643271 8.573414 73.386848
1743736391.600165 0.008293 3.330080 18.899488 40.318413 6.335110 68.891384
1743736391.704365 0.011489 3.307408 19.223940 38.256470 8.017688 68.816995
1743736391.808465 0.010866 3.325298 19.638514 38.884066 7.382180 69.240924
1743736391.912465 0.010467 3.313518 17.792434 42.362496 7.677165 71.156080
1743736392.016565 0.010829 3.287596 19.192356 40.790579 7.522859 70.804219
1743736392.120565 0.009857 3.260257 18.214627 38.346718 7.181970 67.013429
1743736392.224665 0.009681 3.348028 19.227182 39.021670 7.416922 69.023483
1743736392.328665 0.009781 3.254802 17.932477 36.486657 6.728605 64.412322
1743736392.432665 0.011768 3.284822 17.730790 39.413768 8.631993 69.073141
1743736392.536665 0.010561 3.247905 17.398513 38.221280 7.220798 66.099057
1743736392.640565 0.011019 3.238257 17.954675 38.065794 7.384242 66.653987
1743736392.744365 0.011657 3.262904 18.065847 37.796265 7.674987 66.811660
1743736392.848065 0.011347 3.240914 17.621189 36.371240 8.155789 65.400479
1743736392.951865 0.011998 3.242402 17.424558 37.648471 8.325363 66.652792
1743736393.055665 0.011951 3.279829 17.552439 38.078110 8.430605 67.352934
1743736393.159065 0.010753 3.156055 17.160337 36.620456 7.437020 64.384621
1743736393.262865 0.011563 3.156479 16.792084 37.025297 7.561317 64.546740
1743736393.366465 0.011850 3.181770 17.248506 37.639057 7.992186 66.073369
1743736393.470165 0.011450 3.179798 17.170654 36.657715 7.873866 64.893483
1743736393.573865 0.012693 3.172645 17.856740 37.217420 8.251036 66.510534
1743736393.677565 0.011778 3.123765 17.024424 36.637004 7.652041 64.449012
1743736393.781365 0.011709 3.146908 18.022691 36.659100 7.726884 65.567292
1743736393.885065 0.011155 3.308473 18.042653 35.816948 8.664291 65.843520
1743736393.988965 0.010975 3.128522 17.693175 37.480242 7.141175 65.454089
1743736394.092965 0.010794 3.184662 17.904325 36.171988 8.269413 65.541182
1743736394.196665 0.006544 3.181792 18.365536 38.129409 5.589090 65.272371
1743736394.300565 0.012096 3.193042 17.188355 35.248017 8.713041 64.354551
1743736394.404565 0.010733 3.135844 17.196738 36.300198 8.247160 64.890673
1743736394.508465 0.011165 3.162176 18.072480 35.939330 8.174987 65.360138
1743736394.612465 0.011909 3.134993 17.027734 34.467697 8.142885 62.785218
1743736394.716465 0.012318 3.214749 17.792600 36.986268 8.456836 66.462771
1743736394.820365 0.011260 3.022891 17.151925 35.941799 7.635582 63.763457
1743736394.924465 0.011873 3.142871 17.448144 38.495462 7.597458 66.695808
1743736395.028465 0.011594 3.582928 19.894904 38.409372 6.171813 68.070611
1743736395.132465 0.009050 3.184574 19.287736 39.410268 6.585111 68.476739
1743736395.236465 0.008268 3.025238 17.320256 36.223488 6.201640 62.778890
1743736395.340565 0.011982 3.394072 18.250003 36.875273 8.966726 67.498056
1743736395.444565 0.012413 3.091529 18.650567 36.097927 7.816281 65.668717
1743736395.548565 0.011746 3.035653 17.376356 38.007064 7.875080 66.305899
1743736395.652665 0.011443 3.048698 17.136123 37.809495 7.734761 65.740520
1743736395.756665 0.011453 3.141657 17.915642 35.007150 7.896866 63.972768
1743736395.860765 0.011065 3.174905 17.367408 35.740587 8.151529 64.445494
1743736395.964765 0.016653 3.193052 17.667161 33.248891 8.316987 62.442744
1743736396.068665 0.012335 3.190019 18.994676 35.448667 8.387949 66.033646
1743736396.172565 0.011243 3.075705 17.674271 36.542350 7.039831 64.343400
1743736396.276565 0.007591 3.240024 19.047314 38.512973 6.019536 66.827438
1743736396.380465 0.010789 5.914385 20.860084 38.571066 10.404826 75.761150
1743736396.484465 0.008027 3.062671 17.439007 35.459878 5.943722 61.913305
1743736396.588365 0.011209 3.440753 18.908851 36.027341 8.906779 67.294933
1743736396.692365 0.010199 3.122260 18.079522 35.880396 7.324625 64.417002
1743736396.796165 0.011486 3.105519 19.021243 35.237974 7.509852 64.886074
1743736396.900165 0.012451 3.184287 18.083111 34.536760 8.006187 63.822796
1743736397.004065 0.011137 3.752864 20.066929 38.062923 9.423417 71.317270
1743736397.107965 0.012470 4.139575 19.041620 36.191251 10.445708 69.830624
1743736397.211965 0.015157 3.227428 18.453979 36.339274 7.005427 65.041265
1743736397.315865 0.011441 3.274981 18.704692 35.041044 8.202210 65.234368
1743736397.419865 0.011599 3.249497 18.825358 36.541059 8.429715 67.057228
1743736397.523765 0.011905 3.248637 18.454930 36.642151 7.651975 66.009598
1743736397.627665 0.011316 3.281704 18.945865 37.194719 8.214750 67.648354
1743736397.731665 0.010521 3.249460 19.544551 34.701590 7.604359 65.110481
1743736397.835665 0.012352 3.302886 18.974353 35.085492 8.406931 65.782014
1743736397.939865 0.010448 6.131719 22.045149 38.870896 11.189943 78.248155
1743736398.043865 0.008289 4.316219 19.842927 35.846794 9.791618 69.805847
1743736398.147965 0.011297 3.381135 18.345523 33.224386 7.225708 62.188049
1743736398.252065 0.007434 6.525431 22.352014 38.877467 10.296959 78.059305
1743736398.356065 0.006832 3.436691 19.071564 33.529220 5.998277 62.042584
1743736398.460265 0.010290 3.415312 18.299284 33.438362 8.634370 63.797618
1743736398.564165 0.011387 3.369535 18.341994 33.887388 8.119578 63.729882
1743736398.668165 0.012213 3.384146 18.331745 32.425480 8.436012 62.589596
1743736398.772165 0.011508 3.393866 18.726197 34.948746 8.198416 65.278733
1743736398.876065 0.011933 3.387613 19.051758 32.063059 8.040226 62.554589
1743736398.980065 0.012141 3.403973 19.026868 31.101981 8.479168 62.024131
1743736399.084065 0.011376 3.401815 19.136692 31.396170 8.142277 62.088330
1743736399.187965 0.011752 3.452899 18.828842 31.687060 8.385939 62.366492
1743736399.291865 0.010873 6.515375 20.306948 35.061135 10.273689 72.168020
1743736399.395865 0.010699 3.747644 19.299549 33.449807 8.196232 64.703931
1743736399.499765 0.012351 3.378419 18.359805 32.614824 8.591308 62.956707
1743736399.603765 0.011513 3.404132 17.708955 29.626317 8.560510 59.311427
1743736399.707665 0.010404 3.531312 18.885372 29.301055 8.405459 60.133602
1743736399.811665 0.011543 3.348528 18.178469 28.067805 8.644542 58.250887
1743736399.915665 0.011381 3.379898 17.964352 26.232741 8.986169 56.574541
1743736400.019665 0.011040 3.376998 17.995153 25.864305 8.670738 55.918234
1743736400.123665 0.010700 3.456231 18.644306 30.289488 9.102253 61.502978
1743736400.227665 0.011503 3.393732 19.004918 29.796976 8.793930 61.001059
1743736400.331865 0.010987 5.365851 19.804844 31.135885 10.540538 66.858105
1743736400.435965 0.009421 3.300658 21.480072 33.463929 6.743297 64.997377
1743736400.540165 0.011641 3.337473 21.966110 31.700588 8.022831 65.038643
1743736400.644365 0.011155 3.410939 24.364143 31.521892 7.526181 66.834310
1743736400.748465 0.011431 3.402976 24.309459 32.650137 7.684193 68.058196
1743736400.852565 0.011563 3.382807 26.028092 37.459206 7.552351 74.434019
1743736400.956665 0.008226 3.467958 23.565139 35.646314 6.320267 69.007904
1743736401.060665 0.010655 3.384163 24.819509 35.382008 7.513642 71.109977
1743736401.164565 0.009064 3.436642 24.452238 34.535930 6.672173 69.106047
1743736401.268565 0.012147 3.475918 24.348512 36.708822 7.980082 72.525481
1743736401.372565 0.009060 3.452342 24.029915 34.728266 6.428477 68.648060
1743736401.476465 0.011597 3.407938 25.368116 33.800660 8.379574 70.967885
1743736401.580365 0.009552 3.419137 24.108846 36.313903 6.952030 70.803468
1743736401.684165 0.010197 3.455212 23.305718 36.152637 7.488692 70.412456
1743736401.788065 0.011260 3.418584 24.790551 34.304633 7.480900 70.005928
1743736401.891865 0.011822 3.414046 23.220118 38.371262 7.615883 72.633131
1743736401.995565 0.009472 3.442129 22.579731 36.341739 6.882146 69.255217
1743736402.099365 0.012295 3.465196 23.728128 37.732133 7.925205 72.862957
1743736402.203065 0.008153 3.489665 22.854140 36.240540 6.402760 68.995258
1743736402.306765 0.011746 3.720751 22.549493 34.201759 8.886141 69.369890
1743736402.410465 0.010043 3.521514 22.749378 38.487211 7.330235 72.098381
1743736402.514165 0.009795 3.447781 21.554296 36.685101 7.034214 68.731187
1743736402.618065 0.011173 3.539071 22.416833 39.701281 7.921045 73.589403
1743736402.721865 0.009259 3.508061 22.547811 38.069118 6.456768 70.591017
1743736402.825565 0.011369 3.466627 21.698090 39.528145 8.239926 72.944157
1743736402.929365 0.008187 3.432150 21.061155 38.648420 6.428354 69.578266
1743736403.033065 0.011170 3.499831 21.800571 35.608731 7.638368 68.558671
1743736403.136965 0.010884 3.495905 21.030098 37.577537 7.567501 69.681925
1743736403.240665 0.010938 3.497198 20.712184 38.039402 7.620592 69.880314
1743736403.344565 0.010120 3.509044 22.072277 36.386718 7.167464 69.145623
1743736403.448365 0.011339 3.463946 20.600434 35.274727 7.694224 67.044670
1743736403.552165 0.011513 3.479450 21.112683 36.033228 7.993942 68.630816
1743736403.655965 0.010756 3.443691 21.617841 37.498900 7.442886 70.014074
1743736403.759765 0.010277 3.460091 20.487673 35.644114 7.159827 66.761982
1743736403.863565 0.012038 3.453011 20.471152 37.311820 8.344779 69.592800
1743736403.967265 0.010153 3.403160 20.834660 38.652651 6.959208 69.859832
1743736404.070965 0.010751 3.360046 19.735986 47.878672 7.417467 78.402922
1743736404.174665 0.007405 3.428283 20.356176 35.884501 5.794024 65.470389
1743736404.278465 0.012256 3.490865 19.511420 35.037104 8.842693 66.894338
1743736404.382265 0.011243 3.421731 19.608939 37.479069 7.841860 68.362842
1743736404.485965 0.010791 3.398405 19.332816 34.867310 7.126892 64.736214
1743736404.589765 0.012287 3.390859 18.444347 34.959952 7.565630 64.373075
1743736404.693765 0.011903 3.446212 19.104412 32.423288 8.127822 63.113637
1743736404.797465 0.012259 3.426606 18.580805 32.287524 8.308016 62.615210
1743736404.901365 0.011801 3.434786 18.205236 29.025138 7.824843 58.501804
1743736405.005065 0.011381 3.578028 18.573242 29.456450 8.898769 60.517870
1743736405.108965 0.011439 3.526061 18.197942 32.997424 8.518483 63.251349
1743736405.212865 0.010506 3.525777 17.660539 30.095506 8.112208 59.404536
1743736405.316765 0.010716 3.670943 18.058432 31.284128 8.849884 61.874103
1743736405.420565 0.011560 3.512594 17.745890 28.527218 8.057302 57.854564
1743736405.524565 0.011803 3.579081 17.369953 29.476065 8.879447 59.316349
1743736405.628565 0.011363 3.555553 17.125359 28.600243 8.411142 57.703660
1743736405.732565 0.011811 3.641451 17.329083 27.846739 8.761719 57.590803
1743736405.836765 0.010918 3.836526 16.882044 28.693081 9.047768 58.470337
1743736405.940565 0.011501 3.481433 16.654229 26.496484 8.247110 54.890757
1743736406.044665 0.011821 3.730550 16.337921 25.494348 9.055283 54.629923
1743736406.148565 0.012313 3.686292 16.921109 26.184381 9.169061 55.973156
1743736406.252665 0.010764 3.624648 16.722815 24.928642 8.586846 53.873715
1743736406.356765 0.010395 5.703863 16.957850 24.383783 7.929453 54.985344
1743736406.460565 0.011119 4.809652 17.117098 24.642780 10.649124 57.229773
1743736406.564565 0.010320 3.944484 17.234252 22.489569 9.151025 52.829650
1743736406.668465 0.012104 4.046180 16.562442 23.612665 9.529859 53.763250
1743736406.772365 0.011368 3.846520 16.617002 21.883443 9.431287 51.789620
1743736406.876165 0.011657 3.712758 16.320270 22.253804 8.786874 51.085363
1743736406.980065 0.012054 3.716129 16.599099 20.709527 8.792120 49.828929
1743736407.083965 0.012067 3.924863 16.936195 22.577713 9.767615 53.218453
1743736407.187865 0.012191 3.877390 20.633618 22.101044 9.236554 55.860797
1743736407.291665 0.006123 3.982451 16.791721 21.734878 6.002631 48.517804
1743736407.395765 0.018015 4.167451 16.538046 18.234800 9.753265 48.711577
1743736407.499565 0.012256 4.113924 15.976007 19.992958 9.609258 49.704403
1743736407.603565 0.011971 3.917708 16.405280 19.142045 9.395131 48.872135
1743736407.707465 0.011936 3.864762 16.113261 16.995060 9.442657 46.427676
1743736407.811465 0.011574 3.917686 16.037921 18.910845 9.522017 48.400043
1743736407.915365 0.011393 3.892038 15.964419 18.353804 9.308173 47.529827
1743736408.019365 0.011421 3.714491 15.948033 19.560258 9.236334 48.470537
1743736408.123365 0.012072 3.809355 15.645296 18.736302 9.328408 47.531433
1743736408.227165 0.011695 3.703106 15.246466 18.630767 8.913549 46.505583
1743736408.331165 0.010972 4.136186 16.655198 18.064815 9.585313 48.452484
1743736408.435165 0.011649 3.645720 14.890778 16.975816 9.304369 44.828332
1743736408.539165 0.011823 3.803332 14.458845 18.365309 9.128495 45.767804
1743736408.643165 0.010977 3.761484 14.377947 17.457591 9.302819 44.910818
1743736408.747165 0.012737 3.753431 14.332955 15.693746 9.475761 43.268630
1743736408.851165 0.010424 3.748416 14.498055 16.254490 6.915004 41.426389
1743736408.955165 0.011568 3.826589 13.953563 18.209091 9.249549 45.250360
1743736409.059165 0.011669 3.977234 13.963061 15.059010 9.295826 42.306800
1743736409.163165 0.010612 3.559511 13.568896 13.677908 8.616301 39.433228
1743736409.267165 0.009688 6.072759 16.060390 16.855248 9.827822 48.825907
1743736409.371265 0.012464 3.384998 13.436694 16.604706 7.669260 41.108122
1743736409.475165 0.012509 3.879913 13.330586 14.963166 9.445515 41.631689
1743736409.579065 0.011651 3.774848 13.221676 16.026077 9.019547 42.053799
1743736409.683065 0.017954 5.965035 13.468592 15.128172 10.183211 44.762964
1743736409.786965 0.011766 3.707538 13.894368 15.826259 9.156821 42.596752
1743736409.890865 0.011564 3.901456 13.702629 16.447699 9.331390 43.394738
1743736409.994665 0.012884 3.761732 13.517906 13.061885 9.233368 39.587775
1743736410.098565 0.010361 3.732464 13.802596 15.958529 9.121266 42.625216
1743736410.202465 0.010954 4.008554 14.040831 14.464104 9.395061 41.919504
1743736410.306465 0.009545 3.993756 13.030452 15.536649 9.270669 41.841071
1743736410.410365 0.009568 6.570068 15.406156 14.353592 9.298481 45.637865
1743736410.514265 0.010890 4.050297 13.196018 14.342776 9.719559 41.319540
1743736410.618065 0.011889 3.724889 12.499100 13.495287 8.816035 38.547200
1743736410.722065 0.011104 4.108861 12.519507 14.217546 9.279095 40.136113
1743736410.825865 0.012642 3.729060 12.387397 14.059448 9.147575 39.336122
1743736410.929865 0.010329 4.623131 12.518501 14.701967 9.273489 41.127417
1743736411.033865 0.010693 3.837552 12.100405 14.574951 8.932681 39.456282
1743736411.137865 0.010012 3.997270 11.794915 12.430018 9.077157 37.309372
1743736411.241865 0.010826 3.579093 11.570495 14.981473 8.573558 38.715445
1743736411.345865 0.011035 4.154514 11.895866 15.224654 9.044983 40.331052
1743736411.449865 0.011911 3.805129 11.521742 14.266954 8.758114 38.363850
1743736411.553865 0.010955 4.046306 11.725290 13.625057 8.939214 38.346822
1743736411.657865 0.010965 3.840990 11.408492 16.236620 8.889772 40.386839
1743736411.761865 0.010884 3.714555 11.699197 15.096532 8.798405 39.319573
1743736411.865865 0.011190 3.922965 11.713819 14.219589 9.066387 38.933950
1743736411.969665 0.011857 3.740514 11.524811 14.122721 8.778686 38.178589
1743736412.073765 0.012106 4.029328 11.757767 16.972200 9.333738 42.105139
1743736412.177565 0.010334 4.045100 12.266003 16.602442 9.023675 41.947554
1743736412.281565 0.010899 4.285045 12.185465 17.173095 9.121852 42.776356
1743736412.385565 0.011139 3.928084 13.496605 15.974826 8.784633 42.195287
1743736412.489465 0.010355 3.790201 12.259711 20.015325 8.807296 44.882888
1743736412.593465 0.011527 3.786242 12.217402 14.851635 8.939151 39.805957
1743736412.697365 0.012023 4.023313 12.179653 17.873718 9.296967 43.385674
1743736412.801165 0.010912 3.679242 12.713855 18.216010 8.796105 43.416124
1743736412.905165 0.010918 3.438954 12.215926 17.523257 8.317141 41.506196
1743736413.009065 0.012008 3.994283 12.732550 17.909891 9.045137 43.693869
1743736413.112965 0.011287 3.803858 12.605647 17.128538 9.058473 42.607803
1743736413.216865 0.011146 3.801738 12.733871 19.172030 9.128055 44.846840
1743736413.320665 0.012786 3.751572 12.734601 17.456744 9.059949 43.015652
1743736413.424565 0.011527 3.359689 12.494869 16.227877 8.609846 40.703808
1743736413.528465 0.010936 3.688465 12.513103 18.567064 9.111956 43.891524
1743736413.632365 0.011064 3.955499 12.608483 19.519603 9.333700 45.428349
1743736413.736165 0.012075 3.782897 12.330912 16.918866 9.642529 42.687279
1743736413.839965 0.011519 3.585465 12.501994 19.827454 9.284359 45.210791
1743736413.943865 0.011762 3.921534 12.726986 17.257827 9.489903 43.408012
1743736414.047665 0.010615 4.058181 14.331286 18.693604 9.552163 46.645849
1743736414.151565 0.010947 3.620054 12.306886 19.720768 9.075390 44.734045
1743736414.255465 0.011444 3.599539 12.239071 17.587533 9.001901 42.439488
1743736414.359365 0.010604 5.906139 14.694844 17.789712 9.822467 48.223766
1743736414.463365 0.009165 3.556311 12.102947 15.859379 8.733456 40.261258
1743736414.567165 0.010439 3.418878 12.726869 19.388149 8.480887 44.025222
1743736414.671065 0.011963 3.454749 12.566073 18.147547 8.584980 42.765312
1743736414.775065 0.009880 3.333197 13.043605 16.773754 8.078133 41.238569
1743736414.878965 0.011336 3.918649 13.232238 16.829238 9.435324 43.426785
1743736414.982865 0.011717 4.026830 13.657548 16.953989 9.344115 43.994199
1743736415.086865 0.012118 3.787961 13.642594 16.984886 9.044868 43.472427
1743736415.190665 0.011121 3.927372 13.723893 18.622314 9.253562 45.538262
1743736415.294565 0.011319 3.781542 13.713867 17.470107 9.173173 44.150008
1743736415.398465 0.009645 3.788414 13.864135 17.383793 8.899741 43.945728
1743736415.502365 0.010321 3.626868 13.391955 16.149275 9.543890 42.722309
1743736415.606165 0.010819 3.600428 12.969956 15.396132 9.036834 41.014169
1743736415.710065 0.010427 3.559958 12.404920 13.871111 8.959275 38.805691
1743736415.813965 0.010593 3.381547 11.859033 15.738636 8.849656 39.839465
1743736415.917765 0.011292 5.700656 12.535434 15.318811 9.772783 43.338976
1743736416.021565 0.011338 3.681123 11.612749 15.105869 9.087449 39.498528
1743736416.125465 0.010126 5.063741 11.631655 14.295214 9.457484 40.458220
1743736416.229265 0.010700 3.488375 11.035117 14.845483 9.000438 38.380113
1743736416.333065 0.011185 3.547802 11.247587 15.288118 9.448343 39.543035
1743736416.436965 0.011620 4.266588 11.049762 14.423340 6.786054 36.537364
1743736416.540865 0.010174 3.499887 11.381881 13.309160 9.165217 37.366319
1743736416.644565 0.011248 3.908618 11.301620 14.591874 9.587072 39.400432
1743736416.748465 0.010997 3.677162 11.124214 15.265174 9.264482 39.342029
1743736416.852365 0.009952 3.982476 11.962644 16.723229 9.536409 42.214710
1743736416.956165 0.011480 3.547212 11.656780 16.856109 9.044603 41.116184
1743736417.059965 0.011683 3.862855 11.473032 15.865451 9.436327 40.649348
1743736417.163865 0.011895 3.855853 11.426411 17.233140 9.197916 41.725215
1743736417.267565 0.011307 3.543273 11.792288 17.461541 9.071420 41.879829
1743736417.371465 0.012051 3.777456 11.853016 17.536136 9.587718 42.766377
1743736417.475265 0.011927 3.670487 12.002192 17.743234 9.514562 42.942402
1743736417.579065 0.011988 3.534495 12.342941 18.553976 9.342086 43.785486
1743736417.682965 0.011767 3.688509 12.080348 19.650150 9.612511 45.043285
1743736417.786865 0.011070 3.627994 12.179175 19.025306 9.174753 44.018298
1743736417.890665 0.011541 3.553186 11.481708 17.694924 9.124735 41.866094
1743736417.994565 0.012031 3.709710 12.030953 18.196685 9.616346 43.565725
1743736418.098365 0.011955 3.792636 12.389061 19.753008 9.532283 45.478943
1743736418.202165 0.011259 3.923043 13.108891 19.031476 9.279077 45.353746
1743736418.306165 0.010622 3.916498 13.496786 21.878422 9.350638 48.652966
1743736418.409965 0.010564 3.748006 13.858243 22.927646 9.160290 49.704749
1743736418.513865 0.006227 4.969891 13.765520 21.433666 6.189357 46.364661
1743736418.617665 0.010108 6.219794 15.054776 22.528183 10.244303 54.057164
1743736418.721465 0.011305 3.519635 14.333773 22.353127 7.786241 48.004081
1743736418.825365 0.011281 3.563008 14.919062 22.003646 8.647903 49.144900
1743736418.929065 0.011905 3.625724 14.497345 24.187321 8.625369 50.947664
1743736419.032965 0.012727 3.662573 15.006541 24.044122 9.019051 51.745014
1743736419.136665 0.012743 3.641634 15.121187 22.841112 8.871615 50.488291
1743736419.240665 0.016592 3.668692 15.244968 22.530342 8.870086 50.330680
1743736419.344465 0.012251 3.824948 15.345134 21.803167 9.152390 50.137890
1743736419.448365 0.011917 3.728735 14.908104 23.423539 8.953590 51.025885
1743736419.552365 0.012488 3.592619 15.141059 25.455879 8.902505 53.104550
1743736419.656165 0.011595 3.693246 14.795612 22.599983 8.998921 50.099357
1743736419.760065 0.010170 3.996035 15.483387 24.201826 9.129623 52.821041
1743736419.863965 0.011240 3.530167 14.904351 22.185788 8.441192 49.072738
1743736419.967665 0.012679 3.842486 15.071040 22.695223 9.409414 51.030842
1743736420.071465 0.011780 3.711802 14.983281 22.565092 9.039587 50.311542
1743736420.175165 0.011712 3.621638 14.797169 24.978411 8.801423 52.210353
1743736420.278965 0.010833 3.741111 14.444516 22.375600 8.942666 49.514726
1743736420.382865 0.010807 3.886597 14.261311 21.877834 9.066065 49.102614
1743736420.486565 0.010585 4.173312 14.590343 22.372766 9.832203 50.979209
1743736420.590365 0.010655 3.408432 15.630851 20.502341 6.948744 46.501023
1743736420.694165 0.011238 3.774669 14.029689 19.424912 9.259452 46.499960
1743736420.797965 0.010733 3.764987 14.418624 19.236004 8.780040 46.210388
1743736420.901865 0.011911 3.858906 13.379783 19.036094 9.521863 45.808557
1743736421.005565 0.010936 3.767723 14.032696 22.886791 8.986860 49.685006
1743736421.109465 0.011509 3.498137 13.809655 18.569045 8.805187 44.693533
1743736421.213365 0.011726 3.768276 13.548137 18.364829 9.245597 44.938565
1743736421.317365 0.011953 3.739184 13.169299 18.651403 8.870575 44.442414
1743736421.421265 0.012268 3.890422 13.061342 18.888326 9.122794 44.975152
1743736421.525165 0.010415 3.750260 12.910603 15.922726 8.804805 41.398809
1743736421.629065 0.010262 4.198550 12.738150 16.004803 9.241764 42.193529
1743736421.732965 0.010639 3.486200 12.248578 15.341957 8.698936 39.786310
1743736421.836865 0.011094 5.490701 15.529419 16.591627 9.362370 46.985211
1743736421.940565 0.010422 3.691314 11.889764 14.923845 8.619156 39.134501
1743736422.044365 0.009936 3.816385 11.869656 18.482696 8.662871 42.841544
1743736422.148265 0.009904 3.543491 12.449824 15.297732 8.349494 39.650445
1743736422.251965 0.011415 3.655310 11.790942 15.400232 8.999872 39.857771
1743736422.355865 0.011236 3.809414 11.673302 14.781808 8.715157 38.990917
1743736422.459665 0.011027 3.811396 12.814283 15.455641 8.661019 40.753366
1743736422.563665 0.012391 3.619958 11.156658 16.096813 8.737766 39.623586
1743736422.667465 0.010688 4.161030 10.927748 14.271847 9.450295 38.821608
1743736422.771365 0.011176 3.552045 11.149775 15.621170 8.696629 39.030795
1743736422.875165 0.011053 3.791666 11.061416 13.691913 9.027212 37.583260
1743736422.979265 0.009998 3.721516 11.896229 14.607929 8.721946 38.957618
1743736423.083065 0.010899 3.930520 11.332347 14.625593 8.964702 38.864061
1743736423.186965 0.009642 5.145361 11.932635 16.224183 9.043638 42.355459
1743736423.290865 0.010553 3.869936 11.379494 14.669971 9.004393 38.934347
1743736423.394665 0.010971 3.896955 11.129712 15.616433 8.798935 39.453006
1743736423.498565 0.011085 3.989985 12.858094 15.671919 8.780957 41.312040
1743736423.602465 0.010969 3.799745 11.400007 17.008047 8.959590 41.178358
1743736423.706365 0.010904 3.924958 11.882443 15.953402 8.765364 40.537071
1743736423.810065 0.009924 4.042276 12.899707 16.712196 8.768021 42.432124
1743736423.913965 0.012114 4.106736 13.230590 23.035635 9.152480 49.537555
1743736424.017865 0.010530 4.099324 14.383490 21.719466 9.000900 49.213710
1743736424.121665 0.010973 4.082916 14.390576 18.955931 9.331150 46.771546
1743736424.225765 0.011118 4.023075 14.161832 20.566882 9.080970 47.843877
1743736424.329565 0.010672 4.522002 14.332733 16.770295 9.103707 44.739409
1743736424.433465 0.011232 3.817836 13.841732 18.606182 9.030171 45.307153
1743736424.537465 0.012039 3.720242 13.476128 16.977889 8.893894 43.080192
1743736424.641465 0.010724 3.569581 13.020699 16.759140 8.345972 41.706116
1743736424.745365 0.011976 4.004192 13.144718 16.858120 8.783255 42.802261
1743736424.849365 0.011773 3.757498 13.134178 18.146086 8.789516 43.839051
1743736424.953265 0.012239 3.842435 12.795875 16.895896 8.703193 42.249638
1743736425.057165 0.011542 3.963026 12.740077 14.742522 8.532055 39.989222
1743736425.161065 0.006070 3.725843 12.229794 15.543687 8.151708 39.657102
1743736425.264965 0.012590 3.890530 12.005590 18.453631 8.559356 42.921697
1743736425.368965 0.012100 3.523121 12.053338 14.255887 8.681278 38.525724
1743736425.472965 0.011657 3.764956 11.675296 16.842030 8.810913 41.104852
1743736425.576865 0.010246 3.993842 11.529123 13.714853 8.792785 38.040849
1743736425.680965 0.010364 3.570921 10.822677 15.105771 9.029291 38.539024
1743736425.784865 0.009690 5.111570 11.306632 14.583623 9.224176 40.235691
1743736425.888865 0.010516 3.833314 10.615955 16.369912 8.967850 39.797547
1743736425.992865 0.009626 3.378905 10.326730 15.640365 8.542202 37.897828
1743736426.096865 0.010226 3.835865 10.687339 14.882430 8.926996 38.342856
1743736426.200965 0.009963 3.514833 10.499776 17.059921 8.938027 40.022520
1743736426.304965 0.011177 3.769988 10.381174 15.807533 9.051982 39.021854
1743736426.408965 0.012117 3.458325 10.365583 15.389404 9.113622 38.339051
1743736426.512965 0.007430 3.872759 10.698888 18.138871 8.157598 40.875546
1743736426.616865 0.007388 3.295022 10.177886 17.315342 5.363266 36.158904
1743736426.720865 0.011691 3.830100 10.256930 18.755595 9.411342 42.265658
1743736426.824865 0.011643 3.648262 11.205255 18.551608 8.878794 42.295562
1743736426.928865 0.011805 3.654517 11.310070 18.234625 9.555420 42.766437
1743736427.032865 0.010881 3.528467 11.026444 19.145285 8.889308 42.600385
1743736427.136765 0.011118 3.860332 11.821322 20.692273 9.327607 45.712652
1743736427.240565 0.011374 3.735431 12.140230 18.874155 9.176613 43.937803
1743736427.344365 0.011571 3.552930 11.799563 19.637493 8.999681 44.001238
1743736427.448265 0.011915 3.854492 12.149690 21.141622 9.301404 46.459123
1743736427.552065 0.011090 3.605570 12.163644 19.343390 8.786133 43.909827
1743736427.655965 0.012187 3.782305 12.388626 21.008784 9.344465 46.536367
1743736427.759665 0.011602 3.688713 12.417241 19.672913 9.158655 44.949124
1743736427.863565 0.011274 4.538696 12.848017 21.489556 10.160383 49.047926
1743736427.967365 0.010722 4.226960 13.483807 24.145117 9.755871 51.622477
1743736428.071065 0.010134 3.969888 13.910046 23.855036 9.311381 51.056485
1743736428.174965 0.009780 4.027125 14.451417 24.994212 9.418377 52.900911
1743736428.278765 0.010228 3.971383 13.675137 23.321600 9.613601 50.591949
1743736428.382565 0.011834 3.822425 14.362098 21.713813 9.406392 49.316562
1743736428.486365 0.011157 3.659776 14.907719 24.488051 9.194420 52.261123
1743736428.590265 0.010047 3.754281 15.538232 20.259464 8.931418 48.493442
1743736428.693965 0.010968 3.692634 14.678593 23.376430 9.108800 50.867425
1743736428.797765 0.011348 3.659662 15.255421 20.481974 8.986245 48.394650
1743736428.901465 0.011068 3.902055 15.305578 21.958445 9.247694 50.424840
1743736429.005365 0.016209 3.759397 15.370753 21.409367 9.182545 49.738271
1743736429.109065 0.011768 3.587805 15.107710 20.629117 8.855827 48.192227
1743736429.212765 0.011640 3.797297 14.815592 21.469349 9.485221 49.579099
1743736429.316565 0.011831 3.795599 14.721863 22.270999 9.200875 50.001167
1743736429.420365 0.010342 3.643730 14.927257 22.987903 8.798135 50.367367
1743736429.524065 0.011617 3.720272 14.674108 21.478193 9.284457 49.168647
1743736429.627865 0.010843 3.697783 15.650026 20.078561 9.192169 48.629382
1743736429.731565 0.011767 3.595339 14.556067 19.842807 9.048753 47.054733
1743736429.835265 0.011670 3.879073 14.301431 18.678238 9.228725 46.099137
1743736429.938965 0.009801 4.132473 14.378650 17.934631 9.309645 45.765200
1743736430.042765 0.011505 3.663529 14.749174 18.278927 8.821231 45.524366
1743736430.146465 0.011323 3.552012 14.485269 19.707613 8.770283 46.526500
1743736430.250265 0.011542 3.792989 14.619538 19.726555 9.164873 47.315497
1743736430.353965 0.010528 3.720671 13.219191 20.803882 9.047963 46.802235
1743736430.457765 0.011340 3.994806 13.597141 18.543566 8.986952 45.133805
1743736430.561465 0.012747 3.299153 13.544467 22.596970 8.355846 47.809183
1743736430.665365 0.011094 3.199148 13.223803 16.158802 5.825601 38.418448
1743736430.769065 0.010643 4.020175 13.287312 20.376861 9.275845 46.970836
1743736430.872865 0.009610 5.344167 15.563553 17.851422 7.829888 46.598640
1743736430.976765 0.016860 3.720904 13.057600 19.913346 8.970443 45.679153
1743736431.080565 0.012100 3.757181 13.016482 18.839061 8.705183 44.330007
1743736431.184365 0.010090 3.730858 13.146899 17.219620 8.757300 42.864767
1743736431.288065 0.011068 3.812925 12.827432 15.813639 8.906323 41.371387
1743736431.391965 0.012145 3.590640 12.361396 18.828884 8.798439 43.591504
1743736431.495765 0.012034 3.808597 12.441470 17.256373 8.875853 42.394327
1743736431.599465 0.010573 3.573966 12.813600 17.618671 8.755874 42.772684
1743736431.703265 0.011624 4.033757 12.544397 17.123540 9.446967 43.160285
1743736431.807065 0.012151 4.126712 12.582450 17.492652 9.207656 43.421621
1743736431.910865 0.011387 3.631127 12.588407 17.572673 8.893659 42.697253
1743736432.014565 0.011356 3.873426 12.807301 17.250811 8.932991 42.875885
1743736432.118465 0.009930 4.537524 13.807194 18.920644 9.727978 47.003270
1743736432.222265 0.011054 3.531080 12.539893 16.396858 8.738267 41.217152
1743736432.325965 0.011536 3.761691 12.154766 18.685993 8.965832 43.579818
1743736432.429865 0.011261 3.516833 11.881727 16.567688 8.654220 40.631729
1743736432.533765 0.006105 3.614249 11.972826 16.843000 5.531332 37.967512
1743736432.637465 0.011333 3.637542 11.923097 16.394655 8.996163 40.962790
1743736432.741365 0.012329 3.831902 11.472152 16.387986 9.105160 40.809529
1743736432.845265 0.011989 3.654591 11.139037 15.946506 8.819888 39.572011
1743736432.949065 0.012556 3.915605 11.558838 16.040673 9.184179 40.711851
1743736433.052965 0.010430 3.562363 11.346307 16.994996 8.855808 40.769904
1743736433.156965 0.011899 3.754095 11.245944 15.682080 9.050912 39.744930
1743736433.260965 0.011612 3.852958 11.082608 18.466607 9.470387 42.884172
1743736433.364865 0.011043 3.580111 11.254495 16.623777 8.726075 40.195501
1743736433.468865 0.009984 5.981876 12.566882 19.161399 9.895831 47.615972
1743736433.572865 0.010678 3.968598 12.133811 16.174318 9.384931 41.672336
1743736433.676765 0.011370 3.631556 12.107101 18.307858 9.020095 43.077980
1743736433.780665 0.010935 3.889689 11.840904 20.388487 9.590447 45.720462
1743736433.884565 0.010643 6.203174 13.397625 20.715768 10.332211 50.659421
1743736433.988265 0.011778 3.490468 12.640184 18.243969 9.001928 43.388327
1743736434.091965 0.011740 3.775232 12.973159 19.649612 9.239144 45.648887
1743736434.195765 0.012186 3.771309 13.868785 22.800354 9.206611 49.659245
1743736434.299365 0.010916 3.558907 14.651189 21.662311 8.805390 48.688713
1743736434.402965 0.009955 4.081496 15.797862 25.077552 9.525032 54.491897
1743736434.506565 0.010649 3.627707 15.949216 20.961345 9.199736 49.748653
1743736434.610265 0.012147 3.602459 16.005472 23.727402 9.483077 52.830557
1743736434.713865 0.011918 3.510499 15.935061 20.058545 9.303144 48.819167
1743736434.817565 0.012168 3.687058 16.216050 23.007959 9.424758 52.347993
1743736434.921265 0.010405 5.338309 19.594676 26.438502 10.256629 61.638521
1743736435.024965 0.011691 3.495629 16.089054 22.598638 8.406395 50.601407
1743736435.128765 0.010047 4.123946 17.163385 24.659007 9.908305 55.864690
1743736435.232465 0.009974 3.680310 17.858932 24.785624 8.712352 55.047192
1743736435.336265 0.010359 3.583875 16.818278 23.114391 9.160190 52.687093
1743736435.440065 0.011634 4.189464 17.722465 23.456556 9.912721 55.292840
1743736435.543965 0.009884 3.877806 17.376269 23.937626 9.415827 54.617412
1743736435.647865 0.010490 4.149255 16.668120 21.458556 9.870130 52.156551
1743736435.751765 0.009149 4.066669 16.914035 27.522771 9.284062 57.796686
1743736435.855765 0.011395 3.569880 16.656781 23.773667 8.634538 52.646261
1743736435.959865 0.012610 3.641355 16.644883 21.892867 9.275023 51.466738
1743736436.063965 0.011608 3.707706 17.015700 22.443680 9.418974 52.597668
1743736436.167965 0.010815 3.537643 16.499719 22.324684 8.797507 51.170368
1743736436.272065 0.011382 3.646249 16.810840 25.291148 6.505456 52.265075
1743736436.376065 0.011491 4.058045 16.431345 24.449035 8.989919 53.939835
1743736436.480365 0.012145 3.569866 16.916255 21.748043 8.840542 51.086851
1743736436.584465 0.011771 3.867318 17.164663 23.668901 9.565520 54.278173
1743736436.688565 0.011334 3.652351 17.064704 24.172009 9.429768 54.330166
1743736436.792865 0.006523 3.540105 17.399654 22.837432 5.852931 49.636645
1743736436.897065 0.009482 3.771585 19.239939 23.757169 6.540739 53.318914
1743736437.001465 0.007164 3.519087 18.103249 20.952769 5.842610 48.424879
1743736437.105865 0.009288 4.790064 19.544003 25.010600 10.220658 59.574613
1743736437.210265 0.007028 4.949961 19.914651 24.806714 6.140423 55.818777
1743736437.314765 0.006257 3.835822 19.751369 25.848152 5.983282 55.424882
1743736437.419065 0.009720 3.765873 19.765148 25.127203 10.213386 58.881330
1743736437.523465 0.006419 3.573969 19.577919 24.766539 5.940224 53.865070
1743736437.627765 0.012390 4.554931 21.261822 23.112518 7.061143 56.002804
1743736437.732065 0.009523 3.702510 20.469571 28.540256 8.279341 61.001201
1743736437.836465 0.007360 3.532450 19.553846 24.271714 5.922840 53.288210
1743736437.940865 0.007707 3.537829 19.316330 30.325524 5.877444 59.064834
1743736438.045065 0.006739 3.751399 20.387386 21.841249 6.031173 52.017946
1743736438.149365 0.011544 3.854685 19.419149 24.076020 9.677573 57.038971
1743736438.253765 0.012250 3.677074 19.827179 22.874635 9.195491 55.586629
1743736438.357965 0.010703 3.693012 19.852561 22.806234 9.323370 55.685880
1743736438.462065 0.010383 4.052399 19.197247 23.054496 9.806375 56.120900
1743736438.566365 0.011954 3.618123 19.344498 23.057140 8.915075 54.946790
1743736438.670465 0.012128 3.761900 19.661340 21.425087 9.626358 54.486813
1743736438.774565 0.006828 3.544108 19.261877 20.590375 5.875294 49.278482
1743736438.878565 0.011620 3.746575 19.777932 20.550230 9.488770 53.575127
1743736438.982765 0.011637 3.740053 19.510149 22.613581 9.286350 55.161770
1743736439.086765 0.009496 4.958044 19.832939 23.039625 10.230735 58.070839
1743736439.190765 0.006810 3.749487 24.604744 25.464753 5.953805 59.779599
1743736439.294765 0.006344 3.554346 20.609192 20.889549 6.044853 51.104284
1743736439.398865 0.006050 3.767851 21.145599 22.738868 5.896141 53.554509
1743736439.502565 0.007569 3.593142 19.917721 21.448519 5.847560 50.814511
1743736439.606665 0.006890 4.002374 20.975587 23.123221 6.309028 54.417100
1743736439.710465 0.012096 3.875608 20.436361 22.200010 9.957780 56.481855
1743736439.814365 0.009642 3.529068 20.077077 20.766352 5.953130 50.335269
1743736439.918065 0.012562 3.928736 20.187244 24.302190 9.916056 58.346788
1743736440.021965 0.012675 3.635798 20.430753 21.471816 9.114395 54.665437
1743736440.125765 0.010423 3.763036 19.975586 20.578125 9.224609 53.551779
1743736440.229565 0.010754 3.837886 20.245571 22.810478 9.438933 56.343622
1743736440.333465 0.012784 3.694833 19.876705 22.673165 9.339136 55.596623
1743736440.437265 0.010914 3.592090 20.980505 21.200758 8.537570 54.321837
1743736440.541065 0.011689 3.783139 20.351624 21.561986 9.492508 55.200946
1743736440.644965 0.010909 3.555830 21.530749 24.141913 7.877687 57.117088
1743736440.748865 0.011406 3.640814 20.942788 24.614258 9.235204 58.444470
1743736440.852765 0.011917 3.676067 21.282112 25.636343 8.945530 59.551969
1743736440.956765 0.009739 4.087682 26.047746 24.601272 7.151366 61.897805
1743736441.060865 0.011605 3.611752 21.387706 22.039784 8.940118 55.990965
1743736441.164865 0.011214 3.606469 20.734346 22.534956 8.774540 55.661525
1743736441.268865 0.011745 3.680010 21.262181 23.057505 9.567927 57.579368
1743736441.373165 0.012157 3.626699 22.300259 24.636809 9.179852 59.755776
1743736441.477165 0.011650 3.646665 21.930712 25.588609 9.324406 60.502042
1743736441.581265 0.012181 3.518940 21.677855 25.664313 8.845434 59.718723
1743736441.685365 0.012037 3.575767 21.528249 24.055811 8.851472 58.023336
1743736441.789365 0.011960 3.588633 21.858881 27.419020 8.587755 61.466249
1743736441.893365 0.012561 3.649148 21.597306 22.338501 8.947255 56.544771
1743736441.997465 0.011349 3.565758 22.116813 26.606782 8.828712 61.129414
1743736442.101465 0.011543 3.578887 22.556075 24.960963 8.782845 59.890313
1743736442.205465 0.010855 3.532757 21.921090 23.048646 8.661103 57.174451
1743736442.309465 0.010924 3.675878 22.542810 23.657184 9.085442 58.972238
1743736442.413465 0.010704 3.699637 23.162123 26.169826 9.059847 62.102137
1743736442.517365 0.012578 3.566116 22.009948 25.447599 8.463254 59.499495
1743736442.621265 0.011845 3.546297 24.490309 22.675672 8.650207 59.374330
1743736442.724965 0.011762 3.626874 22.606436 21.829245 9.283516 57.357833
1743736442.828765 0.006740 3.525008 22.227971 22.923302 5.956994 54.640015
1743736442.932465 0.012207 3.910795 22.022347 24.179421 9.812118 59.936888
1743736443.036265 0.010869 3.657232 22.279966 22.828363 8.948460 57.724890
1743736443.139865 0.011963 3.613801 21.628714 22.429797 9.192031 56.876306
1743736443.243565 0.011631 3.543646 22.919827 22.762304 8.894403 58.131811
1743736443.347265 0.012136 3.571946 23.695901 19.241474 9.292534 55.813991
1743736443.450965 0.011864 3.620798 23.770026 18.945366 9.211025 55.559079
1743736443.554565 0.010908 3.769764 21.742678 20.579796 9.881502 55.984648
1743736443.658265 0.011130 3.578896 21.315829 21.175952 8.986773 55.068580
1743736443.761865 0.010783 3.997601 21.788637 22.477911 9.904642 58.179574
1743736443.865465 0.012910 3.538164 21.462544 19.071106 8.879006 52.963730
1743736443.969065 0.011745 3.827676 21.608559 20.027174 9.682369 55.157523
1743736444.072765 0.011217 3.602890 21.270824 17.794440 9.203323 51.882694
1743736444.176465 0.011966 3.686797 21.928563 19.769671 9.406520 54.803517
1743736444.280065 0.011399 3.567637 21.326082 19.965383 9.174525 54.045026
1743736444.383865 0.010847 3.642875 22.056807 16.601419 9.462132 51.774080
1743736444.487565 0.012144 3.645801 21.904246 15.931831 9.801320 51.295342
1743736444.591365 0.011808 3.474229 21.968619 17.220684 8.912193 51.587533
1743736444.695065 0.010869 4.880783 21.327104 17.309584 10.617362 54.145702
1743736444.798865 0.011319 4.013905 21.082733 17.728536 10.135317 52.971810
1743736444.902565 0.010926 3.768968 21.533161 17.637623 9.493809 52.444487
1743736445.006465 0.011252 3.647111 22.204981 15.609608 9.267925 50.740877
1743736445.110365 0.011215 3.543103 21.482670 17.662887 8.978131 51.678006
1743736445.214265 0.010235 5.846167 21.694892 14.837434 10.371839 52.760567
1743736445.318065 0.010425 3.590108 21.813424 17.396495 9.393246 52.203698
1743736445.421965 0.011997 6.505158 23.099177 16.171921 10.126994 55.915247
1743736445.525865 0.011376 3.860112 22.227259 17.164495 9.281091 52.544333
1743736445.629765 0.010305 4.528420 21.752033 16.490164 9.988789 52.769711
1743736445.733565 0.011174 3.626545 20.766424 18.495806 9.277842 52.177791
1743736445.837465 0.010700 3.735426 21.752609 17.295182 9.381003 52.174920
1743736445.941365 0.011991 3.782423 21.212997 16.388764 9.573991 50.970166
1743736446.045265 0.011264 3.785015 21.858484 17.630243 9.638223 52.923229
1743736446.149065 0.011508 3.621183 21.712234 17.006462 9.067834 51.419221
1743736446.252965 0.010311 4.041791 22.057871 18.912997 9.733436 54.756406
1743736446.356965 0.010540 4.107618 21.398059 18.732935 10.043902 54.293054
1743736446.460865 0.010769 3.781012 20.153679 16.508250 9.494111 49.947821
1743736446.564765 0.011567 3.938536 20.896713 18.226343 9.497968 52.571127
1743736446.668565 0.009929 3.881198 20.551082 18.174361 9.455983 52.072553
1743736446.772465 0.010215 3.607359 19.780139 16.152109 9.313573 48.863395
1743736446.876265 0.011174 3.250494 19.868428 16.622969 7.613104 47.366169
1743736446.980065 0.011284 3.997936 18.425593 15.210661 9.932014 47.577488
1743736447.083865 0.010064 3.719829 16.963204 16.346966 9.437900 46.477963
1743736447.187765 0.011092 3.142388 15.101813 14.370082 8.285952 40.911327
1743736447.291465 0.011214 3.148910 14.023217 14.605309 8.840015 40.628665
1743736447.395365 0.011048 3.453418 12.352339 10.339992 9.318240 35.475037
1743736447.499065 0.011151 3.576369 11.323790 12.361352 8.746729 36.019391
1743736447.602965 0.009935 3.718333 10.785237 10.779518 8.877911 34.170934
1743736447.706865 0.009931 3.850044 10.593023 11.092577 8.968335 34.513910
1743736447.810565 0.011093 3.711661 10.850915 10.617400 8.716805 33.907874
1743736447.914465 0.006612 4.249983 10.925642 11.775661 8.142126 35.100024
1743736448.018465 0.009315 4.980029 11.138224 13.487810 8.802412 38.417790
1743736448.122365 0.010872 3.404339 10.569046 12.410168 8.532665 34.927090
1743736448.226265 0.011581 5.255324 11.469786 13.553163 9.087601 39.377455
1743736448.330265 0.010256 3.714621 10.905996 14.100087 8.581247 37.312207
1743736448.434065 0.012037 3.568921 10.320125 13.860085 9.089702 36.850870
1743736448.537965 0.010232 3.785421 10.114132 12.456447 8.862459 35.228691
1743736448.641865 0.010167 3.869681 9.625607 11.241650 8.832970 33.580075
1743736448.745765 0.010839 3.907468 9.237371 11.832454 9.375021 34.363153
1743736448.849665 0.010638 3.463368 8.969576 13.685587 8.656117 34.785286
1743736448.953565 0.011502 3.757519 8.804967 12.340024 9.263445 34.177457
1743736449.057565 0.010877 4.018757 11.347536 12.336796 9.008293 36.722259
1743736449.161565 0.010112 4.209434 12.848449 13.696741 6.890182 37.654918
1743736449.265665 0.011519 3.413218 9.209633 15.212537 8.870871 36.717778
1743736449.369465 0.011533 3.704952 8.946583 14.234619 9.084806 35.982493
1743736449.473465 0.010717 3.575292 9.526831 13.992946 9.418243 36.524029
1743736449.577365 0.009733 3.778042 9.828565 14.312020 9.388970 37.317330
1743736449.681365 0.012417 4.346462 11.532785 15.989426 9.617337 41.498427
1743736449.785265 0.011198 3.686373 9.702559 15.568023 9.212466 38.180619
1743736449.889165 0.010056 5.343318 10.400486 14.659011 9.545320 39.958191
1743736449.993065 0.009837 3.594733 9.996242 14.815058 8.987062 37.402932
1743736450.097165 0.011792 3.459371 10.134282 18.490525 8.924467 41.020437
1743736450.200965 0.012124 3.735360 10.421819 17.646630 9.016629 40.832562
1743736450.304865 0.010256 3.911402 10.274951 14.994879 9.153323 38.344811
1743736450.408765 0.010357 3.870325 10.489848 18.420251 9.063118 41.853899
1743736450.512665 0.010706 3.821040 11.055323 16.689040 8.997409 40.573518
1743736450.616465 0.011430 3.664747 11.042258 17.596336 8.910883 41.225654
1743736450.720365 0.011793 4.004531 10.446882 18.371136 10.507063 43.341405
1743736450.824365 0.011851 3.859568 10.479940 16.820692 9.044463 40.216514
1743736450.928265 0.011785 3.664653 10.222696 15.623177 9.015346 38.537657
1743736451.031965 0.012422 4.666873 10.049469 17.158684 9.354774 41.242222
1743736451.135865 0.010383 3.583566 10.191364 18.361839 8.871061 41.018213
1743736451.239865 0.012861 3.713613 9.772807 19.486921 9.071263 42.057465
1743736451.343765 0.010590 3.348743 9.857365 15.676473 8.252234 37.145405
1743736451.447565 0.012095 3.446551 9.606218 14.948564 8.934038 36.947466
1743736451.551665 0.011648 3.397309 9.222535 20.390019 8.639786 41.661297
1743736451.655565 0.011217 3.930145 9.418544 17.037993 9.095990 39.493889
1743736451.759665 0.011195 3.797286 9.743824 16.057429 9.303275 38.913009
1743736451.863565 0.010165 3.636887 9.576842 16.471198 9.048302 38.743394
1743736451.967465 0.006256 4.251726 9.362395 14.395308 5.628010 33.643695
1743736452.071465 0.011361 3.702551 9.060619 15.253254 8.580681 36.608466
1743736452.175365 0.012526 3.756212 8.639593 14.126734 8.924357 35.459422
1743736452.279365 0.010706 3.755366 8.150665 13.521857 8.488061 33.926655
1743736452.383265 0.010453 3.753454 7.794125 12.059011 8.675966 32.293009
1743736452.487165 0.010425 3.969230 7.990293 13.796580 9.101523 34.868051
1743736452.591065 0.010796 3.171827 7.722917 13.155776 8.335200 32.396516
1743736452.694965 0.011660 3.647102 7.768479 15.953566 8.515635 35.896442
1743736452.798965 0.011236 3.729886 7.772308 13.693529 8.979791 34.186750
1743736452.902965 0.011450 3.585512 7.623526 13.961300 8.493867 33.675655
1743736453.006865 0.009988 2.982872 8.163675 12.742797 7.365639 31.264971
1743736453.110865 0.009720 5.091338 9.866780 14.553672 8.834369 38.355879
1743736453.214765 0.011986 3.617439 7.930801 11.920783 8.849063 32.330072
1743736453.318765 0.011155 3.714211 7.849408 13.827333 8.668710 34.070817
1743736453.422765 0.007583 3.914279 7.660315 10.810459 6.844574 29.237210
1743736453.526565 0.009902 3.065253 10.183318 13.431301 7.908203 34.597977
1743736453.630565 0.010341 3.850994 7.780997 13.428863 8.652300 33.723495
1743736453.734465 0.011939 3.584791 8.174148 11.843395 8.463717 32.077990
1743736453.838465 0.012009 3.892141 8.746757 13.546073 8.263370 34.460350
1743736453.942365 0.013033 3.706778 8.556124 13.098717 8.261653 33.636305
1743736454.046265 0.012640 4.260532 8.144668 11.730377 8.677952 32.826169
1743736454.150065 0.010158 4.851377 8.267328 13.208012 8.674824 35.011699
1743736454.254065 0.010366 5.408558 8.858452 12.271310 9.259497 35.808183
1743736454.357965 0.010143 5.825937 8.948206 12.648713 9.432265 36.865264
1743736454.461965 0.010400 4.086703 8.330716 14.553313 9.038206 36.019338
1743736454.565865 0.010585 5.038017 8.433322 12.498941 9.040347 35.021212
1743736454.669865 0.015146 3.674584 7.937330 12.426299 8.574987 32.628346
1743736454.773765 0.011500 4.616576 8.688621 12.567353 9.596158 35.480208
1743736454.877565 0.008769 3.421141 11.101201 13.455542 7.864783 35.851436
1743736454.981665 0.011681 3.508056 8.642554 14.163133 8.907287 35.232711
1743736455.085465 0.010509 4.023392 8.966143 12.753884 9.016050 34.769978
1743736455.189365 0.011848 3.758758 8.761301 13.911879 9.183422 35.627208
1743736455.293265 0.010334 3.399190 8.987112 14.852903 8.518186 35.767725
1743736455.397065 0.010694 3.595363 8.467288 12.871432 8.974438 33.919215
1743736455.500965 0.011568 3.742025 8.555143 13.358554 9.009779 34.677069
1743736455.604865 0.009829 5.016804 9.957398 16.140965 9.479776 40.604772
1743736455.708765 0.010584 5.729626 11.743066 17.140424 10.271030 44.894730
1743736455.812765 0.010976 3.244123 9.419608 15.330771 8.844852 36.850330
1743736455.916565 0.011615 3.716322 9.416729 16.528033 9.394821 39.067520
1743736456.020565 0.007122 4.345376 10.130318 15.021484 6.962572 36.466872
1743736456.124465 0.010667 3.941084 10.643453 17.585853 9.500117 41.681174
1743736456.228365 0.012417 3.867585 10.900017 17.398428 9.589086 41.767533
1743736456.332265 0.010872 3.540862 10.928738 17.110703 9.025531 40.616706
1743736456.436065 0.011397 3.702864 10.946105 17.685252 9.422466 41.768084
1743736456.539965 0.010507 3.802473 10.989887 19.844862 9.226052 43.873781
1743736456.643865 0.012264 3.542704 11.318873 19.164746 8.960260 42.998847
1743736456.747865 0.010467 3.426528 14.957862 19.356375 6.725576 44.476808
1743736456.851765 0.010997 3.727421 12.964731 23.394551 9.436113 49.533813
1743736456.955765 0.012267 3.595847 12.139924 19.997094 9.368517 45.113649
1743736457.059665 0.011454 3.841236 13.011898 23.827143 9.734801 50.426532
1743736457.163465 0.011061 3.534086 12.887063 26.023727 9.141091 51.597028
1743736457.267365 0.011542 3.372553 13.759261 20.739978 8.655056 46.538390
1743736457.371365 0.012089 3.343960 14.734559 30.376932 10.295274 58.762814
1743736457.475265 0.007366 3.736696 16.151755 27.662908 6.223188 53.781913
1743736457.579165 0.010326 6.452311 16.584281 25.593186 11.097661 59.737765
1743736457.682965 0.016770 3.992655 14.681358 29.188355 10.021930 57.901068
1743736457.786865 0.010480 3.654305 14.728567 27.678163 9.550768 55.622283
1743736457.890765 0.010086 6.178718 16.318700 27.618827 10.688413 60.814744
1743736457.994565 0.011080 3.776984 15.092081 24.118822 10.076992 53.075959
1743736458.098665 0.011809 3.354478 15.018815 29.496514 8.699532 56.581148
1743736458.202465 0.010837 3.607614 14.868477 23.136427 9.224913 50.848268
1743736458.306465 0.012582 3.604137 14.327315 22.290471 9.268202 49.502707
1743736458.410365 0.011486 3.455980 14.097655 23.127972 8.794803 49.487896
1743736458.514365 0.012283 3.650832 13.946577 22.763282 9.418894 49.791868
1743736458.618265 0.007397 3.435726 13.693859 24.773415 5.512635 47.423032
1743736458.722265 0.011911 3.538025 13.442660 23.111719 9.174532 49.278847
1743736458.826165 0.010647 4.042672 14.238391 27.901527 9.631937 55.825174
1743736458.930165 0.011945 3.220946 13.189434 20.833905 8.824046 46.080276
1743736459.034165 0.011921 3.477732 12.286225 22.941463 9.439711 48.157052
1743736459.137965 0.011636 3.511622 11.595254 20.807439 9.192537 45.118488
1743736459.241965 0.009952 3.476666 10.645698 20.077334 9.053643 43.263293
1743736459.345965 0.011415 3.388326 9.965162 17.295806 8.865792 39.526501
1743736459.449865 0.011975 3.813710 10.445127 17.588960 9.399360 41.259132
1743736459.553865 0.012649 3.391558 9.341954 16.372754 9.550807 38.669722
1743736459.657765 0.010897 3.722654 8.892900 16.844060 9.189937 38.660448
1743736459.761765 0.010179 2.893255 8.907509 14.282879 5.607959 31.701781
1743736459.865665 0.010851 2.907941 8.572687 14.849002 5.442001 31.782482
1743736459.969565 0.011620 3.831702 8.606515 15.437026 9.239760 37.126623
1743736460.073465 0.006342 4.127410 8.526637 15.269954 7.199812 35.130155
1743736460.177465 0.011716 3.874922 8.655174 16.033179 9.548505 38.123496
1743736460.281365 0.010990 3.523796 8.458771 15.198463 9.010621 36.202641
1743736460.385365 0.011727 3.730309 8.622492 14.914397 9.219833 36.498758
1743736460.489365 0.010870 3.657899 8.500819 15.779249 8.935211 36.884048
1743736460.593365 0.011981 3.653595 8.385855 14.649118 9.016287 35.716836
1743736460.697265 0.011401 3.571217 8.356940 14.282340 8.934057 35.155955
1743736460.801265 0.007303 4.141124 8.228749 15.583415 7.204044 35.164635
1743736460.905265 0.010519 3.063720 8.277350 15.695940 5.893900 32.941429
1743736461.009165 0.009545 3.863228 8.420920 16.736979 9.115815 38.146487
1743736461.113165 0.010048 3.298614 8.540767 16.056555 8.421100 36.327084
1743736461.216965 0.011537 3.816266 9.437235 17.882783 9.061541 40.209362
1743736461.320965 0.011468 3.516198 9.066591 15.373234 8.710702 36.678193
1743736461.424965 0.010164 3.022889 8.704001 14.496987 6.406833 32.640874
1743736461.528965 0.011260 3.546081 8.579578 17.640491 9.179129 38.956539
1743736461.632865 0.010506 4.153455 8.707955 16.453536 9.156603 38.482055
1743736461.736865 0.010084 3.429461 7.868682 14.581740 8.597586 34.487553
1743736461.840865 0.012215 3.522891 7.640454 14.170296 8.623406 33.969262
1743736461.944865 0.010391 3.082722 7.117253 13.815178 8.524687 32.550231
1743736462.048865 0.010522 3.487494 6.445037 13.403618 8.430863 31.777534
1743736462.152765 0.010643 3.417013 7.233222 12.501668 8.612021 31.774567
1743736462.256765 0.010480 3.515830 6.588366 10.741237 8.562981 29.418894
1743736462.360765 0.010306 3.197808 6.045451 13.101513 8.568168 30.923246
1743736462.464765 0.011855 3.365226 5.929272 11.989975 8.615968 29.912296
1743736462.568765 0.012332 3.361378 6.151239 11.571094 8.819295 29.915338
1743736462.672665 0.011425 3.528746 6.618980 12.918955 8.772409 31.850515
1743736462.776665 0.011257 3.856679 6.972371 13.083227 9.538516 33.462050
1743736462.880665 0.010140 4.588893 7.434984 14.050322 9.147689 35.232028
1743736462.984465 0.009654 3.262275 7.211727 12.184840 8.566057 31.234553
1743736463.088465 0.012136 3.489354 7.226759 12.476222 8.878889 32.083360
1743736463.192465 0.011631 3.559229 7.502274 14.023666 9.042405 34.139205
1743736463.296465 0.010259 3.505707 7.351625 14.092121 8.864872 33.824584
1743736463.400365 0.010566 3.242795 7.480683 12.747717 8.877732 32.359493
1743736463.504365 0.011005 3.572311 8.164112 14.549696 8.624998 34.922122
1743736463.608365 0.010717 3.593392 8.697228 16.086962 9.069488 37.457787
1743736463.712265 0.011023 3.403003 8.603322 15.967466 9.015512 37.000326
1743736463.816265 0.011282 3.593966 8.782474 15.040794 8.984965 36.413481
1743736463.920265 0.010717 3.538413 8.806003 15.293985 8.945439 36.594557
1743736464.024265 0.011455 3.750347 8.837783 15.588373 9.251018 37.438976
1743736464.128265 0.007008 3.846831 8.904158 15.265253 5.723828 33.747078
1743736464.232265 0.011568 3.731965 9.361012 16.022853 8.756837 37.884235
1743736464.336165 0.010897 3.426839 9.792508 17.427770 8.742550 39.400564
1743736464.440165 0.009907 3.187584 10.195002 17.604289 8.197159 39.193941
1743736464.544165 0.010576 4.226626 11.302011 18.959331 9.169549 43.668093
1743736464.647965 0.010504 3.305357 10.681846 19.207782 8.494964 41.700453
1743736464.751965 0.009540 4.020695 10.807478 19.015004 9.066572 42.919289
1743736464.855965 0.011143 4.527572 11.423933 20.296630 10.239663 46.498941
1743736464.959865 0.006099 5.541963 12.396207 20.472096 8.373561 46.789926
1743736465.063865 0.010720 3.725383 11.580993 20.158407 9.799053 45.274556
1743736465.167765 0.012085 3.145170 10.777443 19.438706 8.570994 41.944398
1743736465.271765 0.011094 3.207283 11.419916 20.241131 8.580186 43.459610
1743736465.375665 0.012063 3.732750 11.171632 21.540795 9.467998 45.925238
1743736465.479465 0.010496 3.138342 14.685431 19.886526 5.592175 43.312970
1743736465.583465 0.015872 4.741031 10.913309 20.988702 10.083771 46.742685
1743736465.687365 0.011200 3.473776 9.753951 19.394998 9.409304 42.043229
1743736465.791265 0.010095 3.845755 10.034737 17.860879 9.483459 41.234925
1743736465.895165 0.010677 3.275560 9.120151 16.120556 8.883881 37.410825
1743736465.998965 0.011168 3.603605 9.137535 16.879391 9.442469 39.074168
1743736466.102865 0.016643 3.455785 9.168936 16.888142 9.120909 38.650415
1743736466.206765 0.011416 3.645878 9.000808 17.530376 9.439377 39.627855
1743736466.310465 0.010331 4.331758 9.440206 17.019920 9.444894 40.247109
1743736466.414365 0.009971 3.508912 8.616580 15.661539 9.261972 37.058974
1743736466.518365 0.011337 3.392111 9.237145 16.670820 9.032097 38.343510
1743736466.622265 0.011022 3.159112 8.745118 16.353779 8.719771 36.988802
1743736466.726165 0.009964 3.700984 9.069123 16.036280 9.262458 38.078809
1743736466.830165 0.010553 5.730609 10.450203 17.977717 10.406644 44.575726
1743736466.933965 0.009662 3.991482 9.109167 15.542734 9.521291 38.174336
1743736467.037865 0.010190 3.621868 8.222421 14.655879 9.024184 35.534542
1743736467.141765 0.011026 3.386755 8.228585 13.973547 8.835433 34.435346
1743736467.245665 0.006751 3.257136 10.521794 15.058779 5.842860 34.687320
1743736467.349465 0.007042 4.292374 8.366743 14.230986 8.481846 35.378991
1743736467.453365 0.010422 3.293533 8.037322 13.809810 8.730048 33.881135
1743736467.557265 0.007243 2.833247 7.880168 13.377214 5.348299 29.446171
1743736467.661265 0.010346 3.421641 8.079261 14.140191 9.302658 34.954097
1743736467.765165 0.010797 3.322905 7.903035 13.020526 9.338730 33.595993
1743736467.868965 0.005788 2.851931 7.828701 13.234583 5.266042 29.187045
1743736467.972865 0.011469 3.438240 7.875477 13.142487 9.041646 33.509319
1743736468.076865 0.011281 3.570810 8.408906 13.005446 9.296754 34.293197
1743736468.180765 0.007327 4.027578 8.017807 15.957204 5.680058 33.689974
1743736468.284665 0.011605 3.781956 7.900978 11.783075 9.398230 32.875844
1743736468.388665 0.011250 3.591787 7.396094 12.636386 9.414559 33.050076
1743736468.492465 0.010240 3.680876 7.305990 11.896914 9.100558 31.994578
1743736468.596365 0.011271 3.202588 6.630645 11.853642 9.049951 30.748097
1743736468.700365 0.010215 3.882707 7.085269 11.067310 8.850982 30.896483
1743736468.804265 0.010482 3.291604 7.296246 11.666021 9.093080 31.357433
1743736468.908165 0.011572 3.396249 7.182104 12.295448 9.498289 32.383662
1743736469.012165 0.010557 3.818721 8.193654 12.471767 9.486248 33.980947
1743736469.116165 0.010097 3.972676 8.409802 15.852493 9.475349 37.720417
1743736469.219965 0.010630 4.829019 8.357928 13.248643 9.922590 36.368810
1743736469.323965 0.009685 3.789849 8.221180 15.035459 9.327146 36.383319
1743736469.427965 0.010617 3.627312 8.663265 15.795700 9.576474 37.673368
1743736469.531865 0.011325 3.624581 8.772808 14.378493 9.305703 36.092910
1743736469.635865 0.009780 5.339778 9.394319 14.646218 9.625978 39.016073
1743736469.739865 0.010648 3.647874 8.929039 17.974323 9.377487 39.939371
1743736469.843765 0.010486 3.616745 9.614072 17.206715 8.878014 39.326032
1743736469.947865 0.010779 3.640044 9.310639 16.998115 9.345383 39.304960
1743736470.051765 0.011356 3.706453 9.385466 17.495212 9.123368 39.721855
1743736470.155665 0.011048 3.373513 9.349381 15.865985 8.748202 37.348129
1743736470.259665 0.010187 3.698134 9.475089 19.008329 9.161978 41.353717
1743736470.363465 0.010505 3.517664 9.417586 16.370093 8.948096 38.263944
1743736470.467465 0.011569 3.664316 9.028396 17.248086 8.779041 38.731408
1743736470.571365 0.011687 3.537333 9.383916 16.482925 9.359137 38.774998
1743736470.675365 0.010800 3.730108 9.320498 15.816853 9.022502 37.900761
1743736470.779465 0.011704 3.511423 9.428662 16.320285 9.184725 38.456799
1743736470.883465 0.012705 4.038957 9.674682 16.368463 8.761326 38.856133
1743736470.987465 0.010634 3.270251 9.332431 16.003630 8.999012 37.615958
1743736471.091665 0.011938 3.595882 9.517463 18.005983 9.230683 40.361949
1743736471.195765 0.010365 3.422969 9.618012 14.994866 8.821547 36.867759
1743736471.299865 0.011096 3.762390 10.495181 17.507939 9.680762 41.457368
1743736471.403965 0.010259 3.101495 10.333298 17.060398 8.521059 39.026509
1743736471.508165 0.011984 3.593295 10.061819 16.386476 8.888154 38.941728
1743736471.612265 0.009820 4.569553 10.404707 17.573649 9.072829 41.630558
1743736471.716365 0.012033 3.486588 10.175533 16.801560 9.573325 40.049039
1743736471.820365 0.009936 3.479612 10.974487 16.935696 9.131101 40.530832
1743736471.924465 0.011493 3.547008 10.748946 16.925489 9.330263 40.563199
1743736472.028665 0.009956 3.414620 11.489912 19.907806 8.853037 43.675331
1743736472.132665 0.010740 3.427240 10.604527 18.293116 9.166664 41.502287
1743736472.236765 0.007097 4.455740 11.694333 22.540490 5.956220 44.653880
1743736472.340765 0.010791 3.586355 11.351967 19.273748 8.980571 43.203432
1743736472.444765 0.010133 5.758853 14.741576 21.555823 9.818259 51.884644
1743736472.548665 0.010903 3.556426 12.298760 21.435370 9.103012 46.404471
1743736472.652665 0.012250 3.647847 12.468985 20.392174 9.196429 45.717685
1743736472.756465 0.011796 3.730082 13.211725 22.411267 9.539109 48.903979
1743736472.860365 0.011302 3.404744 13.487164 24.175546 8.963877 50.042633
1743736472.964165 0.012372 3.459558 12.951731 20.884108 9.662192 46.969961
1743736473.067965 0.011987 3.704245 14.118653 23.592411 9.367864 50.795160
1743736473.171765 0.010772 3.436821 14.084860 24.764497 8.921612 51.218562
1743736473.275465 0.012416 3.650509 13.651599 23.714690 9.269784 50.298998
1743736473.379265 0.011321 3.705179 13.586335 24.279727 9.491008 51.073570
1743736473.482965 0.011700 3.496945 14.531185 24.752779 9.130751 51.923360
1743736473.586765 0.011381 3.605566 14.111511 27.078063 9.482399 54.288920
1743736473.690465 0.010515 3.889877 15.234472 26.628493 9.689654 55.453011
1743736473.794165 0.011631 5.525463 18.291027 28.119858 10.190906 62.138885
1743736473.897765 0.011864 3.303554 14.772581 28.845580 8.448013 55.381592
1743736474.001365 0.010879 6.544565 17.212703 28.669072 11.419262 63.856481
1743736474.105165 0.011353 3.924018 15.715365 27.316484 9.858535 56.825755
1743736474.208765 0.011837 3.364890 14.836684 28.552276 8.849669 55.615356
1743736474.312465 0.012007 3.452149 15.311400 28.545974 9.086312 56.407842
1743736474.416165 0.010032 3.776230 15.554191 28.731098 9.825465 57.897016
1743736474.519865 0.010457 4.440189 16.052617 31.601396 10.158505 62.263164
1743736474.623665 0.010463 6.045808 18.657102 32.754994 7.605336 65.073703
1743736474.727365 0.012078 3.354586 15.667425 31.055450 7.511306 57.600845
1743736474.831265 0.010640 6.083587 16.844558 32.532059 10.642192 66.113036
1743736474.934965 0.009936 3.972596 22.338460 30.331934 8.761922 65.414848
1743736475.038765 0.011257 3.349430 16.123351 28.979326 7.568072 56.031436
1743736475.142465 0.011563 3.596908 17.266670 29.107250 9.437273 59.419664
1743736475.246365 0.012154 3.370560 15.687940 29.619138 8.859987 57.549779
1743736475.350165 0.010818 3.411097 15.600513 29.104471 8.936855 57.063754
1743736475.453865 0.011803 3.424304 15.230696 27.315897 9.007568 54.990268
1743736475.557665 0.011400 3.280066 15.273390 29.077497 8.658334 56.300687
1743736475.661465 0.011606 3.413550 15.322347 28.363915 9.115294 56.226712
1743736475.765265 0.011055 3.412831 15.605138 30.088877 6.185156 55.303057
1743736475.868965 0.011429 3.395761 15.248004 25.172639 9.346933 53.174766
1743736475.972765 0.010724 4.308524 16.238530 28.333668 10.124599 59.016045
1743736476.076565 0.011058 3.299192 14.683248 27.030562 8.656693 53.680753
1743736476.180265 0.011774 3.422274 15.272064 26.088567 9.299017 54.093696
1743736476.284065 0.007032 4.272534 15.962683 27.461364 6.538121 54.241734
1743736476.387865 0.010985 4.030218 17.321858 29.689766 10.124645 61.177472
1743736476.491665 0.011513 3.228754 14.944801 26.652484 7.360318 52.197870
1743736476.595365 0.012020 3.468075 15.193973 25.475192 9.462126 53.611386
1743736476.699165 0.010564 5.715703 17.565393 26.613362 10.265464 60.170486
1743736476.802865 0.011426 3.653690 14.580143 28.905086 10.014902 57.165247
1743736476.906665 0.010684 3.701565 16.198169 27.020416 9.491089 56.421923
1743736477.010365 0.011998 3.877548 14.067669 24.149863 10.070808 52.177886
1743736477.114165 0.011791 3.559843 14.061961 23.984209 9.214299 50.832103
1743736477.217965 0.010794 3.373685 13.376730 23.093695 8.943921 48.798825
1743736477.321865 0.011281 3.705598 13.608371 23.187359 9.325307 49.837916
1743736477.425865 0.011288 3.424515 13.934786 23.501390 8.932771 49.804750
1743736477.529865 0.011750 3.499743 12.857653 24.157637 9.111910 49.638693
1743736477.634065 0.010933 3.535758 12.486490 22.106273 8.975992 47.115446
1743736477.738165 0.011480 3.602348 11.535625 20.373187 9.599319 45.121959
1743736477.842365 0.010533 4.587271 11.842023 22.104497 10.000754 48.545078
1743736477.946665 0.011012 3.466068 11.059484 21.062126 8.924707 44.523397
1743736478.050965 0.015532 3.601048 10.694883 22.352190 8.931490 45.595143
1743736478.155365 0.012061 3.540948 10.989782 20.616759 9.031378 44.190928
1743736478.259765 0.011792 3.703113 10.967502 21.479986 9.181801 45.344194
1743736478.363965 0.010603 5.560112 11.599951 21.613210 9.849238 48.633114
1743736478.468365 0.010067 4.014332 11.000762 20.308822 9.544781 44.878764
1743736478.572765 0.010467 3.382041 10.630705 19.380943 8.845718 42.249874
1743736478.676865 0.011351 3.655773 10.815984 20.245737 9.354114 44.082959
1743736478.781165 0.011734 3.504076 10.510021 19.149048 9.311090 42.485969
1743736478.885265 0.011733 3.710889 10.823369 21.913541 9.511928 45.971460
1743736478.989465 0.011526 3.393460 10.338105 21.084813 9.262581 44.090485
1743736479.093665 0.011295 3.535199 10.620423 21.046318 9.274613 44.487848
1743736479.197765 0.015919 3.490863 10.165778 20.535671 9.330958 43.539189
1743736479.301765 0.011563 3.657280 10.140183 21.010941 9.506123 44.326090
1743736479.405865 0.011053 3.516269 10.276497 19.378836 9.383330 42.565985
1743736479.509865 0.011104 3.573647 10.319098 19.334267 9.276763 42.514879
1743736479.613865 0.010843 3.891972 11.252881 21.933478 9.674636 46.763810
1743736479.717865 0.011362 3.532540 10.228652 19.565863 9.726613 43.065030
1743736479.821865 0.010466 5.596546 10.812648 18.823767 8.773334 44.016761
1743736479.925765 0.009617 4.389545 14.044071 20.777362 9.787142 49.007737
1743736480.029765 0.012089 3.299139 9.991289 20.680937 9.078029 43.061483
1743736480.133765 0.011967 3.555705 10.358725 19.740478 9.149161 42.816036
1743736480.237665 0.011530 3.554438 10.412295 19.585330 8.953645 42.517238
1743736480.341665 0.006271 4.032116 14.648868 20.295936 5.385412 44.368603
1743736480.445665 0.010997 3.498273 10.205116 19.676661 8.803954 42.195001
1743736480.549465 0.012069 3.643654 10.249186 18.256974 8.912993 41.074876
1743736480.653465 0.011076 3.581576 10.364028 19.393761 8.770691 42.121132
1743736480.757365 0.010641 3.193827 10.078964 18.820288 8.717978 40.821698
1743736480.861265 0.011189 3.524869 10.646045 19.143044 8.854749 42.179896
1743736480.965265 0.006072 3.837326 10.063602 19.238248 5.708405 38.853653
1743736481.069165 0.007779 4.989855 10.506996 19.275802 9.326734 44.107166
1743736481.173065 0.010205 3.701918 10.174892 20.439524 9.347498 43.674037
1743736481.276965 0.010744 3.453620 10.164757 20.542125 8.879893 43.051139
1743736481.380865 0.011329 3.644840 10.958641 20.256719 9.263695 44.135224
1743736481.484765 0.011153 3.364603 10.410357 19.649660 8.718524 42.154297
1743736481.588665 0.009996 3.407337 15.247954 19.761805 6.136539 44.563631
1743736481.692465 0.011042 3.241472 10.377603 19.085931 8.952154 41.668202
1743736481.796365 0.010379 3.667607 9.870453 20.091509 9.236007 42.875955
1743736481.900265 0.010244 3.696983 10.924123 21.330991 9.314799 45.277140
1743736482.004065 0.011702 3.485660 10.529654 21.212148 9.672258 44.911422
1743736482.107865 0.011177 3.439949 10.378097 18.629886 9.089311 41.548420
1743736482.211765 0.010625 3.620957 10.700314 20.367853 9.281017 43.980766
1743736482.315465 0.011018 3.527471 10.434546 20.495655 8.867410 43.336100
1743736482.419265 0.012321 3.585247 10.905621 20.009608 9.117945 43.630742
1743736482.523165 0.010286 5.304468 11.230675 19.830310 9.392457 45.768196
1743736482.626865 0.010645 4.889932 13.924016 20.862752 9.600739 49.288084
1743736482.730765 0.011736 3.236062 10.420330 20.917587 8.711291 43.297006
1743736482.834465 0.011631 3.682263 10.250866 20.359536 9.076437 43.380733
1743736482.938365 0.012780 3.554464 10.655881 17.991087 8.392145 40.606357
1743736483.042165 0.009694 3.072430 11.309743 19.061849 8.325454 41.779170
1743736483.145865 0.010903 3.827498 10.060367 18.977201 8.685309 41.561278
1743736483.249765 0.009717 5.347730 12.057299 20.597164 7.799386 45.811296
1743736483.353465 0.012198 3.544412 10.119648 18.814172 8.667679 41.158109
1743736483.457365 0.012016 3.519749 10.232494 19.883176 8.432160 42.079595
1743736483.561165 0.011455 3.691492 9.999517 19.420126 8.419288 41.541878
1743736483.664865 0.011482 3.502765 10.125326 20.977455 8.441828 43.058856
1743736483.768665 0.012014 3.594170 10.184299 18.871374 8.888187 41.550044
1743736483.872465 0.011035 3.664882 10.271971 19.731536 8.839843 42.519267
1743736483.976265 0.010241 5.503824 11.833438 19.410818 7.611678 44.369999
1743736484.079965 0.011647 3.463915 10.190106 17.923560 8.816981 40.406209
1743736484.183765 0.012530 3.609870 10.460792 17.614362 8.965583 40.663137
1743736484.287465 0.010734 3.484408 10.390245 21.388760 9.013509 44.287656
1743736484.391265 0.011830 3.629491 10.274130 19.476285 7.639727 41.031463
1743736484.494865 0.012150 3.765697 10.637346 18.352988 9.132633 41.900814
1743736484.598665 0.011323 3.582262 10.427688 20.716851 8.797266 43.535390
1743736484.702365 0.011744 3.689907 10.565849 19.186192 9.208548 42.662240
1743736484.806165 0.010082 3.624686 10.463658 20.117751 8.969213 43.185390
1743736484.909765 0.010309 3.564648 10.586282 19.578206 8.960168 42.699613
1743736485.013465 0.011861 5.918495 12.580298 21.033427 10.856417 50.400498
1743736485.117165 0.010231 4.175540 13.465583 21.821740 9.167235 48.640329
1743736485.220865 0.011305 3.511129 10.321665 20.538725 8.985725 43.368549
1743736485.324665 0.011727 3.622125 10.765677 18.590280 8.930018 41.919827
1743736485.428265 0.011950 3.850139 10.530421 21.300224 9.381904 45.074638
1743736485.532065 0.010166 3.943976 10.845359 22.135324 9.192848 46.127673
1743736485.635665 0.010671 3.366828 10.993750 21.093512 8.848624 44.313385
1743736485.739365 0.011766 3.585305 11.060888 21.975388 9.418143 46.051490
1743736485.843065 0.010847 3.391901 11.012532 20.622600 9.004321 44.042201
1743736485.946765 0.011398 3.641209 11.172455 22.245718 9.368759 46.439539
1743736486.050565 0.011726 3.561135 11.509103 23.663263 9.218827 47.964054
1743736486.154265 0.011566 3.489058 11.465310 21.654127 8.970580 45.590641
1743736486.258165 0.011596 3.612072 11.793232 23.665179 9.396893 48.478972
1743736486.361965 0.010246 3.689896 13.423961 25.482274 9.426217 52.032594
1743736486.465865 0.010412 3.941041 13.043310 27.242144 9.669933 53.906840
1743736486.569765 0.009550 3.664711 13.857330 24.929788 9.278519 51.739898
1743736486.673665 0.009998 4.152555 14.470718 29.467844 9.978753 58.079868
1743736486.777565 0.010310 3.322834 14.372409 27.681631 8.311181 53.698365
1743736486.881365 0.012168 3.353554 14.282994 29.083514 7.595530 54.327760
1743736486.985365 0.009877 4.095418 15.795314 34.749733 9.863406 64.513748
1743736487.089265 0.011497 3.374370 14.537475 27.793092 8.428268 54.144702
1743736487.193265 0.011058 3.582681 14.830701 27.928623 9.190842 55.543905
1743736487.297265 0.010775 3.402927 15.174622 30.831173 8.792714 58.212211
1743736487.401265 0.011325 3.377317 14.997020 31.660075 8.705595 58.751332
1743736487.505265 0.009814 3.486571 15.503456 31.185037 8.783041 58.967919
1743736487.609265 0.010853 3.285647 14.572010 28.579688 8.246472 54.694670
1743736487.713265 0.011589 3.496943 14.926794 29.196362 9.205476 56.837164
1743736487.817165 0.006550 3.404154 14.744149 28.149565 9.330566 55.634984
1743736487.921165 0.011472 3.277835 14.380545 28.542520 8.798372 55.010744
1743736488.025165 0.011278 3.344760 14.469989 30.635434 9.053358 57.514819
1743736488.129165 0.012029 3.344348 14.259641 27.234867 8.806016 53.656901
1743736488.232965 0.011267 3.266268 13.711098 27.254976 8.617776 52.861385
1743736488.336965 0.011230 3.405519 13.145614 25.574182 8.869544 51.006089
1743736488.440965 0.011042 3.054644 13.003103 27.357460 7.999864 51.426113
1743736488.544965 0.011236 3.261319 12.848690 25.950984 8.577060 50.649289
1743736488.648865 0.010675 3.656477 13.173819 23.315359 9.102299 49.258629
1743736488.752865 0.011473 3.436356 12.098852 23.981560 9.035230 48.563471
1743736488.856765 0.010337 3.536682 11.746028 21.506522 9.013013 45.812582
1743736488.960665 0.010888 3.552366 10.722736 21.518378 8.921992 44.726360
1743736489.064365 0.009693 3.378553 13.508962 21.773712 8.161494 46.832414
1743736489.168265 0.010336 3.391073 9.976523 20.921432 8.896151 43.195515
1743736489.272165 0.009914 4.018840 10.365635 18.985658 9.058818 42.438865
1743736489.376065 0.010245 3.487152 10.216747 21.001867 9.277951 43.993962
1743736489.479865 0.016740 3.630137 9.162987 18.068171 9.190298 40.068333
1743736489.583665 0.012217 3.497580 9.309528 19.265961 9.018171 41.103457
1743736489.687465 0.012221 3.553824 8.936205 17.574128 8.921925 38.998303
1743736489.791365 0.011008 3.571732 8.815192 17.405166 8.887631 38.690729
1743736489.895265 0.011209 3.718267 8.841765 17.443733 9.082209 39.097183
1743736489.999065 0.011650 3.477466 8.487849 18.397198 8.702091 39.076254
1743736490.102865 0.010623 3.590941 8.341271 17.086924 8.609385 37.639144
1743736490.206665 0.010931 3.474679 8.083203 16.863035 8.820791 37.252639
1743736490.310465 0.011221 3.738358 8.630626 17.761614 9.043081 39.184900
1743736490.414365 0.011587 3.460980 8.059898 18.275517 8.875574 38.683556
1743736490.518265 0.012172 3.710489 9.034082 14.791412 9.058574 36.606729
1743736490.622065 0.010372 3.761897 9.412311 16.061486 9.225294 38.471360
1743736490.725865 0.011451 3.681915 8.990288 16.122177 8.968964 37.774795
1743736490.829765 0.011507 3.592850 9.052416 17.087477 8.812909 38.557159
1743736490.933665 0.011575 3.894907 8.595271 15.097601 8.706452 36.305806
1743736491.037565 0.011226 3.903490 9.572013 15.923733 9.237754 38.648216
1743736491.141365 0.012012 3.829969 8.364109 14.586676 8.730575 35.523341
1743736491.245265 0.010322 3.752447 8.480157 16.347727 8.341138 36.931791
1743736491.349165 0.011014 3.920918 8.423767 16.609144 8.894368 37.859211
1743736491.452965 0.010222 3.657325 8.655657 14.945956 8.308029 35.577189
1743736491.556865 0.010886 3.471273 8.711109 14.480342 8.688096 35.361706
1743736491.660765 0.009808 3.522176 8.231780 15.786507 8.656220 36.206491
1743736491.764665 0.011211 3.765150 8.436350 14.464370 8.772058 35.449139
1743736491.868565 0.010935 3.735010 8.720214 15.457569 9.438473 37.362201
1743736491.972365 0.009902 3.561432 8.241947 15.502679 8.904190 36.220150
1743736492.076265 0.011224 3.660483 8.448922 15.323580 8.922404 36.366613
1743736492.180165 0.011115 3.506152 8.526297 15.169920 8.820802 36.034286
1743736492.284065 0.010686 3.637446 8.487868 14.506711 9.120137 35.762848
1743736492.387965 0.010999 3.520913 8.675689 14.956404 8.924278 36.088283
1743736492.491965 0.011202 3.703041 8.673528 15.578376 9.175951 37.142098
1743736492.595765 0.011886 3.535243 8.612478 15.510429 9.071727 36.741763
1743736492.699665 0.011790 3.704980 8.712544 16.523193 9.059999 38.012506
1743736492.803565 0.010310 3.910661 9.085406 13.701428 9.500266 36.208071
1743736492.907565 0.011130 5.310297 12.244370 14.836015 9.609511 42.011323
1743736493.011365 0.011279 4.045776 8.664998 13.940653 9.190222 35.852928
1743736493.115265 0.009886 4.371180 9.405567 15.067182 9.350065 38.203880
1743736493.219165 0.008596 5.403471 9.653496 14.902983 8.541286 38.509832
1743736493.323165 0.011184 3.606548 8.361496 12.763614 8.800630 33.543472
1743736493.427065 0.011747 3.740909 8.280603 13.773505 9.161748 34.968512
1743736493.530865 0.008920 4.393298 8.369332 14.180602 8.225872 35.178024
1743736493.634765 0.010499 3.960662 7.777867 14.383764 8.654311 34.787103
1743736493.738665 0.010568 3.967822 7.418134 12.656852 8.791473 32.844849
1743736493.842665 0.010954 3.833449 7.600604 13.865378 9.047788 34.358173
1743736493.946565 0.010782 3.515287 7.705287 12.636153 8.487459 32.354968
1743736494.050465 0.011102 3.773924 7.406164 12.459051 8.709965 32.360206
1743736494.154365 0.005924 3.053189 7.553727 12.783777 5.039904 28.436521
1743736494.258365 0.009898 4.837794 7.827334 12.047857 9.080126 33.803009
1743736494.362365 0.009991 2.880064 7.716618 12.129384 6.547444 29.283501
1743736494.466265 0.011635 3.709778 7.580288 11.997054 9.082968 32.381723
1743736494.570265 0.010019 4.515031 8.791675 13.103214 9.174113 35.594052
1743736494.674165 0.011419 3.123973 8.022280 15.629613 6.081868 32.869153
1743736494.778165 0.010550 4.329651 8.643453 14.344654 9.292452 36.620760
1743736494.882065 0.010808 4.166967 9.613380 14.788247 9.322104 37.901506
1743736494.986065 0.011213 3.516299 8.881839 13.593636 8.616471 34.619458
1743736495.089865 0.009427 3.092404 8.795472 14.111475 6.788924 32.797702
1743736495.193765 0.009634 3.607431 8.248650 13.145352 8.661394 33.672461
1743736495.297765 0.011053 3.839654 8.393112 15.125259 8.792341 36.161419
1743736495.401665 0.011742 3.584797 8.779777 15.239718 9.256577 36.872611
1743736495.505565 0.012250 3.701190 8.762806 13.427849 9.696745 35.600840
1743736495.609365 0.011240 3.327182 9.210533 14.684744 9.058151 36.291850
1743736495.713365 0.011453 3.717661 9.183941 14.683794 9.005013 36.601862
1743736495.817265 0.011395 3.536588 9.493979 15.871999 9.102444 38.016405
1743736495.921265 0.007031 3.879999 12.652987 19.644238 6.134881 42.319136
1743736496.025165 0.012175 3.529896 10.877879 16.073327 9.798122 40.291399
1743736496.129065 0.012241 5.636152 12.713285 16.973418 9.910555 45.245651
1743736496.233065 0.010864 3.345244 11.209342 18.521890 8.663932 41.751272
1743736496.337065 0.011712 3.524278 11.644931 19.063219 8.798704 43.042844
1743736496.440865 0.006138 3.889432 12.488375 17.833671 8.683358 42.900974
1743736496.544865 0.010571 3.637918 12.476253 18.342810 9.365432 43.832984
1743736496.648865 0.011356 3.861186 12.448350 22.236268 9.376988 47.934148
1743736496.752865 0.010863 3.540903 12.675004 19.229975 9.086313 44.543058
1743736496.856865 0.010983 3.445100 13.365638 22.852781 8.943047 48.617549
1743736496.961065 0.011493 3.631080 13.230600 21.562629 9.169026 47.604828
1743736497.065065 0.009941 3.868298 13.874888 24.543311 9.465906 51.762344
1743736497.169165 0.010140 3.998707 14.393886 25.481381 9.488558 53.372672
1743736497.273265 0.010038 3.444121 13.970250 22.695132 9.054665 49.174206
1743736497.377265 0.012148 3.558578 13.645220 26.174859 9.264956 52.655761
1743736497.481365 0.012274 3.392199 14.440674 24.360811 8.830196 51.036154
1743736497.585365 0.007562 4.194943 13.834736 22.533891 6.362304 46.933436
1743736497.689565 0.012106 3.603886 13.800665 22.823268 9.579982 49.819907
1743736497.793565 0.010457 3.764071 14.324333 23.802891 9.573139 51.474891
1743736497.897565 0.010256 3.365451 14.553096 25.024477 6.575514 49.528794
1743736498.001365 0.011545 3.541997 14.417594 24.792257 9.445208 52.208601
1743736498.105365 0.011380 3.494922 14.733738 23.258750 9.065755 50.564545
1743736498.209265 0.010993 3.399835 15.199324 22.928387 8.774560 50.313099
1743736498.313165 0.011634 3.559061 15.225592 27.368715 9.189262 55.354264
1743736498.417165 0.011433 3.461949 15.452936 27.259411 9.357429 55.543158
1743736498.521065 0.011003 3.279626 15.916204 25.021954 8.534799 52.763586
1743736498.624965 0.012355 3.434832 15.775466 25.004504 9.203977 53.431134
1743736498.728765 0.012008 3.733216 17.000554 27.150106 9.398699 57.294583
1743736498.832765 0.012527 3.247474 16.620306 24.890657 8.496104 53.267068
1743736498.936665 0.011171 3.615871 17.743127 29.389689 9.402269 60.162127
1743736499.040665 0.011276 3.313052 17.623639 26.918940 8.715538 56.582445
1743736499.144665 0.010749 4.207238 18.650465 30.239023 10.299812 63.407287
1743736499.248565 0.011174 3.452627 18.471310 28.895447 6.924916 57.755474
1743736499.352565 0.011835 3.455712 18.418380 30.571871 8.996397 61.454195
1743736499.456565 0.010860 3.273825 18.304826 31.315417 7.978330 60.883258
1743736499.560565 0.010730 3.311343 18.416936 33.175749 8.557837 63.472595
1743736499.664665 0.011306 3.300415 19.973848 34.168887 8.495646 65.950102
1743736499.768665 0.012167 3.311488 19.320601 33.394646 8.317947 64.356849
1743736499.872765 0.012502 3.344255 19.222916 32.297356 8.616506 63.493535
1743736499.976765 0.011155 3.340020 20.331879 34.646403 8.389208 66.718665
1743736500.080865 0.011986 3.329939 20.317143 32.918640 7.857501 64.435209
1743736500.185065 0.012461 3.338349 20.716824 35.421320 7.950789 67.439743
1743736500.289165 0.010038 3.322621 20.957787 35.238528 7.622462 67.151436
1743736500.393265 0.011727 3.357098 21.162838 36.955118 8.133713 69.620494
1743736500.497365 0.010932 3.353580 20.974968 35.410364 7.627410 67.377254
1743736500.601665 0.010606 3.721819 22.218156 37.066466 9.905011 72.922058
1743736500.705765 0.011950 4.180561 23.436342 36.412486 10.749711 74.791050
1743736500.809865 0.009709 3.339727 21.105272 36.714914 7.028308 68.197930
1743736500.914065 0.012289 3.357983 21.639776 37.033559 8.176414 70.220021
1743736501.018065 0.010809 3.329698 22.039213 36.008895 7.359174 68.747789
1743736501.122065 0.011861 3.611637 21.846429 38.011461 8.116370 71.597758
1743736501.225865 0.009720 3.358435 21.258356 36.533971 6.913834 68.074316
1743736501.329865 0.011106 3.410245 22.503506 36.178970 8.301066 70.404893
1743736501.433665 0.009953 3.399111 21.717518 37.062583 7.318887 69.508052
1743736501.537465 0.010775 3.366284 21.759519 38.319682 7.267592 70.723852
1743736501.641265 0.010418 3.333723 22.695831 36.930336 7.212049 70.182357
1743736501.745065 0.011061 3.337031 22.247878 37.107750 8.020121 70.723841
1743736501.848865 0.009960 3.356647 22.354647 37.194083 7.234733 70.150070
1743736501.952765 0.009279 4.275437 23.478695 40.661153 10.505757 78.930321
1743736502.056665 0.010584 3.832833 24.092158 43.954379 10.180715 82.070669
1743736502.160565 0.006466 3.389553 22.409383 37.963978 6.105308 69.874688
1743736502.264365 0.011518 3.402550 22.822960 38.440346 8.736050 73.413424
1743736502.368265 0.008327 3.367453 22.682711 39.008164 6.518938 71.585593
1743736502.472165 0.010854 3.316746 22.857985 39.191007 7.393758 72.770350
1743736502.576165 0.010160 3.333584 22.671639 39.385766 7.017996 72.419145
1743736502.680065 0.010390 4.008359 23.751279 42.663282 10.187410 80.620720
1743736502.784065 0.006527 3.379654 22.764822 39.082338 6.158701 71.392042
1743736502.888065 0.011561 3.304636 22.491292 40.121573 7.750061 73.679123
1743736502.992065 0.008325 3.304449 22.415887 38.830094 6.295338 70.854093
1743736503.095865 0.011200 3.321029 23.560373 40.507491 8.176068 75.576161
1743736503.200065 0.008304 3.306855 22.257118 37.848376 6.287402 69.708055
1743736503.304065 0.013058 3.358503 22.575105 39.042114 8.104590 73.093370
1743736503.408065 0.009095 3.343617 23.708123 40.034263 6.957950 74.053048
1743736503.512065 0.008805 3.343760 22.692436 39.855013 6.878478 72.778492
1743736503.616065 0.010718 3.340523 23.098215 39.390232 7.260595 73.100283
1743736503.720165 0.007645 3.517075 24.247314 41.625112 6.573701 75.970847
1743736503.824165 0.007940 3.345565 22.901687 38.666198 6.112553 71.033943
1743736503.928265 0.009813 3.343081 22.910159 39.082052 6.964131 72.309236
1743736504.032365 0.009284 3.335782 23.478873 37.967669 6.769091 71.560699
1743736504.136565 0.010134 3.337161 23.302944 39.661409 6.905232 73.216880
1743736504.240765 0.011268 3.347404 23.360893 37.826333 7.223522 71.769420
1743736504.345065 0.010657 3.350481 24.203851 40.120646 7.490066 75.175701
1743736504.449165 0.008648 3.361934 23.207237 39.866530 6.706452 73.150801
1743736504.553365 0.009430 3.382486 23.454406 39.782516 7.083785 73.712623
1743736504.657665 0.009332 3.410987 24.004496 39.278399 7.275297 73.978511
1743736504.761765 0.009391 3.383296 23.357018 41.244105 7.169055 75.162865
1743736504.865865 0.009974 3.400590 24.296318 41.029325 7.298207 76.034414
1743736504.970065 0.008893 3.383655 24.340254 40.170900 6.553172 74.456874
1743736505.074165 0.009749 3.353665 23.814211 41.370341 7.279958 75.827924
1743736505.178165 0.007726 4.565063 25.635185 41.907092 9.837516 81.952582
1743736505.282165 0.007613 3.388104 23.276552 37.731935 6.139747 70.543951
1743736505.386165 0.011366 3.405342 23.165615 38.829833 7.916178 73.328334
1743736505.490265 0.008459 3.331456 22.821218 39.288689 6.451892 71.901714
1743736505.594365 0.010479 3.362420 23.312010 37.494483 7.555323 71.734715
1743736505.698565 0.006243 3.584010 22.628330 40.616660 6.086719 72.921962
1743736505.802665 0.011721 3.316758 22.556675 37.726480 7.801720 71.413354
1743736505.906865 0.009404 3.351223 22.422204 37.356498 7.027216 70.166545
1743736506.011065 0.010830 3.346421 22.716573 38.708894 8.025905 72.808623
1743736506.115165 0.009181 3.375228 22.622671 37.432691 6.994341 70.434112
1743736506.219365 0.011710 3.346198 23.284837 36.856924 8.061636 71.561305
1743736506.323565 0.009540 3.364559 22.086038 37.570091 7.291046 70.321274
1743736506.427665 0.009890 4.615401 22.129541 34.788841 9.051303 70.594976
1743736506.531665 0.007944 4.333426 23.442435 38.368455 8.956785 75.109045
1743736506.635665 0.009328 4.360430 23.025026 38.498014 10.553836 76.446634
1743736506.739665 0.011921 4.281293 23.405977 38.058340 10.911885 76.669416
1743736506.843565 0.008196 3.323848 21.495164 39.744727 6.457499 71.029434
1743736506.947465 0.011141 3.992164 22.765119 39.899917 10.229364 76.897705
1743736507.051265 0.006519 3.326035 21.834932 39.104037 6.018191 70.289714
1743736507.155165 0.010496 3.329456 22.707211 36.244864 7.707316 69.999343
1743736507.259065 0.009583 3.319908 21.020399 36.274937 6.752819 67.377646
1743736507.362865 0.010222 3.333005 21.066786 34.501771 7.035215 65.946999
1743736507.466765 0.010634 3.268137 20.595055 35.990742 7.645561 67.510129
1743736507.570665 0.011238 3.344176 20.689387 35.723335 7.473539 67.241675
1743736507.674565 0.010703 4.056704 21.666169 40.371629 10.241299 76.346504
1743736507.778365 0.011644 4.024903 21.249351 36.114603 10.628356 72.028857
1743736507.882165 0.010641 3.722229 20.902452 36.835896 9.596616 71.067834
1743736507.985865 0.008560 3.763126 20.129080 33.080473 9.675213 66.656452
1743736508.089565 0.009474 3.400503 23.013049 35.632732 9.269996 71.325754
1743736508.193265 0.008904 3.252041 19.536443 35.578183 6.277888 64.653459
1743736508.296865 0.012572 3.307459 20.213415 33.318656 8.733665 65.585767
