1743665126.8818 120.2852
1743665126.9855 120.2852
1743665127.0891 120.2852
1743665127.1929 120.2852
1743665127.2965 120.2852
1743665127.4002 120.2852
1743665127.5038 120.8203
1743665127.6076 120.8203
1743665127.7112 121.5938
1743665127.8149 121.5938
1743665127.9187 122.8828
1743665128.0223 126.2344
1743665128.1260 126.2344
1743665128.2298 127.5234
1743665128.3334 131.9062
1743665128.4370 131.9062
1743665128.5407 134.2266
1743665128.6444 134.2266
1743665128.7481 134.7422
1743665128.8517 138.0938
1743665128.9555 138.0938
1743665129.0591 138.3516
1743665129.1628 141.7031
1743665129.2664 141.7031
1743665129.3700 142.2188
1743665129.4738 145.5703
1743665129.5776 145.5703
1743665129.6812 145.8281
1743665129.7849 148.9219
1743665129.8886 148.9219
1743665129.9922 148.9219
1743665130.0958 150.4688
1743665130.1995 150.4688
1743665130.3031 152.5312
1743665130.4067 152.5312
1743665130.5103 154.0781
1743665130.6140 154.0781
1743665130.7177 154.5938
1743665130.8213 154.5938
1743665130.9249 155.8828
1743665131.0287 158.2031
1743665131.1322 158.2031
1743665131.2360 159.2344
1743665131.3397 159.2344
1743665131.4433 160.5234
1743665131.5471 160.5234
1743665131.6507 162.0703
1743665131.7543 162.0703
1743665131.8579 163.6172
1743665131.9617 163.6172
1743665132.0653 163.8750
1743665132.1689 166.9688
1743665132.2727 166.9688
1743665132.3763 167.2266
1743665132.4800 169.5469
1743665132.5836 169.5469
1743665132.6874 171.3516
1743665132.7910 171.3516
1743665132.8947 173.1562
1743665132.9983 173.1562
1743665133.1021 175.2188
1743665133.2057 175.2188
1743665133.3094 177.5391
1743665133.4132 177.5391
1743665133.5168 177.5391
1743665133.6205 180.6328
1743665133.7241 180.6328
1743665133.8278 180.6328
1743665133.9315 182.6953
1743665134.0351 182.6953
1743665134.1387 183.9844
1743665134.2423 183.9844
1743665134.3460 185.2734
1743665134.4496 185.2734
1743665134.5532 186.5625
1743665134.6569 186.5625
1743665134.7605 187.8516
1743665134.8643 187.8516
1743665134.9679 188.3672
1743665135.0716 188.3672
1743665135.1753 188.8828
1743665135.2789 191.2031
1743665135.3826 191.2031
1743665135.4862 193.0078
1743665135.5900 193.0078
1743665135.6936 194.2969
1743665135.7972 194.2969
1743665135.9010 196.3594
1743665136.0047 196.3594
1743665136.1083 197.9062
1743665136.2120 197.9062
1743665136.3158 199.9688
1743665136.4195 199.9688
1743665136.5234 201.7734
1743665136.6271 201.7734
1743665136.7310 203.3203
1743665136.8348 204.0938
1743665136.9387 205.6406
1743665137.0426 205.6406
1743665137.1464 206.6719
1743665137.2505 208.2188
1743665137.3544 208.2188
1743665137.4584 209.2500
1743665137.5624 212.6016
1743665137.6664 212.6016
1743665137.7705 213.6328
1743665137.8745 216.9844
1743665137.9784 216.9844
1743665138.0824 216.9844
1743665138.1861 219.0469
1743665138.2900 219.0469
1743665138.3937 219.8203
1743665138.4973 222.1406
1743665138.6011 222.1406
1743665138.7046 222.1406
1743665138.8082 222.3984
1743665138.9118 225.7500
1743665139.0154 225.7500
1743665139.1189 226.0078
1743665139.2224 228.5859
1743665139.3259 228.5859
1743665139.4295 231.1641
1743665139.5329 231.1641
1743665139.6365 231.1641
1743665139.7398 233.7422
1743665139.8435 233.7422
1743665139.9470 233.7422
1743665140.0506 233.7422
1743665140.1541 233.7422
1743665140.2577 234.7734
1743665140.3613 234.7734
1743665140.4649 235.8047
1743665140.5685 235.8047
1743665140.6721 235.8047
1743665140.7757 235.8047
1743665140.8795 238.1250
1743665140.9831 238.1250
1743665141.0867 238.1250
1743665141.1903 239.6719
1743665141.2941 239.6719
1743665141.3977 239.6719
1743665141.5015 239.6719
1743665141.6050 241.9922
1743665141.7086 241.9922
1743665141.8123 242.7656
1743665141.9159 242.7656
1743665142.0196 243.5391
1743665142.1232 243.5391
1743665142.2269 245.0859
1743665142.3306 247.4062
1743665142.4343 247.4062
1743665142.5380 247.4062
1743665142.6417 247.4062
1743665142.7454 249.7266
1743665142.8492 249.7266
1743665142.9528 251.5312
1743665143.0565 251.5312
1743665143.1602 251.5312
1743665143.2639 251.5312
1743665143.3675 254.3672
1743665143.4711 254.3672
1743665143.5749 254.3672
1743665143.6785 254.6250
1743665143.7822 254.6250
1743665143.8860 254.8828
1743665143.9897 257.4609
1743665144.0934 257.4609
1743665144.1972 259.0078
1743665144.3009 259.0078
1743665144.4047 260.0391
1743665144.5083 260.0391
1743665144.6120 261.0703
1743665144.7156 261.0703
1743665144.8192 262.1016
1743665144.9230 262.1016
1743665145.0266 262.1016
1743665145.1303 262.1016
1743665145.2340 262.1016
1743665145.3377 262.1016
1743665145.4414 264.9375
1743665145.5450 264.9375
1743665145.6487 264.9375
1743665145.7523 266.7422
1743665145.8559 266.7422
1743665145.9595 269.5781
1743665146.0632 269.5781
1743665146.1668 269.5781
1743665146.2705 271.1250
1743665146.3740 271.1250
1743665146.4776 271.1250
1743665146.5812 271.1250
1743665146.6847 272.9297
1743665146.7883 272.9297
1743665146.8918 274.2188
1743665146.9953 274.2188
1743665147.0989 275.7656
1743665147.2024 275.7656
1743665147.3059 277.0547
1743665147.4093 277.0547
1743665147.5127 278.6016
1743665147.6162 278.6016
1743665147.7197 280.4062
1743665147.8233 280.4062
1743665147.9268 281.9531
1743665148.0302 281.9531
1743665148.1337 283.2422
1743665148.2372 283.2422
1743665148.3408 284.7891
1743665148.4445 284.7891
1743665148.5481 286.0781
1743665148.6519 286.0781
1743665148.7557 287.3672
1743665148.8595 287.3672
1743665148.9632 288.6562
1743665149.0671 288.6562
1743665149.1710 288.6562
1743665149.2750 288.6562
1743665149.3789 290.2031
1743665149.4831 290.2031
1743665149.5873 291.4922
1743665149.6914 291.4922
1743665149.7954 291.7500
1743665149.8994 291.7500
1743665150.0035 291.7500
1743665150.1075 292.7812
1743665150.2115 292.7812
1743665150.3154 292.7812
1743665150.4193 294.8438
1743665150.5232 294.8438
1743665150.6270 295.8750
1743665150.7308 295.8750
1743665150.8344 296.9062
1743665150.9382 296.9062
1743665151.0418 298.4531
1743665151.1457 298.4531
1743665151.2491 298.4531
1743665151.3528 298.4531
1743665151.4563 298.4531
1743665151.5599 300.7734
1743665151.6636 300.7734
1743665151.7673 300.7734
1743665151.8709 300.7734
1743665151.9745 300.7734
1743665152.0781 302.0625
1743665152.1817 302.0625
1743665152.2854 303.6094
1743665152.3890 303.6094
1743665152.4927 303.6094
1743665152.5964 303.6094
1743665152.7000 305.9297
1743665152.8038 305.9297
1743665152.9075 305.9297
1743665153.0110 307.7344
1743665153.1148 307.7344
1743665153.2183 307.7344
1743665153.3221 307.7344
1743665153.4258 307.7344
1743665153.5295 310.0547
1743665153.6330 310.0547
1743665153.7367 312.1172
1743665153.8403 312.1172
1743665153.9440 313.9219
1743665154.0477 313.9219
1743665154.1513 315.7266
1743665154.2550 315.7266
1743665154.3587 318.3047
1743665154.4622 318.3047
1743665154.5659 318.3047
1743665154.6695 320.6250
1743665154.7731 320.6250
1743665154.8769 321.6562
1743665154.9804 321.6562
1743665155.0841 323.2031
1743665155.1877 323.2031
1743665155.2914 324.2344
1743665155.3950 324.2344
1743665155.4986 324.2344
1743665155.6041 324.2344
1743665155.7060 324.2344
1743665155.8097 326.5547
1743665155.9133 326.5547
1743665156.0171 327.5859
1743665156.1207 327.5859
1743665156.2243 327.8438
1743665156.3279 327.8438
1743665156.4315 328.3594
1743665156.5352 330.6797
1743665156.6389 330.6797
1743665156.7427 331.1953
1743665156.8464 331.1953
1743665156.9500 331.1953
1743665157.0538 334.0312
1743665157.1575 334.0312
1743665157.2611 334.0312
1743665157.3648 336.6094
1743665157.4685 336.6094
1743665157.5722 336.8672
1743665157.6758 339.9609
1743665157.7794 339.9609
1743665157.8832 340.2188
1743665157.9868 342.7969
1743665158.0904 342.7969
1743665158.1941 345.6328
1743665158.2980 345.6328
1743665158.4018 345.6328
1743665158.5052 348.4688
1743665158.6087 348.4688
1743665158.7125 348.4688
1743665158.8161 350.7891
1743665158.9198 350.7891
1743665159.0234 352.3359
1743665159.1270 352.3359
1743665159.2307 353.8828
1743665159.3344 353.8828
1743665159.4380 354.9141
1743665159.5418 354.9141
1743665159.6455 354.9141
1743665159.7493 354.9141
1743665159.8530 354.9141
1743665159.9566 356.9766
1743665160.0603 356.9766
1743665160.1641 358.7812
1743665160.2678 358.7812
1743665160.3716 360.3281
1743665160.4753 360.3281
1743665160.5789 361.6172
1743665160.6827 361.6172
1743665160.7864 362.9062
1743665160.8901 362.9062
1743665160.9939 364.1953
1743665161.0976 364.1953
1743665161.2014 364.1953
1743665161.3051 364.1953
1743665161.4087 364.4531
1743665161.5125 366.7734
1743665161.6161 366.7734
1743665161.7197 366.7734
1743665161.8233 366.7734
1743665161.9270 368.8359
1743665162.0307 368.8359
1743665162.1343 369.8672
1743665162.2380 369.8672
1743665162.3416 371.4141
1743665162.4454 371.4141
1743665162.5490 372.4453
1743665162.6527 372.4453
1743665162.7565 373.4766
1743665162.8601 373.4766
1743665162.9639 374.2500
1743665163.0676 374.2500
1743665163.1713 375.2812
1743665163.2750 375.2812
1743665163.3787 375.2812
1743665163.4823 375.2812
1743665163.5861 377.3438
1743665163.6898 377.3438
1743665163.7936 377.3438
1743665163.8973 379.4062
1743665164.0008 379.4062
1743665164.1046 381.4688
1743665164.2082 381.4688
1743665164.3119 381.9844
1743665164.4156 381.9844
1743665164.5192 383.0156
1743665164.6228 385.3359
1743665164.7265 385.3359
1743665164.8301 387.3984
1743665164.9341 387.3984
1743665165.0375 389.4609
1743665165.1415 389.4609
1743665165.2447 390.4922
1743665165.3484 390.4922
1743665165.4520 392.2969
1743665165.5556 392.2969
1743665165.6592 394.6172
1743665165.7628 394.6172
1743665165.8665 394.6172
1743665165.9701 396.9375
1743665166.0738 396.9375
1743665166.1775 399.7734
1743665166.2811 399.7734
1743665166.3848 399.7734
1743665166.4885 401.8359
1743665166.5922 401.8359
1743665166.6959 403.3828
1743665166.7996 403.3828
1743665166.9032 404.9297
1743665167.0070 404.9297
1743665167.1107 406.7344
1743665167.2143 406.7344
1743665167.3181 408.3320
1743665167.4218 408.3320
1743665167.5254 409.8789
1743665167.6291 409.8789
1743665167.7328 411.4258
1743665167.8365 411.4258
1743665167.9402 412.7148
1743665168.0439 412.7148
1743665168.1476 414.0039
1743665168.2521 414.0039
1743665168.3551 415.5508
1743665168.4586 415.5508
1743665168.5623 416.8398
1743665168.6660 416.8398
1743665168.7695 418.3867
1743665168.8732 418.3867
1743665168.9766 419.9336
1743665169.0800 419.9336
1743665169.1836 421.4805
1743665169.2871 421.4805
1743665169.3906 423.0273
1743665169.4941 423.0273
1743665169.5976 424.5742
1743665169.7011 424.5742
1743665169.8044 425.8633
1743665169.9080 427.1523
1743665170.0114 428.6992
1743665170.1148 428.6992
1743665170.2183 429.2148
1743665170.3218 431.7930
1743665170.4253 431.7930
1743665170.5289 434.6289
1743665170.6325 434.6289
1743665170.7361 434.6289
1743665170.8397 436.9492
1743665170.9435 436.9492
1743665171.0472 437.7227
1743665171.1507 440.0430
1743665171.2545 440.0430
1743665171.3581 442.1055
1743665171.4618 442.1055
1743665171.5655 445.1992
1743665171.6693 445.1992
1743665171.7731 445.1992
1743665171.8769 447.5195
1743665171.9807 447.5195
1743665172.0851 447.5195
1743665172.1887 449.0664
1743665172.2925 449.0664
1743665172.3966 449.0664
1743665172.5003 449.0664
1743665172.6043 450.0977
1743665172.7083 450.0977
1743665172.8123 450.0977
1743665172.9164 452.6758
1743665173.0202 452.6758
1743665173.1242 452.6758
1743665173.2281 453.7070
1743665173.3320 453.7070
1743665173.4359 455.5117
1743665173.5396 455.5117
1743665173.6435 456.2852
1743665173.7472 456.2852
1743665173.8510 456.2852
1743665173.9547 456.8008
1743665174.0584 460.1523
1743665174.1622 460.1523
1743665174.2659 460.1523
1743665174.3695 461.6992
1743665174.4733 461.6992
1743665174.5769 463.7617
1743665174.6805 463.7617
1743665174.7841 465.0508
1743665174.8879 465.0508
1743665174.9915 466.8555
1743665175.0957 466.8555
1743665175.1987 468.1445
1743665175.3023 468.1445
1743665175.4059 469.4336
1743665175.5096 469.4336
1743665175.6132 469.4336
1743665175.7171 469.4336
1743665175.8205 470.9805
1743665175.9244 470.9805
1743665176.0279 472.0117
1743665176.1316 472.0117
1743665176.2356 473.0430
1743665176.3394 473.0430
1743665176.4427 474.3320
1743665176.5465 474.3320
1743665176.6501 474.3320
1743665176.7538 474.3320
1743665176.8575 474.3320
1743665176.9612 476.1367
1743665177.0649 476.1367
1743665177.1685 476.9102
1743665177.2721 476.9102
1743665177.3759 477.9414
1743665177.4795 477.9414
1743665177.5831 477.9414
1743665177.6868 477.9414
1743665177.7905 481.0352
1743665177.8942 481.0352
1743665177.9978 481.0352
1743665178.1014 482.8398
1743665178.2052 482.8398
1743665178.3089 483.8711
1743665178.4125 483.8711
1743665178.5161 485.9336
1743665178.6199 485.9336
1743665178.7236 486.9648
1743665178.8272 486.9648
1743665178.9310 488.5117
1743665179.0347 488.5117
1743665179.1383 489.8008
1743665179.2421 489.8008
1743665179.3457 491.3477
1743665179.4494 491.3477
1743665179.5532 492.6367
1743665179.6568 492.6367
1743665179.7604 493.9258
1743665179.8641 493.9258
1743665179.9678 495.2148
1743665180.0714 495.2148
1743665180.1750 496.7617
1743665180.2787 496.7617
1743665180.3823 498.3086
1743665180.4861 498.3086
1743665180.5897 499.3398
1743665180.6933 499.3398
1743665180.7969 500.3711
1743665180.9007 500.3711
1743665181.0043 501.6602
1743665181.1079 501.6602
1743665181.2117 502.6914
1743665181.3154 502.6914
1743665181.4190 503.9805
1743665181.5226 503.9805
1743665181.6262 505.0117
1743665181.7298 505.0117
1743665181.8335 506.3008
1743665181.9372 506.3008
1743665182.0408 508.1055
1743665182.1444 508.1055
1743665182.2482 508.8789
1743665182.3518 508.8789
1743665182.4555 510.4258
1743665182.5591 510.4258
1743665182.6628 511.7148
1743665182.7664 511.7148
1743665182.8701 513.2617
1743665182.9737 513.2617
1743665183.0774 514.5508
1743665183.1810 514.5508
1743665183.2846 515.8398
1743665183.3882 515.8398
1743665183.4918 517.3867
1743665183.5954 517.3867
1743665183.6990 518.6758
1743665183.8028 518.6758
1743665183.9064 519.9648
1743665184.0100 519.9648
1743665184.1138 521.2539
1743665184.2175 521.2539
1743665184.3211 522.5430
1743665184.4247 522.5430
1743665184.5284 523.5742
1743665184.6322 523.5742
1743665184.7358 523.5742
1743665184.8395 523.5742
1743665184.9431 525.3789
1743665185.0467 525.3789
1743665185.1504 526.4102
1743665185.2540 526.4102
1743665185.3578 528.2148
1743665185.4614 528.2148
1743665185.5651 529.5039
1743665185.6687 529.5039
1743665185.7725 532.3398
1743665185.8761 532.3398
1743665185.9799 532.3398
1743665186.0836 534.6602
1743665186.1872 534.6602
1743665186.2909 534.6602
1743665186.3949 537.2383
1743665186.4985 537.2383
1743665186.6023 537.2383
1743665186.7060 538.5273
1743665186.8099 538.5273
1743665186.9139 538.5273
1743665187.0176 538.5273
1743665187.1216 540.5898
1743665187.2251 540.5898
1743665187.3290 541.8789
1743665187.4328 541.8789
1743665187.5366 542.3945
1743665187.6404 542.3945
1743665187.7441 542.3945
1743665187.8478 544.7148
1743665187.9514 544.7148
1743665188.0551 544.7148
1743665188.1586 544.7148
1743665188.2622 547.2930
1743665188.3657 547.2930
1743665188.4694 547.2930
1743665188.5728 549.6133
1743665188.6763 549.6133
1743665188.7797 549.6133
1743665188.8845 549.6133
1743665188.9866 549.6133
1743665189.0899 550.9023
1743665189.1933 550.9023
1743665189.2966 551.6758
1743665189.4000 551.6758
1743665189.5035 551.6758
1743665189.6070 554.5117
1743665189.7105 554.5117
1743665189.8140 554.5117
1743665189.9176 554.5117
1743665190.0212 554.5117
1743665190.1247 556.5742
1743665190.2283 556.5742
1743665190.3319 557.6055
1743665190.4357 557.6055
1743665190.5393 557.6055
1743665190.6430 557.6055
1743665190.7468 559.6680
1743665190.8504 559.6680
1743665190.9540 561.4727
1743665191.0578 561.4727
1743665191.1614 562.7617
1743665191.2650 562.7617
1743665191.3687 564.3086
1743665191.4725 564.3086
1743665191.5761 565.8555
1743665191.6797 565.8555
1743665191.7834 567.9180
1743665191.8871 567.9180
1743665191.9908 569.2070
1743665192.0946 569.2070
1743665192.1980 570.4961
1743665192.3016 570.4961
1743665192.4054 572.3008
1743665192.5089 572.3008
1743665192.6126 574.3633
1743665192.7162 574.3633
1743665192.8198 575.3945
1743665192.9234 575.3945
1743665193.0271 577.4570
1743665193.1307 577.4570
1743665193.2344 577.4570
1743665193.3380 577.4570
1743665193.4416 577.4570
1743665193.5454 579.5195
1743665193.6490 579.5195
1743665193.7527 580.5508
1743665193.8564 580.5508
1743665193.9601 582.3555
1743665194.0637 582.3555
1743665194.1675 582.3555
1743665194.2711 582.3555
1743665194.3748 583.6445
1743665194.4784 583.6445
1743665194.5821 584.4180
1743665194.6857 584.4180
1743665194.7894 585.4492
1743665194.8931 585.4492
1743665194.9968 586.7383
1743665195.1004 586.7383
1743665195.2040 588.0273
1743665195.3077 588.0273
1743665195.4114 589.0586
1743665195.5150 589.0586
1743665195.6187 590.0898
1743665195.7223 590.0898
1743665195.8261 590.3477
1743665195.9297 590.3477
1743665196.0334 590.3477
1743665196.1371 592.6680
1743665196.2408 592.6680
1743665196.3444 594.2148
1743665196.4481 594.2148
1743665196.5517 596.2773
1743665196.6555 596.2773
1743665196.7591 596.2773
1743665196.8627 596.2773
1743665196.9664 597.3086
1743665197.0702 597.3086
1743665197.1738 598.8555
1743665197.2774 598.8555
1743665197.3812 600.1445
1743665197.4848 600.1445
1743665197.5884 600.1445
1743665197.6922 600.1445
1743665197.7957 602.4648
1743665197.8994 602.4648
1743665198.0030 602.4648
1743665198.1066 604.2695
1743665198.2102 604.2695
1743665198.3139 604.2695
1743665198.4176 604.2695
1743665198.5212 604.7852
1743665198.6248 607.1055
1743665198.7284 607.1055
1743665198.8320 608.9102
1743665198.9357 608.9102
1743665199.0393 610.4570
1743665199.1430 610.4570
1743665199.2466 610.4570
1743665199.3502 613.0352
1743665199.4538 613.0352
1743665199.5575 613.8086
1743665199.6612 616.1289
1743665199.7648 616.1289
1743665199.8686 617.6758
1743665199.9723 617.6758
1743665200.0760 619.4805
1743665200.1797 619.4805
1743665200.2833 621.0273
1743665200.3869 621.0273
1743665200.4907 622.5742
1743665200.5943 622.5742
1743665200.6979 624.1211
1743665200.8016 624.1211
1743665200.9052 625.9258
1743665201.0090 625.9258
1743665201.1127 626.9570
1743665201.2162 626.9570
1743665201.3198 628.7617
1743665201.4234 628.7617
1743665201.5270 630.3086
1743665201.6306 630.3086
1743665201.7343 632.3711
1743665201.8377 632.3711
1743665201.9414 633.9180
1743665202.0449 633.9180
1743665202.1484 635.7227
1743665202.2518 636.2383
1743665202.3553 638.0430
1743665202.4589 638.0430
1743665202.5622 638.8164
1743665202.6656 640.3633
1743665202.7691 640.3633
1743665202.8724 642.4258
1743665202.9759 645.7773
1743665203.0794 645.7773
1743665203.1828 646.5508
1743665203.2862 647.8398
1743665203.3897 652.4805
1743665203.4931 652.4805
1743665203.5966 652.4805
1743665203.7002 652.7383
1743665203.8038 652.7383
1743665203.9073 653.5117
1743665204.0108 656.8633
1743665204.1144 656.8633
1743665204.2180 658.1523
1743665204.3216 659.4414
1743665204.4254 659.4414
1743665204.5289 659.4414
1743665204.6326 662.0195
1743665204.7365 662.0195
1743665204.8404 662.0195
1743665204.9443 664.3398
1743665205.0484 664.3398
1743665205.1524 664.3398
1743665205.2566 666.4023
1743665205.3608 666.4023
1743665205.4649 666.6602
1743665205.5692 669.2383
1743665205.6733 669.2383
1743665205.7774 669.2383
1743665205.8815 669.2383
1743665205.9854 669.2383
1743665206.0893 669.2383
1743665206.1932 669.2383
1743665206.2970 669.4961
1743665206.4008 671.8164
1743665206.5045 671.8164
1743665206.6082 671.8164
1743665206.7119 671.8164
1743665206.8157 671.8164
1743665206.9193 672.8477
1743665207.0231 672.8477
1743665207.1266 673.3633
1743665207.2303 675.6836
1743665207.3340 675.6836
1743665207.4376 675.6836
1743665207.5412 675.6836
1743665207.6450 675.9414
1743665207.7486 675.9414
1743665207.8522 676.7148
1743665207.9559 679.0352
1743665208.0595 679.0352
1743665208.1632 680.8398
1743665208.2668 680.8398
1743665208.3704 680.8398
1743665208.4740 680.8398
1743665208.5776 680.8398
1743665208.6813 682.1289
1743665208.7849 682.1289
1743665208.8885 682.1289
1743665208.9921 684.1914
1743665209.0959 684.1914
1743665209.1995 684.9648
1743665209.3032 684.9648
1743665209.4068 686.5117
1743665209.5106 686.5117
1743665209.6142 688.0586
1743665209.7179 688.0586
1743665209.8215 689.0898
1743665209.9253 689.0898
1743665210.0290 690.8945
1743665210.1328 690.8945
1743665210.2364 692.4414
1743665210.3400 692.4414
1743665210.4438 693.4727
1743665210.5473 693.4727
1743665210.6512 693.9883
1743665210.7547 693.9883
1743665210.8585 695.7930
1743665210.9619 699.1445
1743665211.0655 699.1445
1743665211.1694 699.1445
1743665211.2729 701.7227
1743665211.3765 701.7227
1743665211.4803 702.2383
1743665211.5839 704.5586
1743665211.6875 704.5586
1743665211.7911 706.6211
1743665211.8947 706.6211
1743665211.9985 708.4258
1743665212.1021 708.4258
1743665212.2059 710.2305
1743665212.3095 710.2305
1743665212.4131 712.0352
1743665212.5168 712.0352
1743665212.6205 714.0977
1743665212.7243 714.0977
1743665212.8278 715.9023
1743665212.9314 715.9023
1743665213.0350 717.4492
1743665213.1395 717.4492
1743665213.2423 718.9961
1743665213.3460 718.9961
1743665213.4496 720.5430
1743665213.5533 720.5430
1743665213.6569 721.8320
1743665213.7607 721.8320
1743665213.8643 723.1211
1743665213.9680 723.1211
1743665214.0720 724.4102
1743665214.1754 724.4102
1743665214.2790 725.9570
1743665214.3828 725.9570
1743665214.4863 727.5039
1743665214.5901 727.5039
1743665214.6938 729.3086
1743665214.7974 729.3086
1743665214.9011 732.1445
1743665215.0048 732.1445
1743665215.1084 732.1445
1743665215.2122 735.4961
1743665215.3161 735.4961
1743665215.4196 735.4961
1743665215.5232 739.3633
1743665215.6269 739.3633
1743665215.7307 740.1367
1743665215.8343 744.0039
1743665215.9380 744.0039
1743665216.0416 744.0039
1743665216.1453 744.0039
1743665216.2489 745.8086
1743665216.3527 745.8086
1743665216.4563 747.8711
1743665216.5600 747.8711
1743665216.6638 749.6758
1743665216.7674 749.6758
1743665216.8711 749.6758
1743665216.9747 749.6758
1743665217.0785 751.4805
1743665217.1822 751.4805
1743665217.2858 752.7695
1743665217.3896 752.7695
1743665217.4932 753.5430
1743665217.5969 753.5430
1743665217.7005 753.8008
1743665217.8042 756.1211
1743665217.9078 756.1211
1743665218.0114 756.1211
1743665218.1150 756.1211
1743665218.2186 758.6992
1743665218.3222 758.6992
1743665218.4259 760.2461
1743665218.5295 760.2461
1743665218.6331 762.0508
1743665218.7368 762.0508
1743665218.8405 763.5977
1743665218.9441 763.5977
1743665219.0477 764.8867
1743665219.1513 764.8867
1743665219.2549 766.1758
1743665219.3586 766.1758
1743665219.4623 767.7227
1743665219.5659 767.7227
1743665219.6696 769.0117
1743665219.7733 769.0117
1743665219.8767 770.3008
1743665219.9804 770.3008
1743665220.0839 771.3320
1743665220.1876 771.3320
1743665220.2912 772.3633
1743665220.3949 772.3633
1743665220.4985 772.3633
1743665220.6023 772.3633
1743665220.7059 775.1992
1743665220.8096 775.1992
1743665220.9133 775.1992
1743665221.0169 776.2305
1743665221.1206 776.2305
1743665221.2243 776.2305
1743665221.3280 776.2305
1743665221.4317 779.0664
1743665221.5354 779.0664
1743665221.6391 779.0664
1743665221.7428 781.1289
1743665221.8464 781.1289
1743665221.9500 782.1602
1743665222.0536 782.1602
1743665222.1574 782.6758
1743665222.2610 785.7695
1743665222.3646 785.7695
1743665222.4684 785.7695
1743665222.5720 788.6055
1743665222.6756 788.6055
1743665222.7792 788.6055
1743665222.8828 790.6680
1743665222.9866 790.6680
1743665223.0902 792.4727
1743665223.1938 792.4727
1743665223.2974 793.7617
1743665223.4012 793.7617
1743665223.5048 795.5664
1743665223.6084 795.5664
1743665223.7120 797.1133
1743665223.8156 797.1133
1743665223.9193 798.6602
1743665224.0229 798.6602
1743665224.1265 799.9492
1743665224.2299 799.9492
1743665224.3335 801.4961
1743665224.4368 801.4961
1743665224.5403 803.0430
1743665224.6437 803.0430
1743665224.7470 805.3633
1743665224.8504 805.3633
1743665224.9538 805.3633
1743665225.0571 808.1992
1743665225.1605 808.1992
1743665225.2640 808.1992
1743665225.3675 811.0352
1743665225.4710 811.0352
1743665225.5745 811.0352
1743665225.6779 814.1289
1743665225.7815 814.1289
1743665225.8851 814.1289
1743665225.9888 817.2227
1743665226.0924 817.2227
1743665226.1960 817.7383
1743665226.3002 820.3164
1743665226.4035 820.3164
1743665226.5074 821.3477
1743665226.6113 821.3477
1743665226.7152 822.6367
1743665226.8193 822.6367
1743665226.9238 824.1836
1743665227.0276 824.1836
1743665227.1317 825.7305
1743665227.2357 825.7305
1743665227.3398 827.2773
1743665227.4436 827.2773
1743665227.5474 828.5664
1743665227.6513 828.5664
1743665227.7552 830.1133
1743665227.8590 830.1133
1743665227.9628 831.6602
1743665228.0665 831.6602
1743665228.1702 833.2070
1743665228.2740 833.2070
1743665228.3776 834.7539
1743665228.4813 834.7539
1743665228.5851 836.0430
1743665228.6887 836.0430
1743665228.7924 837.5898
1743665228.8962 837.5898
1743665228.9999 839.1367
1743665229.1036 839.1367
1743665229.2074 840.4258
1743665229.3111 840.4258
1743665229.4147 841.9727
1743665229.5185 841.9727
1743665229.6221 843.5195
1743665229.7259 843.5195
1743665229.8294 844.5508
1743665229.9331 844.5508
1743665230.0368 845.5820
1743665230.1405 845.5820
1743665230.2440 847.6445
1743665230.3483 847.6445
1743665230.4514 849.7070
1743665230.5551 849.7070
1743665230.6586 850.2227
1743665230.7623 852.5430
1743665230.8659 852.5430
1743665230.9695 853.8320
1743665231.0731 853.8320
1743665231.1768 855.3789
1743665231.2804 855.3789
1743665231.3841 856.6680
1743665231.4878 856.6680
1743665231.5914 858.2148
1743665231.6950 858.2148
1743665231.7986 859.5039
1743665231.9024 859.5039
1743665232.0060 861.3086
1743665232.1096 861.3086
1743665232.2132 863.1133
1743665232.3170 863.1133
1743665232.4207 866.2070
1743665232.5244 866.2070
1743665232.6279 866.2070
1743665232.7317 869.0430
1743665232.8353 869.0430
1743665232.9394 869.0430
1743665233.0427 870.5898
1743665233.1463 870.5898
1743665233.2500 872.9102
1743665233.3538 872.9102
1743665233.4574 872.9102
1743665233.5611 874.1992
1743665233.6647 874.1992
1743665233.7683 875.4883
1743665233.8721 875.4883
1743665233.9757 878.3242
1743665234.0793 878.3242
1743665234.1829 878.3242
1743665234.2867 880.6445
1743665234.3903 880.6445
1743665234.4940 880.6445
1743665234.5978 883.7383
1743665234.7014 883.7383
1743665234.8051 883.9961
1743665234.9089 886.3164
1743665235.0126 886.3164
1743665235.1164 887.8633
1743665235.2200 887.8633
1743665235.3237 889.6680
1743665235.4276 889.6680
1743665235.5311 889.6680
1743665235.6348 891.4727
1743665235.7389 891.4727
1743665235.8422 894.0508
1743665235.9464 894.0508
1743665236.0496 894.8242
1743665236.1532 897.9180
1743665236.2568 897.9180
1743665236.3607 897.9180
1743665236.4639 900.7539
1743665236.5675 900.7539
1743665236.6712 900.7539
1743665236.7748 903.8477
1743665236.8786 903.8477
1743665236.9822 903.8477
1743665237.0861 905.3945
1743665237.1897 905.3945
1743665237.2936 907.9727
1743665237.3972 907.9727
1743665237.5014 907.9727
1743665237.6050 910.2930
1743665237.7088 911.5820
1743665237.8122 913.1289
1743665237.9161 913.1289
1743665238.0198 914.6758
1743665238.1234 918.0273
1743665238.2271 918.0273
1743665238.3308 918.8008
1743665238.4345 922.1523
1743665238.5381 922.1523
1743665238.6419 922.1523
1743665238.7455 925.2461
1743665238.8491 925.2461
1743665238.9527 925.7617
1743665239.0565 929.1133
1743665239.1601 929.1133
1743665239.2638 929.1133
1743665239.3673 932.4648
1743665239.4709 932.4648
1743665239.5746 932.7227
1743665239.6783 936.3320
1743665239.7818 936.3320
1743665239.8854 936.5898
1743665239.9891 939.9414
1743665240.0928 939.9414
1743665240.1965 940.7148
1743665240.3001 944.3242
1743665240.4038 944.3242
1743665240.5075 944.8398
1743665240.6111 948.1914
1743665240.7146 948.1914
1743665240.8183 948.1914
1743665240.9218 951.5430
1743665241.0254 951.5430
1743665241.1291 952.0586
1743665241.2327 953.6055
1743665241.3361 953.6055
1743665241.4398 955.1523
1743665241.5434 956.6992
1743665241.6470 961.3398
1743665241.7506 961.3398
1743665241.8542 961.3398
1743665241.9578 961.3398
1743665242.0615 961.3398
1743665242.1651 963.4023
1743665242.2686 963.4023
1743665242.3722 963.4023
1743665242.4757 963.4023
1743665242.5792 964.1758
1743665242.6826 967.2695
1743665242.7861 967.2695
1743665242.8899 967.7852
1743665242.9930 970.3633
1743665243.0964 970.3633
1743665243.1997 973.1992
1743665243.3031 973.1992
1743665243.4065 973.1992
1743665243.5099 975.0039
1743665243.6136 975.0039
1743665243.7170 977.0664
1743665243.8205 977.0664
1743665243.9244 979.9023
1743665244.0276 979.9023
1743665244.1313 979.9023
1743665244.2347 982.2227
1743665244.3384 982.2227
1743665244.4420 982.2227
1743665244.5455 984.2852
1743665244.6492 984.2852
1743665244.7528 984.2852
1743665244.8566 986.6055
1743665244.9602 986.6055
1743665245.0639 986.6055
1743665245.1677 989.1836
1743665245.2714 989.1836
1743665245.3753 989.4414
1743665245.4793 989.4414
1743665245.5831 990.2148
1743665245.6871 992.7930
1743665245.7912 992.7930
1743665245.8951 994.8555
1743665245.9991 994.8555
1743665246.1031 996.9180
1743665246.2069 996.9180
1743665246.3108 999.7539
1743665246.4147 999.7539
1743665246.5184 999.7539
1743665246.6222 1001.3008
1743665246.7259 1001.3008
1743665246.8296 1003.1055
1743665246.9333 1003.1055
1743665247.0370 1005.1680
1743665247.1406 1005.1680
1743665247.2442 1007.2305
1743665247.3478 1007.2305
1743665247.4515 1009.2930
1743665247.5552 1009.2930
1743665247.6588 1011.0977
1743665247.7625 1011.0977
1743665247.8662 1013.1602
1743665247.9698 1013.1602
1743665248.0734 1014.9648
1743665248.1771 1014.9648
1743665248.2806 1017.0273
1743665248.3842 1017.0273
1743665248.4880 1017.0273
1743665248.5916 1019.3477
1743665248.6953 1020.3789
1743665248.7990 1020.3789
1743665248.9027 1021.1523
1743665249.0063 1023.4727
1743665249.1100 1023.4727
1743665249.2138 1025.7930
1743665249.3174 1025.7930
1743665249.4211 1027.5977
1743665249.5249 1027.5977
1743665249.6286 1029.4023
1743665249.7322 1029.4023
1743665249.8360 1031.2070
1743665249.9396 1031.2070
1743665250.0434 1031.7227
1743665250.1470 1031.7227
1743665250.2506 1031.7227
1743665250.3542 1034.0430
1743665250.4580 1034.0430
1743665250.5615 1035.0742
1743665250.6652 1035.0742
1743665250.7688 1036.3633
1743665250.8725 1037.6523
1743665250.9763 1037.6523
1743665251.0799 1038.4258
1743665251.1836 1039.7148
1743665251.2874 1039.7148
1743665251.3910 1041.2617
1743665251.4948 1042.2930
1743665251.5983 1046.1602
1743665251.7021 1046.1602
1743665251.8057 1046.9336
1743665251.9093 1046.9336
1743665252.0130 1047.9648
1743665252.1167 1047.9648
1743665252.2203 1050.2852
1743665252.3239 1051.5742
1743665252.4275 1051.5742
1743665252.5311 1052.0898
1743665252.6348 1055.4414
1743665252.7385 1055.4414
1743665252.8421 1056.9883
1743665252.9456 1057.7617
1743665253.0492 1057.7617
1743665253.1527 1059.0508
1743665253.2562 1060.0820
1743665253.3598 1060.0820
1743665253.4633 1063.6914
1743665253.5669 1063.6914
1743665253.6704 1066.0117
1743665253.7739 1067.0430
1743665253.8775 1067.0430
1743665253.9810 1068.5898
1743665254.0845 1068.8477
1743665254.1880 1068.8477
1743665254.2914 1071.9414
1743665254.3949 1071.9414
1743665254.4986 1071.9414
1743665254.6020 1074.5195
1743665254.7057 1074.5195
1743665254.8093 1076.5820
1743665254.9129 1076.5820
1743665255.0167 1078.1289
1743665255.1204 1078.1289
1743665255.2240 1078.1289
1743665255.3277 1079.9336
1743665255.4314 1081.2227
1743665255.5351 1081.2227
1743665255.6388 1081.4805
1743665255.7426 1081.4805
1743665255.8462 1081.9961
1743665255.9500 1084.5742
1743665256.0539 1084.5742
1743665256.1578 1085.3477
1743665256.2618 1085.3477
1743665256.3658 1086.6367
1743665256.4698 1088.9570
1743665256.5737 1088.9570
1743665256.6778 1088.9570
1743665256.7817 1088.9570
1743665256.8858 1092.0508
1743665256.9898 1092.0508
1743665257.0939 1092.0508
1743665257.1978 1094.1133
1743665257.3026 1094.1133
1743665257.4061 1094.1133
1743665257.5102 1096.4336
1743665257.6141 1096.4336
1743665257.7183 1096.4336
1743665257.8225 1098.7539
1743665257.9265 1098.7539
1743665258.0306 1099.7852
1743665258.1347 1100.8164
1743665258.2386 1100.8164
1743665258.3426 1101.0742
1743665258.4465 1104.4258
1743665258.5502 1104.4258
1743665258.6540 1104.4258
1743665258.7575 1105.7148
1743665258.8612 1105.7148
1743665258.9646 1105.7148
1743665259.0681 1106.7461
1743665259.1718 1107.2617
1743665259.2754 1107.2617
1743665259.3789 1107.7773
1743665259.4825 1107.7773
1743665259.5860 1108.2930
1743665259.6893 1109.5820
1743665259.7928 1109.5820
1743665259.8962 1109.5820
1743665259.9997 1113.7070
1743665260.1032 1113.7070
1743665260.2068 1113.7070
1743665260.3103 1113.7070
1743665260.4138 1113.7070
1743665260.5173 1113.7070
1743665260.6207 1113.7070
1743665260.7243 1113.7070
1743665260.8279 1113.7070
1743665260.9315 1114.4805
1743665261.0351 1114.4805
1743665261.1388 1114.4805
1743665261.2426 1116.8008
1743665261.3462 1116.8008
1743665261.4498 1119.3789
1743665261.5534 1119.3789
1743665261.6572 1119.3789
1743665261.7608 1120.9258
1743665261.8644 1120.9258
1743665261.9680 1122.9883
1743665262.0717 1122.9883
1743665262.1754 1124.0195
1743665262.2790 1124.0195
1743665262.3826 1125.3086
1743665262.4862 1125.3086
1743665262.5899 1125.3086
1743665262.6936 1125.3086
1743665262.7972 1125.3086
1743665262.9010 1127.3711
1743665263.0045 1127.3711
1743665263.1083 1128.1445
1743665263.2120 1128.1445
1743665263.3155 1129.6914
1743665263.4192 1129.6914
1743665263.5229 1129.6914
1743665263.6267 1129.6914
1743665263.7302 1130.9805
1743665263.8338 1130.9805
1743665263.9376 1132.2695
1743665264.0413 1132.2695
1743665264.1450 1133.3008
1743665264.2487 1133.3008
1743665264.3524 1134.3320
1743665264.4561 1134.3320
1743665264.5598 1136.6523
1743665264.6635 1136.6523
1743665264.7671 1136.6523
1743665264.8707 1136.6523
1743665264.9745 1136.6523
1743665265.0781 1138.4570
1743665265.1817 1138.4570
1743665265.2853 1140.0039
1743665265.3889 1140.0039
1743665265.4925 1141.2930
1743665265.5962 1141.2930
1743665265.6998 1142.5820
1743665265.8034 1142.5820
1743665265.9070 1143.8711
1743665266.0106 1143.8711
1743665266.1144 1144.9023
1743665266.2180 1144.9023
1743665266.3217 1145.6758
1743665266.4252 1145.6758
1743665266.5290 1145.9336
1743665266.6327 1149.2852
1743665266.7364 1149.2852
1743665266.8402 1149.2852
1743665266.9437 1151.3477
1743665267.0472 1151.3477
1743665267.1509 1151.3477
1743665267.2545 1153.6680
1743665267.3581 1153.6680
1743665267.4617 1153.6680
1743665267.5655 1154.9570
1743665267.6693 1154.9570
1743665267.7727 1155.7305
1743665267.8765 1155.7305
1743665267.9801 1155.7305
1743665268.0838 1155.7305
1743665268.1873 1156.7617
1743665268.2912 1156.7617
1743665268.3948 1157.5352
1743665268.4983 1157.5352
1743665268.6019 1159.0820
1743665268.7055 1159.0820
1743665268.8092 1159.0820
1743665268.9129 1159.3398
1743665269.0165 1159.3398
1743665269.1202 1159.3398
1743665269.2240 1161.9180
1743665269.3276 1161.9180
1743665269.4313 1161.9180
1743665269.5351 1161.9180
1743665269.6387 1163.4648
1743665269.7424 1163.4648
1743665269.8461 1163.4648
1743665269.9498 1163.4648
1743665270.0535 1163.4648
1743665270.1571 1164.4961
1743665270.2609 1166.0430
1743665270.3645 1166.0430
1743665270.4682 1166.0430
1743665270.5718 1167.3320
1743665270.6755 1167.3320
1743665270.7791 1169.3945
1743665270.8827 1169.3945
1743665270.9863 1170.1680
1743665271.0900 1170.1680
1743665271.1938 1170.1680
1743665271.2974 1171.4570
1743665271.4011 1171.4570
1743665271.5047 1171.4570
1743665271.6085 1171.4570
1743665271.7121 1171.4570
1743665271.8158 1171.4570
1743665271.9196 1171.4570
1743665272.0233 1171.4570
1743665272.1271 1171.9727
1743665272.2309 1171.9727
1743665272.3347 1171.9727
1743665272.4385 1173.7773
1743665272.5424 1173.7773
1743665272.6461 1173.7773
1743665272.7500 1173.7773
1743665272.8538 1175.5820
1743665272.9575 1175.5820
1743665273.0614 1175.5820
1743665273.1651 1175.5820
1743665273.2688 1175.5820
1743665273.3726 1175.5820
1743665273.4763 1175.5820
1743665273.5799 1175.5820
1743665273.6835 1175.5820
1743665273.7872 1175.5820
1743665273.8908 1175.5820
1743665273.9943 1175.5820
1743665274.0978 1175.5820
1743665274.2012 1175.5820
1743665274.3046 1177.6445
1743665274.4081 1177.6445
1743665274.5115 1177.6445
1743665274.6148 1177.6445
1743665274.7183 1177.6445
1743665274.8217 1177.6445
1743665274.9252 1177.6445
1743665275.0287 1177.6445
1743665275.1320 1180.2227
1743665275.2355 1180.2227
1743665275.3390 1180.2227
1743665275.4425 1180.2227
1743665275.5460 1180.2227
1743665275.6496 1182.0273
1743665275.7531 1182.0273
1743665275.8567 1182.0273
1743665275.9602 1182.0273
1743665276.0640 1182.0273
1743665276.1674 1183.5742
1743665276.2711 1183.5742
1743665276.3747 1183.5742
1743665276.4783 1183.5742
1743665276.5819 1183.8320
1743665276.6855 1183.8320
1743665276.7891 1184.6055
1743665276.8929 1186.6680
1743665276.9965 1186.6680
1743665277.1001 1186.6680
1743665277.2038 1187.1836
1743665277.3075 1189.5039
1743665277.4111 1189.5039
1743665277.5147 1189.5039
1743665277.6183 1189.5039
1743665277.7219 1191.8242
1743665277.8255 1191.8242
1743665277.9293 1191.8242
1743665278.0329 1191.8242
1743665278.1365 1192.5977
1743665278.2401 1192.5977
1743665278.3438 1192.5977
1743665278.4474 1193.3711
1743665278.5511 1193.3711
1743665278.6547 1193.6289
1743665278.7585 1195.9492
1743665278.8621 1195.9492
1743665278.9657 1195.9492
1743665279.0693 1195.9492
1743665279.1729 1198.2695
1743665279.2765 1198.2695
1743665279.3803 1198.2695
1743665279.4839 1199.0430
1743665279.5876 1199.0430
1743665279.6912 1199.0430
1743665279.7949 1199.0430
1743665279.8985 1201.8789
1743665280.0022 1201.8789
1743665280.1058 1201.8789
1743665280.2094 1201.8789
1743665280.3131 1201.8789
1743665280.4167 1203.4258
1743665280.5204 1203.4258
1743665280.6240 1204.9727
1743665280.7276 1204.9727
1743665280.8313 1204.9727
1743665280.9349 1205.2305
1743665281.0385 1208.0664
1743665281.1421 1208.0664
1743665281.2456 1208.0664
1743665281.3492 1209.6133
1743665281.4528 1209.6133
1743665281.5564 1210.9023
1743665281.6599 1210.9023
1743665281.7636 1210.9023
1743665281.8672 1210.9023
1743665281.9707 1213.4805
1743665282.0743 1213.4805
1743665282.1779 1213.4805
1743665282.2815 1215.0273
1743665282.3851 1215.0273
1743665282.4886 1215.0273
1743665282.5922 1215.0273
1743665282.6960 1215.0273
1743665282.7996 1218.1211
1743665282.9032 1218.1211
1743665283.0068 1218.1211
1743665283.1104 1220.1836
1743665283.2140 1220.1836
1743665283.3178 1220.1836
1743665283.4214 1222.7617
1743665283.5250 1222.7617
1743665283.6286 1222.7617
1743665283.7323 1224.3086
1743665283.8359 1224.3086
1743665283.9396 1226.1133
1743665284.0432 1226.1133
1743665284.1468 1226.8867
1743665284.2505 1226.8867
1743665284.3542 1228.6914
1743665284.4578 1228.6914
1743665284.5614 1229.4648
1743665284.6651 1229.4648
1743665284.7686 1232.3008
1743665284.8724 1232.3008
1743665284.9760 1232.3008
1743665285.0797 1232.3008
1743665285.1835 1232.3008
1743665285.2871 1234.1055
1743665285.3909 1234.1055
1743665285.4945 1235.3945
1743665285.5982 1235.3945
1743665285.7018 1235.3945
1743665285.8055 1235.3945
1743665285.9090 1235.9102
1743665286.0128 1235.9102
1743665286.1164 1235.9102
1743665286.2201 1237.7148
1743665286.3236 1237.7148
1743665286.4272 1237.7148
1743665286.5308 1237.7148
1743665286.6342 1237.7148
1743665286.7377 1237.7148
1743665286.8412 1240.2930
1743665286.9447 1240.2930
1743665287.0481 1240.2930
1743665287.1516 1240.2930
1743665287.2550 1240.2930
1743665287.3584 1240.2930
1743665287.4619 1241.3242
1743665287.5654 1241.3242
1743665287.6689 1241.3242
1743665287.7725 1241.3242
1743665287.8760 1241.3242
1743665287.9796 1243.9023
1743665288.0832 1243.9023
1743665288.1867 1245.7070
1743665288.2911 1245.7070
1743665288.3939 1245.7070
1743665288.4975 1245.7070
1743665288.6016 1248.8008
1743665288.7047 1248.8008
1743665288.8084 1248.8008
1743665288.9121 1248.8008
1743665289.0159 1248.8008
1743665289.1194 1248.8008
1743665289.2231 1248.8008
1743665289.3270 1248.8008
1743665289.4307 1248.8008
1743665289.5345 1248.8008
1743665289.6383 1250.0898
1743665289.7423 1250.0898
1743665289.8462 1251.8945
1743665289.9502 1251.8945
1743665290.0540 1251.8945
1743665290.1580 1251.8945
1743665290.2619 1251.8945
1743665290.3659 1251.8945
1743665290.4698 1251.8945
1743665290.5736 1251.8945
1743665290.6775 1251.8945
1743665290.7812 1251.8945
1743665290.8850 1251.8945
1743665290.9892 1251.8945
1743665291.0925 1251.8945
1743665291.1962 1251.8945
1743665291.2998 1251.8945
1743665291.4035 1251.8945
1743665291.5072 1251.8945
1743665291.6108 1251.8945
1743665291.7144 1251.8945
1743665291.8180 1252.4102
1743665291.9216 1252.4102
1743665292.0254 1252.4102
1743665292.1288 1252.4102
1743665292.2326 1252.4102
1743665292.3362 1252.9258
1743665292.4398 1252.9258
1743665292.5434 1252.9258
1743665292.6472 1252.9258
1743665292.7509 1252.9258
1743665292.8547 1253.1836
1743665292.9584 1253.1836
1743665293.0621 1253.6992
1743665293.1659 1253.6992
1743665293.2697 1253.9570
1743665293.3732 1253.9570
1743665293.4770 1254.2148
1743665293.5806 1254.2148
1743665293.6843 1254.4727
1743665293.7879 1254.4727
1743665293.8917 1254.7305
1743665293.9953 1254.7305
1743665294.0989 1254.9883
1743665294.2025 1254.9883
1743665294.3062 1255.2461
1743665294.4098 1255.2461
1743665294.5134 1255.5039
1743665294.6170 1255.5039
1743665294.7206 1255.5039
1743665294.8241 1255.5039
1743665294.9277 1255.5039
1743665295.0314 1258.0820
1743665295.1350 1258.0820
1743665295.2386 1258.0820
1743665295.3422 1258.0820
1743665295.4459 1258.0820
1743665295.5495 1258.0820
1743665295.6533 1258.0820
1743665295.7570 1258.3398
1743665295.8608 1258.3398
1743665295.9645 1258.5977
1743665296.0682 1261.9492
1743665296.1720 1261.9492
1743665296.2756 1261.9492
1743665296.3794 1261.9492
1743665296.4831 1261.9492
1743665296.5867 1261.9492
1743665296.6905 1261.9492
1743665296.7940 1261.9492
1743665296.8978 1261.9492
1743665297.0014 1261.9492
1743665297.1050 1261.9492
1743665297.2085 1261.9492
1743665297.3121 1261.9492
1743665297.4157 1261.9492
1743665297.5193 1261.9492
1743665297.6227 1263.7539
1743665297.7263 1263.7539
1743665297.8299 1263.7539
1743665297.9333 1263.7539
1743665298.0369 1263.7539
1743665298.1407 1264.5273
1743665298.2443 1264.5273
1743665298.3479 1264.5273
1743665298.4517 1265.8164
1743665298.5553 1265.8164
1743665298.6591 1265.8164
1743665298.7627 1268.1367
1743665298.8662 1268.1367
1743665298.9699 1269.1680
1743665299.0735 1269.1680
1743665299.1771 1269.4258
1743665299.2806 1269.4258
1743665299.3842 1269.6836
1743665299.4877 1272.0039
1743665299.5913 1272.0039
1743665299.6949 1273.0352
1743665299.7985 1273.0352
1743665299.9020 1274.3242
1743665300.0056 1274.3242
1743665300.1094 1275.3555
1743665300.2131 1275.3555
1743665300.3167 1276.9023
1743665300.4205 1276.9023
1743665300.5242 1278.1914
1743665300.6278 1278.1914
1743665300.7316 1279.7383
1743665300.8352 1279.7383
1743665300.9389 1281.0273
1743665301.0425 1281.0273
1743665301.1463 1282.0586
1743665301.2499 1282.0586
1743665301.3535 1283.3477
1743665301.4571 1283.3477
1743665301.5607 1285.1523
1743665301.6644 1285.1523
1743665301.7680 1285.9258
1743665301.8716 1285.9258
1743665301.9752 1286.6992
1743665302.0787 1289.2773
1743665302.1822 1289.2773
1743665302.2858 1291.3398
1743665302.3894 1291.3398
1743665302.4929 1293.4023
1743665302.5965 1293.4023
1743665302.7001 1294.6914
1743665302.8037 1294.6914
1743665302.9075 1297.2695
1743665303.0111 1297.2695
1743665303.1149 1297.2695
1743665303.2185 1299.5898
1743665303.3222 1300.1055
1743665303.4259 1301.1367
1743665303.5296 1301.1367
1743665303.6332 1303.9727
1743665303.7369 1303.9727
1743665303.8405 1305.5195
1743665303.9443 1308.8711
1743665304.0479 1308.8711
1743665304.1515 1308.8711
1743665304.2552 1312.4805
1743665304.3589 1312.4805
1743665304.4625 1312.4805
1743665304.5661 1316.0898
1743665304.6697 1316.0898
1743665304.7733 1316.3477
1743665304.8769 1319.6992
1743665304.9805 1319.6992
1743665305.0842 1319.9570
1743665305.1877 1323.3086
1743665305.2914 1323.3086
1743665305.3950 1323.3086
1743665305.4986 1326.6602
1743665305.6024 1326.6602
1743665305.7061 1326.9180
1743665305.8097 1330.2695
1743665305.9135 1330.2695
1743665306.0171 1330.2695
1743665306.1208 1332.5898
1743665306.2244 1332.5898
1743665306.3282 1335.4258
1743665306.4319 1335.4258
1743665306.5355 1335.4258
1743665306.6392 1336.7148
1743665306.7429 1336.7148
1743665306.8465 1337.7461
1743665306.9501 1337.7461
1743665307.0537 1339.2930
1743665307.1573 1339.2930
1743665307.2610 1340.5820
1743665307.3646 1340.5820
1743665307.4682 1342.1289
1743665307.5718 1342.1289
1743665307.6753 1343.6758
1743665307.7789 1343.6758
1743665307.8825 1346.5117
1743665307.9861 1346.5117
1743665308.0896 1346.5117
1743665308.1933 1348.8320
1743665308.2969 1348.8320
1743665308.4005 1350.8945
1743665308.5042 1350.8945
1743665308.6078 1352.6992
1743665308.7116 1352.6992
1743665308.8153 1354.5039
1743665308.9189 1354.5039
1743665309.0227 1356.0508
1743665309.1263 1356.0508
1743665309.2299 1357.5977
1743665309.3336 1357.5977
1743665309.4373 1359.1445
1743665309.5410 1359.1445
1743665309.6446 1360.4336
1743665309.7483 1360.4336
1743665309.8520 1361.7227
1743665309.9556 1361.7227
1743665310.0592 1363.2695
1743665310.1628 1363.2695
1743665310.2664 1364.3008
1743665310.3702 1364.3008
1743665310.4738 1365.5898
1743665310.5774 1365.5898
1743665310.6811 1366.8789
1743665310.7848 1366.8789
1743665310.8885 1368.1680
1743665310.9922 1368.1680
1743665311.0959 1369.4570
1743665311.1996 1369.4570
1743665311.3033 1371.0039
1743665311.4070 1371.0039
1743665311.5106 1372.8086
1743665311.6142 1372.8086
1743665311.7178 1374.6133
1743665311.8213 1374.6133
1743665311.9247 1376.1602
1743665312.0280 1376.1602
1743665312.1313 1377.4492
1743665312.2346 1377.4492
1743665312.3380 1379.2539
1743665312.4414 1379.2539
1743665312.5449 1380.8008
1743665312.6483 1380.8008
1743665312.7518 1382.3477
1743665312.8554 1382.3477
1743665312.9591 1383.6367
1743665313.0627 1383.6367
1743665313.1664 1385.1836
1743665313.2702 1385.1836
1743665313.3739 1386.7305
1743665313.4777 1386.7305
1743665313.5815 1388.2773
1743665313.6854 1388.2773
1743665313.7894 1389.8242
1743665313.8932 1389.8242
1743665313.9971 1391.3711
1743665314.1011 1391.3711
1743665314.2050 1392.9180
1743665314.3088 1392.9180
1743665314.4126 1393.9492
1743665314.5164 1393.9492
1743665314.6202 1393.9492
1743665314.7239 1393.9492
1743665314.8276 1395.2383
1743665314.9313 1395.2383
1743665315.0350 1397.0430
1743665315.1386 1397.0430
1743665315.2422 1397.0430
1743665315.3459 1397.0430
1743665315.4496 1398.8477
1743665315.5532 1398.8477
1743665315.6568 1400.1367
1743665315.7604 1400.1367
1743665315.8640 1400.1367
1743665315.9678 1400.1367
1743665316.0714 1402.4570
1743665316.1752 1402.4570
1743665316.2789 1402.4570
1743665316.3824 1402.4570
1743665316.4861 1404.2617
1743665316.5898 1404.2617
1743665316.6935 1405.5508
1743665316.7972 1405.5508
1743665316.9009 1408.1289
1743665317.0046 1408.1289
1743665317.1084 1408.1289
1743665317.2121 1410.4492
1743665317.3158 1410.4492
1743665317.4195 1412.2539
1743665317.5231 1412.2539
1743665317.6269 1414.3164
1743665317.7305 1414.3164
1743665317.8342 1414.3164
1743665317.9379 1414.3164
1743665318.0416 1416.3789
1743665318.1454 1416.3789
1743665318.2490 1417.6680
1743665318.3526 1417.6680
1743665318.4561 1419.2148
1743665318.5598 1419.2148
1743665318.6634 1420.5039
1743665318.7670 1420.5039
1743665318.8708 1422.0508
1743665318.9744 1422.0508
1743665319.0783 1423.3398
1743665319.1816 1423.3398
1743665319.2852 1423.3398
1743665319.3890 1423.3398
1743665319.4926 1424.8867
1743665319.5962 1424.8867
1743665319.6998 1424.8867
1743665319.8036 1424.8867
1743665319.9072 1427.2070
1743665320.0108 1427.2070
1743665320.1145 1428.2383
1743665320.2181 1428.2383
1743665320.3219 1430.0430
1743665320.4256 1430.0430
1743665320.5292 1430.0430
1743665320.6329 1430.0430
1743665320.7365 1432.1055
1743665320.8402 1432.1055
1743665320.9438 1433.6523
1743665321.0474 1433.6523
1743665321.1511 1434.6836
1743665321.2547 1434.6836
1743665321.3583 1435.9727
1743665321.4620 1435.9727
1743665321.5656 1437.0039
1743665321.6695 1437.0039
1743665321.7731 1438.2930
1743665321.8769 1438.2930
1743665321.9806 1439.8398
1743665322.0844 1439.8398
1743665322.1881 1441.6445
1743665322.2917 1441.6445
1743665322.3954 1443.4492
1743665322.4991 1443.4492
1743665322.6028 1444.9961
1743665322.7065 1444.9961
1743665322.8103 1446.5430
1743665322.9139 1446.5430
1743665323.0177 1448.0898
1743665323.1215 1448.0898
1743665323.2252 1449.3789
1743665323.3290 1449.3789
1743665323.4328 1450.6680
1743665323.5366 1450.6680
1743665323.6402 1451.9570
1743665323.7439 1451.9570
1743665323.8476 1453.2461
1743665323.9512 1453.2461
1743665324.0549 1454.5352
1743665324.1587 1454.5352
1743665324.2623 1455.8242
1743665324.3659 1455.8242
1743665324.4696 1457.3711
1743665324.5732 1457.3711
1743665324.6770 1458.6602
1743665324.7806 1458.6602
1743665324.8840 1459.9492
1743665324.9880 1459.9492
1743665325.0913 1461.4961
1743665325.1949 1461.4961
1743665325.2987 1463.0430
1743665325.4023 1463.0430
1743665325.5059 1464.5898
1743665325.6095 1464.5898
1743665325.7131 1465.8789
1743665325.8168 1465.8789
1743665325.9204 1467.4258
1743665326.0240 1467.4258
1743665326.1275 1468.7148
1743665326.2312 1468.7148
1743665326.3347 1470.2617
1743665326.4384 1470.2617
1743665326.5419 1471.5508
1743665326.6456 1471.5508
1743665326.7492 1473.0977
1743665326.8528 1473.0977
1743665326.9563 1474.3867
1743665327.0599 1474.3867
1743665327.1634 1475.9336
1743665327.2670 1475.9336
1743665327.3705 1477.2227
1743665327.4740 1477.2227
1743665327.5776 1478.5117
1743665327.6811 1478.5117
1743665327.7846 1479.8008
1743665327.8881 1479.8008
1743665327.9916 1481.0898
1743665328.0950 1481.0898
1743665328.1987 1482.3789
1743665328.3022 1482.3789
1743665328.4057 1483.6680
1743665328.5091 1483.6680
1743665328.6128 1484.9570
1743665328.7162 1484.9570
1743665328.8197 1486.5039
1743665328.9232 1486.5039
1743665329.0273 1488.0508
1743665329.1302 1488.0508
1743665329.2337 1489.5977
1743665329.3373 1489.5977
1743665329.4408 1490.8867
1743665329.5443 1490.8867
1743665329.6478 1493.2070
1743665329.7514 1493.2070
1743665329.8549 1493.2070
1743665329.9586 1495.2695
1743665330.0624 1495.2695
1743665330.1660 1497.0742
1743665330.2697 1497.0742
1743665330.3736 1498.3633
1743665330.4775 1498.3633
1743665330.5813 1500.1680
1743665330.6852 1500.1680
1743665330.7891 1501.7148
1743665330.8930 1501.7148
1743665330.9968 1503.2617
1743665331.1005 1503.2617
1743665331.2043 1504.8086
1743665331.3080 1504.8086
1743665331.4119 1506.0977
1743665331.5156 1506.0977
1743665331.6194 1507.3867
1743665331.7232 1507.3867
1743665331.8270 1508.9336
1743665331.9307 1508.9336
1743665332.0345 1510.2227
1743665332.1383 1510.2227
1743665332.2420 1511.5117
1743665332.3458 1511.5117
1743665332.4495 1512.5430
1743665332.5533 1512.5430
1743665332.6570 1513.8320
1743665332.7606 1513.8320
1743665332.8644 1514.8633
1743665332.9680 1514.8633
1743665333.0716 1516.1523
1743665333.1753 1516.1523
1743665333.2788 1517.1836
1743665333.3826 1517.1836
1743665333.4862 1517.1836
1743665333.5899 1517.1836
1743665333.6935 1519.2461
1743665333.7971 1519.2461
1743665333.9008 1521.3086
1743665334.0044 1521.3086
1743665334.1080 1523.1133
1743665334.2117 1523.1133
1743665334.3154 1524.9180
1743665334.4190 1524.9180
1743665334.5226 1526.7227
1743665334.6262 1526.7227
1743665334.7298 1528.5273
1743665334.8334 1528.5273
1743665334.9372 1531.3633
1743665335.0409 1531.3633
1743665335.1444 1531.3633
1743665335.2481 1534.1992
1743665335.3518 1534.1992
1743665335.4554 1534.1992
1743665335.5591 1536.2617
1743665335.6627 1536.2617
1743665335.7666 1538.0664
1743665335.8701 1538.0664
1743665335.9737 1539.3555
1743665336.0774 1539.3555
1743665336.1809 1542.4492
1743665336.2846 1542.4492
1743665336.3882 1542.4492
1743665336.4918 1544.7695
1743665336.5954 1544.7695
1743665336.6990 1544.7695
1743665336.8026 1547.0898
1743665336.9062 1547.0898
1743665337.0097 1549.1523
1743665337.1133 1549.1523
1743665337.2171 1549.1523
1743665337.3207 1551.9883
1743665337.4243 1551.9883
1743665337.5280 1551.9883
1743665337.6316 1555.0820
1743665337.7353 1555.0820
1743665337.8389 1555.0820
1743665337.9426 1556.8867
1743665338.0464 1556.8867
1743665338.1500 1558.1758
1743665338.2536 1558.1758
1743665338.3572 1559.7227
1743665338.4610 1559.7227
1743665338.5646 1561.2695
1743665338.6683 1561.2695
1743665338.7719 1562.8164
1743665338.8756 1562.8164
1743665338.9793 1564.6211
1743665339.0829 1564.6211
1743665339.1865 1566.1680
1743665339.2903 1566.1680
1743665339.3939 1568.7461
1743665339.4975 1568.7461
1743665339.6012 1568.7461
1743665339.7049 1570.2930
1743665339.8085 1570.2930
1743665339.9122 1570.2930
1743665340.0158 1570.2930
1743665340.1196 1572.8711
1743665340.2232 1572.8711
1743665340.3269 1573.3867
1743665340.4305 1575.9648
1743665340.5342 1575.9648
1743665340.6378 1578.0273
1743665340.7415 1578.0273
1743665340.8451 1580.0898
1743665340.9489 1580.0898
1743665341.0525 1581.8945
1743665341.1561 1581.8945
1743665341.2598 1583.4414
1743665341.3633 1583.4414
1743665341.4669 1584.9883
1743665341.5706 1584.9883
1743665341.6742 1586.5352
1743665341.7779 1586.5352
1743665341.8816 1588.0820
1743665341.9854 1588.0820
1743665342.0890 1589.8867
1743665342.1927 1589.8867
1743665342.2965 1591.6914
1743665342.4000 1591.6914
1743665342.5037 1593.7539
1743665342.6073 1593.7539
1743665342.7110 1595.0430
1743665342.8147 1595.0430
1743665342.9185 1596.8477
1743665343.0221 1596.8477
1743665343.1258 1598.3945
1743665343.2295 1598.3945
1743665343.3331 1599.9414
1743665343.4369 1599.9414
1743665343.5405 1601.7461
1743665343.6441 1601.7461
1743665343.7479 1603.5508
1743665343.8515 1603.5508
1743665343.9551 1605.0977
1743665344.0588 1605.0977
1743665344.1623 1606.9023
1743665344.2659 1606.9023
1743665344.3695 1609.7383
1743665344.4732 1609.7383
1743665344.5768 1609.7383
1743665344.6804 1612.0586
1743665344.7840 1612.0586
1743665344.8875 1615.1523
1743665344.9911 1615.1523
1743665345.0947 1615.4102
1743665345.1981 1619.0195
1743665345.3017 1619.0195
1743665345.4050 1619.0195
1743665345.5083 1620.8242
1743665345.6119 1620.8242
1743665345.7153 1622.8867
1743665345.8185 1622.8867
1743665345.9220 1624.6914
1743665346.0252 1624.6914
1743665346.1285 1626.2383
1743665346.2318 1626.2383
1743665346.3352 1628.0430
1743665346.4385 1628.0430
1743665346.5419 1629.5898
1743665346.6452 1629.5898
1743665346.7487 1631.3945
1743665346.8522 1631.3945
1743665346.9557 1632.9414
1743665347.0592 1632.9414
1743665347.1627 1634.4883
1743665347.2664 1634.4883
1743665347.3700 1636.5508
1743665347.4738 1636.5508
1743665347.5775 1638.3555
1743665347.6812 1638.3555
1743665347.7851 1639.9023
1743665347.8890 1639.9023
1743665347.9930 1639.9023
1743665348.0971 1639.9023
1743665348.2012 1639.9023
1743665348.3052 1639.9023
1743665348.4093 1642.2227
1743665348.5133 1642.2227
1743665348.6173 1643.5117
1743665348.7213 1643.5117
1743665348.8253 1644.5430
1743665348.9291 1644.5430
1743665349.0330 1644.5430
1743665349.1367 1644.5430
1743665349.2406 1644.5430
1743665349.3443 1646.6055
1743665349.4480 1646.6055
1743665349.5517 1647.8945
1743665349.6553 1647.8945
1743665349.7589 1649.9570
1743665349.8626 1649.9570
1743665349.9662 1651.5039
1743665350.0698 1651.5039
1743665350.1734 1652.7930
1743665350.2772 1652.7930
1743665350.3807 1654.3398
1743665350.4845 1654.3398
1743665350.5882 1655.6289
1743665350.6919 1655.6289
1743665350.7956 1656.9180
1743665350.9005 1656.9180
1743665351.0029 1658.2070
1743665351.1068 1658.2070
1743665351.2103 1659.7539
1743665351.3141 1659.7539
1743665351.4177 1661.3008
1743665351.5214 1661.3008
1743665351.6250 1663.1055
1743665351.7286 1663.1055
1743665351.8322 1664.9102
1743665351.9356 1664.9102
1743665352.0392 1666.9727
1743665352.1427 1666.9727
1743665352.2463 1669.0352
1743665352.3498 1669.0352
1743665352.4534 1670.3242
1743665352.5570 1670.3242
1743665352.6607 1671.8711
1743665352.7643 1671.8711
1743665352.8679 1673.4180
1743665352.9716 1673.4180
1743665353.0753 1675.2227
1743665353.1790 1675.2227
1743665353.2826 1676.7695
1743665353.3863 1676.7695
1743665353.4900 1678.5742
1743665353.5936 1678.5742
1743665353.6973 1680.1211
1743665353.8009 1680.1211
1743665353.9047 1681.1523
1743665354.0083 1681.1523
1743665354.1120 1682.6992
1743665354.2156 1682.6992
1743665354.3194 1683.9883
1743665354.4232 1683.9883
1743665354.5268 1685.5352
1743665354.6305 1685.5352
1743665354.7342 1687.0820
1743665354.8378 1687.0820
1743665354.9415 1688.6289
1743665355.0452 1688.6289
1743665355.1488 1689.9180
1743665355.2526 1689.9180
1743665355.3560 1691.2070
1743665355.4598 1691.2070
1743665355.5634 1692.7539
1743665355.6670 1692.7539
1743665355.7706 1694.0430
1743665355.8744 1694.0430
1743665355.9780 1695.5898
1743665356.0817 1695.5898
1743665356.1854 1697.1367
1743665356.2891 1697.1367
1743665356.3927 1698.4258
1743665356.4963 1698.4258
1743665356.6000 1699.7148
1743665356.7037 1699.7148
1743665356.8074 1701.0039
1743665356.9110 1701.0039
1743665357.0146 1702.5508
1743665357.1185 1702.5508
1743665357.2221 1704.0977
1743665357.3257 1704.0977
1743665357.4293 1705.1289
1743665357.5331 1705.1289
1743665357.6367 1706.4180
1743665357.7403 1706.4180
1743665357.8441 1707.7070
1743665357.9477 1707.7070
1743665358.0514 1708.9961
1743665358.1550 1708.9961
1743665358.2588 1710.2852
1743665358.3624 1710.2852
1743665358.4661 1711.5742
1743665358.5697 1711.5742
1743665358.6735 1713.1211
1743665358.7772 1713.1211
1743665358.8810 1714.6680
1743665358.9847 1714.6680
1743665359.0883 1716.2148
1743665359.1921 1716.2148
1743665359.2958 1718.0195
1743665359.3994 1718.0195
1743665359.5031 1720.5977
1743665359.6068 1720.5977
1743665359.7104 1720.5977
1743665359.8140 1721.8867
1743665359.9177 1722.1445
1743665360.0214 1723.9492
1743665360.1250 1723.9492
1743665360.2287 1726.0117
1743665360.3324 1729.3633
1743665360.4360 1729.3633
1743665360.5397 1729.3633
1743665360.6433 1730.9102
1743665360.7469 1730.9102
1743665360.8505 1732.4570
1743665360.9542 1732.4570
1743665361.0578 1734.5195
1743665361.1614 1734.5195
1743665361.2649 1734.5195
1743665361.3685 1734.5195
1743665361.4720 1737.8711
1743665361.5755 1737.8711
1743665361.6791 1738.1289
1743665361.7827 1740.7070
1743665361.8862 1740.7070
1743665361.9898 1741.4805
1743665362.0934 1741.4805
1743665362.1970 1741.4805
1743665362.3007 1744.0586
1743665362.4043 1744.0586
1743665362.5079 1744.8320
1743665362.6115 1744.8320
1743665362.7153 1745.3477
1743665362.8189 1747.9258
1743665362.9226 1747.9258
1743665363.0264 1748.6992
1743665363.1301 1748.6992
1743665363.2338 1748.6992
1743665363.3376 1751.0195
1743665363.4413 1751.0195
1743665363.5449 1751.0195
1743665363.6487 1755.1445
1743665363.7524 1755.1445
1743665363.8560 1755.1445
1743665363.9598 1755.4023
1743665364.0634 1755.4023
1743665364.1671 1758.2383
1743665364.2707 1758.2383
1743665364.3745 1758.2383
1743665364.4781 1758.2383
1743665364.5817 1758.2383
1743665364.6854 1758.2383
1743665364.7891 1760.8164
1743665364.8928 1760.8164
1743665364.9964 1762.1055
1743665365.1000 1762.1055
1743665365.2036 1763.6523
1743665365.3072 1763.6523
1743665365.4109 1765.4570
1743665365.5145 1765.4570
1743665365.6182 1767.0039
1743665365.7219 1767.0039
1743665365.8255 1768.5508
1743665365.9291 1768.5508
1743665366.0328 1770.0977
1743665366.1364 1770.0977
1743665366.2402 1771.6445
1743665366.3438 1771.6445
1743665366.4474 1773.4492
1743665366.5511 1773.4492
1743665366.6548 1776.0273
1743665366.7584 1776.0273
1743665366.8620 1776.0273
1743665366.9656 1777.8320
1743665367.0694 1777.8320
1743665367.1731 1779.3789
1743665367.2766 1779.3789
1743665367.3803 1781.9570
1743665367.4839 1781.9570
1743665367.5876 1781.9570
1743665367.6912 1785.0508
1743665367.7947 1785.0508
1743665367.8982 1785.0508
1743665368.0016 1787.1133
1743665368.1051 1787.6289
1743665368.2086 1789.4336
1743665368.3121 1789.4336
1743665368.4156 1790.7227
1743665368.5192 1793.0430
1743665368.6227 1793.0430
1743665368.7263 1796.1367
1743665368.8299 1796.1367
1743665368.9341 1796.1367
1743665369.0373 1797.9414
1743665369.1411 1797.9414
1743665369.2448 1801.0352
1743665369.3486 1801.0352
1743665369.4526 1801.5508
1743665369.5564 1803.0977
1743665369.6603 1803.0977
1743665369.7644 1803.8711
1743665369.8679 1805.1602
1743665369.9718 1805.1602
1743665370.0755 1807.9961
1743665370.1796 1809.5430
1743665370.2829 1809.5430
1743665370.3867 1810.0586
1743665370.4904 1812.6367
1743665370.5940 1812.6367
1743665370.6981 1814.4414
1743665370.8015 1814.4414
1743665370.9052 1816.2461
1743665371.0089 1816.2461
1743665371.1126 1819.0820
1743665371.2162 1819.0820
1743665371.3200 1819.0820
1743665371.4236 1821.4023
1743665371.5273 1821.4023
1743665371.6309 1821.6602
1743665371.7347 1825.0117
1743665371.8383 1825.0117
1743665371.9419 1825.0117
1743665372.0455 1827.5898
1743665372.1492 1827.5898
1743665372.2529 1828.1055
1743665372.3565 1831.4570
1743665372.4601 1831.4570
1743665372.5637 1831.4570
1743665372.6674 1833.5195
1743665372.7711 1833.5195
1743665372.8746 1833.5195
1743665372.9783 1836.3555
1743665373.0819 1836.3555
1743665373.1855 1836.3555
1743665373.2893 1839.4492
1743665373.3930 1839.4492
1743665373.4966 1839.7070
1743665373.6004 1843.0586
1743665373.7041 1843.0586
1743665373.8077 1843.0586
1743665373.9115 1844.6055
1743665374.0151 1844.6055
1743665374.1187 1845.6367
1743665374.2223 1845.6367
1743665374.3259 1846.4102
1743665374.4297 1846.4102
1743665374.5333 1847.6992
1743665374.6369 1847.6992
1743665374.7406 1849.2461
1743665374.8442 1849.2461
1743665374.9479 1850.7930
1743665375.0516 1850.7930
1743665375.1552 1852.0820
1743665375.2588 1852.0820
1743665375.3625 1853.3711
1743665375.4661 1853.3711
1743665375.5698 1854.6602
1743665375.6734 1854.6602
1743665375.7770 1856.2070
1743665375.8807 1856.2070
1743665375.9843 1858.0117
1743665376.0879 1858.0117
1743665376.1917 1859.5586
1743665376.2952 1859.5586
1743665376.3990 1860.8477
1743665376.5026 1860.8477
1743665376.6063 1862.1367
1743665376.7100 1862.1367
1743665376.8137 1862.1367
1743665376.9173 1862.1367
1743665377.0209 1864.1992
1743665377.1246 1864.1992
1743665377.2283 1864.1992
1743665377.3321 1864.1992
1743665377.4358 1867.0352
1743665377.5397 1867.0352
1743665377.6434 1867.0352
1743665377.7472 1868.3242
1743665377.8511 1868.3242
1743665377.9547 1869.3555
1743665378.0586 1869.3555
1743665378.1624 1870.9023
1743665378.2662 1870.9023
1743665378.3700 1872.4492
1743665378.4737 1872.4492
1743665378.5776 1872.4492
1743665378.6815 1872.4492
1743665378.7854 1874.2539
1743665378.8892 1874.2539
1743665378.9930 1875.5430
1743665379.0969 1875.5430
1743665379.2006 1875.5430
1743665379.3043 1875.5430
1743665379.4080 1875.5430
1743665379.5116 1877.3477
1743665379.6152 1877.3477
1743665379.7188 1878.8945
1743665379.8224 1878.8945
1743665379.9260 1878.8945
1743665380.0297 1878.8945
1743665380.1333 1878.8945
1743665380.2369 1878.8945
1743665380.3405 1878.8945
1743665380.4441 1878.8945
1743665380.5476 1878.8945
1743665380.6511 1878.8945
1743665380.7545 1881.2148
1743665380.8580 1881.2148
1743665380.9615 1882.2461
1743665381.0648 1882.2461
1743665381.1680 1883.0195
1743665381.2716 1883.0195
1743665381.3747 1883.0195
1743665381.4780 1883.0195
1743665381.5815 1883.0195
1743665381.6849 1883.5352
1743665381.7884 1883.5352
1743665381.8919 1883.5352
1743665381.9953 1885.3398
1743665382.0988 1885.3398
1743665382.2025 1887.1445
1743665382.3061 1887.1445
1743665382.4097 1889.2070
1743665382.5133 1889.2070
1743665382.6170 1889.2070
1743665382.7205 1889.2070
1743665382.8241 1891.2695
1743665382.9279 1891.2695
1743665383.0315 1891.2695
1743665383.1352 1891.2695
1743665383.2392 1892.3008
1743665383.3425 1892.3008
1743665383.4462 1892.3008
1743665383.5499 1892.3008
1743665383.6535 1892.3008
1743665383.7572 1892.3008
1743665383.8609 1895.1367
1743665383.9644 1895.1367
1743665384.0680 1895.1367
1743665384.1716 1896.1680
1743665384.2753 1896.1680
1743665384.3788 1896.1680
1743665384.4824 1896.1680
1743665384.5860 1896.1680
1743665384.6897 1896.1680
1743665384.7933 1896.1680
1743665384.8970 1896.1680
1743665385.0006 1897.7148
1743665385.1042 1897.7148
1743665385.2079 1897.7148
1743665385.3114 1897.7148
1743665385.4152 1900.5508
1743665385.5188 1900.5508
1743665385.6224 1901.3242
1743665385.7261 1901.8398
1743665385.8297 1902.6133
1743665385.9334 1905.7070
1743665386.0370 1905.7070
1743665386.1407 1905.7070
1743665386.2443 1908.2852
1743665386.3480 1908.2852
1743665386.4516 1909.0586
1743665386.5552 1909.0586
1743665386.6588 1909.0586
1743665386.7624 1911.3789
1743665386.8661 1911.3789
1743665386.9698 1912.6680
1743665387.0734 1912.6680
1743665387.1770 1913.4414
1743665387.2806 1913.4414
1743665387.3845 1913.9570
1743665387.4881 1913.9570
1743665387.5917 1914.4727
1743665387.6954 1916.7930
1743665387.7989 1916.7930
1743665387.9027 1918.5977
1743665388.0063 1918.8555
1743665388.1099 1920.4023
1743665388.2136 1920.4023
1743665388.3172 1921.9492
1743665388.4209 1925.0430
1743665388.5245 1925.0430
1743665388.6281 1925.0430
1743665388.7320 1925.0430
1743665388.8355 1925.0430
1743665388.9391 1925.3008
1743665389.0427 1927.8789
1743665389.1463 1927.8789
1743665389.2504 1927.8789
1743665389.3536 1927.8789
1743665389.4573 1929.6836
1743665389.5611 1929.6836
1743665389.6646 1930.4570
1743665389.7681 1930.4570
1743665389.8719 1931.7461
1743665389.9755 1931.7461
1743665390.0792 1932.5195
1743665390.1830 1932.5195
1743665390.2866 1932.5195
1743665390.3903 1934.5820
1743665390.4941 1934.5820
1743665390.5977 1935.3555
1743665390.7014 1935.3555
1743665390.8050 1936.1289
1743665390.9088 1939.2227
1743665391.0124 1939.2227
1743665391.1160 1939.2227
1743665391.2196 1941.2852
1743665391.3233 1941.2852
1743665391.4269 1941.2852
1743665391.5305 1943.3477
1743665391.6341 1943.3477
1743665391.7377 1943.3477
1743665391.8413 1943.3477
1743665391.9449 1945.6680
1743665392.0487 1945.6680
1743665392.1523 1947.2148
1743665392.2559 1947.2148
1743665392.3596 1947.2148
1743665392.4633 1947.2148
1743665392.5670 1947.4727
1743665392.6706 1950.0508
1743665392.7744 1950.0508
1743665392.8780 1951.0820
1743665392.9816 1951.0820
1743665393.0853 1953.1445
1743665393.1889 1953.1445
1743665393.2927 1955.7227
1743665393.3963 1955.7227
1743665393.4999 1955.7227
1743665393.6037 1957.7852
1743665393.7073 1957.7852
1743665393.8109 1959.5898
1743665393.9146 1959.5898
1743665394.0183 1961.9102
1743665394.1220 1961.9102
1743665394.2256 1961.9102
1743665394.3294 1964.2305
1743665394.4330 1964.2305
1743665394.5366 1966.0352
1743665394.6402 1966.0352
1743665394.7439 1968.8711
1743665394.8475 1968.8711
1743665394.9512 1968.8711
1743665395.0548 1970.1602
1743665395.1584 1970.1602
1743665395.2620 1972.2227
1743665395.3656 1972.2227
1743665395.4694 1974.2852
1743665395.5730 1974.2852
1743665395.6766 1975.5742
1743665395.7802 1975.5742
1743665395.8838 1977.3789
1743665395.9876 1977.3789
1743665396.0912 1979.6992
1743665396.1948 1979.6992
1743665396.2983 1979.6992
1743665396.4019 1981.5039
1743665396.5055 1981.5039
1743665396.6092 1984.3398
1743665396.7127 1984.3398
1743665396.8165 1984.3398
1743665396.9201 1986.6602
1743665397.0239 1986.6602
1743665397.1276 1987.9492
1743665397.2313 1989.4961
1743665397.3351 1989.4961
1743665397.4388 1991.0430
1743665397.5425 1994.3945
1743665397.6463 1994.3945
1743665397.7500 1994.3945
1743665397.8538 1995.9414
1743665397.9575 1995.9414
1743665398.0612 1998.5195
1743665398.1649 1998.5195
1743665398.2686 1998.5195
1743665398.3722 2000.5820
1743665398.4760 2000.5820
1743665398.5796 2001.8711
1743665398.6831 2001.8711
1743665398.7867 2003.4180
1743665398.8904 2003.4180
1743665398.9939 2005.7383
1743665399.0975 2005.7383
1743665399.2010 2006.7695
1743665399.3047 2006.7695
1743665399.4083 2008.0586
1743665399.5119 2008.0586
1743665399.6155 2008.0586
1743665399.7191 2008.0586
1743665399.8228 2008.0586
1743665399.9265 2009.0898
1743665400.0302 2009.0898
1743665400.1338 2009.3477
1743665400.2376 2011.6680
1743665400.3413 2011.6680
1743665400.4449 2013.4727
1743665400.5485 2013.4727
1743665400.6522 2014.7617
1743665400.7559 2014.7617
1743665400.8595 2015.7930
1743665400.9631 2015.7930
1743665401.0668 2017.3398
1743665401.1706 2017.3398
1743665401.2743 2018.8867
1743665401.3779 2018.8867
1743665401.4816 2018.8867
1743665401.5852 2020.4336
1743665401.6889 2020.4336
1743665401.7925 2020.4336
1743665401.8963 2020.4336
1743665401.9999 2022.2383
1743665402.1035 2022.2383
1743665402.2073 2024.5586
1743665402.3109 2024.5586
1743665402.4146 2024.5586
1743665402.5182 2026.1055
1743665402.6218 2026.1055
1743665402.7254 2027.6523
1743665402.8291 2027.6523
1743665402.9327 2029.4570
1743665403.0363 2029.4570
1743665403.1399 2030.4883
1743665403.2436 2030.4883
1743665403.3471 2032.0352
1743665403.4506 2032.0352
1743665403.5543 2033.3242
1743665403.6583 2033.3242
1743665403.7617 2035.9023
1743665403.8651 2035.9023
1743665403.9688 2035.9023
1743665404.0725 2037.1914
1743665404.1761 2037.1914
1743665404.2797 2039.7695
1743665404.3834 2039.7695
1743665404.4872 2039.7695
1743665404.5908 2041.5742
1743665404.6946 2041.5742
1743665404.7984 2042.8633
1743665404.9023 2042.8633
1743665405.0061 2045.1836
1743665405.1101 2045.1836
1743665405.2141 2046.7305
1743665405.3182 2046.7305
1743665405.4223 2049.3086
1743665405.5264 2049.3086
1743665405.6307 2049.3086
1743665405.7348 2052.4023
1743665405.8391 2052.4023
1743665405.9430 2052.4023
1743665406.0472 2054.7227
1743665406.1515 2054.7227
1743665406.2552 2056.5273
1743665406.3596 2056.5273
1743665406.4631 2058.0742
1743665406.5667 2058.0742
1743665406.6705 2059.3633
1743665406.7741 2059.3633
1743665406.8778 2060.6523
1743665406.9815 2060.6523
1743665407.0849 2061.9414
1743665407.1886 2061.9414
1743665407.2923 2062.9727
1743665407.3961 2062.9727
1743665407.4996 2064.2617
1743665407.6029 2064.2617
1743665407.7063 2064.2617
1743665407.8097 2064.2617
1743665407.9132 2064.2617
1743665408.0165 2064.2617
1743665408.1198 2066.3242
1743665408.2231 2066.3242
1743665408.3263 2068.3867
1743665408.4294 2068.3867
1743665408.5327 2068.6445
1743665408.6360 2068.6445
1743665408.7394 2068.6445
1743665408.8429 2070.4492
1743665408.9463 2070.4492
1743665409.0499 2070.4492
1743665409.1534 2070.4492
1743665409.2570 2072.2539
1743665409.3606 2072.2539
1743665409.4642 2073.2852
1743665409.5678 2073.2852
1743665409.6715 2073.5430
1743665409.7753 2073.5430
1743665409.8789 2073.5430
1743665409.9825 2075.8633
1743665410.0863 2075.8633
1743665410.1899 2076.6367
1743665410.2935 2076.6367
1743665410.3972 2079.2148
1743665410.5008 2079.2148
1743665410.6045 2079.2148
1743665410.7082 2080.5039
1743665410.8120 2080.5039
1743665410.9156 2082.3086
1743665411.0193 2082.3086
1743665411.1229 2083.5977
1743665411.2265 2083.5977
1743665411.3303 2084.1133
1743665411.4339 2084.1133
1743665411.5375 2084.6289
1743665411.6411 2087.7227
1743665411.7447 2087.7227
1743665411.8485 2087.7227
1743665411.9522 2090.0430
1743665412.0558 2090.0430
1743665412.1596 2091.0742
1743665412.2632 2091.0742
1743665412.3669 2093.6523
1743665412.4705 2093.6523
1743665412.5742 2093.6523
1743665412.6779 2095.7148
1743665412.7817 2095.7148
1743665412.8852 2097.5195
1743665412.9888 2097.5195
1743665413.0925 2099.3242
1743665413.1961 2099.3242
1743665413.2997 2100.6133
1743665413.4033 2100.6133
1743665413.5069 2101.9023
1743665413.6106 2101.9023
1743665413.7143 2101.9023
1743665413.8180 2101.9023
1743665413.9216 2103.1914
1743665414.0253 2103.1914
1743665414.1290 2105.2539
1743665414.2326 2105.2539
1743665414.3362 2105.2539
1743665414.4399 2105.2539
1743665414.5436 2106.8008
1743665414.6473 2106.8008
1743665414.7510 2109.6367
1743665414.8547 2109.6367
1743665414.9583 2109.6367
1743665415.0619 2112.2148
1743665415.1656 2112.2148
1743665415.2692 2112.2148
1743665415.3728 2114.2773
1743665415.4764 2114.2773
1743665415.5800 2115.8242
1743665415.6836 2115.8242
1743665415.7872 2116.8555
1743665415.8910 2116.8555
1743665415.9946 2117.1133
1743665416.0982 2117.1133
1743665416.2020 2117.6289
1743665416.3056 2119.9492
1743665416.4093 2119.9492
1743665416.5129 2120.2070
1743665416.6167 2120.2070
1743665416.7204 2121.2383
1743665416.8241 2121.2383
1743665416.9278 2121.2383
1743665417.0314 2124.3320
1743665417.1350 2124.3320
1743665417.2386 2124.3320
1743665417.3424 2126.3945
1743665417.4460 2126.3945
1743665417.5496 2128.1992
1743665417.6533 2128.1992
1743665417.7571 2129.2305
1743665417.8607 2129.2305
1743665417.9643 2130.5195
1743665418.0680 2130.5195
1743665418.1717 2131.5508
1743665418.2753 2131.5508
1743665418.3790 2132.8398
1743665418.4826 2132.8398
1743665418.5864 2132.8398
1743665418.6900 2132.8398
1743665418.7939 2134.9023
1743665418.8973 2134.9023
1743665419.0011 2135.6758
1743665419.1046 2135.6758
1743665419.2083 2137.7383
1743665419.3118 2137.7383
1743665419.4154 2137.9961
1743665419.5190 2137.9961
1743665419.6227 2137.9961
1743665419.7263 2140.3164
1743665419.8299 2140.3164
1743665419.9336 2141.8633
1743665420.0372 2141.8633
1743665420.1410 2141.8633
1743665420.2446 2141.8633
1743665420.3483 2143.4102
1743665420.4519 2143.4102
1743665420.5557 2144.4414
1743665420.6593 2144.4414
1743665420.7630 2145.2148
1743665420.8666 2145.2148
1743665420.9704 2146.7617
1743665421.0740 2146.7617
1743665421.1776 2148.5664
1743665421.2812 2148.5664
1743665421.3850 2148.5664
1743665421.4886 2148.5664
1743665421.5923 2150.8867
1743665421.6961 2150.8867
1743665421.7998 2150.8867
1743665421.9035 2150.8867
1743665422.0073 2153.2070
1743665422.1110 2153.2070
1743665422.2149 2153.2070
1743665422.3188 2155.7852
1743665422.4225 2155.7852
1743665422.5263 2156.0430
1743665422.6300 2158.3633
1743665422.7336 2158.3633
1743665422.8373 2159.6523
1743665422.9412 2160.9414
1743665423.0449 2162.4883
1743665423.1487 2162.4883
1743665423.2525 2164.2930
1743665423.3563 2167.3867
1743665423.4600 2167.3867
1743665423.5638 2168.1602
1743665423.6675 2169.4492
1743665423.7713 2174.0898
1743665423.8750 2174.0898
1743665423.9787 2174.0898
1743665424.0825 2176.1523
1743665424.1862 2176.1523
1743665424.2900 2176.1523
1743665424.3936 2178.7305
1743665424.4973 2178.7305
1743665424.6011 2178.7305
1743665424.7048 2180.7930
1743665424.8085 2180.7930
1743665424.9123 2180.7930
1743665425.0159 2183.6289
1743665425.1195 2183.6289
1743665425.2232 2183.6289
1743665425.3269 2186.2070
1743665425.4304 2186.2070
1743665425.5337 2186.2070
1743665425.6372 2189.0430
1743665425.7404 2189.0430
1743665425.8438 2189.0430
1743665425.9471 2191.8789
1743665426.0505 2191.8789
1743665426.1538 2192.1367
1743665426.2572 2195.2305
1743665426.3607 2195.2305
1743665426.4639 2195.2305
1743665426.5673 2195.2305
1743665426.6706 2195.2305
1743665426.7741 2197.2930
1743665426.8776 2197.8086
1743665426.9811 2199.6133
1743665427.0846 2199.6133
1743665427.1882 2199.6133
1743665427.2917 2202.1914
1743665427.3953 2202.1914
1743665427.4989 2203.2227
1743665427.6025 2205.0273
1743665427.7060 2205.0273
1743665427.8096 2206.3164
1743665427.9133 2208.8945
1743665428.0167 2208.8945
1743665428.1204 2210.6992
1743665428.2240 2210.6992
1743665428.3276 2211.9883
1743665428.4313 2211.9883
1743665428.5350 2214.8242
1743665428.6386 2214.8242
1743665428.7423 2215.3398
1743665428.8459 2215.3398
1743665428.9495 2216.1133
1743665429.0532 2218.4336
1743665429.1569 2218.4336
1743665429.2605 2218.4336
1743665429.3642 2218.4336
1743665429.4679 2220.2383
1743665429.5715 2220.2383
1743665429.6752 2222.3008
1743665429.7788 2222.3008
1743665429.8826 2223.5898
1743665429.9862 2223.5898
1743665430.0898 2225.1367
1743665430.1935 2225.1367
1743665430.2972 2226.4258
1743665430.4008 2226.4258
1743665430.5044 2227.9727
1743665430.6080 2227.9727
1743665430.7117 2229.5195
1743665430.8154 2229.5195
1743665430.9190 2231.0664
1743665431.0226 2231.0664
1743665431.1262 2232.8711
1743665431.2298 2233.9023
1743665431.3336 2235.7070
1743665431.4372 2235.7070
1743665431.5408 2235.7070
1743665431.6446 2238.2852
1743665431.7482 2242.1523
1743665431.8519 2242.1523
1743665431.9555 2242.1523
1743665432.0591 2245.2461
1743665432.1629 2245.2461
1743665432.2665 2245.2461
1743665432.3702 2245.2461
1743665432.4738 2246.0195
1743665432.5775 2248.5977
1743665432.6811 2248.5977
1743665432.7847 2249.6289
1743665432.8884 2249.6289
1743665432.9920 2250.9180
1743665433.0955 2250.9180
1743665433.1993 2252.4648
1743665433.3029 2252.4648
1743665433.4065 2254.0117
1743665433.5101 2254.0117
1743665433.6137 2255.8164
1743665433.7175 2255.8164
1743665433.8211 2256.3320
1743665433.9247 2256.3320
1743665434.0283 2256.3320
1743665434.1319 2258.3945
1743665434.2357 2258.3945
1743665434.3395 2260.1992
1743665434.4431 2260.1992
1743665434.5467 2262.2617
1743665434.6504 2262.2617
1743665434.7540 2262.5195
1743665434.8578 2264.8398
1743665434.9615 2266.1289
1743665435.0654 2267.6758
1743665435.1691 2267.6758
1743665435.2730 2269.2227
1743665435.3768 2272.5742
1743665435.4807 2272.5742
1743665435.5848 2273.0898
1743665435.6887 2276.4414
1743665435.7927 2276.4414
1743665435.8968 2277.4727
1743665436.0008 2280.8242
1743665436.1049 2280.8242
1743665436.2090 2281.8555
1743665436.3130 2285.2070
1743665436.4170 2285.2070
1743665436.5208 2285.9805
1743665436.6247 2289.3320
1743665436.7284 2289.3320
1743665436.8323 2292.4258
1743665436.9361 2293.4570
1743665437.0397 2293.4570
1743665437.1434 2296.5508
1743665437.2468 2297.3242
1743665437.3503 2300.9336
1743665437.4538 2301.1914
1743665437.5572 2301.9648
1743665437.6606 2305.5742
1743665437.7641 2305.5742
1743665437.8676 2306.3477
1743665437.9711 2309.9570
1743665438.0746 2309.9570
1743665438.1782 2310.7305
1743665438.2818 2310.7305
1743665438.3854 2311.7617
1743665438.4890 2313.0508
1743665438.5927 2317.4336
1743665438.6962 2317.4336
1743665438.7998 2318.2070
1743665438.9034 2320.5273
1743665439.0071 2320.5273
1743665439.1106 2322.3320
1743665439.2142 2322.3320
1743665439.3178 2324.1367
1743665439.4214 2324.1367
1743665439.5249 2326.1992
1743665439.6286 2326.1992
1743665439.7322 2326.1992
1743665439.8358 2327.7461
1743665439.9393 2327.7461
1743665440.0429 2328.5195
1743665440.1464 2328.5195
1743665440.2500 2329.8086
1743665440.3536 2329.8086
1743665440.4571 2331.3555
1743665440.5606 2331.3555
1743665440.6641 2332.6445
1743665440.7677 2332.6445
1743665440.8713 2333.9336
1743665440.9748 2333.9336
1743665441.0785 2335.4805
1743665441.1822 2335.4805
1743665441.2858 2337.0273
1743665441.3894 2337.0273
1743665441.4930 2337.0273
1743665441.5966 2337.0273
1743665441.7002 2339.8633
1743665441.8039 2339.8633
1743665441.9075 2339.8633
1743665442.0111 2341.4102
1743665442.1148 2341.4102
1743665442.2184 2342.6992
1743665442.3222 2342.6992
1743665442.4258 2343.9883
1743665442.5295 2343.9883
1743665442.6332 2345.5352
1743665442.7369 2345.5352
1743665442.8405 2346.8242
1743665442.9447 2346.8242
1743665443.0477 2348.1133
1743665443.1513 2348.1133
1743665443.2548 2349.1445
1743665443.3585 2349.1445
1743665443.4621 2350.1758
1743665443.5658 2350.1758
1743665443.6694 2351.4648
1743665443.7730 2351.4648
1743665443.8769 2353.2695
1743665443.9803 2353.2695
1743665444.0840 2355.3320
1743665444.1876 2355.3320
1743665444.2917 2355.3320
1743665444.3953 2356.8789
1743665444.4986 2356.8789
1743665444.6022 2356.8789
1743665444.7058 2357.3945
1743665444.8096 2359.7148
1743665444.9132 2359.7148
1743665445.0168 2361.0039
1743665445.1203 2361.0039
1743665445.2239 2362.2930
1743665445.3277 2362.2930
1743665445.4313 2363.8398
1743665445.5349 2363.8398
1743665445.6386 2364.8711
1743665445.7422 2364.8711
1743665445.8459 2366.4180
1743665445.9495 2366.4180
1743665446.0532 2367.7070
1743665446.1568 2367.7070
1743665446.2606 2367.7070
1743665446.3642 2369.2539
1743665446.4679 2369.2539
1743665446.5715 2369.2539
1743665446.6752 2369.5117
1743665446.7788 2372.6055
1743665446.8823 2372.6055
1743665446.9859 2372.6055
1743665447.0894 2374.6680
1743665447.1930 2374.6680
1743665447.2965 2374.6680
1743665447.4000 2376.7305
1743665447.5036 2376.7305
1743665447.6071 2376.7305
1743665447.7106 2378.7930
1743665447.8139 2378.7930
1743665447.9173 2380.8555
1743665448.0207 2380.8555
1743665448.1239 2380.8555
1743665448.2271 2383.1758
1743665448.3304 2383.1758
1743665448.4337 2385.4961
1743665448.5370 2385.4961
1743665448.6404 2385.4961
1743665448.7437 2388.0742
1743665448.8471 2388.0742
1743665448.9510 2389.8789
1743665449.0541 2389.8789
1743665449.1577 2391.6836
1743665449.2612 2391.6836
1743665449.3650 2393.2305
1743665449.4687 2393.2305
1743665449.5724 2395.0352
1743665449.6762 2395.0352
1743665449.7800 2396.8398
1743665449.8839 2396.8398
1743665449.9878 2398.3867
1743665450.0918 2398.3867
1743665450.1958 2399.6758
1743665450.2998 2399.6758
1743665450.4038 2399.6758
1743665450.5078 2399.6758
1743665450.6117 2401.2227
1743665450.7156 2401.2227
1743665450.8194 2402.2539
1743665450.9233 2402.2539
1743665451.0270 2403.0273
1743665451.1309 2403.0273
1743665451.2345 2404.0586
1743665451.3382 2404.0586
1743665451.4418 2404.3164
1743665451.5456 2404.3164
1743665451.6495 2405.0898
1743665451.7528 2407.6680
1743665451.8564 2407.6680
1743665451.9602 2407.6680
1743665452.0641 2407.6680
1743665452.1674 2409.7305
1743665452.2711 2409.7305
1743665452.3748 2411.0195
1743665452.4784 2411.0195
1743665452.5822 2412.5664
1743665452.6857 2412.5664
1743665452.7895 2413.8555
1743665452.8932 2413.8555
1743665452.9968 2414.8867
1743665453.1004 2414.8867
1743665453.2042 2416.6914
1743665453.3078 2416.6914
1743665453.4115 2419.2695
1743665453.5152 2419.2695
1743665453.6188 2419.2695
1743665453.7224 2420.5586
1743665453.8260 2420.5586
1743665453.9296 2422.3633
1743665454.0332 2422.3633
1743665454.1370 2422.3633
1743665454.2406 2422.3633
1743665454.3442 2424.4258
1743665454.4478 2424.4258
1743665454.5516 2425.1992
1743665454.6552 2425.1992
1743665454.7589 2425.9727
1743665454.8625 2428.2930
1743665454.9661 2428.2930
1743665455.0699 2429.0664
1743665455.1735 2429.0664
1743665455.2771 2429.8398
1743665455.3808 2433.1914
1743665455.4843 2433.1914
1743665455.5880 2433.1914
1743665455.6916 2434.9961
1743665455.7953 2434.9961
1743665455.8989 2436.8008
1743665456.0025 2436.8008
1743665456.1062 2438.3477
1743665456.2099 2438.3477
1743665456.3135 2439.8945
1743665456.4171 2439.8945
1743665456.5209 2441.6992
1743665456.6245 2441.6992
1743665456.7281 2443.2461
1743665456.8316 2443.2461
1743665456.9353 2444.7930
1743665457.0389 2444.7930
1743665457.1426 2446.0820
1743665457.2462 2446.0820
1743665457.3498 2447.6289
1743665457.4534 2447.6289
1743665457.5570 2448.9180
1743665457.6605 2448.9180
1743665457.7643 2450.4648
1743665457.8678 2450.4648
1743665457.9714 2451.7539
1743665458.0750 2451.7539
1743665458.1786 2453.3008
1743665458.2822 2453.3008
1743665458.3858 2453.3008
1743665458.4895 2453.3008
1743665458.5930 2454.8477
1743665458.6965 2454.8477
1743665458.8002 2456.1367
1743665458.9037 2456.1367
1743665459.0073 2457.9414
1743665459.1109 2457.9414
1743665459.2144 2458.9727
1743665459.3180 2458.9727
1743665459.4218 2460.0039
1743665459.5252 2460.0039
1743665459.6290 2460.5195
1743665459.7327 2460.5195
1743665459.8362 2460.7773
1743665459.9402 2463.0977
1743665460.0435 2463.0977
1743665460.1471 2465.1602
1743665460.2507 2465.1602
1743665460.3543 2466.9648
1743665460.4580 2466.9648
1743665460.5616 2468.7695
1743665460.6652 2468.7695
1743665460.7689 2469.8008
1743665460.8725 2469.8008
1743665460.9763 2470.0586
1743665461.0798 2470.0586
1743665461.1835 2470.3164
1743665461.2870 2473.4102
1743665461.3907 2473.4102
1743665461.4943 2473.4102
1743665461.5980 2475.4727
1743665461.7016 2475.4727
1743665461.8054 2475.4727
1743665461.9090 2478.0508
1743665462.0127 2478.0508
1743665462.1164 2478.0508
1743665462.2200 2480.6289
1743665462.3236 2480.6289
1743665462.4273 2481.9180
1743665462.5309 2481.9180
1743665462.6344 2483.2070
1743665462.7382 2483.2070
1743665462.8420 2484.2383
1743665462.9454 2484.2383
1743665463.0492 2484.2383
1743665463.1528 2484.2383
1743665463.2564 2484.4961
1743665463.3601 2484.4961
1743665463.4637 2486.5586
1743665463.5675 2486.5586
1743665463.6711 2488.8789
1743665463.7749 2488.8789
1743665463.8784 2489.1367
1743665463.9821 2491.4570
1743665464.0858 2491.4570
1743665464.1894 2494.0352
1743665464.2932 2494.0352
1743665464.3968 2494.0352
1743665464.5005 2496.6133
1743665464.6041 2497.1289
1743665464.7079 2498.9336
1743665464.8115 2498.9336
1743665464.9152 2499.9648
1743665465.0188 2503.3164
1743665465.1226 2503.3164
1743665465.2264 2504.3477
1743665465.3303 2505.8945
1743665465.4339 2510.5352
1743665465.5378 2510.5352
1743665465.6417 2510.5352
1743665465.7457 2510.5352
1743665465.8496 2510.5352
1743665465.9535 2511.3086
1743665466.0574 2513.6289
1743665466.1614 2513.6289
1743665466.2652 2515.6914
1743665466.3689 2515.6914
1743665466.4727 2518.5273
1743665466.5765 2518.5273
1743665466.6803 2518.5273
1743665466.7839 2520.5898
1743665466.8878 2520.5898
1743665466.9914 2520.8477
1743665467.0951 2524.1992
1743665467.1988 2524.1992
1743665467.3024 2524.1992
1743665467.4060 2526.5195
1743665467.5096 2526.5195
1743665467.6132 2526.5195
1743665467.7173 2527.8086
1743665467.8205 2527.8086
1743665467.9240 2527.8086
1743665468.0276 2527.8086
1743665468.1312 2528.3242
1743665468.2348 2528.3242
1743665468.3383 2529.0977
1743665468.4418 2532.4492
1743665468.5451 2532.4492
1743665468.6486 2532.4492
1743665468.7520 2532.4492
1743665468.8554 2532.4492
1743665468.9587 2533.9961
1743665469.0621 2533.9961
1743665469.1656 2535.8008
1743665469.2689 2535.8008
1743665469.3725 2535.8008
1743665469.4760 2535.8008
1743665469.5796 2538.8945
1743665469.6830 2538.8945
1743665469.7867 2538.8945
1743665469.8901 2538.8945
1743665469.9938 2538.8945
1743665470.0973 2541.4727
1743665470.2007 2541.4727
1743665470.3044 2541.4727
1743665470.4080 2542.7617
1743665470.5116 2542.7617
1743665470.6152 2544.8242
1743665470.7189 2544.8242
1743665470.8225 2546.8867
1743665470.9262 2546.8867
1743665471.0297 2546.8867
1743665471.1333 2546.8867
1743665471.2369 2548.1758
1743665471.3405 2548.1758
1743665471.4441 2549.2070
1743665471.5477 2549.2070
1743665471.6514 2549.2070
1743665471.7550 2549.2070
1743665471.8586 2549.2070
1743665471.9622 2549.2070
1743665472.0658 2550.2383
1743665472.1694 2550.2383
1743665472.2731 2550.2383
1743665472.3768 2551.7852
1743665472.4804 2551.7852
1743665472.5840 2551.7852
1743665472.6878 2551.7852
1743665472.7914 2551.7852
1743665472.8950 2551.7852
1743665472.9986 2552.3008
1743665473.1024 2552.3008
1743665473.2060 2554.6211
1743665473.3096 2554.6211
1743665473.4132 2554.6211
1743665473.5169 2554.6211
1743665473.6206 2554.6211
1743665473.7242 2554.6211
1743665473.8279 2554.6211
1743665473.9315 2555.1367
1743665474.0353 2557.4570
1743665474.1388 2557.4570
1743665474.2424 2559.2617
1743665474.3461 2559.2617
1743665474.4502 2559.2617
1743665474.5535 2559.2617
1743665474.6571 2559.2617
1743665474.7608 2559.5195
1743665474.8644 2559.5195
1743665474.9681 2559.5195
1743665475.0718 2561.3242
1743665475.1774 2561.3242
1743665475.2794 2561.3242
1743665475.3828 2561.3242
1743665475.4865 2561.3242
1743665475.5901 2561.3242
1743665475.6938 2562.0977
1743665475.7975 2562.0977
1743665475.9012 2562.0977
1743665476.0050 2564.4180
1743665476.1090 2564.4180
1743665476.2126 2564.4180
1743665476.3179 2564.4180
1743665476.4199 2564.4180
1743665476.5238 2564.4180
1743665476.6276 2564.4180
1743665476.7313 2564.4180
1743665476.8350 2564.4180
1743665476.9388 2564.4180
1743665477.0426 2564.4180
1743665477.1462 2564.4180
1743665477.2499 2565.7070
1743665477.3536 2565.7070
1743665477.4573 2565.7070
1743665477.5610 2565.7070
1743665477.6646 2565.7070
1743665477.7683 2565.7070
1743665477.8721 2565.7070
1743665477.9756 2565.7070
1743665478.0795 2565.7070
1743665478.1830 2565.7070
1743665478.2865 2566.4805
1743665478.3905 2566.4805
1743665478.4936 2566.4805
1743665478.5974 2566.4805
1743665478.7007 2566.4805
1743665478.8042 2566.4805
1743665478.9077 2566.4805
1743665479.0112 2566.4805
1743665479.1147 2566.4805
1743665479.2182 2566.4805
1743665479.3217 2568.0273
1743665479.4251 2568.0273
1743665479.5288 2568.0273
1743665479.6321 2568.0273
1743665479.7356 2568.0273
1743665479.8390 2568.0273
1743665479.9423 2568.5430
1743665480.0457 2568.5430
1743665480.1492 2568.5430
1743665480.2526 2568.5430
1743665480.3558 2568.5430
1743665480.4592 2568.5430
1743665480.5624 2568.5430
1743665480.6658 2568.5430
1743665480.7690 2568.8008
1743665480.8724 2568.8008
1743665480.9758 2568.8008
1743665481.0790 2568.8008
1743665481.1824 2568.8008
1743665481.2856 2568.8008
1743665481.3890 2568.8008
1743665481.4923 2568.8008
1743665481.5956 2568.8008
1743665481.6995 2568.8008
1743665481.8023 2568.8008
1743665481.9056 2569.0586
1743665482.0089 2571.3789
1743665482.1126 2571.3789
1743665482.2158 2571.3789
1743665482.3195 2571.3789
1743665482.4229 2573.4414
1743665482.5264 2573.4414
1743665482.6301 2573.6992
1743665482.7335 2573.6992
1743665482.8371 2573.6992
1743665482.9407 2573.6992
1743665483.0445 2573.6992
1743665483.1481 2573.6992
1743665483.2519 2573.6992
1743665483.3557 2573.6992
1743665483.4596 2573.6992
1743665483.5635 2573.6992
1743665483.6674 2573.6992
1743665483.7714 2573.6992
1743665483.8755 2573.6992
1743665483.9795 2573.6992
1743665484.0834 2573.6992
1743665484.1874 2573.6992
1743665484.2914 2573.6992
1743665484.3956 2573.6992
1743665484.4993 2573.6992
1743665484.6032 2573.6992
1743665484.7070 2573.6992
1743665484.8108 2573.6992
1743665484.9145 2573.9570
1743665485.0183 2573.9570
1743665485.1220 2573.9570
1743665485.2258 2573.9570
1743665485.3295 2573.9570
1743665485.4331 2573.9570
1743665485.5368 2574.4727
1743665485.6404 2574.4727
1743665485.7441 2574.4727
1743665485.8477 2574.4727
1743665485.9513 2574.4727
1743665486.0549 2574.4727
1743665486.1587 2577.8242
1743665486.2623 2577.8242
1743665486.3660 2577.8242
1743665486.4697 2577.8242
1743665486.5734 2577.8242
1743665486.6770 2577.8242
1743665486.7806 2577.8242
1743665486.8844 2577.8242
1743665486.9880 2577.8242
1743665487.0917 2577.8242
1743665487.1953 2577.8242
1743665487.2990 2577.8242
1743665487.4027 2577.8242
1743665487.5063 2577.8242
1743665487.6100 2577.8242
1743665487.7136 2579.3711
1743665487.8173 2579.3711
1743665487.9210 2579.3711
1743665488.0246 2579.3711
1743665488.1281 2579.3711
1743665488.2320 2579.3711
1743665488.3353 2579.3711
1743665488.4392 2579.3711
1743665488.5427 2579.3711
1743665488.6463 2579.3711
1743665488.7500 2579.3711
1743665488.8537 2579.3711
1743665488.9572 2579.3711
1743665489.0608 2579.3711
1743665489.1644 2579.3711
1743665489.2680 2581.4336
1743665489.3716 2581.4336
1743665489.4752 2581.4336
1743665489.5789 2581.4336
1743665489.6826 2581.4336
1743665489.7862 2581.4336
1743665489.8898 2581.4336
1743665489.9934 2581.4336
1743665490.0972 2581.4336
1743665490.2008 2581.4336
1743665490.3044 2581.4336
1743665490.4081 2581.4336
1743665490.5117 2581.4336
1743665490.6155 2581.4336
1743665490.7192 2581.4336
1743665490.8230 2581.4336
1743665490.9266 2581.4336
1743665491.0303 2583.7539
1743665491.1341 2583.7539
1743665491.2377 2583.7539
1743665491.3414 2583.7539
1743665491.4450 2583.7539
1743665491.5487 2583.7539
1743665491.6523 2583.7539
1743665491.7560 2583.7539
1743665491.8596 2583.7539
1743665491.9632 2583.7539
1743665492.0670 2583.7539
1743665492.1706 2583.7539
1743665492.2743 2584.5273
1743665492.3780 2584.5273
1743665492.4817 2584.5273
1743665492.5854 2584.5273
1743665492.6890 2584.5273
1743665492.7928 2584.5273
1743665492.8964 2584.5273
1743665493.0000 2585.8164
1743665493.1036 2585.8164
1743665493.2074 2587.3633
1743665493.3111 2587.3633
1743665493.4148 2587.3633
1743665493.5185 2587.3633
1743665493.6223 2587.3633
1743665493.7259 2587.3633
1743665493.8298 2589.1680
1743665493.9336 2589.1680
1743665494.0374 2589.1680
1743665494.1410 2589.1680
1743665494.2449 2589.1680
1743665494.3487 2589.1680
1743665494.4524 2589.1680
1743665494.5561 2589.1680
1743665494.6599 2589.1680
1743665494.7635 2589.1680
1743665494.8671 2589.1680
1743665494.9707 2589.1680
1743665495.0743 2589.1680
1743665495.1778 2589.1680
1743665495.2814 2589.1680
1743665495.3849 2589.1680
1743665495.4884 2589.1680
1743665495.5919 2589.1680
1743665495.6953 2589.1680
1743665495.7985 2589.1680
1743665495.9018 2589.1680
1743665496.0050 2589.1680
1743665496.1081 2589.1680
1743665496.2113 2589.1680
1743665496.3146 2589.1680
1743665496.4178 2589.1680
1743665496.5212 2589.1680
1743665496.6246 2589.1680
1743665496.7279 2589.1680
1743665496.8314 2589.1680
1743665496.9349 2589.1680
1743665497.0384 2589.1680
1743665497.1421 2589.1680
1743665497.2456 2589.1680
1743665497.3492 2589.1680
1743665497.4529 2591.4883
1743665497.5565 2591.4883
1743665497.6601 2591.4883
1743665497.7637 2591.4883
1743665497.8673 2592.2617
1743665497.9711 2592.2617
1743665498.0747 2592.2617
1743665498.1783 2592.2617
1743665498.2821 2592.7773
1743665498.3856 2592.7773
1743665498.4894 2592.7773
1743665498.5930 2592.7773
1743665498.6968 2592.7773
1743665498.8004 2595.0977
1743665498.9041 2595.0977
1743665499.0083 2595.0977
1743665499.1113 2595.0977
1743665499.2151 2595.0977
1743665499.3188 2595.0977
1743665499.4225 2595.0977
1743665499.5260 2595.3555
1743665499.6298 2595.3555
1743665499.7334 2595.8711
1743665499.8370 2598.9648
1743665499.9406 2598.9648
1743665500.0443 2598.9648
1743665500.1479 2598.9648
1743665500.2516 2598.9648
1743665500.3552 2598.9648
1743665500.4588 2598.9648
1743665500.5626 2598.9648
1743665500.6663 2598.9648
1743665500.7699 2598.9648
1743665500.8736 2598.9648
1743665500.9772 2598.9648
1743665501.0809 2598.9648
1743665501.1845 2598.9648
1743665501.2881 2598.9648
1743665501.3918 2601.0273
1743665501.4954 2601.0273
1743665501.5990 2601.0273
1743665501.7027 2601.0273
1743665501.8065 2601.0273
1743665501.9103 2601.0273
1743665502.0137 2601.0273
1743665502.1174 2601.0273
1743665502.2212 2601.0273
1743665502.3248 2601.0273
1743665502.4284 2601.0273
1743665502.5321 2601.0273
1743665502.6358 2601.0273
1743665502.7395 2601.0273
1743665502.8431 2604.1211
1743665502.9468 2604.1211
1743665503.0504 2604.1211
1743665503.1540 2604.1211
1743665503.2576 2604.1211
1743665503.3612 2604.1211
1743665503.4648 2604.1211
1743665503.5686 2604.1211
1743665503.6722 2604.1211
1743665503.7758 2604.1211
1743665503.8794 2604.1211
1743665503.9830 2604.1211
1743665504.0867 2604.1211
1743665504.1904 2604.3789
1743665504.2941 2606.6992
1743665504.3977 2606.6992
1743665504.5015 2606.6992
1743665504.6051 2606.6992
1743665504.7088 2609.0195
1743665504.8124 2609.0195
1743665504.9162 2609.0195
1743665505.0198 2609.0195
1743665505.1234 2609.0195
1743665505.2271 2609.0195
1743665505.3308 2609.0195
1743665505.4344 2609.0195
1743665505.5380 2609.0195
1743665505.6418 2611.0820
1743665505.7453 2611.0820
1743665505.8491 2611.0820
1743665505.9529 2611.0820
1743665506.0565 2611.0820
1743665506.1600 2611.0820
1743665506.2638 2611.0820
1743665506.3675 2611.0820
1743665506.4710 2611.0820
1743665506.5745 2611.5977
1743665506.6783 2611.5977
1743665506.7816 2612.3711
1743665506.8851 2614.6914
1743665506.9887 2614.6914
1743665507.0923 2615.7227
1743665507.1957 2615.7227
1743665507.2991 2617.5273
1743665507.4023 2617.5273
1743665507.5056 2619.0742
1743665507.6088 2619.0742
1743665507.7119 2619.0742
1743665507.8150 2619.0742
1743665507.9183 2619.0742
1743665508.0218 2619.0742
1743665508.1248 2620.8789
1743665508.2282 2620.8789
1743665508.3315 2620.8789
1743665508.4350 2620.8789
1743665508.5382 2620.8789
1743665508.6417 2620.8789
1743665508.7451 2620.8789
1743665508.8486 2620.8789
1743665508.9521 2620.8789
1743665509.0557 2621.3945
1743665509.1593 2625.0039
1743665509.2630 2625.0039
1743665509.3669 2625.0039
1743665509.4709 2626.0352
1743665509.5749 2626.0352
1743665509.6791 2626.0352
1743665509.7832 2626.0352
1743665509.8874 2626.0352
1743665509.9917 2626.0352
1743665510.0959 2628.8711
1743665510.2002 2628.8711
1743665510.3044 2628.8711
1743665510.4085 2628.8711
1743665510.5126 2628.8711
1743665510.6165 2628.8711
1743665510.7206 2628.8711
1743665510.8244 2628.8711
1743665510.9284 2628.8711
1743665511.0322 2628.8711
1743665511.1362 2628.8711
1743665511.2399 2628.8711
1743665511.3437 2628.8711
1743665511.4475 2628.8711
1743665511.5512 2628.8711
1743665511.6550 2628.8711
1743665511.7587 2628.8711
1743665511.8623 2629.6445
1743665511.9659 2629.6445
1743665512.0696 2629.6445
1743665512.1733 2629.6445
1743665512.2769 2629.6445
1743665512.3805 2629.6445
1743665512.4842 2629.6445
1743665512.5878 2629.9023
1743665512.6915 2629.9023
1743665512.7952 2629.9023
1743665512.8988 2629.9023
1743665513.0025 2629.9023
1743665513.1061 2630.1602
1743665513.2097 2630.1602
1743665513.3133 2630.1602
1743665513.4169 2630.1602
1743665513.5205 2631.4492
1743665513.6241 2631.4492
1743665513.7277 2631.4492
1743665513.8314 2631.4492
1743665513.9350 2631.4492
1743665514.0387 2631.4492
1743665514.1423 2631.4492
1743665514.2459 2631.4492
1743665514.3496 2631.4492
1743665514.4532 2631.4492
1743665514.5569 2633.5117
1743665514.6605 2633.5117
1743665514.7643 2634.2852
1743665514.8679 2634.2852
1743665514.9715 2634.2852
1743665515.0752 2635.5742
1743665515.1789 2635.5742
1743665515.2826 2635.5742
1743665515.3862 2635.5742
1743665515.4898 2637.8945
1743665515.5936 2637.8945
1743665515.6972 2639.1836
1743665515.8009 2639.1836
1743665515.9045 2640.2148
1743665516.0082 2640.2148
1743665516.1119 2640.9883
1743665516.2155 2640.9883
1743665516.3191 2640.9883
1743665516.4229 2640.9883
1743665516.5265 2643.3086
1743665516.6302 2643.3086
1743665516.7338 2643.3086
1743665516.8373 2643.3086
1743665516.9409 2643.3086
1743665517.0445 2643.3086
1743665517.1479 2643.3086
1743665517.2515 2643.3086
1743665517.3550 2643.3086
1743665517.4587 2643.3086
1743665517.5623 2643.3086
1743665517.6660 2643.3086
1743665517.7697 2643.3086
1743665517.8734 2646.1445
1743665517.9773 2646.1445
1743665518.0810 2646.1445
1743665518.1845 2648.2070
1743665518.2882 2648.2070
1743665518.3919 2648.2070
1743665518.4959 2649.4961
1743665518.5993 2649.4961
1743665518.7032 2651.5586
1743665518.8068 2651.5586
1743665518.9105 2651.5586
1743665519.0143 2651.5586
1743665519.1179 2653.3633
1743665519.2219 2653.3633
1743665519.3251 2653.3633
1743665519.4289 2653.3633
1743665519.5325 2653.3633
1743665519.6362 2653.3633
1743665519.7399 2653.6211
1743665519.8437 2653.6211
1743665519.9473 2653.6211
1743665520.0511 2653.8789
1743665520.1547 2653.8789
1743665520.2583 2653.8789
1743665520.3619 2656.4570
1743665520.4654 2656.4570
1743665520.5690 2656.4570
1743665520.6726 2656.4570
1743665520.7762 2656.4570
1743665520.8797 2656.4570
1743665520.9833 2656.4570
1743665521.0868 2656.4570
1743665521.1903 2656.4570
1743665521.2939 2659.2930
1743665521.3974 2659.2930
1743665521.5010 2659.2930
1743665521.6046 2659.2930
1743665521.7083 2659.2930
1743665521.8120 2659.2930
1743665521.9157 2659.2930
1743665522.0193 2659.2930
1743665522.1229 2659.2930
1743665522.2266 2659.2930
1743665522.3302 2659.2930
1743665522.4338 2659.2930
1743665522.5376 2659.2930
1743665522.6419 2659.2930
1743665522.7449 2659.2930
1743665522.8486 2659.2930
1743665522.9522 2659.2930
1743665523.0559 2660.8398
1743665523.1595 2660.8398
1743665523.2630 2662.3867
1743665523.3667 2662.3867
1743665523.4704 2662.9023
1743665523.5740 2662.9023
1743665523.6777 2662.9023
1743665523.7813 2663.1602
1743665523.8851 2663.1602
1743665523.9888 2663.1602
1743665524.0923 2665.4805
1743665524.1961 2665.4805
1743665524.2997 2665.4805
1743665524.4033 2665.4805
1743665524.5070 2665.4805
1743665524.6106 2665.4805
1743665524.7143 2665.4805
1743665524.8179 2667.8008
1743665524.9216 2667.8008
1743665525.0252 2667.8008
1743665525.1290 2667.8008
1743665525.2326 2667.8008
1743665525.3362 2667.8008
1743665525.4399 2667.8008
1743665525.5434 2669.6055
1743665525.6470 2669.6055
1743665525.7507 2669.6055
1743665525.8544 2669.6055
1743665525.9579 2669.6055
1743665526.0616 2669.6055
1743665526.1652 2671.4102
1743665526.2689 2671.4102
1743665526.3725 2673.2148
1743665526.4762 2673.2148
1743665526.5798 2673.2148
1743665526.6834 2673.2148
1743665526.7872 2673.4727
1743665526.8908 2675.7930
1743665526.9944 2675.7930
1743665527.0980 2675.7930
1743665527.2016 2675.7930
1743665527.3053 2678.1133
1743665527.4090 2678.1133
1743665527.5126 2680.4336
1743665527.6162 2680.4336
1743665527.7198 2680.4336
1743665527.8235 2681.7227
1743665527.9271 2681.7227
1743665528.0308 2682.2383
1743665528.1345 2682.2383
1743665528.2382 2682.2383
1743665528.3419 2682.2383
1743665528.4455 2682.2383
1743665528.5492 2685.0742
1743665528.6529 2685.0742
1743665528.7565 2685.5898
1743665528.8602 2688.1680
1743665528.9639 2688.1680
1743665529.0676 2690.2305
1743665529.1712 2690.2305
1743665529.2748 2690.2305
1743665529.3784 2692.2930
1743665529.4821 2692.2930
1743665529.5857 2693.8398
1743665529.6893 2693.8398
1743665529.7929 2695.3867
1743665529.8966 2695.3867
1743665530.0002 2696.1602
1743665530.1040 2696.1602
1743665530.2077 2696.6758
1743665530.3113 2699.2539
1743665530.4151 2699.2539
1743665530.5188 2700.2852
1743665530.6227 2700.2852
1743665530.7264 2702.0898
1743665530.8300 2702.0898
1743665530.9338 2702.8633
1743665531.0375 2702.8633
1743665531.1412 2702.8633
1743665531.2448 2705.6992
1743665531.3484 2705.6992
1743665531.4520 2705.6992
1743665531.5555 2707.2461
1743665531.6591 2707.2461
1743665531.7626 2708.5352
1743665531.8662 2708.5352
1743665531.9698 2709.5664
1743665532.0733 2709.5664
1743665532.1769 2710.8555
1743665532.2806 2710.8555
1743665532.3840 2710.8555
1743665532.4876 2710.8555
1743665532.5911 2712.6602
1743665532.6946 2712.6602
1743665532.7982 2714.4648
1743665532.9019 2714.4648
1743665533.0055 2715.4961
1743665533.1092 2715.4961
1743665533.2128 2716.7852
1743665533.3166 2716.7852
1743665533.4202 2717.8164
1743665533.5240 2717.8164
1743665533.6278 2719.1055
1743665533.7315 2719.1055
1743665533.8353 2720.1367
1743665533.9391 2720.1367
1743665534.0429 2720.1367
1743665534.1465 2720.1367
1743665534.2503 2721.1680
1743665534.3540 2721.1680
1743665534.4576 2722.7148
1743665534.5613 2722.7148
1743665534.6650 2723.4883
1743665534.7688 2723.4883
1743665534.8723 2723.4883
1743665534.9760 2726.5820
1743665535.0797 2726.5820
1743665535.1833 2726.5820
1743665535.2870 2727.6133
1743665535.3906 2727.6133
1743665535.4941 2729.4180
1743665535.5978 2729.4180
1743665535.7013 2730.9648
1743665535.8048 2730.9648
1743665535.9085 2730.9648
1743665536.0119 2731.4805
1743665536.1153 2734.5742
1743665536.2188 2734.5742
1743665536.3222 2734.5742
1743665536.4255 2737.1523
1743665536.5290 2737.1523
1743665536.6324 2737.1523
1743665536.7359 2739.4727
1743665536.8391 2739.4727
1743665536.9426 2739.4727
1743665537.0459 2741.2773
1743665537.1493 2741.2773
1743665537.2527 2743.3398
1743665537.3561 2743.3398
1743665537.4594 2744.1133
1743665537.5629 2747.4648
1743665537.6663 2747.4648
1743665537.7698 2747.4648
1743665537.8733 2747.4648
1743665537.9768 2747.4648
1743665538.0803 2750.5586
1743665538.1837 2750.5586
1743665538.2874 2750.5586
1743665538.3909 2752.6211
1743665538.4945 2752.6211
1743665538.5982 2752.6211
1743665538.7018 2754.9414
1743665538.8056 2754.9414
1743665538.9094 2754.9414
1743665539.0133 2754.9414
1743665539.1170 2754.9414
1743665539.2209 2755.7148
1743665539.3246 2755.7148
1743665539.4285 2755.7148
1743665539.5322 2757.7773
1743665539.6360 2757.7773
1743665539.7398 2760.0977
1743665539.8436 2760.0977
1743665539.9473 2760.6133
1743665540.0511 2760.6133
1743665540.1549 2760.6133
1743665540.2588 2762.9336
1743665540.3627 2762.9336
1743665540.4665 2764.4805
1743665540.5704 2764.4805
1743665540.6742 2765.7695
1743665540.7779 2765.7695
1743665540.8815 2767.0586
1743665540.9852 2767.0586
1743665541.0889 2768.3477
1743665541.1925 2768.3477
1743665541.2961 2769.6367
1743665541.3996 2769.6367
1743665541.5032 2771.1836
1743665541.6068 2771.1836
1743665541.7104 2772.4727
1743665541.8139 2772.4727
1743665541.9175 2773.7617
1743665542.0212 2773.7617
1743665542.1248 2775.0508
1743665542.2284 2775.0508
1743665542.3320 2776.5977
1743665542.4356 2776.5977
1743665542.5392 2778.1445
1743665542.6430 2778.1445
1743665542.7466 2779.6914
1743665542.8502 2779.6914
1743665542.9538 2781.2383
1743665543.0574 2781.2383
1743665543.1610 2782.7852
1743665543.2647 2782.7852
1743665543.3683 2784.3320
1743665543.4718 2784.3320
1743665543.5754 2785.8789
1743665543.6790 2785.8789
1743665543.7826 2787.4258
1743665543.8863 2787.4258
1743665543.9899 2788.9727
1743665544.0935 2788.9727
1743665544.1971 2791.0352
1743665544.3007 2791.0352
1743665544.4043 2792.5820
1743665544.5079 2792.5820
1743665544.6116 2794.3867
1743665544.7151 2794.3867
1743665544.8189 2796.1914
1743665544.9225 2796.1914
1743665545.0261 2797.7383
1743665545.1297 2797.7383
1743665545.2333 2799.8008
1743665545.3370 2799.8008
1743665545.4406 2801.8633
1743665545.5442 2801.8633
1743665545.6478 2803.9258
1743665545.7514 2803.9258
1743665545.8550 2805.9883
1743665545.9587 2805.9883
1743665546.0623 2808.0508
1743665546.1659 2808.0508
1743665546.2695 2809.8555
1743665546.3731 2809.8555
1743665546.4767 2811.4023
1743665546.5804 2811.4023
1743665546.6838 2812.9492
1743665546.7875 2812.9492
1743665546.8911 2814.2383
1743665546.9947 2814.2383
1743665547.0983 2815.7852
1743665547.2019 2815.7852
1743665547.3055 2817.3320
1743665547.4092 2817.3320
1743665547.5128 2819.3945
1743665547.6163 2819.3945
1743665547.7199 2821.1992
1743665547.8235 2823.2617
1743665547.9270 2823.2617
1743665548.0306 2824.5508
1743665548.1342 2824.5508
1743665548.2378 2825.3242
1743665548.3415 2825.3242
1743665548.4450 2826.8711
1743665548.5485 2826.8711
1743665548.6522 2828.4180
1743665548.7559 2828.4180
1743665548.8595 2829.9648
1743665548.9632 2829.9648
1743665549.0667 2831.5117
1743665549.1704 2831.5117
1743665549.2740 2833.3164
1743665549.3776 2833.3164
1743665549.4819 2834.8633
1743665549.5849 2834.8633
1743665549.6884 2836.6680
1743665549.7921 2836.6680
1743665549.8957 2838.4727
1743665549.9993 2838.4727
1743665550.1029 2840.2773
1743665550.2065 2840.2773
1743665550.3101 2842.8555
1743665550.4139 2842.8555
1743665550.5175 2842.8555
1743665550.6211 2845.1758
1743665550.7247 2845.1758
1743665550.8283 2847.2383
1743665550.9320 2847.2383
1743665551.0356 2849.3008
1743665551.1392 2849.3008
1743665551.2430 2851.3633
1743665551.3465 2851.3633
1743665551.4500 2852.3945
1743665551.5537 2852.3945
1743665551.6573 2855.2305
1743665551.7609 2855.2305
1743665551.8646 2855.7461
1743665551.9681 2858.0664
1743665552.0717 2858.0664
1743665552.1753 2860.1289
1743665552.2790 2860.1289
1743665552.3827 2861.9336
1743665552.4863 2861.9336
1743665552.5899 2864.5117
1743665552.6935 2864.5117
1743665552.7972 2864.5117
1743665552.9008 2866.3164
1743665553.0044 2866.3164
1743665553.1080 2868.3789
1743665553.2115 2868.3789
1743665553.3151 2869.6680
1743665553.4187 2869.6680
1743665553.5222 2871.2148
1743665553.6258 2871.2148
1743665553.7294 2873.0195
1743665553.8332 2873.0195
1743665553.9368 2874.3086
1743665554.0404 2874.3086
1743665554.1440 2876.6289
1743665554.2477 2876.6289
1743665554.3513 2877.9180
1743665554.4549 2877.9180
1743665554.5587 2879.7227
1743665554.6622 2879.7227
1743665554.7658 2881.5273
1743665554.8695 2881.5273
1743665554.9732 2883.0742
1743665555.0768 2883.0742
1743665555.1804 2885.6523
1743665555.2841 2885.6523
1743665555.3877 2885.6523
1743665555.4913 2888.4883
1743665555.5949 2888.4883
1743665555.6985 2890.0352
1743665555.8020 2893.1289
1743665555.9056 2893.1289
1743665556.0092 2893.1289
1743665556.1129 2895.4492
1743665556.2165 2895.4492
1743665556.3201 2895.4492
1743665556.4237 2897.7695
1743665556.5272 2897.7695
1743665556.6308 2897.7695
1743665556.7344 2899.8320
1743665556.8381 2899.8320
1743665556.9417 2901.3789
1743665557.0453 2901.3789
1743665557.1489 2902.6680
1743665557.2525 2902.6680
1743665557.3562 2904.4727
1743665557.4599 2904.4727
1743665557.5635 2906.0195
1743665557.6672 2906.0195
1743665557.7708 2907.3086
1743665557.8746 2907.3086
1743665557.9782 2908.8555
1743665558.0818 2908.8555
1743665558.1855 2910.4023
1743665558.2892 2910.4023
1743665558.3928 2911.6914
1743665558.4964 2911.6914
1743665558.6000 2913.4961
1743665558.7036 2913.4961
1743665558.8072 2915.3008
1743665558.9108 2915.3008
1743665559.0145 2916.8477
1743665559.1181 2916.8477
1743665559.2217 2918.3945
1743665559.3253 2918.3945
1743665559.4288 2919.9414
1743665559.5324 2919.9414
1743665559.6360 2921.2305
1743665559.7395 2921.2305
1743665559.8431 2922.7773
1743665559.9468 2922.7773
1743665560.0504 2924.5820
1743665560.1540 2924.5820
1743665560.2576 2926.1289
1743665560.3612 2926.1289
1743665560.4648 2927.6758
1743665560.5684 2927.6758
1743665560.6722 2929.4805
1743665560.7758 2929.4805
1743665560.8794 2930.7695
1743665560.9830 2930.7695
1743665561.0866 2932.3164
1743665561.1904 2932.3164
1743665561.2940 2933.8633
1743665561.3976 2933.8633
1743665561.5013 2935.4102
1743665561.6050 2935.4102
1743665561.7087 2936.9570
1743665561.8123 2936.9570
1743665561.9160 2938.7617
1743665562.0196 2938.7617
1743665562.1233 2940.3086
1743665562.2269 2940.3086
1743665562.3306 2941.5977
1743665562.4343 2941.5977
1743665562.5379 2943.6602
1743665562.6415 2943.6602
1743665562.7452 2944.9492
1743665562.8489 2944.9492
1743665562.9525 2947.0117
1743665563.0561 2947.0117
1743665563.1596 2948.8164
1743665563.2632 2948.8164
1743665563.3668 2950.6211
1743665563.4704 2950.6211
1743665563.5742 2952.1680
1743665563.6778 2952.1680
1743665563.7814 2953.7148
1743665563.8850 2953.7148
1743665563.9888 2955.5195
1743665564.0924 2955.5195
1743665564.1960 2957.0664
1743665564.2997 2957.0664
1743665564.4033 2959.6445
1743665564.5071 2959.6445
1743665564.6107 2959.6445
1743665564.7144 2961.9648
1743665564.8180 2961.9648
1743665564.9218 2963.5117
1743665565.0254 2963.5117
1743665565.1290 2965.3164
1743665565.2325 2965.3164
1743665565.3361 2966.8633
1743665565.4398 2966.8633
1743665565.5434 2968.6680
1743665565.6470 2968.6680
1743665565.7506 2970.4727
1743665565.8542 2970.4727
1743665565.9578 2972.5352
1743665566.0615 2972.5352
1743665566.1652 2975.1133
1743665566.2688 2975.1133
1743665566.3725 2975.1133
1743665566.4761 2977.1758
1743665566.5798 2977.1758
1743665566.6834 2979.2383
1743665566.7871 2979.2383
1743665566.8907 2981.0430
1743665566.9944 2981.0430
1743665567.0980 2983.1055
1743665567.2016 2983.1055
1743665567.3052 2985.9414
1743665567.4088 2985.9414
1743665567.5125 2985.9414
1743665567.6160 2988.2617
1743665567.7197 2988.2617
1743665567.8233 2990.3242
1743665567.9269 2990.3242
1743665568.0305 2991.8711
1743665568.1340 2991.8711
1743665568.2376 2993.6758
1743665568.3412 2993.6758
1743665568.4448 2995.4805
1743665568.5485 2995.4805
1743665568.6521 2997.0273
1743665568.7557 2997.0273
1743665568.8593 2998.8320
1743665568.9629 2998.8320
1743665569.0665 3001.6680
1743665569.1701 3001.6680
1743665569.2738 3001.6680
1743665569.3776 3004.5039
1743665569.4810 3004.5039
1743665569.5845 3005.7930
1743665569.6881 3007.5977
1743665569.7917 3007.5977
1743665569.8953 3008.6289
1743665569.9989 3010.1758
1743665570.1026 3014.8164
1743665570.2062 3014.8164
1743665570.3098 3016.1055
1743665570.4134 3018.4258
1743665570.5171 3018.4258
1743665570.6208 3020.2305
1743665570.7244 3020.2305
1743665570.8280 3022.0352
1743665570.9317 3022.0352
1743665571.0352 3022.0352
1743665571.1388 3024.6133
1743665571.2426 3024.6133
1743665571.3462 3024.6133
1743665571.4498 3028.4805
1743665571.5534 3028.4805
1743665571.6572 3028.4805
1743665571.7608 3028.4805
1743665571.8644 3028.4805
1743665571.9680 3031.5742
1743665572.0716 3031.5742
1743665572.1754 3032.8633
1743665572.2790 3035.1836
1743665572.3826 3035.1836
1743665572.4862 3036.2148
1743665572.5898 3036.2148
1743665572.6935 3039.0508
1743665572.7972 3039.0508
1743665572.9007 3039.5664
1743665573.0044 3042.1445
1743665573.1081 3042.1445
1743665573.2115 3044.4648
1743665573.3153 3044.4648
1743665573.4189 3044.7227
1743665573.5225 3047.8164
1743665573.6261 3047.8164
1743665573.7297 3049.6211
1743665573.8333 3052.7148
1743665573.9371 3052.7148
1743665574.0407 3052.7148
1743665574.1443 3054.2617
1743665574.2479 3054.2617
1743665574.3517 3056.0664
1743665574.4553 3056.0664
1743665574.5589 3057.8711
1743665574.6625 3057.8711
1743665574.7661 3060.7070
1743665574.8697 3060.7070
1743665574.9735 3060.7070
1743665575.0771 3063.0273
1743665575.1807 3063.0273
1743665575.2843 3065.3477
1743665575.3880 3065.3477
1743665575.4916 3065.3477
1743665575.5952 3068.4414
1743665575.6988 3068.4414
1743665575.8024 3068.4414
1743665575.9061 3070.2461
1743665576.0096 3070.2461
1743665576.1134 3072.0508
1743665576.2170 3072.0508
1743665576.3206 3073.5977
1743665576.4242 3073.5977
1743665576.5278 3075.4023
1743665576.6316 3075.4023
1743665576.7352 3077.4648
1743665576.8388 3077.4648
1743665576.9424 3079.5273
1743665577.0462 3079.5273
1743665577.1498 3081.3320
1743665577.2534 3081.3320
1743665577.3570 3083.3945
1743665577.4606 3083.3945
1743665577.5644 3085.1992
1743665577.6680 3085.1992
1743665577.7717 3087.0039
1743665577.8753 3087.0039
1743665577.9790 3088.0352
1743665578.0826 3088.0352
1743665578.1862 3089.5820
1743665578.2899 3089.5820
1743665578.3934 3091.1289
1743665578.4970 3091.1289
1743665578.6006 3092.6758
1743665578.7045 3092.6758
1743665578.8078 3094.2227
1743665578.9114 3094.2227
1743665579.0149 3096.0273
1743665579.1184 3096.0273
1743665579.2220 3097.5742
1743665579.3255 3097.5742
1743665579.4290 3099.3789
1743665579.5325 3099.3789
1743665579.6360 3102.2148
1743665579.7396 3102.2148
1743665579.8431 3102.2148
1743665579.9467 3104.2773
1743665580.0502 3104.2773
1743665580.1538 3106.3398
1743665580.2573 3106.5977
1743665580.3610 3108.4023
1743665580.4646 3113.0430
1743665580.5683 3113.0430
1743665580.6721 3113.0430
1743665580.7760 3113.0430
1743665580.8796 3113.0430
1743665580.9834 3114.0742
1743665581.0869 3117.4258
1743665581.1907 3117.4258
1743665581.2944 3118.1992
1743665581.3981 3121.5508
1743665581.5020 3121.5508
1743665581.6059 3121.5508
1743665581.7097 3123.8711
1743665581.8137 3128.7695
1743665581.9180 3128.7695
1743665582.0217 3128.7695
1743665582.1256 3130.8320
1743665582.2294 3130.8320
1743665582.3333 3130.8320
1743665582.4371 3133.4102
1743665582.5408 3133.4102
1743665582.6445 3133.4102
1743665582.7483 3135.4727
1743665582.8521 3135.4727
1743665582.9556 3135.4727
1743665583.0592 3138.5664
1743665583.1629 3138.5664
1743665583.2665 3139.3398
1743665583.3700 3141.9180
1743665583.4736 3141.9180
1743665583.5772 3145.0117
1743665583.6808 3145.0117
1743665583.7846 3145.0117
1743665583.8880 3146.8164
1743665583.9918 3146.8164
1743665584.0954 3148.8789
1743665584.1990 3148.8789
1743665584.3026 3150.6836
1743665584.4062 3150.6836
1743665584.5100 3152.7461
1743665584.6136 3152.7461
1743665584.7172 3154.5508
1743665584.8208 3154.5508
1743665584.9243 3156.3555
1743665585.0279 3156.3555
1743665585.1314 3157.9023
1743665585.2349 3157.9023
1743665585.3384 3158.4180
1743665585.4419 3158.4180
1743665585.5454 3158.4180
1743665585.6489 3161.7695
1743665585.7525 3161.7695
1743665585.8560 3161.7695
1743665585.9595 3163.8320
1743665586.0631 3163.8320
1743665586.1666 3163.8320
1743665586.2701 3166.4102
1743665586.3736 3166.4102
1743665586.4772 3166.4102
1743665586.5807 3168.4727
1743665586.6842 3168.4727
1743665586.7878 3168.4727
1743665586.8914 3169.7617
1743665586.9949 3169.7617
1743665587.0983 3169.7617
1743665587.2019 3171.5664
1743665587.3055 3172.8555
1743665587.4091 3172.8555
1743665587.5127 3173.8867
1743665587.6163 3174.1445
1743665587.7199 3174.1445
1743665587.8235 3174.9180
1743665587.9270 3174.9180
1743665588.0307 3176.9805
1743665588.1343 3177.2383
1743665588.2379 3177.2383
1743665588.3417 3178.2695
1743665588.4453 3178.2695
1743665588.5491 3179.5586
1743665588.6529 3180.0742
1743665588.7567 3180.0742
1743665588.8603 3182.1367
1743665588.9642 3182.1367
1743665589.0679 3182.1367
1743665589.1717 3182.1367
1743665589.2755 3184.7148
1743665589.3793 3184.7148
1743665589.4830 3184.7148
1743665589.5868 3184.7148
1743665589.6904 3184.7148
1743665589.7941 3186.0039
1743665589.8977 3186.0039
1743665590.0015 3188.5820
1743665590.1051 3188.5820
1743665590.2088 3188.5820
1743665590.3125 3188.5820
1743665590.4160 3188.5820
1743665590.5196 3191.4180
1743665590.6232 3191.4180
1743665590.7269 3191.4180
1743665590.8305 3192.7070
1743665590.9341 3192.7070
1743665591.0378 3193.4805
1743665591.1415 3193.4805
1743665591.2451 3193.7383
1743665591.3489 3196.0586
1743665591.4525 3196.0586
1743665591.5561 3196.0586
1743665591.6598 3196.0586
1743665591.7634 3196.0586
1743665591.8671 3197.0898
1743665591.9707 3197.0898
1743665592.0744 3197.0898
1743665592.1780 3199.4102
1743665592.2817 3199.4102
1743665592.3855 3199.4102
1743665592.4890 3199.4102
1743665592.5926 3199.4102
1743665592.6962 3200.9570
1743665592.7998 3200.9570
1743665592.9035 3200.9570
1743665593.0071 3201.2148
1743665593.1108 3204.5664
1743665593.2144 3204.5664
1743665593.3179 3204.5664
1743665593.4215 3204.5664
1743665593.5252 3204.5664
1743665593.6288 3206.8867
1743665593.7324 3206.8867
1743665593.8360 3208.9492
1743665593.9396 3208.9492
1743665594.0432 3209.9805
1743665594.1468 3209.9805
1743665594.2505 3211.2695
1743665594.3541 3211.2695
1743665594.4578 3211.2695
1743665594.5614 3211.2695
1743665594.6650 3213.0742
1743665594.7688 3213.0742
1743665594.8724 3213.0742
1743665594.9760 3213.0742
1743665595.0798 3213.0742
1743665595.1834 3214.8789
1743665595.2870 3214.8789
1743665595.3906 3215.6523
1743665595.4942 3215.6523
1743665595.5977 3216.4258
1743665595.7014 3216.4258
1743665595.8050 3217.7148
1743665595.9086 3217.7148
1743665596.0122 3219.2617
1743665596.1159 3219.2617
1743665596.2195 3219.2617
1743665596.3233 3220.5508
1743665596.4269 3222.0977
1743665596.5306 3222.0977
1743665596.6343 3223.1289
1743665596.7380 3224.6758
1743665596.8416 3224.6758
1743665596.9452 3224.6758
1743665597.0488 3225.4492
1743665597.1524 3225.4492
1743665597.2561 3226.2227
1743665597.3597 3228.8008
1743665597.4634 3228.8008
