1743665126.881789 0.000000 0.000000 0.000000 0.000000 0.000000 0.000000 1.000000
1743665126.985525 0.621434 -0.016049 0.006264 0.001395 -0.000748 0.001635 0.999997
1743665127.089127 1.394844 0.018160 0.010025 0.000883 -0.001605 0.003454 0.999992
1743665127.192864 2.103846 0.011837 0.013167 0.000709 -0.002326 0.005552 0.999982
1743665127.296481 2.839437 0.038810 0.015880 -0.000029 -0.002700 0.007964 0.999965
1743665127.400219 3.590651 0.051163 0.023251 0.000413 -0.002760 0.010202 0.999944
1743665127.503834 4.368795 0.078377 0.034889 -0.000089 -0.003274 0.012426 0.999917
1743665127.607587 5.141370 0.110546 0.043323 -0.001720 -0.003537 0.014818 0.999882
1743665127.711209 5.916762 0.132762 0.045915 -0.002840 -0.003048 0.017220 0.999843
1743665127.814936 6.742226 0.174828 0.054956 -0.002824 -0.001770 0.019365 0.999807
1743665127.918699 7.552914 0.208693 0.060710 -0.001958 -0.000546 0.021120 0.999775
1743665128.022286 8.383830 0.255242 0.070024 -0.002135 -0.000556 0.022491 0.999745
1743665128.126031 9.196525 0.294464 0.071119 -0.002009 -0.000917 0.023580 0.999720
1743665128.229768 10.020695 0.336962 0.082923 -0.001062 -0.000968 0.024484 0.999699
1743665128.333385 10.863046 0.385917 0.084583 -0.001096 -0.000601 0.025467 0.999675
1743665128.437001 11.712048 0.416722 0.093294 0.000617 -0.000605 0.026291 0.999654
1743665128.540749 12.599906 0.488226 0.098121 -0.000579 -0.001724 0.027011 0.999633
1743665128.644358 13.478632 0.543765 0.107166 -0.001377 -0.003025 0.027673 0.999612
1743665128.748091 14.372031 0.605940 0.114999 -0.003351 -0.003881 0.028485 0.999581
1743665128.851712 15.260179 0.667776 0.124215 -0.003874 -0.003787 0.029048 0.999563
1743665128.955455 16.166257 0.731877 0.134521 -0.003357 -0.003033 0.029572 0.999552
1743665129.059070 17.070623 0.788251 0.149155 -0.003175 -0.002340 0.030277 0.999534
1743665129.162806 17.979212 0.833672 0.163743 -0.003377 -0.002080 0.030997 0.999512
1743665129.266428 18.866421 0.896798 0.170100 -0.002941 -0.002556 0.031597 0.999493
1743665129.370039 19.781941 0.972495 0.183648 -0.002775 -0.002746 0.032058 0.999478
1743665129.473777 20.710565 1.028517 0.196654 -0.002509 -0.001909 0.032455 0.999468
1743665129.577621 21.628402 1.104916 0.202274 -0.003117 -0.000238 0.032133 0.999479
1743665129.681156 22.587796 1.167067 0.210231 -0.003482 0.001547 0.031979 0.999481
1743665129.784873 23.537119 1.227805 0.214766 -0.003117 0.003067 0.031117 0.999506
1743665129.888557 24.484900 1.294549 0.216945 -0.002310 0.003524 0.030247 0.999534
1743665129.992230 25.428678 1.344580 0.217188 -0.002639 0.002150 0.029769 0.999551
1743665130.095846 26.392880 1.411090 0.222228 -0.004481 -0.000131 0.029191 0.999564
1743665130.199458 27.342365 1.474049 0.228269 -0.004289 -0.001615 0.028635 0.999579
1743665130.303074 28.311501 1.526978 0.239726 -0.003460 -0.001050 0.028243 0.999595
1743665130.406714 29.291173 1.580789 0.240246 -0.001421 0.001373 0.028366 0.999596
1743665130.510334 30.256540 1.634545 0.245843 0.001675 0.003327 0.028752 0.999580
1743665130.614045 31.225107 1.680760 0.255570 0.005960 0.003212 0.029266 0.999549
1743665130.717660 32.233230 1.745120 0.263195 0.004974 0.001224 0.029821 0.999542
1743665130.821277 33.224392 1.805106 0.273389 0.004419 -0.000680 0.030666 0.999520
1743665130.924896 34.224786 1.877895 0.271577 0.003999 -0.001189 0.031652 0.999490
1743665131.028677 35.231315 1.945924 0.287764 0.005300 -0.000200 0.032003 0.999474
1743665131.132249 36.231894 2.017750 0.284752 0.004884 0.001071 0.032641 0.999455
1743665131.235991 37.230615 2.098004 0.303367 0.002758 0.001712 0.033171 0.999444
1743665131.339729 38.238112 2.168436 0.302254 0.003216 0.002986 0.033738 0.999421
1743665131.443348 39.249143 2.228414 0.313614 0.002969 0.004579 0.033725 0.999416
1743665131.547082 40.244171 2.313319 0.306499 0.000686 0.005582 0.034057 0.999404
1743665131.650701 41.244999 2.389129 0.311758 0.000134 0.005443 0.034027 0.999406
1743665131.754321 42.250165 2.461375 0.315082 0.000035 0.004632 0.034067 0.999409
1743665131.857935 43.256495 2.540465 0.318683 -0.001920 0.003361 0.034034 0.999413
1743665131.961698 44.230709 2.611270 0.322786 -0.001944 0.003388 0.034469 0.999398
1743665132.065292 45.212614 2.676882 0.322009 0.000114 0.004135 0.035060 0.999377
1743665132.168906 46.131439 2.748097 0.319289 -0.000061 0.004610 0.035453 0.999361
1743665132.272650 47.149830 2.821651 0.328567 -0.000259 0.003248 0.035617 0.999360
1743665132.376262 48.141678 2.906740 0.337197 -0.003058 0.000797 0.035897 0.999351
1743665132.480022 49.110564 2.978527 0.349776 -0.003510 0.000205 0.036130 0.999341
1743665132.583618 50.092253 3.044711 0.348620 -0.002531 0.001831 0.036409 0.999332
1743665132.687360 51.087488 3.117006 0.360036 -0.000233 0.003682 0.036384 0.999331
1743665132.790974 52.031962 3.194794 0.360506 0.000306 0.003965 0.036525 0.999325
1743665132.894710 52.997993 3.268807 0.371497 0.001728 0.003544 0.036549 0.999324
1743665132.998330 53.979126 3.335341 0.384786 0.002936 0.002942 0.036759 0.999316
1743665133.102067 54.930933 3.412330 0.384540 0.003293 0.003572 0.037386 0.999289
1743665133.205684 55.902234 3.485442 0.386242 0.005019 0.005630 0.037850 0.999255
1743665133.309448 56.843423 3.548249 0.389070 0.006704 0.008322 0.038320 0.999208
1743665133.413172 57.806105 3.623422 0.381461 0.005622 0.009330 0.038650 0.999193
1743665133.516781 58.721575 3.705511 0.382274 0.005028 0.007638 0.039103 0.999193
1743665133.620530 59.671146 3.792845 0.387152 0.002717 0.003640 0.039807 0.999197
1743665133.724139 60.583928 3.870620 0.396845 0.001573 0.001139 0.040101 0.999194
1743665133.827752 61.496007 3.960576 0.387463 -0.000128 0.001315 0.040675 0.999172
1743665133.931494 62.392569 4.037212 0.392495 -0.000570 0.002485 0.041205 0.999147
1743665134.035112 63.286338 4.119177 0.404238 -0.001326 0.003370 0.041791 0.999120
1743665134.138723 64.148030 4.197390 0.421458 -0.003078 0.003217 0.042348 0.999093
1743665134.242338 64.984361 4.278220 0.424615 -0.003633 0.003578 0.043095 0.999058
1743665134.345956 65.839276 4.353845 0.430611 -0.003745 0.003914 0.043812 0.999025
1743665134.449575 66.650721 4.434464 0.440442 -0.003885 0.004163 0.044521 0.998992
1743665134.553185 67.442535 4.504897 0.446372 -0.004276 0.004686 0.045155 0.998960
1743665134.656933 68.266571 4.594000 0.446036 -0.005602 0.005913 0.045792 0.998918
1743665134.760543 69.077782 4.676879 0.441837 -0.005671 0.007866 0.046458 0.998873
1743665134.864282 69.856451 4.762050 0.439623 -0.006319 0.008790 0.047320 0.998821
1743665134.967900 70.614442 4.842960 0.447483 -0.007869 0.006960 0.047935 0.998795
1743665135.071638 71.344756 4.925011 0.450300 -0.009449 0.003179 0.048499 0.998773
1743665135.175259 72.063832 4.996221 0.456804 -0.009678 0.000171 0.049055 0.998749
1743665135.278891 72.749744 5.068508 0.455597 -0.010591 -0.000542 0.049273 0.998729
1743665135.382636 73.444524 5.144399 0.463694 -0.011369 0.001116 0.049771 0.998695
1743665135.486227 74.110168 5.214485 0.472617 -0.010184 0.002346 0.050401 0.998674
1743665135.589964 74.737148 5.286822 0.485047 -0.009298 0.000954 0.050818 0.998664
1743665135.693584 75.338290 5.338063 0.495355 -0.005852 -0.001421 0.050710 0.998695
1743665135.797192 75.934946 5.402908 0.503488 -0.004695 -0.003727 0.050154 0.998724
1743665135.900951 76.520962 5.458448 0.513391 -0.005783 -0.004012 0.048577 0.998795
1743665136.004679 77.109123 5.525921 0.516049 -0.007794 -0.002754 0.046646 0.998877
1743665136.108301 77.658754 5.568885 0.531050 -0.007145 -0.000985 0.044347 0.998990
1743665136.212036 78.202041 5.609885 0.543233 -0.005184 0.001314 0.041529 0.999123
1743665136.315775 78.736997 5.640942 0.553141 -0.002634 0.003133 0.037517 0.999288
1743665136.419538 79.243763 5.682846 0.562615 -0.004190 0.003211 0.032131 0.999470
1743665136.523376 79.751365 5.713742 0.563337 -0.007018 0.002920 0.024649 0.999667
1743665136.627131 80.259795 5.738130 0.561698 -0.009545 0.003196 0.015578 0.999828
1743665136.731018 80.728800 5.740069 0.564982 -0.008913 0.003601 0.004636 0.999943
1743665136.834848 81.203424 5.717181 0.573979 -0.007243 0.004276 -0.008462 0.999929
1743665136.938719 81.644680 5.681515 0.576969 -0.006723 0.005122 -0.023096 0.999698
1743665137.042619 82.099972 5.636271 0.578511 -0.006776 0.006010 -0.039587 0.999175
1743665137.146449 82.569049 5.572566 0.580914 -0.006821 0.006307 -0.058343 0.998253
1743665137.250459 82.978545 5.501245 0.582934 -0.007160 0.006767 -0.079435 0.996791
1743665137.354429 83.402849 5.410087 0.582056 -0.007107 0.006951 -0.102314 0.994703
1743665137.458419 83.850975 5.274077 0.582032 -0.008183 0.006305 -0.127013 0.991847
1743665137.562409 84.208758 5.154793 0.588440 -0.008579 0.005568 -0.154326 0.987967
1743665137.666399 84.618875 4.952305 0.591163 -0.008897 0.004594 -0.182942 0.983073
1743665137.770539 84.936439 4.789394 0.590450 -0.009027 0.004217 -0.213443 0.976905
1743665137.874509 85.266743 4.576257 0.582410 -0.009186 0.003295 -0.244730 0.969542
1743665137.978379 85.639383 4.303613 0.599933 -0.008156 0.002588 -0.276237 0.961051
1743665138.082359 85.893852 4.081715 0.600954 -0.007855 0.002132 -0.307594 0.951483
1743665138.186099 86.214153 3.780492 0.615836 -0.007267 0.002808 -0.338138 0.941064
1743665138.289969 86.435947 3.546660 0.607142 -0.007445 0.003920 -0.368300 0.929669
1743665138.393709 86.670396 3.241149 0.612668 -0.007251 0.004261 -0.397659 0.917495
1743665138.497319 86.937618 2.901995 0.618485 -0.006166 0.003280 -0.425913 0.904737
1743665138.601059 87.088059 2.603819 0.639618 -0.004088 0.002263 -0.452382 0.891812
1743665138.704559 87.305832 2.258929 0.639003 -0.004981 0.002240 -0.477671 0.878522
1743665138.808169 87.444023 1.951466 0.634607 -0.006836 0.002662 -0.501658 0.865035
1743665138.911789 87.599373 1.610412 0.640454 -0.007882 0.002351 -0.523844 0.851775
1743665139.015399 87.756570 1.245295 0.635165 -0.005360 0.000199 -0.543844 0.839169
1743665139.118889 87.823096 0.895041 0.662193 0.001098 -0.002051 -0.561678 0.827353
1743665139.222389 87.916101 0.535571 0.663639 0.004185 -0.002617 -0.577338 0.816491
1743665139.325899 88.042151 0.165537 0.671971 0.002136 -0.002562 -0.591741 0.806121
1743665139.429459 88.136968 -0.187345 0.665355 -0.003516 -0.001577 -0.604619 0.796506
1743665139.532859 88.235940 -0.570424 0.668785 -0.006753 -0.001126 -0.616259 0.787513
1743665139.636479 88.320462 -0.973712 0.683269 -0.006828 -0.002124 -0.626792 0.779153
1743665139.739849 88.365719 -1.370718 0.689744 -0.004799 -0.005397 -0.635998 0.771657
1743665139.843459 88.399184 -1.774376 0.701030 -0.004555 -0.010020 -0.643960 0.764980
1743665139.946989 88.446535 -2.208255 0.692653 -0.006868 -0.012773 -0.651511 0.758501
1743665140.050559 88.518540 -2.640772 0.702869 -0.007982 -0.012085 -0.658359 0.752565
1743665140.154139 88.580125 -3.093593 0.714254 -0.006640 -0.010257 -0.664421 0.747259
1743665140.257669 88.627053 -3.569044 0.735931 -0.005323 -0.009019 -0.669882 0.742394
1743665140.361289 88.667019 -4.050834 0.750626 -0.003764 -0.008871 -0.674847 0.737895
1743665140.464899 88.696639 -4.561508 0.764277 -0.002152 -0.009818 -0.679154 0.733927
1743665140.568509 88.728454 -5.063564 0.776334 -0.001518 -0.010784 -0.682900 0.730430
1743665140.672129 88.755501 -5.593123 0.786222 -0.000992 -0.011600 -0.685794 0.727703
1743665140.775739 88.785437 -6.138853 0.794828 -0.000396 -0.012482 -0.687974 0.725628
1743665140.879459 88.808072 -6.717158 0.808717 -0.000616 -0.012886 -0.690083 0.723616
1743665140.983089 88.828002 -7.300107 0.818791 -0.001012 -0.012959 -0.692218 0.721571
1743665141.086709 88.842204 -7.883692 0.831875 -0.000156 -0.013786 -0.693783 0.720052
1743665141.190329 88.868627 -8.476362 0.843684 0.000103 -0.013944 -0.694917 0.718955
1743665141.294059 88.883178 -9.142587 0.861713 0.000506 -0.013965 -0.696016 0.717890
1743665141.397679 88.906458 -9.805899 0.872188 0.001483 -0.014667 -0.696794 0.717119
1743665141.501469 88.918374 -10.481733 0.888705 0.002722 -0.015548 -0.697112 0.716788
1743665141.605049 88.931726 -11.155483 0.903291 0.003926 -0.016467 -0.696742 0.717122
1743665141.708649 88.954600 -11.855380 0.920552 0.004574 -0.017108 -0.695856 0.717963
1743665141.812269 88.983149 -12.599027 0.935525 0.004860 -0.017466 -0.694520 0.719245
1743665141.915889 89.028305 -13.345124 0.953012 0.005504 -0.017845 -0.693007 0.720689
1743665142.019629 89.058405 -14.095789 0.965135 0.006946 -0.018195 -0.691465 0.722148
1743665142.123239 89.091403 -14.879002 0.980846 0.007542 -0.017702 -0.690027 0.723528
1743665142.226869 89.138965 -15.665970 0.991537 0.007589 -0.016501 -0.688569 0.724943
1743665142.330599 89.180192 -16.460491 1.005912 0.007579 -0.015638 -0.686999 0.726450
1743665142.434339 89.242160 -17.265925 1.022205 0.006796 -0.015423 -0.685563 0.727818
1743665142.537959 89.306687 -18.074054 1.042792 0.004837 -0.016088 -0.684490 0.728829
1743665142.641689 89.371630 -18.875048 1.056160 0.000627 -0.015694 -0.683974 0.729338
1743665142.745429 89.427786 -19.731411 1.080873 -0.001477 -0.015740 -0.683963 0.729345
1743665142.849179 89.492133 -20.582869 1.100319 -0.001714 -0.015276 -0.683895 0.729418
1743665142.952809 89.551258 -21.388604 1.131661 -0.000932 -0.014481 -0.683861 0.729468
1743665143.056529 89.599469 -22.221293 1.159572 -0.001027 -0.013655 -0.683937 0.729412
1743665143.160239 89.652990 -23.033768 1.184385 -0.001373 -0.012773 -0.683818 0.729539
1743665143.263879 89.714834 -23.834956 1.214355 -0.002237 -0.011916 -0.683682 0.729680
1743665143.367499 89.783603 -24.643527 1.238699 -0.003093 -0.011480 -0.683666 0.729698
1743665143.471119 89.845586 -25.470551 1.265046 -0.004676 -0.010665 -0.684090 0.729305
1743665143.574879 89.908701 -26.305488 1.288976 -0.005514 -0.009537 -0.685128 0.728339
1743665143.678469 89.968745 -27.120140 1.313572 -0.005968 -0.008042 -0.686503 0.727058
1743665143.782219 90.024654 -27.948808 1.342019 -0.005841 -0.006414 -0.688284 0.725390
1743665143.885979 90.062531 -28.759294 1.365267 -0.005707 -0.005288 -0.690573 0.723221
1743665143.989689 90.103961 -29.585984 1.394670 -0.006256 -0.004513 -0.693257 0.720649
1743665144.093439 90.145060 -30.402042 1.413646 -0.006792 -0.004623 -0.696494 0.717515
1743665144.197179 90.161357 -31.200011 1.437173 -0.007116 -0.004501 -0.700140 0.713956
1743665144.300939 90.171222 -31.989456 1.456876 -0.006289 -0.004695 -0.703748 0.710406
1743665144.404659 90.176003 -32.804758 1.478846 -0.006142 -0.004179 -0.707506 0.706668
1743665144.508269 90.164639 -33.598760 1.501241 -0.005768 -0.003938 -0.711307 0.702847
1743665144.612009 90.151277 -34.395455 1.521774 -0.005555 -0.004125 -0.715218 0.698867
1743665144.715629 90.121376 -35.154126 1.541319 -0.005871 -0.004068 -0.718893 0.695084
1743665144.819249 90.100851 -35.930763 1.563647 -0.006531 -0.004313 -0.722540 0.691284
1743665144.922989 90.050976 -36.705556 1.585708 -0.006837 -0.004554 -0.726098 0.687542
1743665145.026609 90.008995 -37.453756 1.605551 -0.006809 -0.004977 -0.729420 0.684014
1743665145.130339 89.953374 -38.207064 1.626960 -0.006805 -0.005312 -0.732751 0.680442
1743665145.233959 89.891636 -38.964473 1.648788 -0.006354 -0.005797 -0.735931 0.677002
1743665145.337719 89.823361 -39.697868 1.671190 -0.005899 -0.005875 -0.738854 0.673814
1743665145.441359 89.761036 -40.413659 1.691090 -0.004733 -0.006223 -0.741378 0.671042
1743665145.545049 89.678344 -41.143123 1.713322 -0.003105 -0.006602 -0.743128 0.669109
1743665145.648669 89.595349 -41.854732 1.734287 -0.001204 -0.007099 -0.744495 0.667590
1743665145.752279 89.518582 -42.548817 1.751921 -0.000025 -0.007275 -0.745411 0.666566
1743665145.855899 89.445046 -43.251562 1.766543 0.000911 -0.007928 -0.746025 0.665870
1743665145.959509 89.359383 -43.920780 1.784946 0.000524 -0.007654 -0.746266 0.665604
1743665146.063199 89.293917 -44.586033 1.799529 0.000820 -0.008397 -0.746027 0.665862
1743665146.166809 89.216872 -45.225598 1.821942 0.000222 -0.008837 -0.745002 0.667004
1743665146.270469 89.147906 -45.848875 1.834699 0.000214 -0.009533 -0.743298 0.668893
1743665146.374029 89.097110 -46.465865 1.850708 -0.000079 -0.009892 -0.740835 0.671614
1743665146.477589 89.057472 -47.049903 1.865087 -0.000778 -0.009420 -0.737179 0.675631
1743665146.581199 89.013020 -47.624361 1.885117 -0.000855 -0.009850 -0.732596 0.680592
1743665146.684699 88.994041 -48.160055 1.896564 -0.001513 -0.010237 -0.726523 0.687065
1743665146.788309 88.987626 -48.704809 1.916395 -0.002952 -0.010683 -0.719191 0.694724
1743665146.891809 88.997243 -49.246007 1.934719 -0.004681 -0.011109 -0.710607 0.703485
1743665146.995289 89.015626 -49.747822 1.950755 -0.005991 -0.011257 -0.700679 0.713362
1743665147.098929 89.044206 -50.285099 1.968230 -0.006488 -0.010940 -0.688669 0.724964
1743665147.202399 89.111208 -50.796322 1.980164 -0.005776 -0.010509 -0.674794 0.737909
1743665147.305889 89.198656 -51.298997 2.006922 -0.005256 -0.008742 -0.659264 0.751842
1743665147.409259 89.324722 -51.810180 2.025940 -0.004550 -0.006273 -0.642221 0.766480
1743665147.512749 89.459292 -52.307978 2.045912 -0.004886 -0.003644 -0.623262 0.781990
1743665147.616229 89.600619 -52.778725 2.058308 -0.005371 -0.001866 -0.602285 0.798261
1743665147.719749 89.816751 -53.244471 2.059334 -0.005644 -0.001778 -0.579678 0.814824
1743665147.823299 90.024591 -53.681726 2.084029 -0.005057 -0.003078 -0.554435 0.832206
1743665147.926809 90.227572 -54.088491 2.093222 -0.005542 -0.005802 -0.526594 0.850079
1743665148.030159 90.508540 -54.500565 2.109186 -0.005924 -0.008929 -0.497947 0.867141
1743665148.133689 90.760573 -54.859225 2.111961 -0.008036 -0.010547 -0.467682 0.883797
1743665148.237229 91.105944 -55.216935 2.119793 -0.009949 -0.010840 -0.437254 0.899218
1743665148.340789 91.437788 -55.541894 2.134311 -0.010339 -0.011736 -0.405883 0.913791
1743665148.444509 91.750638 -55.833182 2.147468 -0.009829 -0.011771 -0.374282 0.927188
1743665148.548149 92.149768 -56.130487 2.173991 -0.008998 -0.009405 -0.342818 0.939312
1743665148.651889 92.554171 -56.387512 2.184049 -0.007856 -0.006329 -0.310813 0.950417
1743665148.755739 92.930071 -56.601364 2.199777 -0.007343 -0.003376 -0.279514 0.960108
1743665148.859499 93.382790 -56.813932 2.201996 -0.006936 -0.000263 -0.249712 0.968295
1743665148.963229 93.818875 -56.991533 2.216995 -0.007131 0.002654 -0.222037 0.975009
1743665149.067099 94.222170 -57.154128 2.231886 -0.008416 0.004485 -0.197017 0.980354
1743665149.170959 94.700445 -57.291940 2.224945 -0.011255 0.005985 -0.175872 0.984330
1743665149.274959 95.161790 -57.418800 2.229034 -0.013708 0.005554 -0.157519 0.987405
1743665149.378949 95.626386 -57.539304 2.204390 -0.015074 0.004756 -0.141333 0.989836
1743665149.483079 96.098533 -57.667141 2.226944 -0.012376 0.004877 -0.129829 0.991447
1743665149.587299 96.570694 -57.776934 2.228273 -0.010474 0.004911 -0.121871 0.992479
1743665149.691429 97.083399 -57.891516 2.228938 -0.012114 0.004775 -0.115294 0.993246
1743665149.795449 97.596108 -57.980559 2.219000 -0.014770 0.004976 -0.110342 0.993771
1743665149.899399 98.083213 -58.071665 2.218118 -0.017841 0.004749 -0.107168 0.994070
1743665150.003509 98.611976 -58.164111 2.213235 -0.021459 0.003211 -0.105818 0.994149
1743665150.107499 99.167593 -58.281081 2.216682 -0.022050 0.002056 -0.105389 0.994184
1743665150.211489 99.695690 -58.398426 2.219677 -0.020676 0.000131 -0.106492 0.994099
1743665150.315389 100.255678 -58.517708 2.229899 -0.020114 -0.002899 -0.108628 0.993875
1743665150.419349 100.809282 -58.629223 2.234108 -0.021063 -0.005087 -0.110979 0.993586
1743665150.523219 101.374888 -58.750677 2.236724 -0.022969 -0.004884 -0.113284 0.993285
1743665150.626979 101.974663 -58.890752 2.242441 -0.024098 -0.002907 -0.115909 0.992963
1743665150.730779 102.589588 -59.034875 2.255290 -0.023029 -0.000542 -0.118387 0.992700
1743665150.834439 103.199616 -59.176318 2.260653 -0.020922 0.001985 -0.120492 0.992492
1743665150.938209 103.833967 -59.337017 2.266559 -0.019837 0.004307 -0.122300 0.992286
1743665151.041799 104.507831 -59.507860 2.268663 -0.017786 0.004435 -0.123812 0.992136
1743665151.145749 105.164393 -59.670898 2.271010 -0.016130 0.002754 -0.124192 0.992123
1743665151.249059 105.784842 -59.830785 2.282446 -0.014536 -0.000715 -0.124090 0.992164
1743665151.352789 106.436250 -59.990663 2.281784 -0.016941 -0.003865 -0.123754 0.992161
1743665151.456349 107.090480 -60.143754 2.292788 -0.018769 -0.005600 -0.122525 0.992272
1743665151.559889 107.783686 -60.321938 2.297084 -0.018009 -0.003676 -0.121143 0.992465
1743665151.663619 108.510165 -60.490176 2.308602 -0.015615 -0.000205 -0.120475 0.992594
1743665151.767259 109.251694 -60.664723 2.311505 -0.014178 0.002447 -0.119155 0.992771
1743665151.870919 109.974832 -60.824639 2.325185 -0.016354 0.002631 -0.118218 0.992849
1743665151.974459 110.687898 -60.995202 2.322005 -0.019340 0.000542 -0.117139 0.992927
1743665152.078109 111.439420 -61.164106 2.337376 -0.020091 -0.001855 -0.115343 0.993121
1743665152.181689 112.190995 -61.324701 2.341313 -0.020298 -0.003337 -0.113436 0.993332
1743665152.285429 112.952555 -61.499093 2.349862 -0.018592 -0.002967 -0.111456 0.993591
1743665152.389039 113.761420 -61.678435 2.366224 -0.017801 -0.001900 -0.109657 0.993808
1743665152.492669 114.551138 -61.859944 2.371810 -0.016002 -0.000956 -0.108534 0.993963
1743665152.596419 115.335003 -62.028736 2.373781 -0.013707 -0.000069 -0.107946 0.994062
1743665152.700009 116.170802 -62.227347 2.389809 -0.011486 0.000609 -0.107575 0.994130
1743665152.803769 116.958234 -62.385939 2.391971 -0.011464 0.001219 -0.107389 0.994150
1743665152.907469 117.767815 -62.554617 2.401780 -0.014298 0.000796 -0.107461 0.994106
1743665153.011019 118.610122 -62.723845 2.408524 -0.017666 -0.000563 -0.107827 0.994013
1743665153.114779 119.419994 -62.885568 2.413985 -0.020804 -0.001130 -0.108360 0.993893
1743665153.218339 120.255426 -63.058944 2.427290 -0.023117 -0.000415 -0.109674 0.993699
1743665153.322129 121.116263 -63.232588 2.433680 -0.022405 0.000367 -0.111268 0.993538
1743665153.425839 121.968407 -63.419463 2.444705 -0.025755 0.000378 -0.112575 0.993309
1743665153.529459 122.804340 -63.608577 2.460568 -0.025453 -0.000704 -0.113444 0.993218
1743665153.633049 123.640663 -63.804984 2.470025 -0.021866 -0.001091 -0.114396 0.993194
1743665153.736669 124.474902 -64.013273 2.492491 -0.019689 -0.001412 -0.114265 0.993254
1743665153.840289 125.325230 -64.214941 2.516022 -0.018510 -0.001716 -0.114887 0.993205
1743665153.944019 126.160792 -64.410540 2.521122 -0.019830 -0.000076 -0.115837 0.993070
1743665154.047659 127.015455 -64.601116 2.530266 -0.021276 0.002829 -0.116305 0.992982
1743665154.151259 127.824587 -64.785730 2.521298 -0.022271 0.004474 -0.117076 0.992863
1743665154.255019 128.645099 -64.987661 2.542647 -0.021996 0.001796 -0.117627 0.992813
1743665154.358659 129.461344 -65.179454 2.563697 -0.020296 -0.005360 -0.117625 0.992836
1743665154.462229 130.270811 -65.368207 2.611867 -0.019252 -0.009244 -0.117418 0.992853
1743665154.565859 131.114262 -65.571271 2.608422 -0.018294 -0.005555 -0.117003 0.992947
1743665154.669489 131.958908 -65.775440 2.594564 -0.014926 0.002734 -0.116341 0.993093
1743665154.773069 132.830065 -65.981424 2.610047 -0.011919 0.010087 -0.115510 0.993184
1743665154.876889 133.612196 -66.154986 2.621044 -0.014326 0.008725 -0.115179 0.993203
1743665154.980439 134.425197 -66.319903 2.643602 -0.019410 0.002128 -0.114593 0.993221
1743665155.084069 135.215466 -66.500890 2.631377 -0.020083 -0.002138 -0.113993 0.993276
1743665155.187659 136.004720 -66.683215 2.650042 -0.017789 -0.002968 -0.113024 0.993429
1743665155.291419 136.828795 -66.865950 2.674778 -0.016549 -0.002230 -0.111587 0.993614
1743665155.395019 137.630067 -67.040637 2.689408 -0.017124 -0.002652 -0.109827 0.993800
1743665155.498629 138.436763 -67.210796 2.698478 -0.018148 -0.003344 -0.107342 0.994051
1743665155.604069 139.237800 -67.378548 2.720044 -0.019159 -0.003428 -0.105806 0.994196
1743665155.706009 140.052127 -67.527765 2.726612 -0.023060 -0.003084 -0.104689 0.994233
1743665155.809729 140.862716 -67.690592 2.748805 -0.023742 -0.001879 -0.103861 0.994307
1743665155.913349 141.658373 -67.853444 2.765442 -0.021786 -0.000355 -0.103212 0.994421
1743665156.017089 142.456354 -68.011193 2.780356 -0.021205 -0.000118 -0.102514 0.994505
1743665156.120699 143.246141 -68.171164 2.792873 -0.020860 -0.001561 -0.101168 0.994649
1743665156.224319 144.023981 -68.330657 2.811814 -0.018373 -0.003501 -0.098997 0.994912
1743665156.327929 144.823913 -68.490174 2.825106 -0.018034 -0.004132 -0.095746 0.995234
1743665156.431549 145.602427 -68.634557 2.834183 -0.016728 -0.001880 -0.092352 0.995584
1743665156.535209 146.368062 -68.768858 2.850737 -0.014517 0.002186 -0.089296 0.995897
1743665156.638909 147.202193 -68.913109 2.861214 -0.014417 0.006932 -0.087323 0.996052
1743665156.742669 147.966311 -69.035882 2.857591 -0.015296 0.008541 -0.085170 0.996212
1743665156.846409 148.801162 -69.158583 2.856280 -0.018294 0.006135 -0.083004 0.996362
1743665156.949999 149.579299 -69.268909 2.867628 -0.019226 0.001218 -0.079445 0.996653
1743665157.053789 150.336952 -69.396669 2.862774 -0.018520 -0.001907 -0.076130 0.996924
1743665157.157489 151.173116 -69.514705 2.875536 -0.017578 -0.001508 -0.072919 0.997182
1743665157.261099 151.990173 -69.620340 2.880241 -0.019673 0.000311 -0.068993 0.997423
1743665157.364839 152.803372 -69.707575 2.891068 -0.022148 -0.000148 -0.064990 0.997640
1743665157.468459 153.602237 -69.787337 2.900616 -0.024696 -0.002921 -0.060094 0.997883
1743665157.572189 154.433850 -69.881635 2.918064 -0.024194 -0.004270 -0.055808 0.998139
1743665157.675839 155.251905 -69.965495 2.929469 -0.024318 -0.003099 -0.051676 0.998363
1743665157.779429 156.082118 -70.030619 2.933588 -0.025341 0.000526 -0.047685 0.998541
1743665157.883169 156.918626 -70.092751 2.945703 -0.026509 0.003540 -0.043653 0.998689
1743665157.986799 157.748338 -70.151682 2.950035 -0.026490 0.005090 -0.039663 0.998849
1743665158.090399 158.591837 -70.202510 2.950900 -0.026303 0.005966 -0.036454 0.998971
1743665158.194139 159.443656 -70.260546 2.951544 -0.025732 0.005104 -0.034182 0.999071
1743665158.297989 160.268357 -70.289779 2.958642 -0.028339 0.002266 -0.032050 0.999082
1743665158.401849 161.047544 -70.330603 2.965153 -0.031685 -0.000695 -0.030352 0.999037
1743665158.505209 161.857462 -70.363704 2.973028 -0.033234 -0.001951 -0.029008 0.999025
1743665158.608729 162.688328 -70.394381 2.983161 -0.033499 0.001043 -0.027313 0.999065
1743665158.712479 163.524757 -70.437438 2.973744 -0.034351 0.006031 -0.026149 0.999049
1743665158.816089 164.378524 -70.470324 2.979868 -0.034036 0.009879 -0.024566 0.999070
1743665158.919829 165.188917 -70.506938 2.972146 -0.031979 0.008243 -0.021968 0.999213
1743665159.023439 166.004053 -70.544459 2.992414 -0.027954 0.003533 -0.019431 0.999414
1743665159.127049 166.813273 -70.566499 2.984763 -0.027997 0.000844 -0.015931 0.999481
1743665159.230669 167.654476 -70.582133 2.979881 -0.030115 0.001312 -0.012503 0.999467
1743665159.334449 168.460338 -70.593749 2.978382 -0.026384 0.004323 -0.008698 0.999605
1743665159.438029 169.306519 -70.610643 2.990090 -0.022793 0.006363 -0.004945 0.999708
1743665159.541769 170.144444 -70.616470 2.975983 -0.019958 0.008037 -0.001968 0.999767
1743665159.645519 170.988619 -70.621379 2.977548 -0.015727 0.008159 0.000935 0.999843
1743665159.749259 171.832962 -70.619000 2.982696 -0.013207 0.004853 0.004194 0.999892
1743665159.852989 172.675197 -70.606812 2.978427 -0.011623 -0.000120 0.007881 0.999901
1743665159.956619 173.504907 -70.603597 2.983136 -0.010118 -0.002119 0.011320 0.999882
1743665160.060349 174.349568 -70.571999 2.989802 -0.008107 0.001504 0.014617 0.999859
1743665160.164099 175.197405 -70.524070 2.978691 -0.009828 0.007827 0.017117 0.999775
1743665160.267819 176.053392 -70.478002 2.980537 -0.011262 0.011612 0.019439 0.999680
1743665160.371569 176.894149 -70.437389 2.976250 -0.011341 0.010248 0.021207 0.999658
1743665160.475349 177.752986 -70.387702 2.977688 -0.013431 0.004982 0.022207 0.999651
1743665160.578919 178.584878 -70.314576 2.963813 -0.019712 0.000044 0.023607 0.999527
1743665160.682659 179.412073 -70.268970 2.969766 -0.019649 -0.001677 0.024603 0.999503
1743665160.786399 180.242154 -70.232233 2.981042 -0.016891 0.000905 0.025691 0.999527
1743665160.890139 181.090036 -70.196066 2.980049 -0.014844 0.005113 0.025876 0.999542
1743665160.993879 181.973512 -70.148818 2.976268 -0.015358 0.007840 0.025976 0.999514
1743665161.097629 182.834106 -70.088028 2.976884 -0.016839 0.007596 0.026742 0.999472
1743665161.201359 183.670634 -70.041158 2.976739 -0.014751 0.003344 0.027760 0.999500
1743665161.305129 184.518258 -69.999078 2.976032 -0.011873 -0.002357 0.028781 0.999512
1743665161.408729 185.354735 -69.947292 2.989166 -0.007091 -0.004260 0.029597 0.999528
1743665161.512459 186.197943 -69.890758 2.996677 -0.007546 -0.002342 0.030102 0.999516
1743665161.616089 187.084167 -69.842686 2.998711 -0.009326 0.002700 0.030959 0.999474
1743665161.719689 187.939514 -69.784894 3.011310 -0.009902 0.004821 0.031610 0.999440
1743665161.823309 188.761183 -69.718730 3.017429 -0.010543 0.003026 0.031919 0.999430
1743665161.927049 189.614316 -69.658756 3.020681 -0.012065 0.000255 0.031996 0.999415
1743665162.030659 190.479597 -69.585255 3.023892 -0.014460 -0.000388 0.032171 0.999378
1743665162.134299 191.313521 -69.517636 3.033741 -0.014470 0.000747 0.032187 0.999377
1743665162.238019 192.153828 -69.450926 3.036045 -0.015780 0.002628 0.032592 0.999341
1743665162.341639 192.991453 -69.390161 3.040086 -0.017332 0.003830 0.032619 0.999310
1743665162.445409 193.813364 -69.321564 3.037969 -0.018197 0.003738 0.032886 0.999286
1743665162.548989 194.641002 -69.270743 3.055459 -0.018552 0.001996 0.033130 0.999277
1743665162.652729 195.426319 -69.210128 3.061583 -0.019436 -0.000379 0.033707 0.999243
1743665162.756469 196.258887 -69.137494 3.070039 -0.022224 -0.000317 0.034254 0.999166
1743665162.860089 197.110485 -69.066143 3.062965 -0.024088 0.003861 0.035078 0.999087
1743665162.963869 197.931256 -69.013175 3.064560 -0.022843 0.008429 0.035934 0.999057
1743665163.067569 198.687988 -68.968892 3.061742 -0.016889 0.009447 0.036402 0.999150
1743665163.171289 199.452739 -68.911947 3.077368 -0.014944 0.006663 0.036767 0.999190
1743665163.275009 200.181984 -68.860601 3.064718 -0.016168 0.003654 0.036528 0.999195
1743665163.378669 200.880266 -68.796985 3.080448 -0.016662 0.001172 0.036112 0.999208
1743665163.482279 201.593786 -68.739072 3.081822 -0.015144 -0.000887 0.035829 0.999243
1743665163.586149 202.240613 -68.699838 3.093237 -0.013446 -0.002714 0.034658 0.999305
1743665163.689779 202.931797 -68.663223 3.111453 -0.013722 -0.003207 0.032461 0.999374
1743665163.793559 203.627941 -68.611661 3.126113 -0.015679 -0.000632 0.029692 0.999436
1743665163.897269 204.310912 -68.569481 3.123220 -0.018177 0.003456 0.026571 0.999476
1743665164.000849 204.989498 -68.525566 3.136981 -0.020310 0.005776 0.023828 0.999493
1743665164.104599 205.655453 -68.494389 3.127874 -0.020033 0.004700 0.020726 0.999573
1743665164.208219 206.278398 -68.475220 3.130921 -0.018798 0.000671 0.017195 0.999675
1743665164.311949 206.931049 -68.445577 3.139022 -0.018369 -0.003679 0.013433 0.999734
1743665164.415569 207.568277 -68.427313 3.154513 -0.020100 -0.005809 0.009931 0.999732
1743665164.519179 208.148605 -68.420346 3.161786 -0.020106 -0.005168 0.006271 0.999765
1743665164.622819 208.850944 -68.408199 3.175341 -0.018272 -0.002487 0.003178 0.999825
1743665164.726539 209.538188 -68.423455 3.171983 -0.015265 -0.000008 0.000125 0.999883
1743665164.830149 210.174507 -68.430588 3.191807 -0.014071 0.001222 -0.002830 0.999896
1743665164.934099 210.817047 -68.440907 3.201674 -0.014296 0.001779 -0.004619 0.999886
1743665165.037509 211.452275 -68.441525 3.198399 -0.015408 0.002346 -0.005024 0.999866
1743665165.141459 212.086602 -68.446714 3.201653 -0.015780 0.003403 -0.005004 0.999857
1743665165.244729 212.727293 -68.443233 3.204886 -0.015256 0.004715 -0.004755 0.999861
1743665165.348359 213.386777 -68.451038 3.193891 -0.016565 0.005310 -0.004724 0.999838
1743665165.452019 214.037779 -68.433080 3.201342 -0.020376 0.003168 -0.004667 0.999776
1743665165.555599 214.699684 -68.428078 3.205413 -0.022680 -0.000965 -0.004168 0.999734
1743665165.659249 215.367155 -68.426424 3.218590 -0.021604 -0.005022 -0.003019 0.999749
1743665165.762849 216.012428 -68.430043 3.234413 -0.018669 -0.007017 -0.001470 0.999800
1743665165.866509 216.704755 -68.424479 3.236656 -0.020608 -0.004489 0.000580 0.999777
1743665165.970089 217.398563 -68.398126 3.219707 -0.022871 0.000844 0.002394 0.999735
1743665166.073809 218.066848 -68.386234 3.235412 -0.020859 0.008228 0.004541 0.999738
1743665166.177509 218.774372 -68.384177 3.235505 -0.017502 0.012785 0.006731 0.999742
1743665166.281109 219.464030 -68.375757 3.239729 -0.017521 0.012483 0.008111 0.999736
1743665166.384769 220.132803 -68.350034 3.229244 -0.018859 0.009399 0.009357 0.999734
1743665166.488519 220.828685 -68.333846 3.228605 -0.017618 0.005262 0.011225 0.999768
1743665166.592179 221.523568 -68.323096 3.217994 -0.014203 0.003029 0.012323 0.999819
1743665166.695949 222.236135 -68.320603 3.209994 -0.009983 0.004991 0.012818 0.999856
1743665166.799599 222.947742 -68.308322 3.214408 -0.006759 0.007235 0.013587 0.999859
1743665166.903229 223.641057 -68.291920 3.210796 -0.004725 0.008609 0.014331 0.999849
1743665167.006969 224.351113 -68.265783 3.211327 -0.003114 0.007273 0.014842 0.999859
1743665167.110749 225.094054 -68.245344 3.207676 -0.000547 0.004953 0.015254 0.999871
1743665167.214349 225.756298 -68.245936 3.209044 0.003003 0.004642 0.015771 0.999860
1743665167.318059 226.442912 -68.221386 3.206477 0.003847 0.006004 0.016201 0.999843
1743665167.421789 227.135408 -68.196896 3.205512 0.005305 0.008097 0.016507 0.999817
1743665167.525409 227.850713 -68.174198 3.199159 0.005870 0.009509 0.016934 0.999794
1743665167.629139 228.532096 -68.155967 3.202348 0.006606 0.008441 0.017199 0.999795
1743665167.732769 229.199796 -68.132444 3.201423 0.007477 0.005053 0.017061 0.999814
1743665167.836509 229.886329 -68.107566 3.208072 0.007979 0.000571 0.017090 0.999822
1743665167.940239 230.543103 -68.080104 3.210574 0.006696 -0.002153 0.017053 0.999830
1743665168.043879 231.198150 -68.054234 3.210019 0.006251 -0.001837 0.017057 0.999833
1743665168.147599 231.883343 -68.027845 3.218713 0.006466 0.001210 0.016981 0.999834
1743665168.252149 232.528342 -68.005260 3.224336 0.008387 0.005140 0.017347 0.999801
1743665168.355059 233.177863 -67.981022 3.238366 0.008268 0.007850 0.017453 0.999783
1743665168.458579 233.810149 -67.956180 3.236171 0.007695 0.009393 0.017810 0.999768
1743665168.562309 234.389702 -67.930566 3.227686 0.009167 0.010693 0.019010 0.999720
1743665168.666049 234.992262 -67.909871 3.232591 0.011892 0.010661 0.021399 0.999643
1743665168.769469 235.566694 -67.891249 3.230828 0.014235 0.009682 0.025411 0.999529
1743665168.873189 236.073828 -67.863943 3.234134 0.015556 0.007889 0.030878 0.999371
1743665168.976589 236.596063 -67.811973 3.231535 0.015908 0.005999 0.037777 0.999142
1743665169.080049 237.119970 -67.753895 3.232449 0.016278 0.004796 0.047155 0.998743
1743665169.183629 237.625524 -67.704388 3.234690 0.017837 0.005257 0.058474 0.998116
1743665169.287119 238.137521 -67.606691 3.232728 0.017472 0.006447 0.070682 0.997325
1743665169.390639 238.619260 -67.496703 3.229059 0.017716 0.007601 0.084489 0.996238
1743665169.494139 239.120931 -67.420413 3.241452 0.019275 0.007751 0.101246 0.994645
1743665169.597609 239.590487 -67.271652 3.249240 0.017781 0.006131 0.119133 0.992700
1743665169.701109 240.042069 -67.133676 3.249464 0.015704 0.003634 0.139691 0.990064
1743665169.804439 240.468321 -66.933427 3.255714 0.013388 0.001607 0.161312 0.986811
1743665169.907979 240.903083 -66.739440 3.259650 0.011117 0.000498 0.184737 0.982725
1743665170.011439 241.295917 -66.545467 3.262498 0.005811 -0.001307 0.209535 0.977783
1743665170.114819 241.659824 -66.270039 3.271398 -0.001291 -0.003217 0.234671 0.972069
1743665170.218309 242.008016 -66.008110 3.274697 -0.007909 -0.004464 0.261132 0.965261
1743665170.321839 242.354052 -65.761995 3.279115 -0.012807 -0.005038 0.288876 0.957268
1743665170.425289 242.658639 -65.455485 3.278266 -0.016606 -0.004842 0.316546 0.948420
1743665170.528939 242.964039 -65.152302 3.274866 -0.020004 -0.002303 0.344111 0.938713
1743665170.632499 243.259432 -64.862750 3.283065 -0.024575 0.002693 0.371042 0.928287
1743665170.736139 243.522583 -64.496641 3.277776 -0.029514 0.006761 0.396796 0.917407
1743665170.839749 243.756081 -64.153202 3.256169 -0.033196 0.009071 0.422217 0.905841
1743665170.943469 243.976432 -63.831262 3.257260 -0.034855 0.010710 0.447472 0.893554
1743665171.047209 244.182097 -63.454768 3.230290 -0.035627 0.011780 0.472506 0.880528
1743665171.150699 244.371515 -63.089302 3.221431 -0.033627 0.013112 0.497467 0.866732
1743665171.254529 244.534777 -62.760607 3.205159 -0.029884 0.013501 0.522619 0.851935
1743665171.358059 244.683173 -62.354942 3.190790 -0.025722 0.013216 0.547296 0.836439
1743665171.461819 244.803660 -61.997404 3.163011 -0.023176 0.011758 0.571327 0.820311
1743665171.565539 244.910577 -61.543577 3.141848 -0.022345 0.010776 0.593271 0.804620
1743665171.669279 244.985680 -61.103091 3.111657 -0.022917 0.010171 0.613586 0.789229
1743665171.773149 245.049381 -60.691536 3.092215 -0.022827 0.010956 0.632087 0.774483
1743665171.876879 245.106902 -60.197919 3.079442 -0.022391 0.011175 0.649036 0.760346
1743665171.980749 245.153295 -59.719883 3.058550 -0.021941 0.010806 0.664413 0.746965
1743665172.085149 245.170933 -59.264337 3.037003 -0.021450 0.010399 0.677492 0.735144
1743665172.188719 245.180724 -58.729662 3.011730 -0.021085 0.008794 0.688380 0.724990
1743665172.292469 245.176597 -58.218332 2.991992 -0.020840 0.007609 0.697430 0.716310
1743665172.396639 245.161041 -57.675485 2.967388 -0.020790 0.006742 0.705536 0.708337
1743665172.500349 245.143066 -57.143822 2.950658 -0.021135 0.005214 0.712184 0.701655
1743665172.604329 245.103354 -56.600117 2.927956 -0.021650 0.004024 0.717317 0.696399
1743665172.708299 245.091066 -56.010665 2.908648 -0.021819 0.002715 0.721147 0.692433
1743665172.812299 245.063899 -55.446398 2.890578 -0.021522 0.001755 0.723428 0.690062
1743665172.916359 245.024701 -54.848946 2.873662 -0.021472 0.001479 0.724652 0.688779
1743665173.020209 244.986562 -54.241635 2.854150 -0.021356 0.001931 0.725344 0.688053
1743665173.124209 244.942322 -53.607831 2.833624 -0.021356 0.002277 0.725656 0.687723
1743665173.228139 244.902826 -52.943098 2.810485 -0.021581 0.002342 0.725681 0.687689
1743665173.331999 244.864363 -52.263439 2.788714 -0.021058 0.002959 0.725369 0.688031
1743665173.435889 244.823550 -51.565699 2.763799 -0.019739 0.002812 0.725124 0.688330
1743665173.539599 244.781889 -50.852489 2.745671 -0.018990 0.001835 0.724804 0.688691
1743665173.643469 244.747068 -50.129436 2.718107 -0.018188 0.001706 0.724302 0.689241
1743665173.747209 244.709866 -49.368495 2.695108 -0.017707 0.001518 0.723998 0.689573
1743665173.850969 244.668269 -48.593996 2.675013 -0.017960 0.001156 0.723603 0.689982
1743665173.954689 244.627276 -47.755488 2.652041 -0.017504 0.002008 0.723097 0.690521
1743665174.058439 244.596006 -46.926539 2.630317 -0.016855 0.003028 0.722700 0.690950
1743665174.162179 244.549004 -46.075215 2.613200 -0.015605 0.004311 0.721865 0.691844
1743665174.265909 244.495178 -45.209584 2.589552 -0.015758 0.004505 0.721270 0.692461
1743665174.369529 244.461452 -44.345026 2.566397 -0.016181 0.005797 0.720940 0.692784
1743665174.473299 244.423847 -43.445142 2.539315 -0.017487 0.007439 0.720468 0.693228
1743665174.576879 244.389379 -42.548351 2.509237 -0.018094 0.009830 0.720156 0.693507
1743665174.680499 244.358173 -41.663428 2.483905 -0.018189 0.010472 0.720046 0.693609
1743665174.784119 244.324365 -40.805153 2.459850 -0.017401 0.009432 0.720478 0.693196
1743665174.887859 244.279286 -39.894398 2.436041 -0.016020 0.007959 0.720892 0.692816
1743665174.991469 244.244734 -39.014456 2.413593 -0.015397 0.007923 0.721542 0.692154
1743665175.095669 244.198309 -38.132969 2.385647 -0.015563 0.010599 0.722220 0.691407
1743665175.198699 244.154769 -37.329204 2.367985 -0.016398 0.014135 0.723208 0.690291
1743665175.302319 244.111100 -36.485718 2.343165 -0.016476 0.017185 0.724173 0.689207
1743665175.405929 244.064051 -35.581141 2.312482 -0.016609 0.017013 0.725229 0.688097
1743665175.509569 244.010283 -34.661257 2.281572 -0.015927 0.016510 0.726171 0.687131
1743665175.613189 243.951377 -33.802132 2.246291 -0.015380 0.015150 0.727138 0.686152
1743665175.717149 243.893650 -32.908228 2.218805 -0.015204 0.014015 0.728025 0.685239
1743665175.820519 243.826954 -32.034459 2.192874 -0.014937 0.013839 0.728558 0.684681
1743665175.924379 243.764294 -31.178557 2.168134 -0.015324 0.012490 0.728994 0.684234
1743665176.027879 243.689735 -30.307556 2.142088 -0.016296 0.009457 0.729312 0.683922
1743665176.131619 243.622425 -29.424070 2.123929 -0.015936 0.007282 0.729459 0.683800
1743665176.235639 243.552083 -28.578773 2.100299 -0.016360 0.006303 0.729126 0.684155
1743665176.339399 243.498996 -27.716228 2.081790 -0.016046 0.006762 0.728496 0.684829
1743665176.442739 243.444280 -26.864094 2.066853 -0.015673 0.007182 0.727892 0.685475
1743665176.546479 243.396467 -26.004994 2.042936 -0.015837 0.007829 0.727159 0.686242
1743665176.650129 243.344091 -25.172072 2.026362 -0.015453 0.008946 0.726481 0.686955
1743665176.753819 243.301852 -24.334754 2.006089 -0.013868 0.011739 0.725864 0.687598
1743665176.857549 243.263222 -23.474660 1.990876 -0.011820 0.014051 0.725202 0.688291
1743665176.961159 243.215574 -22.629669 1.969243 -0.012597 0.012053 0.724554 0.688997
1743665177.064919 243.170644 -21.832394 1.943300 -0.011136 0.013151 0.723911 0.689678
1743665177.168519 243.129912 -21.011686 1.931400 -0.011468 0.013185 0.723653 0.689942
1743665177.272149 243.096220 -20.192147 1.907290 -0.010465 0.016730 0.723634 0.689901
1743665177.375889 243.046029 -19.363780 1.879366 -0.012556 0.017430 0.723711 0.689769
1743665177.479489 242.992180 -18.557536 1.852909 -0.013238 0.018185 0.724216 0.689206
1743665177.583099 242.946758 -17.741433 1.832890 -0.013419 0.017232 0.725107 0.688290
1743665177.686839 242.902278 -16.929537 1.808905 -0.012608 0.015585 0.726047 0.687352
1743665177.790459 242.849165 -16.146347 1.789888 -0.011845 0.014325 0.727284 0.686085
1743665177.894199 242.795388 -15.325475 1.767744 -0.012164 0.012667 0.728802 0.684499
1743665177.997819 242.734995 -14.530917 1.749234 -0.012157 0.012250 0.730478 0.682718
1743665178.101429 242.667760 -13.718041 1.728545 -0.012979 0.011648 0.732081 0.680994
1743665178.205169 242.597963 -12.910751 1.712688 -0.014478 0.011296 0.733649 0.679281
1743665178.308909 242.524843 -12.129520 1.689654 -0.016198 0.011064 0.735227 0.677537
1743665178.412549 242.441561 -11.351967 1.669894 -0.018170 0.010320 0.736431 0.676190
1743665178.516139 242.361220 -10.551663 1.649613 -0.019304 0.009126 0.737522 0.674986
1743665178.619889 242.284539 -9.795150 1.628839 -0.020352 0.007111 0.738236 0.674198
1743665178.723649 242.203676 -9.021020 1.604967 -0.021907 0.004933 0.738656 0.673708
1743665178.827239 242.114213 -8.254162 1.584278 -0.023696 0.003675 0.738933 0.673352
1743665178.930979 242.043698 -7.530862 1.563559 -0.024469 0.003175 0.739016 0.673236
1743665179.034729 241.964445 -6.798818 1.544420 -0.025538 0.002141 0.739043 0.673170
1743665179.138339 241.888144 -6.078255 1.526422 -0.026323 0.001414 0.738944 0.673251
1743665179.242099 241.814270 -5.409442 1.505597 -0.027800 0.000044 0.738673 0.673490
1743665179.345719 241.743414 -4.721349 1.488963 -0.028309 0.000202 0.738191 0.673998
1743665179.449439 241.681870 -4.055961 1.469793 -0.029203 -0.000003 0.737331 0.674900
1743665179.553179 241.626484 -3.420115 1.456843 -0.029538 -0.000021 0.736316 0.675993
1743665179.656789 241.561041 -2.766194 1.436656 -0.029901 -0.000890 0.735240 0.677147
1743665179.760419 241.506594 -2.138433 1.418299 -0.029543 -0.001420 0.734307 0.678173
1743665179.864149 241.452613 -1.509973 1.403307 -0.028328 -0.000780 0.733323 0.679290
1743665179.967759 241.414037 -0.919381 1.391277 -0.027794 -0.000592 0.732274 0.680442
1743665180.071369 241.372331 -0.344597 1.373686 -0.027936 -0.000307 0.731191 0.681601
1743665180.175009 241.327090 0.210776 1.356415 -0.028435 -0.000112 0.729872 0.682992
1743665180.278729 241.281375 0.749984 1.343773 -0.028324 0.000164 0.728437 0.684527
1743665180.382349 241.252875 1.272308 1.331621 -0.027847 0.000297 0.726919 0.686159
1743665180.486119 241.232882 1.785609 1.318506 -0.027813 0.000590 0.725266 0.687906
1743665180.589699 241.200977 2.285871 1.302150 -0.027915 0.000894 0.723773 0.689473
1743665180.693319 241.182554 2.768524 1.292256 -0.027708 0.001695 0.722295 0.691028
1743665180.796929 241.163405 3.244082 1.278778 -0.027961 0.002329 0.720722 0.692657
1743665180.900699 241.151550 3.690628 1.264676 -0.028503 0.002780 0.718952 0.694470
1743665181.004299 241.136072 4.113930 1.253651 -0.028770 0.003358 0.717229 0.696236
1743665181.107929 241.125131 4.528142 1.246561 -0.028862 0.003817 0.715303 0.698207
1743665181.211669 241.118372 4.930720 1.233119 -0.028689 0.004368 0.713171 0.700389
1743665181.315389 241.122071 5.293971 1.222173 -0.028202 0.004530 0.711085 0.702525
1743665181.418999 241.122519 5.656863 1.215775 -0.026961 0.005095 0.709011 0.704664
1743665181.522619 241.123415 6.005075 1.204100 -0.026324 0.005101 0.706887 0.706818
1743665181.626249 241.123789 6.333340 1.199081 -0.025758 0.005045 0.704994 0.708727
1743665181.729849 241.133575 6.621192 1.191621 -0.025696 0.005043 0.703213 0.710497
1743665181.833489 241.141031 6.907897 1.178774 -0.025605 0.005353 0.701572 0.712118
1743665181.937219 241.141246 7.154129 1.169874 -0.025402 0.005418 0.700111 0.713561
1743665182.040819 241.149085 7.383291 1.161012 -0.024208 0.005127 0.698736 0.714952
1743665182.144439 241.157205 7.579507 1.167538 -0.021993 0.004322 0.697637 0.716101
1743665182.248179 241.165163 7.744971 1.171199 -0.020338 0.003667 0.696650 0.717114
1743665182.351809 241.173751 7.895981 1.164866 -0.020312 0.003692 0.695833 0.717907
1743665182.455539 241.179766 8.009821 1.153742 -0.020660 0.003982 0.695331 0.718382
1743665182.559149 241.181366 8.113210 1.152865 -0.020424 0.003690 0.694938 0.718770
1743665182.662759 241.186094 8.186264 1.155682 -0.019690 0.003187 0.694695 0.719028
1743665182.766379 241.185951 8.248807 1.151797 -0.018829 0.002681 0.694451 0.719289
1743665182.870139 241.185645 8.300967 1.151343 -0.018547 0.002463 0.694410 0.719337
1743665182.973749 241.189048 8.340804 1.147334 -0.018528 0.002508 0.694365 0.719380
1743665183.077389 241.188595 8.375402 1.146734 -0.018595 0.002383 0.694303 0.719439
1743665183.180989 241.187229 8.395143 1.147600 -0.018554 0.002320 0.694300 0.719443
1743665183.284579 241.190563 8.397073 1.145938 -0.018520 0.002285 0.694322 0.719423
1743665183.388239 241.188435 8.396077 1.145522 -0.018443 0.002133 0.694277 0.719469
1743665183.491829 241.187816 8.392056 1.147738 -0.018145 0.001677 0.694275 0.719479
1743665183.595429 241.183597 8.389648 1.153090 -0.017699 0.000940 0.694289 0.719478
1743665183.699049 241.185302 8.390368 1.153878 -0.017593 0.000718 0.694305 0.719465
1743665183.802789 241.185491 8.387945 1.149992 -0.017549 0.000924 0.694327 0.719445
1743665183.906419 241.187966 8.385108 1.151279 -0.017423 0.000923 0.694320 0.719455
1743665184.010019 241.188133 8.392672 1.150167 -0.017302 0.000804 0.694330 0.719449
1743665184.113759 241.191006 8.398484 1.147589 -0.017159 0.000665 0.694324 0.719458
1743665184.217529 241.188937 8.408233 1.146943 -0.016937 0.000468 0.694300 0.719486
1743665184.321119 241.191121 8.420764 1.146765 -0.016894 0.000370 0.694300 0.719487
1743665184.424749 241.189578 8.432361 1.145752 -0.016930 0.000371 0.694290 0.719496
1743665184.528359 241.193669 8.457440 1.146030 -0.016837 0.000443 0.694269 0.719518
1743665184.632179 241.193954 8.489086 1.144776 -0.016746 0.000346 0.694232 0.719556
1743665184.735759 241.196720 8.518109 1.142660 -0.016427 0.000003 0.694196 0.719598
1743665184.839469 241.194896 8.565589 1.142598 -0.015645 -0.000701 0.694071 0.719736
1743665184.943059 241.195371 8.621096 1.141475 -0.014704 -0.001648 0.693816 0.720000
1743665185.046699 241.200337 8.693034 1.140032 -0.013967 -0.002299 0.693410 0.720404
1743665185.150409 241.201367 8.786719 1.138985 -0.013420 -0.002541 0.692584 0.721208
1743665185.254029 241.204380 8.905570 1.133420 -0.012785 -0.002860 0.691249 0.722498
1743665185.357769 241.210058 9.045882 1.132230 -0.012009 -0.003288 0.689227 0.724439
1743665185.461379 241.218300 9.208104 1.130658 -0.011478 -0.003733 0.686385 0.727139
1743665185.565139 241.234367 9.376417 1.126563 -0.011386 -0.004100 0.682878 0.730432
1743665185.668739 241.247190 9.567141 1.120566 -0.011649 -0.004571 0.678521 0.734475
1743665185.772499 241.264468 9.785843 1.118090 -0.011890 -0.005305 0.673247 0.739303
1743665185.876099 241.294314 10.009339 1.116926 -0.012509 -0.005047 0.667098 0.744848
1743665185.979869 241.342761 10.242500 1.115486 -0.013430 -0.003215 0.659869 0.751254
1743665186.083579 241.402664 10.492919 1.109274 -0.014862 -0.001758 0.651374 0.758610
1743665186.187209 241.455437 10.746290 1.108258 -0.015691 -0.001757 0.642128 0.766435
1743665186.290929 241.542161 11.006009 1.112216 -0.014666 -0.001143 0.631798 0.774994
1743665186.394889 241.608593 11.265809 1.106945 -0.013811 -0.000427 0.619651 0.784756
1743665186.498539 241.712809 11.537925 1.101217 -0.012488 0.001140 0.606230 0.795190
1743665186.602289 241.830259 11.834997 1.108880 -0.011356 0.003456 0.591305 0.806361
1743665186.706019 241.948141 12.106809 1.102269 -0.011794 0.005876 0.574269 0.818560
1743665186.809889 242.114673 12.420833 1.090728 -0.013438 0.007740 0.555748 0.831206
1743665186.913909 242.243559 12.694637 1.084985 -0.016216 0.007794 0.535292 0.844475
1743665187.017569 242.422416 12.992886 1.072494 -0.018448 0.007359 0.513289 0.857986
1743665187.121559 242.651863 13.311477 1.064838 -0.018851 0.008450 0.490040 0.871455
1743665187.225089 242.850336 13.547691 1.063039 -0.017729 0.010136 0.465299 0.884918
1743665187.328979 243.106008 13.822051 1.060420 -0.016081 0.010823 0.439123 0.898218
1743665187.432789 243.403944 14.123777 1.049707 -0.015029 0.009247 0.411657 0.911168
1743665187.536569 243.662793 14.335021 1.047632 -0.014216 0.006749 0.382847 0.923678
1743665187.640399 244.013084 14.621131 1.027785 -0.014837 0.003922 0.352573 0.935659
1743665187.744069 244.324187 14.820288 1.021289 -0.015422 0.002884 0.321383 0.946819
1743665187.847789 244.697304 15.043191 1.003429 -0.015119 0.003727 0.290082 0.956875
1743665187.951419 245.126800 15.295780 1.007343 -0.013256 0.005211 0.259545 0.965626
1743665188.055059 245.515102 15.424540 1.000547 -0.011024 0.006221 0.230336 0.973029
1743665188.158639 245.963508 15.593068 0.999620 -0.009603 0.006577 0.201719 0.979374
1743665188.262249 246.467245 15.781958 0.994344 -0.008480 0.005757 0.174412 0.984619
1743665188.365739 246.919412 15.880396 0.983649 -0.008630 0.003597 0.149601 0.988702
1743665188.469359 247.458886 16.016114 0.975114 -0.009056 0.002316 0.125624 0.992034
1743665188.572849 247.984884 16.102653 0.974982 -0.008748 0.002585 0.104273 0.994507
1743665188.676339 248.549043 16.189623 0.975497 -0.008474 0.003242 0.085292 0.996315
1743665188.779689 249.132538 16.263462 0.968059 -0.008068 0.003795 0.069101 0.997570
1743665188.884529 249.732813 16.321637 0.968060 -0.007118 0.004121 0.055549 0.998422
1743665188.986579 250.332388 16.369639 0.963905 -0.005768 0.004347 0.044753 0.998972
1743665189.089919 250.979104 16.409869 0.963593 -0.004839 0.004598 0.036340 0.999317
1743665189.193289 251.606325 16.453831 0.953124 -0.004520 0.004838 0.029932 0.999530
1743665189.296649 252.254600 16.482515 0.950372 -0.004509 0.004538 0.024998 0.999667
1743665189.400019 252.930513 16.513969 0.944919 -0.004922 0.004022 0.020843 0.999763
1743665189.503529 253.638063 16.536302 0.943939 -0.004196 0.003397 0.017627 0.999830
1743665189.607009 254.327061 16.560958 0.939221 -0.004177 0.003055 0.015578 0.999865
1743665189.710489 255.064392 16.584861 0.935705 -0.003719 0.003286 0.014108 0.999888
1743665189.813989 255.782231 16.605140 0.931658 -0.004000 0.003844 0.013123 0.999898
1743665189.917599 256.556480 16.630622 0.927087 -0.004266 0.004845 0.012518 0.999901
1743665190.021209 257.310630 16.651909 0.923221 -0.003536 0.006087 0.012061 0.999902
1743665190.124709 258.114896 16.670846 0.920079 -0.003080 0.006476 0.012296 0.999899
1743665190.228319 258.909972 16.695261 0.912326 -0.003262 0.005730 0.013091 0.999893
1743665190.331939 259.721022 16.717262 0.908229 -0.003087 0.003924 0.014024 0.999889
1743665190.435679 260.552375 16.746435 0.909991 -0.004413 0.001139 0.014815 0.999880
1743665190.539289 261.387898 16.776181 0.910270 -0.006489 -0.000919 0.015094 0.999865
1743665190.643039 262.250436 16.809675 0.910836 -0.007588 -0.000728 0.015342 0.999853
1743665190.746779 263.138845 16.844546 0.910756 -0.007073 0.002637 0.015177 0.999856
1743665190.850409 264.039970 16.873263 0.898399 -0.005033 0.007314 0.014979 0.999848
1743665190.954009 264.911728 16.895243 0.891293 -0.004203 0.009766 0.014914 0.999832
1743665191.057759 265.827532 16.919962 0.886513 -0.002008 0.009006 0.015175 0.999842
1743665191.161409 266.741469 16.954202 0.878051 -0.002100 0.005451 0.015770 0.999859
1743665191.264969 267.664535 16.987776 0.870927 -0.000844 0.001851 0.016418 0.999863
1743665191.368719 268.599863 17.021999 0.869742 -0.001193 -0.000366 0.017064 0.999854
1743665191.472499 269.564913 17.055628 0.875088 -0.001351 -0.000931 0.017471 0.999846
1743665191.576089 270.518740 17.104241 0.880419 -0.002585 0.000007 0.017867 0.999837
1743665191.679729 271.527351 17.148243 0.879397 -0.002767 0.003172 0.017790 0.999833
1743665191.783429 272.488126 17.188381 0.874808 -0.003106 0.006588 0.017878 0.999814
1743665191.887129 273.506302 17.227499 0.867707 -0.002494 0.008537 0.017557 0.999806
1743665191.990779 274.510956 17.263663 0.862256 -0.002108 0.007685 0.017374 0.999817
1743665192.094619 275.505198 17.296986 0.856794 -0.001582 0.005665 0.017472 0.999830
1743665192.198009 276.514473 17.333405 0.848329 -0.001329 0.003785 0.017815 0.999833
1743665192.301639 277.563326 17.375809 0.846775 -0.000595 0.003111 0.018011 0.999833
1743665192.405409 278.593999 17.416782 0.843807 -0.000703 0.003275 0.018382 0.999825
1743665192.508899 279.673979 17.457370 0.843040 0.000450 0.004944 0.019003 0.999807
1743665192.612579 280.729940 17.501261 0.838816 0.000646 0.006401 0.020039 0.999778
1743665192.716219 281.763760 17.539864 0.839181 0.002042 0.005722 0.021050 0.999760
1743665192.819829 282.831352 17.595796 0.840412 0.001593 0.002838 0.021962 0.999754
1743665192.923449 283.880275 17.654533 0.838251 0.001063 0.000736 0.022734 0.999741
1743665193.027059 284.933059 17.704600 0.845197 0.000674 0.000163 0.023521 0.999723
1743665193.130729 286.023029 17.769014 0.853239 0.000350 0.001007 0.024363 0.999703
1743665193.234419 287.062289 17.820517 0.864040 -0.000507 0.002879 0.025073 0.999681
1743665193.338029 288.123245 17.889275 0.862972 -0.000779 0.005337 0.025772 0.999653
1743665193.441649 289.191942 17.945631 0.860417 -0.000607 0.007169 0.026456 0.999624
1743665193.545379 290.222443 18.010112 0.857722 -0.001501 0.007692 0.026917 0.999607
1743665193.649029 291.274497 18.072893 0.858080 -0.002621 0.007185 0.027017 0.999606
1743665193.752749 292.309332 18.130311 0.852794 -0.001663 0.006196 0.026866 0.999618
1743665193.856359 293.353520 18.191090 0.854009 -0.002492 0.004541 0.026930 0.999624
1743665193.960099 294.411945 18.250448 0.863756 -0.004334 0.002597 0.026959 0.999624
1743665194.063719 295.441378 18.312216 0.872979 -0.004146 0.001776 0.027082 0.999623
1743665194.167459 296.490633 18.375561 0.875586 -0.003655 0.002616 0.026864 0.999629
1743665194.271069 297.556728 18.445633 0.875778 -0.003901 0.004123 0.026575 0.999631
1743665194.374759 298.601162 18.497208 0.878957 -0.004344 0.004961 0.026534 0.999626
1743665194.478419 299.668438 18.562348 0.887358 -0.007152 0.005442 0.026318 0.999613
1743665194.582059 300.763666 18.632379 0.883762 -0.008967 0.007082 0.026176 0.999592
1743665194.685689 301.839682 18.693676 0.868871 -0.008083 0.009473 0.025864 0.999588
1743665194.789379 302.799227 18.747839 0.862485 -0.007779 0.009838 0.025799 0.999588
1743665194.893079 303.770372 18.807584 0.867555 -0.011744 0.007238 0.025618 0.999577
1743665194.996759 304.784111 18.874547 0.865774 -0.013759 0.004689 0.025481 0.999570
1743665195.100439 305.825546 18.939192 0.862222 -0.015002 0.003469 0.025261 0.999562
1743665195.204009 306.815371 18.998848 0.857503 -0.015135 0.003128 0.025033 0.999567
1743665195.307729 307.834980 19.059101 0.865674 -0.017460 0.002357 0.024854 0.999536
1743665195.411379 308.859303 19.120471 0.864279 -0.017025 0.002983 0.024843 0.999542
1743665195.514959 309.882944 19.179393 0.863933 -0.016469 0.004171 0.024891 0.999546
1743665195.618699 310.926290 19.232929 0.865579 -0.016217 0.005111 0.024985 0.999543
1743665195.722319 311.926435 19.289130 0.863083 -0.015864 0.005482 0.025066 0.999545
1743665195.826059 312.970562 19.351149 0.864402 -0.016854 0.005205 0.024880 0.999535
1743665195.929679 314.039408 19.407041 0.858005 -0.016880 0.005236 0.024415 0.999546
1743665196.033409 315.085057 19.467548 0.850781 -0.016387 0.005448 0.023965 0.999564
1743665196.137109 316.122510 19.516486 0.850566 -0.016442 0.005264 0.023650 0.999571
1743665196.240789 317.163141 19.570784 0.849954 -0.017042 0.005125 0.023474 0.999566
1743665196.344429 318.219278 19.627109 0.834111 -0.016679 0.005770 0.023117 0.999577
1743665196.448119 319.292904 19.678599 0.837026 -0.016157 0.005239 0.022819 0.999595
1743665196.551739 320.334448 19.734947 0.837911 -0.017463 0.003031 0.022771 0.999584
1743665196.655499 321.382865 19.791061 0.843577 -0.018934 0.001359 0.022801 0.999560
1743665196.759089 322.486354 19.842641 0.838993 -0.016364 0.002792 0.022869 0.999601
1743665196.862719 323.546598 19.891929 0.830596 -0.015310 0.005147 0.022758 0.999611
1743665196.966449 324.646989 19.948682 0.832825 -0.016136 0.006682 0.022590 0.999592
1743665197.070189 325.755680 20.001115 0.831465 -0.015784 0.007639 0.022428 0.999595
1743665197.173819 326.850460 20.053033 0.821900 -0.015675 0.008501 0.022340 0.999591
1743665197.277419 327.929267 20.105182 0.818263 -0.015037 0.008668 0.022254 0.999602
1743665197.381159 329.027370 20.157425 0.814302 -0.013522 0.008015 0.022428 0.999625
1743665197.484779 330.062029 20.207605 0.813649 -0.013983 0.006623 0.022580 0.999625
1743665197.588399 331.154507 20.265039 0.809458 -0.013020 0.005963 0.022687 0.999640
1743665197.692159 332.229786 20.313794 0.801845 -0.011581 0.006567 0.022931 0.999648
1743665197.795749 333.315999 20.361515 0.797129 -0.009926 0.007930 0.023035 0.999654
1743665197.899389 334.381397 20.414262 0.792843 -0.008231 0.009615 0.023216 0.999650
1743665198.002989 335.448359 20.461291 0.782734 -0.005656 0.010491 0.023430 0.999654
1743665198.106609 336.485052 20.512343 0.781373 -0.005415 0.009061 0.023648 0.999665
1743665198.210219 337.533832 20.560943 0.781462 -0.004719 0.006982 0.023813 0.999681
1743665198.313949 338.552796 20.611840 0.772779 -0.003702 0.006243 0.024030 0.999685
1743665198.417639 339.609229 20.665996 0.768363 -0.002365 0.006883 0.024308 0.999678
1743665198.521189 340.633963 20.716898 0.765976 -0.001251 0.008099 0.024792 0.999659
1743665198.624799 341.666087 20.768208 0.765757 -0.000487 0.009510 0.025324 0.999634
1743665198.728439 342.672935 20.822836 0.757397 0.000869 0.010805 0.025764 0.999609
1743665198.832039 343.669729 20.876486 0.751212 0.001543 0.011551 0.026176 0.999589
1743665198.935709 344.662325 20.930959 0.747706 0.001874 0.011028 0.026747 0.999580
1743665199.039279 345.653988 20.989913 0.742170 0.002321 0.010243 0.027198 0.999575
1743665199.143029 346.615799 21.049999 0.737034 0.002256 0.009373 0.027795 0.999567
1743665199.246619 347.590541 21.110761 0.731271 0.001332 0.009063 0.028291 0.999558
1743665199.350239 348.552744 21.169362 0.723577 0.001459 0.008989 0.028645 0.999548
1743665199.453849 349.493840 21.227375 0.722248 0.001416 0.009488 0.029033 0.999532
1743665199.557509 350.451766 21.286811 0.720540 0.000713 0.010128 0.029225 0.999521
1743665199.661229 351.378427 21.350050 0.713624 -0.000120 0.009620 0.029417 0.999521
1743665199.764829 352.271377 21.408676 0.714749 -0.000703 0.008681 0.029442 0.999529
1743665199.868559 353.169952 21.460848 0.709451 -0.000880 0.007962 0.029055 0.999546
1743665199.972299 354.009859 21.515027 0.705608 -0.000754 0.008295 0.028560 0.999557
1743665200.075979 354.875927 21.566181 0.704445 -0.001149 0.008607 0.027735 0.999578
1743665200.179659 355.721394 21.608771 0.699403 0.000219 0.009292 0.026863 0.999596
1743665200.283279 356.533565 21.653003 0.703678 0.000950 0.009532 0.026033 0.999615
1743665200.386899 357.311609 21.697371 0.698870 0.000852 0.010046 0.025229 0.999631
1743665200.490689 358.082333 21.723960 0.697593 0.002285 0.011070 0.024233 0.999642
1743665200.594349 358.827328 21.764798 0.694861 0.002457 0.011949 0.023415 0.999651
1743665200.697929 359.538809 21.800841 0.684194 0.002187 0.012713 0.022570 0.999662
1743665200.801629 360.243975 21.830643 0.680347 0.002356 0.012780 0.021774 0.999678
1743665200.905219 360.923424 21.862379 0.678360 0.002387 0.011276 0.021179 0.999709
1743665201.008959 361.589627 21.894862 0.685734 0.001893 0.008649 0.020485 0.999751
1743665201.112669 362.208276 21.926945 0.677995 0.001638 0.007220 0.019844 0.999776
1743665201.216189 362.812946 21.949390 0.673727 0.001644 0.007548 0.019358 0.999783
1743665201.319819 363.412575 21.972685 0.670396 0.001697 0.008951 0.019145 0.999775
1743665201.423439 363.984465 21.990588 0.676065 0.001916 0.010671 0.019342 0.999754
1743665201.527049 364.525769 22.014869 0.675247 0.002187 0.011413 0.020306 0.999726
1743665201.630649 365.055181 22.048055 0.678070 0.001185 0.010149 0.022160 0.999702
1743665201.734329 365.561993 22.079760 0.674355 0.000576 0.008405 0.024992 0.999652
1743665201.837749 366.055748 22.114890 0.669811 0.000182 0.007074 0.029175 0.999549
1743665201.941399 366.520647 22.152922 0.668230 0.000380 0.006512 0.035172 0.999360
1743665202.044869 366.977040 22.197582 0.667726 0.000152 0.006068 0.042938 0.999059
1743665202.148439 367.415836 22.257096 0.667579 -0.000592 0.005511 0.052343 0.998614
1743665202.251839 367.860767 22.328563 0.668376 -0.001963 0.005672 0.063139 0.997987
1743665202.355329 368.296819 22.416543 0.664931 -0.003089 0.006620 0.075753 0.997100
1743665202.458859 368.725227 22.504548 0.672960 -0.002921 0.008748 0.090771 0.995829
1743665202.562199 369.148577 22.622736 0.671211 -0.002256 0.009686 0.107774 0.994126
1743665202.665559 369.550989 22.754971 0.667610 -0.001966 0.009569 0.127537 0.991786
1743665202.769069 369.929636 22.868313 0.666434 -0.003345 0.010379 0.149518 0.988699
1743665202.872409 370.323054 23.061237 0.662964 -0.005117 0.011736 0.171564 0.985090
1743665202.975899 370.705735 23.249438 0.650115 -0.006138 0.013595 0.194700 0.980749
1743665203.079389 371.045194 23.406378 0.648866 -0.005903 0.015751 0.219141 0.975548
1743665203.182759 371.433060 23.666408 0.637069 -0.006827 0.017430 0.243723 0.969664
1743665203.286249 371.767250 23.915885 0.631346 -0.009679 0.018173 0.269962 0.962651
1743665203.389739 372.072855 24.138980 0.611513 -0.012764 0.018873 0.297542 0.954437
1743665203.493129 372.429381 24.473763 0.592492 -0.013958 0.021020 0.324963 0.945390
1743665203.596609 372.749065 24.787411 0.573781 -0.012751 0.023704 0.353051 0.935217
1743665203.700229 373.023427 25.064922 0.561801 -0.010332 0.025904 0.381707 0.923863
1743665203.803779 373.353280 25.472438 0.549738 -0.008295 0.028808 0.410169 0.911517
1743665203.907319 373.595158 25.809075 0.519021 -0.005986 0.030742 0.438972 0.897955
1743665204.010809 373.885373 26.271273 0.487718 -0.002332 0.031610 0.468152 0.883080
1743665204.114419 374.118176 26.698529 0.477277 0.001314 0.032242 0.497434 0.866902
1743665204.218039 374.277211 27.092668 0.452781 0.002657 0.030222 0.526809 0.849442
1743665204.321649 374.476274 27.622956 0.424371 0.003679 0.028041 0.555831 0.830814
1743665204.425359 374.617765 28.110079 0.390398 0.006612 0.026854 0.584212 0.811130
1743665204.528879 374.705521 28.547233 0.397550 0.011024 0.029320 0.611350 0.790740
1743665204.632629 374.807727 29.125843 0.382515 0.011382 0.030986 0.637065 0.770103
1743665204.736489 374.851046 29.672976 0.365466 0.007090 0.030902 0.660338 0.750299
1743665204.840379 374.861431 30.194246 0.342156 0.001373 0.029244 0.680661 0.732014
1743665204.944349 374.842290 30.805972 0.329519 -0.003238 0.026310 0.698007 0.715600
1743665205.048359 374.806470 31.340614 0.302812 -0.006577 0.024353 0.712248 0.701475
1743665205.152449 374.752180 31.966074 0.277756 -0.009372 0.025040 0.722779 0.690562
1743665205.256579 374.702173 32.595775 0.260349 -0.011943 0.026649 0.730299 0.682503
1743665205.360799 374.642863 33.190901 0.239512 -0.013514 0.026475 0.735884 0.676455
1743665205.464939 374.568537 33.813912 0.209595 -0.013125 0.023466 0.739327 0.672810
1743665205.569159 374.493851 34.437645 0.187977 -0.010539 0.018148 0.741076 0.671093
1743665205.673279 374.412208 35.049744 0.154943 -0.006831 0.013424 0.742075 0.670148
1743665205.777399 374.356133 35.697491 0.129622 -0.004456 0.012153 0.741926 0.670357
1743665205.881539 374.294208 36.368056 0.112879 -0.004069 0.014646 0.741526 0.670752
1743665205.985399 374.230939 37.060197 0.102966 -0.004673 0.018000 0.741127 0.671107
1743665206.089339 374.161176 37.748191 0.088321 -0.005653 0.018521 0.740789 0.671459
1743665206.193169 374.080831 38.451733 0.070009 -0.007006 0.017053 0.740483 0.671822
1743665206.296969 374.000514 39.153847 0.046184 -0.007921 0.015512 0.739957 0.672429
1743665206.400759 373.926579 39.868132 0.027390 -0.008819 0.013332 0.738848 0.673683
1743665206.504459 373.857232 40.605581 0.006333 -0.009776 0.011436 0.737287 0.675413
1743665206.608189 373.784776 41.379974 -0.016517 -0.010774 0.010696 0.735679 0.677160
1743665206.711939 373.710554 42.148918 -0.040853 -0.012767 0.010932 0.734180 0.678746
1743665206.815659 373.648388 42.945038 -0.064234 -0.014468 0.011822 0.732690 0.680306
1743665206.919289 373.588638 43.732109 -0.089318 -0.014992 0.012432 0.731466 0.681600
1743665207.023059 373.518482 44.558703 -0.115326 -0.014905 0.011519 0.730414 0.682745
1743665207.126639 373.461657 45.401137 -0.147839 -0.014436 0.010316 0.729294 0.683971
1743665207.230289 373.412250 46.267193 -0.176271 -0.014801 0.010557 0.728086 0.685245
1743665207.333999 373.357941 47.131436 -0.209440 -0.015177 0.012881 0.726982 0.686368
1743665207.437619 373.311026 47.999311 -0.238871 -0.016753 0.015062 0.725882 0.687450
1743665207.541239 373.265208 48.885324 -0.275543 -0.017071 0.018332 0.724789 0.688516
1743665207.644979 373.214200 49.827792 -0.308299 -0.018349 0.018351 0.723836 0.689483
1743665207.748589 373.163638 50.721276 -0.346167 -0.017759 0.018304 0.722919 0.690462
1743665207.852209 373.119100 51.616673 -0.387140 -0.018007 0.015172 0.722236 0.691246
1743665207.955879 373.067815 52.575399 -0.428899 -0.017514 0.013307 0.721941 0.691604
1743665208.059459 373.023662 53.557337 -0.465618 -0.016829 0.013447 0.721824 0.691742
1743665208.163179 372.988644 54.420245 -0.494457 -0.016593 0.014238 0.721901 0.691651
1743665208.266819 372.945047 55.319288 -0.527773 -0.016393 0.015310 0.722170 0.691352
1743665208.370409 372.900199 56.234322 -0.561225 -0.017159 0.015238 0.722515 0.690974
1743665208.474019 372.851056 57.166353 -0.594389 -0.017960 0.015114 0.722906 0.690548
1743665208.577639 372.796274 58.129351 -0.628477 -0.018411 0.015125 0.723352 0.690068
1743665208.681259 372.741722 59.052826 -0.663467 -0.019195 0.014662 0.723710 0.689681
1743665208.784869 372.695909 59.955680 -0.696431 -0.019046 0.015048 0.724056 0.689314
1743665208.888489 372.643691 60.887509 -0.731594 -0.019155 0.014304 0.724587 0.688769
1743665208.992109 372.590423 61.826965 -0.761315 -0.019099 0.013115 0.725228 0.688119
1743665209.095859 372.537742 62.700620 -0.788420 -0.018752 0.012638 0.726167 0.687146
1743665209.199459 372.472179 63.611979 -0.823821 -0.019554 0.013259 0.727466 0.685737
1743665209.303199 372.407579 64.542923 -0.860136 -0.019893 0.015912 0.728776 0.684278
1743665209.406809 372.341331 65.479857 -0.893522 -0.021081 0.016418 0.730052 0.682869
1743665209.510569 372.263847 66.360231 -0.926100 -0.022713 0.014052 0.731267 0.681568
1743665209.614169 372.191919 67.280037 -0.982274 -0.022865 0.011757 0.732194 0.680610
1743665209.717929 372.121934 68.152552 -1.007767 -0.021781 0.010488 0.733017 0.679780
1743665209.821519 372.053627 69.073941 -1.025347 -0.020579 0.010052 0.733596 0.679200
1743665209.925289 371.972140 69.958501 -1.077799 -0.021696 0.009846 0.733932 0.678805
1743665210.029009 371.895233 70.817010 -1.095638 -0.021381 0.011788 0.734086 0.678617
1743665210.132759 371.826904 71.729610 -1.139701 -0.021279 0.013099 0.734016 0.678673
1743665210.236359 371.744036 72.630620 -1.158032 -0.021220 0.010745 0.733463 0.679313
1743665210.339979 371.672641 73.524308 -1.198338 -0.021778 0.008662 0.732358 0.680516
1743665210.443769 371.600124 74.446703 -1.227997 -0.022300 0.008605 0.731273 0.681666
1743665210.547339 371.532763 75.350164 -1.263876 -0.023111 0.009317 0.729693 0.683321
1743665210.651169 371.472857 76.210934 -1.291636 -0.024190 0.009538 0.728074 0.685005
1743665210.754709 371.414457 77.092399 -1.323223 -0.024823 0.009858 0.726276 0.686884
1743665210.858499 371.362024 77.976578 -1.356718 -0.025046 0.010270 0.724431 0.688815
1743665210.961919 371.321830 78.854747 -1.390795 -0.025117 0.010561 0.722664 0.690662
1743665211.065539 371.280360 79.743303 -1.422054 -0.024255 0.010553 0.720866 0.692570
1743665211.169389 371.242339 80.648833 -1.456276 -0.023777 0.009704 0.719102 0.694430
1743665211.272949 371.212703 81.504732 -1.490991 -0.023255 0.008904 0.717304 0.696316
1743665211.376549 371.175734 82.390324 -1.522545 -0.023013 0.008414 0.715578 0.698103
1743665211.480269 371.162946 83.249918 -1.554124 -0.023281 0.008873 0.713764 0.699943
1743665211.583909 371.147304 84.128775 -1.580306 -0.023950 0.009264 0.711971 0.701739
1743665211.687499 371.128826 84.999454 -1.616375 -0.024696 0.009585 0.710236 0.703465
1743665211.791099 371.117963 85.855585 -1.651119 -0.025111 0.010744 0.708732 0.704949
1743665211.894749 371.115286 86.708335 -1.681001 -0.024901 0.011956 0.707522 0.706151
1743665211.998489 371.117289 87.575371 -1.712292 -0.024127 0.012951 0.706462 0.707221
1743665212.102059 371.119720 88.401823 -1.742914 -0.022711 0.013438 0.705673 0.708046
1743665212.205869 371.127857 89.195702 -1.766292 -0.021310 0.013704 0.705196 0.708559
1743665212.309539 371.137377 89.997508 -1.801465 -0.020226 0.014036 0.704807 0.708972
1743665212.413129 371.136972 90.782516 -1.828248 -0.019312 0.014864 0.704755 0.709032
1743665212.516799 371.142611 91.527349 -1.834480 -0.018331 0.014638 0.704854 0.708965
1743665212.620459 371.144679 92.260112 -1.864573 -0.016864 0.015465 0.705165 0.708674
1743665212.724299 371.153899 92.969960 -1.882875 -0.016099 0.016209 0.705981 0.707862
1743665212.827839 371.151565 93.661346 -1.909206 -0.016109 0.017470 0.707203 0.706611
1743665212.931369 371.148250 94.324487 -1.925198 -0.015849 0.019266 0.708684 0.705085
1743665213.034979 371.142609 94.960313 -1.945922 -0.015909 0.019993 0.710595 0.703137
1743665213.139469 371.127774 95.564594 -1.964850 -0.014879 0.020865 0.712606 0.701096
1743665213.242299 371.111903 96.164051 -1.985686 -0.013898 0.020320 0.714862 0.698832
1743665213.345969 371.083958 96.762375 -2.000647 -0.013276 0.019455 0.717333 0.696332
1743665213.449569 371.058011 97.346281 -2.025255 -0.012871 0.019651 0.720098 0.693475
1743665213.553339 371.025747 97.953087 -2.045129 -0.012840 0.020445 0.722574 0.690872
1743665213.656929 370.988782 98.529896 -2.065544 -0.012851 0.020527 0.725061 0.688259
1743665213.760679 370.941847 99.134072 -2.084336 -0.012536 0.019119 0.727421 0.685810
1743665213.864299 370.901957 99.715829 -2.104255 -0.011668 0.017343 0.729858 0.683279
1743665213.968039 370.851813 100.282886 -2.123580 -0.010321 0.016320 0.731976 0.681056
1743665214.071969 370.802180 100.863248 -2.139138 -0.009438 0.015407 0.734156 0.678740
1743665214.175429 370.748651 101.455354 -2.152475 -0.008648 0.014540 0.736063 0.676701
1743665214.279009 370.695364 102.019494 -2.169520 -0.008835 0.013360 0.738002 0.674609
1743665214.382829 370.627049 102.617052 -2.182486 -0.009277 0.012488 0.739563 0.672907
1743665214.486349 370.564309 103.205662 -2.196408 -0.008848 0.012500 0.741145 0.671170
1743665214.590109 370.499190 103.822453 -2.207643 -0.008465 0.012732 0.742628 0.669530
1743665214.693769 370.430771 104.403143 -2.221829 -0.008734 0.011927 0.743921 0.668103
1743665214.797439 370.353119 104.998399 -2.233276 -0.009487 0.009749 0.745045 0.666875
1743665214.901069 370.265659 105.642542 -2.256990 -0.010073 0.008090 0.745834 0.666006
1743665215.004819 370.190115 106.275553 -2.266573 -0.010086 0.007748 0.746345 0.665438
1743665215.108409 370.115964 106.909826 -2.276807 -0.009347 0.008221 0.746462 0.665312
1743665215.212249 370.032218 107.564989 -2.289940 -0.010139 0.008341 0.746560 0.665189
1743665215.316119 369.954521 108.232075 -2.308037 -0.011601 0.009590 0.746364 0.665368
1743665215.419569 369.862539 108.914386 -2.323690 -0.014811 0.010629 0.746340 0.665316
1743665215.523189 369.775521 109.623084 -2.351751 -0.019608 0.013733 0.745953 0.665569
1743665215.626869 369.699225 110.330297 -2.382819 -0.024925 0.016345 0.745174 0.666204
1743665215.730679 369.609866 111.052460 -2.416409 -0.026458 0.016828 0.744317 0.667090
1743665215.834339 369.528213 111.762769 -2.444907 -0.024475 0.012784 0.743273 0.668418
1743665215.937959 369.435796 112.492429 -2.474371 -0.020480 0.006087 0.741902 0.670167
1743665216.041579 369.341749 113.253670 -2.520230 -0.019874 0.003606 0.740575 0.671670
1743665216.145329 369.275806 114.054136 -2.550348 -0.023253 0.007452 0.739070 0.673186
1743665216.248929 369.208514 114.837463 -2.613449 -0.028585 0.014202 0.737450 0.674647
1743665216.352669 369.136677 115.652443 -2.627668 -0.029633 0.017139 0.736131 0.675973
1743665216.456279 369.071110 116.437618 -2.670409 -0.026494 0.013919 0.734914 0.677499
1743665216.560019 368.989677 117.260239 -2.697636 -0.021153 0.007804 0.733861 0.678926
1743665216.663769 368.909802 118.107924 -2.745631 -0.019403 0.002159 0.732632 0.680345
1743665216.767379 368.838124 118.986481 -2.781741 -0.021991 0.001552 0.731095 0.681919
1743665216.871139 368.771159 119.892630 -2.828767 -0.026726 0.003711 0.729119 0.683855
1743665216.974739 368.710417 120.783044 -2.861951 -0.028056 0.004765 0.726883 0.686172
1743665217.078499 368.650275 121.673233 -2.893777 -0.026834 0.000509 0.724342 0.688919
1743665217.182239 368.600325 122.613642 -2.924322 -0.021658 -0.004360 0.721873 0.691673
1743665217.285839 368.565939 123.544193 -2.946912 -0.017921 -0.005917 0.719331 0.694411
1743665217.389579 368.540274 124.503303 -2.963341 -0.016950 -0.002058 0.716969 0.696896
1743665217.493189 368.528662 125.463813 -2.990679 -0.019053 0.004037 0.714457 0.699408
1743665217.596929 368.517197 126.422873 -3.022725 -0.020486 0.009215 0.712018 0.701802
1743665217.700549 368.507102 127.440075 -3.051904 -0.020108 0.010734 0.710138 0.703693
1743665217.804169 368.493260 128.409293 -3.091847 -0.020444 0.007902 0.708808 0.705061
1743665217.907769 368.487684 129.378351 -3.116448 -0.019024 0.007289 0.708167 0.705751
1743665218.011389 368.482897 130.378174 -3.151988 -0.017947 0.008377 0.707894 0.706041
1743665218.115009 368.481047 131.372344 -3.177415 -0.016870 0.010299 0.707814 0.706123
1743665218.218629 368.478610 132.357674 -3.208841 -0.017557 0.010575 0.707932 0.705983
1743665218.322239 368.454010 133.370245 -3.240941 -0.019293 0.011283 0.708703 0.705153
1743665218.425859 368.446543 134.379013 -3.277611 -0.020130 0.013033 0.709657 0.704139
1743665218.529469 368.434171 135.361931 -3.314378 -0.019158 0.013587 0.710787 0.703015
1743665218.633089 368.409319 136.303887 -3.342640 -0.016354 0.011740 0.712086 0.701804
1743665218.736829 368.393734 137.308938 -3.371232 -0.013283 0.009695 0.713174 0.700794
1743665218.840459 368.367891 138.322310 -3.396912 -0.011276 0.010588 0.714431 0.699535
1743665218.944059 368.351950 139.326707 -3.423568 -0.011386 0.014323 0.715665 0.698204
1743665219.047669 368.329012 140.319104 -3.446660 -0.012196 0.017551 0.716612 0.697144
1743665219.151289 368.282780 141.308316 -3.476716 -0.013162 0.017477 0.717655 0.696055
1743665219.254899 368.244804 142.288190 -3.507402 -0.013783 0.015016 0.718412 0.695319
1743665219.358649 368.194318 143.277171 -3.540936 -0.013899 0.012217 0.719112 0.694647
1743665219.462259 368.146704 144.235911 -3.571204 -0.013553 0.010839 0.719996 0.693762
1743665219.565869 368.106449 145.247480 -3.590875 -0.013253 0.010688 0.720706 0.693032
1743665219.669619 368.068279 146.214826 -3.617538 -0.013483 0.011841 0.721444 0.692240
1743665219.773259 368.015749 147.210557 -3.641914 -0.014585 0.014956 0.722224 0.691344
1743665219.876719 367.970189 148.168949 -3.675305 -0.015132 0.018815 0.723294 0.690118
1743665219.980359 367.915567 149.143595 -3.709520 -0.015893 0.020946 0.724327 0.688955
1743665220.083949 367.863708 150.100946 -3.744871 -0.015178 0.020493 0.725557 0.687689
1743665220.187569 367.793984 151.047471 -3.774893 -0.015566 0.015281 0.726821 0.686480
1743665220.291179 367.731033 151.984896 -3.810724 -0.014556 0.012177 0.727921 0.685398
1743665220.394919 367.672084 152.940807 -3.840046 -0.015166 0.011822 0.728444 0.684835
1743665220.498539 367.609227 153.889985 -3.867384 -0.014306 0.016100 0.728951 0.684227
1743665220.602269 367.548478 154.863902 -3.900072 -0.014955 0.018864 0.729406 0.683657
1743665220.705909 367.480690 155.811763 -3.931652 -0.015417 0.020063 0.729866 0.683122
1743665220.809639 367.420119 156.736894 -3.967289 -0.015961 0.020879 0.730047 0.682892
1743665220.913339 367.354259 157.693530 -4.005943 -0.016796 0.020920 0.730004 0.682916
1743665221.016889 367.275626 158.691930 -4.046520 -0.016995 0.020409 0.729833 0.683109
1743665221.120609 367.199093 159.651066 -4.083731 -0.018116 0.017877 0.729628 0.683371
1743665221.224339 367.133294 160.536921 -4.121021 -0.018286 0.015915 0.729276 0.683790
1743665221.327989 367.069246 161.445210 -4.154542 -0.017300 0.014714 0.728751 0.684402
1743665221.431729 367.010861 162.333239 -4.176752 -0.015593 0.014508 0.728329 0.684896
1743665221.535439 366.943398 163.265658 -4.209382 -0.015940 0.014142 0.727834 0.685422
1743665221.639079 366.894716 164.177595 -4.245294 -0.017600 0.015376 0.727408 0.685807
1743665221.742819 366.842232 165.093390 -4.283249 -0.018275 0.019182 0.727052 0.686071
1743665221.846439 366.786670 165.977236 -4.316590 -0.018637 0.021035 0.726721 0.686358
1743665221.950039 366.731927 166.899057 -4.351919 -0.019502 0.020334 0.726319 0.686781
1743665222.053639 366.675764 167.793602 -4.387952 -0.018134 0.020154 0.725804 0.687367
1743665222.157379 366.624681 168.634050 -4.419083 -0.017905 0.018850 0.725463 0.687770
1743665222.260999 366.575782 169.489662 -4.452626 -0.018469 0.018753 0.725234 0.688000
1743665222.364639 366.518029 170.339143 -4.491364 -0.020127 0.019583 0.724963 0.688215
1743665222.468379 366.477495 171.127013 -4.527949 -0.020159 0.020735 0.724801 0.688351
1743665222.571989 366.432668 171.934647 -4.552788 -0.017258 0.021274 0.724690 0.688530
1743665222.675589 366.395877 172.706484 -4.571996 -0.014367 0.019504 0.724438 0.688914
1743665222.779209 366.344636 173.490953 -4.597703 -0.012530 0.019151 0.724554 0.688838
1743665222.882829 366.315298 174.235122 -4.632445 -0.012962 0.021826 0.724766 0.688527
1743665222.986569 366.296769 174.977691 -4.658746 -0.013324 0.026219 0.725112 0.688002
1743665223.090189 366.259453 175.690314 -4.682851 -0.014474 0.027460 0.725683 0.687329
1743665223.193789 366.210254 176.377393 -4.705977 -0.013314 0.026197 0.726226 0.686827
1743665223.297439 366.152864 177.006473 -4.729324 -0.011309 0.022571 0.727246 0.685913
1743665223.401229 366.113146 177.631037 -4.742119 -0.010104 0.019294 0.728140 0.685082
1743665223.504779 366.068880 178.274607 -4.769514 -0.010756 0.017591 0.729117 0.684078
1743665223.608399 366.017573 178.856420 -4.794810 -0.012098 0.018166 0.730475 0.682591
1743665223.712049 365.962383 179.458940 -4.814063 -0.013845 0.019205 0.732197 0.680681
1743665223.815619 365.912108 180.040620 -4.825426 -0.014785 0.020013 0.734260 0.678412
1743665223.919319 365.855602 180.622182 -4.844943 -0.014867 0.020558 0.737059 0.675352
1743665224.022929 365.786151 181.182309 -4.864210 -0.014234 0.020723 0.741142 0.670878
1743665224.126479 365.724437 181.725393 -4.881645 -0.013028 0.020966 0.746703 0.664699
1743665224.229949 365.631885 182.272168 -4.899375 -0.011671 0.020858 0.753449 0.657072
1743665224.333499 365.539018 182.811940 -4.917038 -0.010569 0.020944 0.761804 0.647383
1743665224.436809 365.438699 183.317401 -4.934262 -0.010275 0.020604 0.771875 0.635358
1743665224.540309 365.287560 183.841661 -4.947724 -0.010217 0.020852 0.782841 0.621788
1743665224.643659 365.136552 184.350260 -4.958786 -0.009904 0.021226 0.795323 0.605733
1743665224.747049 364.979202 184.829329 -4.976374 -0.009021 0.021751 0.809113 0.587181
1743665224.850409 364.765458 185.314683 -4.983317 -0.008105 0.022389 0.823492 0.566828
1743665224.953849 364.532745 185.777438 -4.998691 -0.007334 0.023342 0.838398 0.544509
1743665225.057109 364.308975 186.190594 -5.006893 -0.006788 0.023930 0.853460 0.520564
1743665225.160499 364.010611 186.649162 -5.028088 -0.006628 0.023930 0.868025 0.495899
1743665225.263989 363.694766 187.065843 -5.033328 -0.007263 0.023692 0.882446 0.469761
1743665225.367479 363.402098 187.403069 -5.050301 -0.008144 0.022729 0.896882 0.441610
1743665225.470979 363.014334 187.792674 -5.050206 -0.009283 0.022529 0.910869 0.411975
1743665225.574509 362.636679 188.134568 -5.067325 -0.008765 0.022145 0.924214 0.381132
1743665225.677939 362.260627 188.426227 -5.069373 -0.008328 0.022304 0.936716 0.349279
1743665225.781549 361.791625 188.748587 -5.087526 -0.008783 0.021971 0.948245 0.316657
1743665225.885069 361.357522 188.989663 -5.093014 -0.009599 0.020077 0.958660 0.283684
1743665225.988789 360.838796 189.253093 -5.116669 -0.009751 0.018703 0.967895 0.250470
1743665226.092419 360.312704 189.454737 -5.129310 -0.009968 0.018609 0.975929 0.217065
1743665226.196029 359.841376 189.603584 -5.126843 -0.010328 0.021106 0.982644 0.184009
1743665226.300159 359.289054 189.786011 -5.136999 -0.010546 0.022654 0.988074 0.151939
1743665226.403499 358.724167 189.908880 -5.145791 -0.010156 0.023267 0.992118 0.122708
1743665226.507379 358.199742 189.988277 -5.156407 -0.009382 0.021885 0.995084 0.096125
1743665226.611319 357.582038 190.062396 -5.160665 -0.008994 0.019654 0.997098 0.072990
1743665226.715239 356.986341 190.113013 -5.180106 -0.007921 0.017450 0.998345 0.054224
1743665226.819349 356.338060 190.148241 -5.188176 -0.008784 0.015537 0.999075 0.039114
1743665226.923789 355.683267 190.174026 -5.192515 -0.009767 0.015635 0.999437 0.028032
1743665227.027589 355.034617 190.193550 -5.201116 -0.008944 0.016094 0.999642 0.019420
1743665227.131689 354.368834 190.190287 -5.201038 -0.006334 0.016993 0.999767 0.011739
1743665227.235689 353.714667 190.203093 -5.205000 -0.002505 0.019547 0.999796 0.004536
1743665227.339789 353.039532 190.198086 -5.204497 0.001564 0.019793 0.999799 -0.002696
1743665227.443589 352.356931 190.177744 -5.211086 0.003322 0.019005 0.999760 -0.010375
1743665227.547389 351.677308 190.144932 -5.197716 0.003528 0.018665 0.999670 -0.017284
1743665227.651289 350.958905 190.093977 -5.193197 0.003095 0.018515 0.999562 -0.022865
1743665227.755189 350.230991 190.058568 -5.182936 0.003378 0.018364 0.999447 -0.027514
1743665227.858989 349.486532 190.004249 -5.177468 0.003488 0.016841 0.999392 -0.030317
1743665227.962789 348.733447 189.930456 -5.163137 0.003645 0.016096 0.999341 -0.032345
1743665228.066489 347.972254 189.874821 -5.153476 0.003944 0.014680 0.999295 -0.034332
1743665228.170189 347.186342 189.810309 -5.147179 0.003527 0.014870 0.999220 -0.036417
1743665228.273989 346.370163 189.741399 -5.134431 0.002635 0.014902 0.999128 -0.038909
1743665228.377589 345.592900 189.680087 -5.128567 0.001094 0.014882 0.999029 -0.041445
1743665228.481289 344.777542 189.597317 -5.114531 0.000462 0.013841 0.998931 -0.044106
1743665228.585089 343.959371 189.504526 -5.116675 -0.000066 0.012333 0.998835 -0.046650
1743665228.688689 343.116790 189.425597 -5.107841 0.000794 0.012497 0.998740 -0.048594
1743665228.792389 342.258051 189.335472 -5.104300 0.002628 0.010359 0.998704 -0.049756
1743665228.896189 341.399100 189.230173 -5.101230 0.004561 0.009086 0.998697 -0.050014
1743665228.999889 340.493975 189.136120 -5.092380 0.005848 0.007834 0.998717 -0.049681
1743665229.103589 339.604778 189.030641 -5.074857 0.005152 0.008126 0.998745 -0.049156
1743665229.207389 338.725644 188.939382 -5.062234 0.003757 0.007860 0.998796 -0.048276
1743665229.311089 337.807425 188.840920 -5.046897 0.002971 0.007183 0.998860 -0.047103
1743665229.414689 336.890786 188.751719 -5.032274 0.002994 0.005802 0.998930 -0.045786
1743665229.518489 335.975945 188.659667 -5.025111 0.002381 0.004959 0.998992 -0.044545
1743665229.622089 335.030970 188.562808 -5.010086 0.001560 0.003976 0.999061 -0.043116
1743665229.725889 334.111258 188.477994 -5.000760 0.000042 0.003250 0.999124 -0.041712
1743665229.829389 333.158053 188.388257 -4.994703 -0.002373 0.002536 0.999171 -0.040566
1743665229.933089 332.238312 188.323449 -4.996853 -0.005746 0.003035 0.999200 -0.039463
1743665230.036789 331.304940 188.239656 -4.997612 -0.007567 0.003555 0.999233 -0.038252
1743665230.140489 330.354908 188.161955 -4.995920 -0.007014 0.001916 0.999285 -0.037099
1743665230.243989 329.439073 188.079320 -4.993926 -0.005325 0.000421 0.999336 -0.036055
1743665230.348289 328.501684 188.005258 -4.993904 -0.004666 0.000344 0.999384 -0.034791
1743665230.451389 327.546681 187.929906 -4.996407 -0.005040 -0.000054 0.999410 -0.033970
1743665230.555089 326.622322 187.867181 -4.997422 -0.004844 0.001790 0.999448 -0.032804
1743665230.658589 325.677374 187.809271 -4.994492 -0.004161 0.001727 0.999478 -0.031999
1743665230.762289 324.741458 187.746227 -4.988893 -0.003571 0.001615 0.999509 -0.031095
1743665230.865889 323.836894 187.678488 -4.992325 -0.003097 -0.000185 0.999541 -0.030131
1743665230.969489 322.907083 187.606256 -4.985127 -0.002329 -0.002550 0.999565 -0.029273
1743665231.073089 321.961313 187.543440 -4.979677 -0.002149 -0.004632 0.999591 -0.028121
1743665231.176789 321.022480 187.482471 -4.976383 -0.002805 -0.005332 0.999620 -0.026883
1743665231.280389 320.076152 187.417521 -4.977525 -0.003702 -0.007203 0.999637 -0.025682
1743665231.384089 319.129355 187.357049 -4.982820 -0.004694 -0.007168 0.999661 -0.024600
1743665231.487789 318.177490 187.314957 -4.978882 -0.004993 -0.004511 0.999703 -0.023429
1743665231.591389 317.216239 187.280691 -4.966981 -0.003650 -0.001020 0.999741 -0.022429
1743665231.694989 316.275045 187.233503 -4.964374 -0.002885 -0.002107 0.999761 -0.021551
1743665231.798589 315.292406 187.190706 -4.974306 -0.004264 -0.001777 0.999763 -0.021253
1743665231.902389 314.335824 187.145579 -4.986929 -0.008124 -0.000953 0.999749 -0.020870
1743665232.005989 313.373064 187.107160 -4.973115 -0.009294 0.000442 0.999737 -0.020940
1743665232.109589 312.424949 187.049309 -4.986167 -0.007159 -0.003203 0.999742 -0.021328
1743665232.213189 311.473521 186.981758 -4.986918 -0.003665 -0.005310 0.999741 -0.021828
1743665232.316989 310.520737 186.940500 -4.984539 -0.001437 -0.004800 0.999738 -0.022346
1743665232.420689 309.563120 186.891000 -4.973840 -0.000661 -0.003540 0.999725 -0.023181
1743665232.524389 308.629601 186.833703 -4.972894 -0.001119 -0.003781 0.999719 -0.023375
1743665232.627889 307.670751 186.778527 -4.964277 -0.001993 -0.002747 0.999716 -0.023577
1743665232.731689 306.731519 186.731729 -4.955835 -0.002079 -0.003336 0.999727 -0.023047
1743665232.835289 305.798482 186.685729 -4.950495 -0.001519 -0.003862 0.999755 -0.021743
1743665232.939389 304.851947 186.634807 -4.940903 -0.001457 -0.004146 0.999779 -0.020564
1743665233.042689 303.921629 186.595097 -4.936868 -0.002499 -0.003690 0.999806 -0.019186
1743665233.146289 302.998210 186.552464 -4.927227 -0.002442 -0.003797 0.999835 -0.017587
1743665233.249989 302.049160 186.505764 -4.920490 -0.000609 -0.003530 0.999863 -0.016186
1743665233.353789 301.120194 186.473318 -4.916845 0.000577 -0.004395 0.999876 -0.015129
1743665233.457389 300.216147 186.444563 -4.910990 -0.000433 -0.004081 0.999884 -0.014673
1743665233.561089 299.265385 186.413219 -4.912658 -0.002610 -0.002722 0.999885 -0.014657
1743665233.664689 298.357713 186.388444 -4.896226 -0.003257 -0.001532 0.999887 -0.014574
1743665233.768289 297.417652 186.349643 -4.890279 -0.001583 -0.001770 0.999891 -0.014597
1743665233.872089 296.479277 186.318652 -4.890016 0.000232 -0.002128 0.999882 -0.015180
1743665233.975689 295.555162 186.288536 -4.884786 0.000302 -0.000299 0.999860 -0.016723
1743665234.079289 294.627660 186.252561 -4.872426 -0.000599 0.003546 0.999815 -0.018915
1743665234.182889 293.695783 186.222659 -4.856952 -0.000818 0.006023 0.999756 -0.021241
1743665234.286689 292.760758 186.167892 -4.854934 0.000551 0.003154 0.999724 -0.023290
1743665234.390289 291.821851 186.096784 -4.853802 0.001479 0.000129 0.999688 -0.024927
1743665234.493989 290.900943 186.038158 -4.848773 0.000050 0.000793 0.999661 -0.026042
1743665234.597789 289.945600 185.980552 -4.836776 -0.002814 0.000052 0.999650 -0.026304
1743665234.701389 288.983683 185.937493 -4.834545 -0.004140 0.001307 0.999637 -0.026596
1743665234.805089 288.051008 185.883118 -4.823822 -0.001720 0.001549 0.999637 -0.026844
1743665234.908889 287.108915 185.824520 -4.822103 0.002064 0.003129 0.999615 -0.027509
1743665235.012589 286.156220 185.769442 -4.806979 0.003694 0.003829 0.999605 -0.027594
1743665235.116389 285.197998 185.715466 -4.802201 0.001281 0.004822 0.999611 -0.027433
1743665235.219989 284.225400 185.655300 -4.789218 -0.002217 0.003783 0.999611 -0.027531
1743665235.323689 283.262625 185.592177 -4.782976 -0.004074 0.004351 0.999609 -0.027305
1743665235.427589 282.298059 185.533989 -4.791980 -0.004151 0.004437 0.999634 -0.026349
1743665235.531089 281.313080 185.478936 -4.780581 -0.002367 0.005527 0.999672 -0.024899
1743665235.634789 280.352289 185.438435 -4.782704 -0.001518 0.005325 0.999713 -0.023320
1743665235.738889 279.377506 185.375365 -4.773560 -0.002496 0.005405 0.999739 -0.022051
1743665235.842189 278.374938 185.336814 -4.781734 -0.004902 0.007815 0.999742 -0.020744
1743665235.946389 277.391400 185.300792 -4.770895 -0.006421 0.008710 0.999750 -0.019590
1743665236.049589 276.416105 185.248804 -4.785186 -0.005957 0.007059 0.999780 -0.018818
1743665236.153189 275.437655 185.190798 -4.784038 -0.005086 0.005768 0.999790 -0.019015
1743665236.256789 274.447321 185.163523 -4.783434 -0.004873 0.006855 0.999778 -0.019319
1743665236.360689 273.463443 185.110124 -4.780609 -0.004862 0.008157 0.999744 -0.020552
1743665236.463889 272.471773 185.065402 -4.777525 -0.005218 0.007198 0.999725 -0.021707
1743665236.567489 271.486722 185.001906 -4.785943 -0.006802 0.006652 0.999669 -0.023914
1743665236.671189 270.506747 184.941066 -4.796496 -0.008028 0.006642 0.999619 -0.025566
1743665236.774789 269.519232 184.893963 -4.789260 -0.006905 0.007090 0.999611 -0.026060
1743665236.878589 268.522594 184.832617 -4.795194 -0.003751 0.006550 0.999625 -0.026329
1743665236.982189 267.539757 184.776015 -4.787658 -0.000974 0.006375 0.999615 -0.026977
1743665237.086089 266.577219 184.718037 -4.794804 -0.001150 0.005072 0.999593 -0.028033
1743665237.189689 265.570910 184.645415 -4.771895 -0.003475 0.005951 0.999561 -0.028825
1743665237.293589 264.571290 184.570692 -4.797219 -0.006030 0.003178 0.999528 -0.029945
1743665237.397189 263.569096 184.499018 -4.781718 -0.005611 0.001584 0.999505 -0.030926
1743665237.501389 262.572997 184.432485 -4.800708 -0.002431 0.002797 0.999486 -0.031851
1743665237.604989 261.579105 184.365292 -4.774150 0.003884 0.003948 0.999458 -0.032458
1743665237.708789 260.577988 184.296599 -4.753235 0.008761 0.005235 0.999382 -0.033627
1743665237.812189 259.553045 184.233368 -4.718407 0.008379 0.007154 0.999337 -0.034695
1743665237.916089 258.574717 184.161579 -4.710532 0.003237 0.008064 0.999330 -0.035562
1743665238.019789 257.562652 184.076811 -4.704417 -0.002361 0.007440 0.999320 -0.036040
1743665238.123389 256.548141 183.999211 -4.707628 -0.005816 0.006848 0.999319 -0.035777
1743665238.227089 255.531261 183.920211 -4.708687 -0.005718 0.006473 0.999330 -0.035564
1743665238.330789 254.535433 183.840074 -4.689189 -0.003570 0.005991 0.999370 -0.034796
1743665238.434489 253.539507 183.772809 -4.681331 -0.000944 0.007848 0.999399 -0.033752
1743665238.538089 252.556239 183.702484 -4.675594 0.000486 0.008962 0.999415 -0.033017
1743665238.641889 251.564747 183.640014 -4.658255 0.001762 0.010070 0.999439 -0.031879
1743665238.745489 250.572474 183.578918 -4.641588 0.001726 0.011370 0.999457 -0.030890
1743665238.849089 249.590442 183.521362 -4.633678 0.000434 0.012008 0.999473 -0.030160
1743665238.952689 248.604056 183.461482 -4.626840 -0.001418 0.012444 0.999493 -0.029273
1743665239.056489 247.616374 183.396707 -4.618660 -0.001902 0.012421 0.999515 -0.028483
1743665239.160089 246.639536 183.327092 -4.603088 -0.001232 0.011510 0.999548 -0.027751
1743665239.263789 245.661299 183.264806 -4.596140 -0.000762 0.010563 0.999579 -0.027006
1743665239.367289 244.710762 183.205442 -4.582123 -0.001168 0.011090 0.999587 -0.026472
1743665239.470889 243.763306 183.145966 -4.573452 -0.002398 0.011666 0.999591 -0.026012
1743665239.574589 242.805772 183.103798 -4.564656 -0.003433 0.011938 0.999601 -0.025356
1743665239.678289 241.874707 183.061135 -4.561338 -0.005199 0.014856 0.999559 -0.025170
1743665239.781789 240.948056 183.022697 -4.541903 -0.006896 0.017467 0.999502 -0.025347
1743665239.885389 240.036977 182.976066 -4.544986 -0.005832 0.016394 0.999531 -0.025200
1743665239.989089 239.143431 182.936317 -4.543646 -0.004280 0.019684 0.999482 -0.025097
1743665240.092789 238.253185 182.887409 -4.522734 -0.003935 0.023083 0.999405 -0.025316
1743665240.196489 237.390325 182.829546 -4.520896 -0.002353 0.017903 0.999527 -0.024886
1743665240.300089 236.530499 182.763566 -4.521931 0.000919 0.012651 0.999631 -0.024030
1743665240.403789 235.702472 182.711260 -4.506932 0.003366 0.012176 0.999671 -0.022302
1743665240.507489 234.841949 182.677665 -4.485154 0.001969 0.012856 0.999712 -0.020158
1743665240.611089 234.005598 182.637260 -4.487055 -0.001086 0.010024 0.999790 -0.017822
1743665240.714589 233.178207 182.605176 -4.471942 -0.002728 0.008432 0.999835 -0.015842
1743665240.818289 232.400041 182.571478 -4.466720 -0.003463 0.008264 0.999858 -0.014289
1743665240.921789 231.634037 182.546339 -4.450164 -0.003709 0.008839 0.999874 -0.012650
1743665241.025389 230.860453 182.530237 -4.444391 -0.004048 0.009301 0.999890 -0.010829
1743665241.129089 230.127284 182.507627 -4.435800 -0.004329 0.009278 0.999906 -0.009118
1743665241.232689 229.396908 182.495007 -4.431551 -0.004414 0.008612 0.999926 -0.007315
1743665241.336089 228.695080 182.488814 -4.428242 -0.004552 0.009041 0.999932 -0.005768
1743665241.439789 228.020369 182.474986 -4.421830 -0.004713 0.010169 0.999925 -0.004974
1743665241.543389 227.371116 182.475523 -4.415431 -0.004757 0.011721 0.999910 -0.004449
1743665241.646989 226.743086 182.458216 -4.409086 -0.004155 0.012293 0.999905 -0.004625
1743665241.750589 226.126875 182.455446 -4.409402 -0.003783 0.013316 0.999891 -0.005204
1743665241.854189 225.531105 182.453355 -4.403043 -0.003439 0.015033 0.999859 -0.006619
1743665241.957789 224.951603 182.440531 -4.393897 -0.003004 0.016375 0.999820 -0.009120
1743665242.061489 224.393756 182.425999 -4.385109 -0.002975 0.016972 0.999774 -0.012429
1743665242.165089 223.886666 182.411510 -4.379426 -0.003317 0.016651 0.999720 -0.016483
1743665242.268589 223.383342 182.383144 -4.377685 -0.003492 0.016549 0.999620 -0.021747
1743665242.372189 222.911983 182.344057 -4.369603 -0.003233 0.017228 0.999438 -0.028586
1743665242.475689 222.442893 182.302770 -4.360669 -0.002264 0.018921 0.999121 -0.037333
1743665242.579189 221.992799 182.242696 -4.351777 -0.000862 0.019549 0.998659 -0.047939
1743665242.682589 221.566246 182.194940 -4.347224 0.000108 0.019363 0.997976 -0.060579
1743665242.786089 221.110720 182.107263 -4.342704 0.000464 0.018896 0.996896 -0.076431
1743665242.889889 220.669056 181.992331 -4.335408 0.000582 0.018928 0.995273 -0.095248
1743665242.992989 220.271645 181.877872 -4.325473 0.000333 0.018725 0.993030 -0.116366
1743665243.096389 219.844171 181.735900 -4.317297 0.000456 0.017767 0.990150 -0.138877
1743665243.199689 219.449417 181.561657 -4.309455 0.000997 0.015185 0.986649 -0.162146
1743665243.303089 219.090139 181.401546 -4.304359 0.002594 0.011832 0.982426 -0.186261
1743665243.406489 218.705239 181.183156 -4.299187 0.004035 0.009888 0.977712 -0.209680
1743665243.509889 218.325607 180.956779 -4.282254 0.005302 0.009477 0.972174 -0.234009
1743665243.613589 217.975744 180.746035 -4.279764 0.006269 0.009695 0.965821 -0.258953
1743665243.716989 217.593129 180.454694 -4.266762 0.006184 0.009469 0.958824 -0.283774
1743665243.820489 217.224439 180.151787 -4.259973 0.005342 0.008504 0.950887 -0.309376
1743665243.924389 216.882068 179.861411 -4.253947 0.003570 0.008374 0.941875 -0.335841
1743665244.027589 216.508471 179.479959 -4.236919 0.001405 0.009315 0.931901 -0.362590
1743665244.131289 216.170440 179.109922 -4.225054 0.001352 0.010032 0.920935 -0.389584
1743665244.234689 215.874709 178.737917 -4.213723 0.002893 0.009796 0.908850 -0.416999
1743665244.338389 215.548273 178.272448 -4.201674 0.004299 0.008919 0.895898 -0.444150
1743665244.441989 215.277694 177.788737 -4.200000 0.006300 0.008319 0.882236 -0.470693
1743665244.545489 215.041867 177.369194 -4.191102 0.008638 0.009845 0.868131 -0.496163
1743665244.649189 214.768306 176.828650 -4.166664 -0.010317 -0.011395 -0.853621 0.520667
1743665244.752789 214.558936 176.317652 -4.152693 -0.010875 -0.011230 -0.838745 0.544299
1743665244.856589 214.353010 175.705999 -4.132473 -0.010183 -0.009729 -0.823222 0.567544
1743665244.960189 214.190015 175.109958 -4.118231 -0.010844 -0.006876 -0.807259 0.590058
1743665245.063889 214.092267 174.554690 -4.103340 -0.012913 -0.003341 -0.791189 0.611426
1743665245.167689 213.969357 173.913883 -4.091737 -0.013378 -0.000022 -0.775786 0.630854
1743665245.271389 213.883695 173.284052 -4.080068 -0.011673 0.001677 -0.762119 0.647330
1743665245.375289 213.829917 172.634039 -4.058596 -0.011450 0.001591 -0.750465 0.660809
1743665245.479289 213.767302 171.937638 -4.034362 -0.014660 0.001436 -0.740211 0.672213
1743665245.583089 213.741312 171.247161 -4.017568 -0.018726 0.000820 -0.732063 0.680979
1743665245.687089 213.700513 170.570867 -4.001801 -0.022654 0.000206 -0.725123 0.688247
1743665245.791189 213.676820 169.889965 -3.982137 -0.023087 0.000603 -0.719809 0.693788
1743665245.895089 213.675799 169.174389 -3.962880 -0.019178 0.001618 -0.716341 0.697485
1743665245.999089 213.648063 168.424452 -3.944869 -0.016611 0.002951 -0.713968 0.699975
1743665246.103089 213.646930 167.691837 -3.917887 -0.015439 0.002929 -0.712302 0.701698
1743665246.206889 213.634882 166.953065 -3.902419 -0.015687 0.000933 -0.710688 0.703332
1743665246.310789 213.625687 166.221036 -3.871464 -0.018481 -0.002561 -0.709134 0.704826
1743665246.414689 213.639065 165.465878 -3.844413 -0.021946 -0.004965 -0.708221 0.705633
1743665246.518389 213.634707 164.696024 -3.814975 -0.021802 -0.006131 -0.707265 0.706586
1743665246.622189 213.640002 163.913907 -3.790170 -0.019485 -0.005073 -0.706460 0.707467
1743665246.725889 213.649495 163.109978 -3.767408 -0.014894 -0.003038 -0.705955 0.708094
1743665246.829589 213.660651 162.328939 -3.738421 -0.013061 -0.002408 -0.705050 0.709033
1743665246.933289 213.670057 161.502979 -3.709838 -0.012290 -0.003785 -0.704260 0.709825
1743665247.036989 213.675227 160.680444 -3.685401 -0.012269 -0.005383 -0.703307 0.710760
1743665247.140589 213.692602 159.872925 -3.661054 -0.012497 -0.006311 -0.702559 0.711488
1743665247.244189 213.707555 159.051628 -3.639005 -0.012205 -0.006901 -0.701983 0.712056
1743665247.347789 213.719395 158.196346 -3.605516 -0.013824 -0.006225 -0.701261 0.712743
1743665247.451489 213.746806 157.327397 -3.578797 -0.014589 -0.006139 -0.700855 0.713129
1743665247.555189 213.774957 156.482306 -3.544574 -0.014136 -0.006209 -0.700493 0.713492
1743665247.658789 213.792477 155.617052 -3.520761 -0.011589 -0.005709 -0.700150 0.713879
1743665247.762489 213.812381 154.728017 -3.494671 -0.009230 -0.004847 -0.699810 0.714253
1743665247.866189 213.829913 153.847878 -3.468828 -0.008961 -0.004732 -0.699030 0.715021
1743665247.969789 213.851038 152.955411 -3.438541 -0.008368 -0.006971 -0.697863 0.716149
1743665248.073389 213.890321 152.059273 -3.413662 -0.007482 -0.008960 -0.696396 0.717563
1743665248.177089 213.916391 151.155486 -3.391085 -0.006089 -0.008417 -0.694777 0.719151
1743665248.280589 213.951708 150.228495 -3.363210 -0.005283 -0.007057 -0.693249 0.720644
1743665248.384189 214.002310 149.354595 -3.334914 -0.005008 -0.006568 -0.691563 0.722269
1743665248.487989 214.047513 148.470260 -3.301246 -0.004399 -0.007082 -0.689623 0.724121
1743665248.591589 214.107980 147.578817 -3.291221 -0.003552 -0.005214 -0.687725 0.725944
1743665248.695289 214.170305 146.646512 -3.268420 -0.001837 -0.004132 -0.685819 0.727758
1743665248.798989 214.226692 145.752167 -3.245603 -0.001959 -0.004515 -0.684011 0.729455
1743665248.902689 214.304734 144.847775 -3.219590 -0.006769 -0.005143 -0.682257 0.731063
1743665249.006289 214.392007 143.957974 -3.206945 -0.010650 -0.006302 -0.680352 0.732781
1743665249.109989 214.462647 143.052261 -3.176752 -0.009603 -0.006088 -0.678581 0.734437
1743665249.213789 214.550310 142.150477 -3.143967 -0.008541 -0.003218 -0.677320 0.735632
1743665249.317389 214.634613 141.248374 -3.130997 -0.008709 0.000376 -0.676434 0.736452
1743665249.421089 214.715424 140.362614 -3.097414 -0.009869 0.000718 -0.676125 0.736720
1743665249.524889 214.806989 139.459774 -3.078982 -0.011115 0.000669 -0.676159 0.736672
1743665249.628589 214.884944 138.570822 -3.050826 -0.012494 0.001425 -0.676348 0.736475
1743665249.732189 214.978181 137.683851 -3.038426 -0.013554 0.002605 -0.676640 0.736185
1743665249.835989 215.073505 136.831384 -3.002621 -0.017375 0.005184 -0.677016 0.735745
1743665249.939589 215.147563 135.947738 -2.986133 -0.018524 0.004928 -0.677513 0.735261
1743665250.043389 215.230399 135.102048 -2.951941 -0.020957 0.004437 -0.678190 0.734575
1743665250.146989 215.306175 134.232751 -2.924925 -0.022898 0.004878 -0.678794 0.733955
1743665250.250589 215.385519 133.412631 -2.894624 -0.023681 0.005226 -0.679331 0.733431
1743665250.354189 215.450935 132.588556 -2.862728 -0.022021 0.005320 -0.680215 0.732662
1743665250.457989 215.516387 131.769553 -2.834499 -0.021558 0.006199 -0.681105 0.731842
1743665250.561489 215.578545 130.968159 -2.803876 -0.022534 0.007331 -0.682206 0.730775
1743665250.665189 215.657906 130.174377 -2.777251 -0.023856 0.008919 -0.683287 0.729706
1743665250.768789 215.706231 129.415090 -2.753026 -0.024724 0.009965 -0.684719 0.728319
1743665250.872489 215.754764 128.658964 -2.721832 -0.024224 0.009213 -0.686565 0.726606
1743665250.976289 215.787840 127.931302 -2.693504 -0.025146 0.008526 -0.688685 0.724574
1743665251.079889 215.833657 127.229143 -2.667890 -0.026100 0.007581 -0.691022 0.722323
1743665251.183589 215.860204 126.537925 -2.640668 -0.025468 0.006745 -0.693143 0.720319
1743665251.287389 215.879628 125.896864 -2.615101 -0.024343 0.006098 -0.695195 0.718383
1743665251.390989 215.890195 125.264076 -2.586151 -0.023178 0.004511 -0.697365 0.716327
1743665251.494789 215.911714 124.635317 -2.553877 -0.022662 0.003067 -0.699486 0.714280
1743665251.598289 215.923985 124.022600 -2.538092 -0.023479 0.002521 -0.701480 0.712298
1743665251.702089 215.927072 123.396354 -2.499314 -0.023580 0.000518 -0.703701 0.710105
1743665251.805689 215.935737 122.778202 -2.471050 -0.024188 -0.000126 -0.705646 0.708151
1743665251.909289 215.943122 122.176942 -2.451969 -0.024922 -0.000014 -0.707386 0.706388
1743665252.012989 215.940814 121.567920 -2.421089 -0.025708 0.000637 -0.709140 0.704599
1743665252.116689 215.935118 120.958018 -2.393859 -0.024210 0.001887 -0.710336 0.703444
1743665252.220289 215.923046 120.357902 -2.379987 -0.020824 0.003569 -0.711045 0.702829
1743665252.323889 215.902969 119.758589 -2.346302 -0.017476 0.004906 -0.711349 0.702604
1743665252.427489 215.914320 119.164051 -2.302345 -0.016395 0.006338 -0.711085 0.702886
1743665252.531089 215.922021 118.554442 -2.310496 -0.015767 0.009882 -0.710365 0.703587
1743665252.634789 215.908883 117.960250 -2.304512 -0.013569 0.011338 -0.709193 0.704793
1743665252.738489 215.910163 117.369119 -2.286436 -0.012600 0.009294 -0.707410 0.706630
1743665252.842089 215.913757 116.799151 -2.257378 -0.010547 0.005267 -0.704537 0.709570
1743665252.945589 215.911366 116.196692 -2.256461 -0.010481 0.001244 -0.700215 0.713854
1743665253.049189 215.943892 115.628304 -2.242501 -0.011895 -0.003636 -0.694249 0.719628
1743665253.152689 215.985983 115.061290 -2.229473 -0.011628 -0.006140 -0.687055 0.726487
1743665253.256189 216.017342 114.488327 -2.218243 -0.009436 -0.006410 -0.678656 0.734368
1743665253.359789 216.088859 113.915382 -2.187232 -0.009520 -0.006949 -0.669811 0.742438
1743665253.463289 216.176782 113.368261 -2.157360 -0.011139 -0.008321 -0.660052 0.751091
1743665253.566889 216.271349 112.784244 -2.154095 -0.011495 -0.008576 -0.648478 0.761099
1743665253.670389 216.378463 112.229999 -2.115120 -0.010222 -0.007818 -0.635607 0.771906
1743665253.773889 216.516799 111.720259 -2.106526 -0.010524 -0.006213 -0.621503 0.783316
1743665253.877489 216.716099 111.146264 -2.092273 -0.010278 -0.002765 -0.605854 0.795505
1743665253.980989 216.919877 110.621343 -2.075340 -0.009595 0.000681 -0.588238 0.808631
1743665254.084489 217.101731 110.152919 -2.063821 -0.010325 0.001170 -0.569094 0.822207
1743665254.187989 217.372861 109.628468 -2.049727 -0.010388 0.000958 -0.548828 0.835870
1743665254.291389 217.593971 109.156739 -2.037030 -0.010533 0.001237 -0.526946 0.849832
1743665254.394889 217.896017 108.682990 -2.032657 -0.010919 0.000678 -0.504197 0.863520
1743665254.498589 218.199180 108.232981 -2.013330 -0.011350 -0.002000 -0.480594 0.876868
1743665254.601989 218.485951 107.855701 -2.003178 -0.013153 -0.005007 -0.456223 0.889754
1743665254.705689 218.860773 107.419009 -1.991211 -0.014006 -0.005988 -0.431277 0.902091
1743665254.809289 219.239189 107.029981 -1.983318 -0.014064 -0.007423 -0.406080 0.913699
1743665254.912889 219.577108 106.699390 -1.967327 -0.010019 -0.008183 -0.381038 0.924469
1743665255.016689 220.011703 106.325693 -1.956876 -0.006609 -0.006233 -0.356399 0.934290
1743665255.120389 220.446003 105.994652 -1.941860 -0.004876 -0.004511 -0.332054 0.943237
1743665255.223989 220.839462 105.715803 -1.930186 -0.005768 -0.003470 -0.307776 0.951435
1743665255.327689 221.330532 105.429547 -1.911412 -0.004648 -0.004570 -0.283549 0.958936
1743665255.431389 221.752997 105.192215 -1.910098 -0.004448 -0.005424 -0.259531 0.965709
1743665255.535089 222.254357 104.954858 -1.897333 -0.005415 -0.005172 -0.236363 0.971636
1743665255.638789 222.746938 104.758957 -1.888519 -0.007135 -0.004232 -0.213704 0.976863
1743665255.742589 223.207011 104.579330 -1.884244 -0.010469 -0.002560 -0.191333 0.981466
1743665255.846189 223.724528 104.431741 -1.878158 -0.012565 -0.001315 -0.171382 0.985124
1743665255.949989 224.229083 104.286716 -1.871390 -0.015324 0.000896 -0.153837 0.987977
1743665256.053889 224.733045 104.156159 -1.863985 -0.019571 0.002765 -0.139468 0.990029
1743665256.157789 225.243872 104.060068 -1.856555 -0.025571 0.004469 -0.128599 0.991357
1743665256.261789 225.751357 103.958289 -1.855608 -0.030399 0.005681 -0.120578 0.992222
1743665256.365789 226.270102 103.853619 -1.852026 -0.030974 0.005619 -0.115414 0.992819
1743665256.469789 226.776336 103.744644 -1.852077 -0.031296 0.004829 -0.111538 0.993256
1743665256.573689 227.278596 103.641144 -1.847617 -0.030732 0.004199 -0.109537 0.993499
1743665256.677789 227.777937 103.548797 -1.837030 -0.032222 0.004473 -0.109338 0.993472
1743665256.781689 228.283201 103.451759 -1.840548 -0.034494 0.004142 -0.110325 0.993288
1743665256.885789 228.763240 103.332606 -1.830457 -0.032155 0.002763 -0.112407 0.993138
1743665256.989789 229.242378 103.196364 -1.827243 -0.030136 0.001221 -0.117233 0.992646
1743665257.093889 229.714516 103.068507 -1.821613 -0.027222 0.001040 -0.125597 0.991707
1743665257.197789 230.169110 102.921260 -1.817878 -0.027357 0.001987 -0.135724 0.990367
1743665257.302589 230.631188 102.779462 -1.811298 -0.028603 0.004155 -0.149727 0.988305
1743665257.406089 231.075817 102.633357 -1.803434 -0.028457 0.007409 -0.166942 0.985528
1743665257.510189 231.499023 102.460046 -1.809543 -0.026581 0.011799 -0.185850 0.982148
1743665257.614089 231.891083 102.237851 -1.787598 -0.015340 0.010891 -0.206535 0.978258
1743665257.718289 232.225622 102.023583 -1.775353 -0.009229 0.007130 -0.229025 0.973351
1743665257.822489 232.562164 101.801161 -1.757395 -0.008328 0.002311 -0.254276 0.967093
1743665257.926489 232.870794 101.598514 -1.745390 -0.013597 -0.001199 -0.280520 0.959751
1743665258.030589 233.182394 101.374102 -1.747367 -0.021410 -0.001756 -0.308094 0.951113
1743665258.134689 233.498476 101.087434 -1.756281 -0.025206 0.000174 -0.336631 0.941299
1743665258.238589 233.749609 100.829851 -1.757956 -0.021492 0.002016 -0.365089 0.930722
1743665258.342589 233.988848 100.511006 -1.732815 -0.013779 0.002576 -0.392969 0.919445
1743665258.446489 234.186171 100.221234 -1.726170 -0.011037 0.002164 -0.420201 0.907362
1743665258.550189 234.382560 99.900069 -1.718785 -0.010601 0.000647 -0.446968 0.894487
1743665258.653989 234.585447 99.556814 -1.700906 -0.010416 -0.001305 -0.472862 0.881074
1743665258.757489 234.727471 99.255008 -1.688297 -0.010527 -0.002859 -0.497061 0.867647
1743665258.861189 234.891506 98.903616 -1.677164 -0.011396 -0.003114 -0.518669 0.854893
1743665258.964589 235.028566 98.592553 -1.675088 -0.012803 -0.001913 -0.537953 0.842875
1743665259.068089 235.162827 98.245599 -1.672561 -0.014333 -0.000378 -0.556563 0.830682
1743665259.171789 235.288980 97.850357 -1.671502 -0.014517 0.000538 -0.574618 0.818293
1743665259.275389 235.381229 97.470927 -1.654774 -0.012067 0.000866 -0.591524 0.806196
1743665259.378889 235.463121 97.066938 -1.641686 -0.009328 0.000738 -0.606963 0.794675
1743665259.482489 235.551051 96.626706 -1.626258 -0.008077 -0.000264 -0.620752 0.783965
1743665259.585989 235.625961 96.214807 -1.615123 -0.007979 -0.001920 -0.632308 0.774674
1743665259.689289 235.695448 95.799226 -1.604650 -0.008688 -0.003551 -0.641637 0.766951
1743665259.792789 235.758447 95.350082 -1.602560 -0.010687 -0.004723 -0.649097 0.760616
1743665259.896189 235.833614 94.891540 -1.591802 -0.012361 -0.005811 -0.655156 0.755370
1743665259.999689 235.894745 94.391296 -1.584857 -0.014516 -0.006619 -0.660823 0.750372
1743665260.103189 235.949684 93.865414 -1.569948 -0.015555 -0.007511 -0.666645 0.745175
1743665260.206789 235.981808 93.350670 -1.550997 -0.015078 -0.008897 -0.672083 0.740269
1743665260.310289 236.026776 92.814655 -1.531321 -0.013527 -0.009906 -0.676397 0.736347
1743665260.413789 236.070123 92.222184 -1.511068 -0.011750 -0.010671 -0.679284 0.733704
1743665260.517289 236.108222 91.680044 -1.493591 -0.010071 -0.010609 -0.680496 0.732606
1743665260.620689 236.152294 91.112489 -1.472539 -0.008886 -0.009611 -0.680633 0.732508
1743665260.724289 236.195958 90.504695 -1.461245 -0.007483 -0.008932 -0.680741 0.732431
1743665260.827889 236.238959 89.867544 -1.442535 -0.007278 -0.008349 -0.681638 0.731606
1743665260.931489 236.298510 89.212417 -1.424490 -0.008048 -0.007543 -0.682303 0.730987
1743665261.035089 236.350148 88.537738 -1.409847 -0.008081 -0.007839 -0.682838 0.730483
1743665261.138789 236.394899 87.872413 -1.393336 -0.008614 -0.008574 -0.683419 0.729925
1743665261.242589 236.445352 87.185764 -1.373601 -0.009930 -0.008923 -0.684299 0.729079
1743665261.346189 236.496703 86.461203 -1.353147 -0.010922 -0.009297 -0.685078 0.728329
1743665261.449789 236.544593 85.735751 -1.335977 -0.011754 -0.009127 -0.685998 0.727451
1743665261.553389 236.591214 84.981340 -1.315288 -0.011940 -0.008883 -0.686594 0.726889
1743665261.657189 236.638084 84.227851 -1.288280 -0.012321 -0.008010 -0.687380 0.726149
1743665261.760789 236.684442 83.474001 -1.268983 -0.011319 -0.007988 -0.688280 0.725313
1743665261.864389 236.718940 82.704348 -1.243007 -0.011083 -0.007370 -0.689087 0.724557
1743665261.967989 236.757315 81.919065 -1.219963 -0.010399 -0.007186 -0.690151 0.723555
1743665262.071689 236.796528 81.157844 -1.202630 -0.009845 -0.007159 -0.691252 0.722512
1743665262.175389 236.844241 80.347373 -1.179002 -0.010316 -0.006951 -0.691751 0.722029
1743665262.278989 236.881357 79.506236 -1.148513 -0.009387 -0.007560 -0.692386 0.721427
1743665262.382589 236.911204 78.707281 -1.128832 -0.008743 -0.008142 -0.692931 0.720905
1743665262.486189 236.949736 77.903771 -1.101683 -0.008713 -0.008890 -0.693345 0.720498
1743665262.589889 236.986156 77.051005 -1.076837 -0.009437 -0.009615 -0.693720 0.720119
1743665262.693589 237.024106 76.200525 -1.047807 -0.011331 -0.009518 -0.694243 0.719588
1743665262.797189 237.057684 75.364944 -1.019594 -0.012637 -0.009670 -0.694794 0.719033
1743665262.900989 237.102590 74.503523 -0.987269 -0.014359 -0.009048 -0.695295 0.718524
1743665263.004489 237.130410 73.683335 -0.959764 -0.013406 -0.009601 -0.695675 0.718167
1743665263.108289 237.174217 72.806768 -0.923101 -0.012301 -0.009266 -0.695790 0.718080
1743665263.211989 237.196599 71.892773 -0.899499 -0.010328 -0.008998 -0.695297 0.718592
1743665263.315489 237.210288 71.040299 -0.868199 -0.008100 -0.009435 -0.694778 0.719117
1743665263.419189 237.251847 70.152930 -0.838081 -0.006306 -0.010153 -0.693447 0.720409
1743665263.522889 237.295326 69.268137 -0.808816 -0.005171 -0.010977 -0.692062 0.721736
1743665263.626689 237.338396 68.374913 -0.779959 -0.005293 -0.011319 -0.690628 0.723103
1743665263.730189 237.387471 67.470314 -0.745766 -0.006411 -0.011651 -0.689229 0.724422
1743665263.833789 237.437085 66.586017 -0.718580 -0.008752 -0.011030 -0.688390 0.725204
1743665263.937589 237.482154 65.715191 -0.686760 -0.008901 -0.011254 -0.687813 0.725746
1743665264.041289 237.545911 64.849092 -0.646491 -0.009519 -0.010929 -0.687141 0.726380
1743665264.144989 237.610817 63.983447 -0.614827 -0.010446 -0.009712 -0.686515 0.726976
1743665264.248689 237.664554 63.103917 -0.581015 -0.010549 -0.007132 -0.686107 0.727390
1743665264.352389 237.719423 62.233184 -0.558654 -0.006837 -0.005020 -0.685302 0.728210
1743665264.456089 237.767806 61.380564 -0.528062 -0.002615 -0.005654 -0.684630 0.728864
1743665264.559789 237.825916 60.551002 -0.498122 -0.003429 -0.006793 -0.683835 0.729597
1743665264.663489 237.894629 59.685280 -0.472190 -0.009501 -0.007577 -0.683441 0.729904
1743665264.767089 237.967932 58.835077 -0.439107 -0.012965 -0.010418 -0.683028 0.730203
1743665264.870689 238.022128 57.979061 -0.405459 -0.011438 -0.012553 -0.682750 0.730455
1743665264.974489 238.071991 57.136835 -0.377303 -0.008111 -0.011230 -0.682829 0.730447
1743665265.078089 238.124283 56.264529 -0.347947 -0.005026 -0.007810 -0.682961 0.730396
1743665265.181689 238.178662 55.421544 -0.316173 -0.003709 -0.007063 -0.683167 0.730218
1743665265.285289 238.246048 54.567882 -0.284740 -0.004627 -0.008734 -0.683145 0.730216
1743665265.388889 238.300382 53.756249 -0.257856 -0.005097 -0.011353 -0.682980 0.730331
1743665265.492489 238.348522 52.920438 -0.234366 -0.004397 -0.011945 -0.682710 0.730579
1743665265.596189 238.408401 52.101467 -0.207722 -0.003378 -0.010530 -0.682203 0.731079
1743665265.699789 238.465589 51.287715 -0.178939 -0.002877 -0.009494 -0.681694 0.731570
1743665265.803389 238.529938 50.478970 -0.153422 -0.003119 -0.009993 -0.681200 0.732022
1743665265.906989 238.595844 49.672331 -0.129463 -0.003999 -0.011166 -0.680727 0.732441
1743665266.010589 238.652522 48.896599 -0.100639 -0.004536 -0.011825 -0.680195 0.732922
1743665266.114389 238.720109 48.082526 -0.073270 -0.004426 -0.012045 -0.679859 0.733231
1743665266.217989 238.785813 47.270949 -0.052638 -0.003635 -0.011418 -0.679510 0.733569
1743665266.321689 238.848763 46.450041 -0.023805 -0.002562 -0.010844 -0.679074 0.733985
1743665266.425189 238.915146 45.661371 0.003161 -0.002099 -0.010613 -0.678458 0.734560
1743665266.528989 238.982063 44.871435 0.023476 -0.002150 -0.010326 -0.678008 0.734979
1743665266.632689 239.043575 44.111170 0.053653 -0.001718 -0.010459 -0.677679 0.735281
1743665266.736389 239.116980 43.359474 0.078967 -0.002173 -0.010042 -0.677244 0.735687
1743665266.840189 239.185710 42.633423 0.103371 -0.002950 -0.009145 -0.677072 0.735854
1743665266.943689 239.250041 41.916670 0.125416 -0.004144 -0.008321 -0.676532 0.736354
1743665267.047189 239.315412 41.201847 0.150734 -0.005798 -0.007301 -0.676216 0.736644
1743665267.150889 239.389595 40.489395 0.179708 -0.007151 -0.007109 -0.676318 0.736541
1743665267.254489 239.456295 39.809919 0.202235 -0.008631 -0.006228 -0.676467 0.736396
1743665267.358089 239.518368 39.112910 0.227823 -0.009242 -0.005783 -0.676774 0.736110
1743665267.461689 239.581316 38.388613 0.249001 -0.009475 -0.005585 -0.677031 0.735873
1743665267.565489 239.657464 37.702175 0.270389 -0.009130 -0.004872 -0.677378 0.735562
1743665267.669289 239.719183 37.021826 0.290822 -0.008109 -0.004444 -0.677746 0.735238
1743665267.772689 239.771201 36.324862 0.307173 -0.006262 -0.004588 -0.678275 0.734767
1743665267.876489 239.807404 35.650927 0.335479 -0.005754 -0.004985 -0.679001 0.734098
1743665267.980089 239.865551 34.959654 0.358626 -0.006831 -0.005315 -0.679786 0.733359
1743665268.083789 239.930310 34.319464 0.377007 -0.008085 -0.005555 -0.680731 0.732468
1743665268.187289 239.972979 33.728193 0.396519 -0.008159 -0.006598 -0.681663 0.731591
1743665268.291189 240.022592 33.139834 0.417825 -0.009172 -0.006123 -0.682721 0.730596
1743665268.394789 240.056066 32.573010 0.437011 -0.009534 -0.005386 -0.684183 0.729228
1743665268.498289 240.092939 31.988918 0.460109 -0.009063 -0.005114 -0.686042 0.727487
1743665268.601889 240.144877 31.384263 0.483840 -0.007775 -0.004940 -0.687965 0.725686
1743665268.705489 240.175799 30.671612 0.506166 -0.007380 -0.004287 -0.690189 0.723579
1743665268.809189 240.222528 29.765857 0.542019 -0.008539 -0.003519 -0.692922 0.720953
1743665268.912889 240.259795 29.171573 0.561487 -0.009093 -0.003598 -0.695832 0.718138
1743665269.016489 240.269686 28.716137 0.584493 -0.008299 -0.003822 -0.698878 0.715183
1743665269.120189 240.275036 28.268556 0.598594 -0.007533 -0.004001 -0.702134 0.711994
1743665269.223989 240.277947 27.841473 0.605630 -0.007251 -0.004496 -0.705527 0.708631
1743665269.327589 240.278637 27.432066 0.620213 -0.007361 -0.004542 -0.708826 0.705330
1743665269.431289 240.269132 27.004523 0.635353 -0.007162 -0.004381 -0.712146 0.701981
1743665269.535089 240.251406 26.607955 0.648125 -0.006771 -0.003819 -0.715617 0.698450
1743665269.638689 240.232037 26.241697 0.660001 -0.006376 -0.003090 -0.719301 0.694663
1743665269.742389 240.218103 25.890205 0.662671 -0.005717 -0.002832 -0.723266 0.690540
1743665269.846089 240.189987 25.569146 0.678849 -0.004322 -0.004867 -0.727154 0.686443
1743665269.949789 240.152567 25.248266 0.693543 -0.002588 -0.007433 -0.731223 0.682093
1743665270.053489 240.106573 24.953945 0.705711 -0.000182 -0.009468 -0.735222 0.677760
1743665270.157089 240.074401 24.679049 0.705726 0.000996 -0.009246 -0.739277 0.673337
1743665270.260889 240.037476 24.410521 0.713864 0.001857 -0.008500 -0.743585 0.668584
1743665270.364489 240.008817 24.184869 0.717500 0.001138 -0.006976 -0.747867 0.663811
1743665270.468189 239.987343 23.968643 0.719493 0.000843 -0.006153 -0.752387 0.658692
1743665270.571789 239.949217 23.768068 0.723982 0.000801 -0.005873 -0.756840 0.653573
1743665270.675489 239.923195 23.616853 0.727901 0.000596 -0.006905 -0.761159 0.648528
1743665270.779089 239.880783 23.448394 0.734128 -0.000468 -0.008257 -0.765651 0.643203
1743665270.882689 239.837908 23.282110 0.743811 -0.000761 -0.009838 -0.769902 0.638086
1743665270.986289 239.786728 23.131646 0.748349 0.000716 -0.011303 -0.774096 0.632966
1743665271.089989 239.738526 22.959214 0.754972 0.002404 -0.012032 -0.778784 0.627172
1743665271.193789 239.693759 22.802275 0.759350 0.003126 -0.012414 -0.783397 0.621390
1743665271.297389 239.648692 22.649325 0.762179 0.002711 -0.012526 -0.787840 0.615747
1743665271.401089 239.595627 22.483758 0.764332 0.002049 -0.012465 -0.792553 0.609673
1743665271.504689 239.548257 22.334861 0.765390 0.001163 -0.012417 -0.797418 0.603298
1743665271.608489 239.499443 22.183137 0.762837 0.000112 -0.012473 -0.802247 0.596862
1743665271.712089 239.441147 22.022265 0.765196 -0.001938 -0.012767 -0.807584 0.589612
1743665271.815789 239.368589 21.859852 0.768790 -0.004084 -0.013649 -0.813536 0.581340
1743665271.919589 239.293513 21.666393 0.771943 -0.005369 -0.014465 -0.820183 0.571893
1743665272.023289 239.204666 21.468116 0.777824 -0.005900 -0.014885 -0.827658 0.561004
1743665272.127089 239.093445 21.252500 0.780002 -0.005811 -0.015296 -0.836148 0.548260
1743665272.230889 238.954601 20.992626 0.788330 -0.005537 -0.015755 -0.845836 0.533182
1743665272.334689 238.801685 20.761129 0.794540 -0.005386 -0.016008 -0.855968 0.516752
1743665272.438489 238.640188 20.512761 0.798671 0.005232 0.016034 0.866166 -0.499472
1743665272.542389 238.446996 20.231725 0.808099 0.005246 0.016105 0.876756 -0.480636
1743665272.646089 238.249017 19.989403 0.819765 0.006202 0.015135 0.887618 -0.460289
1743665272.749989 238.008264 19.684029 0.824444 0.007297 0.013475 0.898757 -0.438180
1743665272.853789 237.764269 19.438648 0.827211 0.008084 0.011757 0.909549 -0.415352
1743665272.957489 237.480714 19.180294 0.835178 0.008136 0.011512 0.920090 -0.391452
1743665273.061389 237.158690 18.881751 0.846105 0.008115 0.012345 0.930539 -0.365895
1743665273.165089 236.843585 18.663519 0.845467 0.007996 0.013582 0.940478 -0.339490
1743665273.268789 236.487650 18.426189 0.858597 0.008403 0.015165 0.950011 -0.311735
1743665273.372589 236.092781 18.160573 0.868921 0.009426 0.015512 0.959100 -0.282485
1743665273.476289 235.696677 17.978040 0.875157 0.009961 0.015323 0.967173 -0.253461
1743665273.579889 235.245169 17.736638 0.880559 0.009500 0.015100 0.974396 -0.224130
1743665273.683489 234.765502 17.593358 0.890634 0.008575 0.016175 0.980337 -0.196479
1743665273.787189 234.284400 17.446090 0.902710 0.007448 0.019346 0.985188 -0.170220
1743665273.890789 233.722369 17.282961 0.913736 0.006178 0.021176 0.989187 -0.144989
1743665273.994289 233.186084 17.184203 0.920233 0.004385 0.020899 0.992292 -0.122068
1743665274.097789 232.615686 17.072745 0.922973 0.002478 0.020044 0.994672 -0.101095
1743665274.201189 231.972281 16.966994 0.927458 0.001062 0.019779 0.996315 -0.083455
1743665274.304589 231.381231 16.891314 0.924662 -0.000060 0.020457 0.997403 -0.069054
1743665274.408089 230.702469 16.816913 0.931803 -0.000129 0.021139 0.998131 -0.057334
1743665274.511489 230.022377 16.748511 0.937547 -0.000012 0.021364 0.998641 -0.047544
1743665274.614789 229.326910 16.690878 0.937332 -0.000334 0.020963 0.999032 -0.038669
1743665274.718289 228.630100 16.650714 0.934273 -0.000733 0.019578 0.999348 -0.030342
1743665274.821689 227.917262 16.619381 0.930481 -0.001515 0.019606 0.999537 -0.023208
1743665274.925189 227.159006 16.590591 0.930470 -0.002791 0.021706 0.999603 -0.017757
1743665275.028689 226.384507 16.564153 0.928172 -0.003322 0.022691 0.999640 -0.013898
1743665275.131989 225.596150 16.551257 0.927436 -0.003695 0.023394 0.999661 -0.010805
1743665275.235489 224.771872 16.539097 0.923213 -0.003745 0.022596 0.999698 -0.008924
1743665275.338989 223.951919 16.525433 0.912925 -0.004233 0.024026 0.999671 -0.007873
1743665275.442489 223.108128 16.518057 0.911129 -0.004330 0.023569 0.999686 -0.007257
1743665275.545989 222.230223 16.504722 0.903345 -0.004329 0.023772 0.999683 -0.007080
1743665275.649589 221.309342 16.485245 0.894990 -0.004369 0.024460 0.999664 -0.007361
1743665275.753089 220.406567 16.466260 0.890737 -0.004190 0.025331 0.999639 -0.007935
1743665275.856689 219.506116 16.447489 0.882226 -0.003744 0.025986 0.999617 -0.008694
1743665275.960189 218.557697 16.427637 0.873304 -0.002881 0.026727 0.999596 -0.009279
1743665276.063989 217.586601 16.404773 0.871004 -0.001874 0.027166 0.999579 -0.010014
1743665276.167389 216.603532 16.389442 0.862717 -0.001033 0.028464 0.999535 -0.010917
1743665276.271089 215.612337 16.368798 0.866481 -0.000945 0.029406 0.999493 -0.012200
1743665276.374689 214.594354 16.330541 0.862077 -0.000869 0.030675 0.999431 -0.013976
1743665276.478289 213.578209 16.294790 0.867428 -0.000537 0.030362 0.999410 -0.016067
1743665276.581889 212.562084 16.255853 0.875742 -0.000079 0.029138 0.999414 -0.017987
1743665276.685489 211.526465 16.208196 0.875559 -0.000643 0.028177 0.999405 -0.019901
1743665276.789089 210.447528 16.151666 0.878830 -0.001012 0.027454 0.999387 -0.021704
1743665276.892889 209.401132 16.094641 0.886616 -0.000734 0.026413 0.999381 -0.023229
1743665276.996489 208.335042 16.035073 0.892567 -0.000761 0.026549 0.999347 -0.024508
1743665277.100089 207.234342 15.976795 0.898082 -0.001487 0.026913 0.999305 -0.025751
1743665277.203789 206.133981 15.915569 0.904082 -0.002086 0.027722 0.999249 -0.027010
1743665277.307489 205.035887 15.848403 0.912188 -0.002217 0.027918 0.999211 -0.028160
1743665277.411089 203.906180 15.780471 0.916454 -0.001882 0.028131 0.999173 -0.029315
1743665277.514689 202.773599 15.712303 0.918446 -0.001843 0.027319 0.999165 -0.030317
1743665277.618289 201.660447 15.638338 0.923750 -0.001899 0.026519 0.999164 -0.031050
1743665277.721889 200.543738 15.559922 0.927646 -0.002004 0.026236 0.999156 -0.031554
1743665277.825489 199.383922 15.475001 0.933717 -0.002284 0.026643 0.999132 -0.031930
1743665277.929289 198.257819 15.397098 0.940106 -0.002306 0.026462 0.999128 -0.032203
1743665278.032889 197.110023 15.317396 0.944651 -0.002273 0.026408 0.999116 -0.032617
1743665278.136489 195.935651 15.240086 0.949077 -0.002460 0.026732 0.999100 -0.032834
1743665278.240089 194.782419 15.159834 0.955305 -0.002839 0.026979 0.999095 -0.032746
1743665278.343789 193.622252 15.074987 0.957671 -0.003278 0.026581 0.999108 -0.032648
1743665278.447389 192.457625 14.987401 0.960524 -0.003539 0.026207 0.999125 -0.032388
1743665278.551089 191.291673 14.905820 0.962580 -0.003591 0.025550 0.999158 -0.031898
1743665278.654689 190.108392 14.809544 0.964651 -0.003145 0.025049 0.999192 -0.031272
1743665278.758489 188.927084 14.733799 0.968951 -0.002716 0.024330 0.999229 -0.030683
1743665278.862089 187.740058 14.649495 0.976335 -0.002966 0.023614 0.999266 -0.030025
1743665278.965689 186.518266 14.562298 0.977004 -0.004436 0.024342 0.999262 -0.029382
1743665279.069289 185.320349 14.488474 0.967316 -0.006411 0.025994 0.999228 -0.028748
1743665279.172889 184.098877 14.419844 0.968397 -0.007380 0.025325 0.999255 -0.028154
1743665279.276489 182.898717 14.344221 0.960532 -0.007641 0.025689 0.999273 -0.027122
1743665279.380289 181.680410 14.282915 0.950490 -0.007033 0.025657 0.999304 -0.026154
1743665279.483889 180.452868 14.213823 0.944044 -0.006238 0.025839 0.999323 -0.025444
1743665279.587589 179.232053 14.151370 0.940879 -0.005872 0.026205 0.999331 -0.024811
1743665279.691189 177.995597 14.087046 0.934247 -0.005505 0.028055 0.999299 -0.024181
1743665279.794889 176.723849 14.028084 0.931596 -0.004795 0.028552 0.999307 -0.023380
1743665279.898489 175.504230 13.974679 0.924631 -0.004239 0.029505 0.999295 -0.022819
1743665280.002189 174.278047 13.915126 0.928215 -0.003624 0.028138 0.999347 -0.022357
1743665280.105789 173.051905 13.842575 0.926758 -0.003965 0.027911 0.999357 -0.022138
1743665280.209389 171.798756 13.790226 0.925588 -0.005365 0.027126 0.999382 -0.021694
1743665280.313089 170.549474 13.729220 0.920395 -0.006329 0.027838 0.999362 -0.021439
1743665280.416689 169.260738 13.665973 0.913790 -0.005582 0.027178 0.999393 -0.021087
1743665280.520389 167.954769 13.603961 0.913639 -0.004050 0.026217 0.999429 -0.020913
1743665280.623989 166.651495 13.545864 0.915813 -0.003050 0.026693 0.999418 -0.021000
1743665280.727589 165.397551 13.486285 0.920155 -0.002831 0.026923 0.999409 -0.021202
1743665280.831289 164.087280 13.413562 0.920756 -0.004395 0.027706 0.999370 -0.021724
1743665280.934889 162.753731 13.345501 0.913942 -0.005999 0.030042 0.999288 -0.022017
1743665281.038489 161.440471 13.283371 0.912890 -0.006004 0.029421 0.999301 -0.022267
1743665281.142089 160.123057 13.217398 0.910496 -0.005822 0.028550 0.999319 -0.022649
1743665281.245589 158.784676 13.150755 0.909435 -0.005505 0.028460 0.999318 -0.022877
1743665281.349189 157.461949 13.083304 0.905637 -0.005494 0.028610 0.999305 -0.023245
1743665281.452789 156.168917 13.014911 0.907029 -0.005597 0.028645 0.999295 -0.023605
1743665281.556389 154.885192 12.933750 0.903891 -0.006162 0.028983 0.999273 -0.024010
1743665281.659889 153.621024 12.863946 0.899532 -0.006604 0.028611 0.999267 -0.024574
1743665281.763589 152.322788 12.777991 0.895807 -0.007033 0.028567 0.999248 -0.025256
1743665281.867189 151.002971 12.673408 0.891124 -0.007841 0.029346 0.999193 -0.026287
1743665281.970689 149.693141 12.573336 0.884092 -0.008365 0.029575 0.999154 -0.027326
1743665282.074289 148.367065 12.489342 0.872434 -0.008688 0.030018 0.999119 -0.028012
1743665282.177889 147.049231 12.410650 0.869556 -0.008284 0.030477 0.999096 -0.028452
1743665282.281489 145.749796 12.338769 0.862308 -0.007738 0.029909 0.999107 -0.028806
1743665282.385089 144.447316 12.251614 0.861323 -0.007855 0.029321 0.999110 -0.029283
1743665282.488589 143.135001 12.165175 0.854162 -0.008091 0.030674 0.999056 -0.029671
1743665282.592189 141.866207 12.087868 0.855926 -0.007950 0.030131 0.999059 -0.030154
1743665282.695989 140.575915 12.004623 0.861784 -0.007727 0.028273 0.999103 -0.030550
1743665282.799589 139.250464 11.910470 0.851874 -0.009080 0.027930 0.999090 -0.030928
1743665282.903189 137.968128 11.826285 0.842132 -0.011863 0.028248 0.999039 -0.031355
1743665283.006789 136.675589 11.742786 0.827872 -0.014093 0.029508 0.998959 -0.031809
1743665283.110389 135.371301 11.654002 0.818000 -0.013986 0.029263 0.998948 -0.032411
1743665283.213989 134.096959 11.571938 0.799266 -0.013037 0.029010 0.998955 -0.032816
1743665283.317789 132.812865 11.478258 0.783715 -0.012762 0.029018 0.998945 -0.033238
1743665283.421389 131.551757 11.395487 0.761283 -0.013276 0.029595 0.998909 -0.033596
1743665283.524989 130.266347 11.305164 0.753443 -0.013792 0.031083 0.998845 -0.033957
1743665283.628589 129.026636 11.215618 0.735105 -0.014439 0.031063 0.998825 -0.034289
1743665283.732289 127.803477 11.137875 0.735248 -0.014952 0.032367 0.998771 -0.034427
1743665283.835889 126.578307 11.045443 0.706882 -0.014733 0.032807 0.998757 -0.034507
1743665283.939589 125.365085 10.951087 0.691177 -0.013127 0.031686 0.998821 -0.034362
1743665284.043189 124.131645 10.858444 0.686180 -0.011642 0.031373 0.998854 -0.034219
1743665284.146789 122.902652 10.761306 0.662670 -0.011501 0.030077 0.998898 -0.034132
1743665284.250489 121.679433 10.677435 0.661993 -0.011729 0.030637 0.998887 -0.033891
1743665284.354189 120.522755 10.603329 0.649749 -0.011609 0.030220 0.998918 -0.033376
1743665284.457789 119.347000 10.517180 0.647722 -0.011424 0.029989 0.998944 -0.032872
1743665284.561389 118.195721 10.430767 0.645153 -0.011415 0.029850 0.998965 -0.032360
1743665284.665089 117.133502 10.367167 0.643052 -0.011471 0.029391 0.998996 -0.031796
1743665284.768589 116.035910 10.289090 0.643100 -0.011157 0.028846 0.999033 -0.031248
1743665284.872389 114.983279 10.214978 0.638878 -0.010760 0.028460 0.999066 -0.030673
1743665284.975989 113.875824 10.144865 0.642542 -0.010289 0.028161 0.999097 -0.030109
1743665285.079689 112.814416 10.076944 0.640260 -0.010231 0.028057 0.999114 -0.029643
1743665285.183489 111.816066 10.016417 0.640908 -0.010148 0.028513 0.999118 -0.029114
1743665285.287089 110.809521 9.961985 0.644228 -0.010131 0.028412 0.999137 -0.028551
1743665285.390889 109.804344 9.902925 0.643026 -0.010472 0.028842 0.999138 -0.027953
1743665285.494489 108.879522 9.853048 0.642540 -0.010753 0.028654 0.999155 -0.027429
1743665285.598189 107.949689 9.797020 0.638196 -0.011236 0.028541 0.999167 -0.026928
1743665285.701789 107.076765 9.745135 0.637085 -0.011692 0.028472 0.999179 -0.026357
1743665285.805489 106.169573 9.697577 0.632928 -0.012048 0.028211 0.999198 -0.025733
1743665285.908989 105.261940 9.646721 0.633713 -0.012559 0.028147 0.999209 -0.025144
1743665286.012789 104.345018 9.593936 0.631903 -0.013405 0.027386 0.999229 -0.024744
1743665286.116389 103.310927 9.537448 0.622702 -0.014109 0.027805 0.999211 -0.024585
1743665286.220089 102.359319 9.490971 0.626271 -0.014519 0.028782 0.999168 -0.024963
1743665286.323589 101.562282 9.446621 0.622194 -0.014401 0.029934 0.999089 -0.026805
1743665286.427189 100.837977 9.410023 0.611935 -0.014254 0.032153 0.998917 -0.030444
1743665286.530789 100.145836 9.365155 0.610819 -0.014405 0.034083 0.998647 -0.036549
1743665286.634189 99.493822 9.301618 0.602135 -0.014523 0.035669 0.998248 -0.044925
1743665286.737689 98.799972 9.222044 0.598259 -0.014897 0.036787 0.997687 -0.055180
1743665286.841189 98.161438 9.127856 0.597077 -0.014712 0.037486 0.996885 -0.067816
1743665286.944689 97.535754 9.027521 0.590646 -0.013933 0.038864 0.995716 -0.082741
1743665287.048089 96.961200 8.900720 0.589567 -0.013386 0.039333 0.994142 -0.099774
1743665287.151589 96.404421 8.743423 0.593287 -0.012520 0.038470 0.992174 -0.118127
1743665287.254989 95.859152 8.564562 0.595395 -0.011582 0.036481 0.989725 -0.137763
1743665287.358389 95.342843 8.384207 0.596822 -0.010830 0.033790 0.986736 -0.158409
1743665287.461889 94.791978 8.147941 0.603534 -0.010506 0.031463 0.983116 -0.179951
1743665287.565389 94.306592 7.896916 0.613260 -0.010065 0.027865 0.978733 -0.202989
1743665287.668889 93.863769 7.653757 0.614161 -0.009429 0.023469 0.973516 -0.227217
1743665287.772489 93.401455 7.343997 0.622469 -0.009298 0.018888 0.967449 -0.252189
1743665287.875989 92.977228 7.031032 0.623826 -0.009009 0.014980 0.960377 -0.278155
1743665287.979589 92.615171 6.734344 0.630644 -0.009275 0.011826 0.952443 -0.304346
1743665288.083189 92.181531 6.339795 0.630912 -0.009552 0.008462 0.943804 -0.330260
1743665288.186689 91.796716 5.952461 0.631523 -0.009983 0.006521 0.934000 -0.357075
1743665288.291089 91.490351 5.613398 0.635128 -0.010280 0.005959 0.922968 -0.384694
1743665288.393889 91.127397 5.183588 0.641484 -0.010400 0.006290 0.911004 -0.412219
1743665288.497489 90.818988 4.758900 0.638394 -0.009308 0.007024 0.898341 -0.439145
1743665288.601589 90.594832 4.356443 0.640359 -0.007963 0.007001 0.884905 -0.465651
1743665288.704689 90.307406 3.860077 0.640382 -0.007808 0.006241 0.870577 -0.491930
1743665288.808389 90.122837 3.423816 0.638772 0.007277 -0.005049 -0.855670 0.517445
1743665288.912089 89.912354 2.915455 0.647470 0.005745 -0.003309 -0.839910 0.542685
1743665289.015889 89.748079 2.433498 0.637586 0.004994 -0.003384 -0.823989 0.566573
1743665289.119389 89.655952 1.986044 0.654908 0.004408 -0.004700 -0.808371 0.588638
1743665289.223089 89.516740 1.460272 0.669750 0.002786 -0.005661 -0.793101 0.609057
1743665289.326989 89.436103 0.957119 0.661195 -0.000097 -0.003636 -0.778807 0.627253
1743665289.430689 89.396176 0.468064 0.656691 -0.001052 -0.002277 -0.766005 0.642830
1743665289.534489 89.328364 -0.064212 0.656977 -0.002312 -0.002129 -0.754148 0.656697
1743665289.638289 89.294338 -0.570350 0.679968 -0.002474 -0.003628 -0.744569 0.667531
1743665289.742289 89.232928 -1.096763 0.694878 -0.003012 -0.005017 -0.736224 0.676713
1743665289.846189 89.192748 -1.640609 0.696867 -0.005316 -0.006543 -0.729604 0.683818
1743665289.950189 89.179868 -2.172445 0.709458 -0.008669 -0.007403 -0.724461 0.689222
1743665290.053989 89.158313 -2.743877 0.720210 -0.008774 -0.008911 -0.720323 0.693526
1743665290.157989 89.144254 -3.314646 0.731971 -0.006412 -0.009239 -0.717331 0.696642
1743665290.261889 89.128188 -3.903962 0.751081 -0.004424 -0.008259 -0.714839 0.699227
1743665290.365889 89.124549 -4.474705 0.763689 -0.003363 -0.007230 -0.713266 0.700848
1743665290.469789 89.124628 -5.054189 0.777194 -0.003129 -0.007235 -0.712638 0.701488
1743665290.573589 89.110049 -5.672618 0.793658 -0.002771 -0.007939 -0.712359 0.701765
1743665290.677489 89.097326 -6.310756 0.806718 -0.001727 -0.009439 -0.712115 0.701997
1743665290.781189 89.087221 -6.998541 0.823630 -0.001134 -0.010788 -0.712032 0.702063
1743665290.884989 89.074206 -7.613887 0.833750 -0.000495 -0.011877 -0.712125 0.701952
1743665290.989189 89.062100 -8.257085 0.847692 -0.000120 -0.012138 -0.712172 0.701900
1743665291.092489 89.056142 -8.930869 0.858773 0.000535 -0.012504 -0.712129 0.701937
1743665291.196189 89.045211 -9.618789 0.872290 0.001549 -0.013437 -0.711946 0.702104
1743665291.299789 89.025136 -10.358314 0.889735 0.003213 -0.014967 -0.711513 0.702506
1743665291.403489 89.012684 -11.085514 0.904098 0.004294 -0.016208 -0.710502 0.703496
1743665291.507189 89.001531 -11.815786 0.919281 0.005599 -0.017532 -0.708973 0.704995
1743665291.610789 89.006184 -12.577235 0.932509 0.006616 -0.018711 -0.706717 0.707218
1743665291.714389 89.008315 -13.351563 0.949876 0.007831 -0.019793 -0.703757 0.710122
1743665291.817989 89.027834 -14.160073 0.962349 0.009423 -0.020628 -0.700449 0.713342
1743665291.921589 89.051326 -14.963527 0.979049 0.009966 -0.020422 -0.696735 0.716969
1743665292.025389 89.092115 -15.803063 0.990974 0.009733 -0.019060 -0.692861 0.720754
1743665292.128789 89.143475 -16.653020 1.008711 0.009256 -0.018569 -0.689061 0.724407
1743665292.232589 89.199346 -17.506313 1.019688 0.007710 -0.018371 -0.685043 0.728230
1743665292.336189 89.272150 -18.359274 1.048829 0.005357 -0.019217 -0.681168 0.731855
1743665292.439789 89.361843 -19.222219 1.058620 0.002085 -0.019258 -0.678075 0.734737
1743665292.543389 89.453046 -20.084337 1.090343 -0.000619 -0.017244 -0.675606 0.737061
1743665292.647189 89.541509 -20.970335 1.120375 -0.001456 -0.014941 -0.674287 0.738316
1743665292.750889 89.632568 -21.841598 1.148101 -0.002708 -0.012205 -0.673924 0.738695
1743665292.854689 89.710257 -22.712873 1.181116 -0.003583 -0.010301 -0.674595 0.738108
1743665292.958389 89.797363 -23.581867 1.206082 -0.004831 -0.008627 -0.676046 0.736793
1743665293.062089 89.881842 -24.452556 1.235725 -0.005869 -0.007855 -0.678430 0.734599
1743665293.165889 89.959421 -25.336255 1.263006 -0.007078 -0.007231 -0.681515 0.731734
1743665293.269689 90.017864 -26.213540 1.293027 -0.008198 -0.006296 -0.685298 0.728190
1743665293.373189 90.072226 -27.082917 1.318870 -0.008180 -0.005266 -0.689390 0.724325
1743665293.476989 90.118526 -27.935934 1.344126 -0.007561 -0.004181 -0.693664 0.720247
1743665293.580589 90.149025 -28.789716 1.365342 -0.007256 -0.003443 -0.697808 0.716240
1743665293.684289 90.162416 -29.669950 1.398300 -0.007385 -0.003573 -0.702260 0.711873
1743665293.787889 90.164255 -30.521376 1.421132 -0.007545 -0.004183 -0.706547 0.707614
1743665293.891689 90.159471 -31.347514 1.441098 -0.007262 -0.004841 -0.710707 0.703434
1743665293.995289 90.128966 -32.180581 1.463471 -0.006577 -0.005045 -0.714766 0.699315
1743665294.098889 90.100235 -33.037502 1.483801 -0.005949 -0.005137 -0.718684 0.695293
1743665294.202489 90.056958 -33.888035 1.508197 -0.005322 -0.005551 -0.722221 0.691619
1743665294.306189 90.015670 -34.730197 1.529506 -0.004812 -0.006439 -0.724947 0.688758
1743665294.409789 89.979178 -35.582830 1.552878 -0.004513 -0.007667 -0.726969 0.686613
1743665294.513389 89.933918 -36.417431 1.574996 -0.005368 -0.008553 -0.728285 0.685200
1743665294.616989 89.889051 -37.278151 1.601775 -0.005935 -0.009701 -0.729239 0.684164
1743665294.720589 89.838939 -38.133006 1.627433 -0.006312 -0.010581 -0.729506 0.683864
1743665294.824089 89.792772 -38.983942 1.652348 -0.005844 -0.011250 -0.729207 0.684176
1743665294.927689 89.743798 -39.869717 1.681175 -0.005668 -0.010944 -0.728727 0.684693
1743665295.031389 89.691894 -40.764788 1.705613 -0.004951 -0.010440 -0.727849 0.685640
1743665295.134989 89.650136 -41.669265 1.727563 -0.003563 -0.010385 -0.727088 0.686456
1743665295.238589 89.604362 -42.580042 1.755955 -0.002816 -0.009618 -0.726300 0.687305
1743665295.342189 89.558328 -43.493325 1.775897 -0.002591 -0.008887 -0.725652 0.688000
1743665295.445889 89.516572 -44.374697 1.796143 -0.003323 -0.007908 -0.725394 0.688280
1743665295.549489 89.479633 -45.276935 1.821262 -0.005044 -0.006684 -0.725857 0.687795
1743665295.653289 89.438883 -46.197438 1.844988 -0.007005 -0.005034 -0.727160 0.686414
1743665295.756989 89.389719 -47.096012 1.869865 -0.009195 -0.003147 -0.729207 0.684224
1743665295.860789 89.348313 -47.995807 1.894800 -0.011150 -0.001762 -0.732705 0.680453
1743665295.964489 89.279995 -48.884835 1.923295 -0.013459 -0.001562 -0.737366 0.675358
1743665296.068189 89.203828 -49.785873 1.952577 -0.016528 -0.000947 -0.742857 0.669245
1743665296.171989 89.104650 -50.675947 1.988156 -0.017213 -0.001010 -0.748969 0.662381
1743665296.275589 88.984529 -51.564924 2.019027 -0.015467 -0.000835 -0.755612 0.654837
1743665296.379389 88.831682 -52.483266 2.042169 -0.012890 -0.000486 -0.762555 0.646794
1743665296.483089 88.682924 -53.337143 2.079232 -0.011538 -0.000427 -0.769529 0.638508
1743665296.586689 88.497138 -54.209038 2.099768 -0.010557 -0.001571 -0.776429 0.630114
1743665296.690489 88.309295 -55.035128 2.141311 -0.008651 -0.003946 -0.782979 0.621976
1743665296.793989 88.086497 -55.878488 2.160980 -0.007099 -0.005133 -0.789371 0.613854
1743665296.897789 87.835259 -56.757062 2.179731 -0.005698 -0.006336 -0.795353 0.606087
1743665297.001389 87.598253 -57.568521 2.212352 -0.004064 -0.008473 -0.800491 0.599271
1743665297.104989 87.355490 -58.378105 2.237875 -0.004193 -0.008642 -0.805238 0.592874
1743665297.208489 87.077779 -59.246638 2.259405 -0.002095 -0.008383 -0.809325 0.587298
1743665297.312089 86.783412 -60.078985 2.267396 0.002776 -0.007399 -0.812340 0.583130
1743665297.415689 86.492169 -60.912227 2.270927 0.006318 -0.004130 -0.814715 0.579812
1743665297.519289 86.203870 -61.771219 2.263611 0.008256 -0.004300 -0.816339 0.577498
1743665297.622689 85.924584 -62.590256 2.278066 0.006283 -0.006571 -0.816650 0.577061
1743665297.726289 85.637667 -63.387497 2.288255 0.001984 -0.009856 -0.816750 0.576904
1743665297.829889 85.352331 -64.217791 2.307040 -0.002057 -0.011647 -0.816733 0.576895
1743665297.933289 85.067940 -65.048204 2.318558 -0.002699 -0.013114 -0.816427 0.577293
1743665298.036889 84.761618 -65.925701 2.344506 -0.001112 -0.012784 -0.816624 0.577027
1743665298.140689 84.443869 -66.795024 2.359499 0.000936 -0.011266 -0.817376 0.575994
1743665298.244289 84.118416 -67.653027 2.378713 0.003373 -0.010502 -0.818482 0.574426
1743665298.347889 83.819968 -68.516941 2.393464 0.004725 -0.009999 -0.820367 0.571730
1743665298.451689 83.503044 -69.353163 2.407632 0.004321 -0.010300 -0.822646 0.568444
1743665298.555289 83.177555 -70.211957 2.419974 0.002241 -0.009895 -0.826146 0.563365
1743665298.659089 82.829942 -71.085110 2.426480 0.001576 -0.010622 -0.830232 0.557315
1743665298.762689 82.457660 -71.949969 2.445882 0.001598 -0.011983 -0.834647 0.550652
1743665298.866189 82.077762 -72.837923 2.457850 -0.000029 -0.014314 -0.838741 0.544343
1743665298.969889 81.674678 -73.729751 2.489948 -0.003571 -0.016450 -0.842493 0.538444
1743665299.073489 81.252228 -74.596163 2.513455 -0.005628 -0.017034 -0.845620 0.533483
1743665299.177089 80.813993 -75.477987 2.541843 -0.004405 -0.016799 -0.847964 0.529769
1743665299.280589 80.380600 -76.355713 2.560113 -0.000521 -0.017749 -0.849263 0.527671
1743665299.384189 79.945185 -77.246210 2.595116 0.000914 -0.017409 -0.849931 0.526606
1743665299.487689 79.509596 -78.117518 2.613357 0.001223 -0.017242 -0.850322 0.525978
1743665299.591289 79.069343 -79.007747 2.641711 0.001002 -0.016890 -0.850526 0.525661
1743665299.694889 78.623990 -79.908652 2.655547 0.001039 -0.016002 -0.850745 0.525334
1743665299.798489 78.173794 -80.792373 2.688042 0.000892 -0.015805 -0.851058 0.524832
1743665299.901989 77.747780 -81.663488 2.708820 0.000162 -0.013919 -0.851415 0.524307
1743665300.005589 77.306133 -82.556114 2.738268 -0.000943 -0.012056 -0.852080 0.523272
1743665300.109389 76.872547 -83.448070 2.759064 -0.001502 -0.011073 -0.853401 0.521136
1743665300.213089 76.435343 -84.332678 2.795846 -0.002518 -0.009103 -0.855430 0.517832
1743665300.316689 75.991414 -85.207604 2.808422 -0.003251 -0.006257 -0.858001 0.513599
1743665300.420489 75.542444 -86.042248 2.834082 -0.002512 -0.004786 -0.860883 0.508774
1743665300.524189 75.065780 -86.884213 2.853867 -0.001338 -0.004955 -0.863885 0.503663
1743665300.627789 74.593126 -87.719247 2.875411 0.001768 0.003660 0.867235 -0.497882
1743665300.731589 74.090868 -88.546597 2.888816 0.001715 0.002927 0.870649 -0.491893
1743665300.835189 73.584509 -89.367213 2.907457 0.001441 0.003099 0.874192 -0.485568
1743665300.938889 73.072681 -90.201084 2.922669 0.001710 0.003489 0.877994 -0.478657
1743665301.042489 72.552446 -91.001163 2.952533 0.003088 0.003676 0.881658 -0.471865
1743665301.146289 72.014593 -91.794297 2.968772 0.003641 0.003022 0.885292 -0.465011
1743665301.249889 71.492523 -92.537554 2.982991 0.002866 0.003495 0.888782 -0.458308
1743665301.353489 70.950910 -93.279084 2.995247 0.001468 0.004092 0.892230 -0.451561
1743665301.457089 70.375764 -94.035236 3.020497 0.000847 0.004522 0.895449 -0.445139
1743665301.560689 69.811829 -94.768025 3.036731 0.000505 0.005104 0.898225 -0.439506
1743665301.664389 69.241828 -95.497963 3.051685 0.000082 0.006040 0.900545 -0.434721
1743665301.767989 68.653294 -96.219048 3.070469 -0.001132 0.007832 0.902268 -0.431102
1743665301.871589 68.092011 -96.899372 3.086394 -0.001818 0.009205 0.903366 -0.428768
1743665301.975189 67.529505 -97.571207 3.105091 -0.002371 0.010477 0.904014 -0.427368
1743665302.078689 66.959863 -98.281343 3.119609 -0.002815 0.011361 0.904253 -0.426838
1743665302.182189 66.384985 -98.973654 3.133478 -0.003678 0.013384 0.904045 -0.427212
1743665302.285789 65.851928 -99.616701 3.147469 -0.004507 0.014515 0.903431 -0.428464
1743665302.389389 65.334146 -100.269733 3.169963 -0.004749 0.014260 0.902485 -0.430458
1743665302.492889 64.820981 -100.902039 3.187063 -0.005628 0.015529 0.901140 -0.433213
1743665302.596489 64.323128 -101.547707 3.199873 -0.006065 0.016408 0.899681 -0.436198
1743665302.700089 63.847695 -102.147089 3.216323 -0.006179 0.016227 0.898196 -0.439253
1743665302.803689 63.402074 -102.737747 3.226686 -0.006150 0.015876 0.896896 -0.441913
1743665302.907489 62.972003 -103.310015 3.239757 -0.006437 0.015764 0.895710 -0.444312
1743665303.011089 62.545358 -103.882910 3.252687 -0.006716 0.015698 0.894690 -0.446360
1743665303.114889 62.140144 -104.438979 3.272039 -0.005872 0.016020 0.894128 -0.447487
1743665303.218489 61.745185 -104.983951 3.286167 -0.004233 0.016401 0.894052 -0.447643
1743665303.322189 61.340457 -105.525083 3.306424 -0.002337 0.018207 0.894474 -0.446744
1743665303.425889 60.925615 -106.071461 3.330568 -0.000796 0.020393 0.895204 -0.445189
1743665303.529589 60.514113 -106.608285 3.340588 -0.001084 0.021305 0.896091 -0.443357
1743665303.633189 60.091562 -107.151583 3.351384 -0.003430 0.020535 0.897223 -0.441087
1743665303.736889 59.670429 -107.686506 3.349403 -0.007065 0.018047 0.898408 -0.438734
1743665303.840489 59.256801 -108.217301 3.374765 -0.010024 0.015868 0.899657 -0.436194
1743665303.944289 58.845807 -108.740649 3.379550 -0.009236 0.014470 0.901088 -0.433296
1743665304.047889 58.422549 -109.269791 3.392173 -0.006723 0.015003 0.902209 -0.430987
1743665304.151489 58.016847 -109.787014 3.390153 -0.004011 0.015610 0.902995 -0.429348
1743665304.255189 57.599245 -110.311583 3.401649 -0.002341 0.015213 0.903650 -0.427996
1743665304.358889 57.167844 -110.836552 3.399638 -0.001492 0.014280 0.904145 -0.426985
1743665304.462489 56.716683 -111.382835 3.425810 -0.000924 0.014045 0.904473 -0.426299
1743665304.566089 56.274684 -111.920568 3.425270 -0.000354 0.013518 0.904722 -0.425789
1743665304.669689 55.826429 -112.470015 3.448134 -0.000998 0.013840 0.904612 -0.426010
1743665304.773289 55.363627 -113.035135 3.446872 -0.003657 0.013226 0.904267 -0.426746
1743665304.876889 54.887852 -113.612546 3.456842 -0.006940 0.012050 0.903380 -0.428616
1743665304.980489 54.438336 -114.197003 3.462769 -0.009080 0.011213 0.901830 -0.431850
1743665305.084189 53.978391 -114.780914 3.469000 -0.009114 0.011575 0.900022 -0.435595
1743665305.187689 53.540088 -115.371381 3.481499 -0.007035 0.010283 0.898117 -0.439581
1743665305.291389 53.072300 -115.985896 3.470329 -0.005970 0.008811 0.896198 -0.443527
1743665305.394989 52.622995 -116.620617 3.473790 -0.004691 0.005714 0.894315 -0.447377
1743665305.498589 52.174547 -117.248784 3.472665 -0.003284 0.003352 0.892887 -0.450257
1743665305.602389 51.726529 -117.913286 3.490967 0.001326 0.000155 0.891815 -0.452399
1743665305.706089 51.272986 -118.558153 3.484313 0.007344 -0.002667 0.891282 -0.453382
1743665305.809689 50.830973 -119.210291 3.478822 0.011088 -0.005624 0.890622 -0.454574
1743665305.913489 50.344309 -119.896708 3.504459 0.011042 -0.005939 0.890094 -0.455604
1743665306.017089 49.858904 -120.576391 3.512964 0.009472 -0.005750 0.889650 -0.456508
1743665306.120789 49.369043 -121.288237 3.541784 0.008344 -0.006665 0.889242 -0.457313
1743665306.224389 48.885884 -121.980488 3.530328 0.008177 -0.007199 0.889044 -0.457692
1743665306.328189 48.384047 -122.690033 3.563077 0.007973 -0.005122 0.889123 -0.457571
1743665306.431889 47.856593 -123.421338 3.577750 0.008988 -0.004408 0.889579 -0.456671
1743665306.535489 47.336346 -124.148457 3.582616 0.008779 -0.004705 0.890055 -0.455744
1743665306.639189 46.802202 -124.894389 3.596232 0.007157 -0.004852 0.890391 -0.455114
1743665306.742889 46.260571 -125.635618 3.612475 0.004884 -0.004068 0.890793 -0.454365
1743665306.846489 45.723113 -126.397105 3.623133 0.005758 -0.005971 0.891208 -0.453518
1743665306.950089 45.175640 -127.163463 3.622847 0.007078 -0.007192 0.891587 -0.452737
1743665307.053689 44.627444 -127.931880 3.633626 0.007948 -0.008594 0.892026 -0.451832
1743665307.157289 44.050589 -128.704589 3.645021 0.006464 -0.008931 0.892493 -0.450926
1743665307.260989 43.474377 -129.502517 3.654444 0.004181 -0.011496 0.892773 -0.450341
1743665307.364589 42.904151 -130.291368 3.656486 0.000885 -0.012616 0.893155 -0.449571
1743665307.468189 42.327506 -131.088678 3.658496 -0.000829 -0.013518 0.893267 -0.449322
1743665307.571789 41.752155 -131.882268 3.666125 0.001255 -0.014654 0.893434 -0.448954
1743665307.675289 41.197618 -132.660685 3.663391 0.004686 -0.015228 0.893376 -0.449028
1743665307.778889 40.649121 -133.431333 3.672269 0.007602 -0.016560 0.893136 -0.449417
1743665307.882489 40.068182 -134.215806 3.665776 0.007542 -0.017201 0.892639 -0.450381
1743665307.986089 39.487167 -135.010610 3.672851 0.005957 -0.015553 0.892165 -0.451402
1743665308.089589 38.900428 -135.790741 3.687502 0.003705 -0.011502 0.891383 -0.453091
1743665308.193289 38.348781 -136.580481 3.694427 0.003886 -0.010142 0.890370 -0.455107
1743665308.296889 37.789784 -137.354958 3.689693 0.002609 -0.006319 0.889324 -0.457226
1743665308.400489 37.228550 -138.122149 3.709292 0.000805 -0.001913 0.888477 -0.458917
1743665308.504189 36.692555 -138.904610 3.722085 0.001493 -0.002794 0.888264 -0.459323
1743665308.607789 36.142399 -139.693080 3.730473 0.000862 -0.004181 0.888503 -0.458850
1743665308.711589 35.588450 -140.490850 3.727102 -0.000064 -0.007054 0.888800 -0.458241
1743665308.815289 35.037976 -141.272153 3.737123 -0.001416 -0.008464 0.889223 -0.457394
1743665308.918889 34.457036 -142.091965 3.723925 -0.000642 -0.011127 0.889773 -0.456268
1743665309.022689 33.911244 -142.861436 3.760793 0.000682 -0.011785 0.890298 -0.455225
1743665309.126289 33.381397 -143.625323 3.721377 0.002199 -0.014646 0.890700 -0.454349
1743665309.229889 32.831632 -144.390497 3.755778 0.003656 -0.012442 0.891162 -0.453500
1743665309.333589 32.296138 -145.145652 3.745357 0.006730 -0.012974 0.891716 -0.452360
1743665309.437289 31.743078 -145.917888 3.783286 0.010472 -0.013814 0.892170 -0.451367
1743665309.540989 31.180320 -146.675900 3.776542 0.009884 -0.013814 0.892522 -0.450684
1743665309.644589 30.628806 -147.429858 3.797991 0.005049 -0.010058 0.892663 -0.450584
1743665309.748289 30.093540 -148.164133 3.782474 0.002598 -0.010052 0.892723 -0.450487
1743665309.851989 29.525890 -148.933824 3.815452 0.002062 -0.008449 0.892626 -0.450714
1743665309.955589 28.985146 -149.673792 3.812160 0.004970 -0.009768 0.892507 -0.450901
1743665310.059189 28.433067 -150.435387 3.840115 0.007804 -0.009413 0.892494 -0.450894
1743665310.162789 27.921310 -151.153688 3.842822 0.008979 -0.011066 0.892317 -0.451184
1743665310.266389 27.414071 -151.863903 3.846168 0.006878 -0.011465 0.892310 -0.451225
1743665310.370189 26.895153 -152.582186 3.860148 0.003315 -0.011609 0.892463 -0.450958
1743665310.473789 26.366252 -153.296524 3.873671 0.001262 -0.009507 0.892839 -0.450275
1743665310.577389 25.875541 -153.979253 3.895355 0.005123 -0.007702 0.893353 -0.449260
1743665310.681089 25.383788 -154.654977 3.919749 0.010773 -0.005915 0.894100 -0.447699
1743665310.784789 24.890611 -155.297409 3.930375 0.009859 -0.003246 0.895078 -0.445789
1743665310.888489 24.421381 -155.904498 3.941413 0.004950 -0.003921 0.896184 -0.443639
1743665310.992189 23.935520 -156.556676 3.959728 -0.001323 -0.004590 0.897329 -0.441337
1743665311.095889 23.466987 -157.160130 3.959928 -0.003426 -0.006741 0.898501 -0.438906
1743665311.199589 23.032777 -157.736262 3.979249 -0.001671 -0.006336 0.899590 -0.436687
1743665311.303289 22.582470 -158.315831 3.993689 0.001546 -0.002402 0.900239 -0.435386
1743665311.406989 22.166621 -158.823533 4.009044 0.004380 0.000360 0.900979 -0.433841
1743665311.510589 21.747584 -159.322444 4.014683 0.004591 0.002332 0.901164 -0.433447
1743665311.614189 21.341842 -159.828080 4.022062 0.002151 0.005082 0.900444 -0.434936
1743665311.717789 20.950215 -160.288738 4.042215 -0.001147 0.008318 0.898769 -0.438342
1743665311.821289 20.578406 -160.772192 4.048630 -0.003379 0.010545 0.895552 -0.444819
1743665311.924689 20.229108 -161.253939 4.065269 -0.004573 0.014302 0.890741 -0.454262
1743665312.027989 19.891841 -161.727279 4.081434 -0.005419 0.018490 0.884031 -0.467032
1743665312.131289 19.587328 -162.229442 4.097031 -0.006083 0.021494 0.875389 -0.482904
1743665312.234589 19.293988 -162.727622 4.113061 0.007564 -0.022405 -0.865266 0.500755
1743665312.337989 19.041529 -163.233720 4.109803 0.007407 -0.020305 -0.854365 0.519224
1743665312.441389 18.833358 -163.761313 4.131632 0.006250 -0.018860 -0.843030 0.537500
1743665312.544889 18.636371 -164.283490 4.141686 0.003832 -0.019555 -0.831116 0.555742
1743665312.648289 18.461715 -164.818239 4.166385 0.002205 -0.022069 -0.819287 0.572955
1743665312.751789 18.306911 -165.345879 4.181968 -0.000739 -0.023450 -0.806808 0.590348
1743665312.855389 18.160985 -165.899202 4.193944 -0.001990 -0.023572 -0.793842 0.607664
1743665312.959089 18.055687 -166.481055 4.219684 -0.001976 -0.022741 -0.780425 0.624833
1743665313.062689 17.962987 -167.058068 4.243881 -0.001486 -0.020764 -0.767125 0.641159
1743665313.166389 17.885336 -167.645638 4.265628 -0.000939 -0.017247 -0.754661 0.655887
1743665313.270189 17.842648 -168.284617 4.290648 -0.000427 -0.013426 -0.743737 0.668337
1743665313.373889 17.812300 -168.903179 4.301283 -0.000661 -0.011645 -0.733594 0.679488
1743665313.477689 17.811453 -169.455905 4.312201 -0.002455 -0.009098 -0.724930 0.688758
1743665313.581489 17.815793 -170.073005 4.329401 -0.004477 -0.004848 -0.718731 0.695257
1743665313.685389 17.838420 -170.695309 4.345632 -0.007657 -0.000660 -0.714212 0.699887
1743665313.789389 17.848976 -171.330534 4.364858 -0.011019 0.001178 -0.711112 0.702991
1743665313.893189 17.863744 -171.963917 4.371154 -0.014323 0.002781 -0.709575 0.704479
1743665313.997089 17.875482 -172.602256 4.387543 -0.015567 0.002850 -0.709292 0.704737
1743665314.101089 17.868893 -173.258789 4.395857 -0.014983 0.003318 -0.709664 0.704373
1743665314.204989 17.882677 -173.887475 4.417501 -0.014098 0.003728 -0.711313 0.702724
1743665314.308789 17.872571 -174.567470 4.419341 -0.012879 0.005425 -0.712929 0.701097
1743665314.412589 17.857328 -175.284132 4.447610 -0.012360 0.004319 -0.714756 0.699251
1743665314.516389 17.847022 -175.954950 4.458767 -0.015675 0.002709 -0.716816 0.697081
1743665314.620189 17.823782 -176.608737 4.479492 -0.019414 -0.000360 -0.718977 0.694763
1743665314.723889 17.798967 -177.310303 4.498095 -0.022414 -0.001459 -0.721373 0.692182
1743665314.827589 17.772129 -178.002051 4.520807 -0.021365 -0.000799 -0.723691 0.689793
1743665314.931289 17.741713 -178.715232 4.537652 -0.019126 0.001697 -0.726298 0.687112
1743665315.034989 17.702502 -179.448059 4.566979 -0.016835 0.003327 -0.728796 0.684516
1743665315.138589 17.666431 -180.167674 4.589227 -0.016779 0.004330 -0.730765 0.682409
1743665315.242189 17.619126 -180.910394 4.621098 -0.020586 0.006008 -0.732431 0.680504
1743665315.345889 17.570789 -181.625099 4.632420 -0.019952 0.003369 -0.733796 0.679069
1743665315.449589 17.511393 -182.342230 4.664665 -0.019594 0.001772 -0.734557 0.678262
1743665315.553189 17.437567 -183.086453 4.682346 -0.017337 0.000268 -0.735060 0.677780
1743665315.656789 17.392643 -183.814359 4.702717 -0.017849 0.002022 -0.734802 0.678044
1743665315.760389 17.354555 -184.577791 4.714504 -0.017859 0.004221 -0.734358 0.678514
1743665315.863989 17.297910 -185.328110 4.744203 -0.017393 0.004519 -0.733486 0.679467
1743665315.967789 17.230346 -186.140653 4.768214 -0.016171 0.003378 -0.733090 0.679931
1743665316.071389 17.180299 -186.921663 4.790799 -0.016601 0.004805 -0.732946 0.680067
1743665316.175189 17.129161 -187.678712 4.803679 -0.015972 0.005746 -0.732898 0.680127
1743665316.278889 17.088421 -188.436003 4.819680 -0.016035 0.008255 -0.732580 0.680442
1743665316.382389 17.037348 -189.220857 4.840955 -0.014415 0.008142 -0.731994 0.681110
1743665316.486089 16.995855 -189.993812 4.859038 -0.015256 0.008156 -0.731828 0.681269
1743665316.589789 16.940400 -190.752918 4.882588 -0.015293 0.004904 -0.731666 0.681474
1743665316.693489 16.889967 -191.512998 4.899136 -0.017737 0.004795 -0.731640 0.681444
1743665316.797189 16.841545 -192.286260 4.918385 -0.020263 0.006278 -0.731962 0.681015
1743665316.900889 16.793537 -193.091698 4.928718 -0.019894 0.007309 -0.732303 0.680650
1743665317.004589 16.737652 -193.866817 4.957206 -0.018112 0.007315 -0.732859 0.680101
1743665317.108389 16.687216 -194.673765 4.976846 -0.019156 0.007408 -0.733434 0.679450
1743665317.212089 16.638996 -195.457904 4.994480 -0.021668 0.006606 -0.733950 0.678826
1743665317.315789 16.586417 -196.234349 5.029958 -0.023386 0.005094 -0.734949 0.677699
1743665317.419489 16.524432 -197.046243 5.045138 -0.023805 0.004334 -0.735667 0.676911
1743665317.523089 16.452729 -197.853860 5.078218 -0.023489 0.003745 -0.736661 0.675843
1743665317.626889 16.385852 -198.657271 5.103770 -0.022434 0.003267 -0.737229 0.675263
1743665317.730489 16.305804 -199.486707 5.135311 -0.021359 0.003023 -0.737899 0.674566
1743665317.834189 16.239150 -200.314874 5.158692 -0.018547 0.002674 -0.738151 0.674375
1743665317.937889 16.162157 -201.148735 5.188096 -0.016254 0.002743 -0.738273 0.674300
1743665318.041589 16.080990 -201.984387 5.214317 -0.015188 0.002689 -0.738383 0.674205
1743665318.145389 16.012236 -202.790169 5.228099 -0.015006 0.001689 -0.738275 0.674331
1743665318.248989 15.936319 -203.617555 5.247158 -0.014522 0.000875 -0.738105 0.674529
1743665318.352589 15.867670 -204.482803 5.283188 -0.012774 -0.001256 -0.737757 0.674944
1743665318.456089 15.791614 -205.321529 5.307686 -0.011926 -0.002379 -0.737264 0.675495
1743665318.559789 15.726193 -206.189694 5.329737 -0.012599 -0.001277 -0.736490 0.676330
1743665318.663389 15.671303 -207.034522 5.353926 -0.013027 0.000881 -0.735289 0.677628
1743665318.766989 15.601574 -207.859450 5.373571 -0.011156 -0.000113 -0.734367 0.678661
1743665318.870789 15.545046 -208.699673 5.397663 -0.013150 -0.002881 -0.733593 0.679456
1743665318.974389 15.485805 -209.519186 5.443029 -0.018764 -0.004259 -0.732917 0.680045
1743665319.078289 15.443008 -210.355462 5.464927 -0.020249 -0.003353 -0.732410 0.680555
1743665319.181589 15.390681 -211.238098 5.485742 -0.016371 -0.000209 -0.732211 0.680881
1743665319.285189 15.320882 -212.107596 5.511931 -0.011137 0.002356 -0.732432 0.680745
1743665319.388989 15.265267 -212.944153 5.545222 -0.011606 0.003044 -0.732819 0.680318
1743665319.492589 15.229695 -213.767573 5.578278 -0.016286 0.003169 -0.733681 0.679291
1743665319.596189 15.178760 -214.600791 5.587479 -0.021231 0.004302 -0.734031 0.678770
1743665319.699789 15.111616 -215.446833 5.614756 -0.021915 0.004833 -0.734199 0.678563
1743665319.803589 15.053524 -216.297424 5.638962 -0.018391 0.005030 -0.734453 0.678392
1743665319.907189 14.986073 -217.178471 5.658820 -0.014670 0.005321 -0.734646 0.678271
1743665320.010789 14.917098 -218.064928 5.682580 -0.012468 0.004817 -0.734860 0.678087
1743665320.114489 14.857991 -218.935819 5.713756 -0.012919 0.002924 -0.735076 0.677856
1743665320.218089 14.788762 -219.777593 5.731329 -0.014362 0.000195 -0.734765 0.678170
1743665320.321889 14.709320 -220.621689 5.758057 -0.014949 -0.001683 -0.734364 0.678589
1743665320.425589 14.642662 -221.511428 5.780369 -0.012824 -0.002267 -0.733949 0.679079
1743665320.529189 14.577950 -222.386557 5.801068 -0.009364 -0.002506 -0.733684 0.679421
1743665320.632889 14.508394 -223.265104 5.834230 -0.008551 -0.001832 -0.733595 0.679531
1743665320.736489 14.457126 -224.143317 5.846554 -0.011005 0.000415 -0.733534 0.679563
1743665320.840189 14.405730 -225.029846 5.864660 -0.012807 0.001909 -0.733617 0.679440
1743665320.943789 14.339499 -225.928367 5.880547 -0.012178 0.001671 -0.733604 0.679466
1743665321.047389 14.285012 -226.781816 5.902668 -0.013555 0.001968 -0.734222 0.678771
1743665321.151089 14.229159 -227.670940 5.920279 -0.015004 0.002961 -0.734867 0.678039
1743665321.254689 14.161549 -228.562990 5.941260 -0.012939 0.002749 -0.735635 0.677250
1743665321.358289 14.080968 -229.448624 5.960792 -0.008373 -0.000434 -0.736278 0.676628
1743665321.461989 14.007079 -230.370643 5.989025 -0.010611 -0.000198 -0.736627 0.676216
1743665321.565589 13.930793 -231.276358 6.016972 -0.012452 -0.003058 -0.737173 0.675582
1743665321.669489 13.852355 -232.173182 6.043147 -0.013379 -0.002965 -0.737433 0.675281
1743665321.773089 13.779737 -233.073113 6.067328 -0.010872 -0.001009 -0.737873 0.674851
1743665321.876889 13.713736 -234.017639 6.085048 -0.009317 0.002969 -0.738435 0.674254
1743665321.980589 13.644942 -234.947495 6.122759 -0.010907 0.006311 -0.738923 0.673672
1743665322.084389 13.576673 -235.832934 6.130965 -0.012605 0.006899 -0.739724 0.672757
1743665322.188089 13.509028 -236.720487 6.150837 -0.016434 0.006617 -0.739895 0.672490
1743665322.291689 13.436664 -237.595857 6.173014 -0.017424 0.003743 -0.739806 0.672584
1743665322.395389 13.348680 -238.487894 6.219541 -0.017818 0.000986 -0.739725 0.672673
1743665322.499089 13.263727 -239.340265 6.228007 -0.016393 0.000867 -0.739372 0.673097
1743665322.602789 13.182681 -240.232233 6.252845 -0.014368 0.002270 -0.738810 0.673757
1743665322.706489 13.109863 -241.145107 6.283093 -0.014609 0.002273 -0.737900 0.674748
1743665322.810289 13.042566 -241.997784 6.314571 -0.017498 0.000696 -0.737103 0.675554
1743665322.913889 12.970633 -242.879013 6.350022 -0.019478 0.000593 -0.736368 0.676300
1743665323.017689 12.910865 -243.756824 6.368598 -0.016453 0.000668 -0.735686 0.677123
1743665323.121489 12.838368 -244.614879 6.393288 -0.012392 0.001411 -0.735105 0.677838
1743665323.225189 12.769574 -245.503953 6.427219 -0.013306 0.001659 -0.734454 0.678526
1743665323.328989 12.712417 -246.367659 6.464664 -0.016226 -0.000786 -0.733780 0.679193
1743665323.432789 12.662670 -247.188788 6.483069 -0.018841 -0.001571 -0.733281 0.679663
1743665323.536589 12.601345 -248.052697 6.512477 -0.015805 -0.002179 -0.732742 0.680319
1743665323.640189 12.542545 -248.934906 6.535579 -0.012827 -0.000119 -0.732303 0.680858
1743665323.743889 12.488283 -249.805818 6.572794 -0.011730 0.001543 -0.731687 0.681538
1743665323.847589 12.441615 -250.636390 6.600524 -0.012097 0.001657 -0.730813 0.682468
1743665323.951189 12.377080 -251.470652 6.628996 -0.011596 -0.000445 -0.730086 0.683257
1743665324.054889 12.319193 -252.275759 6.654906 -0.012100 -0.001516 -0.729538 0.683832
1743665324.158689 12.283634 -253.069700 6.675757 -0.012363 -0.001219 -0.729076 0.684320
1743665324.262289 12.238227 -253.856805 6.702431 -0.011159 0.000118 -0.728685 0.684758
1743665324.365889 12.189753 -254.649606 6.714171 -0.008365 0.001957 -0.728603 0.684883
1743665324.469589 12.152439 -255.400796 6.732454 -0.006923 0.003239 -0.728628 0.684867
1743665324.573189 12.107243 -256.150621 6.757486 -0.008346 0.002729 -0.728776 0.684696
1743665324.676989 12.066180 -256.912135 6.780012 -0.010819 0.001003 -0.728940 0.684492
1743665324.780589 12.034223 -257.612582 6.803858 -0.012917 -0.000485 -0.729370 0.683997
1743665324.883989 11.997327 -258.326146 6.827230 -0.013453 -0.001157 -0.729928 0.683390
1743665324.987989 11.945078 -259.031841 6.847600 -0.012781 -0.001396 -0.730928 0.682333
1743665325.091289 11.890606 -259.717827 6.871792 -0.011999 -0.001497 -0.732639 0.680510
1743665325.194889 11.860682 -260.386910 6.894188 -0.012139 -0.001562 -0.734808 0.678165
1743665325.298689 11.802557 -261.022877 6.919825 -0.012719 -0.001873 -0.737677 0.675032
1743665325.402289 11.736444 -261.665809 6.940211 -0.013222 -0.001922 -0.741117 0.671243
1743665325.505889 11.666946 -262.299545 6.963298 -0.012872 -0.002124 -0.744986 0.666953
1743665325.609489 11.586402 -262.938973 6.979376 -0.012035 -0.000874 -0.749209 0.662224
1743665325.713089 11.493089 -263.547803 7.008487 -0.008323 -0.002093 -0.753524 0.657364
1743665325.816789 11.407909 -264.148892 7.029432 -0.004888 -0.002562 -0.757331 0.653008
1743665325.920389 11.306925 -264.707546 7.039703 -0.001286 -0.002634 -0.761243 0.648460
1743665326.023989 11.202614 -265.282531 7.051400 0.000779 -0.002945 -0.764851 0.644200
1743665326.127489 11.097102 -265.835022 7.067154 0.002249 -0.005496 -0.768231 0.640145
1743665326.231189 10.990710 -266.342803 7.080853 0.003115 -0.008229 -0.771339 0.636364
1743665326.334689 10.873162 -266.851663 7.087673 0.002764 -0.010386 -0.774557 0.632413
1743665326.438389 10.761248 -267.326909 7.105682 0.002621 -0.011573 -0.777571 0.628684
1743665326.541889 10.655692 -267.777597 7.119100 0.004223 -0.012652 -0.780104 0.625507
1743665326.645589 10.539878 -268.241135 7.129624 0.005337 -0.012885 -0.782073 0.623031
1743665326.749189 10.427947 -268.661777 7.138254 0.006615 -0.013925 -0.783537 0.621154
1743665326.852789 10.344472 -269.054224 7.155096 0.007232 -0.014822 -0.784786 0.619547
1743665326.956289 10.246294 -269.430908 7.166353 0.007798 -0.015569 -0.785025 0.619220
1743665327.059889 10.156441 -269.781542 7.172574 0.008820 -0.016323 -0.784268 0.620145
1743665327.163389 10.087020 -270.093968 7.179581 0.009159 -0.016784 -0.782668 0.622145
1743665327.266989 10.022670 -270.395594 7.190298 0.008280 -0.016768 -0.780147 0.625317
1743665327.370489 9.968298 -270.712522 7.197541 0.006979 -0.016944 -0.776661 0.629652
1743665327.473989 9.925702 -270.984735 7.203798 0.005124 -0.017123 -0.771926 0.635460
1743665327.577589 9.893712 -271.247749 7.214689 0.003964 -0.018170 -0.766622 0.641829
1743665327.681089 9.862663 -271.514699 7.222929 0.003359 -0.018979 -0.760308 0.649276
1743665327.784589 9.842409 -271.771648 7.230551 0.003929 -0.019327 -0.753038 0.657682
1743665327.888089 9.827662 -272.040510 7.232096 0.004089 -0.018899 -0.744764 0.667048
1743665327.991589 9.831630 -272.298751 7.240118 0.003258 -0.018192 -0.734651 0.678194
1743665328.094989 9.843258 -272.559843 7.243714 0.002758 -0.017398 -0.723001 0.690622
1743665328.198689 9.856141 -272.822666 7.250119 0.003141 -0.015624 -0.711119 0.702891
1743665328.302189 9.885926 -273.072592 7.257783 0.003930 -0.013660 -0.698284 0.715679
1743665328.405689 9.928395 -273.311229 7.270384 0.003328 -0.011114 -0.684040 0.729352
1743665328.509089 9.999023 -273.569993 7.278928 0.001676 -0.009147 -0.668914 0.743282
1743665328.612789 10.072197 -273.828361 7.287195 -0.001137 -0.006590 -0.651745 0.758409
1743665328.716189 10.129760 -274.054928 7.295370 -0.002915 -0.005929 -0.632748 0.774329
1743665328.819689 10.258797 -274.310612 7.301233 -0.004532 -0.005766 -0.613095 0.789975
1743665328.923189 10.347863 -274.548262 7.308936 -0.005969 -0.006031 -0.591425 0.806315
1743665329.027289 10.504865 -274.830774 7.304535 -0.004664 -0.008686 -0.568438 0.822667
1743665329.130189 10.626685 -275.078969 7.327021 -0.002389 -0.013380 -0.543362 0.839388
1743665329.233689 10.762224 -275.328466 7.340062 -0.000616 -0.015892 -0.517065 0.855799
1743665329.337289 10.984597 -275.601047 7.345659 -0.001394 -0.014749 -0.490670 0.871220
1743665329.440789 11.219726 -275.852282 7.352408 -0.004281 -0.014278 -0.462723 0.886378
1743665329.544289 11.589893 -276.138093 7.381695 -0.008742 -0.013269 -0.435007 0.900287
1743665329.647789 11.887437 -276.399625 7.362848 -0.011897 -0.012880 -0.405110 0.914100
1743665329.751389 12.173269 -276.635521 7.366993 -0.011175 -0.013642 -0.373852 0.927321
1743665329.854889 12.455649 -276.858982 7.388337 -0.011388 -0.012896 -0.342631 0.939312
1743665329.958589 12.768294 -277.067313 7.419404 -0.012993 -0.009310 -0.312902 0.949651
1743665330.062389 13.116847 -277.247610 7.423478 -0.015634 -0.006397 -0.285200 0.958319
1743665330.165989 13.493703 -277.418036 7.424509 -0.018271 -0.005557 -0.258286 0.965880
1743665330.269689 13.869174 -277.569933 7.433630 -0.020864 -0.005401 -0.233109 0.972212
1743665330.373589 14.268385 -277.705096 7.439594 -0.023539 -0.005260 -0.210388 0.977320
1743665330.477489 14.705489 -277.828454 7.444666 -0.027400 -0.005907 -0.190741 0.981240
1743665330.581289 15.187706 -277.941511 7.451417 -0.031994 -0.006647 -0.174154 0.984176
1743665330.685189 15.697763 -278.076839 7.447200 -0.033050 -0.006558 -0.159716 0.986588
1743665330.789089 16.227327 -278.213590 7.453708 -0.030772 -0.006908 -0.146908 0.988647
1743665330.892989 16.797224 -278.348246 7.475694 -0.029744 -0.007340 -0.135176 0.990348
1743665330.996789 17.405728 -278.476741 7.491654 -0.030142 -0.007256 -0.123369 0.991876
1743665331.100489 18.003689 -278.618821 7.496124 -0.030615 -0.006366 -0.110100 0.993429
1743665331.204289 18.616643 -278.822395 7.506353 -0.029138 -0.005497 -0.094731 0.995061
1743665331.307989 19.255798 -278.949522 7.528907 -0.028502 -0.006582 -0.082189 0.996187
1743665331.411889 19.930243 -279.018713 7.548137 -0.030755 -0.009286 -0.071904 0.996894
1743665331.515589 20.597829 -279.084933 7.550851 -0.033034 -0.012658 -0.063030 0.997384
1743665331.619389 21.316506 -279.136882 7.562443 -0.037852 -0.014464 -0.055562 0.997633
1743665331.723189 22.042996 -279.204428 7.568084 -0.037497 -0.012493 -0.048240 0.998054
1743665331.826989 22.821832 -279.261235 7.590764 -0.033936 -0.007138 -0.041573 0.998533
1743665331.930689 23.621286 -279.327322 7.617151 -0.030764 -0.004087 -0.036263 0.998860
1743665332.034489 24.416042 -279.378193 7.636481 -0.032108 -0.004436 -0.032269 0.998954
1743665332.138289 25.181292 -279.402149 7.634205 -0.035269 -0.006336 -0.029255 0.998929
1743665332.241989 25.999684 -279.429818 7.645815 -0.037824 -0.007885 -0.027351 0.998879
1743665332.345789 26.811149 -279.451145 7.660214 -0.038330 -0.007883 -0.026026 0.998895
1743665332.449489 27.664136 -279.489467 7.665261 -0.038714 -0.007604 -0.025680 0.998891
1743665332.553289 28.527925 -279.532574 7.691574 -0.037519 -0.008289 -0.026139 0.998920
1743665332.656989 29.421499 -279.576779 7.712335 -0.036723 -0.009351 -0.027066 0.998915
1743665332.760589 30.319484 -279.621013 7.728205 -0.038066 -0.009940 -0.028297 0.998825
1743665332.864389 31.236865 -279.663192 7.742728 -0.037404 -0.008355 -0.029649 0.998825
1743665332.967989 32.168067 -279.721994 7.765943 -0.034246 -0.004935 -0.031125 0.998916
1743665333.071589 33.086004 -279.765127 7.787437 -0.031470 -0.003254 -0.032529 0.998970
1743665333.175289 33.991443 -279.831115 7.804281 -0.031127 -0.003523 -0.033964 0.998932
1743665333.278789 34.973309 -279.899033 7.811994 -0.029711 -0.005312 -0.035426 0.998916
1743665333.382589 35.922237 -279.975073 7.838014 -0.029588 -0.008255 -0.036815 0.998850
1743665333.486189 36.903227 -280.035732 7.868302 -0.029899 -0.011158 -0.038102 0.998764
1743665333.589889 37.881289 -280.105734 7.886699 -0.030556 -0.011103 -0.039164 0.998704
1743665333.693489 38.832680 -280.182771 7.913614 -0.027880 -0.007860 -0.039928 0.998783
1743665333.797089 39.792434 -280.256798 7.934585 -0.025177 -0.004286 -0.040389 0.998858
1743665333.900789 40.781801 -280.326515 7.956320 -0.025400 -0.002476 -0.040665 0.998847
1743665334.004389 41.775750 -280.396998 7.964325 -0.025719 -0.003883 -0.040712 0.998832
1743665334.107989 42.746191 -280.471629 7.994174 -0.025840 -0.007485 -0.040743 0.998807
1743665334.211689 43.743789 -280.545868 8.029331 -0.026754 -0.010229 -0.040657 0.998763
1743665334.315389 44.766602 -280.623058 8.042627 -0.028961 -0.009337 -0.040657 0.998710
1743665334.418989 45.783660 -280.698640 8.066443 -0.028995 -0.006501 -0.040436 0.998740
1743665334.522589 46.770175 -280.761593 8.087799 -0.030094 -0.004170 -0.040209 0.998729
1743665334.626189 47.802221 -280.832332 8.106402 -0.031720 -0.004030 -0.040070 0.998685
1743665334.729789 48.814618 -280.899249 8.128128 -0.033525 -0.003158 -0.039812 0.998640
1743665334.833389 49.820144 -280.958531 8.134167 -0.036438 -0.000090 -0.039358 0.998561
1743665334.937189 50.857824 -281.033808 8.157114 -0.036627 0.002422 -0.039065 0.998562
1743665335.040889 51.870095 -281.103436 8.165572 -0.038033 0.001918 -0.038292 0.998541
1743665335.144389 52.894865 -281.172364 8.173149 -0.038840 0.000293 -0.037699 0.998534
1743665335.248089 53.899970 -281.242053 8.186002 -0.037043 -0.000437 -0.037146 0.998623
1743665335.351789 54.935518 -281.311430 8.199954 -0.035864 -0.002425 -0.037065 0.998666
1743665335.455389 55.989740 -281.379849 8.224808 -0.038155 -0.005910 -0.037444 0.998553
1743665335.559089 57.050272 -281.461159 8.233428 -0.036233 -0.007073 -0.038061 0.998593
1743665335.662689 58.004993 -281.531215 8.269536 -0.033519 -0.004351 -0.038594 0.998683
1743665335.766589 58.978468 -281.593665 8.272615 -0.036344 -0.002247 -0.039327 0.998563
1743665335.870089 60.005040 -281.669150 8.306300 -0.036091 -0.002737 -0.040222 0.998535
1743665335.973689 61.018967 -281.734061 8.324535 -0.040303 -0.004394 -0.041385 0.998320
1743665336.077389 62.067492 -281.810659 8.347774 -0.041767 -0.004142 -0.043496 0.998172
1743665336.180889 63.084240 -281.870794 8.367454 -0.043433 -0.001789 -0.044914 0.998045
1743665336.284589 64.096293 -281.964738 8.370517 -0.043131 0.001509 -0.046139 0.998002
1743665336.388189 65.091557 -282.057756 8.388827 -0.041329 0.002862 -0.046934 0.998039
1743665336.491789 66.103997 -282.148141 8.390433 -0.039051 0.000982 -0.046890 0.998136
1743665336.595389 67.109248 -282.243332 8.424352 -0.036788 -0.002311 -0.046561 0.998235
1743665336.698989 68.118614 -282.333068 8.431959 -0.036847 -0.003148 -0.045086 0.998298
1743665336.802589 69.145267 -282.424392 8.436861 -0.035502 -0.000256 -0.043787 0.998410
1743665336.906189 70.172386 -282.498588 8.460673 -0.035227 0.002138 -0.042224 0.998485
1743665337.009689 71.190377 -282.561177 8.461762 -0.036044 0.001213 -0.041299 0.998496
1743665337.113289 72.231701 -282.634095 8.484998 -0.039037 -0.004525 -0.039957 0.998428
1743665337.217089 73.258688 -282.706637 8.499368 -0.041715 -0.008906 -0.038804 0.998336
1743665337.320689 74.238181 -282.767029 8.531007 -0.041250 -0.008559 -0.037435 0.998411
1743665337.424289 75.222534 -282.830930 8.552228 -0.040279 -0.004706 -0.036630 0.998506
1743665337.527989 76.257567 -282.902355 8.575993 -0.040932 -0.002658 -0.036129 0.998505
1743665337.631589 77.269178 -282.954960 8.596398 -0.042749 -0.003047 -0.035600 0.998447
1743665337.735289 78.284984 -283.013656 8.620980 -0.043275 -0.004636 -0.035926 0.998406
1743665337.838889 79.278500 -283.069049 8.635220 -0.044798 -0.005624 -0.036378 0.998318
1743665337.942589 80.269234 -283.139996 8.664532 -0.044105 -0.005890 -0.037077 0.998321
1743665338.046389 81.291871 -283.201871 8.682710 -0.042614 -0.004579 -0.037745 0.998368
1743665338.149989 82.306212 -283.276980 8.707191 -0.040752 -0.002867 -0.038689 0.998416
1743665338.253589 83.288126 -283.355241 8.730318 -0.038742 -0.002879 -0.039490 0.998464
1743665338.357189 84.298064 -283.416995 8.762356 -0.038467 -0.006470 -0.039836 0.998445
1743665338.460989 85.295900 -283.486065 8.789295 -0.038872 -0.009110 -0.040414 0.998385
1743665338.564589 86.313689 -283.570322 8.809946 -0.038218 -0.005922 -0.041165 0.998404
1743665338.668289 87.334167 -283.670651 8.807422 -0.033876 0.000239 -0.041916 0.998547
1743665338.771889 88.367904 -283.752444 8.829189 -0.031760 0.002316 -0.042702 0.998580
1743665338.875589 89.353435 -283.815424 8.853423 -0.034204 -0.002695 -0.043286 0.998473
1743665338.979289 90.316776 -283.881739 8.885028 -0.036592 -0.009485 -0.044034 0.998315
1743665339.082889 91.249087 -283.947198 8.913406 -0.037185 -0.012772 -0.045257 0.998201
1743665339.186489 92.207375 -284.034101 8.936538 -0.035778 -0.009946 -0.046666 0.998220
1743665339.290289 93.228194 -284.141556 8.960375 -0.034509 -0.004480 -0.048074 0.998237
1743665339.393889 94.270686 -284.249143 8.981580 -0.032846 -0.000548 -0.049922 0.998213
1743665339.497489 95.268602 -284.335108 8.998692 -0.032246 0.000318 -0.051783 0.998138
1743665339.601189 96.258132 -284.435500 9.016516 -0.031502 -0.002197 -0.053623 0.998062
1743665339.704889 97.273357 -284.532129 9.044170 -0.033484 -0.005201 -0.055868 0.997863
1743665339.808489 98.270427 -284.638912 9.048211 -0.035119 -0.006355 -0.058422 0.997654
1743665339.912189 99.287783 -284.765478 9.081396 -0.033318 -0.005717 -0.061305 0.997546
1743665340.015789 100.272161 -284.888959 9.098520 -0.030875 -0.004672 -0.064596 0.997423
1743665340.119589 101.253114 -285.006413 9.124469 -0.032827 -0.003722 -0.067747 0.997155
1743665340.223189 102.252787 -285.157088 9.144512 -0.028247 -0.002373 -0.070586 0.997103
1743665340.326889 103.242461 -285.296019 9.159061 -0.026951 -0.001228 -0.073326 0.996943
1743665340.430489 104.229131 -285.463928 9.192067 -0.024233 -0.001580 -0.075968 0.996815
1743665340.534189 105.193788 -285.601448 9.220825 -0.023245 -0.002038 -0.078577 0.996635
1743665340.637789 106.153508 -285.743710 9.221860 -0.025359 -0.002392 -0.080369 0.996440
1743665340.741489 107.125400 -285.892326 9.245621 -0.027890 -0.003324 -0.081897 0.996245
1743665340.845089 108.097485 -286.047498 9.273144 -0.028918 -0.004565 -0.083434 0.996083
1743665340.948889 109.068895 -286.198494 9.292133 -0.029741 -0.004980 -0.084349 0.995980
1743665341.052489 110.021204 -286.350408 9.310006 -0.029489 -0.004142 -0.084602 0.995970
1743665341.156089 110.977441 -286.519778 9.333113 -0.027264 -0.003327 -0.084032 0.996084
1743665341.259789 111.921519 -286.680032 9.365312 -0.025014 -0.003484 -0.083031 0.996227
1743665341.363289 112.884262 -286.834616 9.378617 -0.022337 -0.003278 -0.081908 0.996384
1743665341.466889 113.838113 -286.990430 9.402373 -0.020784 -0.002022 -0.080006 0.996576
1743665341.570589 114.801514 -287.144098 9.422571 -0.020358 -0.001307 -0.077939 0.996749
1743665341.674189 115.749183 -287.278638 9.442389 -0.020574 -0.002762 -0.076130 0.996882
1743665341.777889 116.676789 -287.409990 9.465093 -0.020442 -0.005735 -0.074245 0.997014
1743665341.881589 117.616449 -287.548528 9.495778 -0.019384 -0.008158 -0.073351 0.997084
1743665341.985389 118.542282 -287.673495 9.511423 -0.018276 -0.006879 -0.072287 0.997193
1743665342.088989 119.490284 -287.807851 9.538123 -0.015036 -0.003484 -0.071300 0.997335
1743665342.192689 120.382929 -287.959457 9.558353 -0.008439 0.000182 -0.070518 0.997475
1743665342.296489 121.262398 -288.102934 9.569926 -0.004569 0.002654 -0.070101 0.997526
1743665342.399989 122.162059 -288.230471 9.586364 -0.002735 0.002474 -0.070465 0.997507
1743665342.503689 123.019276 -288.354346 9.600692 -0.002730 -0.000463 -0.071065 0.997468
1743665342.607289 123.900772 -288.461419 9.610742 -0.004333 -0.003601 -0.071958 0.997392
1743665342.710989 124.753548 -288.581380 9.630097 -0.004965 -0.003984 -0.073249 0.997293
1743665342.814689 125.574568 -288.702056 9.641447 -0.004131 -0.001980 -0.074802 0.997188
1743665342.918489 126.420529 -288.831935 9.654233 -0.004315 0.000409 -0.076928 0.997027
1743665343.022089 127.258726 -288.960785 9.671231 -0.003977 0.001147 -0.079879 0.996796
1743665343.125789 128.052217 -289.100395 9.681084 -0.003834 0.000789 -0.083217 0.996524
1743665343.229489 128.864885 -289.237136 9.691181 -0.003050 -0.000363 -0.086870 0.996215
1743665343.333089 129.611449 -289.365697 9.710061 -0.002345 -0.001713 -0.091099 0.995838
1743665343.436889 130.362613 -289.506026 9.725989 -0.002100 -0.002530 -0.095920 0.995384
1743665343.540489 131.115512 -289.660309 9.737992 -0.003710 -0.001995 -0.100858 0.994892
1743665343.644089 131.824970 -289.808589 9.742686 -0.005165 -0.000639 -0.105580 0.994397
1743665343.747889 132.534935 -289.958767 9.759537 -0.006106 -0.001514 -0.110356 0.993872
1743665343.851489 133.187160 -290.107124 9.787456 -0.007797 -0.004373 -0.114927 0.993334
1743665343.955089 133.820321 -290.248345 9.815273 -0.009857 -0.007499 -0.119547 0.992751
1743665344.058789 134.454454 -290.406728 9.827547 -0.012095 -0.008217 -0.123515 0.992235
1743665344.162289 135.068233 -290.558250 9.846842 -0.013045 -0.005593 -0.127072 0.991792
1743665344.265889 135.667767 -290.715663 9.849742 -0.012936 -0.001140 -0.129869 0.991446
1743665344.369489 136.242440 -290.882300 9.852045 -0.011009 0.001523 -0.131990 0.991189
1743665344.473189 136.772654 -291.041543 9.883441 -0.007784 0.001966 -0.133309 0.991042
1743665344.576789 137.309489 -291.182005 9.892276 -0.006092 0.000782 -0.133686 0.991005
1743665344.680389 137.847122 -291.311833 9.896485 -0.006905 -0.001875 -0.133076 0.991080
1743665344.783989 138.370226 -291.449049 9.916050 -0.008630 -0.004698 -0.131481 0.991270
1743665344.887489 138.916456 -291.588370 9.921591 -0.006055 -0.006635 -0.128344 0.991689
1743665344.991089 139.445255 -291.734320 9.924668 -0.002252 -0.006510 -0.123731 0.992292
1743665345.094689 139.973245 -291.856187 9.939346 0.000345 -0.004796 -0.117476 0.993064
1743665345.198089 140.541265 -291.968086 9.949200 -0.000803 -0.002281 -0.109409 0.993994
1743665345.301689 141.060259 -292.069996 9.951850 -0.002225 -0.000226 -0.098621 0.995123
1743665345.404989 141.587803 -292.157877 9.976658 -0.001675 0.000610 -0.085237 0.996359
1743665345.508289 142.103198 -292.226351 9.986588 -0.000424 -0.000528 -0.069819 0.997559
1743665345.611889 142.602955 -292.272463 9.998793 -0.000296 -0.002983 -0.052713 0.998605
1743665345.715289 143.155126 -292.277712 9.999527 -0.001104 -0.005653 -0.033626 0.999418
1743665345.818489 143.692736 -292.276639 10.002350 -0.001675 -0.007590 -0.012015 0.999898
1743665345.921989 144.191798 -292.277289 10.016367 -0.001424 -0.007432 0.011575 0.999904
1743665346.025189 144.755858 -292.196904 10.028155 -0.001218 -0.005692 0.035643 0.999348
1743665346.128489 145.269577 -292.088286 10.034543 -0.001890 -0.003655 0.061455 0.998101
1743665346.231789 145.809102 -291.968627 10.048811 -0.002110 -0.002103 0.088451 0.996076
1743665346.335189 146.357902 -291.813732 10.061510 -0.003262 -0.001405 0.116486 0.993186
1743665346.438489 146.890218 -291.630353 10.065593 -0.004667 -0.000451 0.145190 0.989393
1743665346.541889 147.404150 -291.417322 10.069321 -0.006185 0.000662 0.174512 0.984635
1743665346.645189 147.899446 -291.186186 10.054097 -0.006428 0.001968 0.204059 0.978936
1743665346.748689 148.396728 -290.914562 10.071886 -0.006784 0.003876 0.233584 0.972305
1743665346.852189 148.874264 -290.619379 10.077022 -0.008604 0.006026 0.263288 0.964660
1743665346.955689 149.337349 -290.279072 10.070702 -0.010651 0.007913 0.292975 0.956028
1743665347.059189 149.793839 -289.895616 10.068749 -0.013126 0.008432 0.322562 0.946420
1743665347.162689 150.213882 -289.497861 10.049967 -0.015798 0.008908 0.351544 0.935996
1743665347.266389 150.628281 -289.089996 10.030916 -0.015955 0.011316 0.378971 0.925202
1743665347.369989 151.015738 -288.631713 10.011657 -0.016361 0.012720 0.405230 0.913980
1743665347.473789 151.390601 -288.157328 9.996818 -0.016016 0.012254 0.430224 0.902497
1743665347.577489 151.749806 -287.656722 9.981500 -0.015326 0.010280 0.453063 0.891288
1743665347.681189 152.098158 -287.131097 9.964428 -0.013830 0.006645 0.473750 0.880526
1743665347.785089 152.441262 -286.464173 9.942090 -0.016312 0.000947 0.490322 0.871388
1743665347.888989 152.760568 -285.860086 9.916274 -0.019399 -0.000807 0.503665 0.863681
1743665347.992989 153.079079 -285.266147 9.900363 -0.022807 0.000216 0.513339 0.857883
1743665348.097089 153.396673 -284.599407 9.888814 -0.025848 0.002245 0.519657 0.853981
1743665348.201189 153.710728 -283.952946 9.869306 -0.027866 0.003655 0.523827 0.851361
1743665348.305189 154.032849 -283.278303 9.847500 -0.029801 0.003590 0.526018 0.849943
1743665348.409289 154.351403 -282.598537 9.825048 -0.031312 0.001795 0.526254 0.849749
1743665348.513289 154.684851 -281.900112 9.799920 -0.032701 0.000119 0.525771 0.849998
1743665348.617289 155.028202 -281.204350 9.775880 -0.032479 -0.000128 0.525307 0.850292
1743665348.721289 155.372514 -280.510356 9.753935 -0.033498 -0.001213 0.524298 0.850875
1743665348.825289 155.712836 -279.801711 9.731921 -0.033911 -0.002272 0.522903 0.851714
1743665348.929089 156.068859 -279.094727 9.709667 -0.034416 -0.004077 0.521530 0.852529
1743665349.032989 156.414744 -278.367350 9.685317 -0.035868 -0.007636 0.520037 0.853356
1743665349.136689 156.798802 -277.610549 9.667881 -0.036665 -0.009472 0.518299 0.854361
1743665349.240589 157.171068 -276.883726 9.647997 -0.036433 -0.009028 0.516550 0.855434
1743665349.344289 157.569493 -276.118433 9.627681 -0.037801 -0.008778 0.514724 0.856477
1743665349.447989 157.972844 -275.357184 9.610356 -0.037073 -0.007214 0.513133 0.857478
1743665349.551689 158.395352 -274.563267 9.592015 -0.037116 -0.007218 0.511977 0.858166
1743665349.655289 158.820297 -273.765028 9.571433 -0.036708 -0.007460 0.511219 0.858634
1743665349.758889 159.262592 -272.950309 9.550210 -0.035235 -0.007551 0.510712 0.858997
1743665349.862589 159.698593 -272.142319 9.533291 -0.035841 -0.008293 0.510427 0.859134
1743665349.966189 160.151564 -271.296309 9.508326 -0.037131 -0.007176 0.510202 0.859223
1743665350.069789 160.620155 -270.429720 9.491488 -0.038838 -0.004942 0.509577 0.859534
1743665350.173389 161.073015 -269.613960 9.461675 -0.037668 -0.002443 0.508521 0.860222
1743665350.277189 161.525529 -268.763600 9.434030 -0.037869 -0.004777 0.506939 0.861136
1743665350.380689 161.972661 -267.932428 9.422017 -0.037258 -0.008486 0.505439 0.862016
1743665350.484489 162.424525 -267.117798 9.411498 -0.036652 -0.011106 0.503719 0.863018
1743665350.588189 162.900084 -266.246261 9.390113 -0.036864 -0.010969 0.501436 0.864340
1743665350.691889 163.384353 -265.418317 9.376137 -0.037219 -0.008189 0.498592 0.865999
1743665350.795589 163.882332 -264.560443 9.358914 -0.038391 -0.006133 0.494895 0.868083
1743665350.900489 164.371819 -263.729239 9.344020 -0.038942 -0.005894 0.490342 0.870640
1743665351.002889 164.888677 -262.891739 9.331794 -0.039136 -0.007366 0.485765 0.873182
1743665351.106789 165.397577 -262.051536 9.321551 -0.038132 -0.007980 0.481192 0.875749
1743665351.210289 165.924245 -261.258393 9.308146 -0.036505 -0.007468 0.476681 0.878286
1743665351.314089 166.450249 -260.454621 9.298434 -0.036258 -0.006706 0.472010 0.880822
1743665351.417689 166.984928 -259.648990 9.283987 -0.034439 -0.004685 0.467607 0.883253
1743665351.521389 167.550145 -258.854534 9.282012 -0.032923 -0.002383 0.463360 0.885555
1743665351.624989 168.110560 -258.061731 9.259899 -0.032050 -0.000840 0.460216 0.887228
1743665351.728589 168.680687 -257.270108 9.245106 -0.029682 0.000576 0.457842 0.888538
1743665351.832189 169.251346 -256.508557 9.235127 -0.025230 0.001769 0.456441 0.889394
1743665351.935589 169.811916 -255.743180 9.218017 -0.022500 0.002855 0.456178 0.889600
1743665352.039189 170.379076 -254.954783 9.198769 -0.021228 0.004381 0.456908 0.889250
1743665352.142689 170.963742 -254.143315 9.165619 -0.020090 0.006583 0.458774 0.888302
1743665352.246289 171.527046 -253.323163 9.151404 -0.019625 0.007946 0.461270 0.887007
1743665352.349789 172.097586 -252.533496 9.128493 -0.016526 0.009822 0.464315 0.885461
1743665352.453389 172.646358 -251.700276 9.105824 -0.017633 0.009230 0.467521 0.883758
1743665352.556989 173.194714 -250.876263 9.070423 -0.017012 0.009040 0.471207 0.881812
1743665352.660689 173.725680 -250.051009 9.058156 -0.015573 0.007380 0.475127 0.879748
1743665352.764289 174.248190 -249.239619 9.034720 -0.012956 0.005880 0.478789 0.877814
1743665352.867889 174.769389 -248.423884 9.024646 -0.011999 0.005912 0.481812 0.876172
1743665352.971589 175.309777 -247.573221 9.003293 -0.011629 0.009845 0.485642 0.874025
1743665353.075289 175.846372 -246.715207 8.986871 -0.009596 0.014434 0.489247 0.871973
1743665353.178989 176.358208 -245.876852 8.967547 -0.008179 0.016829 0.492567 0.870073
1743665353.282589 176.863204 -245.030118 8.944752 -0.006615 0.017937 0.495904 0.868167
1743665353.386289 177.362651 -244.170220 8.913383 -0.005258 0.017975 0.499356 0.866195
1743665353.489989 177.858584 -243.294039 8.892583 -0.003103 0.017628 0.502707 0.864272
1743665353.593589 178.349475 -242.436310 8.870235 -0.000781 0.017123 0.505879 0.862434
1743665353.697289 178.823396 -241.580390 8.847311 -0.000014 0.017088 0.508487 0.860900
1743665353.800889 179.300601 -240.715416 8.830272 0.000263 0.018899 0.510769 0.859510
1743665353.904689 179.771314 -239.834005 8.804849 0.000328 0.021524 0.512801 0.858238
1743665354.008289 180.222593 -238.948658 8.779027 -0.001806 0.021461 0.514613 0.857152
1743665354.111989 180.689758 -238.071982 8.749684 -0.002591 0.022211 0.515747 0.856449
1743665354.215589 181.135900 -237.215853 8.722399 -0.003555 0.021936 0.516389 0.856066
1743665354.319389 181.580523 -236.346044 8.693804 -0.004578 0.019908 0.516457 0.856069
1743665354.423189 182.017311 -235.479174 8.673816 -0.003640 0.016937 0.516280 0.856245
1743665354.526789 182.477110 -234.594959 8.647894 -0.002850 0.014860 0.516443 0.856188
1743665354.630489 182.936143 -233.739307 8.630702 -0.001404 0.015833 0.515961 0.856464
1743665354.734189 183.384263 -232.882568 8.625304 -0.001318 0.014845 0.515139 0.856977
1743665354.837789 183.829652 -232.037670 8.598578 -0.003270 0.011071 0.513914 0.857764
1743665354.941489 184.259969 -231.193861 8.584121 -0.004306 0.008700 0.512335 0.858731
1743665355.045189 184.723050 -230.324662 8.573351 -0.005970 0.009592 0.511013 0.859499
1743665355.148789 185.183461 -229.475255 8.568495 -0.008227 0.011325 0.509887 0.860127
1743665355.252589 185.630970 -228.654627 8.546764 -0.009178 0.012822 0.509042 0.860597
1743665355.355989 186.093035 -227.818261 8.533240 -0.008341 0.014639 0.508805 0.860717
1743665355.459789 186.548548 -226.986777 8.505267 -0.008407 0.015579 0.509009 0.860579
1743665355.563389 186.990316 -226.172963 8.489941 -0.007753 0.015943 0.509444 0.860321
1743665355.666989 187.405662 -225.401408 8.474598 -0.007547 0.014407 0.510041 0.859996
1743665355.770589 187.850798 -224.568104 8.458919 -0.007684 0.012188 0.510220 0.859923
1743665355.874389 188.291721 -223.747779 8.437414 -0.009102 0.010823 0.510602 0.859701
1743665355.977989 188.722161 -222.934144 8.417476 -0.009769 0.012239 0.511245 0.859292
1743665356.081689 189.144750 -222.158519 8.398153 -0.009250 0.015257 0.511849 0.858890
1743665356.185389 189.572281 -221.373741 8.388025 -0.008508 0.017997 0.512458 0.858481
1743665356.289089 189.973530 -220.616571 8.357737 -0.009433 0.017891 0.512972 0.858167
1743665356.392689 190.373687 -219.858825 8.341306 -0.007487 0.015469 0.513678 0.857811
1743665356.496289 190.764556 -219.102080 8.332592 -0.005388 0.011345 0.514549 0.857369
1743665356.599989 191.147161 -218.373034 8.313303 -0.003897 0.010553 0.515149 0.857027
1743665356.703689 191.545640 -217.636288 8.302828 -0.005847 0.012746 0.515836 0.856572
1743665356.807389 191.929418 -216.898100 8.280575 -0.006879 0.017645 0.516882 0.855847
1743665356.910989 192.277688 -216.231963 8.274179 -0.007002 0.019479 0.517997 0.855132
1743665357.014589 192.625200 -215.542932 8.265044 -0.006988 0.017250 0.518889 0.854639
1743665357.118489 192.967490 -214.865067 8.247860 -0.007413 0.013685 0.519493 0.854333
1743665357.222089 193.289828 -214.218487 8.231239 -0.008716 0.011902 0.519869 0.854118
1743665357.325689 193.622384 -213.573190 8.214435 -0.008642 0.012941 0.520340 0.853817
1743665357.429289 193.930491 -212.945768 8.209114 -0.010813 0.013089 0.520913 0.853441
1743665357.533089 194.237842 -212.334338 8.196884 -0.012727 0.013543 0.521403 0.853108
1743665357.636689 194.543561 -211.743927 8.168923 -0.015109 0.014585 0.521861 0.852772
1743665357.740289 194.826601 -211.180896 8.160978 -0.014630 0.016647 0.522293 0.852478
1743665357.844089 195.099638 -210.641517 8.153353 -0.012668 0.017059 0.522646 0.852285
1743665357.947689 195.358376 -210.114138 8.148467 -0.011902 0.014902 0.522438 0.852464
1743665358.051389 195.617601 -209.600258 8.131385 -0.012197 0.012391 0.521848 0.852861
1743665358.154989 195.862116 -209.106347 8.110212 -0.012316 0.012344 0.521167 0.853276
1743665358.258789 196.105680 -208.645613 8.104428 -0.012281 0.013471 0.519799 0.854094
1743665358.362389 196.345149 -208.201872 8.091279 -0.012443 0.014592 0.517776 0.855301
1743665358.466089 196.570006 -207.770096 8.088062 -0.012822 0.014691 0.515487 0.856675
1743665358.569689 196.781116 -207.376596 8.080111 -0.011849 0.014508 0.513079 0.858137
1743665358.673489 196.971570 -207.020540 8.071579 -0.011202 0.014203 0.510050 0.859955
1743665358.777189 197.182285 -206.666964 8.063931 -0.011611 0.015043 0.506545 0.862004
1743665358.880989 197.370202 -206.332273 8.047258 -0.013336 0.016713 0.502954 0.864049
1743665358.984689 197.542283 -206.034601 8.033221 -0.014946 0.018597 0.498760 0.866412
1743665359.088289 197.708636 -205.760473 8.029524 -0.016114 0.019175 0.494412 0.868867
1743665359.192089 197.857366 -205.511352 8.027176 -0.016950 0.018812 0.489862 0.871432
1743665359.295789 198.011228 -205.275680 8.022756 -0.016950 0.018405 0.485163 0.874066
1743665359.399389 198.145376 -205.076310 8.015552 -0.016547 0.018025 0.480643 0.876575
1743665359.503089 198.283154 -204.873496 8.013003 -0.015395 0.017226 0.476358 0.878948
1743665359.606789 198.409226 -204.687092 8.013138 -0.014547 0.015800 0.472029 0.881321
1743665359.710389 198.548673 -204.489306 8.004941 -0.014660 0.013705 0.467700 0.883660
1743665359.813989 198.683675 -204.298937 7.993356 -0.015009 0.011980 0.463255 0.886017
1743665359.917689 198.821381 -204.100283 7.982436 -0.015026 0.010291 0.458991 0.888254
1743665360.021389 198.963508 -203.913886 7.981306 -0.013747 0.009286 0.454810 0.890434
1743665360.124989 199.109688 -203.734017 7.976482 -0.012776 0.008557 0.450870 0.892457
1743665360.228689 199.252072 -203.543981 7.968877 -0.012891 0.007639 0.446716 0.894550
1743665360.332389 199.401011 -203.352768 7.967604 -0.014734 0.006351 0.442649 0.896551
1743665360.435989 199.529619 -203.176565 7.961365 -0.017537 0.005140 0.438712 0.898442
1743665360.539689 199.682679 -202.987332 7.938414 -0.019082 0.004098 0.435099 0.900171
1743665360.643289 199.834868 -202.798578 7.933684 -0.017507 0.002232 0.431550 0.901916
1743665360.746889 200.019847 -202.583166 7.940523 -0.014349 -0.000704 0.428119 0.903608
1743665360.850489 200.221766 -202.349023 7.948847 -0.011676 -0.003098 0.424881 0.905169
1743665360.954189 200.440055 -202.097214 7.942821 -0.011427 -0.004930 0.421934 0.906541
1743665361.057789 200.681417 -201.805560 7.937345 -0.012696 -0.005023 0.419635 0.907590
1743665361.161389 200.943524 -201.500776 7.928578 -0.013682 -0.004802 0.418508 0.908097
1743665361.264889 201.203408 -201.186453 7.926974 -0.015439 -0.005843 0.418739 0.907956
1743665361.368489 201.482683 -200.841622 7.916474 -0.017472 -0.007645 0.420003 0.907322
1743665361.471989 201.762787 -200.481710 7.904838 -0.017980 -0.007298 0.421997 0.906390
1743665361.575489 202.096732 -200.095957 7.914616 -0.016597 -0.004794 0.424418 0.905302
1743665361.679089 202.431136 -199.696483 7.912279 -0.016417 -0.002309 0.427293 0.903961
1743665361.782689 202.766933 -199.262206 7.909598 -0.017503 0.000588 0.430876 0.902241
1743665361.886189 203.102247 -198.818700 7.889975 -0.020148 0.003596 0.435254 0.900075
1743665361.989789 203.442274 -198.367925 7.874294 -0.022109 0.005462 0.439963 0.897727
1743665362.093389 203.803581 -197.890030 7.864564 -0.022459 0.007866 0.445237 0.895097
1743665362.196989 204.176104 -197.400351 7.843595 -0.020313 0.010364 0.450334 0.892569
1743665362.300689 204.536689 -196.891727 7.836303 -0.017457 0.010922 0.455428 0.890035
1743665362.404289 204.910101 -196.367849 7.822433 -0.014915 0.009435 0.460980 0.887235
1743665362.507889 205.273535 -195.828734 7.790766 -0.013348 0.008469 0.466536 0.884361
1743665362.611489 205.650321 -195.279378 7.768626 -0.010636 0.007983 0.472127 0.881430
1743665362.715289 206.060831 -194.653502 7.749337 -0.007255 0.008165 0.477448 0.878592
1743665362.818889 206.418036 -194.081923 7.727743 -0.004566 0.009984 0.482423 0.875869
1743665362.922589 206.794156 -193.494910 7.725448 -0.002302 0.011711 0.487090 0.873270
1743665363.026389 207.160121 -192.887128 7.716739 -0.001864 0.012864 0.491324 0.870880
1743665363.130089 207.527088 -192.254738 7.695094 -0.002597 0.014403 0.495099 0.868713
1743665363.233789 207.908902 -191.607657 7.665146 -0.002187 0.018252 0.498188 0.866874
1743665363.337589 208.298743 -190.959443 7.652146 -0.001071 0.022667 0.500424 0.865483
1743665363.441289 208.684444 -190.304539 7.640306 -0.000629 0.024662 0.501864 0.864595
1743665363.544889 209.055961 -189.639488 7.614513 0.001195 0.024520 0.502868 0.864014
1743665363.648689 209.443319 -188.953965 7.591133 0.002319 0.022636 0.503541 0.863671
1743665363.752389 209.832530 -188.274482 7.563954 0.001193 0.021661 0.504079 0.863385
1743665363.855989 210.224320 -187.574044 7.536367 -0.001088 0.021634 0.504601 0.863081
1743665363.959789 210.603364 -186.865215 7.512771 -0.001992 0.022068 0.504972 0.862851
1743665364.063389 210.994990 -186.134448 7.486351 -0.002492 0.020304 0.505502 0.862583
1743665364.167089 211.401392 -185.418130 7.457972 -0.001771 0.018016 0.505553 0.862605
1743665364.270689 211.813071 -184.676310 7.441870 -0.002145 0.014877 0.505736 0.862557
1743665364.374489 212.205607 -183.920482 7.415705 -0.004295 0.012362 0.505465 0.862748
1743665364.478089 212.635428 -183.156769 7.393939 -0.004735 0.013237 0.505368 0.862789
1743665364.581689 213.047896 -182.400841 7.371543 -0.004156 0.016728 0.505331 0.862754
1743665364.685389 213.480288 -181.625667 7.347169 -0.004915 0.019896 0.505279 0.862713
1743665364.789089 213.910036 -180.865775 7.313998 -0.005177 0.022011 0.504946 0.862854
1743665364.892789 214.323943 -180.108339 7.294306 -0.006833 0.020885 0.504821 0.862944
1743665364.996389 214.771006 -179.323182 7.263489 -0.008265 0.018461 0.504153 0.863377
1743665365.099989 215.187171 -178.567533 7.242936 -0.008313 0.016181 0.503853 0.863598
1743665365.203589 215.610736 -177.794950 7.210359 -0.007371 0.016624 0.503906 0.863567
1743665365.307189 216.038279 -177.031764 7.188152 -0.007547 0.016911 0.504129 0.863430
1743665365.410889 216.481572 -176.270075 7.161692 -0.006800 0.018598 0.504112 0.863411
1743665365.514489 216.889543 -175.526744 7.146555 -0.007501 0.018251 0.504368 0.863264
1743665365.618189 217.319898 -174.750951 7.114821 -0.008479 0.018309 0.504359 0.863258
1743665365.721889 217.759525 -173.989142 7.088248 -0.008497 0.019370 0.504310 0.863264
1743665365.825489 218.172044 -173.235715 7.063111 -0.006584 0.020903 0.504318 0.863240
1743665365.929089 218.612523 -172.457895 7.036995 -0.004852 0.019215 0.504538 0.863162
1743665366.032789 219.015837 -171.742569 7.026201 -0.003001 0.015382 0.504853 0.863063
1743665366.136389 219.425296 -171.024462 7.008031 -0.002039 0.013537 0.505500 0.862718
1743665366.240189 219.850191 -170.262240 6.988148 -0.000597 0.016659 0.506161 0.862278
1743665366.343789 220.259602 -169.529014 6.964860 -0.002062 0.019257 0.506330 0.862122
1743665366.447389 220.671485 -168.779124 6.951320 -0.003659 0.018479 0.506545 0.862008
1743665366.551089 221.057386 -168.051197 6.937160 -0.004007 0.016821 0.507037 0.861751
1743665366.654789 221.446212 -167.385830 6.928336 -0.001758 0.017665 0.507311 0.861580
1743665366.758389 221.818625 -166.712520 6.913094 -0.002571 0.018269 0.507961 0.861182
1743665366.861989 222.190381 -166.023353 6.893868 -0.002207 0.020085 0.508619 0.860754
1743665366.965589 222.547013 -165.374396 6.885241 -0.002018 0.020156 0.509801 0.860054
1743665367.069389 222.891003 -164.735298 6.872184 -0.001495 0.020462 0.511724 0.858905
1743665367.173089 223.211636 -164.118667 6.854064 -0.002359 0.020621 0.513648 0.857750
1743665367.276589 223.513792 -163.527981 6.840130 -0.004144 0.019779 0.516353 0.856137
1743665367.380289 223.813031 -162.931975 6.824389 -0.005730 0.020218 0.519784 0.854039
1743665367.483889 224.085835 -162.364584 6.813750 -0.007151 0.020183 0.523589 0.851702
1743665367.587589 224.337816 -161.835776 6.796907 -0.007187 0.018424 0.528014 0.849006
1743665367.691189 224.580374 -161.307614 6.784429 -0.004301 0.016499 0.533354 0.845720
1743665367.794689 224.828969 -160.780182 6.780806 -0.000756 0.014783 0.540346 0.841312
1743665367.898189 225.058740 -160.236997 6.768177 0.001112 0.013680 0.549192 0.835583
1743665368.001589 225.265440 -159.704792 6.756320 0.000449 0.013711 0.560646 0.827942
1743665368.105089 225.452824 -159.142727 6.747474 -0.002240 0.014779 0.573167 0.819302
1743665368.208589 225.621601 -158.585992 6.738025 -0.004552 0.015932 0.586715 0.809624
1743665368.312089 225.741422 -158.033628 6.730997 -0.006997 0.016491 0.600249 0.799613
1743665368.415589 225.858116 -157.477244 6.714978 -0.010164 0.016092 0.614617 0.788596
1743665368.519189 225.963909 -156.977476 6.703503 -0.011806 0.016043 0.628977 0.777169
1743665368.622689 226.041849 -156.401168 6.683302 -0.013045 0.015572 0.642627 0.765910
1743665368.726289 226.093487 -155.846018 6.672022 -0.014119 0.015443 0.655819 0.754628
1743665368.829889 226.146711 -155.306044 6.653851 -0.015601 0.014780 0.669246 0.742730
1743665368.934089 226.152182 -154.728914 6.638332 -0.017398 0.012276 0.681827 0.731204
1743665369.037289 226.151148 -154.175601 6.608579 -0.019511 0.009529 0.693634 0.720000
1743665369.141089 226.135543 -153.609811 6.578574 -0.022072 0.008362 0.703439 0.710363
1743665369.244789 226.111737 -152.996057 6.546632 -0.023860 0.009666 0.711350 0.702366
1743665369.348589 226.085621 -152.401252 6.534094 -0.027335 0.011782 0.717626 0.695792
1743665369.452589 226.041623 -151.756591 6.507765 -0.030622 0.013156 0.722286 0.690791
1743665369.556389 225.984920 -151.116256 6.472628 -0.032962 0.011746 0.726230 0.686560
1743665369.660289 225.923727 -150.506998 6.429748 -0.034870 0.010804 0.729427 0.683084
1743665369.764389 225.878775 -149.834662 6.395616 -0.035408 0.010939 0.731244 0.681109
1743665369.867889 225.823397 -149.150619 6.341112 -0.033627 0.011919 0.732133 0.680227
1743665369.971789 225.774870 -148.470077 6.306458 -0.032139 0.013625 0.732783 0.679566
1743665370.075489 225.732172 -147.762697 6.266680 -0.030492 0.013818 0.733382 0.678992
1743665370.179589 225.669922 -147.046436 6.220553 -0.027677 0.013363 0.733487 0.679009
1743665370.282889 225.630636 -146.311992 6.178352 -0.024402 0.013363 0.733681 0.678924
1743665370.386689 225.573386 -145.575800 6.132002 -0.022602 0.013408 0.733662 0.679006
1743665370.490389 225.506157 -144.800878 6.092388 -0.023423 0.014243 0.733264 0.679391
1743665370.593989 225.443364 -144.014806 6.037838 -0.026112 0.016801 0.732865 0.679665
1743665370.698089 225.374622 -143.206075 6.001551 -0.026929 0.018099 0.732131 0.680391
1743665370.801489 225.297990 -142.395769 5.949341 -0.026758 0.016269 0.730991 0.681668
1743665370.905189 225.229968 -141.560625 5.902330 -0.024285 0.012961 0.729918 0.682980
1743665371.008889 225.177630 -140.731338 5.848251 -0.021115 0.011888 0.728517 0.684599
1743665371.112589 225.149030 -139.854719 5.799180 -0.019139 0.013742 0.726983 0.686251
1743665371.216189 225.105636 -138.986390 5.762375 -0.018877 0.015953 0.725509 0.687768
1743665371.319989 225.056777 -138.082820 5.717031 -0.019182 0.017595 0.723754 0.689567
1743665371.423589 225.012157 -137.159500 5.670057 -0.020015 0.019565 0.722339 0.690973
1743665371.527289 224.971462 -136.241650 5.626916 -0.020394 0.021349 0.720992 0.692314
1743665371.630889 224.922497 -135.300043 5.557652 -0.020839 0.021583 0.719847 0.693485
1743665371.734689 224.892647 -134.351367 5.504972 -0.017757 0.022795 0.718972 0.694438
1743665371.838289 224.859356 -133.399803 5.455795 -0.013669 0.023480 0.718429 0.695069
1743665371.941889 224.836498 -132.419809 5.408757 -0.010749 0.021235 0.718329 0.695297
1743665372.045489 224.824949 -131.425354 5.369814 -0.006807 0.020677 0.718280 0.695414
1743665372.149189 224.777621 -130.426918 5.359377 -0.006440 0.020326 0.718062 0.695652
1743665372.252889 224.731054 -129.397425 5.309980 -0.010414 0.021300 0.717978 0.695662
1743665372.356489 224.690366 -128.361439 5.260901 -0.015607 0.024182 0.717964 0.695485
1743665372.460089 224.656778 -127.342017 5.209855 -0.019284 0.026935 0.718516 0.694721
1743665372.563689 224.612253 -126.340477 5.143666 -0.019312 0.027314 0.719509 0.693677
1743665372.667389 224.564377 -125.319861 5.101989 -0.015737 0.025325 0.720550 0.692762
1743665372.771089 224.517760 -124.326011 5.062875 -0.011703 0.022099 0.721401 0.692066
1743665372.874589 224.465387 -123.300668 5.032231 -0.009861 0.021151 0.722375 0.691108
1743665372.978289 224.424885 -122.275149 5.000624 -0.010005 0.021931 0.723155 0.690265
1743665373.081889 224.344405 -121.240167 4.956002 -0.012153 0.023024 0.724207 0.689091
1743665373.185489 224.302284 -120.206106 4.921713 -0.014645 0.025588 0.724620 0.688517
1743665373.289289 224.255090 -119.168224 4.859222 -0.017483 0.028191 0.724930 0.688023
1743665373.392989 224.187504 -118.138549 4.801403 -0.018642 0.028226 0.725234 0.687671
1743665373.496589 224.116099 -117.138751 4.767120 -0.016880 0.025425 0.725745 0.687287
1743665373.600389 224.066331 -116.171131 4.748156 -0.014734 0.021630 0.725826 0.687380
1743665373.704089 224.009954 -115.174670 4.715492 -0.013420 0.020996 0.726052 0.687189
1743665373.807689 223.978897 -114.208721 4.703587 -0.014207 0.023388 0.725689 0.687478
1743665373.911489 223.932493 -113.284919 4.651130 -0.016124 0.026422 0.725338 0.687697
1743665374.015089 223.894848 -112.305314 4.604725 -0.015613 0.028007 0.724998 0.688004
1743665374.118689 223.812747 -111.189731 4.570522 -0.015046 0.026183 0.725013 0.688072
1743665374.222289 223.755746 -110.167430 4.541234 -0.013353 0.023514 0.724555 0.688687
1743665374.325889 223.694507 -109.214932 4.499013 -0.010280 0.022360 0.724297 0.689049
1743665374.429689 223.660606 -108.282858 4.493321 -0.007551 0.020578 0.723835 0.689625
1743665374.533289 223.624012 -107.292745 4.493450 -0.007112 0.018687 0.723558 0.689974
1743665374.636889 223.581205 -106.284221 4.461386 -0.007563 0.021838 0.723276 0.690172
1743665374.740589 223.532360 -105.282526 4.411782 -0.006722 0.026919 0.722860 0.690437
1743665374.844189 223.491246 -104.318857 4.391075 -0.007318 0.027353 0.722314 0.690985
1743665374.947889 223.418681 -103.354072 4.353760 -0.006294 0.027127 0.722088 0.691240
1743665375.051589 223.375053 -102.399095 4.333559 -0.004790 0.027437 0.722181 0.691143
1743665375.155189 223.344344 -101.442106 4.295603 -0.001685 0.029513 0.722273 0.690976
1743665375.258789 223.286742 -100.489645 4.289199 -0.001402 0.028795 0.722419 0.690854
1743665375.362489 223.246904 -99.562941 4.263172 -0.001207 0.031048 0.723008 0.690141
1743665375.466089 223.216068 -98.598047 4.224114 -0.000964 0.034657 0.723590 0.689359
1743665375.569789 223.167365 -97.663951 4.198557 -0.000466 0.035898 0.724310 0.688539
1743665375.673389 223.067913 -96.740323 4.167066 -0.000883 0.035053 0.725480 0.687349
1743665375.776989 222.989953 -95.824461 4.134051 -0.001254 0.035275 0.726878 0.685859
1743665375.880689 222.953181 -94.884451 4.089655 -0.002257 0.036342 0.727701 0.684928
1743665375.984289 222.873100 -93.966513 4.066480 -0.001955 0.037485 0.728849 0.683645
1743665376.087889 222.810142 -93.076599 4.036192 -0.001804 0.035865 0.729843 0.682671
1743665376.191689 222.747303 -92.219328 4.002231 -0.001529 0.034559 0.730827 0.681685
1743665376.295189 222.676328 -91.348413 3.977554 -0.001181 0.034084 0.731565 0.680918
1743665376.398989 222.618979 -90.536078 3.949798 -0.001336 0.033332 0.731966 0.680524
1743665376.502589 222.531345 -89.730449 3.925708 -0.001795 0.032432 0.732323 0.680183
1743665376.606289 222.465555 -88.891794 3.908763 -0.001478 0.032794 0.732454 0.680025
1743665376.709989 222.424160 -88.076120 3.882542 -0.002215 0.033492 0.731966 0.680514
1743665376.813689 222.352032 -87.307115 3.861500 -0.004381 0.032307 0.731527 0.681033
1743665376.917289 222.288091 -86.565486 3.838111 -0.005086 0.032517 0.730655 0.681953
1743665377.020889 222.219669 -85.810227 3.809221 -0.005367 0.032840 0.729274 0.683412
1743665377.124589 222.204299 -85.045292 3.781010 -0.005826 0.033117 0.726807 0.686018
1743665377.228289 222.176490 -84.317019 3.750756 -0.007277 0.032364 0.723876 0.689132
1743665377.332089 222.132263 -83.567800 3.735805 -0.006406 0.032484 0.720216 0.692959
1743665377.435789 222.106337 -82.795912 3.701820 -0.005954 0.031391 0.715363 0.698022
1743665377.539689 222.139408 -81.991157 3.679563 -0.003917 0.031844 0.708258 0.705224
1743665377.643389 222.213279 -81.125392 3.651523 -0.001807 0.032883 0.699970 0.713413
1743665377.747189 222.264678 -80.125497 3.609726 -0.001470 0.032555 0.690105 0.722975
1743665377.851089 222.290648 -78.965234 3.568036 -0.001757 0.032456 0.679464 0.732989
1743665377.954689 222.302213 -77.729803 3.520016 -0.001981 0.031537 0.670216 0.741493
1743665378.058589 222.327232 -76.705032 3.474776 -0.003463 0.030717 0.661945 0.748914
1743665378.162389 222.461806 -75.979004 3.460471 -0.003596 0.030866 0.648422 0.760647
1743665378.266189 222.551183 -75.637109 3.453483 -0.004508 0.028468 0.634161 0.772664
1743665378.369989 222.541465 -75.448286 3.421493 -0.006182 0.024946 0.620756 0.783582
1743665378.473689 222.409943 -75.174716 3.411678 -0.006853 0.021930 0.606599 0.794676
1743665378.577589 222.361242 -74.684755 3.380340 -0.008459 0.018880 0.590039 0.807110
1743665378.681489 222.423820 -74.171709 3.369737 -0.011144 0.015247 0.569850 0.821532
1743665378.785389 222.655675 -73.667626 3.344341 -0.014850 0.011354 0.547831 0.836380
1743665378.889189 223.026291 -73.124476 3.336501 -0.015360 0.012129 0.523697 0.851680
1743665378.992989 223.357568 -72.684475 3.317838 -0.016235 0.012645 0.498444 0.866678
1743665379.096889 223.682376 -72.217643 3.316440 -0.017300 0.013976 0.471543 0.881562
1743665379.200589 224.128455 -71.720522 3.274789 -0.017982 0.015324 0.443775 0.895827
1743665379.304289 224.527466 -71.319909 3.277870 -0.016836 0.016126 0.416575 0.908803
1743665379.407989 224.984166 -70.884681 3.269846 -0.015725 0.015023 0.389521 0.920761
1743665379.511589 225.377582 -70.529260 3.255309 -0.015518 0.010748 0.363026 0.931588
1743665379.615189 225.792675 -70.163712 3.230378 -0.017344 0.004049 0.336577 0.941488
1743665379.718789 226.273910 -69.779149 3.193017 -0.016663 -0.000130 0.310003 0.950590
1743665379.822389 226.738584 -69.514941 3.187147 -0.012605 -0.000445 0.283803 0.958800
1743665379.925989 227.202049 -69.251227 3.198059 -0.009121 0.000479 0.257115 0.966338
1743665380.029689 227.698422 -68.940298 3.195256 -0.008116 0.001501 0.230426 0.973055
1743665380.133289 228.210666 -68.723417 3.192966 -0.007946 0.001215 0.205090 0.978710
1743665380.236889 228.741560 -68.519259 3.189879 -0.007320 0.001983 0.180581 0.983531
1743665380.340489 229.313115 -68.302843 3.194941 -0.006432 0.002460 0.156726 0.987618
1743665380.444089 229.850770 -68.163794 3.189654 -0.007691 0.001417 0.133988 0.990952
1743665380.547589 230.490117 -67.990040 3.181311 -0.006179 -0.000626 0.111865 0.993704
1743665380.651089 230.970872 -67.909536 3.198776 -0.003045 -0.004062 0.092969 0.995656
1743665380.754489 231.131146 -67.849376 3.204762 -0.000394 -0.007859 0.077251 0.996981
1743665380.857989 231.106169 -67.794264 3.213866 -0.000253 -0.008992 0.063249 0.997957
1743665380.961489 231.332590 -67.749580 3.208435 -0.001129 -0.006543 0.051812 0.998635
1743665381.064789 231.749060 -67.724581 3.219287 -0.000406 -0.001319 0.042666 0.999088
1743665381.167989 232.365868 -67.675604 3.213750 -0.000475 0.003353 0.034623 0.999395
1743665381.271589 233.212402 -67.624639 3.218543 0.000685 0.005410 0.028352 0.999583
1743665381.374689 234.287873 -67.566376 3.228198 0.004961 0.005515 0.024100 0.999682
1743665381.477989 235.462766 -67.512534 3.235678 0.008115 0.003876 0.021434 0.999730
1743665381.581489 236.337295 -67.479809 3.234185 0.009823 0.002001 0.019790 0.999754
1743665381.684889 237.043334 -67.462230 3.237969 0.010333 0.000577 0.019293 0.999760
1743665381.788389 237.806413 -67.430986 3.241895 0.011236 0.000984 0.019163 0.999753
1743665381.891889 238.598454 -67.404314 3.229539 0.011495 0.002455 0.018775 0.999755
1743665381.995289 239.407938 -67.378040 3.228816 0.014523 0.003397 0.018959 0.999709
1743665382.098789 240.220807 -67.347509 3.239259 0.015547 0.000890 0.019391 0.999691
1743665382.202489 241.026138 -67.314221 3.242639 0.016877 -0.003008 0.019640 0.999660
1743665382.306089 241.842067 -67.292137 3.246907 0.021050 -0.006010 0.020201 0.999556
1743665382.409689 242.689608 -67.275568 3.268228 0.026449 -0.007302 0.021070 0.999401
1743665382.513289 243.522268 -67.255558 3.284501 0.030489 -0.007179 0.022092 0.999265
1743665382.616989 244.394283 -67.228673 3.297570 0.033216 -0.004712 0.023142 0.999169
1743665382.720489 245.237441 -67.184350 3.309533 0.033216 -0.000941 0.024450 0.999149
1743665382.824089 246.121300 -67.136641 3.308559 0.032505 0.002713 0.025715 0.999137
1743665382.927889 247.018034 -67.078887 3.319345 0.028621 0.005059 0.026730 0.999220
1743665383.031489 247.900021 -67.019629 3.317568 0.025352 0.006928 0.027318 0.999281
1743665383.135189 248.783586 -66.952708 3.300226 0.022080 0.006909 0.027808 0.999346
1743665383.239189 249.689306 -66.890872 3.305219 0.020783 0.004562 0.027870 0.999385
1743665383.342489 250.584595 -66.828107 3.313494 0.019913 0.000082 0.028110 0.999406
1743665383.446189 251.490427 -66.772714 3.316860 0.018708 -0.002781 0.028016 0.999429
1743665383.549889 252.433422 -66.715009 3.326263 0.017731 -0.002808 0.027809 0.999452
1743665383.653489 253.386268 -66.654335 3.327029 0.016658 -0.000384 0.027543 0.999482
1743665383.757189 254.395439 -66.593623 3.342611 0.015041 0.001882 0.026782 0.999526
1743665383.860889 255.335040 -66.532762 3.333769 0.012374 0.004367 0.026146 0.999572
1743665383.964389 256.317748 -66.477548 3.339552 0.011861 0.006577 0.025485 0.999583
1743665384.067989 257.324379 -66.428109 3.321420 0.010838 0.006845 0.024787 0.999611
1743665384.171589 258.325068 -66.371641 3.325543 0.012380 0.003330 0.024331 0.999622
1743665384.275289 259.332993 -66.311740 3.324312 0.009600 -0.001279 0.024350 0.999657
1743665384.378789 260.338531 -66.261218 3.330163 0.009185 -0.002177 0.024696 0.999650
1743665384.482389 261.347228 -66.210221 3.328599 0.011253 0.001828 0.025792 0.999602
1743665384.585989 262.378381 -66.166327 3.337088 0.014650 0.006308 0.026422 0.999524
1743665384.689689 263.424821 -66.098495 3.335850 0.013547 0.007319 0.026974 0.999518
1743665384.793289 264.476067 -66.037362 3.330724 0.012284 0.005079 0.027426 0.999535
1743665384.896989 265.520569 -65.976095 3.318939 0.011235 0.002737 0.027927 0.999543
1743665385.000589 266.574427 -65.909870 3.325456 0.011512 0.001776 0.028439 0.999528
1743665385.104189 267.648056 -65.846570 3.328918 0.012075 0.002519 0.028934 0.999505
1743665385.207889 268.720948 -65.782935 3.337184 0.012061 0.003809 0.029248 0.999492
1743665385.311389 269.774501 -65.710438 3.339715 0.010175 0.005106 0.029507 0.999500
1743665385.415189 270.836953 -65.638904 3.336821 0.009924 0.006462 0.029699 0.999489
1743665385.518789 271.884204 -65.570396 3.326123 0.009115 0.007638 0.029894 0.999482
1743665385.622389 272.950303 -65.499909 3.320773 0.010127 0.007313 0.029928 0.999474
1743665385.726089 274.024776 -65.441469 3.325394 0.011610 0.005174 0.029847 0.999474
1743665385.829689 275.108194 -65.371327 3.340196 0.011257 0.003431 0.030200 0.999475
1743665385.933389 276.153789 -65.309189 3.324757 0.011225 0.002761 0.030727 0.999461
1743665386.036989 277.234095 -65.245940 3.336005 0.012469 0.002050 0.031416 0.999427
1743665386.140689 278.264934 -65.174753 3.344832 0.011933 0.000112 0.031989 0.999417
1743665386.244289 279.301097 -65.102298 3.369358 0.011684 0.000092 0.032413 0.999406
1743665386.347989 280.367011 -65.034549 3.366518 0.011198 0.003296 0.032889 0.999391
1743665386.451589 281.442682 -64.961222 3.359629 0.011590 0.006969 0.033282 0.999355
1743665386.555189 282.482301 -64.889090 3.358222 0.010951 0.007135 0.033135 0.999365
1743665386.658789 283.519183 -64.801885 3.372972 0.009453 0.004991 0.032518 0.999414
1743665386.762389 284.581827 -64.720849 3.371029 0.007931 0.002738 0.032027 0.999452
1743665386.866089 285.643796 -64.647340 3.384183 0.006698 0.002460 0.031319 0.999484
1743665386.969789 286.672140 -64.579749 3.378183 0.006258 0.002889 0.030836 0.999501
1743665387.073389 287.708233 -64.506216 3.395534 0.005004 0.004271 0.030347 0.999518
1743665387.176989 288.752987 -64.439498 3.380495 0.003415 0.004883 0.030072 0.999530
1743665387.280589 289.785609 -64.369101 3.391875 0.002698 0.004249 0.029964 0.999538
1743665387.384489 290.817532 -64.299607 3.395159 0.002008 0.002578 0.029951 0.999546
1743665387.488089 291.826944 -64.232989 3.409332 0.000989 0.001787 0.029887 0.999551
1743665387.591689 292.871977 -64.161670 3.401600 0.000623 0.002391 0.029900 0.999550
1743665387.695389 293.897881 -64.099312 3.411430 -0.000298 0.004291 0.029609 0.999552
1743665387.798889 294.926457 -64.032882 3.405112 -0.001171 0.005754 0.029429 0.999550
1743665387.902689 295.957908 -63.957279 3.409106 -0.001420 0.006268 0.029527 0.999543
1743665388.006289 296.977328 -63.901392 3.405253 0.000792 0.005513 0.029956 0.999536
1743665388.109889 298.003373 -63.844010 3.419885 0.002187 0.005602 0.030718 0.999510
1743665388.213589 299.006505 -63.770780 3.411055 0.002715 0.004407 0.031637 0.999486
1743665388.317189 300.029588 -63.689329 3.415682 0.002452 0.002901 0.032557 0.999463
1743665388.420889 301.062736 -63.628600 3.424781 0.003014 0.004704 0.033889 0.999410
1743665388.524489 302.070363 -63.546680 3.416771 0.001579 0.008428 0.035520 0.999332
1743665388.628089 303.084914 -63.464615 3.398929 0.000563 0.010841 0.036940 0.999259
1743665388.731989 304.086581 -63.377502 3.398690 -0.000396 0.011796 0.038661 0.999183
1743665388.835489 305.073064 -63.298209 3.385034 0.001166 0.009407 0.040235 0.999145
1743665388.939089 306.065804 -63.215512 3.384952 0.002784 0.005774 0.041531 0.999117
1743665389.042689 307.089457 -63.128365 3.395040 0.003744 0.002767 0.043145 0.999058
1743665389.146289 308.060766 -63.046833 3.382820 0.005036 0.002624 0.044987 0.998971
1743665389.250389 309.078449 -62.957941 3.386396 0.005957 0.003490 0.047313 0.998856
1743665389.353589 310.050305 -62.846991 3.391996 0.007492 0.001816 0.049826 0.998728
1743665389.457289 311.056955 -62.736251 3.402175 0.005006 -0.000293 0.052325 0.998618
1743665389.561089 312.070885 -62.625156 3.413365 0.002909 0.000031 0.054597 0.998504
1743665389.664589 313.059887 -62.510536 3.404974 0.003439 0.003081 0.057033 0.998362
1743665389.768089 314.041117 -62.393144 3.423367 0.004675 0.004790 0.059938 0.998180
1743665389.871889 315.021839 -62.262448 3.418901 0.001354 0.005732 0.062504 0.998027
1743665389.975489 316.032517 -62.123666 3.428581 0.000407 0.005117 0.064498 0.997905
1743665390.079189 317.018520 -61.971410 3.410198 -0.004255 0.005124 0.065765 0.997813
1743665390.182989 318.005655 -61.816372 3.431841 -0.009958 0.004797 0.066590 0.997719
1743665390.286589 318.985458 -61.660218 3.408432 -0.013569 0.004809 0.066830 0.997661
1743665390.390289 319.968552 -61.513822 3.425580 -0.015543 0.002850 0.066358 0.997671
1743665390.494089 320.910460 -61.371326 3.424314 -0.018898 0.001291 0.065427 0.997678
1743665390.597689 321.882988 -61.238236 3.441537 -0.019324 0.000557 0.064021 0.997761
1743665390.701389 322.876098 -61.105283 3.421251 -0.019395 0.002091 0.062108 0.997879
1743665390.804989 323.868656 -60.986623 3.440510 -0.018167 0.003760 0.059392 0.998062
1743665390.908789 324.882817 -60.866396 3.428759 -0.019409 0.005925 0.056296 0.998208
1743665391.012389 325.871535 -60.746878 3.430552 -0.020806 0.008028 0.053207 0.998334
1743665391.115989 326.879810 -60.622306 3.399078 -0.023167 0.008642 0.050090 0.998439
1743665391.219589 327.884339 -60.507792 3.403919 -0.025566 0.006494 0.046983 0.998547
1743665391.323289 328.860602 -60.405386 3.410639 -0.029985 0.002715 0.044102 0.998573
1743665391.426889 329.848047 -60.304336 3.408462 -0.029456 0.000748 0.041226 0.998715
1743665391.530489 330.856886 -60.235675 3.403791 -0.027719 0.001715 0.038570 0.998870
1743665391.634089 331.856405 -60.162546 3.399867 -0.022181 0.003839 0.036544 0.999078
1743665391.737689 332.854227 -60.104648 3.404529 -0.017770 0.004140 0.034709 0.999231
1743665391.841289 333.868686 -60.040198 3.420405 -0.019775 0.002903 0.033392 0.999242
1743665391.944889 334.850918 -59.963818 3.410567 -0.021240 0.002875 0.031635 0.999270
1743665392.048689 335.874549 -59.895651 3.405889 -0.019134 0.003463 0.029617 0.999372
1743665392.152289 336.898822 -59.822386 3.409417 -0.021303 0.002732 0.027862 0.999381
1743665392.255889 337.922365 -59.745838 3.422440 -0.026423 0.001537 0.026497 0.999298
1743665392.359589 338.918743 -59.688393 3.418221 -0.026068 0.003431 0.025869 0.999319
1743665392.463289 339.932331 -59.644030 3.418744 -0.021238 0.007003 0.025398 0.999427
1743665392.566989 340.948607 -59.584482 3.411254 -0.021444 0.008213 0.024976 0.999424
1743665392.670589 341.969052 -59.518977 3.416956 -0.023601 0.005773 0.024705 0.999399
1743665392.774389 342.977768 -59.457582 3.420205 -0.026475 0.002270 0.024461 0.999348
1743665392.877989 343.962011 -59.403196 3.420136 -0.026193 0.001489 0.024257 0.999361
1743665392.981589 345.002143 -59.352912 3.417560 -0.023928 0.003746 0.024101 0.999416
1743665393.085289 346.021581 -59.311529 3.416903 -0.021112 0.005427 0.023957 0.999475
1743665393.188889 347.006054 -59.265218 3.421468 -0.021393 0.005233 0.023840 0.999473
1743665393.292689 347.993378 -59.212427 3.419364 -0.021540 0.005322 0.023870 0.999469
1743665393.396289 348.988460 -59.164512 3.411570 -0.021121 0.007024 0.023597 0.999474
1743665393.499889 349.986518 -59.110876 3.406490 -0.020724 0.008376 0.023194 0.999481
1743665393.603689 350.922038 -59.064090 3.411604 -0.021792 0.007089 0.022665 0.999480
1743665393.707289 351.868726 -59.019658 3.402752 -0.021825 0.005652 0.022179 0.999500
1743665393.810889 352.804686 -58.984124 3.400836 -0.021928 0.005099 0.021714 0.999511
1743665393.914589 353.715581 -58.951992 3.395015 -0.020978 0.005155 0.020954 0.999547
1743665394.018289 354.630406 -58.915236 3.400860 -0.021826 0.004808 0.019530 0.999559
1743665394.121989 355.501206 -58.861374 3.404334 -0.022677 0.004746 0.017909 0.999571
1743665394.225589 356.401817 -58.822330 3.403939 -0.023803 0.005546 0.015418 0.999582
1743665394.329389 357.277137 -58.777155 3.405717 -0.024200 0.005121 0.012811 0.999612
1743665394.432989 358.122590 -58.757127 3.420703 -0.025712 0.003244 0.009876 0.999615
1743665394.536589 358.975100 -58.734932 3.429921 -0.026034 0.001945 0.006918 0.999635
1743665394.640189 359.764560 -58.723862 3.429882 -0.026393 0.003204 0.004342 0.999637
1743665394.743889 360.585763 -58.723185 3.421261 -0.026385 0.006471 0.001540 0.999630
1743665394.847489 361.402446 -58.723197 3.405245 -0.026618 0.009780 -0.000910 0.999597
1743665394.951189 362.177285 -58.729630 3.406632 -0.025193 0.010889 -0.002908 0.999619
1743665395.054789 362.889813 -58.731464 3.423578 -0.024998 0.009620 -0.003843 0.999634
1743665395.158389 363.645539 -58.733686 3.425679 -0.024949 0.007424 -0.004340 0.999652
1743665395.261989 364.349242 -58.745708 3.418403 -0.023926 0.005577 -0.004434 0.999688
1743665395.365589 365.034563 -58.758257 3.418183 -0.021339 0.003617 -0.004573 0.999755
1743665395.469389 365.713356 -58.759326 3.436812 -0.019947 0.000963 -0.004528 0.999790
1743665395.572989 366.389523 -58.760351 3.452593 -0.019665 -0.001391 -0.003907 0.999798
1743665395.676589 367.060549 -58.762430 3.459146 -0.019813 -0.002017 -0.002828 0.999798
1743665395.780189 367.737616 -58.770241 3.460651 -0.017679 -0.000196 -0.001377 0.999843
1743665395.883789 368.410432 -58.775871 3.466523 -0.013653 0.003225 0.000821 0.999901
1743665395.987589 369.088979 -58.777781 3.473124 -0.011726 0.005810 0.003832 0.999907
1743665396.091189 369.762482 -58.759607 3.488515 -0.010487 0.005888 0.008036 0.999895
1743665396.194789 370.419937 -58.731722 3.488898 -0.010727 0.004849 0.013666 0.999837
1743665396.298289 371.091737 -58.707743 3.487477 -0.011006 0.003601 0.020120 0.999731
1743665396.401889 371.745297 -58.659340 3.489177 -0.009626 0.003089 0.027243 0.999578
1743665396.505489 372.400830 -58.609481 3.491551 -0.009136 0.003414 0.035016 0.999339
1743665396.609189 373.061643 -58.540093 3.489237 -0.011900 0.004083 0.042514 0.999017
1743665396.712689 373.732024 -58.454100 3.490104 -0.015202 0.004573 0.049782 0.998634
1743665396.816489 374.410219 -58.369679 3.484844 -0.016859 0.004575 0.056962 0.998223
1743665396.920089 375.115919 -58.264055 3.488672 -0.017726 0.003278 0.063123 0.997843
1743665397.023889 375.825320 -58.155427 3.482256 -0.020135 0.002260 0.067752 0.997496
1743665397.127589 376.557622 -58.033797 3.474178 -0.023991 0.000405 0.070758 0.997205
1743665397.231289 377.286914 -57.901720 3.466904 -0.026894 -0.001212 0.072444 0.997009
1743665397.335089 378.049491 -57.789993 3.470018 -0.026190 -0.001178 0.072696 0.997009
1743665397.438789 378.824673 -57.674431 3.471811 -0.027363 0.000762 0.071716 0.997049
1743665397.542489 379.620909 -57.552364 3.467385 -0.030336 0.005076 0.069799 0.997087
1743665397.646289 380.424457 -57.433023 3.441421 -0.031160 0.007210 0.066755 0.997257
1743665397.749989 381.226967 -57.333574 3.454709 -0.028752 0.005385 0.063248 0.997569
1743665397.853789 382.051825 -57.246765 3.452994 -0.027402 0.001629 0.058646 0.997901
1743665397.957489 382.908901 -57.131301 3.441397 -0.028837 -0.000656 0.053369 0.998158
1743665398.061189 383.757717 -57.038099 3.428164 -0.029592 0.000505 0.048452 0.998387
1743665398.164889 384.605432 -56.966562 3.427751 -0.029568 0.003187 0.042728 0.998644
1743665398.268589 385.512344 -56.885965 3.419835 -0.029807 0.003980 0.036263 0.998890
1743665398.372189 386.409675 -56.817194 3.412425 -0.030766 0.001567 0.030305 0.999066
1743665398.475989 387.327465 -56.759055 3.418875 -0.029999 -0.002342 0.024601 0.999244
1743665398.579589 388.227226 -56.723791 3.428580 -0.028639 -0.005166 0.020363 0.999369
1743665398.683089 389.159858 -56.691194 3.433577 -0.027961 -0.005163 0.016844 0.999454
1743665398.786689 390.170317 -56.663987 3.438445 -0.026010 -0.002830 0.013752 0.999563
1743665398.890389 391.133577 -56.644955 3.443799 -0.023870 0.000089 0.011113 0.999653
1743665398.993889 392.136302 -56.630926 3.450195 -0.022095 0.001776 0.008531 0.999718
1743665399.097489 393.138388 -56.612100 3.450350 -0.021769 0.001630 0.006611 0.999740
1743665399.200989 394.147313 -56.601867 3.451157 -0.021870 0.000982 0.006348 0.999740
1743665399.304689 395.163802 -56.596415 3.448263 -0.020429 0.001772 0.006856 0.999766
1743665399.408289 396.195561 -56.578897 3.445976 -0.017965 0.003328 0.007815 0.999803
1743665399.511889 397.241614 -56.550342 3.445744 -0.018092 0.003730 0.009009 0.999789
1743665399.615489 398.311968 -56.518081 3.438322 -0.021102 0.003063 0.010452 0.999718
1743665399.719089 399.403822 -56.488468 3.435170 -0.019781 0.003586 0.012230 0.999723
1743665399.822789 400.474341 -56.458344 3.430136 -0.016789 0.005348 0.014169 0.999744
1743665399.926489 401.539926 -56.426753 3.432501 -0.013186 0.005747 0.016123 0.999767
1743665400.030189 402.603598 -56.386664 3.434439 -0.011743 0.003138 0.018233 0.999760
1743665400.133789 403.712693 -56.344790 3.436477 -0.013216 0.000513 0.020227 0.999708
1743665400.237589 404.784325 -56.292428 3.439472 -0.014214 0.001047 0.021971 0.999657
1743665400.341289 405.852708 -56.237547 3.452570 -0.013076 0.004545 0.023167 0.999636
1743665400.444889 406.904677 -56.181534 3.448791 -0.012279 0.007775 0.024056 0.999605
1743665400.548489 407.975809 -56.118944 3.449058 -0.013496 0.007989 0.024878 0.999567
1743665400.652189 409.043817 -56.057287 3.443957 -0.014643 0.006583 0.025841 0.999537
1743665400.755889 410.169568 -55.986588 3.434536 -0.015557 0.006221 0.026765 0.999501
1743665400.859489 411.209592 -55.923733 3.426773 -0.014916 0.006555 0.027640 0.999485
1743665400.963089 412.221676 -55.857736 3.430555 -0.016011 0.004902 0.028372 0.999457
1743665401.066789 413.300699 -55.781492 3.430568 -0.017376 0.002493 0.028558 0.999438
1743665401.170589 414.364017 -55.716844 3.431447 -0.018088 0.002236 0.028455 0.999429
1743665401.274289 415.407018 -55.652861 3.429992 -0.019867 0.004155 0.028134 0.999398
1743665401.377889 416.444367 -55.590484 3.420864 -0.019507 0.007499 0.027890 0.999393
1743665401.481589 417.517909 -55.530730 3.430650 -0.016803 0.010548 0.027929 0.999413
1743665401.585189 418.569151 -55.468453 3.422760 -0.015770 0.010962 0.027748 0.999430
1743665401.688889 419.625597 -55.403162 3.410606 -0.018253 0.008322 0.027485 0.999421
1743665401.792489 420.675964 -55.334917 3.401707 -0.020748 0.005362 0.027266 0.999398
1743665401.896289 421.716007 -55.261597 3.394517 -0.022647 0.003286 0.027027 0.999373
1743665401.999889 422.732934 -55.204554 3.401310 -0.021048 0.001805 0.026744 0.999419
1743665402.103489 423.755743 -55.147361 3.409622 -0.020196 0.000968 0.026345 0.999448
1743665402.207289 424.772401 -55.096175 3.419494 -0.018552 0.002347 0.025771 0.999493
1743665402.310889 425.799994 -55.044094 3.418853 -0.015909 0.005567 0.025742 0.999527
1743665402.414589 426.808336 -54.999355 3.423773 -0.013512 0.007852 0.025583 0.999551
1743665402.518189 427.788363 -54.942236 3.429610 -0.014051 0.007201 0.025295 0.999555
1743665402.621789 428.800280 -54.884195 3.431917 -0.015423 0.005165 0.025142 0.999552
1743665402.725389 429.747782 -54.823545 3.432942 -0.018158 0.003606 0.025797 0.999496
1743665402.829089 430.684914 -54.762323 3.437770 -0.018598 0.003767 0.027249 0.999449
1743665402.932689 431.571833 -54.706487 3.442677 -0.018401 0.004521 0.029491 0.999385
1743665403.036289 432.463669 -54.644093 3.435686 -0.019241 0.005034 0.031967 0.999291
1743665403.139889 433.353845 -54.575546 3.441556 -0.018530 0.005804 0.034953 0.999200
1743665403.243589 434.234279 -54.505607 3.436984 -0.018154 0.007384 0.038336 0.999073
1743665403.347089 435.100030 -54.434237 3.432940 -0.018913 0.009433 0.041859 0.998900
1743665403.450589 435.958950 -54.347196 3.424206 -0.020416 0.010546 0.045312 0.998709
1743665403.554289 436.802859 -54.252918 3.426503 -0.020754 0.010429 0.048892 0.998534
1743665403.658289 437.591229 -54.165664 3.420305 -0.020948 0.009279 0.052244 0.998371
1743665403.761689 438.383128 -54.071466 3.415865 -0.021319 0.007430 0.055430 0.998207
1743665403.865089 439.153647 -53.968336 3.409787 -0.022288 0.005823 0.058951 0.997995
1743665403.968789 439.921728 -53.865438 3.415333 -0.022896 0.004633 0.063008 0.997740
1743665404.072489 440.663322 -53.752861 3.414392 -0.023598 0.004192 0.067627 0.997423
1743665404.176089 441.385090 -53.641099 3.415114 -0.023601 0.005035 0.072561 0.997072
1743665404.279689 442.084212 -53.531053 3.409992 -0.024758 0.006146 0.077131 0.996695
1743665404.383389 442.759270 -53.404380 3.416952 -0.025566 0.007247 0.081357 0.996331
1743665404.487189 443.427144 -53.279583 3.416096 -0.027794 0.008281 0.085170 0.995944
1743665404.590789 444.068287 -53.150793 3.409949 -0.031473 0.009366 0.087724 0.995603
1743665404.694589 444.662274 -53.024180 3.409524 -0.035862 0.010205 0.087733 0.995446
1743665404.798389 445.239324 -52.911174 3.403516 -0.039694 0.011025 0.084787 0.995547
1743665404.902289 445.817892 -52.805998 3.399278 -0.042500 0.011467 0.079143 0.995891
1743665405.006089 446.352502 -52.720132 3.390412 -0.044101 0.010380 0.070744 0.996465
1743665405.110089 446.908538 -52.653669 3.392439 -0.046038 0.008673 0.059528 0.997127
1743665405.214089 447.418110 -52.596974 3.391354 -0.048302 0.008023 0.044710 0.997799
1743665405.318189 447.952480 -52.561468 3.380884 -0.050032 0.008087 0.025847 0.998380
1743665405.422289 448.583526 -52.544620 3.377525 -0.050687 0.007853 0.003152 0.998679
1743665405.526389 449.026998 -52.610255 3.388418 -0.049606 0.007450 -0.022034 0.998498
1743665405.630689 449.456553 -52.681418 3.399724 -0.050258 0.006098 -0.050106 0.997460
1743665405.734789 449.899768 -52.755095 3.404798 -0.051335 0.004690 -0.080967 0.995383
1743665405.839089 450.338051 -52.870727 3.401996 -0.048390 0.002885 -0.113644 0.992338
1743665405.942989 450.748774 -53.036030 3.406597 -0.042949 0.000933 -0.147455 0.988135
1743665406.047189 451.150610 -53.214565 3.421737 -0.038889 -0.000918 -0.182714 0.982396
1743665406.151489 451.529366 -53.428035 3.449419 -0.036108 -0.002871 -0.218579 0.975147
1743665406.255189 451.882948 -53.670652 3.478581 -0.035202 -0.003429 -0.253991 0.966560
1743665406.359589 452.225317 -53.960501 3.509139 -0.032163 -0.002540 -0.288208 0.957024
1743665406.463089 452.544029 -54.255775 3.528066 -0.029016 -0.001455 -0.321479 0.946471
1743665406.566689 452.831453 -54.563553 3.529582 -0.025147 -0.001058 -0.354435 0.934742
1743665406.670489 453.097465 -54.905502 3.554838 -0.021425 -0.000629 -0.386336 0.922109
1743665406.774089 453.332728 -55.244502 3.543096 -0.019245 -0.002540 -0.417206 0.908604
1743665406.877789 453.546201 -55.590120 3.575726 -0.016738 -0.004569 -0.447596 0.894067
1743665406.981489 453.734865 -55.958993 3.604330 -0.014625 -0.005010 -0.477149 0.878686
1743665407.084889 453.957833 -56.342325 3.611068 -0.014030 -0.003479 -0.505888 0.862478
1743665407.188589 454.115993 -56.688741 3.608940 -0.015084 -0.001581 -0.533623 0.845587
1743665407.292289 454.259570 -57.083938 3.605451 -0.016962 -0.001959 -0.560051 0.828282
1743665407.396089 454.355528 -57.527252 3.628980 -0.014913 -0.005302 -0.584253 0.811417
1743665407.499589 454.443258 -57.935550 3.658991 -0.010779 -0.009126 -0.606362 0.795063
1743665407.602889 454.517021 -58.366944 3.689022 -0.010152 -0.011109 -0.625435 0.780131
1743665407.706289 454.599606 -58.869399 3.695279 -0.013111 -0.011648 -0.642105 0.766416
1743665407.809689 454.659173 -59.324799 3.698343 -0.016815 -0.011562 -0.656649 0.753920
1743665407.913189 454.705590 -59.830559 3.704941 -0.018301 -0.012061 -0.669238 0.742725
1743665408.016489 454.740796 -60.378989 3.724412 -0.015870 -0.013388 -0.679153 0.733703
1743665408.119789 454.756917 -60.890853 3.763977 -0.013745 -0.014777 -0.686486 0.726863
1743665408.223089 454.774190 -61.443624 3.787469 -0.012558 -0.016883 -0.691672 0.721905
1743665408.326289 454.802274 -62.006439 3.820473 -0.011736 -0.017663 -0.694309 0.719364
1743665408.429389 454.826324 -62.583734 3.837405 -0.010941 -0.017380 -0.694478 0.719221
1743665408.532689 454.858225 -63.214074 3.857686 -0.010807 -0.016124 -0.693724 0.719979
1743665408.635989 454.889695 -63.799851 3.887822 -0.010279 -0.015306 -0.692759 0.720934
1743665408.739389 454.905282 -64.412999 3.915326 -0.009692 -0.015696 -0.691627 0.722019
1743665408.842889 454.942659 -65.055443 3.943381 -0.009784 -0.015982 -0.690712 0.722888
1743665408.946289 454.971871 -65.742305 3.965697 -0.009767 -0.016035 -0.689816 0.723741
1743665409.049889 455.008662 -66.420309 3.987412 -0.009417 -0.015671 -0.688784 0.724736
1743665409.153389 455.048919 -67.110155 4.014917 -0.009391 -0.016398 -0.687689 0.725760
1743665409.256989 455.096891 -67.797612 4.047543 -0.011699 -0.016818 -0.686763 0.726593
1743665409.360589 455.138185 -68.516019 4.077054 -0.014561 -0.018249 -0.685781 0.727434
1743665409.464189 455.182187 -69.255634 4.109335 -0.017173 -0.018649 -0.684711 0.728374
1743665409.567789 455.237533 -70.012257 4.140528 -0.017323 -0.017346 -0.683954 0.729113
1743665409.671489 455.293605 -70.790056 4.181934 -0.016845 -0.014288 -0.683324 0.729781
1743665409.775289 455.355595 -71.632251 4.218010 -0.014018 -0.012720 -0.682763 0.730395
1743665409.878889 455.423333 -72.414654 4.260311 -0.013680 -0.012226 -0.682165 0.730968
1743665409.982489 455.473455 -73.209284 4.287510 -0.014708 -0.011404 -0.681448 0.731630
1743665410.086289 455.550561 -74.066239 4.320186 -0.013910 -0.011107 -0.680867 0.732191
1743665410.189889 455.608198 -74.904522 4.348656 -0.011514 -0.011189 -0.680493 0.732579
1743665410.293489 455.665915 -75.721174 4.381847 -0.009779 -0.011538 -0.680143 0.732924
1743665410.397189 455.734135 -76.610208 4.417211 -0.009924 -0.013713 -0.679990 0.733026
1743665410.500789 455.819945 -77.493277 4.456140 -0.014521 -0.015665 -0.680039 0.732865
1743665410.604489 455.893260 -78.365592 4.500588 -0.019239 -0.017627 -0.680307 0.732463
1743665410.708189 455.956568 -79.227062 4.546419 -0.021312 -0.017965 -0.680865 0.731878
1743665410.811989 456.026830 -80.139737 4.585078 -0.020775 -0.015571 -0.681848 0.731033
1743665410.915589 456.102147 -81.076082 4.636429 -0.018950 -0.011836 -0.682936 0.730137
1743665411.019289 456.161335 -82.002430 4.678705 -0.016278 -0.010263 -0.684042 0.729188
1743665411.122889 456.225907 -82.941207 4.729385 -0.014964 -0.010162 -0.685015 0.728304
1743665411.226489 456.279768 -83.888054 4.760578 -0.014117 -0.011571 -0.685725 0.727632
1743665411.330289 456.327838 -84.823686 4.817312 -0.014132 -0.012636 -0.686296 0.727075
1743665411.433889 456.389414 -85.756047 4.856916 -0.013214 -0.013912 -0.686470 0.726905
1743665411.537489 456.459160 -86.744997 4.895464 -0.013580 -0.013254 -0.686352 0.727022
1743665411.641089 456.519354 -87.686078 4.940182 -0.014365 -0.012383 -0.686162 0.727202
1743665411.744689 456.583121 -88.636743 4.981418 -0.014452 -0.011818 -0.685998 0.727364
1743665411.848489 456.660585 -89.606930 5.019572 -0.015246 -0.009940 -0.685772 0.727589
1743665411.952189 456.727813 -90.599891 5.065091 -0.015605 -0.010275 -0.685540 0.727795
1743665412.055789 456.791222 -91.546718 5.109143 -0.017434 -0.011051 -0.685466 0.727812
1743665412.159589 456.860308 -92.521241 5.160490 -0.018433 -0.012377 -0.685163 0.728052
1743665412.263189 456.930954 -93.494306 5.204249 -0.018945 -0.011827 -0.685043 0.728161
1743665412.366889 456.993318 -94.463783 5.264473 -0.017871 -0.012127 -0.684917 0.728301
1743665412.470489 457.062713 -95.452047 5.303015 -0.017356 -0.010804 -0.684723 0.728516
1743665412.574189 457.119384 -96.379728 5.357242 -0.015779 -0.009072 -0.685137 0.728186
1743665412.677889 457.187680 -97.390067 5.394927 -0.013105 -0.007945 -0.685287 0.728112
1743665412.781689 457.244625 -98.369744 5.438368 -0.013113 -0.006476 -0.685668 0.727767
1743665412.885189 457.310598 -99.337934 5.468628 -0.013328 -0.006786 -0.686220 0.727241
1743665412.988789 457.375234 -100.307363 5.513640 -0.015036 -0.007831 -0.686746 0.726700
1743665413.092489 457.427515 -101.271127 5.552996 -0.015327 -0.009501 -0.687448 0.726009
1743665413.196089 457.483057 -102.278733 5.601048 -0.015498 -0.010209 -0.688001 0.725472
1743665413.299689 457.535831 -103.273227 5.641821 -0.013591 -0.010720 -0.688314 0.725207
1743665413.403289 457.582298 -104.239042 5.681591 -0.011519 -0.011302 -0.688326 0.725222
1743665413.506889 457.638620 -105.198152 5.721141 -0.012146 -0.011642 -0.688140 0.725383
1743665413.610589 457.698049 -106.144729 5.766727 -0.014551 -0.012439 -0.687859 0.725592
1743665413.714289 457.758190 -107.098300 5.817917 -0.018004 -0.013307 -0.687618 0.725727
1743665413.817989 457.829632 -108.063484 5.879580 -0.022194 -0.013834 -0.687246 0.725954
1743665413.921589 457.894180 -109.002382 5.933087 -0.024697 -0.013543 -0.687055 0.726060
1743665414.025289 457.945551 -109.964511 5.989968 -0.022339 -0.012002 -0.687009 0.726206
1743665414.128989 457.996147 -110.883566 6.041587 -0.017913 -0.008348 -0.687104 0.726291
1743665414.232589 458.040223 -111.847354 6.071612 -0.013369 -0.007480 -0.686927 0.726565
1743665414.336189 458.104686 -112.774561 6.125127 -0.013092 -0.008763 -0.686701 0.726769
1743665414.439889 458.155559 -113.717911 6.164938 -0.013626 -0.010326 -0.686479 0.726949
1743665414.543589 458.212479 -114.665087 6.224901 -0.015769 -0.011152 -0.686242 0.727117
1743665414.647289 458.281109 -115.584830 6.263287 -0.018224 -0.011821 -0.685920 0.727352
1743665414.750989 458.347067 -116.518442 6.309797 -0.019975 -0.013301 -0.685426 0.727746
1743665414.854689 458.411109 -117.444761 6.368084 -0.022279 -0.013273 -0.685100 0.727987
1743665414.958289 458.481499 -118.369996 6.416769 -0.023053 -0.012891 -0.684474 0.728558
1743665415.061889 458.548559 -119.259279 6.477931 -0.023917 -0.010347 -0.683605 0.729387
1743665415.165589 458.619808 -120.169476 6.524187 -0.021472 -0.008558 -0.682096 0.730897
1743665415.269189 458.690977 -121.077765 6.563432 -0.019551 -0.006613 -0.679924 0.732992
1743665415.372789 458.769284 -122.000389 6.614303 -0.017977 -0.006233 -0.677216 0.735538
1743665415.476389 458.843915 -122.881965 6.658885 -0.014308 -0.007000 -0.674057 0.738507
1743665415.579989 458.930258 -123.764803 6.698274 -0.011826 -0.007993 -0.670226 0.742020
1743665415.683589 459.040635 -124.630479 6.728321 -0.014490 -0.007194 -0.666442 0.745381
1743665415.787189 459.160041 -125.499310 6.775046 -0.017247 -0.007362 -0.662436 0.748884
1743665415.890989 459.286278 -126.380960 6.811980 -0.019860 -0.007428 -0.658368 0.752398
1743665415.994589 459.426992 -127.257712 6.853717 -0.021155 -0.005709 -0.654762 0.755517
1743665416.098189 459.578424 -128.162545 6.886118 -0.019911 -0.002867 -0.650810 0.758974
1743665416.201989 459.734054 -129.046643 6.934406 -0.017733 -0.001828 -0.647067 0.762224
1743665416.305589 459.888505 -129.908240 6.957971 -0.017303 -0.003285 -0.643399 0.765329
1743665416.409289 460.065175 -130.791847 6.998179 -0.021779 -0.004349 -0.640216 0.767874
1743665416.512889 460.229113 -131.633535 7.037593 -0.024068 -0.004777 -0.637486 0.770071
1743665416.616689 460.403536 -132.468992 7.073257 -0.022301 -0.004762 -0.634648 0.772465
1743665416.720389 460.592912 -133.357878 7.107662 -0.018966 -0.002390 -0.631824 0.774876
1743665416.824089 460.776263 -134.227544 7.152430 -0.015269 0.000131 -0.628680 0.777514
1743665416.927789 460.963013 -135.052194 7.184082 -0.014840 -0.000789 -0.624989 0.780492
1743665417.031389 461.173631 -135.884042 7.200071 -0.019204 -0.003067 -0.621013 0.783559
1743665417.134989 461.373166 -136.693744 7.232326 -0.021235 -0.005414 -0.617105 0.786575
1743665417.238589 461.591059 -137.546901 7.262075 -0.019490 -0.004126 -0.613133 0.789729
1743665417.342389 461.827082 -138.415616 7.308491 -0.014732 -0.002347 -0.608726 0.793240
1743665417.445989 462.049762 -139.211564 7.345615 -0.010654 -0.002267 -0.603826 0.797042
1743665417.549589 462.289175 -140.037520 7.368460 -0.011400 -0.003782 -0.598744 0.800850
1743665417.653289 462.526470 -140.840322 7.397195 -0.012762 -0.007841 -0.594057 0.804283
1743665417.757089 462.785371 -141.653180 7.433802 -0.014173 -0.011713 -0.589933 0.807243
1743665417.860689 463.052770 -142.461266 7.470240 -0.014709 -0.013000 -0.586150 0.809964
1743665417.964289 463.322997 -143.228407 7.503143 -0.016113 -0.011532 -0.582940 0.812273
1743665418.067989 463.609340 -144.034887 7.539716 -0.013714 -0.009804 -0.579709 0.814649
1743665418.171689 463.885588 -144.833076 7.576014 -0.010424 -0.007952 -0.576635 0.816897
1743665418.275289 464.184979 -145.628379 7.598115 -0.006708 -0.006333 -0.573778 0.818959
1743665418.378989 464.474898 -146.396328 7.620683 -0.006590 -0.005870 -0.570910 0.820965
1743665418.482589 464.780142 -147.177545 7.647481 -0.010472 -0.007515 -0.567740 0.823107
1743665418.586389 465.068872 -147.911419 7.680766 -0.012733 -0.009702 -0.564704 0.825138
1743665418.689989 465.384104 -148.662923 7.712573 -0.013635 -0.010162 -0.561392 0.827375
1743665418.793889 465.716788 -149.451262 7.728714 -0.011191 -0.009194 -0.558375 0.829462
1743665418.897289 466.044117 -150.234314 7.762106 -0.008661 -0.008165 -0.554998 0.831766
1743665419.001089 466.379000 -151.028798 7.807211 -0.009487 -0.009361 -0.551415 0.834124
1743665419.104589 466.694794 -151.745348 7.841391 -0.013289 -0.011087 -0.548747 0.835809
1743665419.208289 467.029021 -152.487077 7.880246 -0.016302 -0.012940 -0.545404 0.837915
1743665419.311789 467.373383 -153.233916 7.913751 -0.017104 -0.012427 -0.541847 0.840211
1743665419.415389 467.737103 -153.994586 7.952993 -0.016474 -0.010767 -0.537600 0.842970
1743665419.518989 468.116837 -154.769957 7.993376 -0.016843 -0.010165 -0.533353 0.845664
1743665419.622689 468.484708 -155.503118 8.029867 -0.018338 -0.009493 -0.529081 0.848320
1743665419.726289 468.872669 -156.248731 8.073405 -0.019834 -0.008760 -0.524997 0.850828
1743665419.829889 469.246686 -156.958229 8.107328 -0.019220 -0.008279 -0.520948 0.853332
1743665419.933589 469.605213 -157.611654 8.143799 -0.019526 -0.006955 -0.517251 0.855583
1743665420.037189 469.978435 -158.308078 8.179410 -0.019634 -0.006778 -0.513433 0.857878
1743665420.140989 470.356104 -158.977588 8.215425 -0.020494 -0.008422 -0.509204 0.860360
1743665420.244589 470.738193 -159.636106 8.250331 -0.022847 -0.010458 -0.505011 0.862747
1743665420.348289 471.145099 -160.337317 8.295338 -0.024916 -0.011355 -0.500693 0.865192
1743665420.451889 471.558888 -161.023881 8.327718 -0.023889 -0.009958 -0.496821 0.867467
1743665420.555689 471.970989 -161.694880 8.367520 -0.020235 -0.006064 -0.492914 0.869822
1743665420.659289 472.384028 -162.373726 8.400525 -0.016055 -0.002453 -0.488992 0.872137
1743665420.762989 472.801125 -163.019728 8.431313 -0.013123 -0.000901 -0.484866 0.874489
1743665420.866589 473.222041 -163.651695 8.456769 -0.013272 -0.001553 -0.480620 0.876827
1743665420.970389 473.618087 -164.266870 8.480022 -0.015775 -0.002965 -0.476525 0.879014
1743665421.073989 474.010171 -164.866071 8.500537 -0.017085 -0.004263 -0.472727 0.881033
1743665421.177589 474.449120 -165.465047 8.532999 -0.019017 -0.004220 -0.468765 0.883108
1743665421.281189 474.852071 -166.041157 8.558212 -0.020113 -0.003421 -0.465447 0.884841
1743665421.384989 475.230663 -166.590151 8.586061 -0.019057 -0.002638 -0.462778 0.886266
1743665421.488589 475.622020 -167.130374 8.611403 -0.019982 -0.001987 -0.460633 0.887364
1743665421.592289 476.003185 -167.645475 8.635003 -0.020227 -0.001535 -0.459325 0.888037
1743665421.696089 476.376863 -168.142391 8.661172 -0.020417 -0.001780 -0.458642 0.888385
1743665421.799789 476.737513 -168.624160 8.686703 -0.022095 -0.002667 -0.458906 0.888206
1743665421.903489 477.071887 -169.071440 8.709285 -0.024283 -0.003553 -0.459960 0.887600
1743665422.007289 477.394439 -169.505548 8.730572 -0.025679 -0.003832 -0.462032 0.886483
1743665422.110989 477.692542 -169.948217 8.754680 -0.026467 -0.003227 -0.465599 0.884594
1743665422.214889 477.982348 -170.415900 8.780674 -0.025702 -0.000893 -0.471081 0.881715
1743665422.318789 478.267094 -170.841866 8.798512 -0.023450 0.002235 -0.476759 0.878718
1743665422.422489 478.510804 -171.237257 8.821034 -0.020518 0.004239 -0.483117 0.875305
1743665422.526289 478.716227 -171.584358 8.835885 -0.017996 0.004814 -0.489261 0.871939
1743665422.629989 478.912758 -171.927689 8.855331 -0.016170 0.004068 -0.495974 0.868177
1743665422.733589 479.103037 -172.299422 8.862208 -0.015440 0.002119 -0.503448 0.863885
1743665422.837289 479.297148 -172.651561 8.889786 -0.015247 -0.001499 -0.511782 0.858979
1743665422.941189 479.456100 -172.952697 8.904838 -0.017338 -0.004501 -0.521003 0.853367
1743665423.044889 479.625632 -173.306531 8.924149 -0.019695 -0.005922 -0.531336 0.846911
1743665423.148689 479.765274 -173.655051 8.925632 -0.021974 -0.005781 -0.543694 0.838976
1743665423.252489 479.884449 -174.046743 8.933586 -0.021579 -0.005796 -0.557121 0.830130
1743665423.356289 480.011590 -174.388488 8.945163 -0.020534 -0.005687 -0.572099 0.819908
1743665423.459989 480.114312 -174.749742 8.959186 -0.018544 -0.006119 -0.587242 0.809176
1743665423.563789 480.186662 -175.129988 8.982980 -0.015519 -0.007026 -0.602400 0.798013
1743665423.667489 480.252066 -175.463429 8.996380 -0.013710 -0.008020 -0.618333 0.785756
1743665423.771289 480.320603 -175.809479 9.027711 -0.014103 -0.008407 -0.634230 0.772970
1743665423.874989 480.357175 -176.193822 9.036299 -0.017313 -0.008236 -0.650493 0.759270
1743665423.978689 480.379349 -176.529494 9.052034 -0.020219 -0.008210 -0.667911 0.743921
1743665424.082489 480.373752 -176.942741 9.071297 -0.020852 -0.009342 -0.685045 0.728142
1743665424.186189 480.370701 -177.279532 9.076199 -0.021578 -0.011073 -0.702776 0.710997
1743665424.289989 480.347644 -177.647820 9.105426 -0.020691 -0.012645 -0.720501 0.693030
1743665424.393589 480.288851 -178.081876 9.122988 -0.019836 -0.012659 -0.738168 0.674207
1743665424.497289 480.199135 -178.460485 9.142160 -0.018699 -0.010504 -0.755800 0.654451
1743665424.601089 480.109566 -178.858817 9.149108 -0.018113 -0.007919 -0.772996 0.634103
1743665424.704789 479.997622 -179.301265 9.168622 -0.017276 -0.006041 -0.789861 0.613012
1743665424.808489 479.852322 -179.668683 9.181745 -0.016312 -0.004963 -0.806930 0.590401
1743665424.912289 479.672995 -180.132520 9.210524 -0.015350 -0.003725 -0.823680 0.566835
1743665425.015889 479.469640 -180.508768 9.229350 -0.015158 -0.002894 -0.840240 0.541995
1743665425.119489 479.236356 -180.932178 9.247645 -0.015912 -0.001998 -0.856175 0.516437
1743665425.223189 478.934453 -181.444139 9.259067 0.016763 0.001332 0.871321 -0.490425
1743665425.326889 478.627397 -181.833649 9.270715 0.016624 0.001005 0.885082 -0.465137
1743665425.430389 478.278143 -182.260798 9.283329 0.015905 0.001802 0.897011 -0.441718
1743665425.533689 477.888967 -182.726624 9.299436 0.014584 0.003062 0.907049 -0.420762
1743665425.637189 477.451887 -183.167410 9.313398 0.013479 0.003954 0.914868 -0.403508
1743665425.740389 477.010560 -183.611414 9.329091 0.012783 0.004339 0.921132 -0.389016
1743665425.843789 476.513255 -184.078589 9.340515 0.012226 0.004828 0.926029 -0.377224
1743665425.947089 476.001487 -184.560686 9.359156 0.012006 0.005278 0.929972 -0.367397
1743665426.050489 475.456173 -185.044914 9.379192 0.012122 0.005276 0.933196 -0.359123
1743665426.153789 474.905836 -185.537288 9.400547 0.012076 0.005634 0.935960 -0.351855
1743665426.257189 474.327971 -186.041797 9.418138 0.012345 0.005714 0.938381 -0.345334
1743665426.360689 473.719972 -186.551093 9.437733 0.011940 0.005865 0.940369 -0.339896
1743665426.463889 473.092756 -187.065032 9.459689 0.010756 0.006259 0.941861 -0.335773
1743665426.567289 472.444727 -187.603494 9.474579 0.009061 0.006688 0.942939 -0.332775
1743665426.670589 471.773700 -188.137879 9.493929 0.007532 0.007686 0.943561 -0.331025
1743665426.774089 471.114213 -188.674733 9.514828 0.008520 0.008182 0.944012 -0.329700
1743665426.877589 470.426901 -189.233844 9.535158 0.010805 0.008430 0.944341 -0.328682
1743665426.981089 469.711284 -189.815538 9.558996 0.012885 0.007494 0.944677 -0.327663
1743665427.084589 468.945871 -190.417796 9.581790 0.011903 0.007014 0.945004 -0.326768
1743665427.188189 468.177503 -191.024432 9.608561 0.008969 0.006938 0.945409 -0.325688
1743665427.291689 467.408581 -191.626479 9.630319 0.007419 0.007076 0.945797 -0.324596
1743665427.395289 466.619238 -192.245786 9.655158 0.007250 0.007074 0.946064 -0.323823
1743665427.498889 465.821469 -192.873445 9.675271 0.007311 0.007769 0.946150 -0.323552
1743665427.602489 465.022426 -193.490843 9.700166 0.007432 0.008777 0.946180 -0.323435
1743665427.705989 464.224513 -194.117166 9.730851 0.007744 0.010177 0.946088 -0.323656
1743665427.809589 463.419938 -194.743958 9.758688 0.008426 0.010640 0.945828 -0.324385
1743665427.913289 462.644704 -195.356071 9.790425 0.008478 0.011317 0.945544 -0.325187
1743665428.016689 461.840918 -195.985090 9.821715 0.008050 0.011752 0.945212 -0.326145
1743665428.120389 461.024971 -196.638987 9.857601 0.007141 0.011747 0.944885 -0.327112
1743665428.223989 460.254571 -197.252413 9.886761 0.006070 0.012231 0.944586 -0.327981
1743665428.327589 459.445995 -197.895681 9.924039 0.005769 0.012205 0.944274 -0.328882
1743665428.431289 458.666896 -198.528165 9.953039 0.005945 0.012394 0.943972 -0.329739
1743665428.534989 457.875291 -199.162437 9.981603 0.005591 0.012585 0.943678 -0.330578
1743665428.638589 457.095101 -199.787939 10.007242 0.005203 0.013069 0.943378 -0.331421
1743665428.742289 456.304907 -200.432322 10.042027 0.006131 0.013528 0.943125 -0.332105
1743665428.845889 455.514084 -201.082210 10.075202 0.007531 0.014377 0.942797 -0.332973
1743665428.949489 454.735356 -201.718666 10.107797 0.008163 0.013939 0.942613 -0.333497
1743665429.053189 453.965315 -202.348402 10.140235 0.007187 0.013423 0.942467 -0.333952
1743665429.156889 453.172896 -202.991896 10.171707 0.005749 0.012673 0.942397 -0.334208
1743665429.260489 452.398588 -203.636372 10.207549 0.005412 0.011923 0.942393 -0.334252
1743665429.364189 451.621065 -204.272959 10.237777 0.005657 0.011847 0.942383 -0.334277
1743665429.467889 450.853191 -204.905969 10.270039 0.006726 0.010967 0.942420 -0.334185
1743665429.571489 450.087074 -205.541749 10.300220 0.007223 0.010563 0.942457 -0.334083
1743665429.675189 449.324879 -206.171009 10.332016 0.007152 0.010348 0.942579 -0.333745
1743665429.778789 448.558925 -206.792765 10.360425 0.006807 0.010485 0.942735 -0.333307
1743665429.882589 447.798627 -207.420283 10.395078 0.006615 0.010734 0.942856 -0.332962
1743665429.986189 447.014654 -208.045975 10.422096 0.006040 0.011713 0.942968 -0.332624
1743665430.089789 446.236465 -208.688071 10.457783 0.006703 0.012083 0.943076 -0.332291
1743665430.193489 445.455637 -209.318998 10.496231 0.007552 0.011519 0.943101 -0.332222
1743665430.297189 444.694795 -209.939161 10.525852 0.006687 0.010786 0.943068 -0.332357
1743665430.400789 443.944443 -210.545244 10.547497 0.004294 0.010388 0.942918 -0.332835
1743665430.504389 443.171845 -211.179342 10.569052 0.002705 0.010033 0.942759 -0.333313
1743665430.607989 442.402582 -211.815942 10.601787 0.002904 0.009233 0.942517 -0.334017
1743665430.711689 441.648265 -212.443959 10.625564 0.003167 0.009337 0.942065 -0.335285
1743665430.815389 440.912002 -213.061955 10.650129 0.004350 0.009261 0.941589 -0.336608
1743665430.918989 440.169718 -213.681152 10.676491 0.006052 0.009027 0.941129 -0.337874
1743665431.022589 439.400762 -214.323721 10.696239 0.006366 0.009017 0.940695 -0.339075
1743665431.126189 438.648260 -214.955174 10.713975 0.005462 0.009928 0.940375 -0.339951
1743665431.229789 437.876574 -215.610159 10.743277 0.006599 0.010583 0.940028 -0.340868
1743665431.333589 437.088068 -216.267844 10.778201 0.008309 0.011445 0.939779 -0.341491
1743665431.437189 436.293875 -216.944755 10.799430 0.007817 0.012291 0.939487 -0.342275
1743665431.540789 435.511362 -217.605532 10.820538 0.006778 0.012223 0.939477 -0.342327
1743665431.644589 434.740194 -218.274404 10.854766 0.008680 0.010034 0.939698 -0.341749
1743665431.748189 433.967123 -218.937667 10.886755 0.010206 0.008008 0.939858 -0.341320
1743665431.851889 433.165355 -219.614294 10.910911 0.009917 0.006320 0.940153 -0.340550
1743665431.955489 432.361458 -220.292267 10.944450 0.008738 0.005454 0.940279 -0.340249
1743665432.059089 431.546253 -220.992127 10.974099 0.007610 0.005420 0.940388 -0.339975
1743665432.162889 430.695207 -221.697458 11.005131 0.006323 0.006331 0.940431 -0.339868
1743665432.266489 429.874404 -222.381250 11.030901 0.005328 0.007820 0.940464 -0.339762
1743665432.370189 429.067303 -223.052481 11.056096 0.005127 0.008882 0.940491 -0.339663
1743665432.473789 428.264147 -223.724935 11.088319 0.005479 0.009249 0.940378 -0.339961
1743665432.577489 427.454793 -224.418070 11.113852 0.005682 0.009390 0.940075 -0.340792
1743665432.681089 426.658360 -225.100697 11.144885 0.005825 0.009604 0.939792 -0.341562
1743665432.784689 425.858143 -225.792614 11.176331 0.006307 0.009379 0.939513 -0.342327
1743665432.888389 425.071773 -226.449533 11.205887 0.006772 0.009235 0.939313 -0.342871
1743665432.991989 424.271267 -227.128422 11.238535 0.007005 0.009328 0.939039 -0.343614
1743665433.095489 423.484451 -227.800582 11.270532 0.007577 0.010022 0.938765 -0.344328
1743665433.199289 422.701541 -228.486564 11.310047 0.008939 0.010112 0.938472 -0.345092
1743665433.302889 421.928910 -229.163069 11.344766 0.010008 0.009302 0.938285 -0.345593
1743665433.406489 421.149697 -229.840936 11.381507 0.010159 0.008126 0.938194 -0.345864
1743665433.510089 420.368142 -230.505756 11.419238 0.009761 0.007094 0.938119 -0.346103
1743665433.613689 419.604263 -231.167678 11.456148 0.009138 0.005466 0.938165 -0.346025
1743665433.717489 418.823639 -231.856565 11.493791 0.008603 0.004692 0.938184 -0.345998
1743665433.821089 418.064263 -232.516249 11.528049 0.007818 0.004827 0.938184 -0.346016
1743665433.924689 417.340745 -233.143110 11.558810 0.006801 0.004890 0.938401 -0.345447
1743665434.028289 416.579524 -233.801887 11.589507 0.005841 0.004355 0.938627 -0.344856
1743665434.131889 415.846378 -234.436837 11.621329 0.005102 0.004302 0.938924 -0.344061
1743665434.235689 415.151705 -235.019058 11.650392 0.004946 0.004529 0.939497 -0.342493
1743665434.339489 414.403815 -235.569878 11.669400 0.005642 0.003993 0.939222 -0.343242
1743665434.443089 413.701454 -236.148940 11.695069 0.005843 0.003884 0.940133 -0.340734
1743665434.546689 413.064303 -236.694133 11.724783 0.006262 0.003952 0.941249 -0.337631
1743665434.650389 412.431388 -237.212588 11.749493 0.006543 0.004262 0.942658 -0.333668
1743665434.753989 411.813929 -237.718352 11.770790 0.005986 0.005057 0.944356 -0.328833
1743665434.857789 411.192167 -238.203695 11.798998 0.005640 0.005246 0.946424 -0.322833
1743665434.961489 410.636413 -238.639892 11.825750 0.005883 0.005150 0.949010 -0.315149
1743665435.065389 410.085932 -239.061825 11.851513 0.006575 0.005108 0.952143 -0.305538
1743665435.169089 409.525293 -239.465968 11.877424 0.007322 0.005681 0.955866 -0.293656
1743665435.272989 409.005075 -239.829134 11.896817 0.007940 0.005732 0.960195 -0.279158
1743665435.376789 408.469238 -240.165359 11.921847 0.008018 0.006214 0.964991 -0.262087
1743665435.480689 407.928171 -240.498938 11.938150 0.008407 0.006139 0.970237 -0.241934
1743665435.584789 407.387074 -240.780891 11.956263 0.008647 0.007204 0.975808 -0.218340
1743665435.688689 406.835161 -241.014156 11.992168 0.007818 0.008311 0.981375 -0.191760
1743665435.792689 406.269683 -241.207351 12.014110 0.005692 0.008656 0.986583 -0.162934
1743665435.896789 405.637354 -241.290130 12.016333 0.003466 0.008881 0.990802 -0.134984
1743665436.000789 405.047898 -241.336061 12.022322 0.001144 0.009095 0.994654 -0.102861
1743665436.104889 404.493506 -241.406557 12.029339 -0.000291 0.009477 0.997735 -0.066591
1743665436.208989 403.928591 -241.416736 12.044237 -0.001196 0.010278 0.999500 -0.029883
1743665436.312989 403.340200 -241.377703 12.048096 -0.001644 0.011033 0.999916 0.006618
1743665436.416989 402.810897 -241.327567 12.049745 -0.002437 0.012087 0.998949 0.044139
1743665436.520789 402.254080 -241.205826 12.049464 -0.003226 0.013283 0.996666 0.080432
1743665436.624689 401.740480 -241.064415 12.048446 -0.004038 0.014787 0.992967 0.117395
1743665436.728389 401.226230 -240.873703 12.048158 -0.005119 0.016148 0.988027 0.153346
1743665436.832289 400.685853 -240.621138 12.037021 -0.006172 0.017246 0.981934 0.188337
1743665436.936089 400.216890 -240.359044 12.033918 -0.007804 0.019014 0.974871 0.221821
1743665437.039689 399.740390 -240.078982 12.017301 -0.010027 0.019639 0.967079 0.253520
1743665437.143389 399.258260 -239.748714 12.005562 -0.012198 0.020449 0.958862 0.282872
1743665437.246789 398.822506 -239.413073 11.987596 -0.013777 0.020400 0.950326 0.310283
1743665437.350289 398.382334 -239.039105 11.971046 -0.015082 0.020335 0.941646 0.335652
1743665437.453789 397.928516 -238.621973 11.949665 -0.016408 0.019439 0.933179 0.358510
1743665437.557189 397.512503 -238.211505 11.924344 -0.017705 0.019170 0.925210 0.378556
1743665437.660589 397.089702 -237.755398 11.899746 -0.019640 0.018264 0.917706 0.396354
1743665437.764089 396.695115 -237.317389 11.868763 -0.021795 0.016760 0.910488 0.412620
1743665437.867589 396.284880 -236.826162 11.846283 -0.023616 0.015444 0.902579 0.429599
1743665437.971089 395.889028 -236.307966 11.809095 -0.025242 0.012528 0.894260 0.446660
1743665438.074589 395.537335 -235.789594 11.778767 -0.025980 0.010905 0.885960 0.462905
1743665438.178189 395.180888 -235.234604 11.745328 -0.026451 0.009686 0.877463 0.478817
1743665438.281789 394.820767 -234.625044 11.702080 -0.026455 0.008706 0.869084 0.493880
1743665438.385389 394.502616 -234.045500 11.673385 -0.025806 0.008537 0.860966 0.507935
1743665438.488989 394.182377 -233.420835 11.639354 -0.025158 0.008895 0.852919 0.521360
1743665438.592689 393.860240 -232.749447 11.601075 -0.024502 0.009540 0.844920 0.534246
1743665438.696189 393.568005 -232.091959 11.563775 -0.023745 0.010143 0.837139 0.546380
1743665438.799789 393.294725 -231.395094 11.531231 -0.022259 0.010894 0.829473 0.557996
1743665438.903389 393.021226 -230.653779 11.487617 -0.020258 0.012686 0.822124 0.568806
1743665439.007089 392.780363 -229.916130 11.460559 -0.018185 0.016081 0.815063 0.578863
1743665439.110589 392.534542 -229.119633 11.416953 -0.017640 0.019115 0.808319 0.588170
1743665439.214189 392.303494 -228.321280 11.379957 -0.017467 0.022429 0.802133 0.596468
1743665439.317789 392.077476 -227.520460 11.337140 -0.017427 0.024172 0.796538 0.603853
1743665439.421389 391.842841 -226.699360 11.290170 -0.017169 0.023113 0.791312 0.610734
1743665439.524889 391.631547 -225.858856 11.246980 -0.016832 0.021064 0.786101 0.617509
1743665439.628589 391.435039 -225.002207 11.200764 -0.017644 0.019059 0.780596 0.624497
1743665439.732189 391.238365 -224.089699 11.139688 -0.018112 0.018756 0.774914 0.631529
1743665439.835789 391.061948 -223.168332 11.097004 -0.017863 0.020601 0.769568 0.637983
1743665439.939289 390.903356 -222.255568 11.052769 -0.016112 0.022666 0.764990 0.643442
1743665440.042889 390.753083 -221.311789 11.008391 -0.013985 0.022507 0.761231 0.647939
1743665440.146389 390.611351 -220.347780 10.965119 -0.010819 0.021593 0.758039 0.651762
1743665440.249989 390.481497 -219.348154 10.916541 -0.009494 0.019106 0.755115 0.655245
1743665440.353589 390.343130 -218.336230 10.879547 -0.008449 0.019195 0.752680 0.658053
1743665440.457089 390.197438 -217.314365 10.837392 -0.008556 0.020311 0.751217 0.659687
1743665440.560589 390.055834 -216.310300 10.800390 -0.008950 0.021664 0.750022 0.660997
1743665440.664089 389.943536 -215.287742 10.770328 -0.008243 0.023205 0.748713 0.662437
1743665440.767689 389.813513 -214.219351 10.720662 -0.009662 0.021762 0.747584 0.663740
1743665440.871289 389.666289 -213.143316 10.681958 -0.009643 0.021730 0.746689 0.664748
1743665440.974789 389.540036 -212.087479 10.640393 -0.009643 0.021797 0.745777 0.665769
1743665441.078489 389.419263 -210.989490 10.603049 -0.009394 0.021435 0.744651 0.667044
1743665441.182189 389.282804 -209.894514 10.558958 -0.010778 0.019393 0.743624 0.668230
1743665441.285789 389.166220 -208.809295 10.521538 -0.010787 0.019792 0.742836 0.669094
1743665441.389389 389.051779 -207.744328 10.480455 -0.011411 0.019732 0.742157 0.669838
1743665441.492989 388.933329 -206.658494 10.445550 -0.011252 0.019870 0.741000 0.671116
1743665441.596589 388.816800 -205.563537 10.401941 -0.012340 0.018935 0.740009 0.672217
1743665441.700189 388.701713 -204.430332 10.359956 -0.012675 0.019035 0.738983 0.673336
1743665441.803889 388.596987 -203.299908 10.320226 -0.013412 0.018479 0.738098 0.674307
1743665441.907489 388.483096 -202.181110 10.280400 -0.014297 0.017531 0.737356 0.675125
1743665442.011089 388.379987 -201.062125 10.237904 -0.015035 0.017469 0.736492 0.676054
1743665442.114789 388.275120 -199.917736 10.191252 -0.015597 0.018595 0.735735 0.676834
1743665442.218389 388.176276 -198.720003 10.146809 -0.016019 0.018335 0.734890 0.677749
1743665442.322189 388.074030 -197.599273 10.100505 -0.016305 0.016819 0.733856 0.678901
1743665442.425789 387.980564 -196.478576 10.053256 -0.016909 0.016198 0.732945 0.679885
1743665442.529489 387.886072 -195.364374 10.017734 -0.016965 0.016758 0.732092 0.680788
1743665442.633189 387.803899 -194.251866 9.980343 -0.016785 0.016828 0.731179 0.681771
1743665442.736889 387.720760 -193.149471 9.942062 -0.018073 0.015784 0.730459 0.682535
1743665442.840489 387.643959 -192.058700 9.895871 -0.018715 0.016114 0.729840 0.683172
1743665442.944689 387.562365 -190.910554 9.851862 -0.019418 0.016756 0.729285 0.683729
1743665443.047689 387.484939 -189.779060 9.805563 -0.019782 0.017202 0.728653 0.684381
1743665443.151289 387.405966 -188.670535 9.760991 -0.020844 0.016829 0.728008 0.685045
1743665443.254789 387.334218 -187.557874 9.714979 -0.021536 0.017380 0.727467 0.685584
1743665443.358489 387.263304 -186.464544 9.665555 -0.021002 0.019124 0.726984 0.686067
1743665443.462089 387.198971 -185.338678 9.617541 -0.021842 0.019559 0.726513 0.686527
1743665443.565789 387.133942 -184.254132 9.564439 -0.022002 0.019906 0.726027 0.687026
1743665443.669389 387.069935 -183.154941 9.517076 -0.022130 0.019044 0.725468 0.687636
1743665443.772989 387.004085 -182.058639 9.468750 -0.022111 0.017750 0.724989 0.688177
1743665443.876889 386.939767 -180.958876 9.420005 -0.021509 0.017507 0.724700 0.688506
1743665443.980289 386.879474 -179.859267 9.371234 -0.021389 0.017826 0.724660 0.688544
1743665444.083989 386.815135 -178.756898 9.320387 -0.021407 0.019048 0.724697 0.688471
1743665444.187589 386.756444 -177.640025 9.272021 -0.021323 0.020369 0.724628 0.688509
1743665444.291689 386.698038 -176.580467 9.227412 -0.021334 0.020925 0.724639 0.688480
1743665444.395289 386.641329 -175.510229 9.173614 -0.021737 0.020536 0.724698 0.688417
1743665444.498589 386.579132 -174.448597 9.126431 -0.021472 0.020369 0.724807 0.688316
1743665444.602189 386.518578 -173.406714 9.075001 -0.021959 0.019830 0.724705 0.688424
1743665444.705789 386.457472 -172.336224 9.026540 -0.022294 0.019578 0.724668 0.688459
1743665444.809589 386.394577 -171.270407 8.975186 -0.021989 0.019664 0.724645 0.688491
1743665444.913189 386.333451 -170.241321 8.926892 -0.021190 0.020575 0.724445 0.688700
1743665445.016789 386.270655 -169.187513 8.876750 -0.020472 0.021298 0.724326 0.688824
1743665445.120289 386.217753 -168.155307 8.828785 -0.020202 0.021550 0.724069 0.689094
1743665445.223889 386.158655 -167.120491 8.780535 -0.020130 0.021220 0.723715 0.689479
1743665445.327689 386.104135 -166.087709 8.733080 -0.019494 0.020939 0.723140 0.690108
1743665445.431289 386.053075 -165.057783 8.688989 -0.018766 0.019738 0.722432 0.690905
1743665445.534889 386.006003 -164.044495 8.645866 -0.017214 0.019129 0.721591 0.691841
1743665445.638589 385.960875 -163.034302 8.608950 -0.016345 0.019364 0.720597 0.692890
1743665445.742189 385.919266 -162.035410 8.566337 -0.016096 0.020045 0.719690 0.693819
1743665445.845889 385.879751 -161.063759 8.532969 -0.015575 0.021972 0.718628 0.694873
1743665445.949489 385.843109 -160.080184 8.497432 -0.017374 0.021645 0.717660 0.695841
1743665446.053189 385.812037 -159.122062 8.460081 -0.018170 0.021211 0.716547 0.696979
1743665446.156789 385.789070 -158.190345 8.420524 -0.018148 0.021301 0.715290 0.698267
1743665446.260589 385.766503 -157.262753 8.386527 -0.017615 0.021562 0.713980 0.699613
1743665446.364189 385.744844 -156.375930 8.354534 -0.017441 0.021644 0.712488 0.701134
1743665446.467889 385.734613 -155.487323 8.316275 -0.016975 0.022477 0.711543 0.702077
1743665446.571489 385.722702 -154.620789 8.288088 -0.015826 0.022914 0.711203 0.702434
1743665446.675189 385.713741 -153.789905 8.257595 -0.013748 0.024289 0.711609 0.702021
1743665446.778789 385.701132 -152.985833 8.230033 -0.012856 0.024579 0.712500 0.701123
1743665446.882289 385.689196 -152.202406 8.197256 -0.012610 0.025790 0.713874 0.699685
1743665446.985889 385.673326 -151.390297 8.164107 -0.012315 0.027921 0.715792 0.697646
1743665447.089389 385.641001 -150.599652 8.137056 -0.011591 0.029698 0.718651 0.694640
1743665447.192989 385.608709 -149.861374 8.109246 -0.010548 0.030341 0.722219 0.690918
1743665447.296489 385.563998 -149.144063 8.082083 -0.009707 0.030253 0.726498 0.686434
1743665447.399989 385.512032 -148.445347 8.051991 -0.009387 0.030793 0.731284 0.681313
1743665447.503589 385.437829 -147.776994 8.025447 -0.009426 0.031797 0.736451 0.675677
1743665447.607089 385.364341 -147.100491 7.998830 -0.009708 0.032955 0.742608 0.668844
1743665447.710589 385.284585 -146.488150 7.973736 -0.009413 0.035059 0.750442 0.659938
1743665447.813889 385.180967 -145.871354 7.954723 -0.008721 0.036527 0.760317 0.648466
1743665447.917289 385.060131 -145.349159 7.929392 -0.007713 0.037915 0.772232 0.634161
1743665448.020689 384.924726 -144.826905 7.911571 -0.007211 0.038424 0.786252 0.616668
1743665448.123889 384.737887 -144.301297 7.892319 -0.006686 0.038439 0.801567 0.596630
1743665448.227089 384.539567 -143.809311 7.872496 -0.006507 0.037938 0.818333 0.573454
1743665448.330389 384.339793 -143.375884 7.854373 -0.005450 0.037956 0.835908 0.547528
1743665448.433689 384.052454 -142.923085 7.836075 -0.004793 0.037933 0.853386 0.519875
1743665448.536989 383.777062 -142.510405 7.829014 -0.003659 0.039832 0.870889 0.489849
1743665448.640389 383.510742 -142.129228 7.813345 -0.003575 0.041026 0.888306 0.457401
1743665448.743689 383.140217 -141.769145 7.813292 -0.003547 0.040921 0.904410 0.424682
1743665448.847089 382.782987 -141.435122 7.795015 -0.003217 0.038441 0.919678 0.390773
1743665448.950989 382.441225 -141.149297 7.784490 -0.002662 0.037897 0.933521 0.356503
1743665449.054089 382.010881 -140.857483 7.776910 -0.003360 0.038547 0.945796 0.322447
1743665449.157689 381.594010 -140.613561 7.772836 -0.005340 0.038191 0.956758 0.288317
1743665449.261189 381.196864 -140.414289 7.761239 -0.008120 0.036291 0.966535 0.253825
1743665449.364989 380.708193 -140.234122 7.752416 -0.009806 0.033435 0.974643 0.221037
1743665449.468689 380.241195 -140.077317 7.758634 -0.010403 0.032248 0.981196 0.190017
1743665449.572389 379.776845 -139.935083 7.753791 -0.009470 0.031347 0.986383 0.161172
1743665449.676189 379.273788 -139.827507 7.747721 -0.007597 0.030238 0.990315 0.135295
1743665449.779989 378.810250 -139.731854 7.733604 -0.004947 0.027782 0.993306 0.112016
1743665449.883889 378.274294 -139.651152 7.734168 -0.002600 0.024366 0.995445 0.092133
1743665449.987789 377.699236 -139.613106 7.712791 -0.001602 0.019406 0.996914 0.076042
1743665450.091789 377.148894 -139.565325 7.709356 -0.002426 0.017084 0.997895 0.062513
1743665450.195789 376.551304 -139.525103 7.711394 -0.003776 0.017016 0.998571 0.050526
1743665450.299789 375.983898 -139.476592 7.718419 -0.005240 0.019565 0.998994 0.040002
1743665450.403789 375.367299 -139.444002 7.723009 -0.005748 0.020136 0.999298 0.031071
1743665450.507789 374.768608 -139.427003 7.717136 -0.004488 0.018364 0.999538 0.023816
1743665450.611689 374.146254 -139.426579 7.703844 -0.002688 0.015884 0.999718 0.017423
1743665450.715589 373.506691 -139.414428 7.707158 -0.001532 0.016499 0.999783 0.012614
1743665450.819389 372.857333 -139.401768 7.710508 -0.001307 0.018692 0.999787 0.008681
1743665450.923289 372.176029 -139.397375 7.707548 -0.000965 0.019600 0.999791 0.005704
1743665451.026989 371.497293 -139.398559 7.709173 -0.000782 0.019903 0.999792 0.004330
1743665451.130889 370.794882 -139.397995 7.710438 0.000102 0.020421 0.999786 0.003330
1743665451.234489 370.080385 -139.402338 7.711808 0.001222 0.020706 0.999784 0.001353
1743665451.338189 369.318540 -139.395044 7.710501 0.002004 0.023321 0.999725 -0.001335
1743665451.441789 368.552319 -139.391269 7.724995 0.002557 0.023957 0.999701 -0.004170
1743665451.545589 367.774466 -139.406856 7.728132 0.002234 0.024525 0.999670 -0.007305
1743665451.649489 366.980921 -139.431400 7.728572 0.002345 0.024648 0.999641 -0.010242
1743665451.752789 366.187757 -139.465483 7.733619 0.002800 0.025005 0.999594 -0.013343
1743665451.856389 365.382669 -139.475500 7.741984 0.003653 0.025528 0.999538 -0.016081
1743665451.960189 364.545302 -139.512574 7.749434 0.004887 0.024278 0.999538 -0.017615
1743665452.064089 363.667225 -139.551220 7.759478 0.005239 0.024279 0.999512 -0.018968
1743665452.167389 362.769855 -139.587167 7.771799 0.004241 0.027344 0.999407 -0.020474
1743665452.271089 361.874805 -139.635898 7.783130 0.002676 0.028642 0.999344 -0.022003
1743665452.374789 360.970677 -139.675128 7.788217 0.001192 0.030024 0.999277 -0.023313
1743665452.478389 360.043082 -139.720218 7.792272 0.000560 0.029958 0.999242 -0.024862
1743665452.582189 359.099490 -139.776792 7.798090 -0.000053 0.027300 0.999284 -0.026177
1743665452.685689 358.122300 -139.850681 7.793274 -0.001272 0.023993 0.999344 -0.027111
1743665452.789489 357.138741 -139.920292 7.795970 -0.003462 0.021757 0.999371 -0.027787
1743665452.893189 356.125214 -139.984606 7.791119 -0.003462 0.019835 0.999408 -0.027890
1743665452.996789 355.111902 -140.048930 7.800181 -0.000965 0.019709 0.999426 -0.027550
1743665453.100389 354.114449 -140.116067 7.799300 0.001268 0.019647 0.999435 -0.027241
1743665453.204189 353.090049 -140.167854 7.805432 0.001185 0.021344 0.999398 -0.027309
1743665453.307789 352.043191 -140.217904 7.815038 0.000121 0.023431 0.999350 -0.027414
1743665453.411489 351.014048 -140.286187 7.831205 0.000437 0.022241 0.999386 -0.027073
1743665453.515189 349.961925 -140.357450 7.830056 0.000600 0.020921 0.999415 -0.027031
1743665453.618789 348.897560 -140.417426 7.837188 0.000043 0.020701 0.999424 -0.026907
1743665453.722389 347.840322 -140.477035 7.844905 0.000290 0.021597 0.999396 -0.027235
1743665453.825989 346.783929 -140.534160 7.861913 0.001985 0.021747 0.999380 -0.027633
1743665453.929589 345.724647 -140.597051 7.871282 0.002795 0.023410 0.999321 -0.028321
1743665454.033189 344.639059 -140.654684 7.891572 0.003230 0.025635 0.999233 -0.029408
1743665454.136989 343.564120 -140.731834 7.917335 0.003434 0.023739 0.999255 -0.030242
1743665454.240589 342.548738 -140.801035 7.927073 0.001542 0.024429 0.999226 -0.030808
1743665454.344189 341.466410 -140.874564 7.934836 -0.000129 0.025710 0.999192 -0.030900
1743665454.447789 340.370416 -140.947495 7.952057 0.000988 0.024274 0.999231 -0.030765
1743665454.551589 339.319090 -141.020441 7.970546 0.002830 0.023344 0.999255 -0.030591
1743665454.655189 338.264452 -141.089464 7.995499 0.002684 0.024555 0.999233 -0.030369
1743665454.758889 337.193797 -141.145887 8.001812 -0.000303 0.027779 0.999165 -0.029946
1743665454.862489 336.116631 -141.202492 8.011674 -0.003169 0.029056 0.999131 -0.029708
1743665454.966089 335.045758 -141.277118 8.018005 -0.003394 0.029472 0.999132 -0.029250
1743665455.069889 333.996824 -141.345288 8.027955 -0.001587 0.027580 0.999204 -0.028771
1743665455.173489 332.945397 -141.419609 8.042468 0.000030 0.025599 0.999276 -0.028142
1743665455.277089 331.886713 -141.494009 8.055777 0.000314 0.023766 0.999338 -0.027536
1743665455.380789 330.838684 -141.566651 8.060731 -0.001957 0.023273 0.999364 -0.026933
1743665455.484289 329.768104 -141.625676 8.060252 -0.003544 0.022225 0.999392 -0.026630
1743665455.587989 328.685775 -141.692226 8.065981 -0.002877 0.021754 0.999403 -0.026676
1743665455.691589 327.634823 -141.757356 8.075098 -0.000914 0.022329 0.999398 -0.026536
1743665455.795289 326.537595 -141.819680 8.083596 -0.000263 0.023089 0.999401 -0.025762
1743665455.898889 325.481299 -141.878859 8.082941 -0.002157 0.024241 0.999376 -0.025607
1743665456.002489 324.372597 -141.929928 8.086511 -0.004282 0.025475 0.999336 -0.025685
1743665456.106189 323.267707 -141.990623 8.090483 -0.004703 0.027659 0.999279 -0.025594
1743665456.209889 322.192546 -142.041201 8.091713 -0.003965 0.028303 0.999271 -0.025318
1743665456.313489 321.092096 -142.095418 8.092643 -0.004321 0.030458 0.999210 -0.025164
1743665456.417089 319.957282 -142.157216 8.089990 -0.004989 0.031514 0.999176 -0.025100
1743665456.520889 318.849675 -142.211826 8.091847 -0.004961 0.032583 0.999139 -0.025183
1743665456.624489 317.747939 -142.266696 8.095275 -0.003256 0.032674 0.999137 -0.025444
1743665456.728089 316.603351 -142.325314 8.096169 -0.001186 0.032649 0.999138 -0.025630
1743665456.831589 315.482599 -142.384428 8.108379 -0.000353 0.032031 0.999156 -0.025716
1743665456.935289 314.333271 -142.454481 8.111710 -0.001019 0.031557 0.999164 -0.025984
1743665457.038889 313.203148 -142.518668 8.117189 -0.002835 0.033352 0.999098 -0.026143
1743665457.142589 312.042577 -142.589102 8.115409 -0.004651 0.033698 0.999080 -0.026119
1743665457.246189 310.896743 -142.646060 8.112738 -0.006546 0.033535 0.999089 -0.025586
1743665457.349789 309.741198 -142.715690 8.107728 -0.007578 0.033750 0.999082 -0.025291
1743665457.453389 308.535520 -142.782977 8.103804 -0.006194 0.034818 0.999064 -0.024891
1743665457.556989 307.381490 -142.835813 8.106786 -0.004108 0.033669 0.999124 -0.024519
1743665457.660489 306.166110 -142.914128 8.099192 -0.004058 0.034796 0.999091 -0.024298
1743665457.764289 305.035955 -142.961003 8.100993 -0.004690 0.035475 0.999068 -0.024132
1743665457.867789 303.856102 -143.012338 8.106742 -0.003119 0.035513 0.999070 -0.024239
1743665457.971389 302.653533 -143.096128 8.107448 -0.000898 0.035456 0.999064 -0.024782
1743665458.074989 301.487702 -143.145906 8.116472 -0.000141 0.035810 0.999039 -0.025275
1743665458.178589 300.287807 -143.212348 8.132569 -0.001204 0.036612 0.999001 -0.025609
1743665458.282189 299.129934 -143.281497 8.135487 -0.003112 0.037648 0.998940 -0.026312
1743665458.385789 297.950507 -143.337453 8.142435 -0.005048 0.038764 0.998863 -0.027298
1743665458.489489 296.774545 -143.414230 8.151405 -0.004500 0.036783 0.998921 -0.027993
1743665458.592989 295.599040 -143.488958 8.168118 -0.000245 0.035422 0.998977 -0.028118
1743665458.696489 294.435050 -143.573055 8.179500 0.003881 0.031325 0.999091 -0.028635
1743665458.800189 293.288973 -143.637081 8.198498 0.004279 0.031113 0.999079 -0.029250
1743665458.903689 292.129502 -143.718101 8.219590 0.001619 0.033150 0.998995 -0.030108
1743665459.007289 290.967312 -143.777767 8.244514 -0.001603 0.034564 0.998941 -0.030331
1743665459.110889 289.841142 -143.862532 8.250054 -0.004388 0.034263 0.998930 -0.030760
1743665459.214389 288.698514 -143.931552 8.256492 -0.005927 0.036085 0.998855 -0.030830
1743665459.317989 287.516952 -144.009724 8.260509 -0.005625 0.033674 0.998949 -0.030582
1743665459.421789 286.374238 -144.085518 8.260175 -0.005620 0.032647 0.999003 -0.029927
1743665459.525189 285.206041 -144.158822 8.258983 -0.005670 0.034454 0.998955 -0.029490
1743665459.628989 284.066020 -144.228634 8.265889 -0.002948 0.036039 0.998921 -0.029132
1743665459.732689 282.914633 -144.302169 8.283440 0.001286 0.031217 0.999103 -0.028596
1743665459.836189 281.751212 -144.378030 8.294766 0.002542 0.030096 0.999141 -0.028390
1743665459.940189 280.613814 -144.449292 8.311375 0.000204 0.030653 0.999138 -0.028006
1743665460.043489 279.460773 -144.527068 8.322815 -0.003737 0.029259 0.999179 -0.027762
1743665460.147089 278.327804 -144.607590 8.316801 -0.008297 0.029154 0.999167 -0.027316
1743665460.250689 277.160319 -144.667586 8.313212 -0.011640 0.031228 0.999095 -0.026431
1743665460.354289 276.029927 -144.737570 8.298512 -0.011717 0.031213 0.999103 -0.026124
1743665460.457989 274.916328 -144.790883 8.298628 -0.006413 0.031905 0.999136 -0.025854
1743665460.561589 273.825665 -144.836632 8.307646 0.000840 0.031072 0.999190 -0.025546
1743665460.665189 272.676763 -144.899235 8.321999 0.004506 0.031412 0.999174 -0.025396
1743665460.768889 271.565329 -144.954968 8.333673 0.001176 0.034253 0.999083 -0.025652
1743665460.872489 270.421241 -145.016440 8.350339 -0.004955 0.037184 0.998957 -0.026024
1743665460.976289 269.290164 -145.076104 8.351625 -0.009915 0.037010 0.998926 -0.026061
1743665461.079789 268.201346 -145.140352 8.344816 -0.013334 0.034686 0.998968 -0.026100
1743665461.183489 267.082151 -145.216939 8.332502 -0.015566 0.034892 0.998921 -0.026421
1743665461.286989 265.985381 -145.276200 8.321921 -0.014582 0.035179 0.998921 -0.026564
1743665461.390689 264.908960 -145.345728 8.307435 -0.010993 0.032558 0.999059 -0.026471
1743665461.494289 263.820065 -145.405777 8.299064 -0.007007 0.033664 0.999071 -0.025974
1743665461.597989 262.728937 -145.467209 8.294082 -0.003949 0.033048 0.999128 -0.025198
1743665461.701589 261.639530 -145.531199 8.303579 -0.001653 0.033135 0.999156 -0.024201
1743665461.805389 260.536301 -145.589426 8.316356 -0.000927 0.034050 0.999153 -0.023067
1743665461.908989 259.480422 -145.638808 8.329302 -0.003525 0.034472 0.999150 -0.022328
1743665462.012689 258.408864 -145.693181 8.336098 -0.008101 0.034412 0.999131 -0.022080
1743665462.116389 257.343679 -145.748942 8.339156 -0.012351 0.033410 0.999115 -0.022385
1743665462.219989 256.277500 -145.809351 8.331307 -0.014284 0.031188 0.999153 -0.022718
1743665462.323589 255.246176 -145.867954 8.322899 -0.012889 0.028592 0.999244 -0.022968
1743665462.427289 254.225146 -145.924004 8.310942 -0.009272 0.026640 0.999330 -0.023308
1743665462.530889 253.237370 -145.973962 8.314398 -0.005341 0.027899 0.999308 -0.024031
1743665462.634389 252.262988 -146.025743 8.318587 -0.002053 0.029103 0.999262 -0.024966
1743665462.738189 251.284108 -146.067638 8.323875 -0.001964 0.030903 0.999189 -0.025729
1743665462.841989 250.330210 -146.123398 8.334363 -0.004450 0.032486 0.999100 -0.026903
1743665462.945389 249.363265 -146.177722 8.339856 -0.006683 0.034070 0.999009 -0.027866
1743665463.049189 248.424422 -146.233855 8.345199 -0.005769 0.035773 0.998937 -0.028496
1743665463.152789 247.540459 -146.287104 8.362903 -0.002596 0.032852 0.999039 -0.028901
1743665463.256389 246.664988 -146.342332 8.369355 -0.000872 0.034186 0.998984 -0.029335
1743665463.360089 245.817725 -146.407400 8.382337 -0.000567 0.037642 0.998843 -0.029928
1743665463.463689 244.936389 -146.464948 8.391411 -0.001063 0.038978 0.998777 -0.030392
1743665463.567489 244.085448 -146.520207 8.419316 -0.001016 0.036966 0.998832 -0.031093
1743665463.671089 243.261502 -146.577365 8.444938 -0.001700 0.034036 0.998915 -0.031739
1743665463.774889 242.491564 -146.641292 8.453907 -0.004177 0.030313 0.999000 -0.032586
1743665463.878389 241.703015 -146.711718 8.448051 -0.007474 0.028081 0.999005 -0.033841
1743665463.982089 240.933133 -146.783273 8.464007 -0.009188 0.028256 0.998933 -0.035361
1743665464.085789 240.197931 -146.841246 8.472312 -0.008337 0.027797 0.998915 -0.036414
1743665464.189389 239.517211 -146.897629 8.467964 -0.006061 0.027781 0.998898 -0.037331
1743665464.293189 238.831046 -146.957342 8.476132 -0.004289 0.027893 0.998852 -0.038716
1743665464.396789 238.166722 -147.016400 8.482418 -0.005386 0.027836 0.998789 -0.040197
1743665464.500489 237.535315 -147.067120 8.491042 -0.008194 0.027369 0.998761 -0.040738
1743665464.604089 236.893660 -147.148809 8.491722 -0.009961 0.025268 0.998797 -0.040832
1743665464.707889 236.315816 -147.204854 8.505801 -0.010907 0.024233 0.998837 -0.040240
1743665464.811489 235.760843 -147.251912 8.506185 -0.011148 0.022151 0.998941 -0.038742
1743665464.915189 235.191117 -147.291546 8.501391 -0.010616 0.021618 0.999082 -0.035426
1743665465.018789 234.641480 -147.327155 8.507359 -0.009420 0.020286 0.999266 -0.031104
1743665465.122589 234.154344 -147.359510 8.501715 -0.008066 0.018906 0.999451 -0.025981
1743665465.226389 233.661040 -147.387875 8.505379 -0.007937 0.017577 0.999650 -0.018094
1743665465.330289 233.155853 -147.407843 8.493502 -0.008375 0.016746 0.999794 -0.007863
1743665465.433889 232.686925 -147.397276 8.486732 -0.009153 0.018454 0.999779 0.004230
1743665465.537789 232.242632 -147.364593 8.492749 -0.009595 0.021535 0.999574 0.017232
1743665465.641689 231.810810 -147.321691 8.488482 -0.009405 0.022938 0.999127 0.033624
1743665465.745689 231.374507 -147.263299 8.483955 -0.009727 0.023401 0.998317 0.052161
1743665465.849589 230.940401 -147.150784 8.469683 -0.010107 0.023944 0.997113 0.071341
1743665465.953489 230.528543 -147.079283 8.466132 -0.010056 0.026887 0.995388 0.091535
1743665466.057389 230.137332 -146.955832 8.449383 -0.009787 0.030577 0.993167 0.112195
1743665466.161389 229.716403 -146.786401 8.456216 -0.009420 0.033798 0.990450 0.133330
1743665466.265189 229.340138 -146.660755 8.440080 -0.009907 0.035742 0.987166 0.155330
1743665466.368889 228.930605 -146.466530 8.425170 -0.011083 0.036692 0.983514 0.176721
1743665466.472689 228.567279 -146.332738 8.418716 -0.012657 0.038352 0.979121 0.199226
1743665466.576489 228.222684 -146.150634 8.399470 -0.014084 0.039882 0.973909 0.222965
1743665466.680289 227.831674 -145.874415 8.375060 -0.015426 0.040873 0.967720 0.248212
1743665466.783889 227.486591 -145.647131 8.353358 -0.016571 0.041336 0.960565 0.274466
1743665466.887789 227.106962 -145.352319 8.330451 -0.018451 0.042166 0.952725 0.300328
1743665466.991389 226.783111 -145.102738 8.308247 -0.020660 0.041472 0.943875 0.327036
1743665467.095089 226.453730 -144.772208 8.277739 -0.021934 0.040776 0.934098 0.354001
1743665467.198789 226.095983 -144.379460 8.244763 -0.022666 0.038431 0.923493 0.381011
1743665467.302389 225.829442 -144.062046 8.198024 -0.022033 0.036360 0.912129 0.407692
1743665467.405989 225.531276 -143.683524 8.167115 -0.021247 0.034681 0.900360 0.433241
1743665467.509589 225.239732 -143.234293 8.123190 -0.020624 0.033223 0.888113 0.457958
1743665467.613189 225.012517 -142.846731 8.094857 -0.021078 0.031962 0.875415 0.481853
1743665467.717289 224.737871 -142.323816 8.047353 -0.022992 0.030912 0.862168 0.505155
1743665467.820489 224.524575 -141.891552 8.023836 -0.024179 0.030606 0.849163 0.526689
1743665467.923989 224.325834 -141.400293 7.974670 -0.025864 0.031036 0.835985 0.547263
1743665468.027589 224.125410 -140.833209 7.927371 -0.026648 0.031913 0.822662 0.567009
1743665468.131189 223.961441 -140.311551 7.900234 -0.027635 0.032051 0.809748 0.585249
1743665468.234789 223.820716 -139.747826 7.857861 -0.028532 0.029980 0.797571 0.601804
1743665468.338289 223.668267 -139.172027 7.800347 -0.027610 0.027887 0.786327 0.616563
1743665468.441789 223.570550 -138.602854 7.750878 -0.025572 0.027628 0.776472 0.629026
1743665468.545089 223.479921 -137.999305 7.703271 -0.023093 0.028642 0.767521 0.639967
1743665468.648589 223.384578 -137.369566 7.663186 -0.021666 0.030003 0.759630 0.649302
1743665468.751989 223.308827 -136.733961 7.618549 -0.020735 0.031913 0.752625 0.657349
1743665468.855389 223.215479 -136.079464 7.569739 -0.021223 0.031504 0.746722 0.664051
1743665468.958689 223.155097 -135.385970 7.520661 -0.020892 0.032255 0.741397 0.669965
1743665469.062089 223.090729 -134.690599 7.466785 -0.020742 0.033739 0.737355 0.674344
1743665469.165589 223.049913 -133.953956 7.408968 -0.020660 0.035745 0.733944 0.677954
1743665469.268889 222.994320 -133.200110 7.360392 -0.020853 0.036955 0.731074 0.680977
1743665469.372489 222.933219 -132.432287 7.287145 -0.021194 0.036248 0.728862 0.683371
1743665469.475989 222.873197 -131.658142 7.229132 -0.019234 0.035335 0.726270 0.686231
1743665469.579589 222.839751 -130.849149 7.154395 -0.016514 0.035326 0.723546 0.689174
1743665469.682989 222.805637 -130.015082 7.095454 -0.013852 0.033289 0.721401 0.691578
1743665469.786689 222.777615 -129.165790 7.046444 -0.010264 0.033398 0.719926 0.693171
1743665469.890089 222.737573 -128.302634 6.994806 -0.008876 0.034051 0.719267 0.693842
1743665469.993789 222.712431 -127.416628 6.946032 -0.009864 0.035236 0.718724 0.694332
1743665470.097289 222.666539 -126.472808 6.873858 -0.013166 0.036508 0.718431 0.694515
1743665470.200689 222.620980 -125.527712 6.807099 -0.017116 0.038643 0.718630 0.694107
1743665470.304389 222.581938 -124.589569 6.727280 -0.020286 0.039872 0.718877 0.693696
1743665470.407989 222.550265 -123.605646 6.645014 -0.019758 0.039535 0.718582 0.694037
1743665470.511589 222.492231 -122.655141 6.594227 -0.016862 0.037188 0.719043 0.693765
1743665470.615189 222.466186 -121.710959 6.519405 -0.013992 0.036041 0.719300 0.693623
1743665470.718889 222.439577 -120.711501 6.461019 -0.012691 0.036869 0.719053 0.693861
1743665470.822489 222.383369 -119.732226 6.384444 -0.012606 0.038630 0.719231 0.693582
1743665470.926189 222.336285 -118.719144 6.334323 -0.014018 0.039237 0.719787 0.692943
1743665471.029689 222.280460 -117.721221 6.261231 -0.015040 0.041837 0.720551 0.691975
1743665471.133289 222.237747 -116.736246 6.199375 -0.016791 0.044722 0.721917 0.690329
1743665471.236889 222.201957 -115.754597 6.085395 -0.017911 0.045286 0.723149 0.688973
1743665471.340489 222.133575 -114.791155 6.046541 -0.017273 0.042314 0.724588 0.687665
1743665471.444089 222.075129 -113.840084 5.973534 -0.015438 0.040253 0.725881 0.686468
1743665471.547689 222.018849 -112.831470 5.917332 -0.014661 0.038725 0.726715 0.685690
1743665471.651389 221.960941 -111.827062 5.844207 -0.014907 0.041333 0.727566 0.684629
1743665471.754989 221.885192 -110.879933 5.774079 -0.016961 0.043738 0.728448 0.683494
1743665471.858589 221.857449 -109.967786 5.681793 -0.017817 0.045275 0.728908 0.682881
1743665471.962189 221.785985 -108.967873 5.621256 -0.017315 0.044236 0.729628 0.682193
1743665472.065789 221.685964 -107.946803 5.553313 -0.017282 0.040847 0.730082 0.681919
1743665472.169389 221.613094 -106.945555 5.463018 -0.015638 0.037591 0.730294 0.681918
1743665472.273089 221.558302 -105.954872 5.396511 -0.012600 0.036881 0.730346 0.681965
1743665472.376789 221.490408 -104.983799 5.386576 -0.011019 0.035703 0.730180 0.682232
1743665472.480389 221.418593 -104.020459 5.305792 -0.012305 0.037503 0.730117 0.682181
1743665472.583989 221.341915 -103.060109 5.215311 -0.012800 0.042041 0.729842 0.682202
1743665472.687789 221.280258 -102.097792 5.171332 -0.013029 0.043593 0.729528 0.682436
1743665472.791389 221.196890 -101.147461 5.122905 -0.013826 0.041998 0.729206 0.682865
1743665472.894989 221.132722 -100.187321 5.054745 -0.013428 0.040980 0.728900 0.683261
1743665472.998589 221.072948 -99.245868 4.994698 -0.011254 0.041323 0.728704 0.683488
1743665473.102389 221.008637 -98.299946 4.951124 -0.011541 0.039953 0.728267 0.684030
1743665473.205989 220.953392 -97.372384 4.916692 -0.012013 0.039878 0.728419 0.683865
1743665473.309589 220.924482 -96.467340 4.861099 -0.011911 0.043703 0.728837 0.683187
1743665473.413189 220.852975 -95.504565 4.790251 -0.011896 0.044655 0.729321 0.682609
1743665473.516889 220.792590 -94.567476 4.738080 -0.012102 0.044011 0.729533 0.682421
1743665473.620589 220.750218 -93.628352 4.703479 -0.013024 0.043597 0.730088 0.681837
1743665473.724189 220.657903 -92.737565 4.651443 -0.011928 0.045955 0.730477 0.681285
1743665473.827889 220.566007 -91.815681 4.584338 -0.012002 0.046571 0.730864 0.680827
1743665473.931489 220.486178 -90.918403 4.547416 -0.011524 0.046584 0.731011 0.680676
1743665474.035289 220.443340 -90.044255 4.498881 -0.012096 0.044721 0.731413 0.680360
1743665474.138789 220.383703 -89.214674 4.456398 -0.006587 0.049209 0.731229 0.680322
1743665474.242389 220.319542 -88.429785 4.431232 -0.006194 0.048367 0.730939 0.680698
1743665474.346089 220.255173 -87.657302 4.385967 -0.008512 0.045584 0.731184 0.680603
1743665474.450189 220.198694 -86.904562 4.332964 -0.009940 0.043914 0.731448 0.680409
1743665474.553489 220.140068 -86.143806 4.291358 -0.011706 0.043765 0.731478 0.680358
1743665474.657089 220.094466 -85.410963 4.263390 -0.012074 0.044295 0.730828 0.681016
1743665474.760789 220.029937 -84.664848 4.232222 -0.013118 0.044100 0.730143 0.681744
1743665474.864389 220.004932 -83.973564 4.192487 -0.014326 0.044005 0.729021 0.682925
1743665474.968089 219.962409 -83.304214 4.149599 -0.014441 0.044869 0.727699 0.684275
1743665475.071789 219.895555 -82.652653 4.115199 -0.015176 0.044918 0.726617 0.685405
1743665475.177389 219.842482 -82.024646 4.080310 -0.015125 0.045323 0.725314 0.686758
1743665475.279389 219.782070 -81.459237 4.046594 -0.014715 0.044953 0.723575 0.688623
1743665475.382789 219.760287 -80.952027 4.023369 -0.013126 0.044665 0.721543 0.690802
1743665475.486489 219.747033 -80.432734 3.980321 -0.011315 0.044091 0.718918 0.693602
1743665475.590089 219.717052 -79.903013 3.960813 -0.009664 0.044633 0.716175 0.696425
1743665475.693789 219.725802 -79.414174 3.933952 -0.009521 0.044579 0.712674 0.700013
1743665475.797489 219.716026 -78.952002 3.902974 -0.010370 0.043273 0.707858 0.704951
1743665475.901189 219.697104 -78.489260 3.872270 -0.011499 0.041858 0.702052 0.710801
1743665476.004989 219.718860 -78.019052 3.844713 -0.011904 0.041082 0.694833 0.717898
1743665476.108989 219.719818 -77.644293 3.807492 -0.011518 0.040393 0.686359 0.726049
1743665476.212589 219.783186 -77.210805 3.714614 -0.008528 0.038087 0.677140 0.734819
1743665476.317889 219.886234 -76.730717 3.496629 -0.003290 0.030739 0.665968 0.745339
1743665476.419889 219.957772 -76.284069 3.445291 -0.002112 0.027661 0.653101 0.756763
1743665476.523789 220.016824 -75.837539 3.432039 -0.002895 0.025331 0.639025 0.768763
1743665476.627589 220.133632 -75.390610 3.412151 -0.004391 0.023476 0.623809 0.781212
1743665476.731289 220.244067 -74.971391 3.401393 -0.006276 0.021553 0.607184 0.794244
1743665476.834989 220.381664 -74.550319 3.388762 -0.007424 0.020062 0.589751 0.807302
1743665476.938789 220.576291 -74.111281 3.374257 -0.008304 0.017451 0.571366 0.820468
1743665477.042589 220.725846 -73.728731 3.363039 -0.010097 0.012907 0.552332 0.833463
1743665477.146189 220.954816 -73.312365 3.335464 -0.010813 0.011188 0.532290 0.846419
1743665477.249889 221.163839 -72.961637 3.330760 -0.010220 0.012200 0.511983 0.858848
1743665477.353589 221.407768 -72.574219 3.323984 -0.009447 0.014282 0.490797 0.871105
1743665477.457289 221.741541 -72.142939 3.304426 -0.011064 0.015282 0.468523 0.883250
1743665477.560989 222.019863 -71.790954 3.294234 -0.012124 0.015999 0.446061 0.894777
1743665477.664589 222.339348 -71.424290 3.279350 -0.013910 0.015973 0.422833 0.905960
1743665477.768289 222.723428 -71.038894 3.270496 -0.014336 0.015324 0.398643 0.916866
1743665477.872089 223.075475 -70.727564 3.252527 -0.015294 0.012879 0.373896 0.927255
1743665477.975589 223.445711 -70.415128 3.248790 -0.015719 0.009287 0.349016 0.936939
1743665478.079489 223.864945 -70.073180 3.209376 -0.016240 0.004522 0.324055 0.945888
1743665478.182989 224.270428 -69.845040 3.209234 -0.012505 0.003230 0.299792 0.953917
1743665478.286489 224.729645 -69.566465 3.204354 -0.007334 0.003780 0.275462 0.961276
1743665478.390489 225.177903 -69.373086 3.205819 -0.004071 0.004319 0.253367 0.967352
1743665478.493589 225.647765 -69.168726 3.207691 -0.003446 0.005008 0.232149 0.972661
1743665478.597389 226.110102 -68.931446 3.207390 -0.004686 0.005115 0.211224 0.977413
1743665478.700689 226.567305 -68.772262 3.198386 -0.004964 0.005084 0.191499 0.981467
1743665478.804189 227.052137 -68.615278 3.200536 -0.003719 0.005960 0.172126 0.985050
1743665478.907689 227.568652 -68.450554 3.199444 -0.001522 0.006521 0.153327 0.988153
1743665479.011189 228.045392 -68.346481 3.206360 -0.001618 0.005690 0.136134 0.990673
1743665479.114689 228.548817 -68.233080 3.197359 -0.003819 0.003785 0.119695 0.992796
1743665479.218189 229.065684 -68.107636 3.192447 -0.002879 0.001531 0.103704 0.994603
1743665479.321689 229.553690 -68.042736 3.202953 -0.000636 -0.001064 0.088760 0.996052
1743665479.425089 230.073439 -67.977322 3.205978 0.001074 -0.003807 0.074779 0.997192
1743665479.528789 230.597575 -67.913064 3.208741 0.001673 -0.004886 0.061642 0.998085
1743665479.632089 231.115918 -67.883051 3.209163 0.001563 -0.004274 0.051171 0.998680
1743665479.735589 231.628755 -67.840746 3.214039 0.003120 -0.001687 0.042960 0.999070
1743665479.838989 232.160642 -67.807869 3.224339 0.005105 0.001637 0.037156 0.999295
1743665479.942289 232.705324 -67.782543 3.230458 0.005147 0.004184 0.032719 0.999443
1743665480.045689 233.237489 -67.739696 3.230911 0.003618 0.005426 0.029189 0.999553
1743665480.149189 233.773592 -67.707012 3.234185 0.003277 0.005797 0.026985 0.999614
1743665480.252589 234.328465 -67.685425 3.232718 0.007259 0.006223 0.026910 0.999592
1743665480.355789 234.878611 -67.671353 3.235767 0.011829 0.006034 0.029563 0.999475
1743665480.459189 235.402004 -67.638758 3.240190 0.013313 0.005311 0.034358 0.999307
1743665480.562389 235.941522 -67.590509 3.237227 0.013496 0.004854 0.040619 0.999072
1743665480.665789 236.454902 -67.535757 3.230130 0.014078 0.004567 0.048418 0.998718
1743665480.768989 237.007024 -67.457137 3.238121 0.015840 0.003912 0.058031 0.998181
1743665480.872389 237.554803 -67.386244 3.240876 0.017318 0.004282 0.069974 0.997389
1743665480.975789 238.093230 -67.294574 3.242755 0.016739 0.005995 0.083709 0.996332
1743665481.078989 238.614719 -67.153267 3.234986 0.014903 0.007439 0.099037 0.994944
1743665481.182389 239.127218 -67.019466 3.247813 0.013801 0.007202 0.117406 0.992962
1743665481.285589 239.622213 -66.856538 3.253513 0.011781 0.005557 0.137574 0.990406
1743665481.388989 240.099941 -66.699096 3.260182 0.009655 0.004125 0.160087 0.987047
1743665481.492289 240.549403 -66.465501 3.260737 0.006715 0.002631 0.183568 0.982981
1743665481.595589 240.998891 -66.245250 3.261407 0.001239 -0.000074 0.209305 0.977850
1743665481.699489 241.430452 -65.950339 3.256990 -0.005693 -0.002154 0.236176 0.971691
1743665481.802289 241.831150 -65.656485 3.259946 -0.013418 -0.002755 0.264431 0.964307
1743665481.905589 242.209680 -65.376351 3.263796 -0.018985 -0.003198 0.293424 0.955788
1743665482.008889 242.577079 -65.023567 3.255254 -0.022636 -0.002901 0.322876 0.946166
1743665482.112589 242.930076 -64.677243 3.259619 -0.023884 0.001134 0.352793 0.935396
1743665482.215789 243.236207 -64.354682 3.253639 -0.026469 0.005641 0.382958 0.923369
1743665482.319489 243.527135 -63.942577 3.247408 -0.028572 0.009506 0.412086 0.910647
1743665482.422889 243.795360 -63.534644 3.230453 -0.032983 0.010746 0.440729 0.896970
1743665482.526389 244.021898 -63.159221 3.194705 -0.033903 0.010549 0.469632 0.882148
1743665482.630089 244.234864 -62.705498 3.184897 -0.030898 0.009847 0.498828 0.866094
1743665482.733489 244.452252 -62.283090 3.155941 -0.024844 0.010186 0.527751 0.848974
1743665482.837089 244.614134 -61.867004 3.158854 -0.020357 0.011719 0.555849 0.830951
1743665482.940689 244.766170 -61.366652 3.131847 -0.019671 0.012690 0.582033 0.812828
1743665483.044489 244.871034 -60.888502 3.105835 -0.021405 0.012960 0.605621 0.795359
1743665483.148089 244.930306 -60.427942 3.077874 -0.023170 0.012742 0.626378 0.779070
1743665483.251889 244.998889 -59.881711 3.057903 -0.023585 0.011870 0.645309 0.763465
1743665483.355689 245.037941 -59.403383 3.039515 -0.022600 0.011867 0.662067 0.749010
1743665483.459589 245.069900 -58.866988 3.022075 -0.021471 0.010939 0.676817 0.735757
1743665483.563489 245.075265 -58.328963 2.998245 -0.021031 0.008979 0.688824 0.724567
1743665483.667389 245.064465 -57.810928 2.975129 -0.021693 0.006406 0.698332 0.715416
1743665483.771389 245.065556 -57.231231 2.949285 -0.022516 0.004096 0.705648 0.708193
1743665483.875489 245.039813 -56.673521 2.928021 -0.022705 0.002483 0.710781 0.703043
1743665483.979489 245.026684 -56.084861 2.908169 -0.021894 0.002385 0.715203 0.698570
1743665484.083389 245.008118 -55.509736 2.891584 -0.021127 0.001978 0.718673 0.695024
1743665484.187389 244.989290 -54.905547 2.875662 -0.021156 0.001399 0.720751 0.692870
1743665484.291389 244.938413 -54.258672 2.852891 -0.021540 0.000968 0.721698 0.691872
1743665484.395589 244.883005 -53.592885 2.831631 -0.022026 0.000788 0.721811 0.691739
1743665484.499289 244.864447 -52.904657 2.809379 -0.021763 0.001555 0.721665 0.691899
1743665484.603189 244.837863 -52.220871 2.788806 -0.021307 0.002306 0.721287 0.692305
1743665484.706989 244.791765 -51.511456 2.763446 -0.019857 0.002563 0.720725 0.692932
1743665484.810789 244.771478 -50.774430 2.745046 -0.018474 0.002366 0.720440 0.693267
1743665484.914489 244.738491 -50.022949 2.718125 -0.017646 0.002405 0.720200 0.693538
1743665485.018289 244.699242 -49.255417 2.696130 -0.017386 0.002270 0.719856 0.693902
1743665485.121989 244.670692 -48.437992 2.672776 -0.017486 0.002323 0.719829 0.693927
1743665485.225789 244.631484 -47.628199 2.651577 -0.016943 0.003656 0.719681 0.694089
1743665485.329489 244.607655 -46.800709 2.631164 -0.015843 0.004849 0.719530 0.694264
1743665485.433089 244.572334 -45.934293 2.612541 -0.014792 0.005495 0.719520 0.694293
1743665485.536789 244.524374 -45.054404 2.586414 -0.013968 0.006118 0.719566 0.694256
1743665485.640389 244.501780 -44.164302 2.559637 -0.014137 0.006928 0.720445 0.693333
1743665485.744089 244.461045 -43.260463 2.533300 -0.014486 0.008284 0.721310 0.692411
1743665485.847689 244.410096 -42.339143 2.504311 -0.014624 0.009413 0.722349 0.691310
1743665485.951289 244.367686 -41.406756 2.481483 -0.013933 0.008753 0.723590 0.690034
1743665486.054889 244.311068 -40.469947 2.452404 -0.012739 0.006589 0.724872 0.688735
1743665486.158689 244.252461 -39.497413 2.425428 -0.011595 0.005180 0.725606 0.687993
1743665486.262289 244.195919 -38.507633 2.397565 -0.012227 0.006216 0.726389 0.687146
1743665486.365989 244.132730 -37.535558 2.373070 -0.013181 0.009556 0.726796 0.686661
1743665486.469689 244.079582 -36.512905 2.341566 -0.014054 0.012473 0.727304 0.686059
1743665486.573389 244.012360 -35.464079 2.310559 -0.013765 0.013518 0.727665 0.685661
1743665486.676989 243.944154 -34.419383 2.269780 -0.013218 0.012751 0.727954 0.685380
1743665486.780589 243.868709 -33.355003 2.230591 -0.013003 0.011204 0.728186 0.685165
1743665486.884389 243.785927 -32.258512 2.195203 -0.012771 0.010515 0.728185 0.685181
1743665486.987989 243.715784 -31.185061 2.167350 -0.013633 0.009737 0.727951 0.685425
1743665487.091689 243.638183 -30.082248 2.137991 -0.014460 0.007932 0.727767 0.685626
1743665487.195289 243.561172 -28.986246 2.109257 -0.015625 0.005956 0.727540 0.685861
1743665487.298989 243.489533 -27.918218 2.084804 -0.015828 0.005566 0.727343 0.686069
1743665487.402689 243.416871 -26.835898 2.061996 -0.015198 0.006500 0.726958 0.686483
1743665487.506289 243.352290 -25.748930 2.045845 -0.015211 0.006743 0.726744 0.686707
1743665487.609989 243.287671 -24.650821 2.013191 -0.014166 0.008833 0.726694 0.686759
1743665487.713589 243.238961 -23.555036 1.993412 -0.011784 0.012356 0.726575 0.686875
1743665487.817289 243.180217 -22.495967 1.969996 -0.011326 0.012846 0.726768 0.686669
1743665487.920989 243.117168 -21.443350 1.942199 -0.010335 0.013795 0.727173 0.686238
1743665488.024589 243.041971 -20.377317 1.920079 -0.010480 0.015289 0.727993 0.685333
1743665488.128089 242.968933 -19.316563 1.880902 -0.011538 0.017274 0.728880 0.684327
1743665488.231989 242.889904 -18.241650 1.850973 -0.013405 0.017409 0.729927 0.683172
1743665488.335289 242.805768 -17.182615 1.817723 -0.014154 0.015939 0.730858 0.682197
1743665488.439189 242.720283 -16.105069 1.789564 -0.013636 0.013537 0.731652 0.681408
1743665488.542689 242.633032 -15.052970 1.758640 -0.013658 0.011321 0.732164 0.680898
1743665488.646289 242.550515 -14.020735 1.739968 -0.013922 0.010218 0.732632 0.680405
1743665488.749989 242.459486 -12.972911 1.713318 -0.015543 0.009956 0.733075 0.679898
1743665488.853689 242.373922 -11.943602 1.682387 -0.018182 0.010242 0.733325 0.679558
1743665488.957189 242.284020 -10.942380 1.656009 -0.020481 0.009483 0.733598 0.679208
1743665489.060789 242.202818 -9.947497 1.628167 -0.021880 0.007935 0.733930 0.678826
1743665489.164389 242.101589 -8.965846 1.605239 -0.023678 0.005030 0.734236 0.678463
1743665489.267989 242.021397 -8.010188 1.576058 -0.024958 0.003771 0.734229 0.678432
1743665489.371589 241.927251 -7.038267 1.550511 -0.026215 0.002409 0.734378 0.678230
1743665489.475189 241.837890 -6.115875 1.524011 -0.027424 0.000939 0.734251 0.678323
1743665489.578889 241.756004 -5.212561 1.502981 -0.028474 0.000083 0.734132 0.678410
1743665489.682589 241.681057 -4.316870 1.478405 -0.029161 0.000649 0.733969 0.678556
1743665489.786189 241.605067 -3.467817 1.453553 -0.029637 0.001485 0.733903 0.678606
1743665489.889789 241.530442 -2.634307 1.432226 -0.030043 0.000980 0.733896 0.678597
1743665489.993389 241.464188 -1.803022 1.411508 -0.029442 0.000975 0.733859 0.678662
1743665490.097189 241.397049 -1.017176 1.387685 -0.028246 0.001516 0.734014 0.678545
1743665490.200789 241.326208 -0.259009 1.371973 -0.028148 0.001648 0.734117 0.678437
1743665490.304389 241.264128 0.468058 1.346897 -0.028670 0.001608 0.734066 0.678471
1743665490.408089 241.197987 1.166352 1.334086 -0.028954 0.001278 0.733932 0.678604
1743665490.511689 241.141631 1.847867 1.318566 -0.029368 0.001274 0.733428 0.679132
1743665490.615489 241.088083 2.523549 1.294807 -0.029588 0.002192 0.732652 0.679957
1743665490.719189 241.044327 3.169159 1.277715 -0.030422 0.002872 0.731478 0.681180
1743665490.822989 240.990916 3.758747 1.261744 -0.031625 0.003008 0.729899 0.682816
1743665490.926589 240.952999 4.320465 1.249040 -0.032427 0.003491 0.728062 0.684735
1743665491.030289 240.924109 4.861241 1.233608 -0.033045 0.003637 0.725914 0.686982
1743665491.134089 240.897829 5.361020 1.217989 -0.032327 0.004195 0.723447 0.689610
1743665491.237689 240.881169 5.825019 1.207277 -0.031266 0.004170 0.720703 0.692526
1743665491.341389 240.876862 6.259683 1.192847 -0.030070 0.004008 0.717705 0.695686
1743665491.444989 240.862540 6.653562 1.183617 -0.029305 0.003637 0.714425 0.699088
1743665491.548689 240.856312 7.004029 1.173985 -0.028966 0.003335 0.711255 0.702329
1743665491.652289 240.870277 7.362512 1.153068 -0.028323 0.002988 0.707944 0.705695
1743665491.755989 240.873277 7.661083 1.153648 -0.025867 0.002080 0.704720 0.709011
1743665491.859589 240.882461 7.958955 1.158836 -0.023362 0.001007 0.701184 0.712597
1743665491.963189 240.894733 8.223741 1.152602 -0.021669 0.000781 0.697467 0.716289
1743665492.066989 240.907951 8.474400 1.140451 -0.021131 0.000797 0.693690 0.719963
1743665492.170589 240.921608 8.714689 1.132717 -0.020650 0.000254 0.689646 0.723852
1743665492.274289 240.938372 8.924003 1.134805 -0.019422 -0.000705 0.685220 0.728077
1743665492.377989 240.950495 9.179197 1.131519 -0.018164 -0.001893 0.680047 0.732941
1743665492.481689 240.979705 9.410497 1.130476 -0.017075 -0.002930 0.673889 0.738630
1743665492.585389 241.007683 9.639279 1.125602 -0.016609 -0.003744 0.667087 0.744785
1743665492.688989 241.053378 9.857835 1.119852 -0.016530 -0.004214 0.659894 0.751165
1743665492.792789 241.108001 10.072877 1.121610 -0.016433 -0.003084 0.652435 0.757660
1743665492.896389 241.177963 10.295960 1.118349 -0.016840 -0.001033 0.644359 0.764537
1743665492.999989 241.226817 10.509932 1.115202 -0.017449 0.000346 0.635704 0.771735
1743665493.103589 241.272089 10.719948 1.108972 -0.017682 -0.000622 0.626529 0.779198
1743665493.207389 241.350244 10.935848 1.109152 -0.016077 -0.002671 0.616124 0.787480
1743665493.311089 241.427504 11.163694 1.111303 -0.013551 -0.004061 0.604259 0.796662
1743665493.414789 241.537653 11.412268 1.107961 -0.011595 -0.003333 0.591415 0.806277
1743665493.518489 241.643376 11.666628 1.108610 -0.009945 -0.000508 0.577054 0.816645
1743665493.622289 241.773912 11.936960 1.112263 -0.010602 0.002110 0.560944 0.827783
1743665493.725889 241.950502 12.262675 1.097452 -0.012403 0.004329 0.543127 0.839548
1743665493.829789 242.101567 12.550419 1.092166 -0.015064 0.005334 0.523818 0.851681
1743665493.933589 242.282739 12.856874 1.078832 -0.017441 0.005526 0.502841 0.864185
1743665494.037389 242.532747 13.199285 1.064056 -0.018385 0.006717 0.480635 0.876702
1743665494.140989 242.756517 13.469460 1.070260 -0.017795 0.008690 0.457041 0.889225
1743665494.244889 243.067836 13.799675 1.065348 -0.016575 0.009532 0.431562 0.901880
1743665494.348689 243.330240 14.052193 1.058189 -0.015902 0.008551 0.404435 0.914389
1743665494.452389 243.649097 14.322255 1.048435 -0.015056 0.006164 0.375644 0.926621
1743665494.556089 244.043333 14.639762 1.030309 -0.015364 0.003374 0.345146 0.938417
1743665494.659889 244.378942 14.858724 1.016878 -0.016196 0.001811 0.313957 0.949297
1743665494.763489 244.793246 15.101618 1.004044 -0.016149 0.002459 0.282318 0.959182
1743665494.867089 245.273893 15.366475 1.000570 -0.014515 0.003660 0.250583 0.967979
1743665494.970689 245.725830 15.527343 1.003685 -0.012527 0.004960 0.220104 0.975383
1743665495.074289 246.245546 15.745947 0.992913 -0.011431 0.004881 0.189935 0.981718
1743665495.177789 246.752140 15.869628 0.990839 -0.011423 0.003043 0.161424 0.986814
1743665495.281389 247.311161 16.017288 0.974617 -0.012294 0.001121 0.133416 0.990983
1743665495.384889 247.940560 16.161657 0.969562 -0.012949 0.001016 0.106733 0.994203
1743665495.488389 248.572713 16.236087 0.966987 -0.013199 0.001516 0.082842 0.996474
1743665495.591889 249.217198 16.307735 0.967232 -0.012035 0.001801 0.062263 0.997986
1743665495.695289 249.898900 16.366059 0.966172 -0.010134 0.002098 0.045641 0.998904
1743665495.798489 250.568508 16.400191 0.961329 -0.007612 0.002376 0.032707 0.999433
1743665495.901789 251.296459 16.422355 0.960108 -0.005661 0.002618 0.023557 0.999703
1743665496.004989 252.030892 16.450887 0.951556 -0.004063 0.002641 0.017615 0.999833
1743665496.108089 252.767529 16.475599 0.949827 -0.003262 0.002335 0.014233 0.999891
1743665496.211289 253.576369 16.485650 0.946876 -0.002647 0.001769 0.012437 0.999918
1743665496.314589 254.392423 16.514532 0.942656 -0.003186 0.001330 0.011516 0.999928
1743665496.417789 255.218537 16.535807 0.941599 -0.003480 0.001598 0.011098 0.999931
1743665496.521189 256.086503 16.557793 0.936917 -0.003646 0.002581 0.011111 0.999928
1743665496.624589 256.977582 16.581871 0.930232 -0.003641 0.004041 0.011337 0.999921
1743665496.727889 257.857182 16.609836 0.924596 -0.003243 0.005136 0.012029 0.999909
1743665496.831389 258.749066 16.634672 0.916813 -0.002950 0.004767 0.013061 0.999899
1743665496.934889 259.692525 16.665365 0.911126 -0.002582 0.002957 0.014388 0.999889
1743665497.038389 260.626816 16.698076 0.905427 -0.002653 -0.000394 0.015851 0.999871
1743665497.142089 261.600096 16.738307 0.908661 -0.004389 -0.003083 0.017235 0.999837
1743665497.245589 262.600756 16.784125 0.915232 -0.006216 -0.002939 0.018142 0.999812
1743665497.349189 263.624519 16.829789 0.904931 -0.005390 0.001294 0.018633 0.999811
1743665497.452889 264.675757 16.872228 0.894110 -0.004528 0.005983 0.018705 0.999797
1743665497.556489 265.747392 16.912310 0.886068 -0.002964 0.007138 0.019024 0.999789
1743665497.660089 266.816489 16.957080 0.880643 -0.001797 0.004014 0.019536 0.999799
1743665497.763689 267.913411 17.001718 0.870581 -0.001427 -0.000195 0.020150 0.999796
1743665497.867289 269.027216 17.044501 0.871175 -0.001178 -0.002668 0.020595 0.999784
1743665497.971089 270.166983 17.101115 0.876876 -0.001922 -0.002330 0.020826 0.999779
1743665498.074689 271.336858 17.160168 0.879588 -0.002554 0.001370 0.020944 0.999776
1743665498.178289 272.478639 17.214685 0.876321 -0.002709 0.005999 0.021415 0.999749
1743665498.282089 273.662704 17.269266 0.866540 -0.002445 0.008504 0.021827 0.999723
1743665498.385589 274.848764 17.325306 0.858835 -0.001816 0.007488 0.021911 0.999730
1743665498.489389 276.020007 17.381500 0.847188 -0.001592 0.004812 0.022531 0.999733
1743665498.592989 277.236527 17.441337 0.841680 -0.001260 0.002507 0.023058 0.999730
1743665498.696789 278.444996 17.501919 0.843574 -0.001541 0.001514 0.023432 0.999723
1743665498.800389 279.656629 17.557669 0.845287 -0.001322 0.002960 0.023783 0.999712
1743665498.904089 280.910019 17.622783 0.837644 -0.000215 0.005338 0.024172 0.999694
1743665499.008289 282.121381 17.684056 0.837238 0.000117 0.004847 0.024657 0.999684
1743665499.111289 283.372640 17.750948 0.839543 -0.000237 0.002336 0.025052 0.999683
1743665499.215089 284.638690 17.819389 0.840483 -0.000468 0.000494 0.025450 0.999676
1743665499.318789 285.865187 17.894737 0.850044 -0.000750 0.000302 0.025824 0.999666
1743665499.422489 287.069167 17.958021 0.859944 -0.001955 0.001412 0.026106 0.999656
1743665499.525989 288.336943 18.035404 0.865607 -0.001995 0.003707 0.026141 0.999649
1743665499.629789 289.573412 18.111964 0.860765 -0.003331 0.005643 0.025738 0.999647
1743665499.733389 290.811242 18.184987 0.862401 -0.004407 0.006384 0.025136 0.999654
1743665499.836989 292.093800 18.249121 0.857948 -0.004510 0.005798 0.024430 0.999675
1743665499.940589 293.318524 18.310570 0.856888 -0.005014 0.003702 0.023846 0.999696
1743665500.044289 294.573006 18.373409 0.861398 -0.004845 0.001264 0.023297 0.999716
1743665500.147889 295.828590 18.433389 0.873515 -0.004928 0.000251 0.022770 0.999729
1743665500.251589 297.097826 18.492678 0.881720 -0.005044 0.001116 0.022149 0.999741
1743665500.355189 298.377265 18.561728 0.885428 -0.005084 0.003045 0.021742 0.999746
1743665500.458789 299.654494 18.628704 0.889421 -0.006651 0.004213 0.021502 0.999738
1743665500.562589 300.952767 18.695360 0.884340 -0.008388 0.006463 0.021281 0.999717
1743665500.666289 302.233561 18.756786 0.868994 -0.007635 0.009073 0.021067 0.999708
1743665500.769889 303.455650 18.822924 0.863764 -0.010226 0.008280 0.020989 0.999693
1743665500.873589 304.729399 18.882788 0.861010 -0.012779 0.005433 0.020869 0.999686
1743665500.977189 305.983652 18.945395 0.860168 -0.015244 0.003157 0.021009 0.999658
1743665501.080889 307.210339 19.011299 0.861186 -0.016387 0.001841 0.021196 0.999639
1743665501.184489 308.482470 19.080541 0.869644 -0.017874 0.001597 0.021324 0.999612
1743665501.288089 309.752354 19.147585 0.872265 -0.017531 0.003228 0.021740 0.999605
1743665501.391789 311.042943 19.209843 0.869435 -0.016643 0.005003 0.021982 0.999607
1743665501.495389 312.353440 19.272951 0.869234 -0.016138 0.005896 0.022317 0.999603
1743665501.598989 313.672052 19.338939 0.868521 -0.016236 0.006183 0.022656 0.999592
1743665501.702689 314.974794 19.407163 0.863007 -0.015761 0.006432 0.022959 0.999591
1743665501.806489 316.255510 19.466050 0.858885 -0.015661 0.006347 0.023263 0.999587
1743665501.910289 317.521650 19.536848 0.853856 -0.016279 0.006519 0.023651 0.999566
1743665502.013689 318.797296 19.603329 0.846622 -0.015937 0.007059 0.023977 0.999561
1743665502.117389 320.046723 19.671844 0.845368 -0.015945 0.005908 0.024113 0.999565
1743665502.221189 321.318714 19.746236 0.848002 -0.018867 0.003469 0.024197 0.999523
1743665502.324789 322.603570 19.811558 0.846916 -0.017620 0.003922 0.024124 0.999546
1743665502.428389 323.860147 19.879211 0.841476 -0.016293 0.005985 0.023990 0.999561
1743665502.532089 325.173246 19.944556 0.841115 -0.016228 0.007489 0.023631 0.999561
1743665502.635789 326.452600 20.012347 0.835042 -0.016197 0.008494 0.023365 0.999560
1743665502.739489 327.704454 20.075637 0.822336 -0.015946 0.008904 0.023171 0.999565
1743665502.843089 328.979152 20.137387 0.819272 -0.014352 0.008245 0.023106 0.999596
1743665502.946789 330.246894 20.202326 0.811761 -0.013887 0.006841 0.023076 0.999614
1743665503.050389 331.494420 20.258265 0.809915 -0.012784 0.006150 0.023206 0.999630
1743665503.153989 332.753829 20.318330 0.807624 -0.011812 0.006827 0.023453 0.999632
1743665503.257589 334.025036 20.377150 0.797568 -0.009236 0.008532 0.023740 0.999639
1743665503.361189 335.246942 20.436850 0.785884 -0.007262 0.010511 0.024254 0.999624
1743665503.464789 336.489725 20.495530 0.783814 -0.005891 0.009997 0.024721 0.999627
1743665503.568589 337.710216 20.556842 0.779939 -0.005380 0.007964 0.025098 0.999639
1743665503.672189 338.953431 20.624720 0.774542 -0.003726 0.007087 0.025533 0.999642
1743665503.775789 340.184613 20.689966 0.767788 -0.002638 0.007776 0.025961 0.999629
1743665503.879389 341.402879 20.752422 0.767139 -0.001537 0.009532 0.026278 0.999608
1743665503.982989 342.597469 20.819815 0.759724 0.000276 0.011538 0.026540 0.999581
1743665504.086689 343.742636 20.883167 0.753206 0.000988 0.012877 0.026838 0.999556
1743665504.190389 344.889825 20.941465 0.749486 0.001263 0.012702 0.027151 0.999550
1743665504.294089 346.015703 21.005677 0.739279 0.002057 0.011800 0.027462 0.999551
1743665504.397689 347.119398 21.080594 0.733153 0.001349 0.010394 0.027783 0.999559
1743665504.501489 348.245488 21.145757 0.727815 0.000735 0.009236 0.027953 0.999566
1743665504.605089 349.344455 21.211269 0.725840 0.000258 0.008946 0.027591 0.999579
1743665504.708789 350.423287 21.275174 0.716766 -0.000728 0.009506 0.027075 0.999588
1743665504.812389 351.480547 21.339062 0.705864 -0.001439 0.009660 0.026123 0.999611
1743665504.916189 352.540499 21.399867 0.709504 -0.002111 0.008778 0.024963 0.999648
1743665505.019789 353.524101 21.448585 0.708005 -0.001824 0.008533 0.023741 0.999680
1743665505.123389 354.546806 21.498944 0.703904 -0.001376 0.008836 0.022421 0.999709
1743665505.227089 355.516475 21.542576 0.698607 0.000046 0.009326 0.021167 0.999732
1743665505.330789 356.467056 21.581803 0.700570 0.000912 0.009769 0.020032 0.999751
1743665505.434389 357.402124 21.619069 0.701453 0.000863 0.010251 0.018889 0.999769
1743665505.537989 358.323702 21.646355 0.699264 0.002653 0.011447 0.017720 0.999774
1743665505.641789 359.242843 21.687360 0.690861 0.002840 0.012714 0.016689 0.999776
1743665505.745289 360.145682 21.720919 0.681196 0.002810 0.013291 0.015603 0.999786
1743665505.849089 360.964060 21.747697 0.678810 0.002566 0.012146 0.014561 0.999817
1743665505.952889 361.781241 21.776507 0.678176 0.001582 0.009469 0.013581 0.999862
1743665506.056489 362.580922 21.801459 0.675461 0.000913 0.007716 0.012604 0.999890
1743665506.159989 363.344809 21.821458 0.671193 0.000893 0.008213 0.011756 0.999897
1743665506.263789 364.097945 21.836579 0.668008 0.000735 0.010186 0.011074 0.999887
1743665506.367489 364.786396 21.851779 0.675350 0.000602 0.011141 0.010670 0.999881
1743665506.470989 365.492610 21.876071 0.674389 -0.000386 0.009750 0.011503 0.999886
1743665506.574489 366.146699 21.901101 0.675281 -0.000932 0.007800 0.013591 0.999877
1743665506.678289 366.775185 21.926423 0.673800 -0.001527 0.006955 0.016443 0.999839
1743665506.781589 367.378823 21.961545 0.674030 -0.003592 0.006882 0.019761 0.999775
1743665506.885089 367.962926 21.998222 0.675351 -0.005555 0.006990 0.023601 0.999682
1743665506.988689 368.532674 22.039746 0.677926 -0.006965 0.007339 0.029273 0.999520
1743665507.092289 369.074015 22.090383 0.675176 -0.006479 0.008040 0.037257 0.999252
1743665507.195689 369.579008 22.146004 0.682066 -0.005949 0.008040 0.047616 0.998816
1743665507.299089 370.108651 22.216536 0.678025 -0.004719 0.008050 0.061304 0.998076
1743665507.402289 370.609292 22.320666 0.679094 -0.004204 0.008825 0.079725 0.996769
1743665507.505589 371.069148 22.428085 0.676905 -0.004205 0.010704 0.102290 0.994688
1743665507.608789 371.564810 22.603960 0.667451 -0.003754 0.012585 0.127940 0.991695
1743665507.711889 372.030538 22.783311 0.665485 -0.003582 0.014719 0.157364 0.987424
1743665507.814989 372.440894 22.927528 0.660186 -0.003641 0.017586 0.189827 0.981653
1743665507.918289 372.888003 23.212910 0.653416 -0.004894 0.020529 0.222880 0.974617
1743665508.021789 373.290208 23.476642 0.635419 -0.007047 0.023683 0.256878 0.966128
1743665508.124789 373.627590 23.703488 0.615330 -0.008613 0.026357 0.290974 0.956329
1743665508.228189 374.028401 24.089484 0.599004 -0.008991 0.027633 0.324627 0.945396
1743665508.331489 374.373388 24.438689 0.573118 -0.007532 0.029493 0.359470 0.932660
1743665508.434989 374.621148 24.721496 0.566494 -0.007479 0.031010 0.395158 0.918059
1743665508.538189 374.947135 25.186741 0.529645 -0.008862 0.030911 0.430834 0.901858
1743665508.641689 375.201905 25.626546 0.491149 -0.010691 0.031642 0.466245 0.884025
1743665508.745089 375.375017 25.992226 0.450628 -0.007568 0.034605 0.501100 0.864664
1743665508.848589 375.631772 26.529135 0.461053 -0.002137 0.036871 0.536199 0.843283
1743665508.952089 375.779691 26.998772 0.429492 0.001763 0.035237 0.570577 0.820486
1743665509.055689 375.848213 27.403435 0.418533 0.004921 0.032219 0.603545 0.796663
1743665509.159289 375.950109 27.982166 0.380126 0.007052 0.029202 0.634619 0.772241
1743665509.262989 375.974498 28.443383 0.355287 0.009132 0.027966 0.662240 0.748714
1743665509.366889 376.003148 29.059692 0.344619 0.008038 0.027506 0.686661 0.726413
1743665509.470889 375.975263 29.610024 0.320106 0.004560 0.028513 0.707178 0.706446
1743665509.574889 375.952045 30.146443 0.317190 0.000763 0.029660 0.723990 0.689172
1743665509.679089 375.865103 30.754863 0.312357 -0.000344 0.028690 0.737174 0.675094
1743665509.783189 375.778340 31.312766 0.293370 -0.000785 0.024868 0.747377 0.663934
1743665509.887389 375.663760 31.930009 0.267705 -0.002633 0.023276 0.754708 0.655642
1743665509.991689 375.548341 32.546922 0.246398 -0.005951 0.024015 0.759539 0.649991
1743665510.095889 375.450428 33.165626 0.214350 -0.008109 0.024970 0.762105 0.646920
1743665510.200189 375.332143 33.820036 0.209210 -0.008845 0.025525 0.763046 0.645780
1743665510.304389 375.218736 34.463183 0.176365 -0.007183 0.023187 0.763276 0.645617
1743665510.408489 375.099438 35.115097 0.151285 -0.002862 0.019483 0.763509 0.645497
1743665510.512589 374.988166 35.790668 0.121046 0.001146 0.017665 0.763172 0.645953
1743665510.616489 374.871225 36.497772 0.101612 0.002668 0.018723 0.762941 0.646191
1743665510.720589 374.759640 37.232248 0.086232 0.002806 0.021446 0.762309 0.646852
1743665510.824389 374.631284 37.985532 0.072123 0.001620 0.021410 0.761419 0.647904
1743665510.928389 374.496832 38.770155 0.051106 -0.000151 0.020333 0.760074 0.649518
1743665511.032189 374.367852 39.553642 0.028620 -0.001948 0.018467 0.758114 0.651858
1743665511.136189 374.233871 40.345052 0.007092 -0.003711 0.015595 0.755574 0.654867
1743665511.239889 374.115572 41.184771 -0.013772 -0.005652 0.013194 0.752431 0.658515
1743665511.343689 374.001512 42.005282 -0.039588 -0.007994 0.012689 0.749047 0.662347
1743665511.447489 373.885774 42.895558 -0.066138 -0.011275 0.012473 0.745660 0.666115
1743665511.551189 373.782090 43.787360 -0.092346 -0.012935 0.013008 0.742189 0.669939
1743665511.654989 373.686780 44.692987 -0.124498 -0.013911 0.011235 0.738822 0.673663
1743665511.758689 373.618672 45.623198 -0.158212 -0.013429 0.010572 0.735777 0.677008
1743665511.862289 373.540138 46.542047 -0.189077 -0.013269 0.011999 0.733319 0.679649
1743665511.965889 373.469777 47.516432 -0.220770 -0.013896 0.013853 0.731504 0.681555
1743665512.069589 373.395664 48.489232 -0.261593 -0.014316 0.017026 0.730368 0.682691
1743665512.173289 373.334227 49.463814 -0.303265 -0.014948 0.018441 0.729750 0.683302
1743665512.276889 373.266376 50.488960 -0.347791 -0.015142 0.018502 0.729224 0.683857
1743665512.380489 373.187665 51.516616 -0.385243 -0.015749 0.016035 0.728830 0.684326
1743665512.484189 373.111769 52.573035 -0.435074 -0.016164 0.012884 0.728509 0.684724
1743665512.587789 373.039742 53.613497 -0.474400 -0.015452 0.012332 0.728081 0.685206
1743665512.691489 372.972830 54.656314 -0.508935 -0.015727 0.011982 0.727595 0.685722
1743665512.795189 372.907039 55.700904 -0.546578 -0.016058 0.012319 0.726939 0.686404
1743665512.898789 372.842218 56.769315 -0.579047 -0.016383 0.012344 0.726216 0.687161
1743665513.002489 372.778418 57.831409 -0.623916 -0.017859 0.011946 0.725484 0.687904
1743665513.106089 372.712302 58.934948 -0.663563 -0.018529 0.012131 0.724780 0.688624
1743665513.209689 372.655700 60.012687 -0.705744 -0.018964 0.012726 0.724184 0.689229
1743665513.313289 372.598776 61.092232 -0.742368 -0.018753 0.012726 0.723907 0.689526
1743665513.416889 372.541638 62.174295 -0.775475 -0.018098 0.012128 0.723961 0.689497
1743665513.520489 372.482845 63.255191 -0.808223 -0.018638 0.011356 0.724176 0.689270
1743665513.624089 372.422346 64.352012 -0.857157 -0.019405 0.013033 0.724219 0.689174
1743665513.727689 372.356154 65.478076 -0.896009 -0.020768 0.014259 0.724347 0.688975
1743665513.831389 372.288121 66.604794 -0.943974 -0.021691 0.013393 0.724696 0.688597
1743665513.934989 372.228669 67.676979 -0.996873 -0.022032 0.011995 0.725115 0.688171
1743665514.038689 372.172570 68.782978 -1.019906 -0.019128 0.012194 0.725830 0.687500
1743665514.142289 372.102253 69.839804 -1.056430 -0.018613 0.011514 0.726471 0.686848
1743665514.245889 372.032796 70.922426 -1.103148 -0.019600 0.012732 0.727125 0.686108
1743665514.349589 371.974030 71.992475 -1.142693 -0.018733 0.014639 0.727598 0.685591
1743665514.453189 371.901725 73.104759 -1.175323 -0.019215 0.013017 0.727992 0.685193
1743665514.556889 371.818932 74.216192 -1.215378 -0.019202 0.012466 0.728236 0.684944
1743665514.660489 371.745710 75.295002 -1.252236 -0.020429 0.011642 0.728178 0.684985
1743665514.764289 371.676935 76.362876 -1.293398 -0.021541 0.012145 0.727686 0.685465
1743665514.867889 371.604360 77.411432 -1.331952 -0.022787 0.012410 0.726939 0.686212
1743665514.971489 371.533705 78.492124 -1.373512 -0.022989 0.013193 0.726080 0.687099
1743665515.075189 371.472498 79.578659 -1.415790 -0.022759 0.012963 0.725011 0.688239
1743665515.178889 371.416024 80.620223 -1.451554 -0.022126 0.012292 0.723767 0.689580
1743665515.282589 371.358730 81.700238 -1.488421 -0.022050 0.010774 0.722489 0.690947
1743665515.386189 371.312449 82.750621 -1.523420 -0.022121 0.010064 0.721213 0.692287
1743665515.489789 371.265702 83.804046 -1.562684 -0.022858 0.010143 0.719907 0.693620
1743665515.593589 371.215838 84.858586 -1.603679 -0.024130 0.010767 0.718429 0.695098
1743665515.697189 371.176852 85.875442 -1.650731 -0.025485 0.012156 0.717044 0.696456
1743665515.800889 371.143750 86.884891 -1.683877 -0.026269 0.013094 0.715695 0.697796
1743665515.904489 371.117066 87.902608 -1.721662 -0.025440 0.013449 0.714332 0.699215
1743665516.008189 371.095508 88.884737 -1.753728 -0.023717 0.012559 0.713307 0.700337
1743665516.111889 371.075974 89.822714 -1.793227 -0.021967 0.012549 0.712413 0.701304
1743665516.215489 371.068945 90.802107 -1.826112 -0.020127 0.013481 0.711791 0.701973
1743665516.319089 371.056208 91.732305 -1.848193 -0.018870 0.013900 0.711331 0.702466
1743665516.422889 371.048014 92.636011 -1.874344 -0.017303 0.014256 0.710932 0.702904
1743665516.526489 371.035722 93.546099 -1.905795 -0.017095 0.014663 0.710750 0.703084
1743665516.630189 371.027310 94.426279 -1.932508 -0.016014 0.015995 0.710798 0.703032
1743665516.733789 371.015042 95.300523 -1.956190 -0.014713 0.016554 0.711557 0.702279
1743665516.837289 371.004767 96.181019 -1.979560 -0.012678 0.018209 0.712926 0.700889
1743665516.940889 370.986944 97.049768 -2.010589 -0.011901 0.020035 0.715363 0.698364
1743665517.044489 370.962191 97.909445 -2.039091 -0.011285 0.022342 0.718633 0.694939
1743665517.147889 370.914171 98.796503 -2.073491 -0.011510 0.022351 0.722694 0.690711
1743665517.251489 370.856559 99.639162 -2.101662 -0.010364 0.020896 0.727097 0.686138
1743665517.354989 370.784908 100.500978 -2.129668 -0.008269 0.018584 0.731702 0.681321
1743665517.458689 370.707512 101.351329 -2.153389 -0.006971 0.016056 0.736167 0.676574
1743665517.562289 370.620335 102.184027 -2.173795 -0.007044 0.013583 0.739981 0.672454
1743665517.665989 370.513320 103.075160 -2.196535 -0.007850 0.012041 0.742870 0.669282
1743665517.769689 370.414611 103.953749 -2.207509 -0.008913 0.011277 0.744864 0.667062
1743665517.873389 370.304885 104.807060 -2.225317 -0.009874 0.009862 0.745894 0.665919
1743665517.977289 370.191534 105.702950 -2.255389 -0.010615 0.007887 0.746250 0.665535
1743665518.080989 370.077649 106.605939 -2.274331 -0.010790 0.006930 0.745980 0.665845
1743665518.184489 369.973687 107.511727 -2.287220 -0.010545 0.007279 0.745275 0.666634
1743665518.288189 369.867022 108.434102 -2.308180 -0.011985 0.008516 0.744676 0.667264
1743665518.391889 369.749528 109.372504 -2.334632 -0.015861 0.011195 0.743811 0.668108
1743665518.495889 369.650335 110.337717 -2.384852 -0.022065 0.014768 0.742750 0.669042
1743665518.599289 369.544261 111.305374 -2.418111 -0.025990 0.015425 0.741071 0.670746
1743665518.703189 369.431992 112.290652 -2.471490 -0.025672 0.010460 0.738973 0.673165
1743665518.806789 369.320230 113.282486 -2.525593 -0.023217 0.004923 0.736653 0.675855
1743665518.910489 369.222270 114.306750 -2.572603 -0.023977 0.004844 0.734589 0.678071
1743665519.014289 369.154893 115.338021 -2.633572 -0.025746 0.009983 0.732431 0.680281
1743665519.117889 369.087509 116.388162 -2.674751 -0.025546 0.012599 0.730807 0.681990
1743665519.221889 369.011510 117.446220 -2.711735 -0.022400 0.009636 0.729204 0.683862
1743665519.325089 368.917272 118.517762 -2.751299 -0.020892 0.004884 0.728219 0.685009
1743665519.428889 368.843080 119.627149 -2.808232 -0.023557 0.002640 0.726799 0.686441
1743665519.532489 368.774893 120.745244 -2.865970 -0.025756 0.003835 0.724866 0.688398
1743665519.636189 368.703760 121.865841 -2.902638 -0.025409 0.001570 0.723042 0.690335
1743665519.739889 368.640758 123.005805 -2.934086 -0.020912 -0.002459 0.721127 0.692482
1743665519.843689 368.596080 124.150902 -2.954620 -0.017656 -0.003767 0.719275 0.694491
1743665519.947289 368.568788 125.319800 -2.984645 -0.017126 0.000838 0.717521 0.696326
1743665520.051089 368.545531 126.481976 -3.019771 -0.018512 0.007660 0.715426 0.698401
1743665520.154689 368.526564 127.665463 -3.055795 -0.019955 0.010558 0.713122 0.700676
1743665520.258289 368.491203 128.871545 -3.094029 -0.021250 0.009361 0.711273 0.702533
1743665520.361889 368.470403 130.046916 -3.139373 -0.020736 0.008439 0.709955 0.703891
1743665520.465389 368.466829 131.223397 -3.176417 -0.019097 0.009102 0.708875 0.705016
1743665520.568989 368.459410 132.406004 -3.204969 -0.018480 0.009736 0.708176 0.705727
1743665520.672589 368.453612 133.590019 -3.245405 -0.019515 0.011116 0.707855 0.706001
1743665520.776189 368.434976 134.774435 -3.291154 -0.020457 0.012852 0.707988 0.705811
1743665520.879689 368.430521 135.952709 -3.334142 -0.018826 0.012906 0.708380 0.705462
1743665520.983289 368.430278 137.122567 -3.363745 -0.014346 0.011863 0.709335 0.704626
1743665521.086789 368.424175 138.314535 -3.400918 -0.010210 0.012333 0.711390 0.702615
1743665521.190289 368.408436 139.479677 -3.422472 -0.008472 0.016092 0.713890 0.700021
1743665521.293889 368.381857 140.634061 -3.454640 -0.008813 0.019919 0.716295 0.697458
1743665521.397389 368.326697 141.822745 -3.491213 -0.010479 0.019279 0.718652 0.695024
1743665521.500989 368.271812 142.989683 -3.530794 -0.011767 0.016235 0.720513 0.693151
1743665521.604589 368.204253 144.119771 -3.567799 -0.012365 0.013057 0.721983 0.691677
1743665521.708289 368.134565 145.299933 -3.587010 -0.012704 0.011368 0.723077 0.690557
1743665521.811989 368.074141 146.453944 -3.623306 -0.013659 0.011504 0.723755 0.689826
1743665521.915689 368.015593 147.610548 -3.653210 -0.014332 0.015644 0.724323 0.689134
1743665522.019289 367.962975 148.767443 -3.688789 -0.015694 0.019362 0.724955 0.688345
1743665522.122889 367.897067 149.916228 -3.728263 -0.016101 0.020668 0.725254 0.687983
1743665522.226589 367.818970 151.082483 -3.784516 -0.016227 0.016605 0.725466 0.687867
1743665522.330189 367.745925 152.212245 -3.815622 -0.015620 0.011940 0.725643 0.687790
1743665522.433789 367.684877 153.329859 -3.852091 -0.013651 0.013115 0.725721 0.687729
1743665522.537589 367.617293 154.484112 -3.885714 -0.013561 0.016299 0.726331 0.687018
1743665522.641889 367.553082 155.599064 -3.928030 -0.013913 0.019744 0.727321 0.685873
1743665522.744889 367.487367 156.735783 -3.964726 -0.014207 0.022412 0.728351 0.684690
1743665522.848589 367.412320 157.888259 -4.013710 -0.015266 0.022860 0.729267 0.683677
1743665522.952189 367.326070 159.015755 -4.054427 -0.015899 0.021676 0.730041 0.682875
1743665523.055889 367.234077 160.131289 -4.103627 -0.016828 0.018857 0.730973 0.681939
1743665523.159489 367.140458 161.258454 -4.147957 -0.016708 0.016118 0.731815 0.681108
1743665523.262989 367.050255 162.375350 -4.176450 -0.014685 0.015549 0.732362 0.680580
1743665523.366689 366.966551 163.468657 -4.217564 -0.014979 0.014878 0.732789 0.680128
1743665523.470389 366.870618 164.588002 -4.256495 -0.016156 0.017290 0.733349 0.679440
1743665523.573989 366.793427 165.684789 -4.302435 -0.017318 0.020708 0.733791 0.678839
1743665523.677689 366.701645 166.817253 -4.343303 -0.018689 0.021016 0.733890 0.678686
1743665523.781289 366.604569 167.891521 -4.384806 -0.018245 0.020118 0.733828 0.678792
1743665523.885089 366.503948 169.000703 -4.427702 -0.017730 0.018329 0.733811 0.678875
1743665523.988789 366.409193 170.065838 -4.467964 -0.018671 0.017422 0.733860 0.678820
1743665524.092289 366.323749 171.127360 -4.521530 -0.018955 0.018408 0.733889 0.678756
1743665524.196089 366.242663 172.224020 -4.563710 -0.016911 0.018907 0.733982 0.678696
1743665524.299689 366.143900 173.325699 -4.592344 -0.013813 0.016868 0.734048 0.678747
1743665524.403289 366.063850 174.349971 -4.625362 -0.011613 0.016779 0.734060 0.678777
1743665524.506989 365.983496 175.426295 -4.664266 -0.012578 0.018735 0.734441 0.678297
1743665524.610589 365.894629 176.492984 -4.719350 -0.013755 0.019588 0.734330 0.678370
1743665524.714289 365.795668 177.531812 -4.742603 -0.013685 0.017187 0.733844 0.678962
1743665524.817889 365.700424 178.599516 -4.770733 -0.014092 0.012597 0.733242 0.679705
1743665524.921589 365.608802 179.665316 -4.811074 -0.015826 0.010065 0.732133 0.680903
1743665525.025189 365.510368 180.746514 -4.847918 -0.018399 0.009479 0.730885 0.682187
1743665525.128989 365.424861 181.833784 -4.884597 -0.019513 0.010125 0.729469 0.683660
1743665525.232589 365.356249 182.920143 -4.917469 -0.018521 0.010724 0.727834 0.685419
1743665525.336189 365.287378 184.001213 -4.955266 -0.017099 0.011473 0.726201 0.687174
1743665525.439889 365.235701 185.078372 -4.982175 -0.014651 0.012443 0.724618 0.688882
1743665525.543389 365.187102 186.155479 -5.021054 -0.011952 0.013439 0.723201 0.690403
1743665525.646989 365.144332 187.243868 -5.031537 -0.009758 0.015400 0.722020 0.691632
1743665525.750689 365.103414 188.334562 -5.085173 -0.009818 0.018233 0.720621 0.693020
1743665525.854389 365.064984 189.427295 -5.117840 -0.009748 0.022655 0.719727 0.693819
1743665525.957889 365.028166 190.523075 -5.159778 -0.010225 0.023578 0.719261 0.694265
1743665526.061589 364.998745 191.628448 -5.191178 -0.008319 0.024572 0.718541 0.695001
1743665526.165189 364.956485 192.717477 -5.234812 -0.009570 0.023571 0.718291 0.695277
1743665526.268889 364.903964 193.830294 -5.282371 -0.011655 0.022732 0.717411 0.696181
1743665526.372489 364.857202 194.948471 -5.325374 -0.014227 0.020274 0.716159 0.697498
1743665526.476189 364.812673 196.037813 -5.366241 -0.015888 0.017088 0.714763 0.698977
1743665526.579789 364.774392 197.148509 -5.409843 -0.017368 0.014836 0.713101 0.700689
1743665526.683389 364.740643 198.283607 -5.459761 -0.018903 0.013889 0.711420 0.702376
1743665526.787189 364.724350 199.431146 -5.502132 -0.019586 0.014162 0.709833 0.703955
1743665526.890789 364.714140 200.564144 -5.548669 -0.020180 0.014806 0.708305 0.705463
1743665526.994389 364.704226 201.707856 -5.589881 -0.020673 0.015718 0.707188 0.706548
1743665527.097989 364.703862 202.815701 -5.641197 -0.020494 0.016972 0.706347 0.707365
1743665527.201589 364.709661 203.932904 -5.688867 -0.020155 0.017424 0.705670 0.708040
1743665527.305289 364.709512 205.059815 -5.735119 -0.020266 0.017018 0.705201 0.708513
1743665527.408989 364.711541 206.190995 -5.789203 -0.020947 0.017248 0.704698 0.708989
1743665527.512589 364.707203 207.310840 -5.835867 -0.021443 0.018245 0.704063 0.709579
1743665527.616189 364.705402 208.470668 -5.881122 -0.020963 0.018840 0.703555 0.710081
1743665527.719789 364.709154 209.607223 -5.939204 -0.020397 0.018071 0.702967 0.710700
1743665527.823489 364.718162 210.710966 -5.990924 -0.019711 0.018397 0.702537 0.711136
1743665527.927089 364.730606 211.870908 -6.033566 -0.018770 0.019310 0.701913 0.711753
1743665528.030789 364.748381 212.978489 -6.080416 -0.018090 0.018673 0.701109 0.712580
1743665528.134489 364.759214 214.145783 -6.130799 -0.017312 0.018014 0.700060 0.713647
1743665528.238189 364.780168 215.258801 -6.175477 -0.018223 0.017382 0.698744 0.714928
1743665528.341889 364.800738 216.365377 -6.218007 -0.018675 0.018989 0.697331 0.716254
1743665528.445489 364.827797 217.470516 -6.260637 -0.019480 0.020312 0.695884 0.717603
1743665528.549189 364.852296 218.576707 -6.307604 -0.021004 0.020216 0.693883 0.719497
1743665528.652889 364.888720 219.671221 -6.355875 -0.021808 0.019702 0.691527 0.721752
1743665528.756489 364.930280 220.762503 -6.403589 -0.022158 0.019022 0.689018 0.724155
1743665528.860189 364.981096 221.816857 -6.445351 -0.022010 0.017911 0.686524 0.726553
1743665528.963889 365.043666 222.849316 -6.490399 -0.021569 0.017970 0.684111 0.728838
1743665529.067589 365.107951 223.873580 -6.527717 -0.020764 0.018742 0.682330 0.730509
1743665529.171189 365.183701 224.858160 -6.568861 -0.019883 0.019394 0.680977 0.731778
1743665529.274789 365.250109 225.864912 -6.605189 -0.019167 0.019647 0.680032 0.732669
1743665529.378389 365.323507 226.832245 -6.645875 -0.019327 0.020581 0.678979 0.733615
1743665529.482089 365.398669 227.782745 -6.689497 -0.019374 0.023571 0.678108 0.734329
1743665529.585689 365.482693 228.750423 -6.735726 -0.018090 0.026074 0.677416 0.734915
1743665529.689289 365.547864 229.685684 -6.778357 -0.015655 0.024065 0.676678 0.735719
1743665529.792889 365.627594 230.622213 -6.798490 -0.014867 0.018565 0.675676 0.736815
1743665529.896589 365.695743 231.519537 -6.838161 -0.017255 0.017179 0.674435 0.737933
1743665530.000189 365.781541 232.396720 -6.883297 -0.019125 0.022238 0.672631 0.739397
1743665530.103989 365.845162 233.246795 -6.920816 -0.021160 0.025235 0.670237 0.741416
1743665530.207689 365.924604 234.086850 -6.944655 -0.024473 0.021770 0.667261 0.744103
1743665530.311289 366.004266 234.892664 -6.984035 -0.024894 0.020039 0.663988 0.747060
1743665530.415089 366.103034 235.653705 -7.026350 -0.023674 0.020712 0.660008 0.750600
1743665530.518789 366.203435 236.403282 -7.061910 -0.021630 0.021280 0.655354 0.754712
1743665530.622689 366.319748 237.124987 -7.071425 -0.019625 0.018658 0.649836 0.759592
1743665530.726389 366.453663 237.820863 -7.100629 -0.017066 0.015644 0.643403 0.765177
1743665530.829989 366.584283 238.491174 -7.119858 -0.015436 0.015804 0.637104 0.770462
1743665530.933789 366.727505 239.163909 -7.160891 -0.013774 0.020062 0.630998 0.775403
1743665531.037489 366.885929 239.795926 -7.184176 -0.012781 0.024317 0.624996 0.780144
1743665531.141189 367.037314 240.399768 -7.201548 -0.010692 0.028033 0.619976 0.784047
1743665531.244789 367.191994 240.996929 -7.217167 -0.008659 0.030026 0.616017 0.787112
1743665531.348389 367.356528 241.542238 -7.238525 -0.006348 0.031399 0.613251 0.789238
1743665531.451989 367.510586 242.090464 -7.256852 -0.004515 0.031699 0.611714 0.790430
1743665531.555489 367.649029 242.604014 -7.276216 -0.003449 0.032156 0.611001 0.790969
1743665531.659089 367.787276 243.124615 -7.307162 -0.002376 0.033274 0.611062 0.790879
1743665531.762589 367.926420 243.658033 -7.326714 -0.002247 0.034276 0.612078 0.790051
1743665531.866189 368.053673 244.180812 -7.350334 -0.002026 0.035149 0.614178 0.788382
1743665531.969789 368.152020 244.644831 -7.367565 -0.002546 0.035386 0.616935 0.786214
1743665532.073289 368.255647 245.104332 -7.388720 -0.003047 0.035080 0.620328 0.783552
1743665532.176889 368.342254 245.528822 -7.404109 -0.003139 0.034364 0.624276 0.780442
1743665532.280589 368.431480 245.942621 -7.422837 -0.001936 0.034384 0.628578 0.776984
1743665532.383989 368.523931 246.372154 -7.441460 -0.000296 0.034394 0.634143 0.772450
1743665532.487589 368.592116 246.785397 -7.452585 0.000272 0.034175 0.641267 0.766556
1743665532.591089 368.646998 247.201759 -7.468072 0.000288 0.033977 0.648936 0.760084
1743665532.694589 368.690376 247.620570 -7.483264 -0.001318 0.032993 0.657165 0.753023
1743665532.798189 368.730712 248.042954 -7.500081 -0.002364 0.032345 0.664745 0.746366
1743665532.901889 368.724138 248.414143 -7.514011 -0.003450 0.031763 0.673098 0.738863
1743665533.005489 368.733032 248.808234 -7.529292 -0.003983 0.031366 0.681280 0.731340
1743665533.109189 368.736691 249.203098 -7.539586 -0.004224 0.030932 0.688484 0.724579
1743665533.212789 368.745946 249.600907 -7.559092 -0.004847 0.029799 0.694655 0.718710
1743665533.316589 368.744253 249.999876 -7.567699 -0.005801 0.028570 0.700247 0.713305
1743665533.420189 368.726962 250.384148 -7.582337 -0.006675 0.026470 0.704511 0.709168
1743665533.523989 368.695114 250.797880 -7.601259 -0.008227 0.024038 0.707390 0.706367
1743665533.627789 368.679139 251.217077 -7.619679 -0.009650 0.022651 0.708920 0.704859
1743665533.731489 368.670375 251.629261 -7.631414 -0.010747 0.022172 0.709576 0.704198
1743665533.835289 368.655386 252.077653 -7.643171 -0.011822 0.021690 0.709396 0.704377
1743665533.939089 368.644814 252.499005 -7.659668 -0.012941 0.021035 0.708422 0.705357
1743665534.042889 368.648160 252.925795 -7.679286 -0.014576 0.019934 0.707081 0.706701
1743665534.146489 368.639474 253.342771 -7.694725 -0.015570 0.018840 0.705443 0.708345
1743665534.250289 368.649005 253.800980 -7.714611 -0.016766 0.017018 0.702479 0.711303
1743665534.353989 368.651697 254.236652 -7.732796 -0.017955 0.015503 0.698872 0.714854
1743665534.457589 368.669847 254.674113 -7.748968 -0.018634 0.014975 0.694872 0.718736
1743665534.561289 368.698171 255.101491 -7.766276 -0.019888 0.014913 0.690858 0.722563
1743665534.664989 368.735867 255.539017 -7.777696 -0.020613 0.015502 0.686913 0.726282
1743665534.768789 368.763045 255.955324 -7.795674 -0.022466 0.015211 0.683161 0.729764
1743665534.872289 368.786236 256.393559 -7.817218 -0.024799 0.015485 0.678887 0.733660
1743665534.975989 368.829108 256.817950 -7.840369 -0.026182 0.015563 0.674453 0.737689
1743665535.079689 368.883403 257.227760 -7.847921 -0.024823 0.015916 0.670047 0.741733
1743665535.183289 368.917194 257.629561 -7.859365 -0.023305 0.016246 0.666410 0.745044
1743665535.286989 368.960690 258.007451 -7.872311 -0.022821 0.015967 0.662500 0.748544
1743665535.390589 369.000678 258.361882 -7.890939 -0.023267 0.014604 0.659271 0.751403
1743665535.494089 369.056285 258.702026 -7.911157 -0.023231 0.013093 0.656119 0.754186
1743665535.597789 369.103866 259.038163 -7.927354 -0.022206 0.011625 0.653751 0.756295
1743665535.701289 369.174769 259.363485 -7.939990 -0.019365 0.011980 0.651756 0.758086
1743665535.804789 369.242514 259.696025 -7.943713 -0.016833 0.013699 0.650717 0.759010
1743665535.908489 369.306287 260.016668 -7.953777 -0.015524 0.015316 0.650826 0.758914
1743665536.011889 369.362615 260.326934 -7.961979 -0.015265 0.015757 0.652434 0.757528
1743665536.115289 369.398468 260.653921 -7.973681 -0.015364 0.015814 0.655994 0.754444
1743665536.218789 369.414468 260.977067 -7.984409 -0.016096 0.015153 0.661522 0.749600
1743665536.322189 369.432598 261.283975 -7.992169 -0.016261 0.014821 0.668276 0.743588
1743665536.425489 369.443567 261.592471 -8.005411 -0.015913 0.014521 0.676709 0.735935
1743665536.528989 369.446369 261.912401 -8.010908 -0.014358 0.014111 0.686340 0.727002
1743665536.632389 369.446410 262.215978 -8.021692 -0.012923 0.012833 0.696686 0.717145
1743665536.735889 369.425229 262.565119 -8.033155 -0.012170 0.011853 0.708131 0.705876
1743665536.839089 369.395998 262.917247 -8.050129 -0.013249 0.011327 0.720505 0.693231
1743665536.942589 369.351981 263.258088 -8.062890 -0.014893 0.011333 0.733718 0.679196
1743665537.045889 369.281016 263.631974 -8.079130 -0.015164 0.012934 0.747959 0.663445
1743665537.149289 369.209383 263.989330 -8.082361 -0.014425 0.013464 0.762403 0.646801
1743665537.252689 369.096856 264.378692 -8.092957 -0.013721 0.013976 0.777333 0.628785
1743665537.356089 368.965936 264.757779 -8.107196 -0.014005 0.014351 0.792630 0.609373
1743665537.459389 368.834047 265.109091 -8.129721 -0.014092 0.014726 0.807881 0.588993
1743665537.562889 368.626779 265.548078 -8.139883 -0.012428 0.014437 0.822980 0.567750
1743665537.666289 368.427567 265.942748 -8.159176 -0.009819 0.014431 0.838253 0.545002
1743665537.769789 368.236139 266.309375 -8.169553 -0.007210 0.014448 0.853169 0.521385
1743665537.873289 367.956467 266.758821 -8.189486 -0.005719 0.016333 0.868128 0.496038
1743665537.976789 367.668838 267.176085 -8.199867 -0.004945 0.018183 0.882636 0.469678
1743665538.080289 367.382535 267.520238 -8.207846 -0.005018 0.019421 0.896497 0.442596
1743665538.183689 366.986918 267.944307 -8.228871 -0.004865 0.019783 0.910038 0.414023
1743665538.287389 366.588821 268.321530 -8.237594 -0.004564 0.020823 0.922660 0.385026
1743665538.390889 366.178173 268.644339 -8.249299 -0.004245 0.023489 0.934157 0.356064
1743665538.494489 365.709600 269.028488 -8.258374 -0.003860 0.025107 0.944812 0.326628
1743665538.598189 365.219005 269.346967 -8.269424 -0.003744 0.025972 0.954226 0.297933
1743665538.701789 364.726593 269.615892 -8.281656 -0.003976 0.026291 0.962126 0.271304
1743665538.805589 364.096306 269.939219 -8.297440 -0.004593 0.025794 0.968963 0.245812
1743665538.909389 363.484226 270.234945 -8.309691 -0.005055 0.025586 0.974404 0.223288
1743665539.013289 362.817473 270.507860 -8.318113 -0.005643 0.025439 0.978916 0.202593
1743665539.116989 362.152900 270.757417 -8.330324 -0.006355 0.026821 0.982787 0.182677
1743665539.220889 361.465941 271.013327 -8.349710 -0.006398 0.027671 0.986036 0.164095
1743665539.324589 360.742117 271.227816 -8.368446 -0.004861 0.029039 0.988505 0.148294
1743665539.428489 359.978630 271.413008 -8.369826 -0.001719 0.031033 0.990563 0.133486
1743665539.532189 359.218351 271.605510 -8.368394 0.001325 0.030502 0.992340 0.119708
1743665539.635989 358.446928 271.768505 -8.371317 0.002870 0.031754 0.993759 0.106898
1743665539.739789 357.610874 271.944333 -8.380642 0.002430 0.034967 0.994991 0.093623
1743665539.843589 356.758475 272.084593 -8.382276 0.000859 0.038314 0.995954 0.081284
1743665539.947289 355.890885 272.211886 -8.390406 -0.000594 0.038998 0.996777 0.070102
1743665540.051089 354.975345 272.318087 -8.385428 -0.000132 0.039192 0.997381 0.060793
1743665540.154889 354.070288 272.409003 -8.392414 0.000976 0.035459 0.997885 0.054476
1743665540.258789 353.133290 272.483561 -8.393788 0.002778 0.031645 0.998194 0.050985
1743665540.362689 352.179007 272.566927 -8.391292 0.003337 0.028051 0.998399 0.049010
1743665540.466489 351.203462 272.652294 -8.388070 0.002557 0.029572 0.998383 0.048481
1743665540.570389 350.201246 272.749152 -8.383602 0.001978 0.030205 0.998389 0.047988
1743665540.674189 349.170616 272.846274 -8.387294 0.001750 0.031770 0.998370 0.047376
1743665540.777889 348.166269 272.940915 -8.378133 0.001515 0.030502 0.998437 0.046815
1743665540.881489 347.084482 273.030853 -8.378626 0.000606 0.030630 0.998461 0.046236
1743665540.985189 346.026577 273.118668 -8.384696 0.000012 0.031497 0.998471 0.045419
1743665541.088889 344.911109 273.223394 -8.378158 -0.000648 0.029950 0.998549 0.044758
1743665541.192489 343.831776 273.313950 -8.388189 -0.001959 0.029794 0.998581 0.044099
1743665541.296089 342.724755 273.404581 -8.389678 -0.002540 0.030109 0.998607 0.043257
1743665541.399589 341.575517 273.493145 -8.389217 -0.001923 0.029563 0.998665 0.042312
1743665541.503189 340.449790 273.588620 -8.388526 -0.000734 0.029620 0.998721 0.040965
1743665541.606789 339.313216 273.668843 -8.386725 -0.000420 0.029353 0.998785 0.039578
1743665541.710389 338.159203 273.755308 -8.386984 -0.001197 0.030303 0.998815 0.038072
1743665541.813889 337.001406 273.833906 -8.385243 -0.002385 0.030396 0.998865 0.036593
1743665541.917489 335.826434 273.915625 -8.387294 -0.004734 0.030990 0.998896 0.034981
1743665542.021189 334.583809 274.002051 -8.398657 -0.008274 0.033212 0.998868 0.033047
1743665542.124789 333.386085 274.083790 -8.418502 -0.009811 0.036040 0.998819 0.031074
1743665542.228389 332.212553 274.148750 -8.428191 -0.006654 0.035252 0.998925 0.029356
1743665542.331989 331.019411 274.205317 -8.425729 0.000070 0.032659 0.999059 0.028533
1743665542.435589 329.842626 274.253308 -8.405943 0.005574 0.029595 0.999170 0.027422
1743665542.539189 328.626775 274.305927 -8.382442 0.005517 0.025926 0.999301 0.026371
1743665542.642989 327.420748 274.366323 -8.370620 -0.000025 0.027794 0.999316 0.024404
1743665542.746589 326.226776 274.421503 -8.370016 -0.004991 0.028834 0.999325 0.022209
1743665542.850189 325.026926 274.459663 -8.364824 -0.006454 0.027758 0.999408 0.019298
1743665542.953789 323.873975 274.486906 -8.360658 -0.005876 0.026945 0.999475 0.017017
1743665543.057389 322.732576 274.519565 -8.360409 -0.005250 0.025967 0.999547 0.014293
1743665543.160989 321.503519 274.548935 -8.366773 -0.005443 0.027051 0.999554 0.011441
1743665543.264689 320.330535 274.569530 -8.361159 -0.005641 0.026996 0.999585 0.008342
1743665543.368289 319.159606 274.584931 -8.361249 -0.006153 0.026645 0.999611 0.005434
1743665543.471789 317.968849 274.594151 -8.361886 -0.006867 0.027740 0.999588 0.002802
1743665543.575389 316.810578 274.590374 -8.366780 -0.007398 0.029384 0.999541 -0.000094
1743665543.678989 315.604152 274.587748 -8.365889 -0.007034 0.029078 0.999548 -0.003114
1743665543.782589 314.470810 274.569951 -8.366824 -0.006723 0.029804 0.999516 -0.005861
1743665543.886289 313.302828 274.548013 -8.370680 -0.006786 0.029944 0.999490 -0.008787
1743665543.989889 312.129251 274.513019 -8.371006 -0.006839 0.030274 0.999454 -0.011294
1743665544.093489 310.998406 274.482789 -8.374397 -0.006150 0.031823 0.999381 -0.013698
1743665544.197089 309.853849 274.453474 -8.369842 -0.004846 0.033131 0.999316 -0.015684
1743665544.300689 308.664699 274.418884 -8.368857 -0.004725 0.033881 0.999249 -0.018209
1743665544.404289 307.516446 274.383649 -8.367330 -0.005791 0.035703 0.999126 -0.020954
1743665544.507889 306.374282 274.331617 -8.357732 -0.005305 0.036540 0.999041 -0.023520
1743665544.611589 305.224411 274.274135 -8.358709 -0.004648 0.037004 0.998964 -0.026064
1743665544.715089 304.103360 274.212814 -8.357989 -0.005741 0.037746 0.998875 -0.028129
1743665544.818889 302.934597 274.132138 -8.360727 -0.006613 0.040007 0.998718 -0.030295
1743665544.922489 301.810276 274.057803 -8.359365 -0.006110 0.040171 0.998647 -0.032440
1743665545.026089 300.673704 273.984843 -8.352769 -0.004976 0.039132 0.998639 -0.034111
1743665545.129689 299.507413 273.886492 -8.351572 -0.004048 0.038355 0.998612 -0.035875
1743665545.233289 298.387473 273.799724 -8.345889 -0.003779 0.038504 0.998556 -0.037258
1743665545.336989 297.237835 273.704458 -8.337430 -0.003988 0.038634 0.998492 -0.038794
1743665545.440589 296.060974 273.611705 -8.332988 -0.003824 0.039527 0.998394 -0.040402
1743665545.544189 294.953393 273.513792 -8.329463 -0.003054 0.040605 0.998282 -0.042127
1743665545.647789 293.813200 273.416152 -8.322527 -0.002654 0.040378 0.998219 -0.043841
1743665545.751389 292.632713 273.311477 -8.316923 -0.002904 0.040412 0.998148 -0.045374
1743665545.854989 291.519961 273.201702 -8.308445 -0.002988 0.039031 0.998123 -0.047089
1743665545.958689 290.320551 273.077337 -8.296208 -0.002995 0.038075 0.998067 -0.049017
1743665546.062289 289.183864 272.961996 -8.282854 -0.002883 0.037663 0.998003 -0.050623
1743665546.165889 288.022811 272.830304 -8.279679 -0.002788 0.038514 0.997888 -0.052243
1743665546.269489 286.835799 272.703030 -8.264975 -0.002596 0.038687 0.997779 -0.054170
1743665546.373089 285.701915 272.567549 -8.259415 -0.003072 0.039228 0.997667 -0.055787
1743665546.476689 284.530920 272.440388 -8.251647 -0.003527 0.038957 0.997573 -0.057601
1743665546.580389 283.358757 272.297833 -8.240207 -0.003902 0.038239 0.997492 -0.059433
1743665546.683789 282.208743 272.147273 -8.236097 -0.003927 0.037707 0.997398 -0.061324
1743665546.787489 281.022756 272.002580 -8.229977 -0.003599 0.037390 0.997313 -0.062896
1743665546.891089 279.821772 271.847334 -8.219598 -0.002796 0.036005 0.997252 -0.064683
1743665546.994689 278.639940 271.674307 -8.208301 -0.001972 0.034761 0.997161 -0.066761
1743665547.098289 277.453448 271.499035 -8.196383 -0.001834 0.033036 0.997096 -0.068587
1743665547.201889 276.293285 271.322948 -8.188111 -0.002494 0.032109 0.996996 -0.070447
1743665547.305489 275.112981 271.153750 -8.176146 -0.003135 0.031530 0.996894 -0.072105
1743665547.409189 273.905320 270.968251 -8.165600 -0.002984 0.031225 0.996739 -0.074343
1743665547.512789 272.723160 270.781602 -8.152763 -0.002396 0.030801 0.996595 -0.076442
1743665547.616289 271.513877 270.581066 -8.142521 -0.002102 0.030800 0.996404 -0.078902
1743665547.719889 270.296571 270.376334 -8.132495 -0.002543 0.030926 0.996189 -0.081513
1743665547.823489 269.132911 270.178890 -8.126351 -0.004040 0.030742 0.995997 -0.083839
1743665547.926989 267.955061 269.979475 -8.117330 -0.005281 0.030429 0.995769 -0.086552
1743665548.030589 266.728223 269.744233 -8.113213 -0.005736 0.029947 0.995508 -0.089629
1743665548.134189 265.516231 269.513581 -8.106251 -0.005106 0.028772 0.995302 -0.092305
1743665548.237789 264.327393 269.283164 -8.100972 -0.003880 0.028881 0.995045 -0.095057
1743665548.341489 263.121017 269.035705 -8.091224 -0.002817 0.028360 0.994799 -0.097792
1743665548.444989 261.922672 268.802985 -8.082788 -0.002209 0.028823 0.994517 -0.100499
1743665548.548489 260.673157 268.537736 -8.072276 -0.002890 0.029178 0.994201 -0.103462
1743665548.652189 259.465692 268.269728 -8.065559 -0.003934 0.028446 0.993957 -0.105943
1743665548.755889 258.257442 267.995329 -8.053654 -0.005105 0.027324 0.993719 -0.108394
1743665548.859489 256.991645 267.714774 -8.044125 -0.006184 0.026228 0.993454 -0.111013
1743665548.963189 255.779818 267.422627 -8.040605 -0.006244 0.026292 0.993212 -0.113132
1743665549.066689 254.598694 267.151268 -8.032414 -0.005101 0.026993 0.992906 -0.115686
1743665549.170389 253.365078 266.859898 -8.022219 -0.004659 0.029087 0.992468 -0.118911
1743665549.273989 252.145947 266.560790 -8.011743 -0.004777 0.030086 0.992068 -0.121952
1743665549.377589 250.951749 266.254496 -8.000449 -0.005056 0.031260 0.991650 -0.125009
1743665549.481889 249.724418 265.938834 -7.992481 -0.005811 0.032361 0.991253 -0.127816
1743665549.584889 248.528940 265.611721 -7.987087 -0.007130 0.032808 0.990838 -0.130814
1743665549.688389 247.332662 265.275679 -7.981880 -0.007843 0.033368 0.990503 -0.133151
1743665549.792089 246.142418 264.945515 -7.971519 -0.006810 0.034003 0.990224 -0.135107
1743665549.895689 244.927043 264.591712 -7.966686 -0.004537 0.034900 0.989966 -0.136854
1743665549.999289 243.703756 264.233507 -7.950086 -0.002576 0.035322 0.989683 -0.138830
1743665550.102889 242.502853 263.889161 -7.928323 -0.001699 0.033867 0.989464 -0.140750
1743665550.206489 241.318411 263.568808 -7.919643 -0.003972 0.035949 0.989212 -0.141955
1743665550.310089 240.094236 263.207157 -7.901117 -0.006217 0.036066 0.988895 -0.144037
1743665550.413889 238.919564 262.853716 -7.889407 -0.006463 0.036193 0.988624 -0.145843
1743665550.517489 237.743627 262.490171 -7.873687 -0.005844 0.035093 0.988404 -0.147624
1743665550.621089 236.556215 262.104020 -7.865152 -0.005615 0.035323 0.988117 -0.149481
1743665550.724689 235.371352 261.739202 -7.855667 -0.005037 0.036370 0.987809 -0.151279
1743665550.828289 234.146845 261.351343 -7.837088 -0.003797 0.036710 0.987364 -0.154111
1743665550.931989 232.937449 260.971769 -7.816247 -0.002571 0.037139 0.986912 -0.156906
1743665551.035589 231.735905 260.572516 -7.791799 -0.002505 0.036866 0.986521 -0.159408
1743665551.139189 230.546338 260.156904 -7.773203 -0.004115 0.037400 0.986085 -0.161926
1743665551.242989 229.390936 259.769062 -7.757632 -0.006431 0.037748 0.985608 -0.164653
1743665551.346489 228.221190 259.347985 -7.741251 -0.008171 0.039318 0.985131 -0.167045
1743665551.449989 227.013610 258.933833 -7.729068 -0.008425 0.040280 0.984729 -0.169163
1743665551.553689 225.857660 258.537505 -7.718467 -0.007536 0.041088 0.984372 -0.171074
1743665551.657289 224.691355 258.123804 -7.704249 -0.005661 0.041811 0.984031 -0.172922
1743665551.760889 223.497183 257.669760 -7.687438 -0.003862 0.040979 0.983768 -0.174661
1743665551.864589 222.324936 257.237386 -7.664449 -0.003339 0.039471 0.983554 -0.176218
1743665551.968089 221.175156 256.797110 -7.645101 -0.004462 0.038248 0.983399 -0.177322
1743665552.071689 220.013567 256.356654 -7.623697 -0.005331 0.037412 0.983150 -0.178854
1743665552.175289 218.866365 255.903596 -7.601338 -0.005296 0.037014 0.983015 -0.179677
1743665552.278989 217.701955 255.463514 -7.582335 -0.004544 0.036645 0.982828 -0.180789
1743665552.382689 216.566987 255.015840 -7.561884 -0.003601 0.036074 0.982549 -0.182438
1743665552.486289 215.416408 254.565243 -7.539369 -0.003684 0.036156 0.982351 -0.183482
1743665552.589889 214.244038 254.107235 -7.518318 -0.005159 0.036172 0.982145 -0.184541
1743665552.693489 213.111150 253.659166 -7.509928 -0.007111 0.036741 0.981908 -0.185624
1743665552.797189 211.984084 253.218074 -7.488175 -0.006597 0.037014 0.981634 -0.187033
1743665552.900789 210.820327 252.746609 -7.469183 -0.004677 0.036506 0.981371 -0.188565
1743665553.004389 209.712573 252.306112 -7.451903 -0.003620 0.036165 0.980955 -0.190802
1743665553.107989 208.561857 251.838998 -7.433782 -0.003450 0.035975 0.980623 -0.192543
1743665553.211489 207.460551 251.375392 -7.408837 -0.004126 0.035727 0.980252 -0.194453
1743665553.315089 206.340371 250.903424 -7.391513 -0.005625 0.035727 0.979882 -0.196272
1743665553.418689 205.184312 250.424082 -7.368391 -0.006275 0.034904 0.979472 -0.198434
1743665553.522189 204.090475 249.944081 -7.358118 -0.006078 0.033226 0.979070 -0.200700
1743665553.625789 202.953901 249.443194 -7.339956 -0.005084 0.031626 0.978721 -0.202679
1743665553.729389 201.821759 248.944202 -7.322527 -0.003444 0.029329 0.978399 -0.204607
1743665553.833189 200.722229 248.443262 -7.305339 -0.002120 0.027926 0.978043 -0.206513
1743665553.936789 199.617904 247.935509 -7.284176 -0.001693 0.026774 0.977637 -0.208583
1743665554.040389 198.490176 247.416276 -7.263542 -0.003106 0.027464 0.977047 -0.211225
1743665554.143989 197.376800 246.895911 -7.246623 -0.005090 0.027301 0.976439 -0.213998
1743665554.247689 196.262500 246.381569 -7.234931 -0.006677 0.027320 0.975857 -0.216594
1743665554.351289 195.193856 245.878868 -7.219091 -0.006498 0.026870 0.975256 -0.219344
1743665554.454889 194.112997 245.357918 -7.203455 -0.005814 0.026675 0.974691 -0.221884
1743665554.558689 193.024688 244.804847 -7.189115 -0.005249 0.026249 0.974123 -0.224429
1743665554.662189 191.947213 244.276541 -7.172176 -0.005029 0.025790 0.973588 -0.226794
1743665554.765789 190.889072 243.763761 -7.160639 -0.004828 0.026208 0.973160 -0.228581
1743665554.869489 189.802429 243.196117 -7.151956 -0.004538 0.026852 0.972646 -0.230691
1743665554.973189 188.725346 242.645003 -7.146618 -0.004713 0.027554 0.972153 -0.232672
1743665555.076789 187.647705 242.090637 -7.128437 -0.005487 0.026404 0.971772 -0.234375
1743665555.180389 186.547196 241.517379 -7.079125 -0.005892 0.023125 0.971352 -0.236443
1743665555.284089 185.491062 240.966034 -7.018194 -0.005903 0.020398 0.970950 -0.238339
1743665555.387689 184.431066 240.413892 -6.979502 -0.005333 0.018137 0.970484 -0.240425
1743665555.491289 183.391673 239.866343 -6.956786 -0.005357 0.018598 0.969980 -0.242414
1743665555.594889 182.338597 239.308602 -6.956996 -0.006514 0.020249 0.969445 -0.244385
1743665555.698489 181.264326 238.730027 -6.961987 -0.008002 0.022521 0.968834 -0.246554
1743665555.801989 180.266534 238.185195 -6.946227 -0.006872 0.022767 0.968410 -0.248227
1743665555.905589 179.244975 237.611491 -6.931968 -0.004658 0.022365 0.967966 -0.250039
1743665556.009189 178.177095 236.999105 -6.925800 -0.004199 0.022353 0.967451 -0.252035
1743665556.112889 177.125350 236.411934 -6.949794 -0.006535 0.025788 0.966799 -0.254148
1743665556.216489 176.058969 235.803506 -6.940147 -0.006642 0.025813 0.966271 -0.256144
1743665556.320089 175.031407 235.194629 -6.932849 -0.005266 0.025313 0.965838 -0.257852
1743665556.423689 173.989381 234.587264 -6.921190 -0.004688 0.025558 0.965232 -0.260101
1743665556.527189 172.939855 233.984702 -6.909993 -0.004070 0.025880 0.964657 -0.262204
1743665556.630789 171.904902 233.369648 -6.891666 -0.002693 0.027785 0.964010 -0.264398
1743665556.734389 170.878976 232.765405 -6.874395 -0.002378 0.028880 0.963473 -0.266233
1743665556.838089 169.818594 232.110442 -6.853770 -0.003620 0.030513 0.962813 -0.268417
1743665556.941689 168.757000 231.467810 -6.824410 -0.004569 0.032345 0.962030 -0.270982
1743665557.045289 167.721430 230.831879 -6.813057 -0.004386 0.033831 0.961325 -0.273297
1743665557.148889 166.671109 230.160246 -6.783277 -0.003259 0.033862 0.960754 -0.275309
1743665557.252489 165.621568 229.501445 -6.752910 -0.002650 0.032319 0.960187 -0.277470
1743665557.356189 164.556552 228.824127 -6.730586 -0.004061 0.031576 0.959530 -0.279801
1743665557.459889 163.493607 228.135246 -6.712846 -0.005787 0.032042 0.958803 -0.282200
1743665557.563489 162.477584 227.467762 -6.680313 -0.005445 0.030656 0.958145 -0.284586
1743665557.667189 161.425115 226.766064 -6.663710 -0.004312 0.029821 0.957611 -0.286485
1743665557.770789 160.412744 226.088225 -6.635920 -0.003038 0.027845 0.957042 -0.288594
1743665557.874589 159.405020 225.402586 -6.612807 -0.003280 0.026048 0.956518 -0.290491
1743665557.978189 158.355962 224.687053 -6.582820 -0.004089 0.025677 0.955895 -0.292556
1743665558.081789 157.349427 224.007846 -6.557700 -0.004065 0.025060 0.955301 -0.294544
1743665558.185489 156.330900 223.308399 -6.535319 -0.004278 0.025180 0.954698 -0.296480
1743665558.289189 155.288195 222.587892 -6.518813 -0.005167 0.024694 0.954056 -0.298564
1743665558.392789 154.305140 221.884621 -6.494655 -0.005195 0.022770 0.953575 -0.300248
1743665558.496389 153.309635 221.169842 -6.475157 -0.004544 0.021953 0.953113 -0.301782
1743665558.599989 152.285327 220.438434 -6.460336 -0.004603 0.021219 0.952568 -0.303550
1743665558.703589 151.275107 219.726592 -6.442310 -0.005064 0.021449 0.951927 -0.305532
1743665558.807189 150.282433 219.010174 -6.422044 -0.003510 0.023360 0.951345 -0.307220
1743665558.910789 149.341164 218.312768 -6.396658 -0.000800 0.023028 0.950703 -0.309247
1743665559.014489 148.373532 217.599003 -6.372215 -0.000143 0.022176 0.950173 -0.310932
1743665559.118089 147.387607 216.851881 -6.347294 -0.001801 0.021278 0.949749 -0.312282
1743665559.221689 146.416449 216.123135 -6.313189 -0.002880 0.020047 0.949224 -0.313947
1743665559.325289 145.468246 215.388646 -6.285116 -0.003079 0.020343 0.948505 -0.316094
1743665559.428789 144.495101 214.668579 -6.270742 -0.002868 0.021686 0.947573 -0.318790
1743665559.532389 143.543177 213.950576 -6.239490 -0.002275 0.020889 0.946706 -0.321413
1743665559.635989 142.591897 213.205869 -6.227015 -0.003393 0.020187 0.945950 -0.323665
1743665559.739489 141.670048 212.466686 -6.205467 -0.005543 0.020796 0.945274 -0.325566
1743665559.843089 140.734150 211.731923 -6.195036 -0.006562 0.021278 0.944447 -0.327908
1743665559.946789 139.772331 210.973202 -6.175669 -0.007042 0.024113 0.943513 -0.330382
1743665560.050389 138.833855 210.221378 -6.161515 -0.006751 0.024904 0.942589 -0.332956
1743665560.153989 137.883837 209.456438 -6.143619 -0.007502 0.024236 0.941726 -0.335422
1743665560.257589 136.929991 208.660954 -6.133426 -0.008746 0.023617 0.940843 -0.337906
1743665560.361189 135.998498 207.861365 -6.124890 -0.008706 0.023146 0.940017 -0.340229
1743665560.464789 135.073875 207.095438 -6.110100 -0.008008 0.024246 0.939229 -0.342339
1743665560.568389 134.144622 206.321198 -6.094852 -0.006723 0.025842 0.938457 -0.344364
1743665560.672189 133.228087 205.535743 -6.072302 -0.005704 0.026930 0.937685 -0.346394
1743665560.775789 132.317113 204.740980 -6.054476 -0.005837 0.027498 0.936962 -0.348298
1743665560.879389 131.385411 203.923976 -6.034259 -0.006944 0.028460 0.936276 -0.350041
1743665560.982989 130.468394 203.121185 -6.013750 -0.006737 0.027497 0.935624 -0.351861
1743665561.086589 129.529537 202.293254 -5.999000 -0.007580 0.027613 0.934924 -0.353691
1743665561.190389 128.615504 201.472560 -5.978934 -0.008408 0.028016 0.934148 -0.355685
1743665561.293989 127.682807 200.642758 -5.962334 -0.008625 0.030753 0.933345 -0.357558
1743665561.397589 126.745354 199.798726 -5.936621 -0.005845 0.030402 0.932539 -0.359741
1743665561.501289 125.842412 198.977327 -5.920961 -0.004956 0.031150 0.931639 -0.362013
1743665561.604989 124.934868 198.126274 -5.894839 -0.004076 0.029038 0.930947 -0.363974
1743665561.708689 124.002820 197.253726 -5.866991 -0.003625 0.028012 0.930245 -0.365850
1743665561.812289 123.113598 196.403333 -5.835456 -0.002645 0.026791 0.929533 -0.367755
1743665561.915989 122.208893 195.531015 -5.808432 -0.002755 0.026400 0.928737 -0.369787
1743665562.019589 121.262237 194.631588 -5.777648 -0.003662 0.026245 0.927896 -0.371896
1743665562.123289 120.354634 193.761839 -5.761758 -0.005218 0.027178 0.926995 -0.374052
1743665562.226889 119.446908 192.866087 -5.737301 -0.004850 0.027094 0.926243 -0.375921
1743665562.330589 118.549000 191.981924 -5.714149 -0.004476 0.027203 0.925320 -0.378183
1743665562.434289 117.653419 191.089935 -5.694060 -0.005450 0.027741 0.924400 -0.380376
1743665562.537889 116.735818 190.174195 -5.676639 -0.006611 0.028595 0.923423 -0.382661
1743665562.641489 115.837242 189.267352 -5.657078 -0.005389 0.028895 0.922560 -0.384732
1743665562.745189 114.946270 188.359477 -5.629468 -0.004126 0.029203 0.921627 -0.386954
1743665562.848889 114.034857 187.422871 -5.599037 -0.003967 0.029922 0.920739 -0.389009
1743665562.952489 113.141530 186.501492 -5.576989 -0.005495 0.030469 0.919855 -0.391035
1743665563.056089 112.265608 185.564372 -5.558928 -0.007656 0.031145 0.919001 -0.392947
1743665563.159589 111.351710 184.595211 -5.544653 -0.008586 0.030933 0.918128 -0.394980
1743665563.263189 110.490289 183.651382 -5.510993 -0.006417 0.028069 0.917470 -0.396760
1743665563.366789 109.599327 182.687518 -5.482280 -0.003865 0.025484 0.916979 -0.398102
1743665563.470389 108.722412 181.729550 -5.463783 -0.003415 0.025663 0.916322 -0.399605
1743665563.574189 107.827001 180.742061 -5.449012 -0.003747 0.026346 0.915779 -0.400799
1743665563.677789 106.923941 179.759693 -5.409883 -0.004066 0.025936 0.915257 -0.402013
1743665563.781389 106.036806 178.796674 -5.367869 -0.004303 0.025084 0.914857 -0.402975
1743665563.884989 105.153972 177.829117 -5.348130 -0.005512 0.026373 0.914433 -0.403838
1743665563.988789 104.260729 176.832700 -5.303803 -0.005455 0.024790 0.914094 -0.404708
1743665564.092389 103.380249 175.855510 -5.263492 -0.004343 0.021396 0.913812 -0.405551
1743665564.195989 102.532060 174.900782 -5.242496 -0.003679 0.020477 0.913621 -0.406034
1743665564.299689 101.625501 173.888740 -5.206103 -0.001367 0.018611 0.913560 -0.406277
1743665564.403289 100.757300 172.905796 -5.186120 -0.000546 0.016469 0.913260 -0.407043
1743665564.507089 99.870056 171.906407 -5.156766 -0.003142 0.016850 0.913006 -0.407585
1743665564.610689 98.996304 170.912377 -5.135827 -0.003728 0.013754 0.912970 -0.407777
1743665564.714389 98.094940 169.895614 -5.111012 -0.004363 0.012090 0.913116 -0.407498
1743665564.817989 97.211447 168.907291 -5.104048 -0.003935 0.010745 0.913371 -0.406968
1743665564.921789 96.337664 167.944803 -5.082802 -0.004111 0.013508 0.913824 -0.405866
1743665565.025389 95.472333 166.963812 -5.062586 -0.003793 0.016750 0.914046 -0.405247
1743665565.128989 94.576695 166.000521 -5.038471 -0.006309 0.022488 0.914121 -0.404768
1743665565.232489 93.670515 165.033006 -5.021632 -0.008819 0.026408 0.914177 -0.404358
1743665565.336089 92.760605 164.034551 -4.998119 -0.010029 0.029032 0.914386 -0.403677
1743665565.439789 91.871703 163.064111 -4.973356 -0.009723 0.029845 0.914852 -0.402568
1743665565.543389 91.001917 162.107118 -4.950706 -0.009345 0.027950 0.915217 -0.401882
1743665565.646989 90.109388 161.114186 -4.937281 -0.010193 0.027684 0.915538 -0.401147
1743665565.750589 89.232593 160.153667 -4.914771 -0.008836 0.026210 0.915811 -0.400655
1743665565.854189 88.348116 159.184933 -4.898025 -0.007054 0.025274 0.916190 -0.399884
1743665565.957789 87.450139 158.192005 -4.872986 -0.005931 0.024434 0.916323 -0.399650
1743665566.061489 86.560877 157.243523 -4.847751 -0.005718 0.026038 0.916353 -0.399482
1743665566.165189 85.678004 156.280877 -4.816818 -0.004104 0.026456 0.916467 -0.399213
1743665566.268789 84.755820 155.290372 -4.785272 -0.003637 0.027939 0.916526 -0.398981
1743665566.372489 83.874615 154.348571 -4.754158 -0.004821 0.029925 0.916305 -0.399332
1743665566.476089 82.972682 153.387643 -4.721069 -0.006940 0.031635 0.916102 -0.399636
1743665566.579789 82.085020 152.438365 -4.697370 -0.009454 0.034011 0.915747 -0.400201
1743665566.683389 81.208310 151.495312 -4.666938 -0.009952 0.035399 0.915530 -0.400565
1743665566.787089 80.325050 150.518217 -4.635684 -0.008962 0.034845 0.915317 -0.401124
1743665566.890689 79.420291 149.539885 -4.610417 -0.008946 0.034506 0.915038 -0.401790
1743665566.994389 78.547493 148.573487 -4.586078 -0.009558 0.033305 0.914939 -0.402101
1743665567.097989 77.643222 147.586185 -4.569421 -0.010727 0.032365 0.914830 -0.402397
1743665567.201589 76.777079 146.634866 -4.542036 -0.010668 0.031116 0.914814 -0.402533
1743665567.305189 75.906815 145.662852 -4.520506 -0.009525 0.030061 0.914760 -0.402765
1743665567.408789 75.014844 144.672641 -4.494317 -0.008669 0.030729 0.914761 -0.402732
1743665567.512489 74.143491 143.726373 -4.471970 -0.008160 0.031112 0.914767 -0.402698
1743665567.615989 73.253043 142.752898 -4.445430 -0.008117 0.031393 0.914846 -0.402499
1743665567.719689 72.370170 141.789481 -4.421527 -0.009138 0.031632 0.914801 -0.402560
1743665567.823289 71.479371 140.816223 -4.395438 -0.009533 0.031164 0.914759 -0.402682
1743665567.926889 70.581374 139.823967 -4.368656 -0.008930 0.031073 0.914793 -0.402626
1743665568.030489 69.690746 138.846760 -4.344866 -0.007495 0.030856 0.914896 -0.402440
1743665568.133989 68.822312 137.890807 -4.311491 -0.005400 0.030156 0.915035 -0.402209
1743665568.237589 67.935376 136.926059 -4.281610 -0.004728 0.030278 0.915011 -0.402264
1743665568.341189 67.063872 135.968180 -4.249775 -0.005453 0.030600 0.914969 -0.402325
1743665568.444789 66.201963 135.030612 -4.219622 -0.006350 0.030127 0.915063 -0.402135
1743665568.548489 65.292798 134.046955 -4.192219 -0.008001 0.030593 0.914981 -0.402257
1743665568.652089 64.402609 133.069960 -4.158893 -0.008383 0.028322 0.915086 -0.402176
1743665568.755689 63.501282 132.073240 -4.142810 -0.009944 0.027786 0.915092 -0.402164
1743665568.859289 62.647752 131.126869 -4.128438 -0.010155 0.026252 0.915149 -0.402132
1743665568.962889 61.779366 130.168285 -4.104995 -0.008394 0.024310 0.915204 -0.402169
1743665569.066489 60.908442 129.187263 -4.082570 -0.006187 0.022491 0.915348 -0.401987
1743665569.170089 60.035285 128.231683 -4.064820 -0.005304 0.022568 0.915352 -0.401986
1743665569.273789 59.177017 127.273449 -4.038142 -0.003893 0.020974 0.915389 -0.402006
1743665569.377589 58.291897 126.299555 -4.016173 -0.003841 0.020908 0.915378 -0.402033
1743665569.480989 57.415123 125.348512 -3.981686 -0.004138 0.019942 0.915425 -0.401972
1743665569.584489 56.543821 124.377444 -3.956090 -0.004814 0.018593 0.915371 -0.402153
1743665569.688089 55.648019 123.395971 -3.937239 -0.005904 0.019017 0.915365 -0.402132
1743665569.791689 54.782423 122.444572 -3.907663 -0.005025 0.019001 0.915272 -0.402357
1743665569.895289 53.904121 121.500313 -3.891308 -0.004385 0.020696 0.915254 -0.402321
1743665569.998889 53.043563 120.561962 -3.869575 -0.004168 0.021968 0.915150 -0.402494
1743665570.102589 52.152432 119.595562 -3.848090 -0.004662 0.024246 0.915033 -0.402622
1743665570.206189 51.251203 118.604490 -3.808551 -0.003825 0.024734 0.914844 -0.403031
1743665570.309789 50.382740 117.643859 -3.783708 -0.005064 0.024515 0.914739 -0.403270
1743665570.413389 49.507484 116.677430 -3.768247 -0.007700 0.023481 0.914713 -0.403348
1743665570.517089 48.589507 115.671663 -3.749457 -0.009397 0.022584 0.914689 -0.403417
1743665570.620789 47.728017 114.706613 -3.731077 -0.009624 0.023058 0.914549 -0.403702
1743665570.724389 46.834303 113.731965 -3.709389 -0.008406 0.024649 0.914457 -0.403844
1743665570.827989 45.944177 112.766015 -3.691347 -0.007918 0.025834 0.914326 -0.404075
1743665570.931689 45.097804 111.827316 -3.671425 -0.008756 0.026414 0.914209 -0.404287
1743665571.035189 44.227414 110.859000 -3.655877 -0.010691 0.026784 0.914093 -0.404478
1743665571.138789 43.321911 109.873266 -3.641525 -0.013123 0.028336 0.913905 -0.404726
1743665571.242589 42.458430 108.912170 -3.629833 -0.013449 0.029420 0.913659 -0.405192
1743665571.346189 41.568233 107.915320 -3.608508 -0.010970 0.030836 0.913593 -0.405311
1743665571.449789 40.697058 106.939744 -3.586697 -0.007660 0.031488 0.913490 -0.405568
1743665571.553389 39.817269 105.942895 -3.560789 -0.006406 0.030537 0.913590 -0.405437
1743665571.657189 38.914439 104.940648 -3.539348 -0.007534 0.028957 0.913726 -0.405227
1743665571.760789 38.049308 103.980862 -3.518921 -0.009892 0.030020 0.913670 -0.405225
1743665571.864389 37.181444 103.033107 -3.498926 -0.009876 0.031439 0.913690 -0.405075
1743665571.967989 36.274990 102.042438 -3.470210 -0.008601 0.033315 0.913661 -0.405017
1743665572.071589 35.401886 101.079855 -3.447090 -0.007962 0.033614 0.913656 -0.405018
1743665572.175389 34.509455 100.087397 -3.422737 -0.008247 0.034435 0.913636 -0.404989
1743665572.278989 33.639049 99.110813 -3.389747 -0.007607 0.032250 0.913812 -0.404784
1743665572.382589 32.769903 98.123551 -3.362668 -0.009274 0.031189 0.913902 -0.404629
1743665572.486189 31.848393 97.115967 -3.346997 -0.012059 0.031430 0.913851 -0.404651
1743665572.589789 30.966953 96.142734 -3.329428 -0.012033 0.031316 0.913899 -0.404553
1743665572.693489 30.070767 95.160598 -3.306108 -0.009998 0.031403 0.913906 -0.404585
1743665572.797189 29.163972 94.159024 -3.287044 -0.008446 0.030612 0.913903 -0.404688
1743665572.900689 28.289545 93.179757 -3.264723 -0.008807 0.030206 0.913897 -0.404724
1743665573.004389 27.403245 92.185147 -3.241178 -0.009451 0.030292 0.913698 -0.405154
1743665573.108089 26.493280 91.178511 -3.214721 -0.010086 0.030193 0.913586 -0.405397
1743665573.211489 25.620919 90.196736 -3.193540 -0.010865 0.029976 0.913430 -0.405744
1743665573.315289 24.722727 89.209839 -3.172059 -0.010843 0.030170 0.913406 -0.405785
1743665573.418889 23.832829 88.208580 -3.153220 -0.010086 0.029353 0.913279 -0.406151
1743665573.522489 22.969508 87.221497 -3.128035 -0.009347 0.028125 0.913220 -0.406386
1743665573.626089 22.077293 86.235869 -3.113719 -0.009246 0.027325 0.913218 -0.406449
1743665573.729689 21.213216 85.285042 -3.087656 -0.009440 0.025694 0.913292 -0.406385
1743665573.833289 20.334173 84.283923 -3.068563 -0.009960 0.024982 0.913304 -0.406389
1743665573.937089 19.437105 83.284942 -3.047773 -0.010681 0.024201 0.913208 -0.406635
1743665574.040689 18.582322 82.328142 -3.034063 -0.010690 0.023398 0.913112 -0.406895
1743665574.144289 17.712816 81.335184 -3.014617 -0.010176 0.021963 0.913156 -0.406891
1743665574.247889 16.836059 80.348189 -2.998595 -0.010447 0.021748 0.913127 -0.406960
1743665574.351689 15.966701 79.375442 -2.989772 -0.011013 0.021678 0.913297 -0.406568
1743665574.455289 15.092066 78.381284 -2.976615 -0.011426 0.022842 0.913428 -0.406199
1743665574.558889 14.224173 77.420008 -2.958777 -0.011276 0.023818 0.913614 -0.405728
1743665574.662489 13.360041 76.470208 -2.946254 -0.011363 0.025487 0.913762 -0.405289
1743665574.766089 12.486972 75.490620 -2.929571 -0.011527 0.027554 0.914082 -0.404429
1743665574.869689 11.603048 74.526452 -2.909905 -0.011564 0.028067 0.914303 -0.403891
1743665574.973489 10.728393 73.576680 -2.893758 -0.013320 0.029577 0.914436 -0.403428
1743665575.077089 9.855287 72.618843 -2.888088 -0.015878 0.030886 0.914608 -0.402848
1743665575.180689 8.993418 71.692942 -2.890059 -0.016831 0.033173 0.914885 -0.401997
1743665575.284289 8.118573 70.760329 -2.866503 -0.014927 0.032002 0.915339 -0.401134
1743665575.387989 7.281502 69.831682 -2.844517 -0.012822 0.034010 0.915583 -0.400483
1743665575.491589 6.421937 68.907189 -2.819184 -0.010384 0.033132 0.915896 -0.399911
1743665575.595189 5.545209 67.980225 -2.797535 -0.011424 0.034318 0.916013 -0.399514
1743665575.698789 4.696991 67.068904 -2.791438 -0.013666 0.035693 0.915927 -0.399522
1743665575.802389 3.853985 66.152135 -2.761332 -0.014002 0.035171 0.916055 -0.399262
1743665575.906089 3.001258 65.231279 -2.744573 -0.014041 0.034494 0.916175 -0.399045
1743665576.009589 2.168544 64.337772 -2.734560 -0.015356 0.035273 0.916191 -0.398892
1743665576.113389 1.334816 63.430911 -2.722187 -0.016145 0.034793 0.916176 -0.398936
1743665576.216989 0.482351 62.502874 -2.709341 -0.016055 0.034069 0.916155 -0.399050
1743665576.320589 -0.327309 61.628128 -2.695168 -0.015427 0.033503 0.916235 -0.398939
1743665576.424189 -1.119777 60.771576 -2.681553 -0.014922 0.032641 0.916205 -0.399099
1743665576.527789 -1.942737 59.871427 -2.669768 -0.015156 0.031559 0.915903 -0.399871
1743665576.631589 -2.708587 59.020464 -2.663757 -0.016628 0.031564 0.915542 -0.400637
1743665576.735189 -3.509211 58.151206 -2.657497 -0.017431 0.031383 0.915201 -0.401395
1743665576.838789 -4.263833 57.329297 -2.643601 -0.015932 0.030084 0.914971 -0.402081
1743665576.942389 -4.999237 56.503629 -2.633046 -0.013835 0.030327 0.914702 -0.402751
1743665577.046189 -5.753230 55.649696 -2.621779 -0.012334 0.030390 0.914440 -0.403391
1743665577.149789 -6.489133 54.836166 -2.608510 -0.012547 0.031296 0.914085 -0.404118
1743665577.253389 -7.217741 54.041781 -2.598509 -0.013897 0.033300 0.913604 -0.405002
1743665577.356989 -7.939880 53.238064 -2.580764 -0.014777 0.035022 0.913135 -0.405881
1743665577.460589 -8.638245 52.443636 -2.559609 -0.015606 0.036714 0.912603 -0.406896
1743665577.564389 -9.344972 51.676110 -2.544816 -0.016753 0.038463 0.912252 -0.407475
1743665577.667989 -10.041502 50.905378 -2.530714 -0.017057 0.039001 0.911841 -0.408331
1743665577.771689 -10.674324 50.169571 -2.508825 -0.016171 0.038581 0.911323 -0.409561
1743665577.875289 -11.313914 49.436492 -2.472142 -0.015171 0.035646 0.910848 -0.410919
1743665577.978989 -11.934001 48.730762 -2.442967 -0.015481 0.033492 0.910038 -0.412880
1743665578.082589 -12.563698 48.010971 -2.404035 -0.015216 0.029887 0.909015 -0.415411
1743665578.186189 -13.176234 47.328515 -2.385364 -0.014983 0.028527 0.907916 -0.417912
1743665578.289889 -13.726534 46.653093 -2.366845 -0.013835 0.026905 0.906627 -0.420846
1743665578.393389 -14.254029 45.999646 -2.356856 -0.012624 0.026911 0.905026 -0.424316
1743665578.496989 -14.788782 45.324858 -2.335739 -0.011060 0.026644 0.902549 -0.429620
1743665578.600589 -15.305605 44.658942 -2.322540 -0.010446 0.027360 0.899308 -0.436335
1743665578.704489 -15.837544 43.986397 -2.312696 -0.010516 0.027295 0.895785 -0.443525
1743665578.807789 -16.333988 43.318754 -2.296717 -0.011308 0.027378 0.891343 -0.452361
1743665578.911389 -16.755655 42.690551 -2.281105 -0.011122 0.027997 0.886239 -0.462247
1743665579.014889 -17.144095 42.075220 -2.270028 -0.010503 0.027707 0.880547 -0.473031
1743665579.118389 -17.516343 41.441489 -2.260875 -0.010335 0.028236 0.874328 -0.484404
1743665579.221989 -17.881548 40.758535 -2.244836 -0.010472 0.028593 0.866955 -0.497455
1743665579.325489 -18.293665 40.035219 -2.224413 0.010075 -0.027612 -0.858482 0.512001
1743665579.428989 -18.625466 39.336450 -2.196694 0.008298 -0.025438 -0.849206 0.527383
1743665579.532489 -18.894308 38.667437 -2.171162 0.005571 -0.023597 -0.838522 0.544328
1743665579.635989 -19.178442 37.987899 -2.150182 0.004812 -0.022603 -0.826362 0.562665
1743665579.739589 -19.389219 37.299162 -2.124467 0.004023 -0.021539 -0.813613 0.580994
1743665579.843089 -19.548979 36.606777 -2.092959 0.001392 -0.018072 -0.800248 0.599395
1743665579.946689 -19.707814 35.913868 -2.067254 -0.000359 -0.015467 -0.785939 0.618111
1743665580.050189 -19.828743 35.219052 -2.039512 -0.000905 -0.015579 -0.770701 0.637006
1743665580.153789 -19.923156 34.520262 -2.014366 -0.000856 -0.015710 -0.754196 0.656461
1743665580.257289 -19.964632 33.852928 -1.996184 -0.000467 -0.014135 -0.736665 0.676110
1743665580.360989 -19.963897 33.154272 -1.967023 -0.000013 -0.013195 -0.718397 0.695508
1743665580.464589 -19.933713 32.478915 -1.940819 -0.001744 -0.013114 -0.699171 0.714832
1743665580.568289 -19.875567 31.775052 -1.913752 -0.003500 -0.013597 -0.680010 0.733068
1743665580.672089 -19.786844 31.111794 -1.889505 -0.005019 -0.014699 -0.660353 0.750794
1743665580.775989 -19.652470 30.470447 -1.858388 -0.006985 -0.015784 -0.639892 0.768271
1743665580.879589 -19.480708 29.794646 -1.833000 -0.007837 -0.015597 -0.619275 0.784980
1743665580.983389 -19.289381 29.146782 -1.804502 -0.009421 -0.013348 -0.598494 0.800960
1743665581.086889 -19.048532 28.534027 -1.775300 -0.010723 -0.011103 -0.577757 0.816063
1743665581.190689 -18.781618 27.919342 -1.742700 -0.011524 -0.009177 -0.557774 0.829862
1743665581.294389 -18.502038 27.327576 -1.709202 -0.012619 -0.008587 -0.538708 0.842354
1743665581.398089 -18.192396 26.734129 -1.667748 -0.016398 -0.008243 -0.521289 0.853183
1743665581.501989 -17.891496 26.179796 -1.633887 -0.021069 -0.008248 -0.506551 0.861913
1743665581.605889 -17.583837 25.647366 -1.613620 -0.025851 -0.008828 -0.495116 0.868397
1743665581.709689 -17.233287 25.075079 -1.571875 -0.029176 -0.008635 -0.486850 0.872956
1743665581.813689 -16.848931 24.513915 -1.529091 -0.030549 -0.008495 -0.481421 0.875916
1743665581.917989 -16.459070 24.006815 -1.494837 -0.029426 -0.009397 -0.478232 0.877690
1743665582.021689 -16.079429 23.486995 -1.461531 -0.029373 -0.008717 -0.476714 0.878525
1743665582.125589 -15.692205 22.967158 -1.423192 -0.028301 -0.008836 -0.476523 0.878662
1743665582.229389 -15.316549 22.461049 -1.390691 -0.027207 -0.009302 -0.476640 0.878628
1743665582.333289 -14.996891 21.918154 -1.354808 -0.026555 -0.009299 -0.476762 0.878582
1743665582.437089 -14.673328 21.371978 -1.324309 -0.025522 -0.009572 -0.477650 0.878127
1743665582.540789 -14.347859 20.848105 -1.295203 -0.024704 -0.009822 -0.479676 0.877043
1743665582.644489 -13.997405 20.341711 -1.263600 -0.024030 -0.009867 -0.482783 0.875355
1743665582.748289 -13.665820 19.873180 -1.235197 -0.022710 -0.010256 -0.485912 0.873652
1743665582.852089 -13.390740 19.352815 -1.205504 -0.021146 -0.011286 -0.489082 0.871909
1743665582.955589 -13.097479 18.878633 -1.170371 -0.019576 -0.012673 -0.491883 0.870349
1743665583.059189 -12.815938 18.383553 -1.139033 -0.018851 -0.013460 -0.494930 0.868624
1743665583.162889 -12.556586 17.915109 -1.111239 -0.018623 -0.013826 -0.497852 0.866952
1743665583.266489 -12.272711 17.453133 -1.083133 -0.018312 -0.014409 -0.500705 0.865305
1743665583.369989 -12.021311 17.015958 -1.053610 -0.017430 -0.015076 -0.503431 0.863728
1743665583.473589 -11.786421 16.573432 -1.031312 -0.015784 -0.015470 -0.506240 0.862109
1743665583.577189 -11.544358 16.144852 -1.006443 -0.014271 -0.015497 -0.509103 0.860447
1743665583.680789 -11.320096 15.732448 -0.977533 -0.013272 -0.015575 -0.511510 0.859033
1743665583.784589 -11.111599 15.335117 -0.961883 -0.013448 -0.014571 -0.514024 0.857547
1743665583.887989 -10.914789 14.940991 -0.939598 -0.013413 -0.013928 -0.516684 0.855958
1743665583.991789 -10.730064 14.585650 -0.917047 -0.012991 -0.013961 -0.518633 0.854784
1743665584.095389 -10.537282 14.239438 -0.895234 -0.011945 -0.014509 -0.520891 0.853416
1743665584.198989 -10.361773 13.903222 -0.878065 -0.011124 -0.014861 -0.522643 0.852350
1743665584.302589 -10.209444 13.592575 -0.866712 -0.010657 -0.015082 -0.524404 0.851269
1743665584.406189 -10.065641 13.305241 -0.851054 -0.010847 -0.015521 -0.526035 0.850252
1743665584.509989 -9.929850 13.057416 -0.838248 -0.011479 -0.016152 -0.527184 0.849520
1743665584.613589 -9.815249 12.824178 -0.824491 -0.012235 -0.016978 -0.528054 0.848953
1743665584.717189 -9.696332 12.585412 -0.812658 -0.012837 -0.018465 -0.528498 0.848637
1743665584.820789 -9.579884 12.346806 -0.788496 -0.012653 -0.020663 -0.528200 0.848774
1743665584.924289 -9.471707 12.121258 -0.772437 -0.012079 -0.022117 -0.527034 0.849470
1743665585.027889 -9.356585 11.879731 -0.762123 -0.011841 -0.022195 -0.524783 0.850865
1743665585.131389 -9.229217 11.658269 -0.750047 -0.011890 -0.021804 -0.521323 0.852998
1743665585.234889 -9.117832 11.457438 -0.737463 -0.013305 -0.022101 -0.516761 0.855741
1743665585.338389 -8.995377 11.244618 -0.722806 -0.014904 -0.023245 -0.511341 0.858934
1743665585.441889 -8.881101 11.060429 -0.704905 -0.015981 -0.024634 -0.504805 0.862734
1743665585.545389 -8.751202 10.864006 -0.690504 -0.016483 -0.025531 -0.497372 0.867005
1743665585.648889 -8.618927 10.672934 -0.674918 -0.016807 -0.025587 -0.489022 0.871734
1743665585.752489 -8.483779 10.474564 -0.664705 -0.017684 -0.025130 -0.480303 0.876564
1743665585.855989 -8.341526 10.310673 -0.656839 -0.018099 -0.025445 -0.470587 0.881801
1743665585.959489 -8.184449 10.093811 -0.640184 -0.018998 -0.027037 -0.459653 0.887484
1743665586.063089 -8.015449 9.890926 -0.625829 -0.018953 -0.028741 -0.448130 0.893305
1743665586.166589 -7.846124 9.679530 -0.601783 -0.019008 -0.029276 -0.436172 0.899186
1743665586.270089 -7.634293 9.473825 -0.584791 -0.020364 -0.027526 -0.423422 0.905285
1743665586.373589 -7.411476 9.254229 -0.574729 -0.021631 -0.024109 -0.410097 0.911467
1743665586.477189 -7.172732 9.028016 -0.554895 -0.021071 -0.020676 -0.396651 0.917495
1743665586.580689 -6.937922 8.767803 -0.536227 -0.019280 -0.018660 -0.382500 0.923566
1743665586.684189 -6.669043 8.556689 -0.508056 -0.018552 -0.017638 -0.368212 0.929389
1743665586.787789 -6.364153 8.319966 -0.485663 -0.018763 -0.017058 -0.353020 0.935272
1743665586.891389 -6.056205 8.108092 -0.478110 -0.019768 -0.015371 -0.337391 0.941031
1743665586.994889 -5.760391 7.893608 -0.466573 -0.019490 -0.013960 -0.321652 0.946554
1743665587.098289 -5.425611 7.649331 -0.455491 -0.018311 -0.013907 -0.305035 0.952063
1743665587.201889 -5.065527 7.428253 -0.436362 -0.016751 -0.015172 -0.287990 0.957367
1743665587.305489 -4.694733 7.237920 -0.413649 -0.015562 -0.015663 -0.270507 0.962465
1743665587.409089 -4.271573 7.017622 -0.394256 -0.014871 -0.014405 -0.252291 0.967430
1743665587.512689 -3.837957 6.802672 -0.379434 -0.015553 -0.012552 -0.234016 0.972027
1743665587.616289 -3.402333 6.633070 -0.384003 -0.016154 -0.011231 -0.215407 0.976326
1743665587.719889 -2.887588 6.415780 -0.357107 -0.014085 -0.009732 -0.196260 0.980402
1743665587.823489 -2.369496 6.223191 -0.339676 -0.010416 -0.008586 -0.177018 0.984115
1743665587.926989 -1.867822 6.080605 -0.311926 -0.006278 -0.007725 -0.157760 0.987427
1743665588.030689 -1.294311 5.902244 -0.299089 -0.003315 -0.007795 -0.137473 0.990469
1743665588.134289 -0.747304 5.791403 -0.289723 -0.002942 -0.007673 -0.117529 0.993035
1743665588.237889 -0.138445 5.680384 -0.290424 -0.003455 -0.008216 -0.098314 0.995116
1743665588.341689 0.487094 5.601188 -0.273753 -0.003943 -0.008896 -0.081080 0.996660
1743665588.445289 1.116965 5.534348 -0.267729 -0.003862 -0.009259 -0.065591 0.997796
1743665588.549089 1.803530 5.451863 -0.249926 -0.002529 -0.009014 -0.051325 0.998638
1743665588.652889 2.503533 5.394802 -0.244083 -0.001777 -0.008816 -0.038387 0.999222
1743665588.756689 3.206120 5.351139 -0.223021 -0.002567 -0.009079 -0.026736 0.999598
1743665588.860289 3.943707 5.337578 -0.206079 -0.003506 -0.008684 -0.016197 0.999825
1743665588.964189 4.704012 5.334673 -0.198090 -0.004290 -0.007318 -0.007044 0.999939
1743665589.067889 5.480944 5.315608 -0.184984 -0.004674 -0.005687 0.000417 0.999973
1743665589.171689 6.281438 5.326434 -0.177946 -0.006223 -0.005333 0.004978 0.999954
1743665589.275489 7.097916 5.392549 -0.164256 -0.009192 -0.006313 0.007009 0.999913
1743665589.379289 7.944217 5.397270 -0.149106 -0.010379 -0.007024 0.007935 0.999890
1743665589.482989 8.792721 5.404018 -0.128133 -0.008993 -0.006829 0.008391 0.999901
1743665589.586789 9.676647 5.425550 -0.122498 -0.007463 -0.005830 0.008524 0.999919
1743665589.690389 10.552830 5.448689 -0.114011 -0.007359 -0.005980 0.008601 0.999918
1743665589.794089 11.491541 5.497573 -0.094931 -0.009883 -0.007296 0.008751 0.999886
1743665589.897689 12.405448 5.516949 -0.069539 -0.011769 -0.008303 0.008796 0.999858
1743665590.001489 13.329435 5.523948 -0.042658 -0.014108 -0.008617 0.009190 0.999821
1743665590.105089 14.276859 5.558170 -0.019287 -0.014826 -0.007637 0.009479 0.999816
1743665590.208789 15.230503 5.577612 0.005463 -0.013790 -0.006252 0.010146 0.999834
1743665590.312489 16.169697 5.598899 0.017897 -0.012246 -0.005467 0.011518 0.999844
1743665590.415989 17.165119 5.628530 0.031794 -0.011130 -0.005485 0.013168 0.999836
1743665590.519589 18.132145 5.642236 0.056462 -0.011094 -0.005956 0.015576 0.999799
1743665590.623189 19.138180 5.682771 0.059310 -0.010381 -0.005710 0.017679 0.999774
1743665590.726889 20.132317 5.722787 0.073470 -0.009542 -0.004318 0.019659 0.999752
1743665590.830489 21.158412 5.796303 0.074009 -0.007018 -0.002201 0.021304 0.999746
1743665590.934089 22.203293 5.870833 0.063247 -0.004482 0.000125 0.022797 0.999730
1743665591.037789 23.243868 5.928917 0.037915 -0.001630 0.001046 0.024379 0.999701
1743665591.141489 24.259399 5.967578 0.041343 -0.000459 -0.000216 0.025750 0.999668
1743665591.245089 25.301683 6.050425 0.048673 -0.002973 -0.003008 0.026828 0.999631
1743665591.348889 26.347189 6.110296 0.067875 -0.004153 -0.004330 0.027565 0.999602
1743665591.452489 27.410916 6.176302 0.079655 -0.003041 -0.001965 0.028007 0.999601
1743665591.556089 28.561211 6.250735 0.072627 0.000556 0.001251 0.028697 0.999587
1743665591.659789 29.671382 6.322262 0.082056 0.006206 0.002519 0.029244 0.999550
1743665591.763389 30.740850 6.379944 0.086495 0.009335 0.001385 0.029459 0.999521
1743665591.867089 31.844187 6.431961 0.101877 0.007953 -0.001089 0.030125 0.999514
1743665591.970689 32.912933 6.499359 0.097589 0.006294 -0.002269 0.030342 0.999517
1743665592.074389 34.022145 6.573246 0.109639 0.004628 -0.001603 0.029819 0.999543
1743665592.177989 35.135444 6.655841 0.116903 0.003276 -0.000554 0.029338 0.999564
1743665592.281689 36.259742 6.741566 0.114633 0.004515 0.000795 0.028501 0.999583
1743665592.385489 37.398885 6.797842 0.114893 0.005691 0.001977 0.027852 0.999594
1743665592.488989 38.512805 6.860045 0.107157 0.006133 0.003784 0.026836 0.999614
1743665592.592589 39.624482 6.935009 0.102515 0.005074 0.004444 0.026123 0.999636
1743665592.696189 40.750734 6.996733 0.092239 0.005296 0.003262 0.024976 0.999669
1743665592.799789 41.847152 7.049620 0.092569 0.004282 0.001164 0.023749 0.999708
1743665592.903489 43.018886 7.102303 0.093436 0.004818 0.000599 0.023021 0.999723
1743665593.007089 44.133720 7.162983 0.094422 0.006473 0.001438 0.022239 0.999731
1743665593.110789 45.252087 7.232027 0.108558 0.006714 0.001747 0.021461 0.999746
1743665593.214389 46.392179 7.283387 0.122800 0.004820 -0.000490 0.020549 0.999777
1743665593.317889 47.496474 7.345476 0.146007 0.003128 -0.002424 0.020166 0.999789
1743665593.421489 48.630970 7.381430 0.151241 0.003831 -0.002146 0.020294 0.999784
1743665593.525189 49.825096 7.431688 0.165476 0.005828 -0.000586 0.020472 0.999773
1743665593.628789 50.979025 7.482085 0.170086 0.008245 0.000830 0.020443 0.999757
1743665593.732389 52.128765 7.522737 0.190518 0.010120 0.000499 0.020352 0.999742
1743665593.835989 53.305650 7.566094 0.204190 0.008128 0.000352 0.020282 0.999761
1743665593.939589 54.493982 7.607061 0.211269 0.009925 0.002201 0.019965 0.999749
1743665594.043189 55.706132 7.659470 0.200639 0.012721 0.005308 0.019864 0.999708
1743665594.146789 56.916855 7.697945 0.192979 0.014757 0.006747 0.019293 0.999682
1743665594.250489 58.193987 7.777931 0.200507 0.012924 0.004140 0.019764 0.999713
1743665594.354089 59.428400 7.839650 0.216472 0.009538 -0.000528 0.019671 0.999761
1743665594.457789 60.505617 7.894315 0.219795 0.007012 -0.002264 0.019100 0.999790
1743665594.561389 61.590466 7.935537 0.225085 0.006677 -0.001668 0.018575 0.999804
1743665594.664989 62.748329 8.010368 0.245038 0.005263 -0.000600 0.018437 0.999816
1743665594.768789 63.918007 8.053983 0.250232 0.006787 0.001101 0.018544 0.999804
1743665594.872389 65.097954 8.060812 0.263143 0.006690 0.002267 0.018470 0.999804
1743665594.975989 66.293912 8.101153 0.275379 0.005364 0.003222 0.018296 0.999813
1743665595.079789 67.461178 8.134934 0.276287 0.005157 0.005009 0.018272 0.999807
1743665595.183389 68.693230 8.178322 0.281747 0.003524 0.006538 0.018119 0.999808
1743665595.286989 69.893403 8.217604 0.292867 0.002497 0.004487 0.017845 0.999828
1743665595.390589 71.102355 8.238099 0.311689 -0.000547 -0.000550 0.017435 0.999848
1743665595.494189 72.295090 8.270230 0.330216 -0.003097 -0.003070 0.017178 0.999843
1743665595.597689 73.493402 8.287761 0.352566 -0.002612 -0.003267 0.016741 0.999851
1743665595.701389 74.669511 8.304092 0.387330 0.000769 -0.004220 0.016354 0.999857
1743665595.804989 75.754623 8.342122 0.405529 0.000163 -0.004756 0.016342 0.999855
1743665595.908589 76.839545 8.375166 0.429573 0.003224 -0.002645 0.016459 0.999856
1743665596.012189 78.001802 8.410916 0.449061 0.003905 0.001037 0.015893 0.999866
1743665596.115889 79.271728 8.449267 0.469492 0.002640 0.003804 0.015069 0.999876
1743665596.219489 80.567668 8.497427 0.479263 0.001063 0.005099 0.014985 0.999874
1743665596.323289 81.804696 8.561623 0.482410 -0.000632 0.006109 0.015228 0.999865
1743665596.426889 82.879324 8.626943 0.476959 -0.002167 0.005710 0.015044 0.999868
1743665596.530589 83.900866 8.634018 0.486898 -0.004464 0.002809 0.014260 0.999884
1743665596.634289 84.940419 8.628744 0.472924 -0.006010 -0.000291 0.013287 0.999894
1743665596.737989 86.111775 8.676832 0.510915 -0.005302 -0.000361 0.013242 0.999898
1743665596.841589 87.329510 8.729690 0.519870 -0.004781 0.001683 0.013094 0.999901
1743665596.945189 88.573050 8.775722 0.529641 -0.002456 0.004679 0.012504 0.999908
1743665597.048789 89.777427 8.811190 0.532682 0.000056 0.007235 0.012074 0.999901
1743665597.152389 90.916014 8.825648 0.536117 0.002076 0.006759 0.011595 0.999908
1743665597.256089 92.107712 8.836995 0.531192 0.003588 0.005093 0.010917 0.999921
1743665597.359689 93.176375 8.836506 0.529608 0.004539 0.002963 0.010428 0.999931
1743665597.463389 94.243213 8.850589 0.534835 0.005891 0.000746 0.009682 0.999935
