1.000000 0.000000 0.000000 0.000000 0.000000 1.000000 0.000000 0.000000 0.000000 0.000000 1.000000 0.000000
0.999888 0.014979 -0.000688 0.103465 -0.014978 0.999887 0.001133 -0.006473 0.000705 -0.001123 0.999999 -0.000050
0.999359 0.035800 -0.000142 0.248360 -0.035799 0.999351 0.003948 -0.017911 0.000283 -0.003940 0.999992 -0.005259
0.998032 0.062687 0.001571 0.404066 -0.062695 0.998016 0.005716 -0.040353 -0.001209 -0.005804 0.999982 -0.006601
0.995391 0.095815 0.003926 0.579294 -0.095835 0.995383 0.005397 -0.080863 -0.003391 -0.005748 0.999978 -0.011093
0.991024 0.133546 0.006116 0.804736 -0.133563 0.991038 0.002358 -0.138232 -0.005747 -0.003154 0.999979 -0.009417
0.984787 0.173635 0.006808 0.990665 -0.173636 0.984810 -0.000534 -0.192869 -0.006797 -0.000656 0.999977 -0.002928
0.976128 0.217035 0.008356 1.207441 -0.217037 0.976163 -0.000725 -0.268044 -0.008315 -0.001106 0.999965 -0.005406
0.964527 0.263728 0.011658 1.404466 -0.263743 0.964593 -0.000274 -0.357125 -0.011317 -0.002810 0.999932 -0.014600
0.950172 0.311199 0.018135 1.657886 -0.311180 0.950343 -0.003948 -0.481845 -0.018463 -0.001892 0.999828 -0.023904
0.932931 0.359266 0.023829 1.892683 -0.359035 0.933227 -0.013490 -0.591166 -0.027084 0.004029 0.999625 -0.007419
0.911779 0.409806 0.026800 2.120915 -0.409412 0.912150 -0.019069 -0.733980 -0.032260 0.006414 0.999459 -0.007091
0.886848 0.461074 0.030175 2.374076 -0.460628 0.887350 -0.020773 -0.905989 -0.036354 0.004523 0.999329 -0.010763
0.858700 0.511340 0.034154 2.596007 -0.510839 0.859376 -0.022726 -1.072669 -0.040972 0.002068 0.999158 -0.032219
0.826318 0.562014 0.036591 2.848436 -0.561324 0.827124 -0.027953 -1.286597 -0.045975 0.002559 0.998939 -0.034866
0.790790 0.610992 0.036589 3.066564 -0.610084 0.791625 -0.033564 -1.511869 -0.049472 0.004220 0.998767 -0.040943
0.752758 0.657287 0.036452 3.301948 -0.656204 0.753625 -0.038010 -1.752600 -0.052455 0.004692 0.998612 -0.053710
0.712831 0.700482 0.034601 3.546108 -0.699273 0.713650 -0.041479 -2.041593 -0.053748 0.005372 0.998540 -0.069626
0.671487 0.740236 0.034001 3.744046 -0.738975 0.672335 -0.043381 -2.315494 -0.054973 0.004004 0.998480 -0.085350
0.628674 0.776802 0.036716 4.000955 -0.775565 0.629744 -0.043824 -2.660982 -0.057164 -0.000925 0.998364 -0.112272
0.586646 0.808956 0.037895 4.217918 -0.807731 0.587852 -0.044727 -2.983974 -0.058459 -0.004370 0.998280 -0.129898
0.546802 0.836383 0.038355 4.428589 -0.835143 0.548102 -0.046051 -3.342801 -0.059539 -0.006852 0.998202 -0.153458
0.507668 0.860703 0.038248 4.657844 -0.859360 0.509042 -0.048745 -3.768126 -0.061425 -0.008123 0.998079 -0.174202
0.470600 0.881480 0.039085 4.884633 -0.880210 0.472081 -0.048688 -4.188170 -0.061369 -0.011490 0.998049 -0.201045
0.434282 0.899986 0.037745 5.091565 -0.898794 0.435724 -0.048096 -4.643742 -0.059732 -0.013038 0.998129 -0.232230
0.400441 0.915694 0.033932 5.286638 -0.914561 0.401692 -0.047127 -5.156556 -0.056784 -0.012162 0.998312 -0.260948
0.370886 0.928201 0.029778 5.459264 -0.927142 0.371926 -0.045585 -5.644867 -0.053387 -0.010702 0.998517 -0.287781
0.345752 0.937947 0.026643 5.644132 -0.936970 0.346639 -0.043915 -6.188426 -0.050425 -0.009780 0.998680 -0.319243
0.324778 0.945475 0.024431 5.831233 -0.944522 0.325572 -0.043375 -6.773783 -0.048964 -0.008989 0.998760 -0.349804
0.309877 0.950502 0.022834 6.028310 -0.949518 0.310613 -0.044000 -7.348330 -0.048915 -0.008046 0.998771 -0.382782
0.298265 0.954234 0.021804 6.219566 -0.953173 0.298975 -0.045565 -7.980482 -0.049998 -0.007193 0.998723 -0.405751
0.287848 0.957399 0.023044 6.430518 -0.956260 0.288647 -0.047427 -8.621654 -0.052058 -0.008384 0.998609 -0.439541
0.277318 0.960463 0.024612 6.634021 -0.959253 0.278230 -0.049215 -9.296123 -0.054117 -0.009961 0.998485 -0.476264
0.266266 0.963565 0.025406 6.831519 -0.962278 0.267253 -0.050949 -9.996002 -0.055883 -0.010882 0.998378 -0.513504
0.256566 0.966165 0.026451 7.001317 -0.964781 0.257651 -0.053044 -10.696981 -0.058064 -0.011910 0.998242 -0.544111
0.245823 0.968949 0.026625 7.192185 -0.967482 0.246954 -0.054704 -11.425581 -0.059581 -0.012312 0.998148 -0.583936
0.234446 0.971757 0.026901 7.379348 -0.970226 0.235628 -0.056041 -12.201505 -0.060797 -0.012962 0.998066 -0.621459
0.224897 0.973976 0.028143 7.564680 -0.972290 0.226212 -0.058999 -12.965617 -0.063830 -0.014094 0.997861 -0.660499
0.213230 0.976528 0.030450 7.746449 -0.974657 0.214773 -0.062588 -13.747135 -0.067658 -0.016332 0.997575 -0.709975
0.200998 0.979117 0.030479 7.901875 -0.976991 0.202633 -0.066549 -14.533029 -0.071336 -0.016402 0.997318 -0.752388
0.187922 0.981686 0.031287 8.069439 -0.979413 0.189688 -0.069059 -15.309067 -0.073729 -0.017665 0.997122 -0.794519
0.173308 0.984384 0.030852 8.198374 -0.982065 0.175091 -0.069939 -16.115510 -0.074249 -0.018178 0.997074 -0.838906
0.158862 0.986801 0.031407 8.338656 -0.984580 0.160704 -0.069111 -16.924595 -0.073246 -0.019944 0.997114 -0.890228
0.142481 0.989300 0.031365 8.447170 -0.987178 0.144337 -0.068167 -17.745960 -0.071965 -0.021250 0.997181 -0.935047
0.121756 0.992030 0.032421 8.533003 -0.990061 0.123701 -0.066916 -18.569823 -0.070393 -0.023951 0.997232 -0.979212
0.097201 0.994650 0.034984 8.626255 -0.992874 0.099342 -0.065820 -19.378859 -0.068943 -0.028337 0.997218 -1.029220
0.066585 0.997094 0.037005 8.683443 -0.995464 0.068910 -0.065591 -20.214350 -0.067950 -0.032469 0.997160 -1.075734
0.033027 0.998725 0.038179 8.729880 -0.997208 0.035488 -0.065703 -21.040486 -0.066974 -0.035903 0.997109 -1.123088
-0.000709 0.999295 0.037525 8.747642 -0.997869 0.001741 -0.065221 -21.880349 -0.065241 -0.037491 0.997165 -1.163716
-0.035042 0.998705 0.036895 8.696353 -0.997378 -0.032609 -0.064608 -22.733259 -0.063321 -0.039063 0.997228 -1.201024
-0.067402 0.997016 0.037628 8.656778 -0.995900 -0.064950 -0.062969 -23.570497 -0.060337 -0.041718 0.997306 -1.241433
-0.099220 0.994340 0.038004 8.581705 -0.993480 -0.096834 -0.060166 -24.409026 -0.056146 -0.043725 0.997465 -1.288080
-0.131992 0.990649 0.034528 8.482799 -0.989942 -0.129949 -0.055931 -25.278218 -0.050921 -0.041563 0.997837 -1.319899
-0.162968 0.986191 0.029481 8.359671 -0.985589 -0.161350 -0.050809 -26.117373 -0.045350 -0.037336 0.998273 -1.346078
-0.193581 0.980800 0.023605 8.156985 -0.980286 -0.192398 -0.044967 -26.920962 -0.039562 -0.031844 0.998710 -1.371382
-0.222221 0.974833 0.017825 7.954065 -0.974374 -0.221389 -0.039763 -27.730428 -0.034816 -0.026204 0.999050 -1.388705
-0.249223 0.968402 0.009234 7.708451 -0.967975 -0.248793 -0.033553 -28.542450 -0.030196 -0.017300 0.999394 -1.412786
-0.276089 0.961121 0.004730 7.471977 -0.960892 -0.275906 -0.023720 -29.392459 -0.021493 -0.011094 0.999707 -1.420933
-0.301428 0.953477 0.004744 7.208785 -0.953464 -0.301381 -0.008702 -30.210086 -0.006867 -0.007146 0.999951 -1.420750
-0.326455 0.945159 0.010084 6.953322 -0.945150 -0.326538 0.008034 -30.974793 0.010886 -0.006909 0.999917 -1.405515
-0.351202 0.936139 0.017348 6.668438 -0.935912 -0.351529 0.022264 -31.750061 0.026941 -0.008417 0.999602 -1.387617
-0.375253 0.926733 0.018739 6.353000 -0.926167 -0.375686 0.032777 -32.504155 0.037415 -0.005056 0.999287 -1.358925
-0.399167 0.916712 0.017479 6.012754 -0.915955 -0.399548 0.037248 -33.273700 0.041129 -0.001142 0.999153 -1.317550
-0.421695 0.906606 0.015439 5.664063 -0.905886 -0.421975 0.036172 -34.022970 0.039309 0.001267 0.999226 -1.272356
-0.442548 0.896687 0.010174 5.288211 -0.896102 -0.442632 0.032841 -34.757903 0.033952 0.005417 0.999409 -1.238321
-0.460618 0.887596 0.001887 4.883113 -0.887132 -0.460444 0.031424 -35.500473 0.028761 0.012801 0.999504 -1.204131
-0.474547 0.880229 -0.001394 4.502225 -0.879804 -0.474268 0.031864 -36.201942 0.027387 0.016348 0.999491 -1.160808
-0.485711 0.874117 -0.001938 4.110275 -0.873621 -0.485358 0.034837 -36.900489 0.029510 0.018614 0.999391 -1.111989
-0.495541 0.868583 -0.001924 3.710666 -0.868013 -0.495133 0.037387 -37.593295 0.031521 0.020197 0.999299 -1.074468
-0.505910 0.862567 0.005733 3.314112 -0.861910 -0.505765 0.036233 -38.298635 0.034153 0.013390 0.999327 -1.019507
-0.517475 0.855671 0.006842 2.918045 -0.855033 -0.517372 0.035292 -38.993737 0.033738 0.012413 0.999354 -1.007664
-0.526512 0.850150 0.005422 2.513481 -0.849484 -0.526334 0.036734 -39.662988 0.034083 0.014735 0.999310 -0.967975
-0.533486 0.845802 0.003569 2.069584 -0.845068 -0.533190 0.039606 -40.332973 0.035402 0.018113 0.999209 -0.922508
-0.537350 0.843345 0.004910 1.618319 -0.842470 -0.537041 0.042795 -41.037605 0.038728 0.018860 0.999072 -0.886682
-0.536988 0.843562 0.006816 1.168675 -0.842596 -0.536730 0.044177 -41.764928 0.040924 0.017980 0.999000 -0.843799
-0.533777 0.845615 0.004240 0.700699 -0.844653 -0.533397 0.045264 -42.485963 0.040538 0.020579 0.998966 -0.805394
-0.527567 0.849498 0.005088 0.241861 -0.848565 -0.527251 0.044086 -43.222882 0.040134 0.018940 0.999015 -0.764461
-0.520379 0.853910 0.006612 -0.215680 -0.853007 -0.520158 0.042597 -43.985346 0.039813 0.016527 0.999070 -0.721814
-0.512972 0.858366 0.008161 -0.682288 -0.857463 -0.512831 0.041973 -44.752621 0.040213 0.014533 0.999085 -0.676994
-0.506504 0.862178 0.010157 -1.152530 -0.861296 -0.506466 0.040746 -45.571756 0.040274 0.011890 0.999118 -0.634257
-0.501445 0.865084 0.013534 -1.626531 -0.864260 -0.501569 0.038517 -46.404858 0.040108 0.007618 0.999166 -0.588912
-0.500143 0.865770 0.017304 -2.090270 -0.865046 -0.500435 0.035491 -47.244217 0.039387 0.002782 0.999220 -0.549093
-0.500266 0.865664 0.018975 -2.571637 -0.865025 -0.500625 0.033257 -48.090949 0.038289 0.000224 0.999267 -0.505327
-0.501200 0.865095 0.020213 -3.060775 -0.864511 -0.501606 0.031818 -48.936422 0.037665 -0.001527 0.999289 -0.460220
-0.501963 0.864668 0.019566 -3.558740 -0.864097 -0.502343 0.031420 -49.817045 0.036996 -0.001136 0.999315 -0.415618
-0.501756 0.864786 0.019661 -4.079259 -0.864250 -0.502138 0.030497 -50.694200 0.036246 -0.001690 0.999341 -0.369398
-0.501777 0.864792 0.018820 -4.589385 -0.864273 -0.502128 0.029982 -51.571943 0.035378 -0.001221 0.999373 -0.326672
-0.502273 0.864500 0.019013 -5.090576 -0.864001 -0.502630 0.029421 -52.466680 0.034991 -0.001650 0.999386 -0.274079
-0.502539 0.864318 0.020241 -5.610983 -0.863874 -0.502934 0.027921 -53.376804 0.034313 -0.003454 0.999405 -0.230416
-0.502562 0.864302 0.020316 -6.131659 -0.863881 -0.502958 0.027262 -54.280147 0.033781 -0.003850 0.999422 -0.180201
-0.502007 0.864602 0.021297 -6.644418 -0.864211 -0.502432 0.026474 -55.174508 0.033590 -0.005115 0.999423 -0.132441
-0.500983 0.865202 0.021034 -7.157390 -0.864856 -0.501393 0.025099 -56.067620 0.032262 -0.005617 0.999464 -0.079178
-0.499020 0.866384 0.018916 -7.668552 -0.866094 -0.499354 0.022939 -56.964248 0.029319 -0.004936 0.999558 -0.031661
-0.496197 0.868035 0.017432 -8.177918 -0.867772 -0.496484 0.021796 -57.867072 0.027574 -0.004312 0.999610 0.014894
-0.493995 0.869292 0.017310 -8.670867 -0.869043 -0.494278 0.021282 -58.735496 0.027056 -0.004530 0.999624 0.062741
-0.491887 0.870500 0.016646 -9.176939 -0.870233 -0.492155 0.021856 -59.649204 0.027218 -0.003735 0.999623 0.106339
-0.490957 0.871023 0.016758 -9.660042 -0.870745 -0.491229 0.022306 -60.518898 0.027661 -0.003640 0.999611 0.148435
-0.491280 0.870810 0.018298 -10.167576 -0.870494 -0.491602 0.023811 -61.427904 0.029730 -0.004231 0.999549 0.193002
-0.494115 0.869140 0.021127 -10.667128 -0.868792 -0.494532 0.025276 -62.315229 0.032417 -0.005866 0.999457 0.243313
-0.498236 0.866742 0.022794 -11.164332 -0.866380 -0.498711 0.025942 -63.191032 0.033852 -0.006823 0.999404 0.287773
-0.503807 0.863523 0.022517 -11.683489 -0.863207 -0.504260 0.024404 -64.075257 0.032428 -0.007142 0.999449 0.330873
-0.509638 0.860215 0.017310 -12.191724 -0.859935 -0.509919 0.022210 -64.936350 0.027932 -0.003566 0.999603 0.382417
-0.515052 0.856930 0.019792 -12.693627 -0.856724 -0.515389 0.019971 -65.793512 0.027314 -0.006671 0.999605 0.429151
-0.519977 0.853939 0.020307 -13.198149 -0.853673 -0.520340 0.022094 -66.638621 0.029433 -0.005847 0.999550 0.479125
-0.525168 0.850729 0.021410 -13.708886 -0.850389 -0.525577 0.024621 -67.482848 0.032198 -0.005276 0.999468 0.523744
-0.529669 0.847886 0.023232 -14.235640 -0.847552 -0.530137 0.024720 -68.331363 0.033276 -0.006596 0.999424 0.565943
-0.533377 0.845516 0.024712 -14.742613 -0.845172 -0.533898 0.025245 -69.153183 0.034539 -0.007421 0.999376 0.611123
-0.536791 0.843363 0.024374 -15.260950 -0.843049 -0.537291 0.024225 -69.973986 0.033527 -0.007545 0.999409 0.663604
-0.539456 0.841811 0.018475 -15.794323 -0.841647 -0.539739 0.017689 -70.821668 0.024863 -0.006007 0.999673 0.716118
-0.541226 0.840784 0.012536 -16.336197 -0.840745 -0.541345 0.009654 -71.634879 0.014903 -0.005315 0.999875 0.747503
-0.542679 0.839875 0.010436 -16.865842 -0.839869 -0.542753 0.006288 -72.440615 0.010945 -0.005353 0.999926 0.777783
-0.544239 0.838820 0.013610 -17.361600 -0.838748 -0.544387 0.012016 -73.242377 0.017488 -0.004876 0.999835 0.804962
-0.545585 0.837890 0.016641 -17.879872 -0.837736 -0.545818 0.016762 -74.051109 0.023128 -0.004796 0.999721 0.848189
-0.546263 0.837518 0.012694 -18.420205 -0.837228 -0.546409 0.022079 -74.862299 0.025428 0.001433 0.999676 0.880439
-0.545930 0.837778 0.009406 -18.959372 -0.837476 -0.545991 0.022976 -75.666527 0.024384 0.004666 0.999692 0.920565
-0.545277 0.838219 0.007843 -19.483312 -0.837990 -0.545315 0.020104 -76.456225 0.021129 0.004390 0.999767 0.959267
-0.544620 0.838656 0.006655 -20.005387 -0.838525 -0.544655 0.015050 -77.282645 0.016246 0.002616 0.999865 0.983179
-0.543731 0.839244 0.004999 -20.525699 -0.839198 -0.543754 0.008891 -78.078242 0.010180 0.000639 0.999948 1.013269
-0.542784 0.839796 0.011299 -21.040559 -0.839835 -0.542838 0.002140 -78.915843 0.007930 -0.008328 0.999934 1.045454
-0.541320 0.840622 0.018111 -21.535548 -0.840786 -0.541360 -0.003017 -79.721605 0.007268 -0.016861 0.999831 1.063632
-0.539443 0.841892 0.014776 -22.027651 -0.842002 -0.539468 -0.002616 -80.504853 0.005769 -0.013852 0.999887 1.083363
-0.536593 0.843778 0.010321 -22.555155 -0.843818 -0.536629 0.000855 -81.316717 0.006260 -0.008250 0.999946 1.105452
-0.531669 0.846882 0.010865 -23.045230 -0.846899 -0.531736 0.004310 -82.127328 0.009427 -0.006911 0.999932 1.128135
-0.524123 0.851622 0.005867 -23.520046 -0.851596 -0.524154 0.006820 -82.893289 0.008884 -0.001421 0.999960 1.143837
-0.515577 0.856842 -0.001337 -24.011197 -0.856814 -0.515545 0.009102 -83.655324 0.007110 0.005838 0.999958 1.169484
-0.506081 0.862486 -0.000382 -24.463403 -0.862452 -0.506057 0.009091 -84.440110 0.007647 0.004930 0.999959 1.185087
-0.494988 0.868893 0.003542 -24.915944 -0.868875 -0.495000 0.005593 -85.273311 0.006613 -0.000309 0.999978 1.205405
-0.483621 0.875277 -0.001048 -25.371001 -0.875274 -0.483616 0.003456 -86.094303 0.002518 0.002589 0.999993 1.219489
-0.472005 0.881595 -0.001234 -25.822862 -0.881595 -0.472001 0.002249 -86.921747 0.001400 0.002150 0.999997 1.241966
-0.460105 0.887864 -0.000915 -26.250032 -0.887864 -0.460104 0.001206 -87.759113 0.000650 0.001367 0.999999 1.257457
-0.448037 0.894007 -0.003796 -26.673798 -0.894014 -0.448027 0.003204 -88.575405 0.001164 0.004830 0.999988 1.274531
-0.435154 0.900350 -0.003124 -27.082727 -0.900342 -0.435126 0.007072 -89.400766 0.005008 0.005890 0.999970 1.282679
-0.423322 0.905979 0.000834 -27.483001 -0.905861 -0.423281 0.015775 -90.211490 0.014645 0.005922 0.999875 1.313772
-0.410927 0.911665 0.002441 -27.862327 -0.911443 -0.410883 0.021140 -91.075205 0.020276 0.006463 0.999774 1.340832
-0.399002 0.916941 0.004037 -28.235162 -0.916783 -0.399010 0.017303 -91.934464 0.017476 0.003203 0.999842 1.364468
-0.387359 0.921929 0.000752 -28.582701 -0.921839 -0.387333 0.013628 -92.787443 0.012856 0.004586 0.999907 1.393962
-0.377482 0.926012 0.003087 -28.909020 -0.925901 -0.377485 0.014590 -93.610749 0.014676 0.002649 0.999889 1.418177
-0.370318 0.928864 0.008756 -29.239604 -0.928651 -0.370420 0.019889 -94.470620 0.021718 -0.000766 0.999764 1.443512
-0.365033 0.930817 0.018155 -29.561321 -0.930521 -0.365400 0.024772 -95.330324 0.029692 -0.007851 0.999528 1.473423
-0.361395 0.932133 0.022847 -29.888760 -0.931832 -0.361926 0.026428 -96.191259 0.032904 -0.011738 0.999390 1.511697
-0.357988 0.933415 0.024119 -30.203605 -0.933142 -0.358558 0.026116 -97.035664 0.033025 -0.013157 0.999368 1.553243
-0.352840 0.935344 0.025192 -30.517122 -0.935102 -0.353442 0.025738 -97.890267 0.032977 -0.014475 0.999351 1.600805
-0.347100 0.937479 0.025580 -30.841678 -0.937362 -0.347658 0.022051 -98.758327 0.029565 -0.016324 0.999430 1.643681
-0.341849 0.939471 0.023087 -31.137693 -0.939417 -0.342282 0.018426 -99.599454 0.025213 -0.015390 0.999564 1.673530
-0.336140 0.941497 0.024346 -31.432285 -0.941536 -0.336554 0.015505 -100.459884 0.022792 -0.017711 0.999583 1.716611
-0.330010 0.943604 0.026571 -31.716518 -0.943692 -0.330472 0.015309 -101.316508 0.023226 -0.020023 0.999530 1.742674
-0.323400 0.945484 0.038384 -31.993146 -0.945890 -0.324144 0.014922 -102.162935 0.026550 -0.031481 0.999152 1.770722
-0.316549 0.947825 0.037742 -32.280025 -0.948136 -0.317364 0.017835 -102.998625 0.028882 -0.030139 0.999128 1.816837
-0.309333 0.950270 0.036063 -32.560164 -0.950403 -0.310222 0.022282 -103.884733 0.032361 -0.027382 0.999101 1.853856
-0.302959 0.952244 0.038037 -32.817701 -0.952499 -0.303856 0.020423 -104.725855 0.031005 -0.030043 0.999068 1.890506
-0.295931 0.954550 0.035482 -33.084628 -0.954865 -0.296617 0.015832 -105.572066 0.025637 -0.029195 0.999245 1.919937
-0.288881 0.956764 0.033923 -33.339235 -0.957104 -0.289449 0.013109 -106.426990 0.022361 -0.028681 0.999338 1.955926
-0.282531 0.958507 0.037962 -33.575555 -0.958906 -0.283279 0.015901 -107.284461 0.025995 -0.031909 0.999153 1.997400
-0.275872 0.960425 0.038446 -33.829953 -0.960754 -0.276736 0.019220 -108.157668 0.029099 -0.031634 0.999076 2.029899
-0.269093 0.962279 0.040113 -34.056273 -0.962639 -0.270035 0.020179 -109.015809 0.030250 -0.033184 0.998991 2.063509
-0.261893 0.964303 0.039126 -34.302450 -0.964667 -0.262772 0.019212 -109.902284 0.028807 -0.032712 0.999050 2.097064
-0.254172 0.966515 0.035286 -34.528230 -0.966756 -0.254950 0.019588 -110.797906 0.027928 -0.029134 0.999185 2.132532
-0.246438 0.968633 0.031914 -34.760584 -0.968763 -0.247144 0.020424 -111.683090 0.027671 -0.025884 0.999282 2.173627
-0.239760 0.970358 0.030345 -34.978591 -0.970438 -0.240437 0.021003 -112.549560 0.027676 -0.024412 0.999319 2.211322
-0.232880 0.971794 0.037183 -35.177925 -0.972100 -0.233716 0.019938 -113.434739 0.028066 -0.031502 0.999110 2.246352
-0.226926 0.973026 0.041534 -35.361325 -0.973540 -0.227812 0.017951 -114.274593 0.026929 -0.036361 0.998976 2.285146
-0.222211 0.974259 0.037971 -35.567511 -0.974653 -0.223000 0.017939 -115.166739 0.025945 -0.033022 0.999118 2.315414
-0.217535 0.975384 0.036118 -35.766709 -0.975712 -0.218287 0.018333 -116.051356 0.025766 -0.031253 0.999179 2.355341
-0.213327 0.976361 0.034797 -35.939029 -0.976600 -0.214103 0.020314 -116.902629 0.027284 -0.029650 0.999188 2.386294
-0.207856 0.977725 0.029160 -36.119983 -0.977843 -0.208454 0.019234 -117.722917 0.024884 -0.024516 0.999390 2.417195
-0.202553 0.979046 0.021021 -36.320996 -0.979027 -0.202935 0.018003 -118.623989 0.021892 -0.016934 0.999617 2.459705
-0.197648 0.980115 0.017586 -36.502320 -0.980065 -0.197944 0.017074 -119.514835 0.020216 -0.013861 0.999700 2.495852
-0.193590 0.980878 0.020044 -36.658935 -0.980833 -0.193961 0.018603 -120.370943 0.022135 -0.016059 0.999626 2.521276
-0.190342 0.981485 0.021382 -36.806707 -0.981412 -0.190781 0.020799 -121.187768 0.024494 -0.017026 0.999555 2.543697
-0.188249 0.981893 0.021178 -36.968961 -0.981820 -0.188682 0.020726 -122.067398 0.024346 -0.016891 0.999561 2.570974
-0.187131 0.982062 0.023174 -37.136255 -0.982067 -0.187579 0.018930 -122.953152 0.022937 -0.019216 0.999552 2.610211
-0.185842 0.982367 0.020434 -37.314780 -0.982404 -0.186162 0.015018 -123.855568 0.018558 -0.017284 0.999678 2.637098
-0.184743 0.982577 0.020285 -37.476439 -0.982704 -0.184956 0.009172 -124.714475 0.012764 -0.018240 0.999752 2.672989
-0.183950 0.982775 0.017762 -37.637620 -0.982884 -0.184095 0.006910 -125.590530 0.010061 -0.016187 0.999818 2.697105
-0.183225 0.982826 0.021966 -37.783855 -0.982954 -0.183502 0.011306 -126.425954 0.015142 -0.019520 0.999695 2.726726
-0.182955 0.982821 0.024292 -37.937567 -0.982931 -0.183350 0.015142 -127.265531 0.019336 -0.021107 0.999590 2.749314
-0.183167 0.982766 0.024925 -38.086952 -0.982898 -0.183564 0.014680 -128.109232 0.019002 -0.021810 0.999582 2.769160
-0.182469 0.982856 0.026450 -38.240990 -0.983043 -0.182869 0.013596 -128.963395 0.018200 -0.023521 0.999558 2.801996
-0.181936 0.983010 0.024321 -38.402449 -0.983158 -0.182288 0.013126 -129.840338 0.017337 -0.021523 0.999618 2.831694
-0.181283 0.983063 0.026906 -38.547815 -0.983215 -0.181749 0.015999 -130.667941 0.020619 -0.023554 0.999510 2.864956
-0.180852 0.982906 0.034469 -38.685329 -0.983219 -0.181540 0.017998 -131.514712 0.023948 -0.030636 0.999244 2.888287
-0.180438 0.982780 0.039819 -38.826107 -0.983249 -0.181288 0.018859 -132.364148 0.025753 -0.035749 0.999029 2.916395
-0.180394 0.982803 0.039459 -38.968720 -0.983151 -0.181373 0.022783 -133.203645 0.029548 -0.034684 0.998961 2.956500
-0.179671 0.983022 0.037220 -39.124440 -0.983273 -0.180608 0.023550 -134.027728 0.029873 -0.032366 0.999030 2.995574
-0.178365 0.983280 0.036692 -39.264429 -0.983468 -0.179335 0.025091 -134.841749 0.031251 -0.031611 0.999012 3.031159
-0.176307 0.983796 0.032582 -39.427150 -0.983894 -0.177122 0.024086 -135.680742 0.029466 -0.027811 0.999179 3.056485
-0.173435 0.984589 0.022481 -39.569417 -0.984529 -0.173913 0.021399 -136.493197 0.024979 -0.018422 0.999518 3.090407
-0.171779 0.985051 0.012882 -39.723912 -0.984939 -0.171991 0.017733 -137.286241 0.019684 -0.009642 0.999760 3.107491
-0.167686 0.985826 0.005394 -39.871640 -0.985679 -0.167755 0.017200 -138.131951 0.017861 -0.002432 0.999838 3.139751
-0.162383 0.986685 0.009204 -39.998767 -0.986465 -0.162548 0.021586 -138.925114 0.022795 -0.005574 0.999725 3.185359
-0.156734 0.987532 0.014695 -40.122382 -0.987299 -0.157054 0.023986 -139.702846 0.025995 -0.010749 0.999604 3.222645
-0.148547 0.988705 0.019918 -40.235818 -0.988532 -0.149014 0.024478 -140.484567 0.027170 -0.016053 0.999502 3.255137
-0.139252 0.990220 0.008518 -40.352242 -0.990001 -0.139406 0.021556 -141.235701 0.022533 -0.005431 0.999731 3.266743
-0.126639 0.991943 -0.003327 -40.467509 -0.991749 -0.126546 0.020502 -142.088740 0.019916 0.005896 0.999784 3.295411
-0.112996 0.993569 -0.007273 -40.556709 -0.993341 -0.112798 0.023445 -142.867033 0.022474 0.009874 0.999699 3.324384
-0.098494 0.995136 -0.001751 -40.634240 -0.994860 -0.098425 0.023800 -143.661369 0.023511 0.004087 0.999715 3.357320
-0.085157 0.996358 -0.004254 -40.697051 -0.996099 -0.085034 0.023589 -144.434100 0.023141 0.006246 0.999713 3.386919
-0.070916 0.997454 -0.007494 -40.756514 -0.997178 -0.070707 0.025241 -145.283853 0.024647 0.009263 0.999653 3.416878
-0.056926 0.998360 -0.006018 -40.795446 -0.997896 -0.056710 0.031425 -146.095855 0.031032 0.007794 0.999488 3.450049
-0.043621 0.999043 0.003219 -40.822505 -0.998224 -0.043715 0.040474 -146.880051 0.040576 -0.001448 0.999175 3.488311
-0.030079 0.999503 0.009394 -40.824703 -0.998335 -0.030504 0.048955 -147.632486 0.049217 -0.007905 0.998757 3.527187
-0.016814 0.999834 0.007041 -40.835450 -0.998568 -0.017150 0.050670 -148.368363 0.050782 -0.006179 0.998691 3.564404
-0.005525 0.999960 0.006982 -40.825198 -0.998902 -0.005844 0.046477 -149.100085 0.046516 -0.006718 0.998895 3.604282
0.005575 0.999959 0.007128 -40.814208 -0.999036 0.005259 0.043584 -149.882244 0.043545 -0.007365 0.999024 3.648902
0.014951 0.999789 0.014094 -40.789705 -0.998702 0.014246 0.048900 -150.622103 0.048689 -0.014807 0.998704 3.711393
0.021967 0.999539 0.020962 -40.767630 -0.998107 0.020721 0.057903 -151.370544 0.057442 -0.022195 0.998102 3.752331
0.025680 0.999392 0.023572 -40.742533 -0.997817 0.024190 0.061454 -152.125969 0.060846 -0.025098 0.997832 3.796368
0.025468 0.999420 0.022604 -40.713297 -0.998053 0.024132 0.057510 -152.898139 0.056932 -0.024025 0.998089 3.833905
0.023066 0.999573 0.017957 -40.694636 -0.998411 0.022108 0.051826 -153.600403 0.051407 -0.019124 0.998495 3.904473
0.019931 0.999592 0.020471 -40.678757 -0.998609 0.018903 0.049231 -154.340200 0.048824 -0.021424 0.998578 3.946673
0.016977 0.999661 0.019752 -40.662804 -0.998658 0.015987 0.049251 -155.115363 0.048918 -0.020561 0.998591 3.993142
0.013654 0.999747 0.017902 -40.649872 -0.998691 0.012753 0.049533 -155.869267 0.049292 -0.018555 0.998612 4.036423
0.008777 0.999820 0.016827 -40.637431 -0.998824 0.007963 0.047829 -156.624049 0.047686 -0.017227 0.998714 4.083674
0.003811 0.999790 0.020142 -40.629233 -0.998839 0.002839 0.048094 -157.407014 0.048026 -0.020302 0.998640 4.129023
-0.001857 0.999768 0.021469 -40.621874 -0.998919 -0.002852 0.046399 -158.146903 0.046450 -0.021360 0.998692 4.164731
-0.007884 0.999823 0.017095 -40.633495 -0.999028 -0.008617 0.043229 -158.918059 0.043369 -0.016737 0.998919 4.217055
-0.013624 0.999685 0.021089 -40.640042 -0.998959 -0.014527 0.043241 -159.604071 0.043533 -0.020478 0.998842 4.262002
-0.018586 0.999562 0.023017 -40.643203 -0.998808 -0.019601 0.044709 -160.354037 0.045141 -0.022159 0.998735 4.307136
-0.022758 0.999461 0.023656 -40.645657 -0.998627 -0.023843 0.046653 -161.077011 0.047192 -0.022561 0.998631 4.350383
-0.025516 0.999315 0.026791 -40.664151 -0.998453 -0.026800 0.048719 -161.793522 0.049404 -0.025506 0.998453 4.393125
-0.027140 0.999445 0.019315 -40.691765 -0.998345 -0.028081 0.050193 -162.513550 0.050708 -0.017920 0.998553 4.436973
-0.026726 0.999454 0.019452 -40.714788 -0.998420 -0.027650 0.048912 -163.225458 0.049423 -0.018114 0.998614 4.480175
-0.023241 0.999641 0.013358 -40.737461 -0.998699 -0.023822 0.045094 -163.944661 0.045396 -0.012293 0.998893 4.515947
-0.015971 0.999793 0.012606 -40.751942 -0.998871 -0.016518 0.044552 -164.643229 0.044751 -0.011880 0.998928 4.571274
-0.004705 0.999944 0.009484 -40.747223 -0.998925 -0.005138 0.046078 -165.351211 0.046124 -0.009257 0.998893 4.615838
0.009209 0.999919 0.008832 -40.747758 -0.998881 0.008789 0.046474 -166.032670 0.046392 -0.009250 0.998880 4.665824
0.024827 0.999659 0.008082 -40.722894 -0.998711 0.024444 0.044495 -166.727925 0.044282 -0.009176 0.998977 4.698891
0.041357 0.999081 0.011276 -40.678167 -0.998395 0.040887 0.039180 -167.436199 0.038683 -0.012878 0.999169 4.737981
0.057262 0.998279 0.012623 -40.628132 -0.997828 0.056814 0.033335 -168.098465 0.032561 -0.014504 0.999365 4.771554
0.074209 0.997185 0.010737 -40.583366 -0.996938 0.073917 0.025500 -168.763679 0.024635 -0.012597 0.999617 4.803007
0.092352 0.995653 0.012090 -40.523959 -0.995580 0.092123 0.018269 -169.457425 0.017076 -0.013724 0.999760 4.835409
0.109490 0.993890 0.013946 -40.444887 -0.993934 0.109328 0.011904 -170.112238 0.010306 -0.015165 0.999832 4.861732
0.127519 0.991713 0.015643 -40.363217 -0.991806 0.127376 0.009827 -170.799756 0.007753 -0.016768 0.999829 4.887777
0.145296 0.989250 0.016553 -40.257476 -0.989365 0.145158 0.009278 -171.460789 0.006775 -0.017725 0.999820 4.904722
0.162804 0.986529 0.015985 -40.150223 -0.986641 0.162684 0.008559 -172.071981 0.005843 -0.017165 0.999836 4.912934
0.178731 0.983630 0.022959 -40.020823 -0.983888 0.178578 0.008581 -172.711891 0.004341 -0.024123 0.999700 4.927363
0.192777 0.980905 0.025733 -39.882437 -0.981243 0.192711 0.005023 -173.345988 -0.000032 -0.026218 0.999656 4.939130
0.205437 0.978433 0.021574 -39.734762 -0.978663 0.205469 0.000750 -174.009732 -0.003699 -0.021267 0.999767 4.949792
0.216303 0.976148 0.018635 -39.599424 -0.976314 0.216357 -0.000882 -174.605760 -0.004893 -0.018003 0.999826 4.960581
0.225891 0.973918 0.021395 -39.452336 -0.974150 0.225886 0.002680 -175.197108 -0.002223 -0.021447 0.999768 4.970971
0.234976 0.971703 0.024059 -39.294228 -0.971993 0.234800 0.009937 -175.795299 0.004007 -0.025720 0.999661 4.979746
0.244479 0.969368 0.023558 -39.124094 -0.969558 0.244038 0.020078 -176.388857 0.013714 -0.027749 0.999521 4.989485
0.253071 0.967315 0.016030 -38.970369 -0.967201 0.252597 0.026795 -177.013446 0.021870 -0.022285 0.999512 4.994185
0.259453 0.965644 0.014677 -38.819254 -0.965535 0.259038 0.025343 -177.633904 0.020670 -0.020746 0.999571 5.004676
0.265284 0.963954 0.020403 -38.628915 -0.964095 0.264941 0.018070 -178.246285 0.012013 -0.024464 0.999629 5.023990
0.269781 0.962514 0.028016 -38.449651 -0.962921 0.269678 0.007469 -178.874025 -0.000367 -0.028992 0.999580 5.045019
0.271602 0.961861 0.032491 -38.270801 -0.962357 0.271786 -0.001299 -179.462806 -0.010080 -0.030915 0.999471 5.070603
0.272343 0.961825 0.026888 -38.114425 -0.962149 0.272511 -0.002732 -180.058787 -0.009955 -0.025126 0.999635 5.080917
0.273592 0.961552 0.023761 -37.941043 -0.961827 0.273657 0.000552 -180.658840 -0.005972 -0.023005 0.999718 5.065790
0.275309 0.961122 0.021219 -37.754605 -0.961341 0.275361 0.000475 -181.300057 -0.005386 -0.020529 0.999775 5.068719
0.277078 0.960554 0.023731 -37.569110 -0.960816 0.277184 -0.001255 -181.919416 -0.007783 -0.022453 0.999718 5.056965
0.279752 0.959721 0.025970 -37.383055 -0.959992 0.279976 -0.005374 -182.554688 -0.012428 -0.023428 0.999648 5.069760
0.283404 0.958651 0.025891 -37.195656 -0.958836 0.283752 -0.010850 -183.166179 -0.017748 -0.021750 0.999606 5.074281
0.287252 0.957548 0.024257 -37.011734 -0.957634 0.287638 -0.014218 -183.763887 -0.020592 -0.019145 0.999605 5.077200
0.293230 0.955786 0.022123 -36.841179 -0.955796 0.293601 -0.015866 -184.351953 -0.021659 -0.016493 0.999629 5.068212
0.301283 0.953265 0.022676 -36.635309 -0.953223 0.301707 -0.018422 -184.979083 -0.024402 -0.016065 0.999573 5.058099
0.311020 0.950172 0.020972 -36.426180 -0.950041 0.311435 -0.020750 -185.604791 -0.026248 -0.013471 0.999565 5.060273
0.321940 0.946509 0.021793 -36.208991 -0.946435 0.322347 -0.018783 -186.221069 -0.024803 -0.014579 0.999586 5.053086
0.333681 0.942458 0.020734 -35.992521 -0.942441 0.334015 -0.015442 -186.842038 -0.021479 -0.014388 0.999666 5.047834
0.345260 0.938267 0.021239 -35.754360 -0.938327 0.345549 -0.011798 -187.439653 -0.018409 -0.015856 0.999705 5.037570
0.356880 0.933932 0.020185 -35.512190 -0.933987 0.357138 -0.010994 -188.074700 -0.017476 -0.014929 0.999736 5.029793
0.368062 0.929572 0.020631 -35.255332 -0.929570 0.368375 -0.014151 -188.696285 -0.020755 -0.013970 0.999687 5.026110
0.378936 0.925178 0.021265 -34.995320 -0.925138 0.379290 -0.016113 -189.314959 -0.022973 -0.013567 0.999644 5.018998
0.390264 0.920358 0.025228 -34.715089 -0.920386 0.390701 -0.015529 -189.957162 -0.024149 -0.017159 0.999561 5.014516
0.399974 0.916086 0.028406 -34.429721 -0.916129 0.400522 -0.017046 -190.570269 -0.026993 -0.019206 0.999451 5.000197
0.407217 0.912769 0.032048 -34.128587 -0.912902 0.407851 -0.016359 -191.204335 -0.028003 -0.022595 0.999352 4.988971
0.411348 0.910847 0.033909 -33.843380 -0.910965 0.412080 -0.018233 -191.848650 -0.030581 -0.023389 0.999259 4.976580
0.413139 0.910124 0.031462 -33.545391 -0.910021 0.413901 -0.023412 -192.497719 -0.034330 -0.018959 0.999231 4.965671
0.414099 0.909802 0.027967 -33.258719 -0.909696 0.414714 -0.021585 -193.147879 -0.031236 -0.016503 0.999376 4.950497
0.412686 0.910507 0.025824 -32.952392 -0.910369 0.413235 -0.021554 -193.821430 -0.030296 -0.014614 0.999434 4.934464
0.411638 0.911082 0.021997 -32.657335 -0.910927 0.412061 -0.020427 -194.473492 -0.027675 -0.011630 0.999549 4.925201
0.411843 0.911045 0.019531 -32.359781 -0.910842 0.412207 -0.021257 -195.147232 -0.027417 -0.009035 0.999583 4.907667
0.410869 0.911527 0.017496 -32.057270 -0.911102 0.411218 -0.028148 -195.837427 -0.032852 -0.004376 0.999451 4.890561
0.410152 0.911831 0.018412 -31.751805 -0.911305 0.410546 -0.031243 -196.523256 -0.036047 -0.003965 0.999342 4.877922
0.408355 0.912633 0.018639 -31.450679 -0.912011 0.408768 -0.033822 -197.204274 -0.038487 -0.003187 0.999254 4.856121
0.406724 0.913339 0.019669 -31.131262 -0.912719 0.407178 -0.033928 -197.892943 -0.038996 -0.004153 0.999231 4.842209
0.405251 0.913957 0.021306 -30.830641 -0.913337 0.405771 -0.034124 -198.580988 -0.039833 -0.005631 0.999190 4.819162
0.403226 0.914844 0.021671 -30.523648 -0.914256 0.403758 -0.033392 -199.255108 -0.039299 -0.006348 0.999207 4.802683
0.402263 0.915318 0.019400 -30.211182 -0.914836 0.402692 -0.030235 -199.956915 -0.035487 -0.005586 0.999355 4.790878
0.401576 0.915651 0.017889 -29.909467 -0.915371 0.401915 -0.023658 -200.639947 -0.028852 -0.006874 0.999560 4.779355
0.400354 0.916159 0.019200 -29.609673 -0.915975 0.400705 -0.020597 -201.313114 -0.026564 -0.009341 0.999603 4.757377
0.398866 0.916769 0.021004 -29.308774 -0.916526 0.399295 -0.023319 -202.022711 -0.029765 -0.009950 0.999507 4.739820
0.397550 0.917266 0.024046 -28.992019 -0.916959 0.398108 -0.026379 -202.713144 -0.033769 -0.011562 0.999363 4.730281
0.394945 0.918282 0.027858 -28.697500 -0.918038 0.395632 -0.026097 -203.382089 -0.034986 -0.015268 0.999271 4.724668
0.390708 0.919991 0.031026 -28.404660 -0.919816 0.391503 -0.025776 -204.076470 -0.035861 -0.018467 0.999186 4.708205
0.384049 0.922769 0.031689 -28.124336 -0.922569 0.384890 -0.026928 -204.757610 -0.037045 -0.018894 0.999135 4.695833
0.375338 0.926390 0.030393 -27.840345 -0.926152 0.376145 -0.027540 -205.450759 -0.036945 -0.017811 0.999159 4.671731
0.365174 0.930550 0.026924 -27.578376 -0.930304 0.365840 -0.026379 -206.154494 -0.034397 -0.015415 0.999289 4.662483
0.355246 0.934377 0.027198 -27.309693 -0.934241 0.355875 -0.023397 -206.825515 -0.031541 -0.017097 0.999356 4.658589
0.344500 0.938302 0.030146 -27.070813 -0.938241 0.345217 -0.023018 -207.507805 -0.032005 -0.020355 0.999280 4.629773
0.333359 0.942391 0.027754 -26.816908 -0.942013 0.334140 -0.031034 -208.217591 -0.038520 -0.015799 0.999133 4.606419
0.323917 0.945786 0.023807 -26.561983 -0.944984 0.324651 -0.040078 -208.924308 -0.045634 -0.009515 0.998913 4.603879
0.317303 0.947973 0.025822 -26.317297 -0.946948 0.318191 -0.045201 -209.654291 -0.051066 -0.010109 0.998644 4.587957
0.312428 0.949433 0.031061 -26.095347 -0.948409 0.313614 -0.046550 -210.335193 -0.053937 -0.014915 0.998433 4.551846
0.309474 0.950388 0.031444 -25.857224 -0.949267 0.310713 -0.048482 -211.035238 -0.055847 -0.014844 0.998329 4.526132
0.307321 0.951128 0.030155 -25.653852 -0.949937 0.308504 -0.049441 -211.690706 -0.056328 -0.013451 0.998322 4.492410
0.306442 0.951398 0.030595 -25.420572 -0.950269 0.307637 -0.048454 -212.418048 -0.055511 -0.014225 0.998357 4.473625
0.306113 0.951418 0.033133 -25.175258 -0.950465 0.307408 -0.046009 -213.130378 -0.053959 -0.017408 0.998391 4.429314
0.306707 0.951210 0.033606 -24.932608 -0.950234 0.308038 -0.046556 -213.869528 -0.054637 -0.017654 0.998350 4.399638
0.307701 0.950859 0.034466 -24.697236 -0.949828 0.309100 -0.047799 -214.584587 -0.056104 -0.018029 0.998262 4.367497
0.309549 0.950289 0.033622 -24.456186 -0.949134 0.310931 -0.049663 -215.322095 -0.057648 -0.016539 0.998200 4.334267
0.311422 0.949764 0.031051 -24.229059 -0.948491 0.312672 -0.050994 -216.066606 -0.058141 -0.013571 0.998216 4.308622
0.314135 0.948894 0.030337 -23.982865 -0.947553 0.315351 -0.051934 -216.802279 -0.058846 -0.012432 0.998190 4.272606
0.318504 0.947344 0.033082 -23.717522 -0.945928 0.319902 -0.053691 -217.535353 -0.061446 -0.014193 0.998009 4.242639
0.323266 0.945642 0.035495 -23.449022 -0.944037 0.324860 -0.057094 -218.277658 -0.065521 -0.015052 0.997738 4.196267
0.328283 0.943890 0.036085 -23.177561 -0.941960 0.329977 -0.061861 -219.022346 -0.070297 -0.013683 0.997432 4.157959
0.332548 0.942385 0.036353 -22.906784 -0.940389 0.334264 -0.062734 -219.772278 -0.071271 -0.013324 0.997368 4.114762
0.336657 0.940863 0.037935 -22.639300 -0.939102 0.338430 -0.059603 -220.493617 -0.068916 -0.015559 0.997501 4.081822
0.340894 0.938900 0.047529 -22.362488 -0.937906 0.343116 -0.051021 -221.212001 -0.064211 -0.027185 0.997566 4.045250
0.345197 0.937189 0.050153 -22.096930 -0.936482 0.347480 -0.047534 -221.922115 -0.061976 -0.030559 0.997610 4.001813
0.349634 0.935442 0.051995 -21.817803 -0.934766 0.352037 -0.047779 -222.657160 -0.062999 -0.031898 0.997504 3.959736
0.353812 0.933866 0.052067 -21.517841 -0.933275 0.356169 -0.046285 -223.420814 -0.061769 -0.032216 0.997570 3.922605
0.357742 0.932310 0.053097 -21.226181 -0.931955 0.360043 -0.042777 -224.159621 -0.058999 -0.034180 0.997673 3.886084
0.362013 0.930636 0.053509 -20.938864 -0.930314 0.364319 -0.042281 -224.886288 -0.058843 -0.034474 0.997672 3.848740
0.366462 0.928932 0.052821 -20.646631 -0.928456 0.368792 -0.044280 -225.617649 -0.060613 -0.032815 0.997622 3.807715
0.370754 0.927379 0.050102 -20.360899 -0.926783 0.372930 -0.044684 -226.330559 -0.060123 -0.029867 0.997744 3.776823
0.375505 0.925669 0.046175 -20.058690 -0.924956 0.377443 -0.044652 -227.097048 -0.058761 -0.025942 0.997935 3.738392
0.379663 0.923890 0.047788 -19.746668 -0.923375 0.381615 -0.041816 -227.826727 -0.056869 -0.028250 0.997982 3.709727
0.383805 0.921920 0.052508 -19.435648 -0.921511 0.386043 -0.042283 -228.546073 -0.059252 -0.032158 0.997725 3.668370
0.388433 0.919815 0.055311 -19.118134 -0.919464 0.390851 -0.042685 -229.286521 -0.060881 -0.034276 0.997556 3.622259
0.392941 0.918063 0.052515 -18.802725 -0.917780 0.395094 -0.039752 -230.034151 -0.057243 -0.032577 0.997829 3.594972
0.397124 0.916491 0.048335 -18.486354 -0.916385 0.398863 -0.033850 -230.770591 -0.050302 -0.030850 0.998257 3.566881
0.400059 0.915100 0.050447 -18.185736 -0.915345 0.401704 -0.027889 -231.416534 -0.045786 -0.035019 0.998337 3.535700
0.402798 0.913352 0.059509 -17.827269 -0.913959 0.404866 -0.027632 -232.160839 -0.049331 -0.043258 0.997845 3.500903
0.405221 0.912075 0.062571 -17.490405 -0.912218 0.407912 -0.038299 -232.924705 -0.060455 -0.041559 0.997305 3.468029
0.406234 0.911647 0.062245 -17.157630 -0.910895 0.409414 -0.051476 -233.677707 -0.072412 -0.035788 0.996733 3.427703
0.407344 0.911009 0.064299 -16.829159 -0.909627 0.410996 -0.060504 -234.409130 -0.081546 -0.033842 0.996095 3.374957
0.409306 0.909963 0.066595 -16.495224 -0.908447 0.413232 -0.062958 -235.142013 -0.084808 -0.034729 0.995792 3.323454
0.412104 0.908407 0.070475 -16.153027 -0.907607 0.416080 -0.055916 -235.862442 -0.080117 -0.040920 0.995945 3.279258
0.416915 0.906312 0.069140 -15.808042 -0.905963 0.420500 -0.049097 -236.592664 -0.073571 -0.042169 0.996398 3.239597
0.421488 0.904225 0.068741 -15.474224 -0.904225 0.424812 -0.043720 -237.284356 -0.068735 -0.043730 0.996676 3.196462
0.425656 0.902463 0.066163 -15.154720 -0.902483 0.428714 -0.041577 -237.984803 -0.065887 -0.042013 0.996942 3.152696
0.429563 0.900593 0.066401 -14.812792 -0.900790 0.432518 -0.038811 -238.679544 -0.063672 -0.043142 0.997038 3.113178
0.433494 0.898660 0.067033 -14.446704 -0.898806 0.436535 -0.039811 -239.427923 -0.065039 -0.042992 0.996956 3.079858
0.437261 0.897087 0.063552 -14.087961 -0.896611 0.440342 -0.046770 -240.164206 -0.069941 -0.036531 0.996882 3.026568
0.439856 0.895816 0.063568 -13.728924 -0.894844 0.443170 -0.053433 -240.888082 -0.076037 -0.033381 0.996546 2.981687
0.441701 0.895018 0.061993 -13.382261 -0.893452 0.445100 -0.060239 -241.609631 -0.081509 -0.028780 0.996257 2.933695
0.443378 0.893904 0.065961 -13.006838 -0.892139 0.447219 -0.063909 -242.328129 -0.086628 -0.030510 0.995773 2.880181
0.444330 0.893525 0.064683 -12.663225 -0.891015 0.448273 -0.071716 -243.034265 -0.093075 -0.025768 0.995326 2.819940
0.446194 0.892601 0.064610 -12.299715 -0.889908 0.450171 -0.073549 -243.759336 -0.094735 -0.024680 0.995197 2.758537
0.447952 0.891467 0.068006 -11.932286 -0.889785 0.451948 -0.063453 -244.465498 -0.087302 -0.032087 0.995665 2.703052
0.449503 0.890753 0.067129 -11.558388 -0.890301 0.452869 -0.047686 -245.154775 -0.072877 -0.038330 0.996604 2.664465
0.450210 0.890472 0.066112 -11.173698 -0.890621 0.453129 -0.038312 -245.888799 -0.064073 -0.041632 0.997076 2.611585
0.450009 0.890668 0.064823 -10.795402 -0.890594 0.452952 -0.040952 -246.640088 -0.065836 -0.039302 0.997056 2.557365
0.450343 0.890462 0.065327 -10.417486 -0.889913 0.453591 -0.048053 -247.374568 -0.072422 -0.036495 0.996706 2.496150
0.451668 0.889741 0.066013 -10.053495 -0.889110 0.455016 -0.049431 -248.093447 -0.074018 -0.036366 0.996594 2.463342
0.452986 0.889275 0.063197 -9.679820 -0.888548 0.456122 -0.049338 -248.815259 -0.072701 -0.033804 0.996781 2.415884
0.454162 0.888855 0.060611 -9.304415 -0.887912 0.457165 -0.051112 -249.542013 -0.073140 -0.030604 0.996852 2.374089
0.455866 0.887925 0.061436 -8.942012 -0.886655 0.459067 -0.055684 -250.261843 -0.077647 -0.029088 0.996556 2.319263
0.456875 0.887257 0.063553 -8.548785 -0.885837 0.460320 -0.058294 -250.992139 -0.080977 -0.029665 0.996274 2.265551
0.457656 0.886775 0.064664 -8.164155 -0.885491 0.461149 -0.056986 -251.731501 -0.080353 -0.031180 0.996279 2.208300
0.458832 0.886318 0.062553 -7.811461 -0.885196 0.462066 -0.054063 -252.427977 -0.076820 -0.030566 0.996576 2.170514
0.459997 0.885774 0.061698 -7.440925 -0.884752 0.463113 -0.052349 -253.122397 -0.074943 -0.030507 0.996721 2.116615
0.462184 0.884742 0.060150 -7.063141 -0.883503 0.465243 -0.054512 -253.851582 -0.076213 -0.027948 0.996700 2.068040
0.465216 0.883072 0.061304 -6.682556 -0.881639 0.468437 -0.057266 -254.576700 -0.079287 -0.027408 0.996475 2.011679
0.468923 0.881101 0.061428 -6.282914 -0.879493 0.472202 -0.059311 -255.307176 -0.081266 -0.026213 0.996348 1.955582
0.472911 0.879111 0.059325 -5.886622 -0.877401 0.476023 -0.059754 -256.017318 -0.080770 -0.023793 0.996449 1.899728
0.477048 0.876829 0.059967 -5.487765 -0.875294 0.480151 -0.057576 -256.747490 -0.079277 -0.025022 0.996539 1.852188
0.480955 0.874482 0.062951 -5.070838 -0.873407 0.484147 -0.052555 -257.472233 -0.076436 -0.029705 0.996632 1.799015
0.486251 0.871745 0.060170 -4.667036 -0.870791 0.489144 -0.049618 -258.179252 -0.072687 -0.028269 0.996954 1.748560
0.493372 0.868117 0.054380 -4.263409 -0.867028 0.495831 -0.049130 -258.891097 -0.069613 -0.022909 0.997311 1.700437
0.502794 0.862800 0.052666 -3.828701 -0.861649 0.505122 -0.049126 -259.634996 -0.068988 -0.020679 0.997403 1.662008
0.513080 0.856959 0.048678 -3.417517 -0.855497 0.515170 -0.052204 -260.340141 -0.069814 -0.014859 0.997449 1.623338
0.526051 0.849218 0.045810 -2.989773 -0.847640 0.527927 -0.052900 -261.027390 -0.069108 -0.011003 0.997549 1.577938
0.538758 0.841125 0.047412 -2.522487 -0.839457 0.540735 -0.054026 -261.723657 -0.071080 -0.010694 0.997413 1.525307
0.551711 0.832592 0.049039 -2.050227 -0.830599 0.553819 -0.058214 -262.414054 -0.075628 -0.008614 0.997099 1.482860
0.564094 0.824049 0.052352 -1.581727 -0.821804 0.566456 -0.061366 -263.094755 -0.080224 -0.008407 0.996741 1.432039
0.574573 0.816489 0.056669 -1.088107 -0.814446 0.577230 -0.059013 -263.767233 -0.080895 -0.012247 0.996647 1.381462
0.583226 0.810007 0.061122 -0.603560 -0.808495 0.586126 -0.052850 -264.438619 -0.078634 -0.018593 0.996730 1.330379
0.589160 0.805469 0.064113 -0.122091 -0.804419 0.592166 -0.047424 -265.064932 -0.076164 -0.023634 0.996815 1.268877
0.591019 0.803807 0.067759 0.382171 -0.803086 0.594218 -0.044239 -265.726083 -0.075823 -0.028270 0.996720 1.222881
0.588007 0.805506 0.073544 0.867857 -0.805487 0.591422 -0.037556 -266.362461 -0.073747 -0.037155 0.996585 1.180489
0.580965 0.810271 0.077067 1.363925 -0.810965 0.584322 -0.030057 -267.044485 -0.069386 -0.045037 0.996573 1.136869
0.572065 0.816523 0.077663 1.827726 -0.817683 0.575165 -0.024059 -267.699156 -0.064313 -0.049741 0.996689 1.082795
0.561271 0.824463 0.072355 2.275493 -0.825321 0.564090 -0.025465 -268.380221 -0.061809 -0.045423 0.997054 1.044726
0.551220 0.831341 0.070909 2.734972 -0.831844 0.554165 -0.030610 -269.061459 -0.064743 -0.042113 0.997013 1.010535
0.541107 0.837569 0.075380 3.200141 -0.838396 0.544275 -0.029261 -269.751917 -0.065535 -0.047365 0.996725 0.964386
0.531782 0.843745 0.072825 3.618537 -0.844306 0.534902 -0.032050 -270.437974 -0.065996 -0.044443 0.996830 0.923424
0.523158 0.849463 0.068695 4.041458 -0.849847 0.526025 -0.032530 -271.113384 -0.063769 -0.041361 0.997107 0.891511
0.514864 0.854857 0.064299 4.495375 -0.855082 0.517460 -0.032701 -271.845888 -0.061227 -0.038144 0.997395 0.841568
0.507797 0.858911 0.066431 4.936499 -0.859392 0.510421 -0.030246 -272.543754 -0.059887 -0.041732 0.997332 0.806403
0.501127 0.862549 0.069868 5.337728 -0.863178 0.503971 -0.030608 -273.270697 -0.061613 -0.044970 0.997087 0.768037
0.495410 0.865469 0.074374 5.765077 -0.866144 0.498673 -0.033473 -273.994558 -0.066058 -0.047836 0.996668 0.720869
0.490307 0.867966 0.078963 6.178437 -0.868587 0.494095 -0.037783 -274.728552 -0.071810 -0.050061 0.996161 0.673907
0.486629 0.870056 0.078708 6.577086 -0.870302 0.490647 -0.042889 -275.447247 -0.075934 -0.047629 0.995975 0.629731
0.483340 0.871637 0.081432 6.989246 -0.872255 0.487416 -0.039960 -276.159130 -0.074522 -0.051715 0.995878 0.583935
0.481497 0.872576 0.082290 7.400758 -0.873951 0.485086 -0.030012 -276.866419 -0.066106 -0.057466 0.996156 0.529088
0.479984 0.873457 0.081788 7.811360 -0.875542 0.482809 -0.017929 -277.582926 -0.055148 -0.063003 0.996488 0.506992
0.478717 0.874393 0.079164 8.218086 -0.876698 0.480928 -0.010479 -278.321640 -0.047235 -0.064386 0.996807 0.469462
0.477525 0.875113 0.078408 8.616973 -0.877371 0.479697 -0.010496 -279.059050 -0.046797 -0.063781 0.996866 0.428552
0.476651 0.875548 0.078862 9.035263 -0.877645 0.479094 -0.014447 -279.809232 -0.050432 -0.062327 0.996781 0.388198
0.476694 0.875475 0.079415 9.429485 -0.877452 0.479349 -0.017403 -280.544819 -0.053303 -0.061387 0.996690 0.363270
0.476964 0.875469 0.077840 9.827756 -0.877187 0.479715 -0.020405 -281.282628 -0.055205 -0.058548 0.996757 0.330503
0.478889 0.874428 0.077727 10.237820 -0.875979 0.481795 -0.023134 -282.021116 -0.057678 -0.057009 0.996706 0.287733
0.482343 0.872592 0.077001 10.661591 -0.873999 0.485300 -0.024699 -282.770403 -0.058920 -0.055386 0.996725 0.252648
0.485952 0.870491 0.078078 11.061381 -0.871986 0.488941 -0.024020 -283.486001 -0.059084 -0.056410 0.996658 0.218256
0.489632 0.868336 0.079071 11.489235 -0.869897 0.492666 -0.023647 -284.243725 -0.059489 -0.057206 0.996588 0.179839
0.493538 0.865940 0.081047 11.927384 -0.867675 0.496626 -0.022432 -284.999533 -0.059674 -0.059252 0.996458 0.133446
0.497312 0.863786 0.080954 12.371909 -0.865650 0.500253 -0.019935 -285.753895 -0.057717 -0.060164 0.996518 0.094237
0.502052 0.861415 0.076860 12.832199 -0.863097 0.504694 -0.018633 -286.512311 -0.054842 -0.056983 0.996868 0.059701
0.507373 0.858743 0.071641 13.283147 -0.860228 0.509638 -0.016632 -287.267927 -0.050794 -0.053189 0.997292 0.022938
0.514304 0.854746 0.069999 13.765682 -0.856210 0.516411 -0.014967 -288.064609 -0.048941 -0.052236 0.997435 -0.013250
0.522084 0.849828 0.072256 14.225061 -0.851386 0.524323 -0.015072 -288.800337 -0.050694 -0.053649 0.997272 -0.043312
0.529427 0.844842 0.077125 14.677218 -0.846472 0.532119 -0.018304 -289.542516 -0.056503 -0.055594 0.996853 -0.088460
0.535726 0.840284 0.083188 15.142288 -0.842000 0.539020 -0.022225 -290.272197 -0.063515 -0.058138 0.996286 -0.123825
0.541433 0.835947 0.089678 15.625987 -0.837790 0.545386 -0.025720 -291.005274 -0.070410 -0.061206 0.995639 -0.175069
0.548489 0.831117 0.091678 16.141987 -0.832858 0.552762 -0.028324 -291.732397 -0.074216 -0.060820 0.995386 -0.228764
0.556067 0.826268 0.089837 16.654216 -0.828029 0.560081 -0.026015 -292.494466 -0.071811 -0.059922 0.995617 -0.273041
0.563804 0.821375 0.086418 17.173148 -0.823374 0.567180 -0.019050 -293.244711 -0.064662 -0.060414 0.996077 -0.320499
0.572202 0.816005 0.081985 17.700362 -0.818172 0.574861 -0.011342 -293.992447 -0.056385 -0.060588 0.996569 -0.368093
0.579179 0.811888 0.073418 18.218650 -0.813659 0.581270 -0.009156 -294.722973 -0.050109 -0.054434 0.997259 -0.411799
0.586373 0.807204 0.067743 18.736444 -0.808766 0.588090 -0.006940 -295.440576 -0.045441 -0.050719 0.997679 -0.440501
0.592545 0.803202 0.061299 19.278986 -0.804177 0.594250 -0.012921 -296.195645 -0.046805 -0.041639 0.998036 -0.480218
0.600211 0.797512 0.061003 19.834136 -0.798116 0.602179 -0.019779 -296.942444 -0.052509 -0.036816 0.997942 -0.511017
0.607810 0.791752 0.060785 20.389597 -0.791814 0.610077 -0.028912 -297.649156 -0.059975 -0.030557 0.997732 -0.550249
0.614521 0.786396 0.062809 20.960767 -0.786242 0.617037 -0.033008 -298.383328 -0.064713 -0.029099 0.997480 -0.591948
0.620132 0.781835 0.064577 21.544318 -0.781571 0.622825 -0.035143 -299.120493 -0.067696 -0.028678 0.997294 -0.636385
0.626392 0.776537 0.068000 22.144804 -0.776499 0.629253 -0.033015 -299.842425 -0.068427 -0.032121 0.997139 -0.683126
0.632146 0.771533 0.071614 22.759070 -0.771639 0.635237 -0.032365 -300.551246 -0.070463 -0.034801 0.996907 -0.749621
0.636349 0.768073 0.071579 23.379139 -0.767952 0.639536 -0.035275 -301.290289 -0.072871 -0.032522 0.996811 -0.800468
0.641283 0.763968 0.071481 23.959202 -0.763893 0.644431 -0.034311 -302.008569 -0.072277 -0.032601 0.996852 -0.854382
0.645736 0.760596 0.067222 24.559966 -0.760486 0.648532 -0.032686 -302.737860 -0.068457 -0.030015 0.997202 -0.899548
0.650383 0.756818 0.065030 25.163407 -0.756936 0.652889 -0.027981 -303.421539 -0.063634 -0.031025 0.997491 -0.953087
0.654687 0.753174 0.064140 25.814695 -0.753171 0.657175 -0.029243 -304.168823 -0.064176 -0.029163 0.997512 -1.002035
0.658113 0.749649 0.070092 26.462290 -0.749806 0.661003 -0.029429 -304.874380 -0.068392 -0.033188 0.997106 -1.059385
0.661737 0.746151 0.073238 27.094841 -0.746059 0.665005 -0.034130 -305.604620 -0.074170 -0.032055 0.996730 -1.119531
0.666324 0.742138 0.072418 27.743149 -0.742049 0.669510 -0.033470 -306.302544 -0.073324 -0.031436 0.996813 -1.169117
0.670850 0.738060 0.072308 28.371674 -0.738370 0.673832 -0.027564 -307.002161 -0.069067 -0.034899 0.997001 -1.223201
0.674889 0.734640 0.069491 29.036027 -0.735147 0.677521 -0.022910 -307.687846 -0.063912 -0.035625 0.997319 -1.269958
0.679299 0.731011 0.064629 29.659067 -0.731219 0.681690 -0.024860 -308.376965 -0.062230 -0.030371 0.997600 -1.313719
0.683327 0.727591 0.060630 30.309213 -0.727311 0.685622 -0.030693 -309.080292 -0.063901 -0.023124 0.997688 -1.367116
0.687699 0.723705 0.057629 30.961817 -0.723135 0.689867 -0.034041 -309.774413 -0.064392 -0.018263 0.997758 -1.411182
0.692869 0.719011 0.054363 31.636697 -0.718209 0.694864 -0.036598 -310.473477 -0.064089 -0.013686 0.997850 -1.453925
0.697055 0.715244 0.050389 32.306387 -0.714098 0.698836 -0.041142 -311.179304 -0.064640 -0.007304 0.997882 -1.502391
0.700859 0.711503 0.050599 32.980023 -0.710197 0.702662 -0.043433 -311.849189 -0.066457 -0.005495 0.997774 -1.559198
0.704057 0.708152 0.053156 33.645090 -0.706946 0.706015 -0.042062 -312.505205 -0.067315 -0.007964 0.997700 -1.608731
0.707921 0.704366 0.052121 34.324003 -0.703215 0.709796 -0.040969 -313.161688 -0.065853 -0.007650 0.997800 -1.642163
0.712085 0.700088 0.053034 34.990890 -0.699112 0.713989 -0.038246 -313.816038 -0.064641 -0.009842 0.997860 -1.708016
0.715552 0.696743 0.050339 35.667831 -0.695477 0.717305 -0.042258 -314.478144 -0.065551 -0.004772 0.997838 -1.739830
0.720434 0.691625 0.051283 36.349955 -0.690268 0.722245 -0.043491 -315.147253 -0.067118 -0.004066 0.997737 -1.808494
0.723955 0.687994 0.050522 37.052194 -0.686760 0.725701 -0.041460 -315.817249 -0.065188 -0.004681 0.997862 -1.845945
0.727732 0.684087 0.049311 37.731229 -0.682709 0.729398 -0.043442 -316.441542 -0.065686 -0.002051 0.997838 -1.900093
0.730546 0.680739 0.053831 38.424707 -0.679362 0.732511 -0.043537 -317.085558 -0.069069 -0.004765 0.997600 -1.945614
0.733094 0.677607 0.058494 39.140267 -0.676318 0.735377 -0.042603 -317.734417 -0.071883 -0.008328 0.997378 -2.014495
0.735574 0.674414 0.064008 39.839397 -0.673460 0.738209 -0.038730 -318.367256 -0.073372 -0.014618 0.997198 -2.049647
0.737168 0.672779 0.062867 40.544957 -0.671180 0.739805 -0.046961 -319.025490 -0.078104 -0.007577 0.996916 -2.120279
0.739036 0.670541 0.064810 41.274548 -0.669009 0.741815 -0.046228 -319.697285 -0.079074 -0.009194 0.996826 -2.173264
0.740383 0.669549 0.059475 41.976053 -0.668171 0.742731 -0.043579 -320.297905 -0.073352 -0.007475 0.997278 -2.231084
0.741511 0.668520 0.056944 42.652038 -0.667724 0.743594 -0.034820 -320.898926 -0.065621 -0.012204 0.997770 -2.269337
0.741350 0.668856 0.055072 43.329210 -0.667899 0.743333 -0.036968 -321.505488 -0.065662 -0.009376 0.997798 -2.330253
0.740745 0.669312 0.057603 44.014019 -0.668292 0.742912 -0.038304 -322.127050 -0.068431 -0.010122 0.997604 -2.376942
0.738747 0.671273 0.060380 44.740624 -0.670022 0.741151 -0.042024 -322.767921 -0.072960 -0.009411 0.997290 -2.442081
0.736130 0.673960 0.062379 45.456146 -0.672674 0.738695 -0.042894 -323.417089 -0.074988 -0.010385 0.997130 -2.491007
0.732734 0.677631 0.062588 46.137471 -0.676417 0.735313 -0.042139 -324.033375 -0.074576 -0.011459 0.997149 -2.553250
0.728780 0.681963 0.061701 46.852807 -0.681125 0.731232 -0.037003 -324.696714 -0.070352 -0.015059 0.997409 -2.600633
0.723800 0.687296 0.061145 47.567460 -0.686852 0.726121 -0.031344 -325.347836 -0.065941 -0.019311 0.997637 -2.654165
0.718708 0.692698 0.060232 48.265224 -0.692372 0.720937 -0.029532 -326.016918 -0.063880 -0.020478 0.997747 -2.700399
0.712482 0.699179 0.059307 48.947330 -0.698760 0.714684 -0.031005 -326.668123 -0.064063 -0.019351 0.997758 -2.750748
0.707194 0.704293 0.062034 49.628717 -0.704037 0.709545 -0.029617 -327.348423 -0.064875 -0.022729 0.997634 -2.798385
0.701672 0.709700 0.063099 50.294435 -0.709235 0.704181 -0.033388 -328.047411 -0.068129 -0.021325 0.997449 -2.853011
0.695128 0.715451 0.070195 50.978609 -0.715004 0.698204 -0.035779 -328.733391 -0.074609 -0.025318 0.996891 -2.912307
0.687847 0.721863 0.076026 51.655686 -0.721510 0.691412 -0.037043 -329.413884 -0.079305 -0.029373 0.996418 -2.995576
0.681730 0.727506 0.077326 52.324746 -0.727475 0.685299 -0.033853 -330.116391 -0.077619 -0.033174 0.996431 -3.048819
0.675750 0.733360 0.074457 53.014128 -0.733711 0.678893 -0.027773 -330.818768 -0.070916 -0.035862 0.996837 -3.094545
0.670431 0.738628 0.070356 53.677510 -0.739066 0.673180 -0.024687 -331.542082 -0.065596 -0.035447 0.997216 -3.143720
0.664986 0.743649 0.069130 54.330524 -0.743971 0.667701 -0.026117 -332.249977 -0.065580 -0.034063 0.997266 -3.203537
0.660119 0.747945 0.069429 54.975515 -0.748143 0.662930 -0.028389 -332.998176 -0.067260 -0.033203 0.997183 -3.261729
0.654986 0.752321 0.070757 55.631604 -0.752490 0.657931 -0.029757 -333.746898 -0.068940 -0.033753 0.997050 -3.321901
0.650802 0.755859 0.071649 56.275311 -0.755987 0.653852 -0.031018 -334.486642 -0.070293 -0.033979 0.996948 -3.369661
0.646359 0.759432 0.074054 56.923283 -0.759653 0.649583 -0.031135 -335.218582 -0.071749 -0.036131 0.996768 -3.433411
0.642446 0.762542 0.076112 57.574791 -0.762851 0.645821 -0.031209 -335.984771 -0.072953 -0.038012 0.996611 -3.497376
0.638467 0.765750 0.077369 58.225999 -0.766149 0.641920 -0.030885 -336.757209 -0.073315 -0.039557 0.996524 -3.556398
0.634646 0.768821 0.078351 58.872774 -0.769336 0.638136 -0.030079 -337.514718 -0.073124 -0.041189 0.996472 -3.615192
0.630847 0.771791 0.079818 59.519461 -0.772517 0.634364 -0.028270 -338.288902 -0.072452 -0.043826 0.996409 -3.666094
0.627403 0.774359 0.082057 60.158141 -0.775386 0.630963 -0.025745 -339.082833 -0.071711 -0.047473 0.996295 -3.736182
0.624375 0.776905 0.081082 60.796732 -0.777787 0.627934 -0.027308 -339.861252 -0.072130 -0.046014 0.996333 -3.781619
0.621342 0.779332 0.081093 61.443697 -0.780152 0.624947 -0.028363 -340.638606 -0.072783 -0.045642 0.996303 -3.842438
0.618209 0.781774 0.081528 62.061067 -0.782590 0.621867 -0.028888 -341.406116 -0.073284 -0.045944 0.996252 -3.899932
0.615438 0.783628 0.084630 62.678222 -0.784643 0.619298 -0.028363 -342.187879 -0.074638 -0.048949 0.996009 -3.952887
0.612234 0.786014 0.085741 63.309363 -0.787024 0.616223 -0.029365 -342.997612 -0.075917 -0.049502 0.995885 -4.017293
0.609227 0.788388 0.085361 63.930122 -0.789448 0.613148 -0.028662 -343.796470 -0.074936 -0.049926 0.995938 -4.073140
0.606262 0.790587 0.086137 64.560685 -0.791906 0.610094 -0.025891 -344.603978 -0.073021 -0.052515 0.995947 -4.122830
0.603886 0.792523 0.085027 65.187160 -0.793754 0.607663 -0.026465 -345.397339 -0.072642 -0.051508 0.996027 -4.184329
0.602642 0.793539 0.084376 65.804415 -0.794272 0.606680 -0.032737 -346.213683 -0.077167 -0.047289 0.995896 -4.247661
0.601737 0.794213 0.084489 66.416498 -0.794200 0.606200 -0.042051 -347.026160 -0.084615 -0.041798 0.995537 -4.316958
0.600664 0.794896 0.085688 67.021394 -0.794436 0.605466 -0.047773 -347.837917 -0.089856 -0.039379 0.995176 -4.387645
0.600203 0.795421 0.084034 67.637364 -0.794921 0.604848 -0.047544 -348.645911 -0.088645 -0.038264 0.995328 -4.458975
0.600297 0.795850 0.079156 68.243891 -0.795518 0.604369 -0.043461 -349.435524 -0.082427 -0.036880 0.995914 -4.521495
0.599689 0.796690 0.075218 68.856671 -0.796681 0.603231 -0.037590 -350.240501 -0.075322 -0.037382 0.996458 -4.587247
0.598840 0.797715 0.070996 69.463403 -0.797607 0.602046 -0.036926 -351.055113 -0.072199 -0.034514 0.996793 -4.648513
0.597618 0.798791 0.069178 70.083650 -0.798379 0.600803 -0.040327 -351.884413 -0.073775 -0.031131 0.996789 -4.713084
0.596732 0.799547 0.068086 70.669262 -0.798643 0.600011 -0.046426 -352.681050 -0.077972 -0.026672 0.996599 -4.770935
0.596017 0.800044 0.068504 71.269702 -0.798773 0.599452 -0.051171 -353.478761 -0.082004 -0.024221 0.996338 -4.833259
0.595370 0.800615 0.067452 71.878086 -0.798956 0.598818 -0.055560 -354.293338 -0.084873 -0.020812 0.996174 -4.902124
0.594993 0.801048 0.065616 72.496522 -0.799183 0.598324 -0.057580 -355.128717 -0.085384 -0.018180 0.996182 -4.972722
0.595210 0.801029 0.063864 73.108585 -0.799237 0.598370 -0.056336 -355.934158 -0.083340 -0.017511 0.996367 -5.036146
0.595284 0.800945 0.064219 73.715904 -0.799412 0.598416 -0.053277 -356.742594 -0.081102 -0.019622 0.996513 -5.103706
0.595479 0.800796 0.064272 74.319638 -0.799249 0.598618 -0.053450 -357.554578 -0.081277 -0.019541 0.996500 -5.168751
0.595382 0.801056 0.061879 74.900737 -0.799000 0.598420 -0.059105 -358.352191 -0.084376 -0.014251 0.996332 -5.239830
0.595035 0.801566 0.058533 75.506255 -0.799115 0.597837 -0.063294 -359.169566 -0.085728 -0.009112 0.996277 -5.310252
0.594242 0.801991 0.060717 76.127070 -0.799909 0.597186 -0.059283 -359.995589 -0.083804 -0.013340 0.996393 -5.383709
0.593937 0.802336 0.059129 76.735770 -0.800296 0.596741 -0.058539 -360.804950 -0.082253 -0.012552 0.996532 -5.447199
0.593627 0.802678 0.057582 77.337361 -0.800479 0.596324 -0.060253 -361.611034 -0.082702 -0.010325 0.996521 -5.516764
0.593653 0.802909 0.053971 77.934597 -0.800289 0.596083 -0.064979 -362.406405 -0.084344 -0.004618 0.996426 -5.582306
0.593761 0.802816 0.054176 78.536766 -0.800004 0.596217 -0.067219 -363.213432 -0.086265 -0.003429 0.996266 -5.648645
0.593958 0.802817 0.051952 79.129074 -0.799716 0.596226 -0.070488 -364.031067 -0.087564 0.000320 0.996159 -5.715050
0.594343 0.802679 0.049625 79.733367 -0.799274 0.596396 -0.073981 -364.843678 -0.088979 0.004306 0.996024 -5.788057
0.595149 0.802400 0.044174 80.321705 -0.798553 0.596666 -0.079391 -365.657333 -0.090061 0.011974 0.995864 -5.867875
0.595833 0.802070 0.040823 80.901455 -0.797888 0.596981 -0.083598 -366.440689 -0.091422 0.017238 0.995663 -5.925414
0.597170 0.801168 0.038966 81.486022 -0.796680 0.598069 -0.087264 -367.232966 -0.093217 0.021068 0.995423 -6.006762
0.597895 0.800618 0.039154 82.080943 -0.795960 0.598769 -0.089014 -368.019913 -0.094710 0.022056 0.995261 -6.080656
0.599341 0.799683 0.036020 82.671915 -0.794678 0.599798 -0.093426 -368.814701 -0.096316 0.027370 0.994974 -6.165894
0.600546 0.798786 0.035855 83.269223 -0.793686 0.600952 -0.094443 -369.593500 -0.096986 0.028260 0.994884 -6.235780
0.601779 0.797816 0.036773 83.860131 -0.792706 0.602270 -0.094278 -370.384353 -0.097364 0.027584 0.994866 -6.316647
0.603121 0.796723 0.038449 84.448931 -0.791545 0.603762 -0.094491 -371.163790 -0.098497 0.026556 0.994783 -6.397265
0.604156 0.795966 0.037871 85.002328 -0.790490 0.604645 -0.097621 -371.874601 -0.100601 0.029041 0.994503 -6.461370
0.604684 0.795287 0.043309 85.585970 -0.789475 0.605678 -0.099410 -372.626172 -0.105291 0.025920 0.994104 -6.539633
0.604608 0.795176 0.046306 86.136860 -0.788667 0.605777 -0.105066 -373.344724 -0.111598 0.027004 0.993387 -6.614555
0.604334 0.794946 0.053302 86.684953 -0.788071 0.606263 -0.106719 -374.043571 -0.117151 0.022488 0.992859 -6.697099
0.603018 0.795234 0.063020 87.226468 -0.788591 0.606171 -0.103354 -374.714225 -0.120392 0.012627 0.992646 -6.770726
0.602231 0.795334 0.069003 87.757144 -0.788924 0.606138 -0.100974 -375.378886 -0.122133 0.006371 0.992493 -6.860394
0.601150 0.795720 0.073819 88.281383 -0.789664 0.605665 -0.097982 -376.049317 -0.122676 0.000609 0.992447 -6.944662
0.600225 0.796068 0.077500 88.770798 -0.790484 0.605189 -0.094237 -376.673384 -0.121921 -0.004700 0.992529 -7.023059
0.599922 0.796185 0.078639 89.254973 -0.790929 0.605011 -0.091615 -377.298297 -0.120520 -0.007236 0.992685 -7.103429
0.599241 0.796696 0.078647 89.744719 -0.791702 0.604318 -0.089484 -377.927380 -0.118819 -0.008642 0.992878 -7.180052
0.598933 0.797214 0.075686 90.199333 -0.791980 0.603674 -0.091352 -378.530798 -0.118517 -0.005228 0.992938 -7.254302
0.598140 0.797499 0.078888 90.682736 -0.792592 0.603247 -0.088835 -379.153053 -0.118435 -0.009390 0.992917 -7.339391
0.596733 0.798545 0.078965 91.137270 -0.793660 0.601857 -0.088725 -379.758090 -0.118377 -0.009726 0.992921 -7.411537
0.593307 0.801017 0.079743 91.613978 -0.796175 0.598542 -0.088617 -380.379935 -0.118713 -0.010912 0.992869 -7.487208
0.588809 0.804243 0.080600 92.047442 -0.799351 0.594183 -0.089357 -380.959772 -0.119755 -0.011813 0.992733 -7.558949
0.582783 0.808322 0.083546 92.466101 -0.803549 0.588544 -0.089028 -381.527649 -0.121134 -0.015250 0.992519 -7.629686
0.577328 0.812328 0.082554 92.879106 -0.807678 0.582988 -0.088212 -382.097415 -0.119784 -0.015750 0.992675 -7.699853
0.570914 0.816607 0.084914 93.301997 -0.812862 0.576751 -0.081324 -382.671779 -0.115384 -0.022595 0.993064 -7.765470
0.564406 0.821015 0.085908 93.711014 -0.818098 0.570212 -0.074654 -383.249473 -0.110278 -0.028146 0.993502 -7.837821
0.556126 0.826770 0.084703 94.107206 -0.824142 0.561759 -0.072230 -383.807020 -0.107300 -0.029639 0.993785 -7.898411
0.546126 0.832806 0.090445 94.510646 -0.830554 0.552375 -0.071150 -384.421500 -0.109214 -0.036263 0.993357 -7.972693
0.536495 0.838882 0.091921 94.881287 -0.836193 0.543121 -0.076162 -385.005211 -0.113815 -0.036003 0.992849 -8.050340
0.525816 0.845310 0.094707 95.283762 -0.842185 0.532999 -0.081465 -385.622524 -0.119342 -0.036925 0.992166 -8.115340
0.516441 0.850962 0.095672 95.649191 -0.847350 0.523961 -0.086384 -386.243497 -0.123638 -0.036455 0.991658 -8.188171
0.506608 0.856996 0.094374 96.020111 -0.853031 0.514123 -0.089528 -386.853655 -0.125245 -0.035148 0.991503 -8.263930
0.497438 0.862660 0.091502 96.389434 -0.858619 0.504653 -0.089989 -387.507986 -0.123807 -0.033801 0.991731 -8.346956
0.490128 0.867399 0.085984 96.753050 -0.863371 0.496669 -0.088947 -388.142885 -0.119858 -0.030640 0.992318 -8.415681
0.484265 0.871390 0.078527 97.091387 -0.867231 0.489945 -0.088679 -388.783334 -0.115748 -0.025157 0.992960 -8.482137
0.478982 0.874791 0.072912 97.440064 -0.870400 0.484070 -0.089889 -389.425278 -0.113928 -0.020407 0.993279 -8.555271
0.473158 0.878050 0.071763 97.799686 -0.872810 0.478279 -0.097216 -390.119679 -0.119683 -0.016637 0.992673 -8.633040
0.468277 0.880525 0.073431 98.160878 -0.873689 0.473834 -0.110222 -390.785379 -0.131847 -0.012542 0.991191 -8.723350
0.463206 0.882301 0.083572 98.518156 -0.873766 0.470419 -0.123451 -391.454258 -0.148235 -0.015839 0.988825 -8.817298
0.457706 0.884795 0.087419 98.871200 -0.874654 0.465740 -0.134411 -392.148993 -0.159641 -0.014941 0.987062 -8.946357
0.452073 0.887435 0.089936 99.235339 -0.876623 0.460655 -0.139030 -392.854032 -0.164810 -0.015988 0.986196 -9.033036
0.446409 0.890130 0.091584 99.604677 -0.879516 0.455319 -0.138331 -393.549458 -0.164833 -0.018797 0.986142 -9.137922
0.440788 0.892724 0.093541 99.948325 -0.882393 0.450064 -0.137206 -394.240586 -0.164586 -0.022061 0.986116 -9.250321
0.435921 0.895463 0.090102 100.276003 -0.884175 0.444795 -0.142799 -394.888075 -0.167948 -0.017416 0.985642 -9.368136
0.429701 0.898898 0.085668 100.625216 -0.886364 0.438008 -0.150028 -395.621663 -0.172383 -0.011466 0.984963 -9.496990
0.423769 0.901792 0.084798 100.967115 -0.888371 0.432065 -0.155293 -396.368154 -0.176680 -0.009523 0.984222 -9.623956
0.418304 0.904645 0.081484 101.304822 -0.890696 0.426119 -0.158373 -397.102575 -0.177994 -0.006330 0.984011 -9.751139
0.413324 0.906911 0.081699 101.626157 -0.893153 0.421248 -0.157567 -397.803118 -0.177315 -0.007844 0.984123 -9.873195
0.407787 0.909473 0.081052 101.944909 -0.895779 0.415679 -0.157452 -398.499855 -0.176890 -0.008398 0.984195 -9.996273
0.401151 0.912559 0.079459 102.265810 -0.898790 0.408867 -0.158126 -399.210529 -0.176787 -0.007985 0.984217 -10.118911
0.393117 0.915955 0.080530 102.579479 -0.902227 0.401145 -0.158332 -399.933284 -0.177329 -0.010414 0.984097 -10.244434
0.383843 0.920001 0.079136 102.882687 -0.906231 0.391769 -0.158943 -400.638318 -0.177231 -0.010706 0.984111 -10.365655
0.374237 0.923951 0.079128 103.153422 -0.910222 0.382308 -0.159175 -401.319277 -0.177321 -0.012455 0.984074 -10.485580
0.364362 0.928108 0.076519 103.427874 -0.914099 0.372140 -0.161042 -402.018129 -0.177940 -0.011268 0.983977 -10.595262
0.353844 0.932335 0.074464 103.707458 -0.918058 0.361435 -0.162895 -402.723433 -0.178787 -0.010723 0.983829 -10.724240
0.344329 0.936208 0.070380 103.951425 -0.921954 0.351338 -0.162978 -403.388852 -0.177308 -0.008769 0.984116 -10.823149
0.334538 0.940156 0.064736 104.189745 -0.926534 0.340680 -0.159600 -404.056545 -0.172103 -0.006588 0.985057 -10.930289
0.323003 0.943931 0.068285 104.412826 -0.932045 0.329794 -0.150094 -404.695369 -0.164198 -0.015164 0.986311 -11.024163
0.309255 0.948107 0.073846 104.653337 -0.938103 0.316882 -0.139819 -405.374483 -0.155964 -0.026036 0.987420 -11.149505
0.293373 0.953191 0.073209 104.872552 -0.944174 0.300901 -0.134144 -406.050272 -0.149893 -0.029768 0.988254 -11.248140
0.275230 0.958839 0.069826 105.057154 -0.950201 0.282355 -0.131886 -406.732924 -0.146173 -0.030049 0.988803 -11.338750
0.255556 0.964693 0.063701 105.234726 -0.956430 0.261888 -0.129058 -407.401583 -0.141184 -0.027944 0.989589 -11.432826
0.235395 0.970197 0.057505 105.393640 -0.962685 0.240883 -0.123340 -408.093367 -0.133516 -0.026326 0.990697 -11.530476
0.215575 0.975159 0.050922 105.537066 -0.968216 0.220231 -0.118560 -408.791417 -0.126829 -0.023745 0.991640 -11.604649
0.195701 0.979780 0.041612 105.678545 -0.973072 0.199281 -0.115838 -409.495150 -0.121788 -0.017822 0.992396 -11.677092
0.176866 0.983537 0.037065 105.801177 -0.976790 0.180027 -0.116064 -410.227833 -0.120826 -0.015677 0.992550 -11.756258
0.158795 0.986667 0.035678 105.921614 -0.979422 0.161982 -0.120394 -410.968298 -0.124568 -0.015826 0.992085 -11.842876
0.142834 0.989074 0.036482 106.031810 -0.980877 0.146381 -0.128265 -411.731221 -0.132204 -0.017464 0.991069 -11.937032
0.130213 0.990977 0.031771 106.115980 -0.981471 0.133374 -0.137570 -412.468482 -0.140566 -0.013269 0.989982 -12.022273
0.119103 0.992329 0.033139 106.204561 -0.981990 0.122661 -0.143699 -413.233778 -0.146661 -0.015428 0.989066 -12.114238
0.110546 0.993221 0.035932 106.302306 -0.982640 0.114645 -0.145860 -413.996696 -0.148991 -0.019184 0.988652 -12.210713
0.102027 0.993982 0.039885 106.394215 -0.983115 0.106872 -0.148538 -414.771047 -0.151906 -0.024057 0.988102 -12.307569
0.093850 0.994765 0.040439 106.492842 -0.983273 0.098982 -0.152896 -415.569115 -0.156098 -0.025413 0.987415 -12.421939
0.086653 0.995191 0.045665 106.556554 -0.983798 0.092702 -0.153455 -416.307471 -0.156951 -0.031627 0.987100 -12.543066
0.080549 0.995206 0.055462 106.624197 -0.985914 0.087732 -0.142398 -417.016260 -0.146581 -0.043211 0.988254 -12.638564
0.075160 0.995322 0.060702 106.714799 -0.988837 0.082248 -0.124244 -417.840974 -0.128656 -0.050686 0.990393 -12.718840
0.069525 0.995591 0.062970 106.803856 -0.991004 0.076165 -0.110047 -418.719042 -0.114358 -0.054753 0.991930 -12.799706
0.066078 0.995492 0.068037 106.874957 -0.991496 0.073168 -0.107619 -419.505827 -0.112112 -0.060347 0.991861 -12.902910
0.064286 0.995060 0.075655 106.928587 -0.990538 0.072837 -0.116318 -420.235078 -0.121254 -0.067461 0.990327 -13.004858
0.065762 0.994794 0.077850 106.966909 -0.990050 0.074777 -0.119205 -420.884635 -0.124406 -0.069236 0.989813 -13.104563
0.070336 0.994153 0.081933 107.041720 -0.991084 0.078963 -0.107320 -421.634143 -0.113163 -0.073654 0.990843 -13.155443
0.074212 0.993848 0.082213 107.113299 -0.993182 0.081090 -0.083752 -422.408851 -0.089903 -0.075437 0.993089 -13.193245
0.080783 0.993090 0.085124 107.186876 -0.994110 0.086467 -0.065339 -423.178517 -0.072248 -0.079345 0.994226 -13.253259
0.086374 0.992472 0.086827 107.283243 -0.993719 0.092050 -0.063635 -423.984109 -0.071149 -0.080785 0.994189 -13.319514
0.086946 0.991972 0.091824 107.328040 -0.992825 0.093877 -0.074068 -424.713437 -0.082093 -0.084726 0.993017 -13.398972
0.089269 0.991630 0.093284 107.398689 -0.991997 0.096915 -0.080926 -425.440244 -0.089290 -0.085313 0.992345 -13.448715
0.092166 0.991791 0.088638 107.462064 -0.991912 0.099249 -0.079125 -426.145291 -0.087272 -0.080628 0.992916 -13.477942
0.095727 0.991684 0.086013 107.524919 -0.992279 0.101915 -0.070674 -426.856386 -0.078853 -0.078583 0.993784 -13.500113
0.098515 0.991821 0.081155 107.598287 -0.992521 0.103836 -0.064186 -427.561566 -0.072088 -0.074225 0.994633 -13.551022
0.100989 0.991900 0.077047 107.662197 -0.992475 0.105831 -0.061591 -428.249906 -0.069246 -0.070247 0.995123 -13.602535
0.101866 0.992087 0.073392 107.716862 -0.992633 0.106233 -0.058266 -428.918899 -0.065601 -0.066916 0.995600 -13.629628
0.101850 0.992063 0.073742 107.791175 -0.993001 0.105843 -0.052411 -429.597232 -0.059800 -0.067887 0.995899 -13.657761
0.100974 0.992021 0.075490 107.873202 -0.993352 0.104744 -0.047760 -430.267874 -0.055286 -0.070166 0.996002 -13.686559
0.099003 0.991873 0.079919 107.952820 -0.993747 0.102717 -0.043763 -430.914727 -0.051617 -0.075086 0.995840 -13.718013
0.092128 0.992123 0.084882 108.019252 -0.994539 0.095880 -0.041230 -431.580047 -0.049043 -0.080620 0.995538 -13.742643
0.079694 0.992885 0.088474 108.088827 -0.995727 0.083447 -0.039558 -432.225189 -0.046660 -0.084943 0.995293 -13.766650
0.063787 0.993764 0.091459 108.147991 -0.996978 0.067528 -0.038409 -432.871900 -0.044346 -0.088732 0.995068 -13.779539
0.046299 0.994904 0.089565 108.177664 -0.998044 0.049843 -0.037747 -433.541954 -0.042019 -0.087642 0.995265 -13.797583
0.028010 0.996020 0.084612 108.196470 -0.998757 0.031377 -0.038731 -434.143445 -0.041232 -0.083422 0.995661 -13.816081
0.010344 0.996633 0.081340 108.205791 -0.999157 0.013533 -0.038754 -434.727816 -0.039725 -0.080870 0.995933 -13.824497
-0.007126 0.996883 0.078570 108.194102 -0.999258 -0.004125 -0.038285 -435.314010 -0.037841 -0.078784 0.996173 -13.831833
-0.025045 0.996662 0.077703 108.182521 -0.999023 -0.022122 -0.038259 -435.894233 -0.036412 -0.078585 0.996242 -13.843719
-0.043167 0.995883 0.079713 108.157323 -0.998400 -0.040083 -0.039892 -436.425755 -0.036532 -0.081307 0.996019 -13.849404
-0.062075 0.994728 0.081631 108.129369 -0.997393 -0.058809 -0.041819 -436.922370 -0.036798 -0.084014 0.995785 -13.864292
-0.080544 0.993507 0.080358 108.062527 -0.996142 -0.077414 -0.041329 -437.418124 -0.034840 -0.083376 0.995909 -13.871230
-0.097475 0.992283 0.076634 108.010063 -0.994819 -0.094911 -0.036426 -437.884861 -0.028871 -0.079788 0.996394 -13.877693
-0.113182 0.991081 0.070346 107.954281 -0.993388 -0.111506 -0.027330 -438.319834 -0.019242 -0.072974 0.997148 -13.862201
-0.127479 0.989661 0.065728 107.891577 -0.991804 -0.126619 -0.017109 -438.717907 -0.008610 -0.067370 0.997691 -13.852988
-0.139953 0.987986 0.065558 107.824972 -0.990158 -0.139677 -0.008789 -439.107590 0.000474 -0.066143 0.997810 -13.847222
-0.150608 0.986166 0.069242 107.780648 -0.988563 -0.150781 -0.002757 -439.473645 0.007721 -0.068866 0.997596 -13.857571
-0.160073 0.984690 0.069014 107.726785 -0.987029 -0.160540 0.001234 -439.824054 0.012295 -0.067922 0.997615 -13.853284
-0.168164 0.983595 0.065277 107.656366 -0.985659 -0.168721 0.003074 -440.161456 0.014037 -0.063824 0.997862 -13.844161
-0.174565 0.982984 0.057180 107.583623 -0.984549 -0.175065 0.003826 -440.463646 0.013771 -0.055629 0.998357 -13.835638
-0.180345 0.982360 0.049438 107.509325 -0.983531 -0.180712 0.003022 -440.749634 0.011903 -0.048079 0.998773 -13.807340
-0.185660 0.981314 0.050522 107.456668 -0.982561 -0.185937 0.000803 -441.030015 0.010182 -0.049492 0.998723 -13.808257
-0.190190 0.980164 0.055732 107.402715 -0.981708 -0.190386 -0.001818 -441.294622 0.008829 -0.055058 0.998444 -13.796962
-0.194109 0.979019 0.061999 107.373455 -0.980952 -0.194192 -0.004745 -441.539430 0.007395 -0.061739 0.998065 -13.801142
-0.197014 0.978287 0.064349 107.334699 -0.980381 -0.197005 -0.006551 -441.761532 0.006269 -0.064377 0.997906 -13.800130
-0.199656 0.977865 0.062582 107.291326 -0.979840 -0.199706 -0.005516 -441.956961 0.007104 -0.062422 0.998025 -13.790448
-0.201360 0.977765 0.058559 107.241663 -0.979479 -0.201523 -0.003174 -442.129320 0.008698 -0.057996 0.998279 -13.774986
-0.202120 0.977827 0.054791 107.206328 -0.979308 -0.202371 -0.000985 -442.276227 0.010125 -0.053857 0.998497 -13.768879
-0.201563 0.978000 0.053735 107.170762 -0.979397 -0.201936 0.001554 -442.432591 0.012371 -0.052314 0.998554 -13.758083
-0.199852 0.978267 0.055257 107.147552 -0.979720 -0.200344 0.003444 -442.581654 0.014440 -0.053448 0.998466 -13.753358
-0.197106 0.979004 0.051963 107.114426 -0.980290 -0.197537 0.003243 -442.734354 0.013440 -0.050300 0.998644 -13.755881
-0.193459 0.980108 0.044293 107.069014 -0.981058 -0.193708 0.001349 -442.882910 0.009902 -0.043193 0.999018 -13.747245
-0.188247 0.981372 0.038366 107.029923 -0.982094 -0.188389 0.000088 -443.022899 0.007314 -0.037663 0.999264 -13.749756
-0.184001 0.982279 0.035661 107.003515 -0.982893 -0.184169 0.001454 -443.171070 0.007996 -0.034783 0.999363 -13.735794
-0.180095 0.982893 0.038552 106.990963 -0.983601 -0.180335 0.002806 -443.317403 0.009710 -0.037414 0.999253 -13.735598
-0.175114 0.983643 0.042200 106.977797 -0.984484 -0.175431 0.003903 -443.466124 0.011242 -0.040862 0.999102 -13.736749
-0.169989 0.984430 0.044730 106.958340 -0.985362 -0.170391 0.005305 -443.612610 0.012844 -0.043173 0.998985 -13.734197
-0.163926 0.985447 0.044965 106.937587 -0.986383 -0.164355 0.005973 -443.769999 0.013276 -0.043373 0.998971 -13.728917
-0.157594 0.986466 0.045262 106.919065 -0.987420 -0.158013 0.005811 -443.942595 0.012884 -0.043777 0.998958 -13.725265
-0.150856 0.987257 0.050650 106.904492 -0.988493 -0.151223 0.003475 -444.139925 0.011090 -0.049543 0.998710 -13.722906
-0.142082 0.988127 0.058466 106.892715 -0.989818 -0.142341 0.000271 -444.355918 0.008590 -0.057832 0.998289 -13.732737
-0.133273 0.989068 0.063108 106.879674 -0.991059 -0.133406 -0.002113 -444.587981 0.006329 -0.062825 0.998004 -13.740775
-0.124355 0.990399 0.060384 106.851502 -0.992230 -0.124372 -0.003478 -444.821562 0.004065 -0.060347 0.998169 -13.729888
-0.113039 0.992149 0.053496 106.818003 -0.993589 -0.112971 -0.004304 -445.064004 0.001773 -0.053640 0.998559 -13.717119
-0.101591 0.993616 0.049061 106.796644 -0.994826 -0.101450 -0.005365 -445.308980 -0.000353 -0.049353 0.998781 -13.693645
-0.086545 0.995253 0.044509 106.771329 -0.996247 -0.086407 -0.005023 -445.583655 -0.001153 -0.044777 0.998996 -13.711407
-0.069888 0.996669 0.042038 106.750335 -0.997554 -0.069763 -0.004429 -445.848577 -0.001482 -0.042244 0.999106 -13.688819
-0.052284 0.997821 0.040257 106.738328 -0.998627 -0.052105 -0.005492 -446.120313 -0.003382 -0.040488 0.999174 -13.699847
-0.031501 0.998713 0.039760 106.737228 -0.999493 -0.031296 -0.005777 -446.409809 -0.004526 -0.039922 0.999193 -13.690267
-0.009430 0.999177 0.039452 106.760627 -0.999944 -0.009231 -0.005224 -446.698777 -0.004855 -0.039499 0.999208 -13.691043
0.012080 0.999079 0.041163 106.806346 -0.999921 0.012211 -0.002944 -447.005204 -0.003443 -0.041124 0.999148 -13.683252
0.035180 0.998280 0.046890 106.826770 -0.999381 0.035180 0.000823 -447.319961 -0.000828 -0.046890 0.998900 -13.699275
0.058693 0.996937 0.051684 106.865505 -0.998275 0.058525 0.004766 -447.656489 0.001727 -0.051875 0.998652 -13.695266
0.084571 0.994990 0.053308 106.810590 -0.996417 0.084419 0.005096 -447.940676 0.000571 -0.053548 0.998565 -13.705004
0.110082 0.992664 0.049994 106.862209 -0.993921 0.110026 0.003876 -448.295959 -0.001653 -0.050117 0.998742 -13.687711
0.134897 0.989738 0.047134 106.940776 -0.990853 0.134916 0.002781 -448.655212 -0.003607 -0.047078 0.998885 -13.684459
0.160428 0.985934 0.046881 107.045777 -0.987036 0.160476 0.002776 -449.051699 -0.004787 -0.046718 0.998897 -13.686829
0.186270 0.981349 0.047519 107.152231 -0.982481 0.186342 0.002946 -449.445935 -0.005964 -0.047235 0.998866 -13.687010
0.211719 0.976155 0.047911 107.261795 -0.977306 0.211809 0.003250 -449.828682 -0.006976 -0.047512 0.998846 -13.697116
0.236868 0.970383 0.047443 107.386685 -0.971516 0.236937 0.004252 -450.263805 -0.007115 -0.047099 0.998865 -13.692428
0.260662 0.964332 0.046029 107.502360 -0.965397 0.260753 0.004126 -450.676640 -0.008023 -0.045512 0.998932 -13.695325
0.281968 0.958402 0.044268 107.644558 -0.959378 0.282104 0.003267 -451.125727 -0.009357 -0.043391 0.999014 -13.696947
0.302112 0.952274 0.043607 107.806123 -0.953217 0.302272 0.003052 -451.592245 -0.010275 -0.042489 0.999044 -13.701179
0.320411 0.946315 0.042720 107.967876 -0.947215 0.320587 0.002863 -452.049289 -0.010987 -0.041383 0.999083 -13.702056
0.338247 0.940098 0.042475 108.152286 -0.940993 0.338406 0.003606 -452.560832 -0.010984 -0.041188 0.999091 -13.710395
0.355438 0.933826 0.040412 108.353911 -0.934631 0.355603 0.003287 -453.065589 -0.011302 -0.038939 0.999178 -13.710028
0.372300 0.927394 0.036497 108.546845 -0.928033 0.372495 0.001570 -453.561035 -0.012139 -0.034455 0.999333 -13.714278
0.390138 0.920191 0.032264 108.773309 -0.920676 0.390328 0.000428 -454.094543 -0.012200 -0.029872 0.999479 -13.718694
0.407366 0.912793 0.029361 109.016949 -0.913183 0.407550 -0.000283 -454.636009 -0.012224 -0.026697 0.999569 -13.716081
0.423374 0.905531 0.027735 109.272686 -0.905874 0.423547 -0.000402 -455.157345 -0.012111 -0.024954 0.999615 -13.722829
0.438226 0.898432 0.027885 109.560123 -0.898795 0.438367 0.001153 -455.728358 -0.011188 -0.025568 0.999610 -13.730027
0.451223 0.891929 0.029335 109.850065 -0.892341 0.451355 0.002339 -456.286302 -0.011154 -0.027233 0.999567 -13.731023
0.462798 0.885963 0.029796 110.163361 -0.886371 0.462975 0.001071 -456.869667 -0.012846 -0.026906 0.999555 -13.742334
0.472770 0.880633 0.031221 110.485771 -0.881060 0.473004 -0.000151 -457.455427 -0.014901 -0.027436 0.999512 -13.745313
0.480286 0.876495 0.032882 110.822257 -0.876935 0.480604 -0.002057 -458.057816 -0.017607 -0.027848 0.999457 -13.756172
0.486826 0.872839 0.033946 111.178800 -0.873272 0.487218 -0.003857 -458.675245 -0.019905 -0.027767 0.999416 -13.763054
0.491969 0.869897 0.035292 111.540223 -0.870372 0.492382 -0.003570 -459.301483 -0.020483 -0.028960 0.999371 -13.769426
0.495291 0.867951 0.036719 111.913804 -0.868470 0.495731 -0.003392 -459.952874 -0.021147 -0.030209 0.999320 -13.781138
0.498464 0.866098 0.037508 112.296526 -0.866641 0.498920 -0.003318 -460.593300 -0.021587 -0.030852 0.999291 -13.794764
0.500962 0.864620 0.038342 112.682095 -0.865215 0.501397 -0.002028 -461.266396 -0.020978 -0.032158 0.999263 -13.804262
0.503812 0.863048 0.036357 113.087451 -0.863571 0.504221 -0.002455 -461.940948 -0.020450 -0.030160 0.999336 -13.818432
0.506615 0.861483 0.034474 113.484793 -0.861957 0.506977 -0.002093 -462.625651 -0.019281 -0.028655 0.999403 -13.828760
0.508795 0.860228 0.033686 113.893984 -0.860703 0.509107 -0.000816 -463.329666 -0.017852 -0.028578 0.999432 -13.837097
0.511619 0.858602 0.032394 114.306613 -0.859053 0.511887 0.000030 -464.029121 -0.016557 -0.027844 0.999475 -13.847707
0.513864 0.857303 0.031230 114.740240 -0.857743 0.514078 0.001386 -464.759711 -0.014867 -0.027500 0.999511 -13.851962
0.515824 0.856234 0.028074 115.194592 -0.856580 0.516014 0.000550 -465.473807 -0.014016 -0.024331 0.999606 -13.863398
0.517638 0.855235 0.024974 115.630909 -0.855492 0.517815 -0.000726 -466.195956 -0.013553 -0.020990 0.999688 -13.863253
0.519155 0.854366 0.023168 116.088864 -0.854584 0.519313 -0.000945 -466.948440 -0.012839 -0.019308 0.999731 -13.873395
0.520968 0.853263 0.023114 116.536862 -0.853510 0.521074 0.001651 -467.687219 -0.010636 -0.020588 0.999731 -13.877924
0.521897 0.852752 0.020946 116.996559 -0.852977 0.521932 0.004188 -468.445498 -0.007361 -0.020052 0.999772 -13.878363
0.522051 0.852673 0.020292 117.473188 -0.852901 0.522030 0.006725 -469.233712 -0.004859 -0.020818 0.999771 -13.873855
0.522749 0.852180 0.022862 117.955701 -0.852466 0.522735 0.007063 -470.009259 -0.005932 -0.023182 0.999714 -13.882577
0.522737 0.852154 0.024085 118.452932 -0.852447 0.522797 0.004252 -470.799505 -0.008968 -0.022754 0.999701 -13.878127
0.523088 0.851926 0.024505 118.968171 -0.852205 0.523205 0.001889 -471.623422 -0.011212 -0.021871 0.999698 -13.885850
0.523708 0.851596 0.022693 119.449978 -0.851829 0.523819 0.001210 -472.400546 -0.010856 -0.019964 0.999742 -13.883854
0.524288 0.851289 0.020692 119.958489 -0.851485 0.524378 0.001282 -473.210219 -0.009759 -0.018291 0.999785 -13.889529
0.524875 0.850991 0.017903 120.466995 -0.851129 0.524957 0.000176 -474.042498 -0.009249 -0.015330 0.999840 -13.887898
0.525533 0.850601 0.017148 120.983559 -0.850720 0.525618 -0.000568 -474.888887 -0.009496 -0.014290 0.999853 -13.893098
0.526330 0.850127 0.016149 121.509697 -0.850226 0.526416 -0.001300 -475.737731 -0.009606 -0.013046 0.999869 -13.894871
0.527213 0.849603 0.014871 122.037931 -0.849677 0.527299 -0.002345 -476.594148 -0.009834 -0.011399 0.999887 -13.896374
0.527768 0.849249 0.015380 122.588387 -0.849339 0.527846 -0.001230 -477.474788 -0.009163 -0.012413 0.999881 -13.897505
0.528586 0.848727 0.016085 123.141347 -0.848840 0.528649 0.000373 -478.338745 -0.008186 -0.013851 0.999871 -13.900094
0.529144 0.848351 0.017536 123.700848 -0.848490 0.529211 0.000969 -479.203793 -0.008458 -0.015392 0.999846 -13.905011
0.528958 0.848468 0.017477 124.264085 -0.848589 0.529053 -0.000947 -480.113190 -0.010050 -0.014330 0.999847 -13.894977
0.528091 0.848932 0.020819 124.833770 -0.849121 0.528198 0.000455 -481.003945 -0.010610 -0.017918 0.999783 -13.908927
0.526151 0.850086 0.022779 125.399482 -0.850343 0.526217 0.003487 -481.900734 -0.009023 -0.021205 0.999734 -13.912522
0.522157 0.852507 0.024163 125.977591 -0.852826 0.522143 0.007381 -482.802493 -0.006324 -0.024461 0.999681 -13.908188
0.516118 0.856096 0.026885 126.554342 -0.856506 0.516017 0.011110 -483.725669 -0.004362 -0.028762 0.999577 -13.908469
0.507268 0.861219 0.031334 127.123196 -0.861786 0.507018 0.016064 -484.654449 -0.002053 -0.035152 0.999380 -13.904570
0.495892 0.867668 0.035262 127.671502 -0.868384 0.495494 0.019864 -485.563866 -0.000236 -0.040471 0.999181 -13.892508
0.482498 0.875032 0.038920 128.205698 -0.875897 0.482007 0.021747 -486.518826 0.000270 -0.044583 0.999006 -13.878817
0.467529 0.882980 0.041986 128.743818 -0.883976 0.467086 0.020412 -487.523573 -0.001588 -0.046658 0.998910 -13.863512
0.452205 0.890744 0.045664 129.267565 -0.891902 0.451875 0.017906 -488.482593 -0.004685 -0.048825 0.998796 -13.859480
0.435925 0.898692 0.048192 129.752219 -0.899970 0.435581 0.017975 -489.451624 -0.004837 -0.051207 0.998676 -13.855024
0.418791 0.906813 0.047999 130.236658 -0.908081 0.418305 0.020247 -490.481021 -0.001718 -0.052066 0.998642 -13.839554
0.401193 0.914667 0.049283 130.693116 -0.915990 0.400471 0.024180 -491.458728 0.002380 -0.054843 0.998492 -13.832063
0.382023 0.922794 0.050090 131.122750 -0.924144 0.381217 0.025144 -492.480798 0.004108 -0.055896 0.998428 -13.809029
0.361821 0.930804 0.051868 131.542752 -0.932242 0.361072 0.023470 -493.491492 0.003118 -0.056845 0.998378 -13.805326
0.339527 0.939211 0.051023 131.946836 -0.940591 0.338848 0.021681 -494.541228 0.003074 -0.055354 0.998462 -13.791189
0.316007 0.947372 0.051242 132.310379 -0.948731 0.315136 0.024479 -495.606011 0.007043 -0.056351 0.998386 -13.759653
0.291257 0.955114 0.054097 132.652120 -0.956542 0.289932 0.031082 -496.629461 0.014002 -0.060799 0.998052 -13.755811
0.265396 0.962638 0.053784 132.972560 -0.963948 0.263818 0.034704 -497.710051 0.019218 -0.061055 0.997949 -13.697531
0.237446 0.969515 0.060501 133.264216 -0.971067 0.235272 0.040936 -498.751211 0.025454 -0.068470 0.997328 -13.693061
0.207167 0.976589 0.057931 133.500447 -0.977858 0.204917 0.042467 -499.837677 0.029602 -0.065446 0.997417 -13.626599
0.177364 0.982124 0.063045 133.712912 -0.983561 0.174688 0.045726 -500.952540 0.033895 -0.070119 0.996963 -13.596568
0.148450 0.987032 0.061070 133.914318 -0.988161 0.145634 0.048257 -502.038460 0.038738 -0.067510 0.996966 -13.541791
0.120362 0.990946 0.059493 134.059154 -0.991714 0.117312 0.052358 -503.142214 0.044904 -0.065302 0.996855 -13.480279
0.094622 0.993906 0.056548 134.165477 -0.994259 0.091499 0.055474 -504.234539 0.049962 -0.061472 0.996858 -13.420255
0.070848 0.995994 0.054555 134.259396 -0.996123 0.067787 0.056065 -505.350405 0.052142 -0.058315 0.996936 -13.347978
0.047906 0.997402 0.053794 134.332149 -0.997408 0.044873 0.056241 -506.481137 0.053681 -0.056349 0.996967 -13.274620
0.025745 0.998107 0.055845 134.386648 -0.998049 0.022485 0.058246 -507.556696 0.056880 -0.057236 0.996739 -13.209123
0.003816 0.998359 0.057138 134.405764 -0.998166 0.000350 0.060538 -508.692533 0.060419 -0.057264 0.996529 -13.138263
-0.017494 0.998222 0.056987 134.374490 -0.997942 -0.020949 0.060605 -509.873818 0.061691 -0.055810 0.996534 -13.053099
-0.035240 0.997965 0.053150 134.338957 -0.997588 -0.038310 0.057880 -511.013693 0.059798 -0.050982 0.996908 -12.969729
-0.048563 0.997657 0.048181 134.298313 -0.997073 -0.051273 0.056711 -512.168701 0.059049 -0.045286 0.997227 -12.885832
-0.058612 0.997375 0.042529 134.232313 -0.996386 -0.061071 0.059031 -513.296001 0.061473 -0.038915 0.997350 -12.800944
-0.064597 0.997058 0.041253 134.141304 -0.995842 -0.067069 0.061643 -514.402634 0.064228 -0.037100 0.997245 -12.722552
-0.069311 0.996715 0.041901 134.071670 -0.995466 -0.071845 0.062331 -515.545874 0.065137 -0.037391 0.997176 -12.640277
-0.072288 0.996480 0.042450 134.012255 -0.995214 -0.074871 0.062789 -516.657284 0.065746 -0.037708 0.997124 -12.558594
-0.075785 0.996185 0.043268 133.931604 -0.994838 -0.078477 0.064329 -517.791440 0.067479 -0.038169 0.996990 -12.477844
-0.079554 0.995934 0.042258 133.851686 -0.994307 -0.082296 0.067689 -518.956291 0.070892 -0.036632 0.996811 -12.385724
-0.082834 0.995700 0.041469 133.736590 -0.993874 -0.085594 0.069919 -520.118806 0.073167 -0.035423 0.996690 -12.295209
-0.086058 0.995457 0.040746 133.639302 -0.993643 -0.088737 0.069274 -521.283502 0.072575 -0.034525 0.996765 -12.196506
-0.089058 0.995229 0.039859 133.552267 -0.993587 -0.091568 0.066342 -522.473119 0.069675 -0.033695 0.997001 -12.109551
-0.091313 0.994996 0.040561 133.459275 -0.993601 -0.093753 0.062989 -523.661125 0.066476 -0.034550 0.997190 -12.028527
-0.092360 0.994858 0.041560 133.371458 -0.993425 -0.094902 0.064041 -524.856293 0.067656 -0.035372 0.997081 -11.939734
-0.092877 0.994736 0.043286 133.257767 -0.993094 -0.095678 0.067898 -526.058310 0.071682 -0.036681 0.996753 -11.848760
-0.092318 0.994760 0.043936 133.136225 -0.992938 -0.095271 0.070690 -527.268188 0.074505 -0.037100 0.996530 -11.751502
-0.092379 0.994853 0.041632 133.038844 -0.992924 -0.095172 0.071024 -528.506570 0.074621 -0.034777 0.996605 -11.651323
-0.092104 0.994876 0.041685 132.927701 -0.992955 -0.094899 0.070950 -529.727352 0.074543 -0.034857 0.996608 -11.548537
-0.092476 0.994736 0.044151 132.823401 -0.992873 -0.095469 0.071336 -530.967204 0.075176 -0.037239 0.996475 -11.451745
-0.093569 0.994494 0.047187 132.724456 -0.992706 -0.096810 0.071854 -532.204333 0.076026 -0.040119 0.996298 -11.353512
-0.095271 0.994345 0.046924 132.610593 -0.992660 -0.098426 0.070281 -533.468390 0.074502 -0.039884 0.996423 -11.251690
-0.097579 0.994126 0.046820 132.480180 -0.992487 -0.100692 0.069497 -534.747188 0.073803 -0.039687 0.996483 -11.149134
-0.100150 0.993862 0.046988 132.362556 -0.992194 -0.103285 0.069877 -536.024311 0.074301 -0.039623 0.996448 -11.043023
-0.102344 0.993640 0.046957 132.236955 -0.991902 -0.105506 0.070700 -537.263323 0.075204 -0.039341 0.996392 -10.937350
-0.105453 0.993265 0.048004 132.102085 -0.991611 -0.108660 0.070004 -538.565366 0.074749 -0.040219 0.996391 -10.842974
-0.108668 0.992922 0.047938 131.965723 -0.991298 -0.111842 0.069420 -539.852174 0.074290 -0.039977 0.996435 -10.731725
-0.112284 0.992406 0.050236 131.830960 -0.990962 -0.115568 0.068102 -541.139672 0.073391 -0.042135 0.996413 -10.633280
-0.116423 0.991935 0.050097 131.684122 -0.990551 -0.119646 0.067032 -542.453106 0.072485 -0.041819 0.996492 -10.522396
-0.119421 0.991528 0.051101 131.536835 -0.990203 -0.122697 0.066662 -543.785523 0.072367 -0.042640 0.996466 -10.417527
-0.122351 0.991083 0.052761 131.376576 -0.989785 -0.125765 0.067148 -545.119620 0.073185 -0.044007 0.996347 -10.315120
-0.125328 0.990704 0.052900 131.228567 -0.989404 -0.128747 0.067114 -546.422506 0.073300 -0.043928 0.996342 -10.211167
-0.128026 0.990413 0.051886 131.051562 -0.989034 -0.131382 0.067455 -547.804358 0.073626 -0.042681 0.996372 -10.102612
-0.130846 0.989987 0.052962 130.878388 -0.988576 -0.134317 0.068381 -549.153345 0.074810 -0.043410 0.996252 -9.989124
-0.133837 0.989560 0.053461 130.703359 -0.988112 -0.137370 0.069018 -550.513664 0.075642 -0.043588 0.996182 -9.878600
-0.136702 0.989158 0.053662 130.522140 -0.987732 -0.140232 0.068702 -551.863979 0.075482 -0.043612 0.996193 -9.765921
-0.140206 0.988711 0.052844 130.331833 -0.987249 -0.143663 0.068554 -553.225525 0.075372 -0.042558 0.996247 -9.655236
-0.144404 0.988037 0.054131 130.144549 -0.986656 -0.147929 0.068029 -554.612537 0.075222 -0.043585 0.996214 -9.538135
-0.148278 0.987484 0.053744 129.950645 -0.986087 -0.151759 0.067830 -555.986259 0.075138 -0.042939 0.996248 -9.427178
-0.151903 0.986935 0.053714 129.738762 -0.985483 -0.155401 0.068371 -557.369363 0.075825 -0.042548 0.996213 -9.310082
-0.154568 0.986458 0.054859 129.526773 -0.985010 -0.158168 0.068826 -558.772310 0.076571 -0.043398 0.996119 -9.192091
-0.157063 0.986117 0.053888 129.314796 -0.984576 -0.160610 0.069391 -560.178465 0.077083 -0.042158 0.996133 -9.075166
-0.158980 0.985846 0.053219 129.094104 -0.984259 -0.162478 0.069539 -561.581085 0.077202 -0.041326 0.996159 -8.958843
-0.160112 0.985635 0.053730 128.865895 -0.984088 -0.163636 0.069247 -562.989599 0.077044 -0.041788 0.996152 -8.836336
-0.161709 0.985447 0.052389 128.647444 -0.983837 -0.165127 0.069262 -564.396634 0.076904 -0.040342 0.996222 -8.718443
-0.162938 0.985274 0.051820 128.407978 -0.983563 -0.166349 0.070233 -565.846460 0.077819 -0.039524 0.996184 -8.591932
-0.164763 0.984959 0.052054 128.180633 -0.983255 -0.168186 0.070159 -567.288241 0.077859 -0.039623 0.996177 -8.466112
-0.165613 0.984897 0.050508 127.943107 -0.983200 -0.168880 0.069262 -568.723441 0.076746 -0.038189 0.996319 -8.351388
-0.166461 0.984717 0.051213 127.702621 -0.983031 -0.169788 0.069442 -570.177812 0.077076 -0.038784 0.996271 -8.227491
-0.168011 0.984404 0.052155 127.465953 -0.982802 -0.171381 0.068772 -571.636764 0.076638 -0.039704 0.996268 -8.103476
-0.169021 0.984239 0.052021 127.227398 -0.982762 -0.172309 0.067004 -573.096580 0.074912 -0.039799 0.996396 -7.985881
-0.170037 0.984093 0.051469 126.975666 -0.982717 -0.173215 0.065304 -574.557444 0.073181 -0.039476 0.996537 -7.869372
-0.170970 0.983933 0.051439 126.720884 -0.982554 -0.174143 0.065286 -576.043041 0.073195 -0.039380 0.996540 -7.744135
-0.171190 0.983746 0.054194 126.469633 -0.982388 -0.174617 0.066502 -577.570214 0.074884 -0.041855 0.996313 -7.615994
-0.171413 0.983830 0.051924 126.214138 -0.982319 -0.174701 0.067290 -579.027198 0.075273 -0.039471 0.996381 -7.493002
-0.171919 0.983713 0.052470 125.973944 -0.982231 -0.175243 0.067173 -580.487456 0.075274 -0.039989 0.996361 -7.365435
-0.171731 0.983873 0.050026 125.725528 -0.982297 -0.174871 0.067170 -581.944095 0.074834 -0.037605 0.996487 -7.241962
-0.171396 0.983925 0.050157 125.470931 -0.982297 -0.174576 0.067944 -583.436464 0.075608 -0.037624 0.996428 -7.116195
-0.171067 0.983986 0.050079 125.218824 -0.982204 -0.174316 0.069924 -584.945674 0.077534 -0.037226 0.996295 -6.978396
-0.170226 0.984202 0.048687 124.968526 -0.982279 -0.173411 0.071114 -586.438286 0.078434 -0.035719 0.996279 -6.845576
-0.168592 0.984560 0.047100 124.715448 -0.982603 -0.171648 0.070907 -587.940072 0.077896 -0.034326 0.996370 -6.708754
-0.166732 0.985052 0.043283 124.455056 -0.983092 -0.169450 0.069407 -589.426517 0.075703 -0.030979 0.996649 -6.580388
-0.164990 0.985439 0.041085 124.206932 -0.983458 -0.167530 0.068883 -590.914432 0.074763 -0.029040 0.996778 -6.450945
-0.163990 0.985524 0.043009 123.976091 -0.983655 -0.166654 0.068188 -592.376213 0.074369 -0.031124 0.996745 -6.321732
-0.163236 0.985760 0.040389 123.724177 -0.983818 -0.165707 0.068149 -593.885671 0.073871 -0.028611 0.996857 -6.194299
-0.162339 0.985870 0.041314 123.488643 -0.983930 -0.164890 0.068509 -595.402782 0.074353 -0.029528 0.996795 -6.063602
-0.161860 0.985932 0.041697 123.245130 -0.984005 -0.164441 0.068510 -596.910601 0.074403 -0.029941 0.996779 -5.934507
-0.161040 0.986104 0.040801 123.005602 -0.984174 -0.163547 0.068223 -598.431359 0.073948 -0.029169 0.996835 -5.805088
-0.160405 0.986096 0.043415 122.780404 -0.984263 -0.163101 0.068004 -599.871450 0.074139 -0.031823 0.996740 -5.674268
-0.159734 0.986147 0.044703 122.554282 -0.984415 -0.162502 0.067235 -601.327456 0.073568 -0.033266 0.996735 -5.554488
-0.159629 0.986214 0.043596 122.315847 -0.984530 -0.162277 0.066084 -602.834623 0.072247 -0.032373 0.996861 -5.424190
-0.159334 0.986366 0.041175 122.080732 -0.984694 -0.161771 0.064860 -604.326441 0.070637 -0.030211 0.997045 -5.301335
-0.158566 0.986812 0.032546 121.825385 -0.984887 -0.160411 0.065316 -605.845959 0.069676 -0.021697 0.997334 -5.174628
-0.157725 0.986967 0.031910 121.586913 -0.984886 -0.159570 0.067359 -607.335941 0.071573 -0.020804 0.997218 -5.047506
-0.157563 0.986902 0.034605 121.359498 -0.984701 -0.159659 0.069803 -608.796733 0.074414 -0.023077 0.996960 -4.921003
-0.156764 0.986965 0.036399 121.139024 -0.984783 -0.159004 0.070145 -610.256302 0.075018 -0.024849 0.996873 -4.795252
-0.155660 0.987086 0.037838 120.918360 -0.985077 -0.157963 0.068350 -611.740219 0.073444 -0.026634 0.996944 -4.669087
-0.154615 0.987195 0.039256 120.698921 -0.985277 -0.157005 0.067661 -613.224770 0.072958 -0.028216 0.996936 -4.545965
-0.153755 0.987211 0.042123 120.471639 -0.985399 -0.156349 0.067410 -614.699066 0.073134 -0.031143 0.996836 -4.420375
-0.152778 0.987256 0.044557 120.256241 -0.985527 -0.155551 0.067376 -616.153688 0.073448 -0.033618 0.996732 -4.299175
-0.152227 0.987309 0.045255 120.034201 -0.985664 -0.155025 0.066592 -617.649367 0.072763 -0.034470 0.996753 -4.171066
-0.151924 0.987335 0.045697 119.818230 -0.985799 -0.154710 0.065314 -619.131908 0.071557 -0.035125 0.996818 -4.051917
-0.152332 0.987341 0.044194 119.595823 -0.985698 -0.155036 0.066057 -620.577513 0.072073 -0.033500 0.996837 -3.923018
-0.152531 0.987329 0.043778 119.370998 -0.985622 -0.155227 0.066734 -622.069065 0.072684 -0.032969 0.996810 -3.803334
-0.152446 0.987480 0.040547 119.145685 -0.985696 -0.154898 0.066413 -623.542299 0.071862 -0.029842 0.996968 -3.675371
-0.151160 0.987764 0.038383 118.925589 -0.985996 -0.153429 0.065357 -624.990868 0.070446 -0.027967 0.997123 -3.556839
-0.149732 0.988002 0.037859 118.702530 -0.986111 -0.152010 0.066913 -626.470727 0.071865 -0.027314 0.997040 -3.432445
-0.148353 0.988041 0.042022 118.481667 -0.986054 -0.151028 0.069917 -627.952120 0.075427 -0.031064 0.996667 -3.301793
-0.147073 0.988124 0.044512 118.284432 -0.986299 -0.149904 0.068874 -629.398311 0.074728 -0.033772 0.996632 -3.174263
-0.145795 0.988222 0.046489 118.087475 -0.986622 -0.148702 0.066822 -630.838291 0.072948 -0.036125 0.996681 -3.048149
-0.144809 0.988351 0.046821 117.886591 -0.986935 -0.147656 0.064473 -632.259459 0.070635 -0.036873 0.996820 -2.919949
-0.144415 0.988512 0.044600 117.688033 -0.987162 -0.147032 0.062391 -633.666271 0.068232 -0.035018 0.997055 -2.799964
-0.144596 0.988522 0.043783 117.482664 -0.987239 -0.147109 0.060982 -635.094498 0.066723 -0.034406 0.997178 -2.680836
-0.144587 0.988617 0.041611 117.275285 -0.987231 -0.146971 0.061431 -636.501648 0.066847 -0.032198 0.997244 -2.564439
-0.145329 0.988435 0.043311 117.078301 -0.987065 -0.147845 0.062008 -637.926808 0.067694 -0.033739 0.997136 -2.442202
-0.146315 0.988246 0.044282 116.874476 -0.986954 -0.148870 0.061307 -639.327442 0.067179 -0.034734 0.997136 -2.329141
-0.147256 0.988081 0.044845 116.675329 -0.986848 -0.149827 0.060685 -640.692780 0.066681 -0.035319 0.997149 -2.215656
-0.147707 0.987918 0.046916 116.478102 -0.986794 -0.150395 0.060152 -642.061558 0.066481 -0.037411 0.997086 -2.101662
-0.148600 0.987769 0.047226 116.279193 -0.986733 -0.151264 0.058975 -643.404163 0.065398 -0.037836 0.997142 -1.986627
-0.149534 0.987580 0.048225 116.086138 -0.986775 -0.152143 0.055930 -644.713738 0.062573 -0.039223 0.997269 -1.880914
-0.150389 0.987448 0.048271 115.899730 -0.986823 -0.152884 0.052984 -646.029267 0.059699 -0.039667 0.997428 -1.775991
-0.150786 0.987449 0.046985 115.717955 -0.986696 -0.153253 0.054260 -647.277822 0.060780 -0.038178 0.997421 -1.674753
-0.151384 0.987316 0.047848 115.533978 -0.986339 -0.154060 0.058308 -648.503964 0.064940 -0.038367 0.997151 -1.557741
-0.151729 0.987240 0.048325 115.352162 -0.986215 -0.154475 0.059312 -649.710428 0.066020 -0.038659 0.997069 -1.454963
-0.151231 0.987476 0.044952 115.170621 -0.986444 -0.153691 0.057504 -650.895809 0.063692 -0.035647 0.997333 -1.351385
-0.149741 0.987728 0.044388 115.014509 -0.986823 -0.152085 0.055223 -652.040126 0.061296 -0.035534 0.997487 -1.258725
-0.148491 0.987902 0.044719 114.845779 -0.987068 -0.150824 0.054312 -653.149062 0.060399 -0.036076 0.997522 -1.158279
-0.146411 0.988135 0.046395 114.691679 -0.987447 -0.148797 0.052993 -654.264958 0.059268 -0.038054 0.997517 -1.071842
-0.144311 0.988527 0.044606 114.547948 -0.987920 -0.146501 0.050510 -655.300668 0.056465 -0.036778 0.997727 -0.984810
-0.142177 0.988906 0.043006 114.407620 -0.988432 -0.144158 0.047114 -656.321988 0.052791 -0.035810 0.997963 -0.901627
-0.141011 0.988997 0.044721 114.278302 -0.988676 -0.143020 0.045433 -657.275198 0.051329 -0.037807 0.997966 -0.832988
-0.140410 0.989130 0.043678 114.159247 -0.988724 -0.142399 0.046350 -658.204806 0.052066 -0.036678 0.997970 -0.750340
-0.139795 0.989157 0.045001 114.026791 -0.988723 -0.141910 0.047835 -659.127359 0.053703 -0.037806 0.997841 -0.682379
-0.139495 0.989231 0.044319 113.911253 -0.988720 -0.141608 0.048776 -659.984098 0.054527 -0.037015 0.997826 -0.614365
-0.139129 0.989175 0.046643 113.810351 -0.988778 -0.141352 0.048340 -660.789032 0.054409 -0.039394 0.997741 -0.544677
-0.141955 0.988592 0.050349 113.703261 -0.988356 -0.144369 0.048062 -661.549017 0.054782 -0.042940 0.997575 -0.490669
-0.150284 0.987122 0.054817 113.616873 -0.987096 -0.152918 0.047514 -662.270437 0.055284 -0.046969 0.997365 -0.430888
-0.166661 0.984228 0.059325 113.507160 -0.984395 -0.169532 0.047164 -662.947595 0.056477 -0.050538 0.997124 -0.375649
-0.189129 0.979856 0.064125 113.393113 -0.980215 -0.192274 0.047000 -663.595205 0.058383 -0.053967 0.996834 -0.327379
-0.217308 0.973814 0.066816 113.267144 -0.974174 -0.220671 0.047840 -664.207001 0.061332 -0.054694 0.996618 -0.273219
-0.250083 0.965869 0.067497 113.109230 -0.966006 -0.253619 0.050094 -664.817596 0.065503 -0.052675 0.996461 -0.224280
-0.286981 0.955635 0.066354 112.933636 -0.955481 -0.290515 0.051551 -665.384862 0.068541 -0.048606 0.996464 -0.164703
-0.329689 0.941667 0.067598 112.727465 -0.941433 -0.333285 0.051233 -665.964171 0.070774 -0.046748 0.996396 -0.120354
-0.376904 0.923679 0.069003 112.503043 -0.923461 -0.380503 0.049371 -666.504196 0.071859 -0.045113 0.996394 -0.066881
-0.425182 0.902398 0.069983 112.251039 -0.902273 -0.428696 0.046067 -667.020936 0.071572 -0.043557 0.996484 -0.013574
-0.473863 0.877775 0.070457 111.952442 -0.877648 -0.477306 0.043745 -667.538656 0.072028 -0.041108 0.996555 0.031964
-0.526275 0.847253 0.072089 111.680921 -0.847034 -0.529797 0.042988 -668.009026 0.074615 -0.038439 0.996471 0.083052
-0.577405 0.813043 0.074600 111.313545 -0.812662 -0.581117 0.043406 -668.440362 0.078642 -0.035562 0.996268 0.152982
-0.629394 0.773066 0.078951 111.001537 -0.772542 -0.633447 0.043866 -668.840008 0.083922 -0.033384 0.995913 0.192460
-0.677631 0.730692 0.083093 110.597953 -0.729930 -0.682040 0.044984 -669.208950 0.089542 -0.030170 0.995526 0.244658
-0.724351 0.684443 0.082783 110.233819 -0.682905 -0.728786 0.050125 -669.542598 0.094639 -0.020224 0.995306 0.285439
-0.767279 0.636285 0.080150 109.833645 -0.634065 -0.771397 0.053932 -669.836509 0.096143 -0.009439 0.995323 0.365790
-0.806248 0.585920 0.081622 109.360742 -0.583552 -0.810353 0.052862 -670.122209 0.097115 -0.005010 0.995261 0.416699
-0.842903 0.531476 0.083959 108.957929 -0.529131 -0.847070 0.049926 -670.392310 0.097654 -0.002342 0.995218 0.458396
-0.875056 0.476522 0.084880 108.470428 -0.474034 -0.879159 0.048686 -670.621510 0.097823 0.002367 0.995201 0.505618
-0.904399 0.418426 0.083562 108.023149 -0.415431 -0.908175 0.051326 -670.819698 0.097365 0.011705 0.995180 0.572128
-0.929161 0.359416 0.086485 107.545954 -0.355660 -0.932934 0.056031 -670.980231 0.100823 0.021303 0.994676 0.628736
-0.949854 0.298092 0.094441 107.018486 -0.293836 -0.954186 0.056483 -671.115107 0.106952 0.025900 0.993927 0.685313
-0.966820 0.233554 0.103492 106.528668 -0.228937 -0.971908 0.054615 -671.220354 0.113340 0.029110 0.993130 0.736820
-0.979398 0.170162 0.108745 105.972841 -0.165229 -0.984834 0.052934 -671.294932 0.116103 0.033876 0.992659 0.791024
-0.988414 0.105015 0.109586 105.462294 -0.100075 -0.993740 0.049661 -671.344045 0.114115 0.038118 0.992736 0.850733
-0.993160 0.039180 0.109988 104.912206 -0.034051 -0.998261 0.048129 -671.339900 0.111682 0.044054 0.992767 0.911689
-0.993163 -0.027209 0.113520 104.337329 0.032510 -0.998453 0.045107 -671.312725 0.112117 0.048489 0.992511 0.983911
-0.988216 -0.095306 0.119775 103.781760 0.100976 -0.993994 0.042183 -671.243198 0.115035 0.053780 0.991905 1.041139
-0.978682 -0.161869 0.126412 103.174880 0.167855 -0.985073 0.038154 -671.146046 0.118349 0.058559 0.991244 1.109786
-0.964570 -0.228088 0.132591 102.629200 0.234401 -0.971548 0.033927 -671.003435 0.121080 0.063804 0.990590 1.175083
-0.947019 -0.290572 0.136832 102.050197 0.297187 -0.954340 0.030237 -670.808682 0.121798 0.069299 0.990133 1.238564
-0.927006 -0.348472 0.138661 101.474736 0.355568 -0.934188 0.029393 -670.562209 0.119293 0.076551 0.989904 1.314452
-0.904207 -0.403270 0.140650 100.920466 0.410605 -0.911429 0.026450 -670.303196 0.117526 0.081668 0.989706 1.385563
-0.880494 -0.451935 0.143126 100.354891 0.459681 -0.887738 0.024778 -670.001830 0.115861 0.087610 0.989394 1.459472
-0.856715 -0.494557 0.146469 99.773848 0.502656 -0.864204 0.022081 -669.638495 0.115659 0.092541 0.988969 1.535480
-0.833123 -0.532200 0.150563 99.207493 0.540690 -0.841005 0.019118 -669.283055 0.116450 0.097336 0.988416 1.611517
-0.812343 -0.562719 0.153121 98.645767 0.571547 -0.820387 0.017271 -668.893532 0.115900 0.101546 0.988057 1.681365
-0.794581 -0.587779 0.152175 98.083635 0.596771 -0.802222 0.017436 -668.452655 0.111829 0.104668 0.988200 1.768107
-0.779530 -0.608740 0.147544 97.529197 0.617423 -0.786439 0.017370 -668.027541 0.105461 0.104637 0.988903 1.849475
-0.766084 -0.626967 0.141519 96.956151 0.634936 -0.772417 0.015085 -667.565666 0.099854 0.101412 0.989821 1.928400
-0.753190 -0.643375 0.137013 96.366164 0.650716 -0.759226 0.012007 -667.072699 0.096299 0.098200 0.990497 2.003016
-0.740726 -0.658695 0.132084 95.807625 0.665492 -0.746336 0.010141 -666.582707 0.091900 0.095413 0.991187 2.084574
-0.727229 -0.674649 0.126441 95.206549 0.680847 -0.732380 0.008165 -666.060893 0.087094 0.092024 0.991941 2.166852
-0.713626 -0.690559 0.117757 94.659226 0.695641 -0.718384 0.002900 -665.540837 0.082593 0.083986 0.993038 2.236162
-0.699253 -0.706566 0.108674 94.099452 0.710657 -0.703537 -0.001525 -664.986634 0.077534 0.076163 0.994076 2.306606
-0.683682 -0.722746 0.101077 93.549121 0.726339 -0.687334 -0.001817 -664.415865 0.070787 0.072174 0.994877 2.375191
-0.666738 -0.739881 0.089647 92.978948 0.742657 -0.669663 -0.003484 -663.815961 0.062612 0.064254 0.995967 2.440415
-0.648614 -0.757015 0.078919 92.439453 0.759078 -0.650975 -0.005690 -663.206000 0.055682 0.056214 0.996865 2.499185
-0.629622 -0.773611 0.071426 91.931603 0.775184 -0.631679 -0.008413 -662.595120 0.051627 0.050071 0.997410 2.542706
-0.608672 -0.790568 0.067238 91.413886 0.791969 -0.610498 -0.008799 -661.941100 0.048005 0.047895 0.997698 2.609167
-0.587145 -0.806883 0.064812 90.928147 0.808287 -0.588745 -0.007195 -661.292163 0.043963 0.048162 0.997872 2.647276
-0.565398 -0.822479 0.062071 90.452168 0.823948 -0.566655 -0.003283 -660.598110 0.037873 0.049287 0.998066 2.692613
-0.544892 -0.836276 0.061109 90.009585 0.837888 -0.545841 0.001383 -659.899299 0.032199 0.051956 0.998130 2.728635
-0.526384 -0.848098 0.060415 89.568692 0.849824 -0.527033 0.005941 -659.202257 0.026802 0.054469 0.998156 2.774267
-0.511682 -0.857090 0.059822 89.141724 0.858899 -0.512042 0.010309 -658.460824 0.021796 0.056656 0.998156 2.805735
-0.501284 -0.863472 0.055949 88.700815 0.865108 -0.501433 0.012370 -657.721945 0.017373 0.054603 0.998357 2.833352
-0.494927 -0.867319 0.052956 88.288166 0.868850 -0.494808 0.016262 -657.002072 0.012099 0.054059 0.998464 2.855248
-0.492390 -0.869046 0.048068 87.857205 0.870350 -0.492039 0.019709 -656.243252 0.006523 0.051540 0.998650 2.877862
-0.491765 -0.869787 0.040462 87.414871 0.870720 -0.491432 0.018483 -655.487496 0.003808 0.044320 0.999010 2.877567
-0.492301 -0.869675 0.036140 86.958422 0.870412 -0.492098 0.014933 -654.720169 0.004797 0.038808 0.999235 2.890860
-0.493927 -0.868821 0.034447 86.473766 0.869443 -0.493971 0.007824 -653.932274 0.010218 0.033814 0.999376 2.917131
-0.496872 -0.867154 0.034081 85.997726 0.867648 -0.497179 -0.000613 -653.150920 0.017476 0.029265 0.999419 2.947468
-0.501720 -0.864312 0.035240 85.554460 0.864706 -0.502231 -0.006919 -652.384897 0.023679 0.027000 0.999355 2.965332
-0.507399 -0.860914 0.037048 85.096631 0.861329 -0.507986 -0.007950 -651.577926 0.025664 0.027877 0.999282 2.993492
-0.513073 -0.857385 0.040599 84.628774 0.857989 -0.513648 -0.004517 -650.779015 0.024727 0.032516 0.999165 3.005953
-0.516621 -0.855296 0.039631 84.134444 0.855823 -0.517231 -0.006289 -649.967866 0.025877 0.030668 0.999195 3.042120
-0.517594 -0.854839 0.036689 83.603504 0.855071 -0.518327 -0.013819 -649.141636 0.030830 0.024219 0.999231 3.084127
-0.517418 -0.855087 0.033257 83.091552 0.854988 -0.518198 -0.021589 -648.314193 0.035695 0.017264 0.999214 3.136499
-0.517499 -0.855096 0.031710 82.570493 0.854901 -0.518255 -0.023565 -647.486577 0.036584 0.014914 0.999219 3.162573
-0.518671 -0.854275 0.034570 82.047031 0.854208 -0.519494 -0.021328 -646.638862 0.036179 0.018468 0.999175 3.206966
-0.520142 -0.853343 0.035472 81.527106 0.853422 -0.520923 -0.017627 -645.787673 0.033520 0.021104 0.999215 3.241485
-0.521850 -0.852460 0.031391 80.995111 0.852497 -0.522475 -0.016359 -644.920662 0.030347 0.018224 0.999373 3.297547
-0.524693 -0.850445 0.037962 80.462000 0.850858 -0.525327 -0.008491 -644.055311 0.027163 0.027845 0.999243 3.318234
-0.527078 -0.849110 0.034664 79.907136 0.849415 -0.527645 -0.009242 -643.180405 0.026138 0.024572 0.999356 3.376189
-0.530560 -0.846855 0.036642 79.369889 0.847239 -0.531151 -0.008099 -642.321067 0.026321 0.026748 0.999296 3.422002
-0.533841 -0.844934 0.033175 78.834046 0.845194 -0.534377 -0.009446 -641.485723 0.025709 0.022997 0.999405 3.459779
-0.537809 -0.842027 0.041858 78.303328 0.842711 -0.538362 -0.002334 -640.648847 0.024500 0.034019 0.999121 3.485235
-0.541740 -0.839516 0.041599 77.736384 0.840175 -0.542308 -0.002891 -639.784774 0.024987 0.033384 0.999130 3.529831
-0.544973 -0.837501 0.039951 77.175549 0.838010 -0.545616 -0.006549 -638.930417 0.027283 0.029911 0.999180 3.579144
-0.547713 -0.835861 0.036696 76.624845 0.836189 -0.548355 -0.009737 -638.101911 0.028261 0.025351 0.999279 3.623444
-0.549271 -0.834920 0.034786 76.081107 0.835243 -0.549821 -0.008121 -637.282346 0.025906 0.024594 0.999362 3.651379
-0.550864 -0.833909 0.033833 75.521384 0.834236 -0.551363 -0.006995 -636.431471 0.024487 0.024372 0.999403 3.691103
-0.551920 -0.833263 0.032512 74.962212 0.833482 -0.552456 -0.010000 -635.608083 0.026294 0.021579 0.999421 3.739309
-0.552971 -0.832595 0.031749 74.404924 0.832719 -0.553546 -0.012920 -634.783085 0.028332 0.019293 0.999412 3.796841
-0.553160 -0.832466 0.031844 73.846095 0.832649 -0.553695 -0.010805 -633.964948 0.026626 0.020538 0.999434 3.825613
-0.553234 -0.832440 0.031230 73.301219 0.832703 -0.553675 -0.007089 -633.149674 0.023192 0.022083 0.999487 3.868576
-0.553471 -0.832317 0.030321 72.760854 0.832575 -0.553875 -0.006385 -632.353720 0.022108 0.021711 0.999520 3.908017
-0.553870 -0.832052 0.030301 72.234764 0.832231 -0.554344 -0.009752 -631.571379 0.024911 0.019816 0.999493 3.949714
-0.554375 -0.831661 0.031753 71.728809 0.831858 -0.554895 -0.010165 -630.806801 0.026074 0.020779 0.999444 3.989102
-0.555869 -0.830604 0.033275 71.215199 0.830889 -0.556380 -0.007990 -630.037925 0.025150 0.023207 0.999414 4.029542
-0.557669 -0.829331 0.034856 70.706832 0.829669 -0.558207 -0.007374 -629.296738 0.025573 0.024806 0.999365 4.065312
-0.559857 -0.827834 0.035386 70.175814 0.828137 -0.560452 -0.009130 -628.526453 0.027390 0.024193 0.999332 4.112527
-0.562380 -0.826252 0.032198 69.652686 0.826481 -0.562891 -0.009118 -627.786352 0.025657 0.021483 0.999440 4.142506
-0.564616 -0.824695 0.032974 69.163494 0.825049 -0.565043 -0.004611 -627.063228 0.022435 0.024602 0.999446 4.181483
-0.567198 -0.822864 0.034359 68.652771 0.823293 -0.567610 -0.002777 -626.333541 0.021787 0.026713 0.999406 4.219218
-0.569124 -0.821689 0.030410 68.160567 0.821866 -0.569601 -0.009543 -625.631503 0.025163 0.019562 0.999492 4.263307
-0.571091 -0.820303 0.030948 67.659689 0.820458 -0.571606 -0.010779 -624.938680 0.026532 0.019235 0.999463 4.295402
-0.572553 -0.819360 0.028848 67.198948 0.819457 -0.573025 -0.011470 -624.286845 0.025929 0.017073 0.999518 4.333817
-0.573323 -0.818762 0.030503 66.737462 0.818964 -0.573782 -0.008514 -623.629644 0.024473 0.020099 0.999498 4.377127
-0.573884 -0.818447 0.028304 66.283347 0.818537 -0.574341 -0.011385 -622.985965 0.025574 0.016634 0.999535 4.401576
-0.574976 -0.817781 0.025221 65.839055 0.817754 -0.575394 -0.014167 -622.387969 0.026097 0.012479 0.999582 4.430648
-0.576395 -0.816752 0.026183 65.416285 0.816834 -0.576782 -0.010267 -621.793537 0.023487 0.015470 0.999604 4.470180
-0.578307 -0.815403 0.026056 65.018018 0.815569 -0.578625 -0.006266 -621.233570 0.020186 0.017626 0.999641 4.500767
-0.580149 -0.814167 0.023645 64.609596 0.814329 -0.580388 -0.004256 -620.659009 0.017188 0.016786 0.999711 4.535868
-0.581797 -0.813028 0.022310 64.228660 0.813170 -0.582012 -0.004140 -620.154129 0.016351 0.015733 0.999743 4.556295
-0.583456 -0.811845 0.022062 63.852451 0.811984 -0.583665 -0.004013 -619.639383 0.016135 0.015573 0.999749 4.584055
-0.584819 -0.810875 0.021657 63.506139 0.811001 -0.585028 -0.004439 -619.159765 0.016269 0.014968 0.999756 4.603694
-0.586016 -0.809961 0.023421 63.174601 0.810088 -0.586279 -0.005901 -618.725567 0.018510 0.015515 0.999708 4.629031
-0.587254 -0.808983 0.026068 62.869513 0.809161 -0.587561 -0.005499 -618.296445 0.019766 0.017864 0.999645 4.654319
-0.588267 -0.808151 0.028879 62.576000 0.808426 -0.588588 -0.003388 -617.899029 0.019735 0.021353 0.999577 4.670711
-0.588755 -0.807751 0.030091 62.296848 0.808005 -0.589149 -0.005587 -617.533606 0.022241 0.021024 0.999532 4.690609
-0.588841 -0.807793 0.027125 62.038895 0.807908 -0.589236 -0.009274 -617.188747 0.023475 0.016454 0.999589 4.702411
-0.588944 -0.807816 0.024040 61.797333 0.807870 -0.589278 -0.009889 -616.871812 0.022155 0.013598 0.999662 4.721341
-0.590016 -0.806993 0.025381 61.570877 0.807129 -0.590334 -0.006946 -616.573662 0.020589 0.016388 0.999654 4.740775
-0.590955 -0.806109 0.031006 61.373248 0.806446 -0.591302 -0.002599 -616.296272 0.020429 0.023469 0.999516 4.760919
-0.590924 -0.806071 0.032529 61.194637 0.806428 -0.591323 -0.003411 -616.031410 0.021985 0.024216 0.999465 4.771445
-0.591377 -0.805799 0.031005 61.015667 0.806067 -0.591797 -0.005790 -615.797809 0.023014 0.021568 0.999502 4.780376
-0.592553 -0.804955 0.030463 60.847739 0.805195 -0.592975 -0.006486 -615.601237 0.023284 0.020685 0.999515 4.795364
-0.592809 -0.804722 0.031609 60.710727 0.805042 -0.593204 -0.004036 -615.400478 0.021999 0.023054 0.999492 4.809251
-0.592609 -0.804838 0.032393 60.573244 0.805195 -0.593001 -0.003215 -615.192504 0.021797 0.024178 0.999470 4.816007
-0.593076 -0.804457 0.033316 60.428255 0.804758 -0.593567 -0.006497 -615.016163 0.025002 0.022958 0.999424 4.828184
-0.593241 -0.804242 0.035487 60.310549 0.804534 -0.593842 -0.008744 -614.849141 0.028106 0.023363 0.999332 4.830786
-0.592700 -0.804544 0.037638 60.186195 0.804893 -0.593358 -0.008574 -614.678043 0.029231 0.025213 0.999255 4.840347
-0.592752 -0.804484 0.038092 60.060275 0.804845 -0.593423 -0.008565 -614.503718 0.029495 0.025581 0.999238 4.856743
-0.593134 -0.804203 0.038072 59.926932 0.804588 -0.593783 -0.007733 -614.337330 0.028826 0.026045 0.999245 4.865707
-0.592832 -0.804447 0.037628 59.815957 0.804811 -0.593477 -0.008056 -614.174594 0.028812 0.025508 0.999259 4.874477
-0.592825 -0.804451 0.037647 59.687441 0.804787 -0.593495 -0.009020 -614.012696 0.029600 0.024950 0.999250 4.880917
-0.592760 -0.804543 0.036685 59.567014 0.804788 -0.593455 -0.011303 -613.849390 0.030865 0.022823 0.999263 4.890354
-0.592797 -0.804531 0.036346 59.451522 0.804763 -0.593486 -0.011445 -613.687019 0.030779 0.022466 0.999274 4.894542
-0.592636 -0.804644 0.036481 59.320941 0.804927 -0.593291 -0.009859 -613.505222 0.029577 0.023521 0.999286 4.905162
-0.592811 -0.804465 0.037556 59.206862 0.804825 -0.593457 -0.008151 -613.345472 0.028845 0.025394 0.999261 4.914432
-0.592962 -0.804314 0.038413 59.085307 0.804719 -0.593611 -0.007319 -613.183614 0.028689 0.026571 0.999235 4.926085
-0.592909 -0.804336 0.038763 58.969676 0.804757 -0.593562 -0.007088 -613.024284 0.028709 0.026993 0.999223 4.933638
-0.592973 -0.804310 0.038318 58.854268 0.804709 -0.593623 -0.007484 -612.892528 0.028766 0.026396 0.999238 4.941744
-0.593009 -0.804313 0.037692 58.738205 0.804666 -0.593667 -0.008507 -612.727116 0.029219 0.025284 0.999253 4.949180
-0.593013 -0.804302 0.037874 58.632667 0.804684 -0.593655 -0.007646 -612.571560 0.028634 0.025942 0.999253 4.955992
-0.593106 -0.804199 0.038601 58.538741 0.804642 -0.593728 -0.006158 -612.448049 0.027871 0.027408 0.999236 4.964569
-0.593081 -0.804223 0.038475 58.437397 0.804680 -0.593683 -0.005535 -612.316814 0.027293 0.027677 0.999244 4.972965
-0.592935 -0.804378 0.037475 58.327193 0.804787 -0.593530 -0.006326 -612.171668 0.027331 0.026408 0.999278 4.978360
-0.592832 -0.804465 0.037238 58.248061 0.804818 -0.593466 -0.008100 -612.061842 0.028616 0.025167 0.999274 4.985221
-0.592953 -0.804344 0.037915 58.170589 0.804694 -0.593625 -0.008795 -611.964662 0.029581 0.025295 0.999242 4.991687
-0.592825 -0.804346 0.039827 58.089398 0.804773 -0.593530 -0.007901 -611.844143 0.029994 0.027368 0.999175 4.996522
-0.592757 -0.804274 0.042228 58.002763 0.804816 -0.593490 -0.006356 -611.724190 0.030174 0.030218 0.999088 5.003568
-0.592808 -0.804243 0.042088 57.914931 0.804796 -0.593523 -0.005879 -611.616781 0.029708 0.030388 0.999097 5.011873
-0.593050 -0.804234 0.038731 57.830473 0.804702 -0.593654 -0.005381 -611.503272 0.027320 0.027976 0.999235 5.011128
-0.593196 -0.804284 0.035288 57.737053 0.804668 -0.593703 -0.005095 -611.390137 0.025049 0.025373 0.999364 5.012988
-0.593057 -0.804456 0.033667 57.650423 0.804755 -0.593567 -0.006920 -611.278395 0.025550 0.022990 0.999409 5.024532
-0.593012 -0.804448 0.034640 57.577990 0.804724 -0.593587 -0.008631 -611.179501 0.027505 0.022757 0.999363 5.033542
-0.593081 -0.804342 0.035919 57.512821 0.804631 -0.593704 -0.009193 -611.092761 0.028719 0.023449 0.999312 5.040018
-0.593108 -0.804287 0.036690 57.430694 0.804595 -0.593753 -0.009155 -610.983098 0.029148 0.024091 0.999285 5.045078
-0.593259 -0.804168 0.036852 57.349849 0.804472 -0.593915 -0.009424 -610.878915 0.029465 0.024055 0.999276 5.051467
-0.593486 -0.803984 0.037192 57.269663 0.804271 -0.594174 -0.010298 -610.771602 0.030378 0.023800 0.999255 5.054567
-0.593726 -0.803778 0.037808 57.182392 0.804031 -0.594469 -0.011822 -610.652658 0.031978 0.023379 0.999215 5.059048
-0.594208 -0.803360 0.039119 57.091440 0.803545 -0.595062 -0.014722 -610.525123 0.035105 0.022686 0.999126 5.070494
-0.595141 -0.802512 0.042220 56.981248 0.802682 -0.596164 -0.017033 -610.386415 0.038839 0.023752 0.998963 5.076644
-0.596281 -0.801547 0.044393 56.854430 0.801688 -0.597440 -0.019023 -610.214828 0.041770 0.024246 0.998833 5.087708
-0.598456 -0.799850 0.045715 56.719247 0.799947 -0.599713 -0.020726 -610.044139 0.043993 0.024166 0.998740 5.094793
-0.602005 -0.797151 0.046267 56.550005 0.797187 -0.603323 -0.022225 -609.835600 0.045631 0.023504 0.998682 5.109126
-0.606228 -0.793852 0.047828 56.371624 0.793919 -0.607618 -0.022222 -609.608156 0.046702 0.024500 0.998608 5.121963
-0.610851 -0.790092 0.051140 56.190981 0.790269 -0.612382 -0.021525 -609.362196 0.048323 0.027266 0.998460 5.135096
-0.615831 -0.786130 0.052467 55.983971 0.786203 -0.617498 -0.024106 -609.099617 0.051349 0.026404 0.998332 5.149852
-0.622883 -0.780630 0.051322 55.747396 0.780603 -0.624519 -0.025199 -608.833669 0.051723 0.024366 0.998364 5.161904
-0.630371 -0.774418 0.053929 55.491476 0.774502 -0.632114 -0.024055 -608.510544 0.052718 0.026605 0.998255 5.188544
-0.637892 -0.768044 0.056591 55.235940 0.768300 -0.639716 -0.021878 -608.189857 0.053005 0.029523 0.998158 5.209723
-0.645826 -0.761340 0.057184 54.954786 0.761773 -0.647581 -0.018475 -607.866615 0.051097 0.031629 0.998193 5.237925
-0.653720 -0.754649 0.056170 54.633018 0.755188 -0.655329 -0.015342 -607.511887 0.048388 0.032389 0.998303 5.258568
-0.661493 -0.747818 0.056524 54.307829 0.748213 -0.663211 -0.018126 -607.159798 0.051042 0.030302 0.998237 5.281770
-0.669197 -0.740893 0.057025 53.964717 0.741197 -0.670995 -0.019802 -606.785349 0.052935 0.029015 0.998176 5.307890
-0.676802 -0.733994 0.056501 53.607579 0.734586 -0.678382 -0.013430 -606.400558 0.048187 0.032416 0.998312 5.333715
-0.683866 -0.727375 0.057028 53.247637 0.728256 -0.685266 -0.007288 -606.008048 0.044380 0.036547 0.998346 5.363279
-0.690600 -0.721208 0.054125 52.823280 0.722003 -0.691858 -0.006615 -605.571150 0.042218 0.034510 0.998512 5.400609
-0.695803 -0.716570 0.048842 52.408713 0.717175 -0.696859 -0.006884 -605.173541 0.038969 0.030239 0.998783 5.422848
-0.699957 -0.712760 0.045104 51.989499 0.713340 -0.700805 -0.004403 -604.762450 0.034748 0.029093 0.998973 5.448745
-0.703599 -0.709355 0.041994 51.538787 0.709730 -0.704431 -0.007759 -604.319496 0.035086 0.024346 0.999088 5.472621
-0.705012 -0.708141 0.038655 51.068646 0.708395 -0.705758 -0.009036 -603.854246 0.033680 0.021012 0.999212 5.505672
-0.705894 -0.707505 0.033924 50.577955 0.707596 -0.706527 -0.011294 -603.386094 0.031959 0.016032 0.999361 5.520214
-0.708098 -0.705280 0.034316 50.095502 0.705421 -0.708720 -0.009887 -602.910916 0.031294 0.017206 0.999362 5.547450
-0.709321 -0.704052 0.034271 49.605793 0.704182 -0.709947 -0.010179 -602.428495 0.031497 0.016913 0.999361 5.566937
-0.709922 -0.703326 0.036644 49.077378 0.703560 -0.710588 -0.008257 -601.904490 0.031846 0.019919 0.999294 5.605991
-0.711637 -0.701637 0.035755 48.546655 0.701507 -0.712431 -0.018153 -601.414277 0.038209 0.012164 0.999196 5.635934
-0.712218 -0.700997 0.036728 48.017688 0.700527 -0.713131 -0.026556 -600.917492 0.044807 0.006816 0.998972 5.650602
-0.713258 -0.699706 0.040918 47.444337 0.699091 -0.714396 -0.030170 -600.368415 0.050342 0.007086 0.998707 5.693256
-0.714418 -0.698272 0.044982 46.901276 0.697944 -0.715708 -0.025234 -599.807558 0.049814 0.013367 0.998669 5.733992
-0.715359 -0.697491 0.042037 46.315658 0.697248 -0.716473 -0.022617 -599.248092 0.045894 0.013131 0.998860 5.773260
-0.715952 -0.697099 0.038292 45.717773 0.696772 -0.716907 -0.023492 -598.681200 0.043829 0.009862 0.998990 5.816829
-0.717583 -0.695553 0.035778 45.122026 0.695244 -0.718422 -0.022496 -598.114981 0.041351 0.008731 0.999107 5.856940
-0.719336 -0.693762 0.035353 44.484597 0.693390 -0.720167 -0.023876 -597.512476 0.042024 0.007339 0.999090 5.893931
-0.721366 -0.691642 0.035532 43.839667 0.691411 -0.722173 -0.020410 -596.880007 0.039777 0.009844 0.999160 5.946201
-0.724302 -0.688561 0.035642 43.200165 0.688412 -0.725090 -0.018235 -596.279375 0.038400 0.011328 0.999198 5.983751
-0.727719 -0.685062 0.033403 42.526437 0.684816 -0.728439 -0.020123 -595.663376 0.038117 0.008231 0.999239 6.030195
-0.731665 -0.680837 0.033581 41.863331 0.680690 -0.732365 -0.017410 -595.038954 0.036447 0.010120 0.999284 6.071598
-0.735649 -0.676515 0.033872 41.203559 0.676484 -0.736322 -0.014114 -594.439745 0.034489 0.012531 0.999327 6.107085
-0.738862 -0.672923 0.035465 40.505643 0.672969 -0.739566 -0.012394 -593.803163 0.034569 0.014709 0.999294 6.151620
-0.741529 -0.669885 0.037269 39.846801 0.669908 -0.742317 -0.013705 -593.218198 0.036846 0.014805 0.999211 6.185340
-0.743007 -0.668036 0.040853 39.147458 0.668090 -0.743943 -0.014303 -592.580768 0.039947 0.016666 0.999063 6.237774
-0.743950 -0.666951 0.041422 38.464307 0.666864 -0.744965 -0.017902 -591.981697 0.042798 0.014305 0.998981 6.278020
-0.743088 -0.667841 0.042529 37.792005 0.667635 -0.744194 -0.020962 -591.402216 0.045650 0.012817 0.998875 6.320474
-0.742283 -0.668752 0.042270 37.076250 0.668453 -0.743401 -0.022922 -590.776277 0.046752 0.011241 0.998843 6.365704
-0.741481 -0.669620 0.042596 36.393591 0.669304 -0.742620 -0.023400 -590.161287 0.047302 0.011159 0.998818 6.413309
-0.740312 -0.670823 0.043985 35.713902 0.670629 -0.741489 -0.021230 -589.560569 0.046856 0.013781 0.998807 6.451118
-0.739027 -0.672176 0.044935 35.043829 0.672085 -0.740221 -0.019350 -588.943929 0.046269 0.015900 0.998802 6.498535
-0.737122 -0.674145 0.046691 34.346767 0.674178 -0.738363 -0.017404 -588.324328 0.046207 0.018649 0.998758 6.550211
-0.735071 -0.676375 0.046765 33.661269 0.676361 -0.736337 -0.018538 -587.710296 0.046974 0.018003 0.998734 6.611580
-0.732948 -0.678611 0.047699 32.983414 0.678519 -0.734295 -0.020565 -587.087387 0.048981 0.017292 0.998650 6.668525
-0.731749 -0.679859 0.048323 32.303423 0.679806 -0.733118 -0.020063 -586.450148 0.049066 0.018169 0.998630 6.717697
-0.730043 -0.681659 0.048767 31.607433 0.681647 -0.731422 -0.019463 -585.803896 0.048936 0.019033 0.998621 6.773507
-0.728010 -0.683890 0.047907 30.912884 0.683832 -0.729361 -0.020159 -585.165878 0.048728 0.018085 0.998648 6.825599
-0.725775 -0.686218 0.048538 30.213990 0.686158 -0.727163 -0.020527 -584.515315 0.049381 0.018407 0.998610 6.889681
-0.724198 -0.687746 0.050420 29.533325 0.687712 -0.725686 -0.020797 -583.876374 0.050892 0.019613 0.998512 6.949799
-0.722038 -0.689940 0.051411 28.850032 0.689836 -0.723613 -0.022596 -583.229947 0.052792 0.019150 0.998422 7.011383
-0.721593 -0.690359 0.052040 28.154332 0.690303 -0.723188 -0.021928 -582.580486 0.052772 0.020100 0.998404 7.062941
-0.721099 -0.691006 0.050276 27.450251 0.690893 -0.722610 -0.022396 -581.923337 0.051805 0.018586 0.998484 7.134501
-0.721115 -0.691013 0.049942 26.774275 0.690944 -0.722591 -0.021429 -581.275950 0.050895 0.019054 0.998522 7.187499
-0.720887 -0.691243 0.050057 26.058268 0.691138 -0.722383 -0.022177 -580.606754 0.051490 0.018609 0.998500 7.248228
-0.721234 -0.690936 0.049275 25.357138 0.690707 -0.722727 -0.024293 -579.939034 0.052397 0.016513 0.998490 7.313196
-0.721907 -0.690258 0.048939 24.670917 0.689911 -0.723414 -0.026377 -579.300281 0.053610 0.014722 0.998453 7.369633
-0.723433 -0.688615 0.049541 23.961013 0.688298 -0.724965 -0.025925 -578.611030 0.053768 0.015344 0.998436 7.422112
-0.724493 -0.687431 0.050488 23.280244 0.687178 -0.726060 -0.024974 -577.958760 0.053825 0.016601 0.998412 7.495715
-0.724776 -0.687126 0.050574 22.544291 0.686722 -0.726391 -0.027719 -577.280570 0.055783 0.014640 0.998336 7.561210
-0.725965 -0.685691 0.052945 21.823569 0.685176 -0.727751 -0.030195 -576.606532 0.059235 0.014356 0.998141 7.625810
-0.727349 -0.684261 0.052447 21.131869 0.683618 -0.729131 -0.032174 -575.965988 0.060256 0.012452 0.998105 7.691623
-0.729586 -0.681942 0.051565 20.399585 0.681439 -0.731280 -0.029515 -575.294009 0.057836 0.013605 0.998233 7.763947
-0.731676 -0.679951 0.048129 19.683755 0.679571 -0.733135 -0.026402 -574.631543 0.053237 0.013390 0.998492 7.827777
-0.733186 -0.678348 0.047775 18.996228 0.678113 -0.734584 -0.023456 -574.005939 0.051005 0.015199 0.998583 7.898404
-0.734255 -0.677152 0.048307 18.260770 0.676851 -0.735701 -0.024835 -573.334748 0.052357 0.014461 0.998524 7.962362
-0.735569 -0.675681 0.048930 17.538013 0.675344 -0.737058 -0.025622 -572.684365 0.053377 0.014198 0.998474 8.030212
-0.736958 -0.674162 0.048976 16.848045 0.673811 -0.738452 -0.025848 -572.059510 0.053593 0.013951 0.998465 8.094546
-0.738392 -0.672343 0.052278 16.158568 0.672119 -0.740042 -0.024375 -571.446081 0.055076 0.017139 0.998335 8.156385
-0.739337 -0.671205 0.053519 15.471755 0.670877 -0.741093 -0.026558 -570.814033 0.057488 0.016269 0.998214 8.223582
-0.740859 -0.669431 0.054682 14.754389 0.669034 -0.742705 -0.027984 -570.177696 0.059346 0.015852 0.998112 8.290014
-0.742482 -0.667812 0.052421 14.049289 0.667382 -0.744193 -0.027898 -569.553267 0.057642 0.014271 0.998235 8.363308
-0.743847 -0.666582 0.048573 13.352993 0.666178 -0.745324 -0.026456 -568.932571 0.053837 0.012679 0.998469 8.428661
-0.744640 -0.665888 0.045874 12.641190 0.665570 -0.745946 -0.024114 -568.308902 0.050277 0.012577 0.998656 8.487820
-0.744304 -0.666384 0.044103 11.946712 0.665901 -0.745551 -0.027000 -567.697753 0.050873 0.009273 0.998662 8.550304
-0.743086 -0.667743 0.044079 11.276192 0.667005 -0.744370 -0.031885 -567.110022 0.054102 0.005707 0.998519 8.615523
-0.741963 -0.668850 0.046160 10.574639 0.668105 -0.743366 -0.032299 -566.489150 0.055917 0.006875 0.998412 8.674827
-0.740156 -0.670583 0.049872 9.909676 0.669958 -0.741759 -0.030838 -565.881586 0.057673 0.010588 0.998279 8.736472
-0.738899 -0.671752 0.052699 9.239754 0.671409 -0.740609 -0.026620 -565.273620 0.056912 0.015713 0.998256 8.799490
-0.737422 -0.673190 0.054993 8.574880 0.672969 -0.739240 -0.025224 -564.663072 0.057633 0.018408 0.998168 8.870432
-0.736032 -0.674547 0.056955 7.968502 0.674508 -0.737915 -0.022800 -564.135120 0.057407 0.021635 0.998116 8.929996
-0.734526 -0.676008 0.059030 7.278568 0.676144 -0.736479 -0.020671 -563.497102 0.057448 0.024730 0.998042 9.001950
-0.732585 -0.678076 0.059433 6.614393 0.678106 -0.734612 -0.022748 -562.868803 0.059085 0.023637 0.997973 9.072540
-0.730551 -0.680007 0.062337 6.001584 0.679899 -0.732838 -0.026212 -562.318645 0.063508 0.023234 0.997711 9.129782
-0.728643 -0.681774 0.065302 5.367500 0.681191 -0.731303 -0.034278 -561.752539 0.071125 0.019507 0.997277 9.216656
-0.726934 -0.683352 0.067801 4.787149 0.682308 -0.729906 -0.041155 -561.213020 0.077612 0.016344 0.996850 9.285469
-0.725766 -0.684717 0.066531 4.205366 0.683297 -0.728706 -0.045741 -560.685435 0.079801 0.012263 0.996735 9.347366
-0.724920 -0.685707 0.065554 3.642128 0.684514 -0.727745 -0.042750 -560.151622 0.077021 0.013882 0.996933 9.418233
-0.724555 -0.685986 0.066657 3.104909 0.685262 -0.727367 -0.036803 -559.641957 0.073731 0.019012 0.997097 9.477550
-0.723944 -0.686601 0.066966 2.583692 0.685909 -0.726772 -0.036484 -559.143576 0.073719 0.019520 0.997088 9.556801
-0.723545 -0.686634 0.070827 2.093772 0.686104 -0.726641 -0.035429 -558.693102 0.075792 0.022960 0.996859 9.598319
-0.722773 -0.687156 0.073600 1.618732 0.686337 -0.726187 -0.039919 -558.223711 0.080878 0.021662 0.996489 9.689237
-0.722570 -0.687179 0.075349 1.169096 0.686191 -0.726183 -0.042430 -557.796915 0.083874 0.021045 0.996254 9.749916
-0.722841 -0.686868 0.075583 0.731849 0.685949 -0.726457 -0.041645 -557.388491 0.083512 0.021743 0.996270 9.800947
-0.723054 -0.686889 0.073325 0.300093 0.685897 -0.726489 -0.041953 -556.987747 0.082086 0.019959 0.996425 9.860493
-0.723571 -0.686522 0.071640 -0.104370 0.685431 -0.726882 -0.042755 -556.605835 0.081426 0.018168 0.996514 9.919394
-0.723496 -0.686332 0.074179 -0.478845 0.685281 -0.727018 -0.042833 -556.244916 0.083327 0.019843 0.996325 9.972207
-0.722557 -0.687461 0.072860 -0.856957 0.685748 -0.726095 -0.050364 -555.898610 0.087526 0.013573 0.996070 10.035513
-0.722448 -0.687685 0.071823 -1.244206 0.685597 -0.725942 -0.054456 -555.558627 0.089588 0.009900 0.995930 10.080767
-0.722329 -0.687905 0.070904 -1.591858 0.685757 -0.725747 -0.055032 -555.226354 0.089315 0.008872 0.995964 10.123733
-0.722553 -0.687958 0.068055 -1.962466 0.685782 -0.725718 -0.055098 -554.877515 0.087293 0.006860 0.996159 10.177544
-0.722260 -0.688370 0.066988 -2.312329 0.686359 -0.725320 -0.053125 -554.544739 0.085157 0.007608 0.996338 10.228779
-0.722050 -0.688928 0.063411 -2.667604 0.686673 -0.724822 -0.055797 -554.230614 0.084402 0.003254 0.996427 10.286232
-0.721515 -0.689617 0.062011 -2.997448 0.687221 -0.724174 -0.057448 -553.919080 0.084524 0.001166 0.996421 10.328850
-0.720836 -0.690298 0.062322 -3.335713 0.687901 -0.723524 -0.057491 -553.604476 0.084777 0.001430 0.996399 10.373443
-0.720201 -0.690736 0.064759 -3.654431 0.688539 -0.723091 -0.055250 -553.292033 0.084990 0.004798 0.996370 10.419744
-0.720009 -0.690815 0.066041 -3.960870 0.688740 -0.723001 -0.053917 -552.995953 0.084995 0.006665 0.996359 10.459180
-0.719875 -0.690816 0.067476 -4.246881 0.688887 -0.722977 -0.052338 -552.718391 0.084940 0.008806 0.996347 10.502533
-0.719855 -0.690780 0.068057 -4.536437 0.688888 -0.723003 -0.051959 -552.447905 0.085098 0.009481 0.996328 10.547422
-0.719715 -0.690795 0.069372 -4.811845 0.688970 -0.722969 -0.051346 -552.176067 0.085624 0.010840 0.996269 10.584145
-0.720289 -0.690001 0.071290 -5.079779 0.688259 -0.723699 -0.050596 -551.931708 0.086504 0.012622 0.996172 10.619732
-0.720464 -0.689675 0.072665 -5.348359 0.687985 -0.723987 -0.050192 -551.670960 0.087225 0.013831 0.996093 10.660170
-0.720669 -0.689415 0.073095 -5.595244 0.687555 -0.724256 -0.052163 -551.433981 0.088902 0.012665 0.995960 10.699032
-0.721008 -0.688719 0.076250 -5.844047 0.686778 -0.724897 -0.053486 -551.198141 0.092110 0.013803 0.995653 10.737948
-0.721133 -0.688098 0.080550 -6.099088 0.686143 -0.725438 -0.054287 -550.961509 0.095789 0.016121 0.995271 10.775911
-0.721965 -0.686701 0.084904 -6.319816 0.684985 -0.726659 -0.052553 -550.746651 0.097785 0.020216 0.995002 10.816306
-0.724399 -0.683960 0.086285 -6.529362 0.682327 -0.729208 -0.051828 -550.535583 0.098368 0.021330 0.994921 10.850327
-0.726835 -0.681339 0.086534 -6.749368 0.679619 -0.731678 -0.052583 -550.344165 0.099142 0.020591 0.994860 10.878645
-0.728413 -0.679700 0.086152 -6.953784 0.677708 -0.733263 -0.055113 -550.154553 0.100632 0.018241 0.994756 10.904377
-0.729945 -0.678243 0.084658 -7.163950 0.675930 -0.734686 -0.057921 -549.975966 0.101482 0.014944 0.994725 10.932184
-0.731840 -0.676285 0.083960 -7.343736 0.673883 -0.736513 -0.058574 -549.815615 0.101451 0.013712 0.994746 10.963093
-0.733662 -0.674309 0.083952 -7.514666 0.671923 -0.738323 -0.058292 -549.660725 0.101290 0.013643 0.994763 10.992173
-0.735256 -0.672530 0.084273 -7.676782 0.670147 -0.739943 -0.058202 -549.510706 0.101500 0.013682 0.994741 11.017822
-0.737019 -0.670507 0.084986 -7.818332 0.668208 -0.741761 -0.057346 -549.382977 0.101490 0.014523 0.994731 11.043105
-0.738081 -0.669153 0.086439 -7.963837 0.666928 -0.742958 -0.056750 -549.253476 0.102195 0.015762 0.994639 11.069109
-0.737728 -0.669455 0.087108 -8.108258 0.667087 -0.742699 -0.058255 -549.122930 0.103695 0.015132 0.994494 11.094426
-0.737490 -0.669635 0.087740 -8.249714 0.666943 -0.742573 -0.061423 -549.005234 0.106284 0.013218 0.994248 11.115816
-0.736944 -0.670066 0.089018 -8.375213 0.667323 -0.742176 -0.062086 -548.892664 0.107668 0.013650 0.994093 11.134424
-0.736373 -0.670527 0.090269 -8.483236 0.667822 -0.741740 -0.061940 -548.796035 0.108488 0.014673 0.993989 11.148907
-0.735817 -0.671004 0.091250 -8.578674 0.668256 -0.741302 -0.062497 -548.703454 0.109580 0.014993 0.993865 11.163991
-0.736132 -0.670576 0.091858 -8.681107 0.667742 -0.741695 -0.063320 -548.619100 0.110592 0.014726 0.993757 11.181932
-0.736724 -0.669858 0.092345 -8.777247 0.666968 -0.742346 -0.063844 -548.533741 0.111318 0.014556 0.993678 11.196512
-0.736911 -0.669635 0.092473 -8.866576 0.666749 -0.742546 -0.063811 -548.451509 0.111396 0.014633 0.993668 11.208963
-0.737050 -0.669399 0.093074 -8.946492 0.666527 -0.742751 -0.063743 -548.382295 0.111800 0.015054 0.993617 11.226150
-0.737324 -0.669116 0.092935 -9.018346 0.666045 -0.743033 -0.065466 -548.319064 0.112858 0.013629 0.993518 11.236322
-0.737639 -0.668853 0.092327 -9.099882 0.665543 -0.743303 -0.067481 -548.251446 0.113761 0.011671 0.993440 11.248986
-0.737919 -0.668520 0.092506 -9.165766 0.665194 -0.743603 -0.067609 -548.192198 0.113986 0.011645 0.993414 11.258960
-0.738203 -0.668085 0.093377 -9.226304 0.664857 -0.743976 -0.066822 -548.133977 0.114113 0.012754 0.993386 11.269604
-0.738474 -0.667750 0.093625 -9.282788 0.664538 -0.744272 -0.066698 -548.081272 0.114220 0.012963 0.993371 11.278301
-0.738772 -0.667424 0.093602 -9.336013 0.664122 -0.744576 -0.067451 -548.032285 0.114712 0.012332 0.993322 11.286882
-0.738910 -0.667239 0.093829 -9.384125 0.663844 -0.744749 -0.068257 -547.993554 0.115423 0.011852 0.993246 11.294888
-0.739025 -0.667038 0.094350 -9.430544 0.663600 -0.744929 -0.068671 -547.953125 0.116091 0.011861 0.993168 11.303714
-0.739288 -0.666681 0.094814 -9.473725 0.663289 -0.745240 -0.068305 -547.914864 0.116197 0.012392 0.993149 11.311282
-0.739422 -0.666451 0.095387 -9.524364 0.663089 -0.745437 -0.068092 -547.871098 0.116485 0.012901 0.993109 11.317588
-0.739521 -0.666293 0.095720 -9.553857 0.662904 -0.745578 -0.068350 -547.847284 0.116908 0.012907 0.993059 11.325404
-0.739649 -0.666110 0.096006 -9.607596 0.662696 -0.745742 -0.068583 -547.800421 0.117280 0.012895 0.993015 11.331556
-0.739753 -0.665954 0.096283 -9.635819 0.662521 -0.745880 -0.068758 -547.776412 0.117605 0.012926 0.992976 11.337552
-0.739952 -0.665695 0.096540 -9.667690 0.662227 -0.746113 -0.069068 -547.745192 0.118008 0.012824 0.992930 11.343283
-0.740056 -0.665535 0.096858 -9.695632 0.662109 -0.746249 -0.068732 -547.718695 0.118023 0.013265 0.992922 11.348850
-0.740101 -0.665460 0.097027 -9.716684 0.662019 -0.746316 -0.068867 -547.699131 0.118241 0.013265 0.992896 11.350590
-0.740139 -0.665469 0.096678 -9.744152 0.661938 -0.746321 -0.069589 -547.679327 0.118462 0.012489 0.992880 11.353770
-0.740186 -0.665402 0.096771 -9.765014 0.661835 -0.746384 -0.069894 -547.662428 0.118736 0.012312 0.992850 11.358826
-0.740534 -0.665035 0.096637 -9.765345 0.661433 -0.746717 -0.070151 -547.652324 0.118813 0.011969 0.992844 11.358801
-0.740446 -0.665095 0.096895 -9.786996 0.661484 -0.746661 -0.070256 -547.640618 0.119075 0.012074 0.992812 11.363187
-0.740451 -0.665069 0.097033 -9.786228 0.661416 -0.746687 -0.070620 -547.634168 0.119420 0.011889 0.992773 11.363247
-0.740422 -0.665054 0.097360 -9.805541 0.661363 -0.746701 -0.070962 -547.622670 0.119892 0.011848 0.992716 11.366168
-0.740435 -0.664956 0.097921 -9.813443 0.661229 -0.746787 -0.071313 -547.613622 0.120546 0.011946 0.992636 11.368025
-0.740330 -0.665020 0.098286 -9.829896 0.661199 -0.746735 -0.072123 -547.601408 0.121357 0.011592 0.992541 11.366992
-0.740327 -0.664985 0.098541 -9.843141 0.661129 -0.746768 -0.072433 -547.591014 0.121754 0.011524 0.992493 11.369640
-0.740378 -0.664920 0.098595 -9.853950 0.661032 -0.746828 -0.072696 -547.582850 0.121971 0.011352 0.992469 11.373567
-0.740388 -0.664898 0.098675 -9.876980 0.661052 -0.746843 -0.072352 -547.562421 0.121801 0.011661 0.992486 11.377266
-0.740448 -0.664835 0.098643 -9.897777 0.661006 -0.746898 -0.072210 -547.547119 0.121684 0.011736 0.992500 11.378375
-0.740404 -0.664896 0.098563 -9.922922 0.661054 -0.746846 -0.072317 -547.521727 0.121694 0.011611 0.992500 11.384375
-0.740464 -0.664831 0.098557 -9.943237 0.661064 -0.746897 -0.071695 -547.502345 0.121277 0.012065 0.992545 11.389964
-0.740489 -0.664830 0.098375 -9.969682 0.661026 -0.746903 -0.071977 -547.477554 0.121329 0.011731 0.992543 11.392563
-0.740556 -0.664791 0.098127 -9.997772 0.661006 -0.746938 -0.071797 -547.452610 0.121025 0.011693 0.992581 11.396097
-0.740374 -0.665048 0.097762 -10.035283 0.661260 -0.746713 -0.071805 -547.418460 0.120754 0.011483 0.992616 11.401058
-0.740403 -0.665037 0.097615 -10.077440 0.661273 -0.746721 -0.071591 -547.377735 0.120502 0.011544 0.992646 11.408647
-0.740484 -0.665000 0.097251 -10.115127 0.661195 -0.746761 -0.071898 -547.340826 0.120436 0.011062 0.992659 11.416989
-0.740462 -0.665064 0.096986 -10.159046 0.661218 -0.746711 -0.072210 -547.304943 0.120445 0.010660 0.992663 11.422076
-0.740579 -0.664878 0.097372 -10.202738 0.661030 -0.746873 -0.072242 -547.267159 0.120757 0.010865 0.992623 11.431013
-0.740793 -0.664605 0.097605 -10.252489 0.660799 -0.747111 -0.071903 -547.222280 0.120709 0.011232 0.992624 11.441543
-0.740833 -0.664524 0.097854 -10.311453 0.660758 -0.747177 -0.071593 -547.174455 0.120690 0.011619 0.992622 11.455055
-0.740630 -0.664707 0.098140 -10.371770 0.660957 -0.747009 -0.071507 -547.117219 0.120843 0.011907 0.992600 11.460979
-0.740616 -0.664700 0.098295 -10.432620 0.660930 -0.747016 -0.071680 -547.058761 0.121074 0.011879 0.992572 11.473571
-0.740628 -0.664689 0.098282 -10.510255 0.660916 -0.747026 -0.071700 -546.994267 0.121078 0.011853 0.992572 11.486104
-0.740816 -0.664495 0.098172 -10.564712 0.660742 -0.747198 -0.071515 -546.936942 0.120876 0.011887 0.992597 11.497569
-0.740893 -0.664439 0.097971 -10.636093 0.660727 -0.747246 -0.071154 -546.879531 0.120486 0.012015 0.992642 11.511548
-0.741021 -0.664425 0.097095 -10.718581 0.660673 -0.747270 -0.071400 -546.813709 0.119996 0.011239 0.992711 11.527059
-0.741045 -0.664449 0.096747 -10.795316 0.660661 -0.747255 -0.071666 -546.742277 0.119914 0.010809 0.992725 11.537693
-0.741036 -0.664409 0.097089 -10.871953 0.660614 -0.747289 -0.071756 -546.672066 0.120229 0.010965 0.992686 11.544919
-0.740875 -0.664424 0.098205 -10.960038 0.660670 -0.747261 -0.071526 -546.593513 0.120909 0.011889 0.992592 11.563616
-0.740715 -0.664506 0.098858 -11.051142 0.660833 -0.747174 -0.070933 -546.520432 0.121000 0.012787 0.992570 11.583397
-0.740779 -0.664307 0.099709 -11.136527 0.660808 -0.747322 -0.069586 -546.440964 0.120741 0.014341 0.992580 11.593313
-0.740876 -0.664083 0.100476 -11.214572 0.660773 -0.747489 -0.068118 -546.357564 0.120340 0.015925 0.992605 11.603483
-0.740471 -0.664477 0.100861 -11.298664 0.661365 -0.747105 -0.066556 -546.280777 0.119579 0.017423 0.992672 11.620380
-0.740784 -0.664115 0.100944 -11.385083 0.661145 -0.747406 -0.065364 -546.208410 0.118855 0.018318 0.992743 11.638822
-0.740927 -0.664093 0.100039 -11.452332 0.661043 -0.747449 -0.065887 -546.146561 0.118529 0.017313 0.992800 11.647429
-0.740673 -0.664378 0.100027 -11.531954 0.661293 -0.747201 -0.066205 -546.076119 0.118725 0.017111 0.992780 11.662164
-0.740835 -0.664248 0.099693 -11.606002 0.661149 -0.747323 -0.066262 -546.010824 0.118517 0.016823 0.992809 11.671837
-0.741286 -0.663748 0.099668 -11.672594 0.660691 -0.747763 -0.065868 -545.955169 0.118248 0.017023 0.992838 11.687643
-0.741642 -0.663446 0.099029 -11.732802 0.660418 -0.748036 -0.065506 -545.900127 0.117537 0.016818 0.992926 11.698734
-0.741998 -0.663163 0.098248 -11.791139 0.660214 -0.748285 -0.064711 -545.852818 0.116432 0.016849 0.993056 11.707865
-0.742404 -0.662814 0.097536 -11.850484 0.659839 -0.748608 -0.064802 -545.806326 0.115968 0.016249 0.993120 11.717924
