1624180454.2949 70.8516
1624180454.3951 73.6328
1624180454.4949 74.6133
1624180454.5950 76.1680
1624180454.6950 76.2734
1624180454.7950 77.9336
1624180454.8949 77.9766
1624180454.9949 78.5156
1624180455.0948 78.6992
1624180455.1949 80.0117
1624180455.2949 80.2266
1624180455.3950 80.2383
1624180455.4951 80.2461
1624180455.5951 80.2500
1624180455.6950 80.2500
1624180455.7949 81.0273
1624180455.8949 81.1289
1624180455.9948 81.1328
1624180456.0947 81.3906
1624180456.1947 81.6484
1624180456.2947 83.1992
1624180456.3948 83.1992
1624180456.4949 83.2148
1624180456.5949 83.3164
1624180456.6949 83.4219
1624180456.7949 83.6797
1624180456.8949 83.9336
1624180456.9950 85.4805
1624180457.0950 85.4805
1624180457.1950 85.4805
1624180457.2949 85.4805
1624180457.3948 85.4805
1624180457.4948 86.9062
1624180457.5948 86.9062
1624180457.6947 87.0039
1624180457.7948 87.1250
1624180457.8949 87.1250
1624180457.9952 87.2656
1624180458.0950 88.9531
1624180458.1949 88.9531
1624180458.2949 88.9531
1624180458.3948 89.8984
1624180458.4948 89.8984
1624180458.5951 89.8984
1624180458.6949 90.7500
1624180458.7949 90.7500
1624180458.8949 90.7500
1624180458.9947 91.6094
1624180459.0948 91.6094
1624180459.1948 92.2031
1624180459.2948 92.2031
1624180459.3948 92.2031
1624180459.4949 92.8828
1624180459.5949 92.8828
1624180459.6950 92.9961
1624180459.7950 93.0625
1624180459.8948 93.0625
1624180459.9949 93.3203
1624180460.0949 94.8672
1624180460.1948 94.8672
1624180460.2948 95.4609
1624180460.3948 95.4609
1624180460.4949 95.4609
1624180460.5948 95.4609
1624180460.6948 95.4609
1624180460.7948 95.6367
1624180460.8949 97.1836
1624180460.9948 97.1836
1624180461.0948 97.1836
1624180461.1950 98.0430
1624180461.2948 98.0430
1624180461.3949 98.0430
1624180461.4947 98.0430
1624180461.5947 98.1680
1624180461.6949 98.1914
1624180461.7948 98.9648
1624180461.8948 98.9805
1624180461.9949 98.9805
1624180462.0948 99.7539
1624180462.1949 99.7734
1624180462.2950 99.7734
1624180462.3948 101.3203
1624180462.4947 101.3203
1624180462.5946 101.3203
1624180462.6946 101.3203
1624180462.7948 101.6211
1624180462.8948 101.6406
1624180462.9948 102.1562
1624180463.0947 102.1562
1624180463.1948 102.1562
1624180463.2949 102.9297
1624180463.3949 102.9336
1624180463.4948 102.9375
1624180463.5947 103.3398
1624180463.6946 103.3398
1624180463.7947 104.7695
1624180463.8949 104.7695
1624180463.9949 104.7695
1624180464.0949 104.7695
1624180464.1949 104.7695
1624180464.2948 105.5039
1624180464.3949 105.5039
1624180464.4946 105.5039
1624180464.5947 106.0000
1624180464.6949 106.0000
1624180464.7947 106.0000
1624180464.8947 107.5117
1624180464.9947 107.5117
1624180465.0947 107.5117
1624180465.1947 107.5117
1624180465.2947 107.5117
1624180465.3946 107.5117
1624180465.4947 109.0117
1624180465.5947 109.0117
1624180465.6947 109.0117
1624180465.7949 109.0117
1624180465.8949 109.0117
1624180465.9947 109.1367
1624180466.0948 109.1367
1624180466.1947 110.6836
1624180466.2948 110.6836
1624180466.3948 110.6836
1624180466.4948 110.6836
1624180466.5948 110.8477
1624180466.6947 111.0508
1624180466.7946 111.0508
1624180466.8946 111.0508
1624180466.9947 111.4492
1624180467.0948 112.2227
1624180467.1949 112.2227
1624180467.2950 112.2227
1624180467.3948 112.9648
1624180467.4948 112.9648
1624180467.5945 112.9648
1624180467.6945 112.9648
1624180467.7946 114.5000
1624180467.8947 114.5000
1624180467.9947 114.5000
1624180468.0948 114.5000
1624180468.1948 115.3945
1624180468.2948 115.3945
1624180468.3947 115.3945
1624180468.4947 115.3945
1624180468.5947 115.3945
1624180468.6946 115.3945
1624180468.7948 116.7031
1624180468.8948 116.7031
1624180468.9948 116.7031
1624180469.0947 116.7031
1624180469.1946 117.6445
1624180469.2946 117.6445
1624180469.3946 117.6445
1624180469.4946 117.6445
1624180469.5946 117.6445
1624180469.6947 117.6758
1624180469.7946 117.6758
1624180469.8947 118.0156
1624180469.9947 118.5312
1624180470.0947 118.7305
1624180470.1946 118.7305
1624180470.2947 118.7305
1624180470.3947 118.8711
1624180470.4947 120.4180
1624180470.5947 120.4180
1624180470.6946 120.4180
1624180470.7946 120.4180
1624180470.8946 120.4180
1624180470.9948 121.5820
1624180471.0946 121.5820
1624180471.1946 121.5820
1624180471.2947 121.5820
1624180471.3947 121.5820
1624180471.4947 121.9375
1624180471.5947 121.9414
1624180471.6946 121.9414
1624180471.7946 121.9414
1624180471.8945 123.5586
1624180471.9946 123.5586
1624180472.0946 123.5586
1624180472.1946 123.5586
1624180472.2947 123.5586
1624180472.3947 124.4297
1624180472.4949 124.4297
1624180472.5947 124.4297
1624180472.6948 124.4297
1624180472.7949 124.4297
1624180472.8946 125.1211
1624180472.9945 125.1211
1624180473.0945 125.1211
1624180473.1944 125.1211
1624180473.2944 125.1758
1624180473.3945 126.7227
1624180473.4947 126.7227
1624180473.5947 126.7227
1624180473.6948 126.7227
1624180473.7947 126.8086
1624180473.8946 126.8086
1624180473.9945 126.8086
1624180474.0945 127.1758
1624180474.1945 127.6914
1624180474.2945 127.8594
1624180474.3945 127.8594
1624180474.4945 128.6328
1624180474.5946 128.6445
1624180474.6945 128.6445
1624180474.7942 130.3320
1624180474.8942 130.3320
1624180474.9943 131.0820
1624180475.0947 131.0820
1624180475.1940 131.4258
1624180475.2941 131.5664
1624180475.3935 133.1211
1624180475.4927 133.5781
1624180475.5927 133.5820
1624180475.6942 134.6250
1624180475.7930 134.7695
1624180475.8942 135.5703
1624180475.9945 135.7383
1624180476.0935 137.2891
1624180476.1964 137.2891
1624180476.2913 138.5586
1624180476.3964 138.5664
1624180476.4964 139.6250
1624180476.5964 140.3438
1624180476.6963 140.9570
1624180476.7960 141.5664
1624180476.8960 142.2461
1624180476.9961 142.3477
1624180477.0959 143.3789
1624180477.1961 144.0156
1624180477.2945 144.6836
1624180477.3959 144.7812
1624180477.4962 146.0703
1624180477.5947 146.5664
1624180477.6961 147.1445
1624180477.7946 147.7812
1624180477.8945 148.3906
1624180477.9943 149.0664
1624180478.0942 149.7383
1624180478.1960 149.9180
1624180478.2944 151.2070
1624180478.3944 151.7148
1624180478.4946 152.3477
1624180478.5939 152.9141
1624180478.6965 153.1016
1624180478.7940 154.3906
1624180478.8940 154.8945
1624180478.9939 155.6133
1624180479.0939 156.5664
1624180479.1938 157.0469
1624180479.2939 157.6992
1624180479.3939 158.6094
1624180479.4940 159.0898
1624180479.5938 159.2344
1624180479.6938 160.2656
1624180479.7937 160.9336
1624180479.8961 161.5312
1624180479.9938 162.1992
1624180480.0939 162.3438
1624180480.1962 163.6328
1624180480.2963 164.2969
1624180480.3962 164.2969
1624180480.4959 165.5859
1624180480.5944 166.1289
1624180480.6959 166.2930
1624180480.7961 167.3242
1624180480.8945 168.0391
1624180480.9962 168.6641
1624180481.0967 169.5938
1624180481.1949 170.0859
1624180481.2944 170.7656
1624180481.3941 170.9375
1624180481.4932 172.2266
1624180481.5925 172.7773
1624180481.6940 173.3867
1624180481.7936 174.0195
1624180481.8934 174.6133
1624180481.9942 174.7500
1624180482.0940 176.0391
1624180482.1929 176.5312
1624180482.2924 177.1523
1624180482.3926 177.2578
1624180482.4941 178.2891
1624180482.5914 178.4766
1624180482.6929 179.6953
1624180482.7925 179.6953
1624180482.8923 180.7266
1624180482.9920 181.4453
1624180483.0913 182.0234
1624180483.1906 182.7305
1624180483.2897 183.3359
1624180483.3891 183.5039
1624180483.4883 184.5352
1624180483.5875 185.4453
1624180483.6868 185.9297
1624180483.7865 185.9961
1624180483.8861 187.0273
1624180483.9856 187.7227
1624180484.0850 187.8203
1624180484.1843 188.7227
1624180484.2836 188.8828
1624180484.3834 189.9141
1624180484.4830 190.0391
1624180484.5829 190.5000
1624180484.6829 191.1875
1624180484.7832 191.5391
1624180484.8832 192.4570
1624180484.9830 192.5977
1624180485.0832 193.3711
1624180485.1829 193.3711
1624180485.2831 194.3906
1624180485.3830 194.4766
1624180485.4829 194.9219
1624180485.5830 195.9062
1624180485.6829 195.9062
1624180485.7829 196.3945
1624180485.8828 197.2734
1624180485.9823 197.3359
1624180486.0819 198.1094
1624180486.1814 198.1094
1624180486.2727 198.3438
1624180486.3725 199.8711
1624180486.4724 199.8711
1624180486.5727 200.2227
1624180486.6725 200.4336
1624180486.7728 200.4336
1624180486.8729 202.1875
1624180486.9730 202.3477
1624180487.0728 202.5312
1624180487.1730 203.0469
1624180487.2727 203.7891
1624180487.3726 203.8906
1624180487.4727 204.6641
1624180487.5724 205.1562
1624180487.6728 205.3594
1624180487.7726 206.1328
1624180487.8728 206.1328
1624180487.9727 207.6562
1624180488.0728 207.6562
1624180488.1726 207.8672
1624180488.2728 208.7773
1624180488.3729 208.8281
1624180488.4811 208.8281
1624180488.5810 210.3750
1624180488.6729 210.3750
1624180488.7711 211.2656
1624180488.8726 211.2656
1624180488.9700 212.1562
1624180489.0728 212.3086
1624180489.1725 212.9609
1624180489.2705 213.0234
1624180489.3728 213.2109
1624180489.4727 213.2109
1624180489.5728 214.9609
1624180489.6705 215.1211
1624180489.7943 215.2812
1624180489.8942 215.4688
1624180489.9729 217.0156
1624180490.0709 217.0156
1624180490.1712 217.3125
1624180490.2713 217.5234
1624180490.3720 219.0703
1624180490.4714 219.0703
1624180490.5718 219.2266
1624180490.6718 219.4375
1624180490.7720 220.9844
1624180490.8718 220.9844
1624180490.9718 221.7305
1624180491.0723 221.8867
1624180491.1723 221.9648
1624180491.2722 222.7383
1624180491.3722 222.8438
1624180491.4723 222.8438
1624180491.5724 224.3906
1624180491.6724 224.3906
1624180491.7726 224.5469
1624180491.8725 224.7578
1624180491.9725 224.7578
1624180492.0725 226.4844
1624180492.1726 226.4844
1624180492.2726 226.5781
1624180492.3726 227.2852
1624180492.4728 227.3594
1624180492.5728 228.0898
1624180492.6728 228.1836
1624180492.7726 228.1836
1624180492.8727 229.8711
1624180492.9728 229.8711
1624180493.0727 230.0273
1624180493.1729 230.2383
1624180493.2704 231.0117
1624180493.3808 231.3867
1624180493.4706 232.0117
1624180493.5716 232.3320
1624180493.6808 232.5430
1624180493.7808 233.5742
1624180493.8808 233.6484
1624180493.9721 234.0938
1624180494.0721 234.2734
1624180494.1721 235.8203
1624180494.2721 235.8203
1624180494.3810 236.5703
1624180494.4810 236.5703
1624180494.5810 236.6484
1624180494.6810 237.2344
1624180494.7722 237.5859
1624180494.8812 237.7969
1624180494.9813 237.7969
1624180495.0812 239.4375
1624180495.1811 239.4375
1624180495.2811 239.5312
1624180495.3811 239.5312
1624180495.4727 241.2188
1624180495.5727 241.3750
1624180495.6814 241.3945
1624180495.7813 241.6523
1624180495.8726 241.8047
1624180495.9725 243.3516
1624180496.0812 243.3516
1624180496.1812 243.3750
1624180496.2727 243.5859
1624180496.3727 244.5000
1624180496.4814 244.6172
1624180496.5730 244.6172
1624180496.6727 246.3047
1624180496.7727 246.3047
1624180496.8814 246.4766
1624180496.9814 247.0977
1624180497.0815 247.1914
1624180497.1728 247.1914
1624180497.2728 248.8984
1624180497.3717 249.0508
1624180497.4816 249.2344
1624180497.5816 249.4219
1624180497.6816 250.9688
1624180497.7816 250.9688
1624180497.8817 250.9688
1624180497.9817 251.9414
1624180498.0817 251.9414
1624180498.1708 252.3516
1624180498.2708 252.3594
1624180498.3709 253.9062
1624180498.4721 253.9062
1624180498.5719 253.9258
1624180498.6711 254.1367
1624180498.7713 255.6836
1624180498.8711 255.6836
1624180498.9712 256.4336
1624180499.0716 256.4336
1624180499.1718 256.4609
1624180499.2819 256.6641
1624180499.3819 258.2109
1624180499.4717 258.2109
1624180499.5718 258.9609
1624180499.6719 258.9609
1624180499.7718 259.8516
1624180499.8720 259.8516
1624180499.9720 259.8516
1624180500.0722 259.9648
1624180500.1723 261.5117
1624180500.2723 261.5117
1624180500.3725 261.5117
1624180500.4725 261.8984
1624180500.5726 262.0117
1624180500.6820 263.5586
1624180500.7722 263.5586
1624180500.8723 263.5586
1624180500.9722 264.7109
1624180501.0720 264.7109
1624180501.1722 264.7109
1624180501.2718 264.7109
1624180501.3727 266.2891
1624180501.4726 266.2891
1624180501.5724 266.4844
1624180501.6726 266.9531
1624180501.7726 267.1641
1624180501.8820 267.1641
1624180501.9722 268.8516
1624180502.0718 268.8516
1624180502.1726 268.8516
1624180502.2726 269.2188
1624180502.3724 270.0703
1624180502.4722 270.1211
1624180502.5724 270.1211
1624180502.6724 271.6680
1624180502.7722 271.6680
1624180502.8724 271.6680
1624180502.9824 272.0625
1624180503.0722 272.1484
1624180503.1722 272.2891
1624180503.2724 273.9766
1624180503.3724 273.9766
1624180503.4723 274.0508
1624180503.5722 274.2422
1624180503.6722 274.2422
1624180503.7722 275.8672
1624180503.8720 275.8672
1624180503.9721 275.8672
1624180504.0721 277.1289
1624180504.1720 277.1289
1624180504.2720 277.1289
1624180504.3717 277.7812
1624180504.4726 277.7812
1624180504.5726 277.7812
1624180504.6725 279.4453
1624180504.7830 279.4453
1624180504.8720 280.1836
1624180504.9724 280.1836
1624180505.0720 280.1836
1624180505.1726 280.1836
1624180505.2725 281.5352
1624180505.3725 281.5352
1624180505.4825 282.4258
1624180505.5725 282.4258
1624180505.6725 283.0508
1624180505.7723 283.0508
1624180505.8716 283.0508
1624180505.9698 283.0508
1624180506.0829 284.6953
1624180506.1706 284.6953
1624180506.2704 285.2539
1624180506.3705 285.2539
1624180506.4827 285.4688
1624180506.5710 285.6211
1624180506.6823 285.7148
1624180506.7712 285.8555
1624180506.8712 287.5430
1624180506.9713 287.5430
1624180507.0713 287.5430
1624180507.1714 287.9375
1624180507.2716 288.2695
1624180507.3712 288.3789
1624180507.4717 289.9258
1624180507.5717 289.9258
1624180507.6717 290.6758
1624180507.7714 290.6758
1624180507.8721 290.6758
1624180507.9714 291.4805
1624180508.0716 291.4805
1624180508.1716 291.4805
1624180508.2718 291.4883
1624180508.3719 292.2617
1624180508.4719 292.3789
1624180508.5721 292.8945
1624180508.6721 293.0781
1624180508.7724 293.8516
1624180508.8722 293.8516
1624180508.9724 293.8516
1624180509.0724 293.9688
1624180509.1725 295.6992
1624180509.2724 295.6992
1624180509.3724 295.6992
1624180509.4724 296.1250
1624180509.5717 296.2227
1624180509.6718 296.2227
1624180509.7721 297.7695
1624180509.8720 297.7695
1624180509.9721 297.7695
1624180510.0723 297.7852
1624180510.1724 297.7852
1624180510.2725 299.4336
1624180510.3725 299.4336
1624180510.4726 299.4336
1624180510.5726 300.6367
1624180510.6726 300.6367
1624180510.7727 300.6367
1624180510.8727 300.6367
1624180510.9727 301.8438
1624180511.0726 301.8438
1624180511.1726 302.7344
1624180511.2727 302.7344
1624180511.3724 303.0625
1624180511.4728 303.0938
1624180511.5726 303.3516
1624180511.6725 303.5039
1624180511.7710 303.6445
1624180511.8828 304.5586
1624180511.9713 304.7852
1624180512.0713 304.9023
1624180512.1715 305.1602
1624180512.2715 306.6758
1624180512.3714 306.6758
1624180512.4804 306.6758
1624180512.5714 306.6758
1624180512.6803 308.1953
1624180512.7717 308.1953
1624180512.8803 308.1953
1624180512.9714 308.1953
1624180513.0955 308.1953
1624180513.1957 309.8320
1624180513.2956 309.8320
1624180513.3801 309.8320
1624180513.4956 309.8320
1624180513.5956 309.8828
1624180513.6714 311.5703
1624180513.7724 311.5703
1624180513.8724 311.5703
1624180513.9726 311.6055
1624180514.0726 311.7891
1624180514.1722 311.9297
1624180514.2716 313.6172
1624180514.3713 313.6172
1624180514.4713 313.6172
1624180514.5713 313.8477
1624180514.6710 314.0547
1624180514.7716 314.0547
1624180514.8712 315.6914
1624180514.9710 315.6914
1624180515.0725 315.6914
1624180515.1724 315.6914
1624180515.2716 317.3125
1624180515.3725 317.3125
1624180515.4724 317.5000
1624180515.5726 317.5234
1624180515.6725 317.7812
1624180515.7724 317.8438
1624180515.8724 317.8438
1624180515.9724 319.3984
1624180516.0723 319.3984
1624180516.1721 319.3984
1624180516.2721 319.3984
1624180516.3720 320.7227
1624180516.4720 320.7227
1624180516.5720 321.1719
1624180516.6718 321.1719
1624180516.7725 321.1719
1624180516.8809 321.1719
1624180516.9723 322.2734
1624180517.0724 322.2734
1624180517.1722 322.2734
1624180517.2722 322.2734
1624180517.3722 322.2734
1624180517.4720 322.2734
1624180517.5719 323.6992
1624180517.6721 323.6992
1624180517.7716 323.7109
1624180517.8722 323.7500
1624180517.9715 323.7656
1624180518.0719 323.7656
1624180518.1717 325.3125
1624180518.2718 325.3125
1624180518.3718 325.3125
1624180518.4707 325.3125
1624180518.5720 325.3125
1624180518.6722 325.3125
1624180518.7722 326.8945
1624180518.8717 326.8945
1624180518.9719 326.8945
1624180519.0720 326.8945
1624180519.1716 326.8945
1624180519.2719 326.8945
1624180519.3721 328.2656
1624180519.4721 328.2656
1624180519.5719 328.2656
1624180519.6721 328.2656
1624180519.7724 328.2656
1624180519.8721 329.8359
1624180519.9717 329.8359
1624180520.0825 330.1836
1624180520.1723 330.1836
1624180520.2719 330.6836
1624180520.3717 330.6836
1624180520.4703 330.6836
1624180520.5821 330.7188
1624180520.6696 330.7539
1624180520.7820 330.7539
1624180520.8853 332.4414
1624180520.9849 332.4414
1624180521.0861 332.8945
1624180521.1699 332.8945
1624180521.2714 332.8945
1624180521.3711 332.8945
1624180521.4877 332.9102
1624180521.5817 332.9336
1624180521.6818 334.4805
1624180521.7818 334.4805
1624180521.8819 334.4805
1624180521.9717 334.5586
1624180522.0711 334.6523
1624180522.1817 334.7930
1624180522.2816 336.3398
1624180522.3816 336.3398
1624180522.4815 336.3398
1624180522.5722 336.3398
1624180522.6720 336.3398
1624180522.7725 337.5586
1624180522.8720 337.5586
1624180522.9723 337.5586
1624180523.0723 337.6523
1624180523.1805 337.7891
1624180523.2722 337.9297
1624180523.3721 339.5430
1624180523.4722 339.5430
1624180523.5805 339.5430
1624180523.6722 339.5430
1624180523.7722 339.6016
1624180523.8722 341.3320
1624180523.9808 341.3320
1624180524.0722 341.3867
1624180524.1723 341.5547
1624180524.2722 342.0703
1624180524.3717 342.2109
1624180524.4721 342.2109
1624180524.5716 342.2109
1624180524.6802 343.9453
1624180524.7803 343.9453
1624180524.8706 344.0078
1624180524.9810 344.7109
1624180525.0813 345.3242
1624180525.1806 345.4609
1624180525.2807 345.4609
1624180525.3806 345.4609
1624180525.4875 347.1523
1624180525.5804 347.2969
1624180525.6804 347.3438
1624180525.7804 347.8594
1624180525.8804 347.9531
1624180525.9804 347.9531
1624180526.0804 349.6406
1624180526.1721 349.6406
1624180526.2721 349.6406
1624180526.3721 349.7266
1624180526.4720 349.7266
1624180526.5808 351.2734
1624180526.6806 351.2734
1624180526.7719 351.2734
1624180526.8718 351.2734
1624180526.9715 352.6016
1624180527.0810 352.6016
1624180527.1814 352.6016
1624180527.2713 353.3906
1624180527.3714 353.3906
1624180527.4716 353.3906
1624180527.5717 353.5898
1624180527.6717 353.7891
1624180527.7718 353.7891
1624180527.8722 355.3359
1624180527.9722 355.3359
1624180528.0799 355.3359
1624180528.1798 355.3359
1624180528.2715 356.7148
1624180528.3710 356.7148
1624180528.4710 356.7148
1624180528.5708 356.7734
1624180528.6708 356.8789
1624180528.7707 356.8789
1624180528.8705 358.4453
1624180528.9706 358.4453
1624180529.0708 358.4453
1624180529.1706 358.4453
1624180529.2706 358.4453
1624180529.3717 360.1094
1624180529.4715 360.1094
1624180529.5713 360.1094
1624180529.6705 360.1094
1624180529.7715 361.5469
1624180529.8711 361.5469
1624180529.9707 361.5469
1624180530.0707 361.5469
1624180530.1707 361.5469
1624180530.2708 363.1602
1624180530.3709 363.1602
1624180530.4719 363.1602
1624180530.5723 363.1602
1624180530.6721 363.9258
1624180530.7721 364.2617
1624180530.8718 364.3359
1624180530.9805 364.3359
1624180531.0720 365.9922
1624180531.1718 365.9922
1624180531.2714 365.9922
1624180531.3705 365.9922
1624180531.4699 366.6055
1624180531.5715 367.0742
1624180531.6713 367.1914
1624180531.7711 367.1914
1624180531.8711 368.8789
1624180531.9713 368.8789
1624180532.0715 368.8789
1624180532.1717 368.8789
1624180532.2700 370.3594
1624180532.3704 370.3594
1624180532.4708 370.7539
1624180532.5705 370.9023
1624180532.6704 371.0898
1624180532.7706 371.0898
1624180532.8707 372.6367
1624180532.9711 372.6367
1624180533.0715 372.6367
1624180533.1713 372.6367
1624180533.2717 374.0469
1624180533.3719 374.0469
1624180533.4713 374.5156
1624180533.5711 374.5156
1624180533.6708 374.5156
1624180533.7710 374.6953
1624180533.8710 374.8633
1624180533.9712 374.8633
1624180534.0714 376.5234
1624180534.1716 376.5234
1624180534.2715 376.7344
1624180534.3712 376.9375
1624180534.4712 377.0195
1624180534.5711 377.7930
1624180534.6717 378.0898
1624180534.7719 378.1367
1624180534.8717 378.9102
1624180534.9713 379.1367
1624180535.0697 379.2461
1624180535.1703 380.7930
1624180535.2710 380.7930
1624180535.3710 380.7930
1624180535.4712 381.1602
1624180535.5716 381.3398
1624180535.6721 381.3398
1624180535.7722 381.3398
1624180535.8722 383.0273
1624180535.9719 383.0273
1624180536.0699 383.5586
1624180536.1701 383.5586
1624180536.2720 383.5586
1624180536.3810 383.5586
1624180536.4848 385.1562
1624180536.5888 385.1562
1624180536.6810 385.1562
1624180536.7811 385.1562
1624180536.8820 385.1562
1624180536.9865 386.7383
1624180537.0850 386.7383
1624180537.1866 386.7383
1624180537.2692 386.7383
1624180537.3814 386.7383
1624180537.4704 388.2148
1624180537.5712 388.2148
1624180537.6712 388.2148
1624180537.7722 388.2148
1624180537.8720 388.2148
1624180537.9722 389.8047
1624180538.0716 389.8047
1624180538.1698 389.8047
1624180538.2676 389.8047
1624180538.3680 391.1641
1624180538.4684 391.1641
1624180538.5688 391.6094
1624180538.6691 391.6094
1624180538.7693 391.6094
1624180538.8720 391.6094
1624180538.9694 391.8750
1624180539.0696 392.0781
1624180539.1698 392.0781
1624180539.2702 393.7656
1624180539.3703 393.7656
1624180539.4706 393.7656
1624180539.5710 393.7656
1624180539.6710 394.9102
1624180539.7712 394.9102
1624180539.8712 394.9102
1624180539.9717 394.9102
1624180540.0802 395.0117
1624180540.1720 395.0117
1624180540.2719 396.6211
1624180540.3803 396.6211
1624180540.4805 396.6211
1624180540.5805 396.6211
1624180540.6807 396.7148
1624180540.7807 397.3711
1624180540.8810 397.5781
1624180540.9716 397.5781
1624180541.0811 399.2109
1624180541.1712 399.2109
1624180541.2811 399.2109
1624180541.3721 399.2109
1624180541.4721 399.2109
1624180541.5722 400.7031
1624180541.6806 400.7031
1624180541.7802 400.7031
1624180541.8815 400.8242
1624180541.9720 400.9609
1624180542.0814 401.4766
1624180542.1799 401.4766
1624180542.2799 401.4766
1624180542.3719 403.0195
1624180542.4802 403.0195
1624180542.5801 403.0195
1624180542.6803 403.0195
1624180542.7803 403.4023
1624180542.8816 403.5938
1624180542.9816 403.5938
1624180543.0719 404.5078
1624180543.1803 404.5078
1624180543.2804 404.5078
1624180543.3825 406.1680
1624180543.4805 406.1680
1624180543.5824 406.1680
1624180543.6805 406.1680
1624180543.7819 406.1680
1624180543.8949 406.1680
1624180543.9807 407.4883
1624180544.0691 407.4883
1624180544.1830 407.4883
1624180544.2809 407.4883
1624180544.3699 407.4883
1624180544.4670 408.9258
1624180544.5657 408.9258
1624180544.6658 408.9258
1624180544.7656 409.5430
1624180544.8658 409.5508
1624180544.9659 409.9141
1624180545.0661 409.9844
1624180545.1671 409.9844
1624180545.2690 411.6445
1624180545.3825 411.6445
1624180545.4803 411.6445
1624180545.5811 411.6445
1624180545.6811 411.6445
1624180545.7811 413.2578
1624180545.8810 413.2578
1624180545.9808 413.2578
1624180546.0698 413.2578
1624180546.1712 413.6016
1624180546.2800 413.7305
1624180546.3825 413.7305
1624180546.4809 413.7305
1624180546.5826 415.4180
1624180546.6813 415.4180
1624180546.7813 415.7266
1624180546.8813 415.7266
1624180546.9824 415.7266
1624180547.0812 415.7266
1624180547.1812 415.7266
1624180547.2811 415.7266
1624180547.3708 417.2656
1624180547.4806 417.2656
1624180547.5691 417.2656
1624180547.6806 417.2656
1624180547.7812 417.2656
1624180547.8824 418.7812
1624180547.9824 418.7812
1624180548.0820 419.1836
1624180548.1818 419.1836
1624180548.2824 419.1836
1624180548.3812 419.1836
1624180548.4811 419.1836
1624180548.5811 419.1836
1624180548.6645 419.1836
1624180548.7817 420.7461
1624180548.8622 420.7461
1624180548.9822 420.7461
1624180549.0643 421.5234
1624180549.1649 421.5234
1624180549.2652 421.5234
1624180549.3651 421.5234
1624180549.4647 421.5234
1624180549.5634 421.5234
1624180549.6811 421.5234
1624180549.7661 423.1562
1624180549.8661 423.1562
1624180549.9641 423.1562
1624180550.0823 423.9102
1624180550.1823 423.9102
1624180550.2812 423.9102
1624180550.3811 423.9102
1624180550.4812 423.9102
1624180550.5812 423.9102
1624180550.6773 425.4023
1624180550.7773 425.4023
1624180550.8773 425.4023
1624180550.9772 425.4883
1624180551.0770 425.5859
1624180551.1773 425.5859
1624180551.2769 425.5859
1624180551.3811 427.1562
1624180551.4820 427.1562
1624180551.5808 427.1562
1624180551.6819 427.1562
1624180551.7813 427.1562
1624180551.8810 427.1562
1624180551.9809 428.5117
1624180552.0810 428.5117
1624180552.1823 428.5117
1624180552.2817 428.5117
1624180552.3809 428.5117
1624180552.4815 428.5117
1624180552.5808 429.7461
1624180552.6813 429.7461
1624180552.7823 429.7461
1624180552.8809 429.7461
1624180552.9823 429.7461
1624180553.0809 429.7461
1624180553.1811 429.7461
1624180553.2822 431.2812
1624180553.3822 431.2812
1624180553.4809 431.2812
1624180553.5810 431.2812
1624180553.6809 431.3125
1624180553.7817 431.3125
1624180553.8808 431.3125
1624180553.9808 431.6719
1624180554.0807 431.6719
1624180554.1809 431.6719
1624180554.2823 433.3164
1624180554.3815 433.3164
1624180554.4814 433.3164
1624180554.5821 433.3164
1624180554.6807 433.3164
1624180554.7820 433.3164
1624180554.8767 433.4453
1624180554.9767 434.9922
1624180555.0765 434.9922
1624180555.1763 434.9922
1624180555.2763 434.9922
1624180555.3817 434.9922
1624180555.4815 434.9922
1624180555.5807 434.9922
1624180555.6817 434.9922
1624180555.7808 436.6055
1624180555.8810 436.6055
1624180555.9815 436.6055
1624180556.0813 436.6055
1624180556.1816 436.6055
1624180556.2816 436.6055
1624180556.3799 436.6055
1624180556.4717 438.1289
1624180556.5717 438.1289
1624180556.6717 438.1289
1624180556.7716 438.1289
1624180556.8716 438.1289
1624180556.9717 438.1289
1624180557.0717 438.1289
1624180557.1719 438.1289
1624180557.2816 439.7617
1624180557.3716 439.7617
1624180557.4808 439.7617
1624180557.5720 439.7617
1624180557.6719 439.7617
1624180557.7719 439.7617
1624180557.8718 441.1680
1624180557.9718 441.1680
1624180558.0719 441.1680
1624180558.1717 441.1680
1624180558.2712 441.1680
1624180558.3809 441.1680
1624180558.4706 442.5117
1624180558.5704 442.5117
1624180558.6810 442.5117
1624180558.7810 442.5469
1624180558.8810 442.5742
1624180558.9811 442.8320
1624180559.0809 442.8711
1624180559.1811 443.6445
1624180559.2802 443.6445
1624180559.3710 443.6445
1624180559.4710 443.6445
1624180559.5802 443.7617
1624180559.6802 445.3086
1624180559.7669 445.3086
1624180559.8798 445.3086
1624180559.9796 445.3086
1624180560.0796 445.3086
1624180560.1656 445.3086
1624180560.2800 446.7031
1624180560.3710 446.7031
1624180560.4802 446.7031
1624180560.5711 446.7031
1624180560.6715 447.0781
1624180560.7716 447.2109
1624180560.8715 447.2109
1624180560.9718 447.2109
1624180561.0716 447.3516
1624180561.1718 448.8984
1624180561.2718 448.8984
1624180561.3805 448.8984
1624180561.4806 448.8984
1624180561.5806 448.8984
1624180561.6804 449.3672
1624180561.7796 449.3711
1624180561.8797 449.3711
1624180561.9795 449.3711
1624180562.0800 449.4766
1624180562.1798 451.0234
1624180562.2797 451.0234
1624180562.3800 451.0234
1624180562.4707 451.0234
1624180562.5710 451.0234
1624180562.6706 451.0234
1624180562.7796 451.0234
1624180562.8706 452.3633
1624180562.9710 452.3633
1624180563.0711 452.3633
1624180563.1707 452.3633
1624180563.2704 452.6172
1624180563.3703 452.6680
1624180563.4706 452.6680
1624180563.5709 452.6680
1624180563.6713 452.6680
1624180563.7707 454.2148
1624180563.8710 454.2148
1624180563.9708 454.2148
1624180564.0710 454.2148
1624180564.1706 454.2148
1624180564.2799 454.2148
1624180564.3705 454.2148
1624180564.4798 455.8164
1624180564.5799 455.8164
1624180564.6795 455.8164
1624180564.7698 455.8164
1624180564.8690 455.8164
1624180564.9711 455.8164
1624180565.0711 457.2461
1624180565.1707 457.2461
1624180565.2711 457.5820
1624180565.3709 457.5820
1624180565.4711 457.5820
1624180565.5691 457.5820
1624180565.6697 457.5820
1624180565.7714 459.0078
1624180565.8676 459.0078
1624180565.9692 459.0078
1624180566.0799 459.0820
1624180566.1699 459.1406
1624180566.2798 459.6562
1624180566.3802 459.8633
1624180566.4685 459.8633
1624180566.5664 459.8633
1624180566.6701 460.0039
1624180566.7686 461.6914
1624180566.8712 461.6914
1624180566.9705 461.6914
1624180567.0715 461.7422
1624180567.1715 461.7773
1624180567.2714 461.7773
1624180567.3714 463.4648
1624180567.4714 463.4648
1624180567.5703 463.5977
1624180567.6715 463.6250
1624180567.7705 463.6250
1624180567.8709 463.6250
1624180567.9709 465.3086
1624180568.0702 465.3086
1624180568.1710 465.3086
1624180568.2708 465.3086
1624180568.3709 465.3086
1624180568.4690 466.5625
1624180568.5694 466.5625
1624180568.6702 466.5625
1624180568.7707 466.5625
1624180568.8698 467.9609
1624180568.9794 467.9609
1624180569.0697 467.9609
1624180569.1799 468.6367
1624180569.2709 468.6367
1624180569.3709 469.1172
1624180569.4712 469.1172
1624180569.5710 469.1172
1624180569.6703 469.1172
1624180569.7798 469.1172
1624180569.8690 469.5586
1624180569.9704 469.7734
1624180570.0673 469.7734
1624180570.1706 471.3203
1624180570.2703 471.3203
1624180570.3701 471.3203
1624180570.4701 471.3203
1624180570.5698 471.3203
1624180570.6698 471.6367
1624180570.7695 471.7344
1624180570.8691 472.5078
1624180570.9688 472.5664
1624180571.0690 472.5664
1624180571.1702 472.5664
1624180571.2700 474.1133
1624180571.3703 474.1133
1624180571.4705 474.1133
1624180571.5705 474.1133
1624180571.6705 475.1406
1624180571.7704 475.1406
1624180571.8661 475.1406
1624180571.9665 475.1406
1624180572.0670 475.1406
1624180572.1696 475.1406
1624180572.2675 476.7773
1624180572.3678 476.7773
1624180572.4685 476.7773
1624180572.5705 476.7773
1624180572.6690 476.7773
1624180572.7688 478.1797
1624180572.8701 478.1797
1624180572.9688 478.1797
1624180573.0690 478.1797
1624180573.1695 478.1797
1624180573.2693 479.6367
1624180573.3690 479.6367
1624180573.4691 479.6367
1624180573.5704 479.6367
1624180573.6688 480.5781
1624180573.7680 480.5781
1624180573.8699 480.5781
1624180573.9675 480.6094
1624180574.0705 480.7188
1624180574.1698 480.7188
1624180574.2682 480.8594
1624180574.3710 482.5469
1624180574.4706 482.5469
1624180574.5702 482.5469
1624180574.6706 482.5469
1624180574.7707 482.5469
1624180574.8705 483.9531
1624180574.9693 483.9531
1624180575.0703 483.9531
1624180575.1660 483.9531
1624180575.2681 484.9219
1624180575.3673 484.9219
1624180575.4669 484.9219
1624180575.5704 485.1836
1624180575.6693 485.3359
1624180575.7680 485.5938
1624180575.8668 485.6836
1624180575.9666 485.6836
1624180576.0707 487.3789
1624180576.1680 487.3789
1624180576.2689 487.8672
1624180576.3695 487.8672
1624180576.4701 487.8672
1624180576.5705 487.8672
1624180576.6661 489.2500
1624180576.7673 489.2500
1624180576.8684 489.2500
1624180576.9660 489.2500
1624180577.0704 489.2930
1624180577.1689 490.0664
1624180577.2674 490.1484
1624180577.3706 490.4062
1624180577.4702 490.4922
1624180577.5663 491.2656
1624180577.6706 491.2656
1624180577.7668 491.2656
1624180577.8708 491.2656
1624180577.9672 492.7891
1624180578.0708 492.7891
1624180578.1684 492.7891
1624180578.2682 493.7188
1624180578.3679 493.7188
1624180578.4671 493.7188
1624180578.5706 493.7188
1624180578.6682 493.7188
1624180578.7682 495.2109
1624180578.8676 495.2109
1624180578.9682 495.9297
1624180579.0680 495.9297
1624180579.1675 495.9297
1624180579.2675 495.9297
1624180579.3704 497.1328
1624180579.4701 497.1328
1624180579.5666 497.1328
1624180579.6699 497.1328
1624180579.7703 497.1328
1624180579.8671 498.6680
1624180579.9707 498.6680
1624180580.0697 499.4297
1624180580.1705 499.4297
1624180580.2712 499.4297
1624180580.3709 499.4297
1624180580.4712 499.4297
1624180580.5711 500.9336
1624180580.6711 500.9336
1624180580.7711 501.8086
1624180580.8708 501.8086
1624180580.9707 502.3828
1624180581.0710 502.3828
1624180581.1713 503.1055
1624180581.2715 503.1055
1624180581.3713 503.1055
1624180581.4713 503.1406
1624180581.5712 503.3008
1624180581.6713 503.3008
1624180581.7711 504.9258
1624180581.8712 504.9258
1624180581.9712 504.9258
1624180582.0712 504.9258
1624180582.1715 504.9258
1624180582.2712 506.3359
1624180582.3712 506.3359
1624180582.4710 506.3359
1624180582.5712 506.3359
1624180582.6711 507.4414
1624180582.7710 507.4414
1624180582.8711 507.4414
1624180582.9713 507.4414
1624180583.0713 507.7578
1624180583.1709 507.9336
1624180583.2711 508.7070
1624180583.3710 508.9414
1624180583.4711 508.9766
1624180583.5709 508.9766
1624180583.6712 510.6250
1624180583.7710 510.6250
1624180583.8712 511.3398
1624180583.9710 511.3398
1624180584.0712 511.3398
1624180584.1712 511.3398
1624180584.2712 511.3398
1624180584.3712 512.7266
1624180584.4712 512.7266
1624180584.5710 512.7266
1624180584.6711 512.7266
1624180584.7712 512.7266
1624180584.8712 514.0547
1624180584.9710 514.0547
1624180585.0712 514.0547
1624180585.1710 514.0547
1624180585.2712 514.6914
1624180585.3711 514.6914
1624180585.4711 514.6914
1624180585.5711 515.4258
1624180585.6711 515.4258
1624180585.7711 515.4258
1624180585.8711 515.4258
1624180585.9712 515.5352
1624180586.0712 517.2383
1624180586.1711 517.2383
1624180586.2711 517.2383
1624180586.3710 517.3750
1624180586.4711 517.4414
1624180586.5711 517.4414
1624180586.6713 517.5820
1624180586.7711 517.6484
1624180586.8712 519.3359
1624180586.9713 519.3359
1624180587.0712 519.3359
1624180587.1712 519.3359
1624180587.2712 519.3359
1624180587.3711 519.3359
1624180587.4710 520.7812
1624180587.5711 520.7812
1624180587.6711 520.7812
1624180587.7711 520.7812
1624180587.8709 520.7812
1624180587.9710 522.2031
1624180588.0711 522.2031
1624180588.1712 522.2031
1624180588.2711 522.2031
1624180588.3711 522.2031
1624180588.4710 522.2031
1624180588.5711 523.6992
1624180588.6711 523.6992
1624180588.7709 523.6992
1624180588.8710 523.6992
1624180588.9711 523.6992
1624180589.0711 523.6992
1624180589.1710 523.6992
1624180589.2710 523.8320
1624180589.3710 525.2734
1624180589.4710 525.2734
1624180589.5710 525.2734
1624180589.6709 525.2734
1624180589.7705 525.2734
1624180589.8699 525.2812
1624180589.9703 526.9219
1624180590.0705 526.9219
1624180590.1707 526.9219
1624180590.2707 526.9219
1624180590.3703 526.9219
1624180590.4705 528.2148
1624180590.5705 528.2148
1624180590.6704 528.2148
1624180590.7708 528.2148
1624180590.8706 528.2148
1624180590.9709 529.5039
1624180591.0709 529.5039
1624180591.1709 529.5039
1624180591.2709 529.5039
1624180591.3705 529.5039
1624180591.4707 529.5039
1624180591.5710 531.0703
1624180591.6707 531.0703
1624180591.7710 531.0938
1624180591.8708 531.0938
1624180591.9710 531.0938
1624180592.0711 531.0938
1624180592.1709 531.0938
1624180592.2712 532.7422
1624180592.3710 532.7422
1624180592.4710 533.1680
1624180592.5710 533.1680
1624180592.6710 533.1680
1624180592.7708 533.1680
1624180592.8710 533.1680
1624180592.9710 534.3867
1624180593.0710 534.3867
1624180593.1710 534.3867
1624180593.2710 534.3867
1624180593.3708 534.3867
1624180593.4710 534.3867
1624180593.5709 535.8477
1624180593.6709 535.8477
1624180593.7709 535.8477
1624180593.8713 535.8477
1624180593.9712 536.8320
1624180594.0710 536.8320
1624180594.1710 536.8320
1624180594.2710 536.8320
1624180594.3708 536.8320
1624180594.4708 537.1797
1624180594.5710 537.3594
1624180594.6709 537.3594
1624180594.7709 537.3594
1624180594.8710 537.5000
1624180594.9710 537.5859
1624180595.0706 539.2461
1624180595.1708 539.2461
1624180595.2708 539.2461
1624180595.3710 539.2461
1624180595.4707 539.2461
1624180595.5709 539.2461
1624180595.6706 539.2461
1624180595.7707 540.6953
1624180595.8708 540.6953
1624180595.9710 540.6953
1624180596.0709 540.6953
1624180596.1707 540.6953
1624180596.2708 541.2461
1624180596.3709 541.2461
1624180596.4709 541.2461
1624180596.5709 541.2461
1624180596.6705 541.7812
1624180596.7710 541.9805
1624180596.8707 541.9805
1624180596.9708 541.9805
1624180597.0710 542.1328
1624180597.1709 543.5742
1624180597.2708 543.5742
1624180597.3709 543.5742
1624180597.4710 543.5742
1624180597.5709 543.9961
1624180597.6709 544.0898
1624180597.7709 544.0898
1624180597.8708 544.0898
1624180597.9705 544.1094
1624180598.0709 545.6680
1624180598.1705 545.6680
1624180598.2705 545.9570
1624180598.3705 545.9570
1624180598.4706 545.9570
1624180598.5710 545.9570
1624180598.6710 545.9570
1624180598.7709 547.1680
1624180598.8709 547.1680
1624180598.9707 547.3867
1624180599.0705 547.3867
1624180599.1705 547.3867
1624180599.2710 547.3867
1624180599.3707 547.3867
1624180599.4708 547.3867
1624180599.5707 548.6836
1624180599.6705 548.6836
1624180599.7709 548.9727
1624180599.8707 548.9727
1624180599.9708 548.9727
1624180600.0705 548.9727
1624180600.1707 548.9727
1624180600.2705 548.9727
1624180600.3707 550.3594
1624180600.4707 550.3594
1624180600.5707 550.3594
1624180600.6709 550.8438
1624180600.7709 550.8438
1624180600.8707 551.1367
1624180600.9709 551.1367
1624180601.0709 551.1367
1624180601.1709 551.1367
1624180601.2707 551.1367
1624180601.3709 551.1367
1624180601.4706 551.1367
1624180601.5708 552.4648
1624180601.6706 552.4648
1624180601.7706 552.8242
1624180601.8708 552.8242
1624180601.9706 552.8242
1624180602.0707 552.8242
1624180602.1709 552.8242
1624180602.2705 552.8242
1624180602.3706 552.8242
1624180602.4706 554.4023
1624180602.5706 554.4023
1624180602.6706 554.4023
1624180602.7708 554.4023
1624180602.8707 554.4023
1624180602.9706 554.4023
1624180603.0708 555.7031
1624180603.1707 555.7031
1624180603.2708 555.7031
1624180603.3708 555.7031
1624180603.4705 555.7031
1624180603.5708 556.0859
1624180603.6708 556.0859
1624180603.7708 556.0859
1624180603.8706 556.0859
1624180603.9708 556.0859
1624180604.0708 557.6250
1624180604.1708 557.6250
1624180604.2708 557.6250
1624180604.3707 557.6250
1624180604.4708 557.6250
1624180604.5709 557.8906
1624180604.6710 557.9102
1624180604.7706 557.9102
1624180604.8708 557.9102
1624180604.9707 558.0508
1624180605.0707 558.1914
1624180605.1710 559.7383
1624180605.2710 559.7383
1624180605.3710 560.0898
1624180605.4710 560.0898
1624180605.5708 560.0898
1624180605.6708 560.0898
1624180605.7709 560.0898
1624180605.8708 560.0898
1624180605.9710 560.0898
1624180606.0706 561.5195
1624180606.1704 561.5195
1624180606.2704 561.5195
1624180606.3704 561.5195
1624180606.4705 561.5195
1624180606.5701 561.5195
1624180606.6701 561.5195
1624180606.7696 562.7930
1624180606.8700 562.7930
1624180606.9696 562.7930
1624180607.0698 562.7930
1624180607.1692 562.7930
1624180607.2686 562.7930
1624180607.3706 562.7930
1624180607.4707 562.7930
1624180607.5706 564.2695
1624180607.6704 564.2695
1624180607.7701 564.2695
1624180607.8707 564.2695
1624180607.9707 564.2695
1624180608.0710 564.2695
1624180608.1708 564.2695
1624180608.2703 565.8477
1624180608.3706 565.8477
1624180608.4708 566.1172
1624180608.5707 566.1172
1624180608.6708 566.1172
1624180608.7703 566.1172
1624180608.8706 566.1172
1624180608.9707 566.1172
1624180609.0706 566.1172
1624180609.1708 567.5078
1624180609.2705 567.5078
1624180609.3702 567.5078
1624180609.4706 567.5078
1624180609.5706 567.5078
1624180609.6708 567.9023
1624180609.7708 567.9883
1624180609.8708 567.9883
1624180609.9710 568.1133
1624180610.0707 568.1133
1624180610.1706 568.1133
1624180610.2708 569.7031
1624180610.3706 569.7031
1624180610.4704 569.7031
1624180610.5705 569.7031
1624180610.6709 569.7617
1624180610.7709 569.7617
1624180610.8710 569.7617
1624180610.9710 569.7617
1624180611.0708 569.8398
1624180611.1707 571.4688
1624180611.2705 571.4688
1624180611.3709 571.4688
1624180611.4703 571.4688
1624180611.5701 571.4688
1624180611.6703 571.5195
1624180611.7692 571.5195
1624180611.8645 571.6602
1624180611.9690 571.8008
1624180612.0689 571.8008
1624180612.1707 573.4180
1624180612.2706 573.4180
1624180612.3704 573.4180
1624180612.4704 573.4180
1624180612.5707 573.4180
1624180612.6705 573.4180
1624180612.7715 573.4180
1624180612.8711 573.4180
1624180612.9638 573.5117
1624180613.0744 575.0586
1624180613.1734 575.0586
1624180613.2129 575.0586
1624180613.3646 575.0586
1624180613.4646 575.0586
1624180613.5647 575.0586
1624180613.6648 575.0586
1624180613.7648 575.0586
1624180613.8648 575.0586
1624180613.9648 576.6523
1624180614.0650 576.6523
1624180614.1652 576.6523
1624180614.2654 576.6523
1624180614.3655 576.6523
1624180614.4657 577.5273
1624180614.5659 577.6367
1624180614.6662 577.6367
1624180614.7662 577.6367
1624180614.8664 577.8945
1624180614.9665 577.9414
1624180615.0665 577.9414
1624180615.1668 577.9414
1624180615.2669 577.9414
1624180615.3669 579.4883
1624180615.4671 579.4883
1624180615.5673 579.4883
1624180615.6673 579.4883
1624180615.7675 579.4883
1624180615.8675 579.4883
1624180615.9677 579.4883
1624180616.0679 579.4883
1624180616.1680 580.9062
1624180616.2681 580.9062
1624180616.3683 580.9062
1624180616.4686 580.9062
1624180616.5688 580.9062
1624180616.6689 580.9453
1624180616.7690 581.0156
1624180616.8690 581.0156
1624180616.9692 581.0156
1624180617.0694 582.5625
1624180617.1694 582.5625
1624180617.2694 582.5625
1624180617.3694 582.5625
1624180617.4692 582.5625
1624180617.5694 582.5625
1624180617.6706 582.5625
1624180617.7702 582.5625
1624180617.8700 582.5625
1624180617.9700 584.0312
1624180618.0703 584.0312
1624180618.1700 584.0312
1624180618.2700 584.0312
1624180618.3702 584.0312
1624180618.4702 584.0312
1624180618.5704 584.0312
1624180618.6702 584.4102
1624180618.7704 584.4102
1624180618.8703 584.4102
1624180618.9757 584.6484
1624180619.0759 584.8164
1624180619.1702 584.8164
1624180619.2756 585.2148
1624180619.3753 585.4219
1624180619.4757 585.4219
1624180619.5752 585.5625
1624180619.6756 585.9531
1624180619.7707 586.4062
1624180619.8747 586.4453
1624180619.9706 586.4453
1624180620.0769 586.5859
1624180620.1760 586.7266
1624180620.2770 587.4453
1624180620.3773 587.4453
1624180620.4771 587.4453
1624180620.5770 588.1445
1624180620.6769 588.1445
1624180620.7769 588.1445
1624180620.8767 588.1445
1624180620.9770 588.1836
1624180621.0765 589.8359
1624180621.1765 589.8359
1624180621.2783 589.8359
1624180621.3767 589.8359
1624180621.4739 589.8359
1624180621.5782 589.8359
1624180621.6783 591.2461
1624180621.7783 591.2461
1624180621.8734 591.2461
1624180621.9781 591.2461
1624180622.0762 591.2461
1624180622.1765 591.3203
1624180622.2776 591.3672
1624180622.3762 592.9141
1624180622.4763 592.9141
1624180622.5770 593.2305
1624180622.6758 593.2305
1624180622.7753 593.2305
1624180622.8753 593.2305
1624180622.9759 593.2305
1624180623.0753 593.2891
1624180623.1756 593.8047
1624180623.2756 593.8047
1624180623.3758 594.1562
1624180623.4756 594.4922
1624180623.5757 594.5352
1624180623.6754 594.7930
1624180623.7755 595.0977
1624180623.8757 595.2109
1624180623.9755 595.2109
1624180624.0753 596.7578
1624180624.1751 596.7578
1624180624.2755 596.7578
1624180624.3755 596.7578
1624180624.4754 596.7578
1624180624.5751 596.8984
1624180624.6754 596.8984
1624180624.7752 597.3906
1624180624.8751 597.5156
1624180624.9751 597.8672
1624180625.0749 597.8672
1624180625.1749 597.8672
1624180625.2749 599.4492
1624180625.3679 599.4492
1624180625.4747 599.4492
1624180625.5749 599.4492
1624180625.6745 600.2656
1624180625.7745 600.2656
1624180625.8744 600.2656
1624180625.9746 600.2656
1624180626.0752 600.2656
1624180626.1744 600.2656
1624180626.2744 601.4102
1624180626.3741 601.4102
1624180626.4746 601.8555
1624180626.5743 601.8555
1624180626.6753 601.8555
1624180626.7737 601.8555
1624180626.8735 601.8555
1624180626.9762 601.8555
1624180627.0759 601.8711
1624180627.1754 601.8711
1624180627.2752 603.4883
1624180627.3754 603.4883
1624180627.4753 603.4883
1624180627.5753 603.4883
1624180627.6752 603.4883
1624180627.7747 603.4883
1624180627.8743 604.9336
1624180627.9743 604.9336
1624180628.0747 604.9336
1624180628.1751 604.9336
1624180628.2750 604.9336
1624180628.3747 604.9844
1624180628.4743 605.3594
1624180628.5739 605.4727
1624180628.6736 605.4727
1624180628.7743 605.8242
1624180628.8698 606.2031
1624180628.9734 606.4375
1624180629.0730 606.4570
1624180629.1724 606.7227
1624180629.2721 607.0547
1624180629.3733 607.0547
1624180629.4739 607.1562
1624180629.5731 608.7031
1624180629.6709 608.7031
1624180629.7728 608.7031
1624180629.8708 608.7031
1624180629.9708 609.5820
1624180630.0691 609.5820
1624180630.1665 609.5820
1624180630.2661 609.5820
1624180630.3690 609.5820
1624180630.4650 609.5820
1624180630.5682 609.5820
1624180630.6694 610.6523
1624180630.7674 610.6523
1624180630.8682 610.6523
1624180630.9657 611.1602
1624180631.0676 611.3008
1624180631.1661 611.3008
1624180631.2679 611.3008
1624180631.3687 611.4375
1624180631.4687 611.8359
1624180631.5686 612.0078
1624180631.6680 612.0078
1624180631.7676 612.1484
1624180631.8670 612.1484
1624180631.9659 612.2891
1624180632.0651 613.8359
1624180632.1639 613.8359
1624180632.2621 613.8359
1624180632.3701 613.8359
1624180632.4707 613.8359
1624180632.5695 613.8359
1624180632.6696 613.8359
1624180632.7693 613.8359
1624180632.8692 613.9531
1624180632.9693 613.9531
1624180633.0693 615.5000
1624180633.1621 615.5000
1624180633.2621 615.5000
1624180633.3685 615.5000
1624180633.4662 615.5000
1624180633.5654 616.6602
1624180633.6640 616.6602
1624180633.7637 616.6602
1624180633.8633 616.6602
1624180633.9654 616.6602
1624180634.0652 616.6602
1624180634.1653 616.6602
1624180634.2658 618.2031
1624180634.3667 618.2031
1624180634.4658 618.2031
1624180634.5570 618.2031
1624180634.6582 618.2031
1624180634.7662 618.2031
1624180634.8587 619.5156
1624180634.9597 619.5156
1624180635.0613 619.5156
1624180635.1625 619.5156
1624180635.2629 619.5156
1624180635.3632 619.5156
1624180635.4630 619.5156
1624180635.5632 619.5156
1624180635.6627 621.1172
1624180635.7629 621.1172
1624180635.8631 621.1172
1624180635.9635 621.1172
1624180636.0635 621.1172
1624180636.1636 621.1172
1624180636.2626 622.2812
1624180636.3619 622.2812
1624180636.4601 622.2812
1624180636.5609 622.2812
1624180636.6602 622.2812
1624180636.7614 622.2812
1624180636.8624 623.6523
1624180636.9624 623.6523
1624180637.0622 623.6523
1624180637.1625 623.6523
1624180637.2618 623.6523
1624180637.3607 623.6523
1624180637.4611 623.6523
1624180637.5619 625.1680
1624180637.6628 625.1680
1624180637.7625 625.1680
1624180637.8626 625.1680
1624180637.9641 625.1680
1624180638.0657 625.1680
1624180638.1578 625.1680
1624180638.2671 626.7109
1624180638.3546 626.7109
1624180638.4601 626.7109
1624180638.5608 626.7109
1624180638.6608 626.7109
1624180638.7616 626.7109
1624180638.8617 628.1328
1624180638.9614 628.1328
1624180639.0612 628.1328
1624180639.1597 628.1328
1624180639.2587 628.1328
1624180639.3587 628.1328
1624180639.4596 628.1328
1624180639.5589 628.5000
1624180639.6591 628.5430
1624180639.7593 628.5430
1624180639.8594 630.1602
1624180639.9594 630.1602
1624180640.0594 630.1602
1624180640.1594 630.1602
1624180640.2601 630.1602
1624180640.3601 631.4023
1624180640.4591 631.4023
1624180640.5579 631.4023
1624180640.6571 631.4023
1624180640.7575 631.4023
1624180640.8575 631.4023
1624180640.9573 631.4023
1624180641.0576 632.8047
1624180641.1635 632.8047
1624180641.2634 632.8047
1624180641.3556 632.8047
1624180641.4537 632.8672
1624180641.5605 633.0117
1624180641.6630 633.0195
1624180641.7596 633.0195
1624180641.8568 633.1367
1624180641.9640 633.1367
1624180642.0525 634.7109
1624180642.1561 634.7109
1624180642.2561 634.7109
1624180642.3511 635.4375
1624180642.4528 635.4375
1624180642.5526 635.4375
1624180642.6526 635.4375
1624180642.7524 635.4375
1624180642.8510 635.4375
1624180642.9526 635.4375
1624180643.0526 636.9766
1624180643.1561 636.9766
1624180643.2526 636.9766
1624180643.3561 636.9766
1624180643.4528 636.9766
1624180643.5526 636.9766
1624180643.6526 636.9766
1624180643.7526 638.4531
1624180643.8525 638.4531
1624180643.9527 638.8086
1624180644.0562 638.8086
1624180644.1525 638.8086
1624180644.2528 638.8086
1624180644.3529 638.8086
1624180644.4530 640.0391
1624180644.5532 640.0391
1624180644.6532 640.0391
1624180644.7534 640.0391
1624180644.8532 640.7852
1624180644.9529 640.7852
1624180645.0531 640.7852
1624180645.1532 640.7852
1624180645.2518 641.4688
1624180645.3533 641.4688
1624180645.4533 641.4688
1624180645.5539 641.4688
1624180645.6535 641.4688
1624180645.7545 641.4688
1624180645.8574 642.5625
1624180645.9537 642.5625
1624180646.0539 642.9062
1624180646.1538 642.9062
1624180646.2539 642.9062
1624180646.3545 642.9062
1624180646.4543 642.9062
1624180646.5532 642.9062
1624180646.6571 642.9062
1624180646.7573 642.9062
1624180646.8547 643.0820
1624180646.9547 643.0820
1624180647.0550 644.6289
1624180647.1550 644.6289
1624180647.2540 644.8047
1624180647.3542 644.8047
1624180647.4554 644.8047
1624180647.5572 644.8047
1624180647.6554 644.8047
1624180647.7576 644.8047
1624180647.8560 645.8359
1624180647.9552 645.8359
1624180648.0572 645.8359
1624180648.1564 645.8359
1624180648.2564 645.8359
1624180648.3566 645.8359
1624180648.4567 646.7773
1624180648.5571 646.7773
1624180648.6571 646.7773
1624180648.7577 647.2188
1624180648.8588 647.2188
1624180648.9582 647.2188
1624180649.0578 647.2188
1624180649.1583 647.2188
1624180649.2582 647.8516
1624180649.3583 647.8516
1624180649.4583 647.8516
1624180649.5585 647.8516
1624180649.6587 647.8516
1624180649.7589 647.8516
1624180649.8591 647.8516
1624180649.9591 647.8516
1624180650.0497 648.9414
1624180650.1597 648.9414
1624180650.2603 648.9414
1624180650.3507 649.4062
1624180650.4604 649.4062
1624180650.5608 649.4062
1624180650.6439 649.4062
1624180650.7605 649.4062
1624180650.8615 649.4062
1624180650.9454 649.4062
1624180651.0618 649.4062
1624180651.1431 649.4062
1624180651.2621 649.5156
1624180651.3623 649.6172
1624180651.4678 649.8750
1624180651.5627 649.9414
1624180651.6625 649.9414
1624180651.7633 651.4883
1624180651.8643 651.4883
1624180651.9666 651.4883
1624180652.0644 651.8242
1624180652.1644 651.8242
1624180652.2648 651.8242
1624180652.3649 652.3281
1624180652.4446 652.3281
1624180652.5653 652.3281
1624180652.6655 652.7930
1624180652.7656 652.7930
1624180652.8659 652.7930
1624180652.9299 652.7930
1624180653.0664 652.7930
1624180653.1667 652.7930
1624180653.2668 652.7930
1624180653.3671 652.7930
1624180653.4673 654.1914
1624180653.5674 654.1914
1624180653.6676 654.1914
1624180653.7677 654.1914
1624180653.8679 654.1914
1624180653.9685 655.0508
1624180654.0677 655.0508
1624180654.1592 655.0508
1624180654.2587 655.0508
1624180654.3688 655.0508
1624180654.4689 655.0508
1624180654.5589 655.0508
1624180654.6595 655.1094
1624180654.7722 655.2852
1624180654.8589 655.2852
1624180654.9696 656.8867
1624180655.0698 656.8867
1624180655.1715 656.8867
1624180655.2725 656.8867
1624180655.3600 656.8867
1624180655.4705 657.8164
1624180655.5752 657.8164
1624180655.6707 657.8164
1624180655.7707 657.8164
1624180655.8724 657.8164
1624180655.9710 657.8164
1624180656.0708 658.9766
1624180656.1715 658.9766
1624180656.2954 659.3906
1624180656.3711 659.3906
1624180656.4728 659.3906
1624180656.5735 659.3906
1624180656.6737 659.3906
1624180656.7718 659.3906
1624180656.8956 659.3906
1624180656.9949 659.5547
1624180657.0943 659.5742
1624180657.1750 659.5742
1624180657.2605 661.1836
1624180657.3721 661.1836
1624180657.4607 661.1836
1624180657.5718 661.1836
1624180657.6609 662.0820
1624180657.7605 662.0820
1624180657.8611 662.0820
1624180657.9470 662.0820
1624180658.0605 662.0820
1624180658.1610 662.0820
1624180658.2613 662.0898
1624180658.3611 662.2070
1624180658.4609 662.3828
1624180658.5553 662.3828
1624180658.6535 664.0469
1624180658.7418 664.0469
1624180658.8283 664.4609
1624180658.9478 664.4609
1624180659.0292 664.4609
1624180659.1616 664.4609
1624180659.2613 665.2539
1624180659.3502 665.2539
1624180659.4750 665.2539
1624180659.5614 665.2539
1624180659.6618 665.2539
1624180659.7620 665.2539
1624180659.8617 666.4531
1624180659.9614 666.4531
1624180660.0617 666.4531
1624180660.1619 666.4531
1624180660.2624 666.4531
1624180660.3617 666.4531
1624180660.4622 666.4531
1624180660.5622 667.7734
1624180660.6624 667.7734
1624180660.7624 668.1445
1624180660.8620 668.1445
1624180660.9620 668.1445
1624180661.0624 668.1445
1624180661.1618 668.1445
1624180661.2618 668.1445
1624180661.3630 668.1445
1624180661.4632 668.1445
1624180661.5626 669.5273
1624180661.6628 669.5273
1624180661.7628 669.5273
1624180661.8169 670.1562
1624180661.9628 670.1562
1624180662.0630 670.5469
1624180662.1627 670.5469
1624180662.2629 670.5469
1624180662.3631 670.5469
1624180662.4631 670.5469
1624180662.5634 670.5469
1624180662.6634 670.5469
1624180662.7635 671.7930
1624180662.8648 671.7930
1624180662.9761 671.7930
1624180663.0766 671.7930
1624180663.1631 671.7930
1624180663.2758 671.7930
1624180663.3765 671.7930
1624180663.4758 671.8320
1624180663.5726 673.3789
1624180663.6786 673.3789
1624180663.7839 673.3789
1624180663.8840 673.3789
1624180663.9794 673.3789
1624180664.0833 673.3789
1624180664.1841 673.3789
1624180664.2717 674.7500
1624180664.3723 674.7500
1624180664.4764 674.7500
1624180664.5761 674.7500
1624180664.6769 675.3867
1624180664.7764 675.3867
1624180664.8775 675.3867
1624180664.9651 675.3867
1624180665.0795 675.3867
1624180665.1672 676.3242
1624180665.2680 676.3242
1624180665.3828 676.3242
1624180665.4845 676.3242
1624180665.5850 676.3242
1624180665.6863 676.3242
1624180665.7880 676.3242
1624180665.8894 676.3242
1624180665.9770 676.3477
1624180666.0917 676.3477
1624180666.1935 676.7266
1624180666.2955 676.7617
1624180666.3968 676.9297
1624180666.4965 677.0742
1624180666.5965 677.3320
1624180666.7026 677.3398
1624180666.7884 677.5000
1624180666.8898 677.7578
1624180666.9917 677.8008
1624180667.1038 678.0586
1624180667.2041 678.2148
1624180667.3041 678.2148
1624180667.4041 678.2148
1624180667.5040 678.3711
1624180667.6040 678.6289
1624180667.6326 678.7539
1624180667.7135 679.0117
1624180667.8180 679.1992
1624180668.0038 679.1992
1624180668.1042 679.1992
1624180668.2038 679.4844
1624180668.2217 679.6523
1624180668.3234 679.6523
1624180668.4248 679.9102
1624180668.5251 680.0664
1624180668.6251 680.0664
1624180668.7232 680.6992
1624180668.8249 680.6992
1624180668.9249 680.6992
1624180669.0251 680.9570
1624180669.1243 681.0898
1624180669.2246 681.0898
1624180669.3252 681.3477
1624180669.4252 681.3828
1624180669.5252 681.5664
1624180669.6262 681.5664
1624180669.7267 681.9414
1624180669.8262 682.0117
1624180669.9267 682.2695
1624180670.0244 682.2891
1624180670.1250 682.5469
1624180670.2250 682.5469
1624180670.3247 682.7656
1624180670.4244 682.7656
1624180670.5199 682.9023
1624180670.6242 683.1602
1624180670.7244 683.1602
1624180670.8250 683.2852
1624180670.9249 683.5430
1624180671.0249 683.5742
1624180671.1246 683.8320
1624180671.2177 683.8945
1624180671.3246 684.1523
1624180671.4232 684.1523
1624180671.5230 684.3086
1624180671.6212 684.3086
1624180671.7197 684.6367
1624180671.8255 684.6680
1624180671.9263 684.9258
1624180672.0242 684.9258
1624180672.1249 684.9258
1624180672.2249 686.5234
1624180672.3249 686.5234
1624180672.4243 686.5234
1624180672.5267 686.5234
1624180672.6251 686.5234
1624180672.8040 686.5234
1624180672.9040 686.6211
1624180673.0039 686.6211
1624180673.1040 686.6211
1624180673.2029 686.9492
1624180673.3029 687.0625
1624180673.4010 687.3203
1624180673.5036 687.3359
1624180673.6041 687.3359
1624180673.7040 688.9531
1624180673.7249 688.9531
1624180673.8257 688.9531
1624180673.9243 688.9531
1624180674.0257 688.9531
1624180674.1249 689.6016
1624180674.2249 689.6016
1624180674.3247 689.6016
1624180674.4249 689.6016
1624180674.5243 689.6016
1624180674.6270 690.3398
1624180674.7265 690.3398
1624180674.8233 690.3398
1624180674.9267 690.3398
1624180675.0263 690.3398
1624180675.1238 690.9961
1624180675.2980 690.9961
1624180675.3974 690.9961
1624180675.4973 690.9961
1624180675.5970 690.9961
1624180675.6174 690.9961
1624180675.7957 691.8438
1624180675.9029 691.8438
1624180676.0025 691.8438
1624180676.1036 691.8438
1624180676.2037 692.3828
1624180676.2858 692.3828
1624180676.4034 692.3828
1624180676.5026 692.3828
1624180676.6026 692.9414
1624180676.6973 692.9414
1624180676.7977 692.9414
1624180676.8979 692.9414
1624180676.9985 692.9414
1624180677.0982 693.7812
1624180677.1981 693.7812
1624180677.2981 693.7812
1624180677.3983 693.7812
1624180677.4981 693.7812
1624180677.5978 693.7812
1624180677.6978 694.4375
1624180677.7981 694.4375
1624180677.8980 694.4375
1624180677.9979 694.4375
1624180678.0860 694.4375
1624180678.1851 694.4375
1624180678.2830 694.4375
1624180678.3966 694.4375
1624180678.4566 695.4766
1624180678.5827 695.4766
1624180678.6821 695.4766
1624180678.7827 695.4766
1624180678.8832 695.4766
1624180678.9824 696.1680
1624180679.0821 696.1680
1624180679.1823 696.1680
1624180679.3009 696.1680
1624180679.3980 696.1680
1624180679.4981 696.1680
1624180679.5980 696.1680
1624180679.6980 696.1680
1624180679.7981 696.1680
1624180679.8980 696.2773
1624180679.9980 696.3125
1624180680.0980 696.3125
1624180680.1980 696.3828
1624180680.2981 698.0000
1624180680.3980 698.0000
1624180680.4277 698.0000
1624180680.5289 698.3281
1624180680.6293 698.3281
1624180680.7294 698.3281
1624180680.8295 698.3281
1624180680.9294 698.3281
1624180681.0291 698.3281
1624180681.1291 698.3281
1624180681.2291 699.4648
1624180681.3291 699.4648
1624180681.4291 699.4648
1624180681.5293 699.4648
1624180681.6980 699.9883
1624180681.7898 699.9883
1624180681.8906 699.9883
1624180681.9796 699.9883
1624180682.0905 699.9883
1624180682.1905 699.9883
1624180682.2897 699.9883
1624180682.3835 699.9883
1624180682.4821 699.9883
1624180682.5980 699.9883
1624180682.6294 699.9883
1624180682.7295 700.0820
1624180682.8300 700.2227
1624180682.9241 700.3633
1624180683.0296 700.3633
1624180683.1302 700.6211
1624180683.2302 700.6445
1624180683.3326 700.7852
1624180683.4350 700.7852
1624180683.5332 702.3320
1624180683.6304 702.3320
1624180683.7302 702.3320
1624180683.8868 702.3320
1624180683.9864 702.3320
1624180684.0304 702.3320
1624180684.1304 702.3320
1624180684.2304 702.3320
1624180684.3306 703.3086
1624180684.4304 703.3086
1624180684.5304 703.3477
1624180684.6302 703.3477
1624180684.7292 703.3477
1624180684.8331 703.8164
1624180684.9331 703.8164
1624180685.0331 704.0938
1624180685.1333 704.0938
1624180685.2333 704.0938
1624180685.3332 704.0938
1624180685.4329 704.0938
1624180685.5325 704.0938
1624180685.6319 704.0938
1624180685.7315 704.0938
1624180685.8276 704.0938
1624180685.9272 704.0938
1624180686.0268 704.0938
1624180686.1266 705.6406
1624180686.2265 705.6406
1624180686.3233 705.6406
1624180686.4231 705.9258
1624180686.5271 705.9258
1624180686.6294 705.9258
1624180686.7266 705.9258
1624180686.8267 705.9258
1624180686.9264 706.4727
1624180687.0261 706.4727
1624180687.1262 706.8164
1624180687.2262 706.8164
1624180687.3262 707.0898
1624180687.4262 707.0898
1624180687.5264 707.3164
1624180687.6262 707.3164
1624180687.7262 707.3164
1624180687.8262 707.3164
1624180687.9262 707.3164
1624180688.0264 707.3164
1624180688.1264 707.3164
1624180688.2264 707.3164
1624180688.3264 707.3164
1624180688.4262 707.3164
1624180688.5264 707.3164
1624180688.6264 708.8164
1624180688.7262 708.8164
1624180688.8260 708.8281
1624180688.9260 708.8281
1624180689.0262 708.8281
1624180689.1260 708.8281
1624180689.2260 708.8281
1624180689.3289 708.8281
1624180689.4299 708.8281
1624180689.5299 708.8281
1624180689.6299 708.8281
1624180689.7878 708.8281
1624180689.8924 708.8281
1624180689.9926 708.8281
1624180690.0883 708.9258
1624180690.1877 710.6172
1624180690.2877 710.6172
1624180690.3879 710.6367
1624180690.4878 710.6367
1624180690.5878 710.6367
1624180690.6823 710.6367
1624180690.7879 710.6367
1624180690.8877 710.6367
1624180690.9879 710.6367
1624180691.0876 710.6367
1624180691.1880 710.7305
1624180691.2882 710.7305
1624180691.3882 710.7305
1624180691.4884 712.2773
1624180691.5881 712.2773
1624180691.6879 712.2891
1624180691.7881 712.2891
1624180691.8885 712.2891
1624180691.9895 712.2891
1624180692.0904 712.2891
1624180692.1908 712.2891
1624180692.2909 712.2891
1624180692.3907 712.3828
1624180692.4904 712.3828
1624180692.5925 712.4336
1624180692.6907 713.9805
1624180692.7905 713.9805
1624180692.8882 714.1211
1624180692.9879 714.1211
1624180693.0900 714.4922
1624180693.1906 714.4922
1624180693.2923 714.4922
1624180693.3923 714.4922
1624180693.4921 714.4922
1624180693.5884 714.4922
1624180693.6900 714.4922
1624180693.7847 714.4922
1624180693.8802 716.0469
1624180693.9900 716.0469
1624180694.0829 716.2852
1624180694.1905 716.2852
1624180694.2901 716.2852
1624180694.3920 716.2852
1624180694.4874 716.2852
1624180694.5891 716.2852
1624180694.6907 716.2852
1624180694.7922 717.6641
1624180694.8923 717.6641
1624180694.9922 717.6641
1624180695.0906 717.6641
1624180695.1906 718.1445
1624180695.2921 718.1445
1624180695.3921 718.1445
1624180695.4920 718.1445
1624180695.5904 718.1445
1624180695.6922 718.1445
1624180695.7921 719.2695
1624180695.8921 719.2695
1624180695.9906 719.2695
1624180696.0905 719.2695
1624180696.1902 719.2695
1624180696.2904 720.3398
1624180696.3899 720.3398
1624180696.4903 720.3398
1624180696.5901 720.3398
1624180696.6903 720.3398
1624180696.7882 720.3398
1624180696.8905 721.6562
1624180696.9904 721.6562
1624180697.0851 722.1406
1624180697.1829 722.1406
1624180697.2882 722.1406
1624180697.3864 722.1406
1624180697.4905 722.2930
1624180697.5902 722.4805
1624180697.6882 722.4805
1624180697.7864 724.1680
1624180697.8863 724.1680
1624180697.9914 724.1680
1624180698.0914 724.1680
1624180698.1864 725.1484
1624180698.2915 725.1484
1624180698.3915 725.1484
1624180698.4914 725.1484
1624180698.5879 725.1484
1624180698.6916 725.1758
1624180698.7890 726.9180
1624180698.8916 726.9180
1624180698.9902 726.9180
1624180699.0907 726.9180
1624180699.1914 726.9180
1624180699.2905 728.5742
1624180699.3884 728.5742
1624180699.4876 728.5742
1624180699.5875 728.5742
1624180699.6883 729.8125
1624180699.7897 729.8125
1624180699.8904 730.0352
1624180699.9900 730.3086
1624180700.0900 730.4375
1624180700.1903 730.4375
1624180700.2900 732.1250
1624180700.3890 732.1250
1624180700.4892 732.1875
1624180700.5899 732.8984
1624180700.6860 733.0430
1624180700.7897 733.8164
1624180700.8905 733.8164
1624180700.9860 734.5664
1624180701.0909 734.5664
1624180701.1907 736.0898
1624180701.2862 736.2539
1624180701.3907 736.3125
1624180701.4905 736.3398
1624180701.5905 737.8867
1624180701.6903 737.8867
1624180701.7905 737.8867
1624180701.8843 739.3789
1624180701.9899 739.3789
1624180702.0894 739.5664
1624180702.1897 739.7773
1624180702.2906 740.5508
1624180702.3907 740.6680
1624180702.4904 742.2148
1624180702.5899 743.1641
1624180702.6901 744.1094
1624180702.7904 744.1406
1624180702.8905 744.4062
1624180702.9902 744.4062
1624180703.0897 744.4062
1624180703.1897 744.8633
1624180703.2896 746.7383
1624180703.3892 746.8555
1624180703.4898 747.6289
1624180703.5897 747.6289
1624180703.6905 747.6289
1624180703.7923 749.2773
1624180703.8896 749.9688
1624180703.9923 749.9688
1624180704.0920 749.9688
1624180704.1924 750.4727
1624180704.2907 751.9883
1624180704.3906 752.9688
1624180704.4901 753.4805
1624180704.5906 754.0938
1624180704.6905 754.1836
1624180704.7905 754.1836
1624180704.8905 755.7305
1624180704.9921 755.7305
1624180705.0924 755.7305
1624180705.1905 756.4727
1624180705.2906 756.5898
1624180705.3904 758.1367
1624180705.4906 758.3203
1624180705.5906 758.4766
1624180705.6906 759.4375
1624180705.7905 759.6094
1624180705.8905 760.5703
1624180705.9905 761.2070
1624180706.0903 761.3594
1624180706.1923 761.5039
1624180706.2906 763.0508
1624180706.3921 763.0508
1624180706.4905 763.0508
1624180706.5904 764.5586
1624180706.6905 764.5586
1624180706.7921 764.5586
1624180706.8922 766.0703
1624180706.9920 766.0703
1624180707.0914 766.7734
1624180707.1905 766.7734
1624180707.2920 766.7734
1624180707.3922 768.4492
1624180707.4922 768.4492
1624180707.5923 769.1562
1624180707.6921 769.3359
1624180707.7905 769.3359
1624180707.8903 771.0234
1624180707.9914 771.2148
1624180708.0917 771.3750
1624180708.1901 771.5625
1624180708.2866 773.1094
1624180708.3909 773.1094
1624180708.4878 773.1094
1624180708.5894 774.6055
1624180708.6889 774.6055
1624180708.7902 774.6641
1624180708.8903 774.8320
1624180708.9895 776.3789
1624180709.0856 776.3789
1624180709.1884 776.3789
1624180709.2903 777.5781
1624180709.3903 777.5781
1624180709.4901 777.7539
1624180709.5922 777.9648
1624180709.6904 779.5117
1624180709.7676 779.5117
1624180709.8684 779.6094
1624180709.9688 780.2188
1624180710.0777 780.3750
1624180710.1791 780.3750
1624180710.2801 782.0625
1624180710.3790 782.0625
1624180710.4794 782.6094
1624180710.5796 782.7266
1624180710.6796 783.5000
1624180710.7790 783.6172
1624180710.8795 783.6172
1624180710.9782 785.3047
1624180711.0788 785.3047
1624180711.1803 785.3047
1624180711.2805 785.3047
1624180711.3792 786.7227
1624180711.4804 786.7227
1624180711.5806 786.7930
1624180711.6793 786.9375
1624180711.7806 786.9375
1624180711.8798 788.6250
1624180711.9806 788.6250
1624180712.0810 789.5156
1624180712.1796 789.5156
1624180712.2797 790.4023
1624180712.3796 790.4023
1624180712.4803 790.4023
1624180712.5797 790.4023
1624180712.6807 791.7969
1624180712.7807 791.7969
1624180712.8803 791.7969
1624180712.9808 792.1797
1624180713.0802 792.2969
1624180713.1809 792.2969
1624180713.2809 792.6953
1624180713.3810 794.2109
1624180713.4804 794.2109
1624180713.5809 794.2109
1624180713.6811 794.4609
1624180713.7822 794.5195
1624180713.8824 796.0664
1624180713.9816 796.0664
1624180714.0821 796.0664
1624180714.1819 796.9727
1624180714.2816 796.9727
1624180714.3826 796.9727
1624180714.4827 797.1055
1624180714.5827 797.1055
1624180714.6827 798.7930
1624180714.7824 798.7930
1624180714.8825 798.7930
1624180714.9823 799.7695
1624180715.0820 799.7695
1624180715.1838 800.4844
1624180715.2829 800.4844
1624180715.3835 800.4844
1624180715.4842 800.4844
1624180715.5844 801.1680
1624180715.6829 801.2852
1624180715.7834 801.2852
1624180715.8838 802.9219
1624180715.9841 802.9219
1624180716.0839 803.8008
1624180716.1842 803.8008
1624180716.2845 804.5156
1624180716.3848 804.5156
1624180716.4868 804.5156
1624180716.5870 804.5938
1624180716.6871 804.5938
1624180716.7875 806.1406
1624180716.8875 806.1406
1624180716.9874 806.1406
1624180717.0878 807.1016
1624180717.1878 807.1016
1624180717.2880 807.1016
1624180717.3882 807.1016
1624180717.4885 807.3086
1624180717.5889 808.8281
1624180717.6893 808.8281
1624180717.7899 808.8281
1624180717.8904 809.5742
1624180717.9904 809.5742
1624180718.0904 809.5742
1624180718.1903 809.5742
1624180718.2916 809.9336
1624180718.3917 811.4570
1624180718.4899 811.4570
1624180718.5893 811.5273
1624180718.6903 811.7930
1624180718.7921 811.9336
1624180718.8918 813.4805
1624180718.9921 813.4805
1624180719.0903 814.2305
1624180719.1922 814.2305
1624180719.2922 814.9453
1624180719.3920 814.9453
1624180719.4922 814.9453
1624180719.5903 814.9453
1624180719.6921 816.2305
1624180719.7922 816.2305
1624180719.8920 817.1211
1624180719.9920 817.1211
1624180720.0920 817.8242
1624180720.1917 817.8242
1624180720.2900 817.8242
1624180720.3903 817.8242
1624180720.4903 819.3281
1624180720.5903 819.3281
1624180720.6903 819.3281
1624180720.7900 820.1836
1624180720.8903 820.1836
1624180720.9911 820.1836
1624180721.0911 820.1836
1624180721.1903 820.3516
1624180721.2902 820.3516
1624180721.3902 822.3047
1624180721.4901 823.4883
1624180721.5919 823.6992
1624180721.6900 823.6992
1624180721.7902 823.6992
1624180721.8903 823.6992
1624180721.9923 824.4727
1624180722.0920 824.4727
1624180722.1922 824.6602
1624180722.2901 824.9414
1624180722.3903 824.9492
1624180722.4921 824.9609
1624180722.5919 825.8047
1624180722.6920 826.7891
1624180722.7917 826.7891
1624180722.8917 827.0508
1624180722.9896 827.3320
1624180723.0920 827.3320
1624180723.1920 827.3320
1624180723.2922 827.5430
1624180723.3902 829.2656
1624180723.4902 829.9336
1624180723.5918 830.1367
1624180723.6902 830.1367
1624180723.7892 830.1367
1624180723.8919 830.9102
1624180723.9896 830.9102
1624180724.0918 831.0820
1624180724.1918 831.3633
1624180724.2896 831.6445
1624180724.3918 831.9258
1624180724.4919 831.9258
1624180724.5898 831.9258
1624180724.6920 831.9258
1624180724.7893 833.6836
1624180724.8918 833.6836
1624180724.9916 833.8555
1624180725.0910 834.0000
1624180725.1918 834.1562
1624180725.2902 834.2969
1624180725.3901 835.9102
1624180725.4909 835.9102
1624180725.5910 835.9102
1624180725.6903 835.9102
1624180725.7903 837.0430
1624180725.8919 837.7070
1624180725.9920 838.4727
1624180726.0920 838.4844
1624180726.1902 838.7422
1624180726.2900 838.9180
1624180726.3897 840.4648
1624180726.4918 840.4648
1624180726.5897 840.4648
1624180726.6901 841.3594
1624180726.7900 841.5000
1624180726.8922 841.6523
1624180726.9900 841.7070
1624180727.0897 841.9883
1624180727.1890 841.9883
1624180727.2919 842.4570
1624180727.3919 842.4805
1624180727.4917 844.2422
1624180727.5920 844.2422
1624180727.6920 844.9883
1624180727.7894 844.9883
1624180727.8899 845.3398
1624180727.9900 845.3398
1624180728.0901 845.4219
1624180728.1902 845.6328
1624180728.2900 845.6328
1624180728.3900 847.0586
1624180728.4898 847.0586
1624180728.5896 847.4766
1624180728.6918 847.6797
1624180728.7919 847.6797
1624180728.8919 849.3672
1624180728.9898 849.3672
1624180729.0902 849.3672
1624180729.1902 849.7422
1624180729.2901 849.7422
1624180729.3897 849.7422
1624180729.4899 851.3906
1624180729.5895 851.3906
1624180729.6899 851.3906
1624180729.7900 851.8359
1624180729.8901 851.8359
1624180729.9899 851.9375
1624180730.0886 853.4844
1624180730.1894 853.4844
1624180730.2892 853.4844
1624180730.3892 853.4844
1624180730.4893 854.8086
1624180730.5899 854.8086
1624180730.6893 855.3789
1624180730.7350 855.3789
1624180730.8444 855.3789
1624180730.9444 855.4219
1624180731.0444 855.4570
1624180731.1444 855.5938
1624180731.2444 857.1406
1624180731.3346 857.1406
1624180731.4444 857.1406
1624180731.5446 857.1406
1624180731.6446 858.3594
1624180731.7446 858.3594
1624180731.8341 858.3594
1624180731.9446 858.3594
1624180732.0444 858.4531
1624180732.1340 860.0000
1624180732.2662 860.0000
1624180732.3891 860.0000
1624180732.4878 860.0000
1624180732.5895 861.2734
1624180732.6896 861.2734
1624180732.7890 861.8242
1624180732.8891 862.4062
1624180732.9891 862.5664
1624180733.0669 862.5664
1624180733.1671 862.5664
1624180733.2646 864.1133
1624180733.3674 864.1133
1624180733.4672 864.1133
1624180733.5897 864.9609
1624180733.6649 864.9609
1624180733.7451 864.9609
1624180733.8883 865.5703
1624180733.9893 865.5703
1624180734.0874 865.5703
1624180734.1894 865.6016
1624180734.2896 865.6719
1624180734.3895 865.8125
1624180734.4889 865.8125
1624180734.5881 867.3594
1624180734.6883 867.3594
1624180734.7882 867.7695
1624180734.8350 867.7695
1624180734.9916 867.7695
1624180735.0457 867.7695
1624180735.1441 868.9336
1624180735.2894 868.9336
1624180735.3880 868.9336
1624180735.4890 868.9336
1624180735.5897 868.9336
1624180735.6897 868.9336
1624180735.7896 870.3516
1624180735.8899 870.3516
1624180735.9887 870.3516
1624180736.0878 870.3516
1624180736.1897 870.3516
1624180736.2878 870.3516
1624180736.3655 871.8711
1624180736.4659 871.8711
1624180736.5900 871.8711
1624180736.6895 871.8711
1624180736.7898 872.6953
1624180736.8898 872.6953
1624180736.9898 872.6953
1624180737.0900 872.6953
1624180737.1908 872.6953
1624180737.2892 872.6953
1624180737.3660 873.9570
1624180737.4662 873.9570
1624180737.5659 873.9570
1624180737.6879 873.9570
1624180737.7665 874.4258
1624180737.8667 874.4258
1624180737.9666 874.4258
1624180738.0662 874.4258
1624180738.1888 874.4258
1624180738.2898 874.4258
1624180738.3898 875.1523
1624180738.4896 875.1523
1624180738.5898 875.1523
1624180738.6898 875.1523
1624180738.7468 875.1523
1624180738.8470 876.6953
1624180738.9898 876.6953
1624180739.0897 877.1523
1624180739.1468 877.1523
1624180739.2896 877.5469
1624180739.3470 877.5469
1624180739.4897 877.8711
1624180739.5896 877.8711
1624180739.6876 877.8711
1624180739.7896 878.5195
1624180739.8889 878.5195
1624180739.9894 878.5195
1624180740.0666 878.5195
1624180740.1661 879.6094
1624180740.2658 879.6094
1624180740.3672 879.6094
1624180740.4557 880.2969
1624180740.5559 880.2969
1624180740.6559 880.2969
1624180740.7567 880.2969
1624180740.8564 880.2969
1624180740.9567 880.2969
1624180741.0564 880.2969
1624180741.1564 881.6680
1624180741.2558 881.6680
1624180741.3565 881.6680
1624180741.4566 881.6680
1624180741.5679 882.4023
1624180741.6567 882.4023
1624180741.7665 882.4023
1624180741.8678 882.4023
1624180741.9472 882.4023
1624180742.0442 882.4023
1624180742.1471 882.4102
1624180742.2676 882.4102
1624180742.3469 882.5508
1624180742.4470 884.0977
1624180742.5469 884.0977
1624180742.6470 884.0977
1624180742.7469 884.8750
1624180742.8471 884.8750
1624180742.9473 884.8750
1624180743.0473 884.8750
1624180743.1473 884.8750
1624180743.2473 884.8750
1624180743.3474 884.8750
1624180743.4472 886.0703
1624180743.5470 886.0703
1624180743.6468 886.2539
1624180743.7468 886.2539
1624180743.8465 886.6211
1624180743.9465 886.6211
1624180744.0463 886.6211
1624180744.1570 886.6211
1624180744.2560 886.6211
1624180744.3571 887.9258
1624180744.4571 887.9258
1624180744.5459 887.9258
1624180744.6461 888.9062
1624180744.7464 888.9062
1624180744.8463 888.9062
1624180744.9459 889.7266
1624180745.0344 889.7266
1624180745.1461 890.0391
1624180745.2461 890.0391
1624180745.3461 890.0391
1624180745.4459 890.0391
1624180745.5457 890.0391
1624180745.6457 890.0391
1624180745.7457 891.4961
1624180745.8457 891.4961
1624180745.9455 891.8086
1624180746.0455 891.8086
1624180746.1456 891.8086
1624180746.2456 891.8086
1624180746.3455 891.8086
1624180746.4455 891.8086
1624180746.5453 893.0078
1624180746.6453 893.0078
1624180746.7453 893.1523
1624180746.8453 893.1523
1624180746.9453 893.1523
1624180747.0453 893.1523
1624180747.1453 893.1523
1624180747.2453 893.1523
1624180747.3451 893.1523
1624180747.4453 894.7227
1624180747.5451 894.7227
1624180747.6451 894.7227
1624180747.7450 894.7227
1624180747.8449 894.7227
1624180747.9449 895.8281
1624180748.0449 895.8281
1624180748.1449 896.0352
1624180748.2449 896.0352
1624180748.3449 896.4180
1624180748.4449 896.4180
1624180748.5449 896.7305
1624180748.6449 896.7305
1624180748.7449 896.7305
1624180748.8449 896.7305
1624180748.9451 897.0703
1624180749.0449 897.1641
1624180749.1449 897.1641
1624180749.2447 897.3047
1624180749.3448 898.8516
1624180749.4449 898.8516
1624180749.5449 899.0664
1624180749.6449 899.0664
1624180749.7449 899.5117
1624180749.8447 899.5117
1624180749.9449 899.8242
1624180750.0449 899.8242
1624180750.1449 899.8242
1624180750.2448 899.8242
1624180750.3449 899.8242
1624180750.4449 899.8242
1624180750.5448 901.1641
1624180750.6449 901.1641
1624180750.7449 901.1641
1624180750.8448 901.1641
1624180750.9448 901.1641
1624180751.0448 902.0586
1624180751.1448 902.0586
1624180751.2448 902.4805
1624180751.3448 902.4805
1624180751.4448 902.4805
1624180751.5449 902.4805
1624180751.6448 902.4805
1624180751.7449 902.4805
1624180751.8449 902.9688
1624180751.9449 902.9688
1624180752.0449 902.9688
1624180752.1448 902.9688
1624180752.2447 902.9688
1624180752.3448 903.0820
1624180752.4448 904.6289
1624180752.5448 904.6289
1624180752.6448 904.6289
1624180752.7448 904.6289
1624180752.8448 904.6289
1624180752.9448 904.6289
1624180753.0448 904.6289
1624180753.1448 906.0547
1624180753.2449 906.0547
1624180753.3448 906.3398
1624180753.4448 906.3398
1624180753.5447 906.6562
1624180753.6447 906.6562
1624180753.7448 906.6562
1624180753.8448 906.6562
1624180753.9448 906.6562
1624180754.0448 906.6562
1624180754.1449 907.0781
1624180754.2449 907.1016
1624180754.3445 907.1016
1624180754.4441 907.3594
1624180754.5434 907.3594
1624180754.6346 907.4648
1624180754.7674 907.6055
1624180754.8669 907.6055
1624180754.9675 909.3281
1624180755.0346 909.3281
1624180755.1668 909.3281
1624180755.2660 909.3281
1624180755.3666 910.0859
1624180755.4674 910.0859
1624180755.5661 910.3125
1624180755.6658 910.3125
1624180755.7658 910.3125
1624180755.8661 910.3828
1624180755.9677 910.4531
1624180756.0654 910.4531
1624180756.1675 910.4531
1624180756.2676 910.5938
1624180756.3660 910.7773
1624180756.4676 912.2500
1624180756.5676 912.2500
1624180756.6675 912.4648
1624180756.7674 912.4648
1624180756.8677 912.4648
1624180756.9676 912.4648
1624180757.0672 912.6328
1624180757.1675 912.7266
1624180757.2671 912.7266
1624180757.3665 912.7266
1624180757.4676 913.1250
1624180757.5676 913.3320
1624180757.6676 913.3320
1624180757.7676 914.8789
1624180757.8670 914.8789
1624180757.9676 914.8789
1624180758.0676 914.8789
1624180758.1676 915.5664
1624180758.2675 915.5664
1624180758.3671 915.5664
1624180758.4675 915.5664
1624180758.5660 915.5664
1624180758.6666 915.5664
1624180758.7660 915.5664
1624180758.8640 915.5664
1624180758.9645 915.6367
1624180759.0650 915.8203
1624180759.1644 916.0039
1624180759.2646 917.2227
1624180759.3648 917.2227
1624180759.4660 917.2227
1624180759.5674 917.2227
1624180759.6648 917.2227
1624180759.7869 917.4414
1624180759.8675 917.5820
1624180759.9673 917.5820
1624180760.0673 917.5820
1624180760.1658 919.2695
1624180760.2676 919.2695
1624180760.3669 919.2695
1624180760.4667 919.2695
1624180760.5667 919.5117
1624180760.6667 919.5117
1624180760.7669 919.5117
1624180760.8665 919.5117
1624180760.9669 919.5117
1624180761.0657 919.5117
1624180761.1663 919.5117
1624180761.2652 919.5469
1624180761.3652 919.7227
1624180761.4671 921.4531
1624180761.5673 921.4531
1624180761.6651 921.5742
1624180761.7657 921.5742
1624180761.8669 922.1055
1624180761.9652 922.1055
1624180762.0673 922.3320
1624180762.1675 922.3320
1624180762.2671 922.7969
1624180762.3673 922.7969
1624180762.4669 922.7969
1624180762.5669 922.7969
1624180762.6669 922.7969
1624180762.7669 922.7969
1624180762.8669 922.7969
1624180762.9668 922.7969
1624180763.0659 922.7969
1624180763.1673 923.5586
1624180763.2655 923.5586
1624180763.3675 923.5586
1624180763.4673 923.5586
1624180763.5652 923.5586
1624180763.6669 923.9648
1624180763.7643 923.9648
1624180763.8668 923.9961
1624180763.9662 923.9961
1624180764.0667 924.1758
1624180764.1672 925.6445
1624180764.2673 925.6445
1624180764.3647 925.6445
1624180764.4672 925.6445
1624180764.5667 925.6445
1624180764.6674 925.6445
1624180764.7670 925.6445
1624180764.8651 925.6445
1624180764.9657 925.6797
1624180765.0669 927.1523
1624180765.1670 927.1523
1624180765.2672 927.1523
1624180765.3658 927.1523
1624180765.4670 927.2383
1624180765.5659 927.2383
1624180765.6673 927.2383
1624180765.7671 928.7852
1624180765.8670 928.7852
1624180765.9658 928.7852
1624180766.0662 928.7852
1624180766.1671 929.3320
1624180766.2673 929.3320
1624180766.3672 929.3320
1624180766.4673 929.3320
1624180766.5669 930.0898
1624180766.6669 930.0898
1624180766.7671 930.2305
1624180766.8669 930.2305
1624180766.9666 930.6992
1624180767.0672 930.6992
1624180767.1669 930.6992
1624180767.2673 930.6992
1624180767.3671 930.6992
1624180767.4673 930.6992
1624180767.5672 930.6992
1624180767.6668 931.8555
1624180767.7674 931.8555
1624180767.8668 931.8555
1624180767.9659 931.8555
1624180768.0672 931.8555
1624180768.1672 931.8555
1624180768.2670 932.7227
1624180768.3673 932.7227
1624180768.4673 932.9688
1624180768.5656 932.9688
1624180768.6674 933.4297
1624180768.7674 933.4297
1624180768.8673 933.4922
1624180768.9663 933.4922
1624180769.0673 933.4922
1624180769.1658 933.4922
1624180769.2668 933.4922
1624180769.3673 933.4922
1624180769.4662 933.4922
1624180769.5674 933.4922
1624180769.6656 933.4922
1624180769.7674 933.4922
1624180769.8673 933.4922
1624180769.9657 933.6641
1624180770.0669 935.3945
1624180770.1669 935.3945
1624180770.2673 935.3945
1624180770.3674 935.3945
1624180770.4674 935.3945
1624180770.5670 935.3945
1624180770.6670 935.3945
1624180770.7658 936.4570
1624180770.8658 936.4570
1624180770.9669 936.4570
1624180771.0670 936.4570
1624180771.1671 936.4570
1624180771.2662 937.3047
1624180771.3661 937.3047
1624180771.4652 937.4453
1624180771.5674 937.4453
1624180771.6668 937.4453
1624180771.7656 937.4453
1624180771.8639 937.4453
1624180771.9679 937.4453
1624180772.0673 937.4453
1624180772.1673 937.4453
1624180772.2666 937.4453
1624180772.3672 938.9492
1624180772.4673 938.9492
1624180772.5674 938.9492
1624180772.6674 939.6641
1624180772.7675 939.6641
1624180772.8651 939.6641
1624180772.9665 939.6641
1624180773.0672 939.6641
1624180773.1669 939.6641
1624180773.2656 940.4180
1624180773.3668 940.4180
1624180773.4657 940.4180
1624180773.5657 940.4180
1624180773.6657 940.4180
1624180773.7657 940.4180
1624180773.8343 940.4180
1624180773.9659 940.4180
1624180774.0661 941.8633
1624180774.1662 941.8633
1624180774.2662 941.8633
1624180774.3652 941.8633
1624180774.4667 941.8633
1624180774.5673 941.8633
1624180774.6671 941.8633
1624180774.7665 941.8633
1624180774.8675 941.8633
1624180774.9667 943.4844
1624180775.0663 943.4844
1624180775.1665 943.4844
1624180775.2668 943.4844
1624180775.3666 943.4844
1624180775.4670 944.5352
1624180775.5664 944.5352
1624180775.6660 944.7422
1624180775.7655 944.7422
1624180775.8311 945.1289
1624180775.9304 945.1289
1624180776.0283 945.1289
1624180776.1345 945.1289
1624180776.2658 945.1289
1624180776.3659 945.1289
1624180776.4660 946.4023
1624180776.5660 946.4023
1624180776.6658 946.4023
1624180776.7342 946.4023
1624180776.8344 946.4023
1624180776.9342 946.4023
1624180777.0342 946.4023
1624180777.1342 947.4805
1624180777.2344 947.4805
1624180777.3344 947.4805
1624180777.4340 947.4805
1624180777.5336 947.4805
1624180777.6662 947.4805
1624180777.7665 948.8008
1624180777.8666 948.8008
1624180777.9676 948.8008
1624180778.0675 948.8008
1624180778.1668 948.8008
1624180778.2646 949.4023
1624180778.3640 949.4023
1624180778.4636 949.4023
1624180778.5297 949.4023
1624180778.6291 949.4375
1624180778.7285 951.1250
1624180778.8278 951.1250
1624180778.9272 951.5117
1624180779.0266 951.5117
1624180779.1260 951.5117
1624180779.2252 951.5117
1624180779.3246 951.5117
1624180779.4581 951.5117
1624180779.5607 952.8398
1624180779.6612 952.8398
1624180779.7612 952.8398
1624180779.8610 952.8398
1624180779.9607 952.8398
1624180780.0599 954.2539
1624180780.1587 954.2539
1624180780.2581 954.2539
1624180780.3571 954.2539
1624180780.4207 954.2539
1624180780.5216 954.2539
1624180780.6207 954.8047
1624180780.7561 955.0078
1624180780.8564 955.0078
1624180780.9568 955.0078
1624180781.0576 956.5547
1624180781.1577 956.5547
1624180781.2580 956.5547
1624180781.3576 956.5664
1624180781.4565 956.6133
1624180781.5559 957.3867
1624180781.6552 957.4570
1624180781.7545 957.7148
1624180781.8524 957.7578
1624180781.9529 957.7578
1624180782.0527 957.8984
1624180782.1525 959.5586
1624180782.2516 959.5586
1624180782.3518 959.5586
1624180782.4481 959.5586
1624180782.5911 959.5586
1624180782.6912 959.5586
1624180782.7909 960.1367
1624180782.8892 960.2617
1624180782.9908 960.2617
1624180783.0911 960.2617
1624180783.1907 960.2617
1624180783.2909 961.2930
1624180783.3962 961.2930
1624180783.4507 961.2930
1624180783.5472 961.7773
1624180783.6509 961.9844
1624180783.7507 961.9844
1624180783.8507 961.9844
1624180783.9502 961.9844
1624180784.0906 963.6719
1624180784.1907 963.6719
1624180784.2907 963.6719
1624180784.3910 963.6719
1624180784.4503 963.6719
1624180784.5503 963.6719
1624180784.6462 965.0781
1624180784.7464 965.0781
1624180784.8464 965.0781
1624180784.9462 965.0898
1624180785.0458 965.0898
1624180785.1455 965.0898
1624180785.2451 965.0938
1624180785.3468 965.1797
1624180785.4477 966.8047
1624180785.5469 966.8047
1624180785.6475 966.8047
1624180785.7475 966.9062
1624180785.8485 966.9805
1624180785.9481 966.9805
1624180786.0478 966.9805
1624180786.1472 967.1211
1624180786.2466 967.7930
1624180786.3460 967.9375
1624180786.4889 967.9375
1624180786.5889 968.0781
1624180786.6889 969.6602
1624180786.7889 969.6602
1624180786.8889 969.6602
1624180786.9890 969.6602
1624180787.0890 969.6602
1624180787.1866 969.6602
1624180787.2865 969.6875
1624180787.3862 971.3750
1624180787.4871 971.3750
1624180787.5889 971.3750
1624180787.6889 971.3750
1624180787.7854 971.3750
1624180787.8878 971.3750
1624180787.9873 972.4062
1624180788.0841 972.4062
1624180788.1874 972.4062
1624180788.2889 972.4062
1624180788.3890 972.4062
1624180788.4889 972.5156
1624180788.5890 972.5195
1624180788.6891 972.5195
1624180788.7889 974.0664
1624180788.8891 974.0664
1624180788.9891 974.3516
1624180789.0890 974.3516
1624180789.1891 974.6758
1624180789.2890 974.6758
1624180789.3889 974.9805
1624180789.4874 974.9805
1624180789.5838 974.9805
1624180789.6875 974.9805
1624180789.7857 974.9805
1624180789.8850 974.9805
1624180789.9846 974.9805
1624180790.0859 976.3789
1624180790.1889 976.3789
1624180790.2858 976.5195
1624180790.3868 976.5195
1624180790.4892 976.5195
1624180790.5882 976.5195
1624180790.6875 976.5195
1624180790.7888 976.5195
1624180790.8890 976.5195
1624180790.9885 978.0195
1624180791.0890 978.0195
1624180791.1891 978.0195
1624180791.2889 978.0195
1624180791.3890 978.0195
1624180791.4890 978.0195
1624180791.5890 979.3125
1624180791.6888 979.3125
1624180791.7889 979.3125
1624180791.8876 979.3125
1624180791.9874 979.8438
1624180792.0851 979.8438
1624180792.1851 979.8438
1624180792.2858 979.8438
1624180792.3849 979.8750
1624180792.4907 980.0156
1624180792.5891 980.0156
1624180792.6891 980.0156
1624180792.7908 980.1484
1624180792.8890 981.5625
1624180792.9884 981.5625
1624180793.0887 981.5625
1624180793.1876 982.0547
1624180793.2854 982.0547
1624180793.3888 982.1953
1624180793.4864 982.1953
1624180793.5880 982.1953
1624180793.6855 982.1953
1624180793.7875 982.8828
1624180793.8886 982.8828
1624180793.9887 982.8828
1624180794.0861 982.8828
1624180794.1877 982.8828
1624180794.2863 982.8828
1624180794.3863 982.8828
1624180794.4869 982.8828
1624180794.5861 982.9609
1624180794.6859 982.9727
1624180794.7887 984.5391
1624180794.8866 984.5391
1624180794.9868 984.6797
1624180795.0868 984.6797
1624180795.1871 984.6797
1624180795.2871 984.6797
1624180795.3859 984.6797
1624180795.4887 984.6797
1624180795.5888 984.6797
1624180795.6909 984.6797
1624180795.7891 984.7734
1624180795.8890 984.8086
1624180795.9890 984.8086
1624180796.0890 986.5039
1624180796.1890 986.5039
1624180796.2889 986.8594
1624180796.3890 986.8594
1624180796.4888 987.2109
1624180796.5883 987.2109
1624180796.6879 987.5195
1624180796.7881 987.5195
1624180796.8885 987.5195
1624180796.9887 987.5195
1624180797.0909 987.5195
1624180797.1910 987.5195
1624180797.2934 987.5195
1624180797.3946 987.5195
1624180797.4955 987.5195
1624180797.5961 987.5195
1624180797.6959 987.5195
1624180797.7908 989.1836
1624180797.8915 989.1836
1624180797.9192 989.1836
1624180798.0204 989.1836
1624180798.1214 989.1836
1624180798.2202 989.1836
1624180798.3202 989.1836
1624180798.4219 990.2383
1624180798.5194 990.2383
1624180798.6199 990.3359
1624180798.7219 990.3359
1624180798.8203 990.3359
1624180798.9204 990.3359
1624180799.0200 991.0273
1624180799.1221 991.0273
1624180799.2210 991.0273
1624180799.3196 991.0273
1624180799.4204 991.0273
1624180799.5207 991.0273
1624180799.6210 991.0273
1624180799.7202 991.0273
1624180799.8935 991.0273
1624180799.9210 991.0273
1624180800.0935 991.1680
1624180800.1202 992.7148
1624180800.2204 992.7148
1624180800.3760 992.7148
1624180800.4765 992.7148
1624180800.5765 992.7148
1624180800.6765 992.7148
1624180800.7765 992.7148
1624180800.8766 992.7148
1624180800.9766 992.7148
1624180801.0768 992.7148
1624180801.1768 992.7148
1624180801.2769 994.0938
1624180801.3769 994.0938
1624180801.4770 994.0938
1624180801.5770 994.0938
1624180801.6769 994.0938
1624180801.7773 994.0938
1624180801.8775 994.0938
1624180801.9773 994.0938
1624180802.0436 995.2812
1624180802.1788 995.2812
1624180802.2781 995.2812
1624180802.3781 995.2812
1624180802.4782 995.2812
1624180802.5782 995.2812
1624180802.6785 995.2812
1624180802.7783 995.2812
1624180802.8783 995.2812
1624180802.9789 996.4570
1624180803.0797 996.4570
1624180803.1809 996.4570
1624180803.2826 996.4570
1624180803.3842 996.4570
1624180803.4857 997.2930
1624180803.5858 997.2930
1624180803.6883 997.2930
1624180803.7886 997.7812
1624180803.8872 997.7812
1624180803.9883 997.8555
1624180804.0896 997.8555
1624180804.1859 997.9375
1624180804.2654 997.9375
1624180804.3652 997.9375
1624180804.4665 997.9375
1624180804.5484 997.9375
1624180804.6765 997.9375
1624180804.7788 997.9375
1624180804.8794 998.2383
1624180804.9817 998.2500
1624180805.0838 998.2500
1624180805.1856 998.2500
1624180805.2849 998.2500
1624180805.3656 998.2500
1624180805.4882 998.2500
1624180805.5660 999.7969
1624180805.6667 999.7969
1624180805.7662 999.9375
1624180805.8765 999.9375
1624180805.9786 999.9375
1624180806.0808 999.9375
1624180806.1829 1000.1797
1624180806.2851 1000.1797
1624180806.3869 1000.1797
1624180806.4850 1000.1797
1624180806.5873 1000.1797
1624180806.6883 1000.1797
1624180806.7879 1000.1797
1624180806.8867 1000.1797
1624180806.9888 1000.2891
1624180807.0871 1000.3320
1624180807.1887 1000.4727
1624180807.2907 1000.4727
1624180807.3904 1000.6133
1624180807.4886 1000.7539
1624180807.5860 1000.8945
1624180807.6881 1000.8945
1624180807.7890 1000.8945
1624180807.8771 1002.4414
1624180807.9776 1002.8203
1624180808.0772 1003.7266
1624180808.1768 1003.7656
1624180808.2764 1004.5391
1624180808.3764 1005.4141
1624180808.4761 1005.5234
1624180808.5761 1005.5234
1624180808.6762 1005.5234
1624180808.7761 1005.5234
1624180808.8764 1005.5234
1624180808.9765 1005.5234
1624180809.0763 1007.0703
1624180809.1757 1007.0703
1624180809.2657 1007.5742
1624180809.3760 1007.5742
1624180809.4760 1007.7461
1624180809.5761 1007.7461
1624180809.6761 1008.2031
1624180809.7760 1008.2031
1624180809.8760 1008.3438
1624180809.9760 1008.3438
1624180810.0760 1008.6602
1624180810.1885 1008.6602
1624180810.2886 1008.6602
1624180810.3665 1008.6602
1624180810.4885 1008.6602
1624180810.5750 1009.8242
1624180810.6880 1009.8242
1624180810.7668 1009.8242
1624180810.8752 1009.8242
1624180810.9903 1009.8242
1624180811.0659 1010.1953
1624180811.1886 1010.1953
1624180811.2662 1010.1992
1624180811.3657 1010.1992
1624180811.4751 1010.1992
1624180811.5666 1010.1992
1624180811.6664 1011.0391
1624180811.7753 1011.0391
1624180811.8662 1011.0391
1624180811.9662 1011.0391
1624180812.0662 1012.6016
1624180812.1669 1012.6016
1624180812.2671 1012.8125
1624180812.3664 1012.8125
1624180812.4757 1012.8125
1624180812.5756 1013.7383
1624180812.6764 1013.7383
1624180812.7764 1013.8789
1624180812.8764 1013.8789
1624180812.9767 1013.8789
1624180813.0766 1013.8789
1624180813.1766 1013.8789
1624180813.2763 1013.8789
1624180813.3766 1015.3398
1624180813.4756 1015.3398
1624180813.5766 1015.3398
1624180813.6762 1015.3398
1624180813.7774 1015.5078
1624180813.8785 1015.7656
1624180813.9803 1015.9688
1624180814.0825 1016.2812
1624180814.1834 1016.4844
1624180814.2861 1016.5469
1624180814.3881 1016.6875
1624180814.4873 1016.6875
1624180814.5875 1017.1602
1624180814.6882 1018.6680
1624180814.7882 1018.6680
1624180814.8879 1018.6680
1624180814.9885 1018.6680
1624180815.0883 1018.6680
1624180815.1860 1018.7656
1624180815.2869 1018.9023
1624180815.3813 1018.9023
1624180815.4827 1019.4180
1624180815.5826 1019.4531
1624180815.6863 1019.4531
1624180815.7849 1019.4531
1624180815.8872 1019.9844
1624180815.9862 1020.1992
1624180816.0879 1020.1992
1624180816.1885 1020.1992
1624180816.2885 1020.1992
1624180816.3886 1020.2930
1624180816.4884 1020.2930
1624180816.5876 1021.8398
1624180816.6886 1021.8398
1624180816.7888 1022.0977
1624180816.8890 1022.0977
1624180816.9887 1022.0977
1624180817.0883 1022.0977
1624180817.1880 1022.4258
1624180817.2879 1022.6211
1624180817.3879 1022.6211
1624180817.4881 1023.1367
1624180817.5900 1023.2031
1624180817.6902 1023.2031
1624180817.7903 1023.2031
1624180817.8903 1023.2031
1624180817.9905 1023.6016
1624180818.0903 1023.6016
1624180818.1886 1024.8906
1624180818.2884 1024.8906
1624180818.3885 1024.8906
1624180818.4884 1024.8906
1624180818.5884 1024.8906
1624180818.6885 1024.8906
1624180818.7885 1025.3359
1624180818.8886 1025.5469
1624180818.9886 1025.5781
1624180819.0886 1025.5781
1624180819.1887 1026.0938
1624180819.2885 1026.2812
1624180819.3887 1026.2812
1624180819.4886 1026.2812
1624180819.5886 1026.2812
1624180819.6886 1027.8281
1624180819.7883 1027.8281
1624180819.8885 1027.8281
1624180819.9885 1027.8281
1624180820.0885 1027.8281
1624180820.1883 1027.8281
1624180820.2883 1027.8281
1624180820.3893 1028.5430
1624180820.4886 1028.5430
1624180820.5902 1028.5430
1624180820.6904 1028.5430
1624180820.7901 1028.5430
1624180820.8901 1029.0352
1624180820.9885 1029.2266
1624180821.0901 1029.2266
1624180821.1898 1029.7773
1624180821.2885 1029.9688
1624180821.3883 1029.9688
1624180821.4884 1029.9688
1624180821.5886 1029.9688
1624180821.6886 1029.9688
1624180821.7895 1031.7305
1624180821.8893 1031.7305
1624180821.9900 1031.7305
1624180822.0884 1031.7305
1624180822.1900 1031.7305
1624180822.2903 1031.7305
1624180822.3905 1031.7305
1624180822.4899 1031.7305
1624180822.5902 1033.2578
1624180822.6885 1033.2578
1624180822.7903 1033.2578
1624180822.8902 1033.6484
1624180822.9902 1033.6484
1624180823.0901 1033.7891
1624180823.1902 1033.7891
1624180823.2888 1033.7891
1624180823.3886 1033.7891
1624180823.4902 1033.7891
1624180823.5884 1033.7891
1624180823.6886 1033.7891
1624180823.7887 1033.7891
1624180823.8887 1034.1523
1624180823.9903 1034.3438
1624180824.0789 1034.3438
1624180824.1902 1034.3438
1624180824.2802 1034.3984
1624180824.3806 1034.5078
1624180824.4811 1036.1055
1624180824.5815 1036.1055
1624180824.6818 1036.1055
1624180824.7824 1036.1055
1624180824.8828 1036.1289
1624180824.9834 1036.1289
1624180825.0839 1036.1289
1624180825.1843 1036.2695
1624180825.2845 1036.2695
1624180825.3850 1036.8555
1624180825.4858 1037.0586
1624180825.5837 1037.3164
1624180825.6874 1037.3750
1624180825.7880 1037.4023
1624180825.8883 1037.5430
1624180825.9860 1037.5430
1624180826.0855 1039.0898
1624180826.1873 1039.0898
1624180826.2873 1039.0898
1624180826.3870 1039.0898
1624180826.4877 1039.0898
1624180826.5882 1039.0898
1624180826.6881 1039.0898
1624180826.7885 1039.0898
1624180826.8880 1039.0898
1624180826.9880 1039.7734
1624180827.0880 1039.7969
1624180827.1880 1039.7969
1624180827.2879 1040.0547
1624180827.3881 1040.0781
1624180827.4879 1040.0781
1624180827.5879 1040.0820
1624180827.6882 1040.2227
1624180827.7883 1040.2227
1624180827.8882 1040.4180
1624180827.9884 1042.1641
1624180828.0883 1042.1641
1624180828.1883 1042.1641
1624180828.2875 1042.1641
1624180828.3872 1042.1641
1624180828.4870 1042.1641
1624180828.5882 1042.1641
1624180828.6881 1043.5156
1624180828.7880 1043.5156
1624180828.8881 1043.5156
1624180828.9884 1043.5156
1624180829.0884 1043.5156
1624180829.1882 1043.5156
1624180829.2882 1044.5156
1624180829.3863 1044.5156
1624180829.4881 1044.5234
1624180829.5879 1044.5234
1624180829.6882 1044.5234
1624180829.7883 1044.5234
1624180829.8882 1044.5234
1624180829.9880 1044.5234
1624180830.0878 1044.5234
1624180830.1876 1044.5234
1624180830.2882 1044.5234
1624180830.3878 1044.5234
1624180830.4879 1046.0234
1624180830.5882 1046.0234
1624180830.6882 1046.0234
1624180830.7882 1046.0234
1624180830.8867 1046.5078
1624180830.9867 1046.5078
1624180831.0870 1046.5078
1624180831.1874 1046.5078
1624180831.2868 1046.5078
1624180831.3870 1046.5078
1624180831.4880 1047.2891
1624180831.5880 1047.2891
1624180831.6880 1047.2891
1624180831.7870 1047.6875
1624180831.8880 1047.6875
1624180831.9870 1047.6875
1624180832.0870 1047.6875
1624180832.1869 1048.1797
1624180832.2869 1048.1797
1624180832.3869 1048.1797
1624180832.4869 1048.1797
1624180832.5869 1048.1797
1624180832.6870 1048.1797
1624180832.7870 1048.1797
1624180832.8871 1048.1797
1624180832.9870 1048.1797
1624180833.0870 1049.5703
1624180833.1869 1049.5703
1624180833.2870 1049.5703
1624180833.3869 1049.5703
1624180833.4869 1049.5703
1624180833.5870 1049.5703
1624180833.6869 1049.5703
1624180833.7869 1049.5703
1624180833.8869 1049.5703
1624180833.9870 1049.5703
1624180834.0868 1049.7070
1624180834.1870 1051.2539
1624180834.2870 1051.2539
1624180834.3869 1051.2539
1624180834.4869 1051.6055
1624180834.5870 1051.6055
1624180834.6869 1051.6055
1624180834.7868 1051.6055
1624180834.8868 1051.6055
1624180834.9869 1051.6055
1624180835.0870 1051.6055
1624180835.1869 1051.6055
1624180835.2869 1051.6055
1624180835.3870 1052.7852
1624180835.4870 1052.7852
1624180835.5870 1052.7852
1624180835.6870 1052.7852
1624180835.7870 1052.7852
1624180835.8869 1052.7852
1624180835.9869 1053.0859
1624180836.0866 1053.2852
1624180836.1866 1053.2852
1624180836.2869 1053.2852
1624180836.3869 1053.2852
1624180836.4871 1053.3086
1624180836.5872 1053.4023
1624180836.6869 1054.9492
1624180836.7869 1054.9492
1624180836.8869 1054.9492
1624180836.9867 1054.9492
1624180837.0867 1054.9492
1624180837.1868 1055.7539
1624180837.2870 1055.7539
1624180837.3875 1055.7539
1624180837.4875 1055.7539
1624180837.5877 1055.7539
1624180837.6877 1055.7539
1624180837.7874 1055.7539
1624180837.8877 1055.7539
1624180837.9876 1056.8867
1624180838.0878 1056.8867
1624180838.1881 1056.8867
1624180838.2878 1056.8867
1624180838.3881 1056.8867
1624180838.4880 1056.8867
1624180838.5878 1056.8867
1624180838.6880 1057.1875
1624180838.7881 1057.1875
1624180838.8881 1058.6523
1624180838.9881 1058.6523
1624180839.0881 1058.6523
1624180839.1876 1058.6523
1624180839.2883 1058.6523
1624180839.3878 1059.1602
1624180839.4878 1059.1602
1624180839.5879 1059.1602
1624180839.6879 1059.1602
1624180839.7879 1059.1602
1624180839.8880 1059.1602
1624180839.9881 1059.4102
1624180840.0881 1059.4102
1624180840.1880 1059.5508
1624180840.2880 1059.5508
1624180840.3881 1061.0508
1624180840.4880 1061.0508
1624180840.5880 1061.0508
1624180840.6875 1061.4180
1624180840.7877 1061.4180
1624180840.8880 1061.4180
1624180840.9879 1061.4180
1624180841.0880 1061.4180
1624180841.1854 1061.4180
1624180841.2857 1061.4180
1624180841.3856 1061.5508
1624180841.4858 1061.7812
1624180841.5863 1063.2969
1624180841.6845 1063.2969
1624180841.7867 1063.2969
1624180841.8844 1063.2969
1624180841.9843 1063.2969
1624180842.0870 1063.9805
1624180842.1867 1063.9805
1624180842.2852 1063.9805
1624180842.3856 1063.9805
1624180842.4859 1063.9805
1624180842.5863 1063.9805
1624180842.6864 1064.9453
1624180842.7862 1064.9453
1624180842.8861 1064.9453
1624180842.9863 1064.9453
1624180843.0863 1064.9453
1624180843.1845 1064.9453
1624180843.2869 1064.9453
1624180843.3859 1065.0195
1624180843.4860 1065.0195
1624180843.5863 1065.0195
1624180843.6863 1065.2578
1624180843.7865 1065.4961
1624180843.8866 1065.9922
1624180843.9846 1066.0859
1624180844.0834 1066.0859
1624180844.1836 1066.0859
1624180844.2836 1066.4805
1624180844.3869 1066.4805
1624180844.4848 1066.6211
1624180844.5846 1066.8633
1624180844.6848 1067.1055
1624180844.7850 1068.1211
1624180844.8850 1068.1211
1624180844.9852 1068.1211
1624180845.0854 1068.1211
1624180845.1858 1068.1211
1624180845.2869 1068.1211
1624180845.3870 1068.1211
1624180845.4862 1068.1211
1624180845.5861 1068.8008
1624180845.6867 1068.8008
1624180845.7862 1068.8008
1624180845.8876 1068.8008
1624180845.9866 1068.8008
1624180846.0874 1068.8008
1624180846.1870 1068.8008
1624180846.2862 1068.8008
1624180846.3867 1068.8008
1624180846.4861 1068.8008
1624180846.5872 1068.8281
1624180846.6868 1069.8477
1624180846.7863 1069.8477
1624180846.8863 1069.8477
1624180846.9863 1069.8477
1624180847.0877 1069.8477
1624180847.1880 1069.8477
1624180847.2880 1069.8477
1624180847.3880 1069.8477
1624180847.4879 1069.8477
1624180847.5879 1069.8477
1624180847.6873 1069.8477
1624180847.7878 1069.8477
1624180847.8878 1069.8477
1624180847.9878 1070.0938
1624180848.0879 1071.3750
1624180848.1879 1071.3750
1624180848.2879 1071.3750
1624180848.3864 1071.3750
1624180848.4880 1071.3750
1624180848.5879 1071.7539
1624180848.6879 1071.7539
1624180848.7879 1071.7539
1624180848.8879 1071.7539
1624180848.9879 1071.7539
1624180849.0879 1071.7539
1624180849.1859 1072.0859
1624180849.2878 1072.0859
1624180849.3878 1072.2266
1624180849.4878 1072.2266
1624180849.5879 1072.2266
1624180849.6879 1072.2266
1624180849.7867 1072.2266
1624180849.8878 1072.2266
1624180849.9879 1072.2266
1624180850.0879 1072.2266
1624180850.1879 1072.2266
1624180850.2878 1072.2266
1624180850.3878 1072.2266
1624180850.4878 1072.2266
1624180850.5877 1073.1797
1624180850.6871 1073.1797
1624180850.7862 1073.1797
1624180850.8878 1073.1797
1624180850.9878 1073.1797
1624180851.0865 1073.1797
1624180851.1879 1073.1797
1624180851.2878 1073.7070
1624180851.3878 1073.7070
1624180851.4878 1073.8828
1624180851.5869 1073.8828
1624180851.6879 1074.0234
1624180851.7879 1074.0234
1624180851.8878 1074.0234
1624180851.9878 1074.0234
1624180852.0878 1074.0234
1624180852.1856 1074.0234
1624180852.2877 1074.0234
1624180852.3877 1074.0234
1624180852.4878 1074.2500
1624180852.5878 1074.2500
1624180852.6879 1074.2500
1624180852.7879 1074.2500
1624180852.8879 1074.2500
1624180852.9857 1074.2500
1624180853.0872 1074.2500
1624180853.1878 1074.2500
1624180853.2877 1074.2500
1624180853.3878 1074.2500
1624180853.4878 1074.2500
1624180853.5877 1074.2500
1624180853.6878 1074.2500
1624180853.7877 1074.2500
1624180853.8865 1074.2500
1624180853.9877 1074.2500
1624180854.0878 1074.4727
1624180854.1878 1074.7227
1624180854.2878 1074.9727
1624180854.3878 1074.9727
1624180854.4877 1075.7617
1624180854.5877 1075.7617
1624180854.6868 1075.7617
1624180854.7878 1075.7617
1624180854.8868 1075.7617
1624180854.9877 1075.7617
1624180855.0877 1075.7617
1624180855.1877 1075.7617
1624180855.2878 1075.7617
1624180855.3877 1075.7617
1624180855.4877 1076.5742
1624180855.5877 1076.5742
1624180855.6902 1076.7148
1624180855.7903 1076.7148
1624180855.8904 1076.7148
1624180855.9904 1076.8555
1624180856.0904 1076.8555
1624180856.1857 1076.9961
1624180856.2877 1076.9961
1624180856.3877 1076.9961
1624180856.4861 1076.9961
1624180856.5877 1076.9961
1624180856.6877 1076.9961
1624180856.7877 1077.2773
1624180856.8879 1077.2773
1624180856.9880 1077.2773
1624180857.0900 1077.2773
1624180857.1892 1077.2773
1624180857.2897 1077.2773
1624180857.3901 1077.2773
1624180857.4901 1077.2773
1624180857.5903 1077.2773
1624180857.6902 1077.2773
1624180857.7902 1077.2773
1624180857.8902 1077.2773
1624180857.9903 1077.8633
1624180858.0902 1077.8633
1624180858.1877 1077.8633
1624180858.2876 1077.8633
1624180858.3876 1077.8633
1624180858.4876 1077.8633
1624180858.5877 1077.8633
1624180858.6877 1077.8633
1624180858.7878 1077.8633
1624180858.8877 1077.8633
1624180858.9877 1077.8633
1624180859.0876 1077.8633
1624180859.1876 1077.8633
1624180859.2877 1077.8633
1624180859.3877 1077.8633
1624180859.4878 1077.8633
1624180859.5878 1077.8633
1624180859.6877 1077.8633
1624180859.7877 1078.1953
1624180859.8876 1078.1953
1624180859.9876 1078.1953
1624180860.0877 1078.1953
1624180860.1876 1078.3359
1624180860.2877 1078.3359
1624180860.3877 1078.3359
1624180860.4877 1078.3359
1624180860.5876 1078.5859
1624180860.6876 1078.5859
1624180860.7876 1079.6250
1624180860.8876 1079.6250
1624180860.9877 1079.6250
1624180861.0877 1079.7656
1624180861.1867 1079.7656
1624180861.2862 1079.9062
1624180861.3876 1079.9062
1624180861.4876 1079.9062
1624180861.5877 1079.9062
1624180861.6877 1079.9062
1624180861.7871 1079.9062
1624180861.8876 1079.9062
1624180861.9876 1079.9062
1624180862.0876 1079.9062
1624180862.1864 1079.9062
1624180862.2877 1079.9062
1624180862.3876 1079.9062
1624180862.4876 1079.9062
1624180862.5864 1079.9062
1624180862.6858 1079.9062
1624180862.7876 1079.9062
1624180862.8863 1079.9062
1624180862.9859 1079.9062
1624180863.0877 1079.9062
1624180863.1877 1079.9062
1624180863.2865 1079.9062
1624180863.3876 1079.9062
1624180863.4876 1080.0234
1624180863.5862 1080.2734
1624180863.6862 1080.5273
1624180863.7876 1080.5273
1624180863.8860 1080.5273
1624180863.9875 1080.5273
1624180864.0876 1081.9570
1624180864.1852 1081.9570
1624180864.2876 1081.9570
1624180864.3876 1081.9570
1624180864.4864 1081.9570
1624180864.5859 1081.9570
1624180864.6876 1081.9570
1624180864.7875 1081.9570
1624180864.8854 1081.9570
1624180864.9876 1081.9570
1624180865.0874 1081.9570
1624180865.1871 1081.9570
1624180865.2876 1081.9570
1624180865.3860 1081.9570
1624180865.4876 1081.9570
1624180865.5871 1081.9570
1624180865.6875 1081.9570
1624180865.7871 1081.9570
1624180865.8875 1082.0547
1624180865.9876 1082.0547
1624180866.0876 1082.0547
1624180866.1876 1082.0547
1624180866.2872 1082.0547
1624180866.3876 1082.0547
1624180866.4852 1082.0547
1624180866.5862 1082.0547
1624180866.6875 1082.0547
1624180866.7876 1082.0547
1624180866.8862 1082.0547
1624180866.9853 1082.0547
1624180867.0874 1082.0547
1624180867.1874 1082.0547
1624180867.2874 1082.3047
1624180867.3874 1082.3047
1624180867.4875 1082.3047
1624180867.5875 1082.3047
1624180867.6876 1082.3047
1624180867.7877 1082.5586
1624180867.8873 1082.5586
1624180867.9877 1082.5586
1624180868.0872 1083.4844
1624180868.1870 1083.4844
1624180868.2875 1083.4844
1624180868.3875 1083.6250
1624180868.4874 1083.6250
1624180868.5874 1083.6250
1624180868.6874 1083.7656
1624180868.7874 1083.7656
1624180868.8875 1083.7656
1624180868.9871 1083.7656
1624180869.0875 1083.7656
1624180869.1875 1083.7656
1624180869.2875 1083.7656
1624180869.3876 1083.7656
1624180869.4875 1083.7656
1624180869.5875 1083.7656
1624180869.6875 1083.7656
1624180869.7875 1083.7656
1624180869.8875 1083.7656
1624180869.9875 1083.7656
1624180870.0875 1084.5664
1624180870.1869 1084.5664
1624180870.2874 1084.5664
1624180870.3874 1084.5664
1624180870.4874 1084.5664
1624180870.5874 1084.5664
1624180870.6875 1084.5664
1624180870.7862 1084.6094
1624180870.8876 1084.6094
1624180870.9875 1084.6094
1624180871.0876 1084.7383
1624180871.1875 1084.7383
1624180871.2874 1084.7383
1624180871.3874 1084.7383
1624180871.4875 1084.7383
1624180871.5874 1084.7383
1624180871.6874 1084.7383
1624180871.7874 1084.7383
1624180871.8869 1084.7383
1624180871.9874 1084.7383
1624180872.0875 1084.7383
1624180872.1875 1085.1602
1624180872.2875 1085.1602
