1627998820.216408 -0.000204 -0.000053 0.000037 0.000136 -0.000002 -0.000019 1.000000
1627998820.316370 -0.000502 -0.006569 0.001227 0.000331 -0.000073 0.000280 1.000000
1627998820.416588 0.001838 -0.004524 0.001428 0.000214 -0.000154 -0.000200 1.000000
1627998820.516796 -0.021308 -0.004025 0.000878 0.000142 -0.000097 0.000282 1.000000
1627998820.617036 -0.025792 -0.004774 0.000911 0.000264 -0.000140 0.000671 1.000000
1627998820.717209 -0.017860 -0.003056 0.000094 0.000180 -0.000107 0.000435 1.000000
1627998820.817428 -0.011214 -0.003972 0.000691 0.000227 -0.000018 0.000226 1.000000
1627998820.917618 -0.008488 -0.005036 0.001363 0.000186 -0.000090 0.000505 1.000000
1627998821.017857 -0.012105 -0.003938 0.001165 0.000206 -0.000106 0.000143 1.000000
1627998821.118039 -0.006789 -0.001606 0.000633 0.000182 -0.000125 0.000466 1.000000
1627998821.218246 -0.014915 -0.000529 0.001146 0.000250 -0.000126 0.000256 1.000000
1627998821.318467 -0.013000 -0.004919 0.000218 0.000160 -0.000113 0.000311 1.000000
1627998821.418667 -0.005633 -0.005250 0.000846 0.000174 -0.000244 0.000326 1.000000
1627998821.518878 -0.008522 -0.004706 0.000869 0.000090 -0.000351 0.000072 1.000000
1627998821.619137 -0.012936 -0.006014 0.000846 0.000059 -0.000368 0.000325 1.000000
1627998821.719283 -0.011489 -0.004138 0.000879 -0.000085 -0.000525 0.000079 1.000000
1627998821.819523 -0.001108 -0.001131 0.001770 -0.000157 -0.000768 0.000342 1.000000
1627998821.919708 0.011695 0.000672 0.001329 -0.000179 -0.001197 -0.000072 0.999999
1627998822.019940 0.029987 -0.005305 0.000746 -0.000194 -0.001853 -0.000240 0.999998
1627998822.120119 0.038413 -0.009978 0.001171 -0.000005 -0.002690 -0.000771 0.999996
1627998822.220389 0.053997 -0.009816 0.001250 0.000220 -0.002755 -0.001846 0.999994
1627998822.320525 0.088181 -0.013495 0.001877 0.000169 -0.002812 -0.003173 0.999991
1627998822.420765 0.130484 -0.016682 0.000072 0.000056 -0.002949 -0.004637 0.999985
1627998822.520976 0.176957 -0.014074 0.001114 0.000295 -0.002969 -0.006460 0.999975
1627998822.621183 0.220102 -0.013323 0.002487 0.000191 -0.002784 -0.007906 0.999965
1627998822.721359 0.265631 -0.016027 0.003037 -0.000065 -0.002645 -0.009438 0.999952
1627998822.821576 0.308070 -0.018216 0.000352 0.000019 -0.002194 -0.010373 0.999944
1627998822.921961 0.349459 -0.017542 -0.001754 0.000650 -0.001938 -0.011958 0.999926
1627998823.021983 0.399296 -0.020008 0.000902 0.000848 -0.001762 -0.013417 0.999908
1627998823.122332 0.436967 -0.018067 0.003561 0.000467 -0.001616 -0.015140 0.999884
1627998823.222490 0.478761 -0.016115 0.002946 -0.000082 -0.001178 -0.016146 0.999869
1627998823.323182 0.528874 -0.015627 0.001789 -0.000144 -0.000841 -0.017515 0.999846
1627998823.422811 0.571876 -0.014492 0.003256 -0.000037 -0.000773 -0.018170 0.999835
1627998823.523024 0.604694 -0.015844 0.002429 -0.000083 -0.000531 -0.018980 0.999820
1627998823.623230 0.629541 -0.015315 0.000912 0.000128 -0.000422 -0.019842 0.999803
1627998823.723437 0.653893 -0.022510 0.001720 0.000361 -0.000513 -0.020492 0.999790
1627998823.823675 0.676977 -0.024793 0.003253 0.000268 -0.000346 -0.021063 0.999778
1627998823.923854 0.698457 -0.026493 0.003283 -0.000171 -0.000061 -0.021500 0.999769
1627998824.024057 0.707078 -0.028224 0.002052 -0.000165 -0.000293 -0.022097 0.999756
1627998824.124282 0.727198 -0.031797 0.001040 0.000108 -0.000673 -0.022226 0.999753
1627998824.224485 0.738787 -0.031148 0.000921 0.000328 -0.000769 -0.022563 0.999745
1627998824.324691 0.745377 -0.033300 0.002125 0.000292 -0.000682 -0.023138 0.999732
1627998824.424895 0.764955 -0.029664 0.004114 0.000019 -0.000834 -0.023348 0.999727
1627998824.525127 0.783665 -0.021397 0.002175 -0.000093 -0.000909 -0.023722 0.999718
1627998824.625300 0.800424 -0.030961 -0.000135 0.000195 -0.000822 -0.024186 0.999707
1627998824.725511 0.823362 -0.036061 0.000954 0.000592 -0.001035 -0.024956 0.999688
1627998824.825741 0.853000 -0.038030 0.001637 0.000393 -0.000937 -0.025951 0.999663
1627998824.925931 0.888864 -0.041136 0.004248 -0.000028 -0.000712 -0.026799 0.999641
1627998825.026160 0.928407 -0.039653 0.003675 -0.000262 -0.000670 -0.027272 0.999628
1627998825.126372 0.965069 -0.035689 0.001423 -0.000263 -0.000473 -0.027895 0.999611
1627998825.226545 1.017414 -0.042070 -0.000349 0.000107 0.000010 -0.028251 0.999601
1627998825.326762 1.062349 -0.047185 0.001166 0.000283 0.000176 -0.028235 0.999601
1627998825.426969 1.111160 -0.063269 0.002706 0.000138 -0.000017 -0.028222 0.999602
1627998825.527188 1.166216 -0.057882 0.000445 0.000054 -0.000231 -0.028418 0.999596
1627998825.627471 1.216087 -0.064249 0.000193 0.000161 -0.000566 -0.028535 0.999593
1627998825.727642 1.270103 -0.066986 -0.000156 0.000450 -0.000753 -0.028454 0.999595
1627998825.827788 1.312068 -0.062925 -0.001165 0.000742 -0.000690 -0.028602 0.999590
1627998825.928003 1.356296 -0.065802 0.001289 0.000689 -0.001085 -0.028800 0.999584
1627998826.028227 1.419143 -0.070947 0.003424 -0.000109 -0.001406 -0.028913 0.999581
1627998826.128421 1.469977 -0.067866 0.004409 -0.000532 -0.001477 -0.028972 0.999579
1627998826.228630 1.515707 -0.058832 0.001237 -0.000594 -0.001950 -0.029216 0.999571
1627998826.328822 1.573259 -0.056056 0.001090 -0.000518 -0.002361 -0.029255 0.999569
1627998826.430120 1.621150 -0.056192 0.000923 -0.000351 -0.002555 -0.029278 0.999568
1627998826.529247 1.670188 -0.071803 0.002227 -0.000290 -0.002499 -0.029255 0.999569
1627998826.629708 1.730551 -0.060584 0.002893 -0.000225 -0.002034 -0.029379 0.999566
1627998826.729664 1.777402 -0.052711 -0.001005 0.000224 -0.001496 -0.029331 0.999569
1627998826.829863 1.819520 -0.038987 -0.002261 0.000685 -0.001400 -0.029683 0.999558
1627998826.930073 1.877313 -0.049959 -0.000562 0.000348 -0.001135 -0.030036 0.999548
1627998827.031789 1.939495 -0.045184 0.002404 -0.000153 -0.000864 -0.030182 0.999544
1627998827.130473 1.991210 -0.043427 0.002941 -0.000505 -0.000549 -0.030517 0.999534
1627998827.230761 2.041025 -0.048066 0.001364 -0.000601 -0.000470 -0.030433 0.999537
1627998827.330915 2.094705 -0.055636 0.001673 -0.000534 -0.000602 -0.030583 0.999532
1627998827.431436 2.151221 -0.092895 0.005238 -0.000908 -0.000444 -0.030826 0.999524
1627998827.531348 2.203801 -0.109467 0.004720 -0.001425 -0.000232 -0.030543 0.999532
1627998827.632104 2.259614 -0.117758 0.002422 -0.001208 -0.000442 -0.030477 0.999535
1627998827.731740 2.307206 -0.114472 0.001405 -0.000543 -0.000623 -0.030850 0.999524
1627998827.834124 2.362805 -0.116771 0.002945 -0.000435 -0.000574 -0.030913 0.999522
1627998827.932164 2.415720 -0.111032 0.005637 -0.000993 -0.000074 -0.031048 0.999517
1627998828.032974 2.475696 -0.123128 0.004796 -0.001623 0.000024 -0.030734 0.999526
1627998828.132583 2.531460 -0.118335 0.002019 -0.001782 0.000078 -0.030172 0.999543
1627998828.232768 2.581101 -0.116293 0.000242 -0.001110 -0.000116 -0.030218 0.999543
1627998828.332969 2.634826 -0.127971 0.001285 -0.000866 -0.000239 -0.030266 0.999541
1627998828.433161 2.687077 -0.135519 0.004856 -0.001240 -0.000091 -0.029921 0.999551
1627998828.533410 2.744127 -0.133458 0.003075 -0.001650 0.000342 -0.029537 0.999562
1627998828.633575 2.797999 -0.129495 -0.000114 -0.001665 -0.000070 -0.029572 0.999561
1627998828.733815 2.855082 -0.135889 0.002236 -0.001471 -0.000624 -0.029477 0.999564
1627998828.834336 2.912458 -0.147096 0.003322 -0.001629 -0.000661 -0.029185 0.999572
1627998828.934228 2.968241 -0.152498 0.002892 -0.001814 -0.000775 -0.029061 0.999576
1627998829.034428 3.027985 -0.157140 0.003432 -0.002045 -0.000943 -0.028723 0.999585
1627998829.134609 3.081650 -0.162123 0.002311 -0.002256 -0.000999 -0.028633 0.999587
1627998829.234814 3.139996 -0.176228 0.003518 -0.002498 -0.001383 -0.028402 0.999592
1627998829.335021 3.193293 -0.176925 0.003858 -0.002778 -0.001531 -0.027761 0.999610
1627998829.435518 3.240714 -0.176684 0.004434 -0.002319 -0.001355 -0.027391 0.999621
1627998829.535481 3.293933 -0.174170 0.001544 -0.001924 -0.001809 -0.027430 0.999620
1627998829.635643 3.349111 -0.186530 0.004594 -0.001835 -0.002328 -0.027365 0.999621
1627998829.735861 3.399171 -0.184771 0.006615 -0.002243 -0.002108 -0.027303 0.999622
1627998829.836077 3.451104 -0.191715 0.005975 -0.002510 -0.002141 -0.026934 0.999632
1627998829.936255 3.508684 -0.184811 0.004498 -0.002470 -0.002330 -0.026622 0.999640
1627998830.036460 3.570284 -0.192734 0.005058 -0.001982 -0.002485 -0.026420 0.999646
1627998830.136673 3.624451 -0.200589 0.006376 -0.002058 -0.002363 -0.026287 0.999650
1627998830.236877 3.682754 -0.206956 0.008881 -0.002457 -0.002044 -0.025854 0.999661
1627998830.337081 3.734985 -0.208597 0.006656 -0.002798 -0.001461 -0.025424 0.999672
1627998830.437313 3.779038 -0.205769 0.006001 -0.002635 -0.001270 -0.025477 0.999671
1627998830.537576 3.832084 -0.209629 0.006274 -0.002604 -0.000868 -0.025377 0.999674
1627998830.637710 3.892145 -0.216307 0.008339 -0.002967 0.000202 -0.025118 0.999680
1627998830.737941 3.945106 -0.221089 0.007453 -0.003574 0.000808 -0.024882 0.999684
1627998830.838114 4.001071 -0.223705 0.006427 -0.003694 0.001181 -0.024670 0.999688
1627998830.938341 4.061953 -0.215664 0.002996 -0.003424 0.001262 -0.023905 0.999708
1627998831.038534 4.117252 -0.213987 0.003284 -0.003076 0.001691 -0.023757 0.999712
1627998831.138743 4.168271 -0.223843 0.003743 -0.003197 0.002147 -0.023315 0.999721
1627998831.238932 4.231795 -0.229560 0.002485 -0.003022 0.002327 -0.023005 0.999728
1627998831.339172 4.293756 -0.238539 0.000852 -0.002654 0.002029 -0.022760 0.999735
1627998831.439346 4.340906 -0.237912 0.002565 -0.002484 0.002073 -0.022492 0.999742
1627998831.539551 4.393007 -0.242087 0.004192 -0.002920 0.002177 -0.022212 0.999747
1627998831.640285 4.455385 -0.244370 0.003518 -0.003485 0.002050 -0.021576 0.999759
1627998831.739975 4.509467 -0.240315 0.002813 -0.003591 0.001958 -0.021306 0.999765
1627998831.840179 4.558191 -0.253019 0.002785 -0.003454 0.002000 -0.020798 0.999776
1627998831.940375 4.624092 -0.259666 0.002895 -0.003427 0.002052 -0.020293 0.999786
1627998832.040590 4.694654 -0.262117 0.001763 -0.003629 0.001936 -0.019686 0.999798
1627998832.140791 4.746376 -0.254937 -0.000102 -0.003512 0.001775 -0.019285 0.999806
1627998832.241019 4.788248 -0.263017 0.001329 -0.003736 0.001426 -0.019055 0.999810
1627998832.341219 4.846226 -0.264034 0.000521 -0.004202 0.001326 -0.018829 0.999813
1627998832.441429 4.912595 -0.263810 0.001714 -0.004823 0.000822 -0.018516 0.999817
1627998832.541606 4.964241 -0.264729 0.001103 -0.005215 0.000339 -0.017771 0.999828
1627998832.642594 5.017755 -0.269812 -0.000028 -0.004757 -0.000626 -0.017367 0.999838
1627998832.742020 5.062455 -0.275349 -0.000319 -0.004240 -0.001182 -0.017048 0.999845
1627998832.843099 5.114799 -0.278901 0.001420 -0.004184 -0.001623 -0.016370 0.999856
1627998832.942452 5.169990 -0.278662 0.002412 -0.004543 -0.001900 -0.016000 0.999860
1627998833.044593 5.220343 -0.280792 0.000848 -0.004702 -0.002277 -0.015620 0.999864
1627998833.142899 5.280282 -0.278084 0.001496 -0.004552 -0.002980 -0.015411 0.999866
1627998833.243052 5.339472 -0.279044 0.003672 -0.004910 -0.002798 -0.015018 0.999871
1627998833.343252 5.391156 -0.285223 0.002681 -0.005985 -0.002560 -0.014764 0.999870
1627998833.443470 5.442742 -0.292022 0.003791 -0.006826 -0.002898 -0.014006 0.999874
1627998833.543669 5.497384 -0.286323 0.004547 -0.006464 -0.003059 -0.013569 0.999882
1627998833.644318 5.554235 -0.286979 0.004876 -0.005779 -0.002644 -0.013005 0.999895
1627998833.744462 5.609292 -0.292085 0.003635 -0.005449 -0.002275 -0.012597 0.999903
1627998833.844309 5.652987 -0.297474 0.006847 -0.005287 -0.001823 -0.011932 0.999913
1627998833.944486 5.706254 -0.292570 0.005501 -0.005296 -0.001362 -0.011706 0.999917
1627998834.045259 5.756663 -0.294575 0.006777 -0.005474 -0.001078 -0.011352 0.999920
1627998834.144911 5.819075 -0.292347 0.006768 -0.006045 -0.000341 -0.011070 0.999920
1627998834.245269 5.879647 -0.296798 0.006318 -0.006655 0.000352 -0.010535 0.999922
1627998834.345325 5.931309 -0.303511 0.004294 -0.006962 0.000420 -0.009980 0.999926
1627998834.447213 5.986571 -0.299320 0.005620 -0.006507 0.000734 -0.009342 0.999935
1627998834.545787 6.053255 -0.307714 0.004537 -0.005937 0.001494 -0.008642 0.999944
1627998834.647139 6.104043 -0.311685 0.004867 -0.005554 0.001673 -0.008091 0.999950
1627998834.746137 6.153879 -0.312154 0.003894 -0.005310 0.002165 -0.007592 0.999955
1627998834.846424 6.203144 -0.314734 0.001780 -0.005282 0.002468 -0.007247 0.999957
1627998834.946545 6.260272 -0.312367 0.002820 -0.004868 0.002310 -0.006738 0.999963
1627998835.046981 6.324585 -0.316537 0.003281 -0.004791 0.002500 -0.006556 0.999964
1627998835.146972 6.377122 -0.314929 0.001565 -0.005117 0.002440 -0.005877 0.999967
1627998835.249377 6.435445 -0.311008 0.001730 -0.005494 0.002104 -0.005404 0.999968
1627998835.347359 6.489734 -0.308689 0.001821 -0.005121 0.002012 -0.005023 0.999972
1627998835.447631 6.548848 -0.317333 0.000408 -0.004633 0.001830 -0.004850 0.999976
1627998835.547767 6.612007 -0.321930 0.000761 -0.004330 0.001766 -0.004385 0.999979
1627998835.647991 6.671159 -0.323111 -0.000638 -0.004147 0.001596 -0.004234 0.999981
1627998835.748183 6.724899 -0.324417 -0.000554 -0.004369 0.001178 -0.004333 0.999980
1627998835.848389 6.790711 -0.319248 0.000390 -0.004559 0.001131 -0.004265 0.999980
1627998835.948597 6.850184 -0.323570 0.001024 -0.005031 0.001098 -0.003961 0.999979
1627998836.048798 6.932282 -0.330142 -0.000654 -0.004668 0.001168 -0.003673 0.999982
1627998836.149024 7.008646 -0.334886 -0.003004 -0.004162 0.000756 -0.003323 0.999986
1627998836.249213 7.079605 -0.335732 0.000540 -0.003538 0.000645 -0.002970 0.999989
1627998836.349447 7.155386 -0.331626 -0.001624 -0.003327 0.001067 -0.002838 0.999990
1627998836.449683 7.232195 -0.325906 -0.001690 -0.003534 0.001204 -0.002700 0.999989
1627998836.549833 7.309905 -0.331923 0.000247 -0.004372 0.001581 -0.002652 0.999986
1627998836.650565 7.404683 -0.332807 -0.004389 -0.005214 0.001778 -0.001830 0.999983
1627998836.750234 7.496374 -0.330668 -0.004106 -0.005127 0.001045 -0.001227 0.999986
1627998836.851281 7.586754 -0.337614 -0.000276 -0.004183 0.001431 -0.000494 0.999990
1627998836.950650 7.674681 -0.331676 -0.005816 -0.003449 0.001405 0.000043 0.999993
1627998837.052832 7.761896 -0.330813 -0.007045 -0.003667 0.000284 0.000049 0.999993
1627998837.151048 7.841846 -0.342626 -0.002235 -0.004898 -0.000257 0.000759 0.999988
1627998837.251263 7.933527 -0.338369 -0.003615 -0.005527 -0.001175 0.001548 0.999983
1627998837.352323 8.013636 -0.342037 -0.001615 -0.005083 -0.002087 0.002229 0.999982
1627998837.451665 8.106000 -0.337487 -0.002043 -0.004241 -0.002259 0.002908 0.999984
1627998837.551915 8.186538 -0.335772 -0.004606 -0.003887 -0.002768 0.003051 0.999984
1627998837.652230 8.274763 -0.337104 -0.003757 -0.004945 -0.003596 0.003560 0.999975
1627998837.752282 8.363392 -0.335747 -0.001973 -0.006209 -0.003976 0.004073 0.999965
1627998837.852547 8.444691 -0.342574 0.001899 -0.005940 -0.004361 0.004743 0.999962
1627998837.952719 8.536420 -0.344757 0.005184 -0.004569 -0.003934 0.005173 0.999968
1627998838.052903 8.618412 -0.340804 0.001162 -0.003969 -0.003391 0.004902 0.999974
1627998838.153106 8.701564 -0.339671 0.001158 -0.005264 -0.003131 0.004468 0.999971
1627998838.253313 8.785882 -0.340413 0.001219 -0.007088 -0.002852 0.004108 0.999962
1627998838.353529 8.876780 -0.332937 0.003444 -0.007338 -0.002934 0.004075 0.999960
1627998838.454146 8.969887 -0.331053 0.007811 -0.005895 -0.002780 0.003560 0.999972
1627998838.553933 9.051500 -0.334147 0.006765 -0.004097 -0.001691 0.003060 0.999985
1627998838.654130 9.132421 -0.333072 0.000938 -0.003607 -0.001500 0.002070 0.999990
1627998838.754333 9.216415 -0.329506 0.000533 -0.005062 -0.001566 0.001223 0.999985
1627998838.854548 9.306367 -0.336928 0.004544 -0.007151 -0.000985 0.001393 0.999973
1627998838.955270 9.397832 -0.328852 0.007241 -0.007299 -0.000434 0.001249 0.999972
1627998839.054948 9.491110 -0.332416 0.009125 -0.005696 0.000242 0.001107 0.999983
1627998839.155183 9.582861 -0.332803 0.005019 -0.004001 0.000937 0.000775 0.999991
1627998839.255365 9.669438 -0.336347 0.002893 -0.003055 0.001071 0.000269 0.999995
1627998839.355585 9.747505 -0.334029 0.001441 -0.003988 0.001316 -0.000367 0.999991
1627998839.455768 9.838847 -0.334787 -0.003433 -0.005211 0.000907 -0.000345 0.999986
1627998839.555978 9.924024 -0.328843 0.005394 -0.005186 0.000650 -0.000566 0.999986
1627998839.656186 10.021737 -0.331766 0.008761 -0.004300 0.001938 -0.000719 0.999989
1627998839.756401 10.115996 -0.329020 -0.000080 -0.003768 0.002679 -0.001226 0.999989
1627998839.856631 10.213476 -0.328997 0.000544 -0.004098 0.002296 -0.001583 0.999988
1627998839.956790 10.290413 -0.331437 0.004642 -0.005420 0.002781 -0.001795 0.999980
1627998840.056978 10.373681 -0.335795 0.003455 -0.005931 0.003237 -0.001511 0.999976
1627998840.157246 10.459417 -0.331234 0.002192 -0.004881 0.003000 -0.001256 0.999983
1627998840.257409 10.544264 -0.328943 -0.003661 -0.003925 0.002515 -0.001725 0.999988
1627998840.357606 10.637700 -0.326029 -0.005236 -0.004247 0.001371 -0.002146 0.999988
1627998840.457861 10.717329 -0.321968 -0.003353 -0.006212 0.000814 -0.002600 0.999977
1627998840.558009 10.812646 -0.318847 -0.005478 -0.007816 0.000009 -0.002658 0.999966
1627998840.658235 10.899571 -0.326040 -0.000886 -0.007927 -0.001090 -0.002737 0.999964
1627998840.758439 10.985486 -0.334542 0.004871 -0.006667 -0.000667 -0.002616 0.999974
1627998840.858656 11.063053 -0.342581 -0.003194 -0.006272 -0.000928 -0.003252 0.999975
1627998840.958834 11.151254 -0.331816 -0.007144 -0.007428 -0.002597 -0.003508 0.999963
1627998841.059049 11.242170 -0.326420 -0.004342 -0.009102 -0.003842 -0.003611 0.999945
1627998841.159229 11.324295 -0.338810 -0.002357 -0.010154 -0.005828 -0.003177 0.999926
1627998841.259455 11.412769 -0.337743 0.004326 -0.009805 -0.006660 -0.003493 0.999924
1627998841.359641 11.506169 -0.340326 0.008820 -0.009852 -0.004300 -0.003099 0.999937
1627998841.459878 11.583952 -0.332276 -0.001176 -0.010634 -0.003585 -0.003296 0.999932
1627998841.560055 11.671215 -0.333494 0.001148 -0.011895 -0.003872 -0.003916 0.999914
1627998841.660307 11.764745 -0.340094 0.006505 -0.012982 -0.002719 -0.003707 0.999905
1627998841.764288 11.866431 -0.341406 0.009126 -0.011873 -0.002554 -0.003512 0.999920
1627998841.860710 11.945566 -0.341274 0.007809 -0.010416 -0.002024 -0.003948 0.999936
1627998841.960890 12.024504 -0.331313 -0.002625 -0.010173 -0.003726 -0.004690 0.999930
1627998842.061082 12.113266 -0.331050 -0.002485 -0.011412 -0.006583 -0.005524 0.999898
1627998842.161285 12.203340 -0.340040 0.009613 -0.012474 -0.005937 -0.005383 0.999890
1627998842.261482 12.308947 -0.345445 0.015661 -0.011396 -0.004468 -0.005501 0.999910
1627998842.361678 12.400468 -0.353941 0.022116 -0.008625 -0.002230 -0.005043 0.999948
1627998842.462026 12.485562 -0.353558 0.011404 -0.006587 -0.000173 -0.005489 0.999963
1627998842.562280 12.576554 -0.349693 0.009462 -0.006316 0.000877 -0.005301 0.999966
1627998842.758250 12.736523 -0.353192 0.011431 -0.008120 0.002010 -0.005405 0.999950
1627998842.762501 12.736397 -0.352609 0.011719 -0.008091 0.002024 -0.005379 0.999951
1627998842.862730 12.861000 -0.357564 0.009771 -0.007785 0.001930 -0.004150 0.999959
1627998842.963020 12.984947 -0.363773 0.015310 -0.004110 0.001673 -0.004190 0.999981
1627998843.063128 13.083527 -0.367478 0.007106 -0.002889 0.002632 -0.004624 0.999982
1627998843.163314 13.185025 -0.366023 -0.001693 -0.005248 0.003055 -0.004768 0.999970
1627998843.263557 13.267122 -0.366702 -0.002702 -0.008382 0.002360 -0.004318 0.999953
1627998843.363844 13.352229 -0.367062 0.010890 -0.009219 0.002531 -0.003975 0.999946
1627998843.463931 13.461454 -0.360773 0.012780 -0.006972 0.004279 -0.003297 0.999961
1627998843.564130 13.578297 -0.371978 0.005051 -0.004894 0.005056 -0.003604 0.999969
1627998843.664347 13.661839 -0.377103 -0.001303 -0.005419 0.004519 -0.003839 0.999968
1627998843.764572 13.745024 -0.373778 -0.002635 -0.007062 0.004255 -0.003420 0.999960
1627998843.864751 13.839679 -0.373563 0.002375 -0.007533 0.004006 -0.002927 0.999959
1627998843.964991 13.939955 -0.370377 0.001987 -0.006304 0.003318 -0.002406 0.999972
1627998844.065175 14.036361 -0.374335 -0.003217 -0.005186 0.001514 -0.002521 0.999982
1627998844.165366 14.133450 -0.381145 -0.002995 -0.006240 0.000799 -0.002679 0.999977
1627998844.265576 14.224674 -0.378676 -0.004384 -0.007894 0.000355 -0.002512 0.999966
1627998844.365766 14.319813 -0.372100 -0.000532 -0.008175 -0.001045 -0.002338 0.999963
1627998844.465973 14.415741 -0.367662 0.003132 -0.006690 -0.001302 -0.003012 0.999972
1627998844.566283 14.508599 -0.370306 -0.001910 -0.006061 -0.001274 -0.004655 0.999970
1627998844.666367 14.596360 -0.365302 -0.006315 -0.007815 -0.001677 -0.006391 0.999948
1627998844.766573 14.695904 -0.365685 -0.004872 -0.010001 -0.002688 -0.007658 0.999917
1627998844.866775 14.788898 -0.363019 0.004119 -0.009948 -0.003557 -0.008770 0.999906
1627998844.966982 14.886716 -0.370446 0.009002 -0.008213 -0.004006 -0.010464 0.999903
1627998845.067184 14.987675 -0.375113 0.003538 -0.007126 -0.004712 -0.012647 0.999884
1627998845.167407 15.082995 -0.372081 -0.002117 -0.008262 -0.004838 -0.015584 0.999833
1627998845.267622 15.187556 -0.370951 -0.001295 -0.010362 -0.004634 -0.017289 0.999786
1627998845.368298 15.290350 -0.365152 0.004647 -0.010685 -0.004848 -0.019275 0.999745
1627998845.468016 15.388582 -0.370779 0.013398 -0.008998 -0.004371 -0.022045 0.999707
1627998845.568408 15.488162 -0.371045 0.011556 -0.006993 -0.003445 -0.025975 0.999632
1627998845.668471 15.590081 -0.372778 0.003610 -0.007195 -0.003034 -0.030701 0.999498
1627998845.768609 15.701319 -0.381374 0.003374 -0.008722 -0.003081 -0.035303 0.999334
1627998845.868864 15.808392 -0.384537 0.008178 -0.009554 -0.003070 -0.040230 0.999140
1627998845.969015 15.903313 -0.396853 0.014866 -0.008594 -0.002222 -0.045092 0.998943
1627998846.069233 16.009763 -0.407080 0.010819 -0.007274 -0.001979 -0.050492 0.998696
1627998846.169422 16.114370 -0.416895 0.008839 -0.007202 -0.001694 -0.056111 0.998397
1627998846.269649 16.216753 -0.433979 0.007338 -0.008176 -0.000946 -0.061175 0.998093
1627998846.369857 16.326663 -0.446451 0.011825 -0.008487 -0.000166 -0.066085 0.997778
1627998846.470075 16.432273 -0.461029 0.013325 -0.007931 0.000466 -0.071454 0.997412
1627998846.570267 16.527255 -0.479501 0.011686 -0.007701 0.000682 -0.076306 0.997055
1627998846.670452 16.623290 -0.487759 0.010538 -0.008234 0.000767 -0.080588 0.996713
1627998846.770611 16.725588 -0.503109 0.010102 -0.008694 0.000226 -0.084172 0.996413
1627998846.870777 16.841629 -0.518615 0.012346 -0.008046 -0.000685 -0.087724 0.996112
1627998846.970978 16.950627 -0.544609 0.011650 -0.007141 -0.001315 -0.091764 0.995754
1627998847.070961 17.055372 -0.568600 0.009724 -0.007197 -0.002017 -0.095357 0.995415
1627998847.170897 17.153297 -0.589842 0.010776 -0.008187 -0.001943 -0.098650 0.995087
1627998847.270833 17.247944 -0.602875 0.012906 -0.008475 -0.002328 -0.100894 0.994858
1627998847.370792 17.337167 -0.617259 0.016452 -0.007434 -0.003157 -0.102964 0.994652
1627998847.470739 17.431677 -0.641789 0.015304 -0.006248 -0.004378 -0.104665 0.994478
1627998847.570675 17.529355 -0.667889 0.014269 -0.006293 -0.004844 -0.105025 0.994438
1627998847.670698 17.618545 -0.686626 0.013205 -0.007309 -0.004849 -0.104604 0.994475
1627998847.770533 17.705186 -0.709659 0.016375 -0.007932 -0.006132 -0.103652 0.994563
1627998847.870478 17.809079 -0.732865 0.022685 -0.007460 -0.006648 -0.103052 0.994626
1627998847.970408 17.922756 -0.763083 0.025401 -0.006306 -0.006601 -0.101998 0.994743
1627998848.070345 18.021516 -0.783373 0.022383 -0.006311 -0.006359 -0.100550 0.994892
1627998848.170295 18.113249 -0.797198 0.019189 -0.007379 -0.006928 -0.099233 0.995013
1627998848.270228 18.201575 -0.815821 0.022723 -0.008378 -0.007508 -0.097578 0.995164
1627998848.370184 18.295308 -0.834290 0.027882 -0.008699 -0.007481 -0.096118 0.995304
1627998848.470384 18.388798 -0.853789 0.028374 -0.008999 -0.007894 -0.094846 0.995420
1627998848.570072 18.481199 -0.880133 0.030948 -0.009380 -0.007770 -0.093809 0.995516
1627998848.670005 18.575141 -0.902134 0.032012 -0.009627 -0.007860 -0.092279 0.995656
1627998848.769971 18.665440 -0.920734 0.034330 -0.009663 -0.008702 -0.090742 0.995790
1627998848.870086 18.762852 -0.929678 0.035853 -0.010228 -0.008797 -0.089701 0.995877
1627998848.969839 18.864970 -0.946347 0.034077 -0.011289 -0.008584 -0.088676 0.995960
1627998849.069808 18.960162 -0.950977 0.035160 -0.012767 -0.008415 -0.087174 0.996076
1627998849.169773 19.057856 -0.964699 0.040206 -0.013158 -0.008625 -0.085473 0.996216
1627998849.269716 19.156300 -0.997769 0.046379 -0.012200 -0.008593 -0.083462 0.996399
1627998849.369655 19.268351 -1.023417 0.047367 -0.011345 -0.008124 -0.082378 0.996503
1627998849.469601 19.366098 -1.032173 0.042814 -0.011948 -0.008027 -0.081241 0.996591
1627998849.569549 19.474029 -1.035055 0.041638 -0.013595 -0.007933 -0.079977 0.996672
1627998849.669509 19.582867 -1.046608 0.048008 -0.014301 -0.008324 -0.078991 0.996738
1627998849.769454 19.696282 -1.068701 0.055456 -0.013035 -0.008435 -0.079823 0.996688
1627998849.869399 19.811259 -1.092780 0.054117 -0.011764 -0.007838 -0.081256 0.996593
1627998849.969357 19.924118 -1.104643 0.053206 -0.012135 -0.007032 -0.082421 0.996499
1627998850.069326 20.026728 -1.122837 0.053382 -0.013281 -0.006884 -0.083103 0.996429
1627998850.169274 20.140472 -1.145862 0.060669 -0.013325 -0.007058 -0.083458 0.996397
1627998850.269227 20.257025 -1.166321 0.065208 -0.012058 -0.007304 -0.084286 0.996342
1627998850.369203 20.369992 -1.182744 0.060619 -0.011471 -0.007650 -0.084900 0.996294
1627998850.469161 20.483763 -1.198230 0.060148 -0.012379 -0.007557 -0.085257 0.996253
1627998850.569117 20.602166 -1.214551 0.064650 -0.013062 -0.007735 -0.085277 0.996242
1627998850.669075 20.725899 -1.237650 0.070091 -0.012805 -0.008000 -0.085705 0.996206
1627998850.769036 20.834125 -1.262616 0.069510 -0.012508 -0.007542 -0.086337 0.996159
1627998850.868981 20.953585 -1.277320 0.067729 -0.012960 -0.007070 -0.086718 0.996124
1627998850.969015 21.068745 -1.296237 0.069795 -0.013711 -0.007486 -0.086906 0.996094
1627998851.068913 21.184448 -1.317771 0.077244 -0.013792 -0.007746 -0.087282 0.996058
1627998851.168861 21.305764 -1.338724 0.076686 -0.013601 -0.007875 -0.087777 0.996016
1627998851.268826 21.430539 -1.355980 0.077873 -0.013571 -0.007438 -0.088060 0.995995
1627998851.368794 21.556258 -1.378944 0.079055 -0.013999 -0.007481 -0.088143 0.995981
1627998851.468752 21.663721 -1.406969 0.082409 -0.014280 -0.007941 -0.088755 0.995920
1627998851.568720 21.779557 -1.425828 0.085027 -0.014472 -0.007444 -0.089084 0.995891
1627998851.668697 21.902185 -1.434300 0.087571 -0.014212 -0.007377 -0.089432 0.995864
1627998851.768676 22.010238 -1.463660 0.089099 -0.014243 -0.008567 -0.089538 0.995845
1627998851.868623 22.130699 -1.478084 0.088890 -0.014408 -0.008745 -0.090502 0.995754
1627998851.968613 22.244310 -1.499008 0.092042 -0.014730 -0.008615 -0.090707 0.995731
1627998852.068572 22.359561 -1.524930 0.094193 -0.015167 -0.008773 -0.090979 0.995699
1627998852.168523 22.486298 -1.541148 0.096285 -0.015319 -0.008963 -0.091105 0.995683
1627998852.268500 22.600283 -1.563012 0.099074 -0.015273 -0.008927 -0.091820 0.995618
1627998852.368464 22.709016 -1.585377 0.100505 -0.015480 -0.008664 -0.092083 0.995593
1627998852.468453 22.827008 -1.614819 0.102968 -0.015926 -0.008284 -0.092572 0.995544
1627998852.568421 22.942588 -1.627008 0.104766 -0.016254 -0.008456 -0.092800 0.995516
1627998852.668394 23.057981 -1.648362 0.106153 -0.016232 -0.008078 -0.093027 0.995498
1627998852.768371 23.170691 -1.668678 0.108546 -0.015913 -0.007651 -0.093391 0.995473
1627998852.868446 23.283397 -1.692708 0.110618 -0.016211 -0.007580 -0.093830 0.995427
1627998852.968330 23.384164 -1.715566 0.114061 -0.016556 -0.007580 -0.093955 0.995410
1627998853.068295 23.502199 -1.743005 0.118705 -0.016204 -0.007789 -0.094095 0.995401
1627998853.168256 23.618514 -1.770116 0.122451 -0.015426 -0.008403 -0.094397 0.995380
1627998853.269697 23.739582 -1.785106 0.122570 -0.015045 -0.009559 -0.094754 0.995341
1627998853.368733 23.861830 -1.799625 0.123045 -0.015606 -0.010670 -0.094948 0.995303
1627998853.468205 23.970541 -1.822091 0.126766 -0.015737 -0.011602 -0.094895 0.995295
1627998853.568204 24.082529 -1.841574 0.129733 -0.015321 -0.012520 -0.095345 0.995248
1627998853.668221 24.184872 -1.863247 0.128342 -0.014971 -0.012455 -0.095684 0.995221
1627998853.768117 24.300575 -1.879458 0.131536 -0.014904 -0.011483 -0.095884 0.995215
1627998853.868093 24.409259 -1.904741 0.133720 -0.015036 -0.011086 -0.095609 0.995244
1627998853.968116 24.523061 -1.924485 0.136902 -0.014701 -0.010223 -0.096030 0.995217
1627998854.068049 24.630329 -1.947746 0.139369 -0.014497 -0.008913 -0.096608 0.995177
1627998854.168038 24.739209 -1.976812 0.141080 -0.015175 -0.008044 -0.096675 0.995168
1627998854.268027 24.860078 -1.994912 0.141931 -0.015352 -0.007560 -0.096766 0.995160
1627998854.368014 24.969796 -2.004717 0.144356 -0.015249 -0.006778 -0.096961 0.995148
1627998854.467989 25.084987 -2.032009 0.147224 -0.014752 -0.007102 -0.097498 0.995101
1627998854.567993 25.196606 -2.057716 0.148142 -0.015296 -0.006791 -0.097890 0.995057
1627998854.667989 25.300397 -2.070512 0.152964 -0.016296 -0.007051 -0.097797 0.995048
1627998854.767944 25.422841 -2.100242 0.157534 -0.016377 -0.008067 -0.097863 0.995032
1627998854.868365 25.536161 -2.122488 0.155738 -0.015895 -0.008482 -0.098428 0.994981
1627998854.967917 25.655240 -2.139485 0.157128 -0.016077 -0.008590 -0.099069 0.994914
1627998855.067919 25.766241 -2.159365 0.162157 -0.016956 -0.009760 -0.098999 0.994895
1627998855.167886 25.874332 -2.190006 0.163470 -0.016987 -0.010441 -0.099127 0.994875
1627998855.267991 25.980508 -2.216772 0.169260 -0.015944 -0.010035 -0.099334 0.994876
1627998855.367869 26.084396 -2.243128 0.170904 -0.015557 -0.010011 -0.099645 0.994851
1627998855.468141 26.187770 -2.258446 0.168340 -0.015859 -0.009822 -0.099872 0.994825
1627998855.567838 26.299598 -2.275477 0.168700 -0.016073 -0.008207 -0.099696 0.994854
1627998855.667833 26.414340 -2.303592 0.175004 -0.015188 -0.006852 -0.099742 0.994874
1627998855.768164 26.538556 -2.318419 0.175386 -0.014374 -0.006758 -0.100189 0.994842
1627998855.867807 26.653814 -2.338883 0.173657 -0.014687 -0.005619 -0.100115 0.994852
1627998855.967849 26.767447 -2.357005 0.177777 -0.015369 -0.005118 -0.099876 0.994868
1627998856.067791 26.874243 -2.376373 0.183772 -0.015289 -0.006185 -0.098939 0.994957
1627998856.167817 26.984801 -2.403574 0.182765 -0.014316 -0.007302 -0.098605 0.994997
1627998856.267789 27.084474 -2.437511 0.186794 -0.014592 -0.007781 -0.098379 0.995012
1627998856.367779 27.187552 -2.460036 0.192593 -0.015913 -0.009739 -0.097003 0.995109
1627998856.468280 27.291576 -2.476511 0.193026 -0.016803 -0.011225 -0.096509 0.995127
1627998856.567778 27.400629 -2.490307 0.193589 -0.016350 -0.011408 -0.096297 0.995153
1627998856.667800 27.518946 -2.507422 0.196983 -0.015667 -0.011599 -0.096119 0.995179
1627998856.767795 27.619336 -2.526763 0.199211 -0.015808 -0.012301 -0.096027 0.995177
1627998856.870325 27.719300 -2.546631 0.196186 -0.016182 -0.012620 -0.095606 0.995208
1627998856.967764 27.808889 -2.561114 0.198569 -0.016311 -0.011458 -0.095332 0.995246
1627998857.067743 27.900730 -2.586857 0.206896 -0.016420 -0.011623 -0.094900 0.995284
1627998857.167775 28.001577 -2.604283 0.205221 -0.016594 -0.011683 -0.094495 0.995318
1627998857.267771 28.094543 -2.630680 0.209324 -0.016757 -0.010386 -0.094248 0.995354
1627998857.367747 28.195159 -2.657850 0.216121 -0.016418 -0.009818 -0.093542 0.995432
1627998857.467754 28.296414 -2.672025 0.214221 -0.015874 -0.009684 -0.093319 0.995463
1627998857.567779 28.400076 -2.690227 0.212742 -0.015977 -0.008770 -0.093646 0.995439
1627998857.667748 28.489221 -2.710454 0.215605 -0.016693 -0.007681 -0.093042 0.995493
1627998857.767764 28.587866 -2.723463 0.218862 -0.017734 -0.007216 -0.092518 0.995527
1627998857.867761 28.688510 -2.750245 0.217808 -0.017635 -0.005694 -0.091970 0.995589
1627998857.967762 28.774666 -2.773924 0.220285 -0.016763 -0.003293 -0.091598 0.995650
1627998858.067754 28.877893 -2.796708 0.224233 -0.016277 -0.002583 -0.091422 0.995676
1627998858.167775 28.991089 -2.803755 0.219620 -0.016309 -0.001632 -0.091251 0.995693
1627998858.267787 29.093538 -2.821666 0.221909 -0.017058 0.000471 -0.090992 0.995705
1627998858.367832 29.185872 -2.843292 0.226874 -0.017320 0.001117 -0.090520 0.995743
1627998858.467805 29.290143 -2.869964 0.223600 -0.016704 0.002207 -0.090671 0.995738
1627998858.567786 29.390570 -2.885369 0.225523 -0.016267 0.003364 -0.090994 0.995713
1627998858.667791 29.485028 -2.902819 0.238251 -0.016718 0.001454 -0.090807 0.995727
1627998858.767807 29.590369 -2.921562 0.235551 -0.017366 -0.002595 -0.090844 0.995710
1627998858.867832 29.711042 -2.946508 0.230433 -0.017627 -0.003555 -0.091524 0.995641
1627998858.967818 29.804465 -2.954421 0.239853 -0.017638 -0.005543 -0.092670 0.995525
1627998859.067834 29.897343 -2.967282 0.242023 -0.018459 -0.010203 -0.093608 0.995386
1627998859.167843 29.995989 -2.986962 0.222782 -0.020070 -0.011349 -0.094633 0.995245
1627998859.267861 30.087258 -3.008649 0.223113 -0.021299 -0.008142 -0.095985 0.995122
1627998859.367868 30.172418 -3.035849 0.240896 -0.022070 -0.006876 -0.096975 0.995018
1627998859.467879 30.277438 -3.055743 0.240375 -0.021692 -0.008164 -0.099402 0.994777
1627998859.567878 30.378303 -3.079310 0.231950 -0.021047 -0.006434 -0.102583 0.994481
1627998859.667887 30.471148 -3.104941 0.237841 -0.021663 -0.004543 -0.105676 0.994154
1627998859.767906 30.570371 -3.120538 0.245386 -0.023314 -0.005213 -0.109113 0.993742
1627998859.868040 30.661393 -3.136236 0.244525 -0.024522 -0.005697 -0.111998 0.993390
1627998859.967930 30.757435 -3.151039 0.244610 -0.024511 -0.005136 -0.115106 0.993038
1627998860.067944 30.853865 -3.161603 0.249087 -0.024017 -0.005370 -0.118173 0.992688
1627998860.172267 30.949300 -3.183122 0.250713 -0.023087 -0.005967 -0.121084 0.992356
1627998860.267981 31.030432 -3.204882 0.255245 -0.022302 -0.006819 -0.123609 0.992057
1627998860.367992 31.124716 -3.219430 0.254777 -0.021899 -0.008587 -0.126465 0.991692
1627998860.468001 31.224341 -3.254064 0.246950 -0.021676 -0.008180 -0.130449 0.991184
1627998860.568055 31.320688 -3.277672 0.244299 -0.021724 -0.005918 -0.133621 0.990777
1627998860.668647 31.405707 -3.302431 0.255829 -0.021358 -0.004355 -0.136847 0.990352
1627998860.768094 31.490137 -3.319464 0.251881 -0.020104 -0.004374 -0.140173 0.989913
1627998860.868091 31.587571 -3.356652 0.246475 -0.018354 -0.002265 -0.144100 0.989390
1627998860.968080 31.686533 -3.376863 0.256847 -0.017473 0.000439 -0.147633 0.988888
1627998861.068105 31.778484 -3.398138 0.262916 -0.017488 -0.000210 -0.151035 0.988374
1627998861.168124 31.863576 -3.433928 0.261668 -0.017016 -0.000780 -0.154584 0.987833
1627998861.268145 31.959462 -3.465419 0.264364 -0.015695 -0.001109 -0.156990 0.987475
1627998861.368165 32.057484 -3.489141 0.267130 -0.014180 -0.002808 -0.159387 0.987110
1627998861.468186 32.145674 -3.516474 0.267433 -0.014008 -0.004125 -0.160530 0.986923
1627998861.568209 32.232586 -3.540766 0.264059 -0.014226 -0.005456 -0.160219 0.986964
1627998861.668244 32.323448 -3.558314 0.260388 -0.013455 -0.005340 -0.159036 0.987167
1627998861.768259 32.406324 -3.597258 0.262286 -0.011434 -0.004874 -0.155857 0.987701
1627998861.868271 32.507347 -3.633705 0.262714 -0.008604 -0.004119 -0.152271 0.988293
1627998861.968551 32.597090 -3.652933 0.265674 -0.006898 -0.003732 -0.149250 0.988768
1627998862.072491 32.695447 -3.681233 0.264051 -0.007232 -0.003830 -0.146682 0.989150
1627998862.168357 32.791147 -3.717320 0.265962 -0.008536 -0.002346 -0.143457 0.989617
1627998862.268368 32.883457 -3.750428 0.275011 -0.008913 -0.002520 -0.139004 0.990248
1627998862.368394 32.970545 -3.776768 0.269683 -0.007937 -0.003777 -0.135176 0.990783
1627998862.468413 33.072108 -3.804074 0.264022 -0.005731 -0.003125 -0.130975 0.991364
1627998862.568451 33.168967 -3.835342 0.269066 -0.004629 -0.001385 -0.125751 0.992050
1627998862.668472 33.272569 -3.856072 0.280208 -0.005280 -0.001116 -0.119028 0.992876
1627998862.768568 33.364671 -3.878977 0.276814 -0.006617 -0.001718 -0.112573 0.993620
1627998862.868576 33.468804 -3.899295 0.271610 -0.007490 -0.001287 -0.106629 0.994270
1627998862.968861 33.570880 -3.923709 0.274366 -0.007775 -0.000789 -0.100050 0.994952
1627998863.068626 33.668237 -3.942009 0.272336 -0.006650 -0.000546 -0.094718 0.995482
1627998863.168615 33.759884 -3.963063 0.278625 -0.005216 -0.001488 -0.088577 0.996055
1627998863.268830 33.865575 -3.999756 0.282099 -0.005007 -0.002718 -0.084292 0.996425
1627998863.368662 33.956056 -4.019108 0.278165 -0.006456 -0.002958 -0.082456 0.996569
1627998863.468747 34.034952 -4.040778 0.282556 -0.008385 -0.003380 -0.081009 0.996672
1627998863.568727 34.125210 -4.053351 0.283460 -0.009610 -0.004513 -0.080353 0.996710
1627998863.669043 34.212559 -4.074835 0.279722 -0.008568 -0.005172 -0.079011 0.996824
1627998863.768796 34.310459 -4.089685 0.274777 -0.006623 -0.003979 -0.078774 0.996863
1627998863.868823 34.409592 -4.108880 0.279089 -0.006380 -0.002716 -0.077893 0.996938
1627998863.968841 34.498286 -4.117330 0.283349 -0.007403 -0.002633 -0.078068 0.996917
1627998864.068876 34.590560 -4.124346 0.281908 -0.008957 -0.002388 -0.078434 0.996876
1627998864.168922 34.683131 -4.143317 0.287611 -0.009189 -0.002256 -0.078438 0.996874
1627998864.268944 34.765610 -4.168061 0.285997 -0.007684 -0.003566 -0.078116 0.996908
1627998864.369018 34.849033 -4.188484 0.281097 -0.006200 -0.003647 -0.079325 0.996823
1627998864.469059 34.957630 -4.215232 0.292667 -0.005887 -0.003664 -0.082570 0.996561
1627998864.569047 35.050882 -4.232996 0.294276 -0.007528 -0.005070 -0.086338 0.996225
1627998864.669089 35.146466 -4.249704 0.289385 -0.009306 -0.004807 -0.089750 0.995909
1627998864.769134 35.235501 -4.259726 0.293125 -0.009193 -0.004831 -0.092929 0.995619
1627998864.870519 35.308221 -4.273734 0.296893 -0.007012 -0.004996 -0.096075 0.995337
1627998864.969198 35.402542 -4.299579 0.295002 -0.005043 -0.005976 -0.100071 0.994950
1627998865.069234 35.486248 -4.312553 0.295904 -0.005250 -0.006400 -0.103818 0.994562
1627998865.169288 35.573177 -4.320103 0.297735 -0.006972 -0.006076 -0.106389 0.994282
1627998865.269312 35.673245 -4.332741 0.297662 -0.007964 -0.005897 -0.107595 0.994145
1627998865.369378 35.759745 -4.354689 0.291737 -0.006478 -0.005741 -0.107987 0.994115
1627998865.469394 35.852846 -4.372546 0.289358 -0.004562 -0.003087 -0.107455 0.994195
1627998865.569449 35.948791 -4.386613 0.301182 -0.004151 -0.001879 -0.105362 0.994424
1627998865.670320 36.040732 -4.396290 0.301803 -0.004966 -0.002768 -0.103018 0.994663
1627998865.769567 36.130321 -4.411453 0.294471 -0.005494 -0.001731 -0.099702 0.995001
1627998865.869550 36.231308 -4.428316 0.295108 -0.005485 -0.000103 -0.095924 0.995374
1627998865.969613 36.318015 -4.456917 0.301591 -0.004350 0.000022 -0.091722 0.995775
1627998866.069615 36.404792 -4.478864 0.304722 -0.003226 -0.002018 -0.088669 0.996054
1627998866.169694 36.500846 -4.500702 0.297074 -0.003738 -0.002588 -0.085303 0.996345
1627998866.269706 36.591348 -4.520523 0.302861 -0.004393 -0.000972 -0.081240 0.996684
1627998866.369781 36.682671 -4.522967 0.316794 -0.005379 -0.003292 -0.076676 0.997036
1627998866.469804 36.767338 -4.542396 0.317005 -0.005422 -0.008336 -0.073068 0.997277
1627998866.569870 36.862391 -4.574755 0.306528 -0.004429 -0.009832 -0.069672 0.997512
1627998866.669872 36.960311 -4.586316 0.310881 -0.003419 -0.009646 -0.066431 0.997739
1627998866.769982 37.041106 -4.600368 0.313785 -0.003490 -0.010182 -0.063013 0.997955
1627998866.869970 37.135511 -4.604068 0.310022 -0.004369 -0.010462 -0.059965 0.998136
1627998866.970018 37.216432 -4.614516 0.301915 -0.005940 -0.007153 -0.056119 0.998381
1627998867.070076 37.313069 -4.618029 0.307743 -0.006561 -0.003906 -0.052295 0.998602
1627998867.170213 37.413901 -4.633678 0.314951 -0.005691 -0.003359 -0.048237 0.998814
1627998867.270148 37.502895 -4.644895 0.312886 -0.004604 -0.002842 -0.044645 0.998988
1627998867.370203 37.601544 -4.652622 0.319042 -0.003937 -0.003011 -0.041289 0.999135
1627998867.470248 37.682095 -4.667822 0.319709 -0.004565 -0.003617 -0.038286 0.999250
1627998867.570316 37.774595 -4.681934 0.316681 -0.005629 -0.002607 -0.036915 0.999299
1627998867.670340 37.861991 -4.692917 0.320867 -0.006921 -0.002139 -0.035600 0.999340
1627998867.770403 37.960659 -4.703469 0.323019 -0.007756 -0.002663 -0.036097 0.999315
1627998867.870445 38.051796 -4.722648 0.323606 -0.007831 -0.003052 -0.037861 0.999248
1627998867.970493 38.132036 -4.729354 0.322523 -0.007931 -0.002975 -0.040415 0.999147
1627998868.070568 38.220803 -4.741866 0.324824 -0.007905 -0.003258 -0.043986 0.998996
1627998868.170570 38.316526 -4.760357 0.326989 -0.008338 -0.003645 -0.048433 0.998785
1627998868.270631 38.415233 -4.773307 0.328566 -0.009001 -0.003400 -0.053092 0.998543
1627998868.370670 38.504491 -4.779795 0.330656 -0.009338 -0.003498 -0.057517 0.998295
1627998868.470733 38.603297 -4.780207 0.325502 -0.009216 -0.003346 -0.063059 0.997962
1627998868.570780 38.701116 -4.778956 0.323922 -0.009210 -0.001967 -0.068758 0.997589
1627998868.670888 38.792695 -4.792411 0.328938 -0.009189 -0.002129 -0.074225 0.997197
1627998868.770892 38.889196 -4.803530 0.330420 -0.009328 -0.003333 -0.079495 0.996786
1627998868.870955 38.976751 -4.825144 0.327497 -0.008852 -0.003498 -0.084411 0.996386
1627998868.971036 39.069493 -4.841656 0.328681 -0.008167 -0.003044 -0.088901 0.996002
1627998869.071062 39.158493 -4.854438 0.327347 -0.007555 -0.002802 -0.092788 0.995653
1627998869.171110 39.259005 -4.865513 0.330723 -0.007087 -0.003020 -0.096082 0.995344
1627998869.271140 39.358596 -4.877837 0.330815 -0.006767 -0.003275 -0.098971 0.995062
1627998869.371192 39.458386 -4.890129 0.328285 -0.006220 -0.002493 -0.100335 0.994931
1627998869.471293 39.545075 -4.892871 0.332336 -0.005348 -0.002815 -0.100576 0.994911
1627998869.571302 39.631257 -4.912471 0.332770 -0.004868 -0.004189 -0.100088 0.994958
1627998869.671368 39.737663 -4.934584 0.330525 -0.004205 -0.004482 -0.098906 0.995078
1627998869.771456 39.830272 -4.959261 0.326416 -0.002757 -0.002880 -0.097028 0.995274
1627998869.871475 39.938730 -4.967383 0.327438 -0.001233 -0.001000 -0.094010 0.995570
1627998869.971519 40.028454 -4.973363 0.331424 -0.001110 -0.000495 -0.090428 0.995902
1627998870.071604 40.123459 -4.993131 0.328707 -0.001408 0.000342 -0.086368 0.996262
1627998870.171635 40.223536 -5.019129 0.331672 -0.001150 0.001104 -0.082554 0.996585
1627998870.271710 40.315311 -5.039012 0.335823 0.000160 -0.000360 -0.077790 0.996970
1627998870.371754 40.395075 -5.055224 0.336013 0.002083 -0.002948 -0.073221 0.997309
1627998870.471822 40.478761 -5.084554 0.344506 0.003086 -0.005300 -0.068184 0.997654
1627998870.571869 40.566691 -5.102001 0.352685 0.001804 -0.008833 -0.063193 0.997961
1627998870.671942 40.661267 -5.108489 0.347186 -0.001145 -0.010908 -0.058521 0.998226
1627998870.772395 40.754414 -5.111604 0.334477 -0.002061 -0.009491 -0.053154 0.998539
1627998870.872051 40.843941 -5.110818 0.332452 -0.000057 -0.008092 -0.047478 0.998840
1627998870.972124 40.931733 -5.126734 0.338303 0.002766 -0.008046 -0.040660 0.999137
1627998871.072191 41.016306 -5.142312 0.339546 0.004243 -0.007038 -0.034289 0.999378
1627998871.172239 41.108161 -5.145525 0.341455 0.004160 -0.003745 -0.028927 0.999566
1627998871.272300 41.198328 -5.147908 0.348366 0.002928 -0.002565 -0.023595 0.999714
1627998871.372421 41.288094 -5.144789 0.351188 0.001728 -0.004024 -0.018580 0.999818
1627998871.472431 41.380854 -5.144969 0.344463 0.002026 -0.005218 -0.012836 0.999902
1627998871.572799 41.468841 -5.150624 0.343905 0.003012 -0.005152 -0.007177 0.999956
1627998871.672533 41.562891 -5.161596 0.346936 0.003156 -0.004695 -0.001693 0.999983
1627998871.772595 41.661205 -5.168652 0.347977 0.002561 -0.003495 0.003989 0.999983
1627998871.872673 41.752678 -5.185106 0.348989 0.002184 -0.001841 0.008663 0.999958
1627998871.972718 41.844927 -5.185426 0.353698 0.001602 -0.001862 0.013365 0.999908
1627998872.072795 41.946951 -5.178022 0.355616 0.000686 -0.001993 0.017694 0.999841
1627998872.172844 42.048225 -5.172292 0.357378 -0.000939 -0.002339 0.021990 0.999755
1627998872.272906 42.157543 -5.158788 0.361125 -0.002766 -0.004108 0.026243 0.999643
1627998872.373538 42.269971 -5.155015 0.356639 -0.004118 -0.005738 0.029265 0.999547
1627998872.473053 42.380713 -5.153819 0.350947 -0.004123 -0.006296 0.031679 0.999470
1627998872.573107 42.477500 -5.150065 0.355649 -0.003450 -0.006664 0.032962 0.999428
1627998872.673178 42.588667 -5.145093 0.361778 -0.004798 -0.006047 0.033809 0.999398
1627998872.773301 42.689648 -5.128481 0.365195 -0.007998 -0.004550 0.036038 0.999308
1627998872.873326 42.822568 -5.104623 0.362405 -0.010528 -0.005160 0.039459 0.999152
1627998872.973439 42.932858 -5.095845 0.355012 -0.010393 -0.007293 0.042833 0.999002
1627998873.073467 43.027459 -5.098534 0.351999 -0.008387 -0.006888 0.045091 0.998924
1627998873.173528 43.131984 -5.101850 0.359070 -0.007492 -0.004705 0.044897 0.998952
1627998873.273578 43.230185 -5.103246 0.369562 -0.009472 -0.003567 0.040470 0.999129
1627998873.373714 43.339873 -5.104496 0.372362 -0.012966 -0.003542 0.034065 0.999329
1627998873.473842 43.444703 -5.103091 0.362024 -0.014186 -0.002523 0.025581 0.999569
1627998873.573783 43.536225 -5.100526 0.356942 -0.011822 -0.001290 0.015396 0.999811
1627998873.673846 43.659464 -5.102425 0.361643 -0.009773 -0.001437 0.003726 0.999944
1627998873.773923 43.792530 -5.098934 0.365546 -0.009919 -0.001131 -0.007350 0.999923
1627998873.873982 43.925594 -5.096406 0.363700 -0.010449 -0.000481 -0.018129 0.999781
1627998873.974051 44.056781 -5.098103 0.360915 -0.009114 -0.000437 -0.028718 0.999546
1627998874.074121 44.159939 -5.115865 0.357506 -0.006999 -0.000212 -0.040137 0.999170
1627998874.174219 44.259232 -5.124061 0.356411 -0.004408 0.000460 -0.050931 0.998692
1627998874.274280 44.375478 -5.142001 0.361725 -0.002303 0.000269 -0.061887 0.998080
1627998874.374332 44.498779 -5.167400 0.368235 -0.001948 -0.000568 -0.073573 0.997288
1627998874.474426 44.619447 -5.176703 0.370050 -0.003394 -0.001130 -0.083847 0.996472
1627998874.574493 44.739123 -5.176050 0.361690 -0.003932 -0.002175 -0.090845 0.995855
1627998874.674576 44.858585 -5.194110 0.358054 -0.002094 -0.004783 -0.095010 0.995463
1627998874.774620 44.978035 -5.208569 0.357341 0.000616 -0.005892 -0.098371 0.995132
1627998874.874701 45.093620 -5.224152 0.363626 0.001781 -0.004956 -0.100585 0.994915
1627998874.974762 45.226453 -5.246204 0.370902 0.000558 -0.004769 -0.101238 0.994851
1627998875.074848 45.345677 -5.269286 0.370991 -0.001359 -0.005691 -0.099466 0.995024
1627998875.174920 45.445696 -5.278383 0.363877 -0.001444 -0.005814 -0.096903 0.995276
1627998875.275006 45.559794 -5.295658 0.363118 -0.000136 -0.005847 -0.092393 0.995705
1627998875.375094 45.665127 -5.305677 0.368871 0.000303 -0.005811 -0.086489 0.996236
1627998875.475188 45.776161 -5.335203 0.371738 -0.000602 -0.005474 -0.078939 0.996864
1627998875.575223 45.880887 -5.352814 0.370132 -0.001014 -0.005388 -0.070996 0.997462
1627998875.675292 45.985319 -5.367103 0.370532 -0.000393 -0.005152 -0.063668 0.997958
1627998875.775362 46.096503 -5.379119 0.376042 -0.000536 -0.005055 -0.056295 0.998401
1627998875.875443 46.200598 -5.393236 0.376968 -0.001771 -0.005495 -0.048644 0.998799
1627998875.975514 46.318708 -5.395326 0.374622 -0.002372 -0.006135 -0.039796 0.999186
1627998876.075775 46.435526 -5.410095 0.373499 -0.001626 -0.006517 -0.031314 0.999487
1627998876.175668 46.535868 -5.427785 0.376826 -0.001277 -0.006280 -0.024477 0.999680
1627998876.275764 46.625289 -5.434968 0.384067 -0.001837 -0.005748 -0.020408 0.999774
1627998876.375823 46.726268 -5.451498 0.386610 -0.003975 -0.005592 -0.019700 0.999782
1627998876.476294 46.826002 -5.467338 0.386712 -0.004616 -0.005718 -0.022625 0.999717
1627998876.575991 46.925111 -5.474908 0.385638 -0.004178 -0.005331 -0.028503 0.999571
1627998876.676060 47.002071 -5.499257 0.390266 -0.004632 -0.004762 -0.036241 0.999321
1627998876.776132 47.117671 -5.517254 0.391418 -0.005509 -0.004959 -0.044997 0.998960
1627998876.876245 47.225882 -5.535336 0.392592 -0.006222 -0.005460 -0.052981 0.998561
1627998876.976341 47.354126 -5.532950 0.391938 -0.006016 -0.004926 -0.060567 0.998134
1627998877.076367 47.483322 -5.526234 0.393753 -0.005608 -0.004259 -0.067292 0.997708
1627998877.176524 47.614517 -5.521589 0.392048 -0.006202 -0.004050 -0.072807 0.997319
1627998877.276551 47.740116 -5.533712 0.393679 -0.006791 -0.003550 -0.077334 0.996976
1627998877.376620 47.852230 -5.548248 0.389881 -0.006399 -0.002726 -0.081798 0.996625
1627998877.476710 47.966296 -5.563004 0.391734 -0.005760 -0.002581 -0.086162 0.996261
1627998877.576792 48.074383 -5.590750 0.396436 -0.006194 -0.002344 -0.090601 0.995865
1627998877.676867 48.194052 -5.618400 0.395104 -0.006803 -0.002633 -0.094467 0.995501
1627998877.776965 48.312259 -5.639673 0.393805 -0.006889 -0.003300 -0.098084 0.995149
1627998877.877008 48.416268 -5.647655 0.393614 -0.006555 -0.003867 -0.101457 0.994811
1627998877.977098 48.524518 -5.673546 0.397777 -0.006267 -0.003882 -0.104720 0.994474
1627998878.077199 48.637174 -5.687043 0.397836 -0.006523 -0.004297 -0.107504 0.994174
1627998878.177317 48.751448 -5.701721 0.397836 -0.006686 -0.004973 -0.109928 0.993905
1627998878.277387 48.859594 -5.731696 0.398038 -0.006194 -0.004713 -0.112734 0.993595
1627998878.377419 48.961228 -5.758093 0.400251 -0.005873 -0.004973 -0.114960 0.993340
1627998878.477514 49.071002 -5.789523 0.401458 -0.006139 -0.005956 -0.116793 0.993119
1627998878.577597 49.190940 -5.815674 0.403149 -0.005989 -0.007140 -0.116970 0.993092
1627998878.677691 49.304945 -5.839459 0.401425 -0.005163 -0.008313 -0.114865 0.993333
1627998878.779771 49.417077 -5.868811 0.405726 -0.005032 -0.009309 -0.111784 0.993676
1627998878.877850 49.534269 -5.905477 0.414577 -0.005469 -0.009192 -0.107580 0.994139
1627998878.977918 49.648429 -5.929687 0.411762 -0.006095 -0.009431 -0.102790 0.994640
1627998879.078007 49.758048 -5.927823 0.409536 -0.005453 -0.010072 -0.097597 0.995160
1627998879.178092 49.858361 -5.954856 0.414162 -0.004339 -0.009687 -0.093040 0.995606
1627998879.278184 49.958802 -5.974840 0.418359 -0.004003 -0.009270 -0.088533 0.996022
1627998879.378274 50.073299 -6.012800 0.420835 -0.005004 -0.009804 -0.082374 0.996541
1627998879.478355 50.184494 -6.046542 0.425256 -0.005395 -0.010330 -0.077121 0.996954
1627998879.578439 50.286972 -6.065084 0.424598 -0.005026 -0.009863 -0.072176 0.997330
1627998879.678531 50.398510 -6.098414 0.429174 -0.004963 -0.009550 -0.067552 0.997658
1627998879.778610 50.509291 -6.111357 0.431139 -0.005648 -0.009885 -0.062846 0.997958
1627998879.878729 50.625550 -6.116755 0.434307 -0.005823 -0.009474 -0.060018 0.998135
1627998879.978798 50.739023 -6.124110 0.436549 -0.005078 -0.008061 -0.060200 0.998141
1627998880.078902 50.845602 -6.128579 0.437748 -0.005046 -0.007463 -0.061796 0.998048
1627998880.179039 50.952482 -6.132366 0.438306 -0.006023 -0.007460 -0.063799 0.997917
1627998880.279068 51.077007 -6.141228 0.440679 -0.006350 -0.006913 -0.066724 0.997727
1627998880.379153 51.203376 -6.147966 0.438920 -0.005810 -0.006828 -0.070352 0.997482
1627998880.479300 51.318774 -6.165071 0.441786 -0.005311 -0.007077 -0.074886 0.997153
1627998880.579341 51.431765 -6.185703 0.445842 -0.005870 -0.006644 -0.078896 0.996843
1627998880.680326 51.559593 -6.198455 0.445476 -0.006635 -0.007060 -0.083125 0.996492
1627998880.779506 51.676280 -6.227410 0.448183 -0.006978 -0.007302 -0.087767 0.996090
1627998880.879577 51.797815 -6.250556 0.450628 -0.006987 -0.006661 -0.092068 0.995706
1627998880.979674 51.921787 -6.275685 0.448234 -0.007160 -0.006729 -0.095780 0.995354
1627998881.079778 52.045115 -6.298485 0.454870 -0.007188 -0.007264 -0.099093 0.995026
1627998881.179864 52.165297 -6.316796 0.456517 -0.006902 -0.006513 -0.102232 0.994715
1627998881.279956 52.281780 -6.343433 0.454961 -0.007139 -0.006569 -0.104742 0.994452
1627998881.380323 52.408540 -6.374764 0.457182 -0.007543 -0.007241 -0.106969 0.994207
1627998881.480135 52.523853 -6.401111 0.457114 -0.007263 -0.008117 -0.108568 0.994029
1627998881.580259 52.624330 -6.430575 0.454379 -0.005785 -0.010062 -0.110992 0.993754
1627998881.680339 52.732762 -6.450028 0.458835 -0.004477 -0.012654 -0.113317 0.993468
1627998881.780428 52.845548 -6.479053 0.471740 -0.004244 -0.013079 -0.115212 0.993246
1627998881.880490 52.944181 -6.516932 0.474755 -0.003960 -0.011387 -0.116908 0.993070
1627998881.980610 53.046906 -6.548022 0.473941 -0.003012 -0.010104 -0.118273 0.992925
1627998882.080713 53.154660 -6.584878 0.477121 -0.000842 -0.008689 -0.120437 0.992683
1627998882.180809 53.262599 -6.618076 0.481117 0.001914 -0.006094 -0.121978 0.992512
1627998882.284446 53.378170 -6.643080 0.474672 0.003173 -0.004847 -0.123699 0.992303
1627998882.380958 53.469719 -6.669389 0.471938 0.002863 -0.006398 -0.124419 0.992205
1627998882.481067 53.565519 -6.690123 0.478720 0.002393 -0.007945 -0.126110 0.991982
1627998882.581185 53.677505 -6.713966 0.480082 0.002064 -0.008813 -0.126731 0.991896
1627998882.681262 53.791756 -6.736895 0.482811 0.002494 -0.009997 -0.127260 0.991816
1627998882.781335 53.877147 -6.762347 0.484866 0.002031 -0.011103 -0.128747 0.991613
1627998882.881434 53.966063 -6.769460 0.481155 -0.001442 -0.013810 -0.130319 0.991375
1627998882.981539 54.066393 -6.784906 0.496742 -0.005806 -0.015685 -0.131345 0.991196
1627998883.081625 54.158837 -6.814854 0.510063 -0.007797 -0.011830 -0.132276 0.991112
1627998883.181722 54.270022 -6.856714 0.502779 -0.006026 -0.004759 -0.132971 0.991090
1627998883.284923 54.369402 -6.896528 0.493134 -0.003509 -0.002364 -0.134209 0.990944
1627998883.382166 54.470232 -6.909175 0.511238 -0.004195 0.000368 -0.136313 0.990657
1627998883.482006 54.572643 -6.927396 0.514097 -0.008971 0.005522 -0.137389 0.990461
1627998883.582140 54.680288 -6.937768 0.495982 -0.014974 0.005743 -0.136774 0.990472
1627998883.682986 54.794295 -6.960386 0.480536 -0.017511 -0.000091 -0.135360 0.990642
1627998883.782296 54.892233 -6.982792 0.482442 -0.015261 -0.006023 -0.134914 0.990721
1627998883.885091 54.981824 -7.018266 0.496174 -0.011640 -0.007248 -0.135655 0.990661
1627998883.982518 55.070313 -7.048182 0.503944 -0.011186 -0.005653 -0.135751 0.990664
1627998884.082594 55.163334 -7.081220 0.503626 -0.013799 -0.005454 -0.135182 0.990710
1627998884.182679 55.253494 -7.106530 0.503006 -0.015889 -0.006110 -0.134532 0.990763
1627998884.284585 55.356636 -7.140289 0.505305 -0.015252 -0.005953 -0.134009 0.990845
1627998884.382888 55.451035 -7.159458 0.505637 -0.013400 -0.004944 -0.133993 0.990879
1627998884.483077 55.545443 -7.179030 0.503030 -0.012840 -0.004998 -0.133834 0.990908
1627998884.583637 55.626346 -7.197366 0.510218 -0.014108 -0.005076 -0.134182 0.990843
1627998884.684039 55.695353 -7.227829 0.512476 -0.015500 -0.004332 -0.133396 0.990932
1627998884.783384 55.779806 -7.253205 0.508820 -0.015123 -0.004896 -0.132632 0.991038
1627998884.883443 55.869594 -7.285070 0.510034 -0.013782 -0.005569 -0.132551 0.991065
1627998884.983488 55.937124 -7.311080 0.513285 -0.013135 -0.006063 -0.132580 0.991067
1627998885.083566 56.018967 -7.329596 0.516921 -0.014111 -0.006357 -0.132702 0.991035
1627998885.183669 56.094509 -7.341047 0.521015 -0.015587 -0.005974 -0.132367 0.991060
1627998885.283852 56.165255 -7.360669 0.516403 -0.015970 -0.006566 -0.131332 0.991188
1627998885.386685 56.256880 -7.385581 0.518248 -0.014770 -0.007636 -0.131064 0.991235
1627998885.484161 56.328845 -7.408163 0.523365 -0.013124 -0.007868 -0.131391 0.991212
1627998885.584149 56.417020 -7.429684 0.521690 -0.013100 -0.007919 -0.132072 0.991122
1627998885.684201 56.494668 -7.431203 0.525975 -0.014693 -0.007663 -0.133190 0.990952
1627998885.784470 56.570475 -7.450773 0.526561 -0.016350 -0.006876 -0.134588 0.990743
1627998885.884372 56.653959 -7.476055 0.523715 -0.016898 -0.008038 -0.135933 0.990541
1627998885.984483 56.738836 -7.507112 0.532719 -0.015527 -0.009040 -0.138035 0.990264
1627998886.086418 56.820478 -7.529184 0.533210 -0.013974 -0.008817 -0.140437 0.989952
1627998886.188270 56.879639 -7.549441 0.529369 -0.013677 -0.009425 -0.142926 0.989594
1627998886.285116 56.948101 -7.566882 0.532888 -0.014506 -0.010202 -0.145200 0.989243
1627998886.384889 57.022540 -7.593813 0.536335 -0.016317 -0.009942 -0.146806 0.988981
1627998886.484998 57.105010 -7.622683 0.540295 -0.017013 -0.010122 -0.148189 0.988761
1627998886.585104 57.189224 -7.647799 0.548215 -0.016307 -0.009488 -0.149506 0.988581
1627998886.687995 57.269551 -7.664857 0.546965 -0.015022 -0.007611 -0.150791 0.988422
1627998886.785308 57.363116 -7.679136 0.542632 -0.014234 -0.007506 -0.152354 0.988195
1627998886.885423 57.444685 -7.708579 0.546337 -0.014668 -0.007657 -0.153632 0.987990
1627998886.985539 57.527436 -7.733149 0.547956 -0.015328 -0.006971 -0.154394 0.987866
1627998887.085621 57.609893 -7.760368 0.546422 -0.015437 -0.007892 -0.154874 0.987782
1627998887.185719 57.701129 -7.795857 0.552992 -0.014682 -0.009035 -0.155727 0.987650
1627998887.285839 57.786729 -7.828728 0.550092 -0.014002 -0.009919 -0.157142 0.987427
1627998887.385928 57.874919 -7.851098 0.551931 -0.014163 -0.011759 -0.157848 0.987292
1627998887.488273 57.946727 -7.883864 0.562383 -0.014859 -0.010914 -0.158414 0.987201
1627998887.586151 58.027199 -7.910988 0.563939 -0.015460 -0.009894 -0.158709 0.987155
1627998887.686383 58.128870 -7.947093 0.563978 -0.015072 -0.009959 -0.158347 0.987218
1627998887.786346 58.230914 -7.984188 0.568767 -0.013840 -0.009222 -0.158219 0.987264
1627998887.889450 58.330259 -8.021182 0.569537 -0.013327 -0.008627 -0.158352 0.987255
1627998887.986552 58.412041 -8.058969 0.573486 -0.013771 -0.007356 -0.157855 0.987339
1627998888.087677 58.494101 -8.087826 0.571550 -0.014687 -0.006382 -0.157378 0.987409
1627998888.186771 58.577501 -8.116336 0.572896 -0.015226 -0.006820 -0.156558 0.987528
1627998888.288202 58.676343 -8.139907 0.579320 -0.014280 -0.006680 -0.156098 0.987616
1627998888.387001 58.777947 -8.161129 0.577577 -0.013739 -0.006145 -0.155986 0.987645
1627998888.487084 58.872742 -8.195798 0.577493 -0.014268 -0.006099 -0.155194 0.987762
1627998888.587215 58.980800 -8.230749 0.578586 -0.014961 -0.006502 -0.154018 0.987933
1627998888.687418 59.069429 -8.264856 0.584360 -0.014851 -0.006871 -0.153121 0.988072
1627998888.787431 59.165522 -8.305315 0.587607 -0.013756 -0.006307 -0.152256 0.988225
1627998888.887614 59.259037 -8.339171 0.586700 -0.013266 -0.005632 -0.151823 0.988303
1627998888.987625 59.364090 -8.366080 0.584811 -0.014027 -0.005630 -0.150692 0.988465
1627998889.087726 59.462197 -8.395950 0.590991 -0.014649 -0.005611 -0.149830 0.988587
1627998889.187839 59.579397 -8.425176 0.594291 -0.013937 -0.005036 -0.148793 0.988757
1627998889.288296 59.677572 -8.461036 0.588201 -0.012973 -0.005679 -0.148366 0.988831
1627998889.388072 59.779565 -8.499036 0.589944 -0.013178 -0.007005 -0.147556 0.988941
1627998889.488185 59.872634 -8.531283 0.595593 -0.014465 -0.006678 -0.146440 0.989091
1627998889.588294 59.974723 -8.556465 0.596049 -0.015162 -0.006817 -0.145128 0.989273
1627998889.691204 60.071205 -8.586824 0.596837 -0.014265 -0.008590 -0.144266 0.989399
1627998889.788497 60.168846 -8.608298 0.604666 -0.012842 -0.009221 -0.143803 0.989480
1627998889.888609 60.269954 -8.634427 0.603486 -0.013076 -0.007761 -0.142973 0.989610
1627998889.988729 60.363891 -8.660916 0.601090 -0.014586 -0.008055 -0.141806 0.989754
1627998890.088827 60.467826 -8.690378 0.608655 -0.015416 -0.008791 -0.141157 0.989828
1627998890.188933 60.575932 -8.722418 0.615075 -0.014289 -0.008090 -0.140307 0.989972
1627998890.289042 60.668678 -8.754713 0.614163 -0.013276 -0.007282 -0.139538 0.990101
1627998890.389157 60.753617 -8.785239 0.611792 -0.013253 -0.007160 -0.138920 0.990189
1627998890.489266 60.831373 -8.805282 0.614367 -0.014130 -0.007147 -0.138093 0.990293
1627998890.589430 60.935786 -8.827652 0.618370 -0.014549 -0.007106 -0.137187 0.990413
1627998890.689494 61.037996 -8.859299 0.619979 -0.014108 -0.006508 -0.136117 0.990571
1627998890.789611 61.127096 -8.876669 0.618882 -0.013618 -0.006555 -0.135401 0.990676
1627998890.889724 61.226762 -8.888666 0.619588 -0.013830 -0.006347 -0.134537 0.990792
1627998890.989827 61.316542 -8.915416 0.621117 -0.014203 -0.006323 -0.133868 0.990877
1627998891.089934 61.408438 -8.937204 0.625484 -0.013908 -0.006664 -0.133081 0.990985
1627998891.190049 61.490721 -8.965060 0.624199 -0.013099 -0.006718 -0.132999 0.991007
1627998891.290161 61.594871 -8.993497 0.624496 -0.013133 -0.006956 -0.132304 0.991098
1627998891.390269 61.702624 -9.035473 0.629789 -0.013937 -0.006651 -0.131575 0.991186
1627998891.490386 61.791965 -9.058691 0.630068 -0.014479 -0.007035 -0.130662 0.991296
1627998891.590535 61.900490 -9.084499 0.634489 -0.013806 -0.007332 -0.129765 0.991422
1627998891.690634 61.992096 -9.106531 0.634332 -0.012784 -0.006974 -0.129582 0.991462
1627998891.790722 62.078821 -9.133218 0.633266 -0.012825 -0.006779 -0.128956 0.991544
1627998891.890838 62.182194 -9.157138 0.634778 -0.013992 -0.006415 -0.128392 0.991604
1627998891.990952 62.274233 -9.184394 0.640667 -0.014936 -0.006334 -0.127388 0.991720
1627998892.091110 62.371035 -9.202131 0.645219 -0.014125 -0.006194 -0.126778 0.991811
1627998892.191219 62.472075 -9.219934 0.641903 -0.013103 -0.006416 -0.126252 0.991891
1627998892.291337 62.569159 -9.249236 0.642575 -0.013193 -0.006125 -0.125603 0.991974
1627998892.391445 62.659909 -9.277093 0.643711 -0.014482 -0.005518 -0.125176 0.992013
1627998892.491522 62.767518 -9.310730 0.647105 -0.015312 -0.005565 -0.124248 0.992117
1627998892.591661 62.864835 -9.335450 0.652165 -0.014333 -0.005713 -0.123856 0.992180
1627998892.691782 62.954760 -9.366790 0.652771 -0.013204 -0.005302 -0.123469 0.992246
1627998892.791921 63.055608 -9.403518 0.650647 -0.013217 -0.004653 -0.123166 0.992287
1627998892.891982 63.157986 -9.423717 0.651028 -0.014424 -0.004680 -0.122305 0.992377
1627998892.992109 63.260882 -9.436159 0.653989 -0.015058 -0.005011 -0.121070 0.992517
1627998893.092219 63.357759 -9.458215 0.657260 -0.014375 -0.005181 -0.120612 0.992582
1627998893.192332 63.469005 -9.485455 0.657951 -0.013318 -0.005638 -0.120231 0.992641
1627998893.292495 63.557124 -9.510841 0.657312 -0.013530 -0.005516 -0.119682 0.992705
1627998893.392573 63.636921 -9.532601 0.655862 -0.014326 -0.005567 -0.118681 0.992813
1627998893.588900 63.772443 -9.562408 0.658445 -0.014366 -0.005813 -0.117379 0.992966
1627998893.592863 63.772502 -9.561367 0.658189 -0.014356 -0.005816 -0.117387 0.992965
1627998893.692927 63.903721 -9.592372 0.663509 -0.013943 -0.005689 -0.117257 0.992987
1627998893.793047 64.030426 -9.623689 0.665247 -0.014503 -0.005563 -0.116648 0.993052
1627998893.893157 64.144997 -9.656985 0.667554 -0.014965 -0.005464 -0.116002 0.993121
1627998893.993266 64.246766 -9.678910 0.672103 -0.014402 -0.005445 -0.115502 0.993188
1627998894.093421 64.333895 -9.690353 0.667903 -0.013732 -0.005349 -0.116691 0.993059
1627998894.193498 64.432829 -9.702216 0.668476 -0.013996 -0.005129 -0.117802 0.992925
1627998894.293627 64.537205 -9.733100 0.669311 -0.015351 -0.004493 -0.118551 0.992819
1627998894.394054 64.645575 -9.749958 0.674495 -0.015426 -0.004921 -0.119852 0.992660
1627998894.493864 64.734850 -9.770747 0.676149 -0.014552 -0.005458 -0.121538 0.992465
1627998894.593972 64.832336 -9.789272 0.675018 -0.013721 -0.005912 -0.124605 0.992094
1627998894.694089 64.937060 -9.817423 0.674271 -0.014425 -0.005829 -0.127108 0.991767
1627998894.794218 65.031293 -9.847485 0.676285 -0.015390 -0.005827 -0.129156 0.991488
1627998894.894344 65.126014 -9.875466 0.680406 -0.015526 -0.006856 -0.131186 0.991213
1627998894.994478 65.214343 -9.909405 0.685545 -0.014543 -0.007587 -0.133681 0.990889
1627998895.094579 65.310890 -9.927701 0.685854 -0.013994 -0.007200 -0.136425 0.990525
1627998895.194713 65.418594 -9.946380 0.684478 -0.014654 -0.006690 -0.138965 0.990166
1627998895.294880 65.500050 -9.972234 0.685826 -0.015524 -0.006939 -0.140911 0.989876
1627998895.394940 65.588692 -9.993493 0.692289 -0.014793 -0.008112 -0.142862 0.989599
1627998895.495068 65.686232 -10.027349 0.696520 -0.013336 -0.008363 -0.145222 0.989274
1627998895.595168 65.779792 -10.062631 0.692393 -0.012581 -0.008643 -0.147965 0.988875
1627998895.695320 65.879538 -10.093046 0.691055 -0.013712 -0.008742 -0.150604 0.988460
1627998895.795416 65.962189 -10.120472 0.696069 -0.015014 -0.008644 -0.151899 0.988244
1627998895.895535 66.061576 -10.153507 0.704713 -0.014811 -0.009170 -0.153279 0.988029
1627998895.995650 66.151915 -10.181801 0.710229 -0.013167 -0.009185 -0.154853 0.987807
1627998896.095782 66.239718 -10.211280 0.706702 -0.011958 -0.009266 -0.156746 0.987523
1627998896.195885 66.333299 -10.248936 0.705770 -0.012050 -0.009629 -0.158189 0.987288
1627998896.296014 66.431862 -10.275652 0.707135 -0.012742 -0.009556 -0.159031 0.987145
1627998896.396142 66.520328 -10.300822 0.713116 -0.012776 -0.009490 -0.159892 0.987006
1627998896.496250 66.609704 -10.332007 0.716726 -0.012233 -0.008328 -0.161182 0.986814
1627998896.596377 66.696463 -10.360347 0.713298 -0.012046 -0.007625 -0.162192 0.986656
1627998896.696555 66.788495 -10.390918 0.718415 -0.012345 -0.007231 -0.162672 0.986576
1627998896.796622 66.883916 -10.418266 0.722469 -0.011910 -0.006623 -0.162834 0.986559
1627998896.896795 66.987606 -10.443747 0.725116 -0.010429 -0.006969 -0.162835 0.986574
1627998896.997115 67.082228 -10.470236 0.720466 -0.009252 -0.007297 -0.163859 0.986413
1627998897.097002 67.177596 -10.501093 0.718266 -0.009977 -0.007248 -0.164557 0.986290
1627998897.197174 67.267114 -10.521790 0.722851 -0.011667 -0.005949 -0.165358 0.986147
1627998897.297272 67.355307 -10.556606 0.726832 -0.012375 -0.005552 -0.165202 0.986166
1627998897.398288 67.458419 -10.591391 0.732435 -0.010886 -0.006049 -0.165761 0.986087
1627998897.497481 67.562851 -10.636596 0.731552 -0.008821 -0.006132 -0.167474 0.985818
1627998897.598071 67.663904 -10.669148 0.726196 -0.008545 -0.006499 -0.169127 0.985536
1627998897.697734 67.762967 -10.710233 0.727767 -0.010211 -0.006486 -0.170096 0.985353
1627998897.797898 67.856970 -10.735701 0.734077 -0.011118 -0.006480 -0.171129 0.985165
1627998897.898007 67.959327 -10.763512 0.738216 -0.010259 -0.007033 -0.172338 0.984959
1627998897.998788 68.052925 -10.810988 0.738683 -0.009204 -0.007429 -0.174129 0.984652
1627998898.098233 68.153115 -10.846186 0.741099 -0.008903 -0.007004 -0.175627 0.984392
1627998898.199471 68.242283 -10.895272 0.740291 -0.009766 -0.006226 -0.176747 0.984188
1627998898.298480 68.340023 -10.925360 0.740978 -0.010664 -0.006414 -0.177579 0.984028
1627998898.398599 68.438987 -10.961461 0.746881 -0.010631 -0.006138 -0.178776 0.983813
1627998898.498730 68.544702 -10.999912 0.747177 -0.010460 -0.006187 -0.180021 0.983588
1627998898.598869 68.649559 -11.053660 0.750333 -0.010666 -0.006403 -0.181360 0.983338
1627998898.698993 68.741872 -11.096106 0.751350 -0.011195 -0.006187 -0.181880 0.983238
1627998898.799081 68.824882 -11.139034 0.751863 -0.011723 -0.006872 -0.182898 0.983038
1627998898.899230 68.928406 -11.174465 0.752939 -0.012383 -0.007647 -0.184267 0.982769
1627998899.003153 69.029945 -11.205224 0.758941 -0.012440 -0.007416 -0.185604 0.982518
1627998899.099506 69.123830 -11.249827 0.760789 -0.012623 -0.006608 -0.186674 0.982319
1627998899.199594 69.224328 -11.286634 0.762475 -0.012404 -0.007063 -0.187810 0.982102
1627998899.299701 69.324985 -11.318476 0.766784 -0.011956 -0.007833 -0.188623 0.981946
1627998899.399835 69.421089 -11.358932 0.768162 -0.011302 -0.008341 -0.190505 0.981586
1627998899.499978 69.512056 -11.402341 0.769857 -0.011427 -0.008492 -0.192603 0.981174
1627998899.600159 69.609451 -11.427992 0.768731 -0.012097 -0.008224 -0.193552 0.980981
1627998899.700202 69.696364 -11.452115 0.771723 -0.012144 -0.008864 -0.194156 0.980855
1627998899.800331 69.803165 -11.486277 0.775368 -0.011890 -0.010105 -0.195615 0.980557
1627998899.900488 69.902895 -11.533995 0.776560 -0.011365 -0.010883 -0.196974 0.980282
1627998900.001028 69.998982 -11.573874 0.777991 -0.011126 -0.010948 -0.197787 0.980121
1627998900.100759 70.097497 -11.620133 0.779906 -0.010959 -0.011347 -0.198385 0.979997
1627998900.200849 70.192300 -11.670372 0.782075 -0.011349 -0.012121 -0.199307 0.979796
1627998900.300979 70.288242 -11.714952 0.786615 -0.011198 -0.012052 -0.200439 0.979568
1627998900.401104 70.375806 -11.761446 0.791731 -0.011326 -0.010938 -0.201036 0.979457
1627998900.501232 70.469759 -11.794806 0.793875 -0.011867 -0.010272 -0.201172 0.979430
1627998900.601355 70.570780 -11.837892 0.799131 -0.011830 -0.010134 -0.201266 0.979413
1627998900.701527 70.681497 -11.879793 0.801721 -0.010740 -0.010260 -0.202024 0.979268
1627998900.801651 70.790211 -11.919756 0.800426 -0.009603 -0.009668 -0.202198 0.979250
1627998900.901765 70.894944 -11.965104 0.799515 -0.009787 -0.008430 -0.203322 0.979027
1627998901.002038 70.997042 -12.001816 0.801750 -0.010896 -0.007531 -0.203204 0.979047
1627998901.102008 71.096324 -12.033515 0.808851 -0.011333 -0.007493 -0.203224 0.979038
1627998901.202139 71.214697 -12.079642 0.812489 -0.010123 -0.007459 -0.202652 0.979170
1627998901.302246 71.322542 -12.127744 0.810377 -0.008940 -0.007027 -0.201787 0.979363
1627998901.402537 71.433285 -12.173043 0.807824 -0.008726 -0.006747 -0.200516 0.979628
1627998901.502526 71.543529 -12.217500 0.808660 -0.009262 -0.006725 -0.199188 0.979894
1627998901.602658 71.651632 -12.269226 0.814182 -0.008914 -0.006285 -0.198479 0.980044
1627998901.702769 71.756034 -12.333204 0.819183 -0.008218 -0.006062 -0.196938 0.980363
1627998901.802896 71.852072 -12.381017 0.820697 -0.008530 -0.006487 -0.194996 0.980745
1627998901.903014 71.964656 -12.424294 0.821690 -0.009547 -0.007423 -0.194089 0.980909
1627998902.003282 72.081159 -12.478314 0.825765 -0.009202 -0.007636 -0.193397 0.981048
1627998902.103464 72.202627 -12.521564 0.828009 -0.008304 -0.007582 -0.192561 0.981221
1627998902.203485 72.317052 -12.561658 0.825358 -0.008555 -0.007577 -0.191397 0.981446
1627998902.303551 72.414407 -12.598426 0.828168 -0.009566 -0.006754 -0.190496 0.981618
1627998902.403701 72.519129 -12.645285 0.833319 -0.009900 -0.006966 -0.189510 0.981804
1627998902.503790 72.619506 -12.695747 0.834209 -0.009920 -0.006840 -0.188646 0.981971
1627998902.603981 72.718550 -12.733662 0.836719 -0.009959 -0.005608 -0.187150 0.982265
1627998902.704066 72.836114 -12.769379 0.841140 -0.009717 -0.005647 -0.185740 0.982535
1627998902.804192 72.950340 -12.807689 0.840060 -0.009345 -0.006111 -0.185137 0.982649
1627998902.904319 73.052471 -12.841060 0.839786 -0.009034 -0.005654 -0.184292 0.982814
1627998903.004462 73.172379 -12.886822 0.845012 -0.009831 -0.005402 -0.182674 0.983110
1627998903.104587 73.286939 -12.932736 0.847185 -0.010859 -0.005925 -0.181446 0.983323
1627998903.204737 73.392405 -12.989039 0.851495 -0.010428 -0.006022 -0.180328 0.983533
1627998903.304836 73.497199 -13.034576 0.850089 -0.009428 -0.005881 -0.179561 0.983684
1627998903.404998 73.602495 -13.077444 0.851566 -0.009572 -0.006060 -0.178203 0.983928
1627998903.505188 73.697326 -13.106740 0.854215 -0.011084 -0.006580 -0.176969 0.984132
1627998903.605351 73.806087 -13.146576 0.860429 -0.011602 -0.007257 -0.175851 0.984322
1627998903.705379 73.920554 -13.206890 0.860577 -0.011505 -0.007915 -0.175407 0.984397
1627998903.805500 74.033850 -13.247013 0.861539 -0.010914 -0.007471 -0.174582 0.984554
1627998903.905639 74.138826 -13.295419 0.861909 -0.011645 -0.006974 -0.174541 0.984556
1627998904.005772 74.230991 -13.327162 0.867320 -0.012305 -0.007114 -0.174176 0.984612
1627998904.109226 74.319762 -13.351803 0.870241 -0.012374 -0.007288 -0.174791 0.984501
1627998904.206042 74.432716 -13.385385 0.871167 -0.012053 -0.006718 -0.175596 0.984366
1627998904.306165 74.551659 -13.431996 0.873884 -0.011974 -0.006252 -0.176551 0.984199
1627998904.406288 74.668781 -13.478982 0.876369 -0.012141 -0.006935 -0.177792 0.983969
1627998904.506415 74.783448 -13.512455 0.877014 -0.012017 -0.007255 -0.179478 0.983662
1627998904.606555 74.885254 -13.555596 0.878699 -0.011455 -0.007082 -0.181527 0.983294
1627998904.706696 74.986661 -13.587384 0.883544 -0.011125 -0.007512 -0.182520 0.983111
1627998904.806808 75.089122 -13.628035 0.884357 -0.011659 -0.008829 -0.183210 0.982965
1627998904.906946 75.198829 -13.674270 0.886303 -0.011533 -0.009298 -0.184105 0.982795
1627998905.007093 75.304220 -13.718576 0.889238 -0.011111 -0.009626 -0.185328 0.982567
1627998905.107246 75.407379 -13.751543 0.890248 -0.010762 -0.010421 -0.185695 0.982493
1627998905.207350 75.504672 -13.777348 0.886519 -0.010515 -0.010605 -0.186000 0.982436
1627998905.307477 75.614429 -13.808763 0.887694 -0.010561 -0.009445 -0.186486 0.982355
1627998905.407641 75.726944 -13.853435 0.896550 -0.010444 -0.009567 -0.187050 0.982248
1627998905.507761 75.822165 -13.893851 0.896412 -0.010683 -0.009373 -0.187628 0.982137
1627998905.607912 75.922134 -13.919019 0.893150 -0.010818 -0.007829 -0.187807 0.982115
1627998905.708048 76.035121 -13.963135 0.900455 -0.010251 -0.007081 -0.187974 0.982095
1627998905.808198 76.135516 -14.016417 0.900679 -0.009991 -0.007590 -0.188695 0.981956
1627998905.908319 76.242597 -14.050221 0.899327 -0.010149 -0.006888 -0.189299 0.981843
1627998906.008424 76.349466 -14.091018 0.906005 -0.010766 -0.005750 -0.188951 0.981911
1627998906.108549 76.452753 -14.137380 0.911603 -0.010740 -0.005903 -0.188847 0.981930
1627998906.208715 76.564293 -14.191751 0.912379 -0.010221 -0.006637 -0.189414 0.981822
1627998906.308856 76.669477 -14.238411 0.908624 -0.009937 -0.006770 -0.189866 0.981736
1627998906.409290 76.776301 -14.279600 0.910512 -0.010822 -0.006306 -0.190207 0.981664
1627998906.509148 76.885886 -14.317405 0.917798 -0.011188 -0.006182 -0.189490 0.981799
1627998906.609241 76.991696 -14.362064 0.919364 -0.010986 -0.006757 -0.190066 0.981687
1627998906.709356 77.106433 -14.402567 0.914810 -0.009780 -0.006506 -0.190535 0.981610
1627998906.809523 77.216360 -14.435716 0.915277 -0.009383 -0.005392 -0.190310 0.981664
1627998906.909652 77.320916 -14.482122 0.925736 -0.009865 -0.005793 -0.190489 0.981623
1627998907.009778 77.431028 -14.525379 0.927258 -0.009982 -0.006306 -0.190977 0.981524
1627998907.109907 77.542927 -14.579255 0.926967 -0.009195 -0.006052 -0.191324 0.981465
1627998907.210054 77.652892 -14.618576 0.929887 -0.008709 -0.006332 -0.191079 0.981516
1627998907.310181 77.763193 -14.672406 0.931305 -0.009075 -0.006921 -0.191369 0.981452
1627998907.410323 77.871114 -14.720267 0.935754 -0.009323 -0.007146 -0.191520 0.981418
1627998907.510445 77.972175 -14.764819 0.940778 -0.008983 -0.007899 -0.191692 0.981382
1627998907.610576 78.083941 -14.813598 0.940539 -0.008676 -0.008221 -0.192336 0.981256
1627998907.710729 78.195603 -14.857571 0.941656 -0.009309 -0.008290 -0.192178 0.981281
1627998907.810864 78.292370 -14.897815 0.942458 -0.010107 -0.009241 -0.192137 0.981273
1627998907.910994 78.394317 -14.940899 0.944618 -0.010282 -0.009540 -0.192625 0.981172
1627998908.011136 78.495750 -14.987257 0.949021 -0.010151 -0.008734 -0.192982 0.981111
1627998908.111265 78.591485 -15.037220 0.951776 -0.010326 -0.008141 -0.193045 0.981102
1627998908.211391 78.688184 -15.071244 0.954562 -0.010298 -0.007762 -0.193533 0.981009
1627998908.312265 78.796886 -15.109518 0.956885 -0.010131 -0.007622 -0.193667 0.980985
1627998908.411683 78.914892 -15.159807 0.954086 -0.010052 -0.007184 -0.194112 0.980902
1627998908.511827 79.034977 -15.200442 0.958024 -0.010262 -0.006322 -0.194136 0.980901
1627998908.611947 79.138451 -15.250057 0.966444 -0.010344 -0.006705 -0.193954 0.980933
1627998908.712102 79.228034 -15.288255 0.965901 -0.010114 -0.007261 -0.194171 0.980889
1627998908.812243 79.322875 -15.344282 0.965579 -0.009931 -0.006551 -0.194717 0.980787
1627998908.912364 79.420196 -15.384138 0.970251 -0.009919 -0.006429 -0.194220 0.980887
1627998909.012525 79.513522 -15.413227 0.975008 -0.009903 -0.007303 -0.193983 0.980928
1627998909.112667 79.623017 -15.456977 0.972782 -0.009739 -0.007722 -0.194395 0.980845
1627998909.212762 79.730126 -15.508536 0.979121 -0.009210 -0.008150 -0.194558 0.980814
1627998909.312943 79.837136 -15.554440 0.980865 -0.009228 -0.008643 -0.194907 0.980740
1627998909.413044 79.941141 -15.603985 0.979820 -0.009683 -0.008905 -0.194588 0.980797
1627998909.513229 80.035714 -15.642012 0.982462 -0.010177 -0.008963 -0.194315 0.980845
1627998909.613317 80.142636 -15.679250 0.984038 -0.010315 -0.009606 -0.194786 0.980744
1627998909.718444 80.265404 -15.730441 0.984792 -0.010305 -0.009406 -0.194756 0.980753
1627998909.813595 80.359695 -15.765197 0.988663 -0.010087 -0.009169 -0.194727 0.980763
1627998909.913748 80.459133 -15.799224 0.992783 -0.009102 -0.009245 -0.194527 0.980811
1627998910.013912 80.554287 -15.852895 0.991336 -0.008890 -0.008762 -0.195077 0.980708
1627998910.114371 80.661126 -15.886881 0.991948 -0.009170 -0.007882 -0.194985 0.980732
1627998910.214144 80.763842 -15.913229 0.991565 -0.010420 -0.007073 -0.195223 0.980678
1627998910.314462 80.866437 -15.955148 0.998704 -0.011129 -0.006334 -0.194672 0.980785
1627998910.414502 80.960917 -15.998395 1.005300 -0.010404 -0.006456 -0.194641 0.980798
1627998910.514592 81.063390 -16.047356 1.006925 -0.009632 -0.007772 -0.195154 0.980695
1627998910.614792 81.164147 -16.096216 1.004879 -0.009377 -0.008062 -0.195352 0.980655
1627998910.715274 81.267578 -16.139400 1.008613 -0.009786 -0.007722 -0.195591 0.980606
1627998910.820715 81.366130 -16.174478 1.014057 -0.010710 -0.008012 -0.195219 0.980669
1627998910.915129 81.457565 -16.217197 1.013542 -0.011162 -0.008592 -0.195194 0.980663
1627998911.015258 81.559345 -16.260306 1.011930 -0.010893 -0.008199 -0.195914 0.980526
1627998911.115399 81.677942 -16.302974 1.020569 -0.010417 -0.008129 -0.195158 0.980683
1627998911.215541 81.781450 -16.348217 1.023350 -0.010192 -0.009131 -0.195176 0.980673
1627998911.315707 81.880499 -16.386549 1.024782 -0.009586 -0.009736 -0.195896 0.980529
1627998911.417294 81.986525 -16.424126 1.021869 -0.010185 -0.009594 -0.195751 0.980554
1627998911.516410 82.092884 -16.478674 1.025621 -0.011444 -0.008788 -0.195459 0.980606
1627998911.616099 82.196324 -16.509546 1.030802 -0.011879 -0.008546 -0.195365 0.980621
1627998911.716243 82.301129 -16.557703 1.034239 -0.011223 -0.008767 -0.195199 0.980660
1627998911.816402 82.415264 -16.615514 1.034054 -0.010558 -0.008825 -0.195370 0.980633
1627998911.917134 82.526278 -16.661594 1.036303 -0.010923 -0.007923 -0.195578 0.980595
1627998912.016659 82.639037 -16.702380 1.042137 -0.012210 -0.007631 -0.195122 0.980673
1627998912.116821 82.745684 -16.754439 1.044615 -0.012558 -0.007907 -0.195013 0.980688
1627998912.216976 82.852316 -16.799216 1.046179 -0.011479 -0.008226 -0.195788 0.980545
1627998912.317095 82.966063 -16.835938 1.048089 -0.011049 -0.008295 -0.195862 0.980534
1627998912.417246 83.063765 -16.882339 1.054732 -0.011897 -0.008681 -0.195801 0.980533
1627998912.517370 83.170840 -16.928083 1.056744 -0.012224 -0.009176 -0.195519 0.980581
1627998912.617523 83.272176 -16.962716 1.055942 -0.011546 -0.009291 -0.195786 0.980535
1627998912.717654 83.378230 -17.011033 1.057909 -0.011027 -0.009697 -0.195827 0.980529
1627998912.817789 83.477569 -17.046718 1.061802 -0.011806 -0.010257 -0.195712 0.980537
1627998912.920264 83.584123 -17.085797 1.065702 -0.012482 -0.010633 -0.195363 0.980594
1627998913.018093 83.690256 -17.137859 1.067501 -0.012680 -0.010641 -0.195748 0.980515
1627998913.118225 83.807623 -17.179512 1.065897 -0.012550 -0.010195 -0.196131 0.980444
1627998913.218366 83.917931 -17.212647 1.065563 -0.013079 -0.008605 -0.196590 0.980361
1627998913.318494 84.006192 -17.249310 1.072139 -0.013791 -0.007174 -0.196023 0.980476
1627998913.418658 84.102890 -17.291366 1.075825 -0.013189 -0.006559 -0.196228 0.980448
1627998913.518786 84.202431 -17.343359 1.077909 -0.012382 -0.006404 -0.196577 0.980389
1627998913.618935 84.316393 -17.391198 1.080788 -0.012267 -0.005699 -0.196631 0.980384
1627998913.719075 84.437338 -17.430069 1.084048 -0.012991 -0.005248 -0.196465 0.980411
1627998913.819228 84.551715 -17.470611 1.083960 -0.012528 -0.005495 -0.196501 0.980408
1627998913.919352 84.648660 -17.513556 1.083921 -0.010740 -0.005503 -0.196761 0.980377
1627998914.019486 84.753648 -17.564334 1.091169 -0.009239 -0.005853 -0.196957 0.980351
1627998914.119658 84.863029 -17.619733 1.100314 -0.009571 -0.007828 -0.197001 0.980325
1627998914.219799 84.964442 -17.660254 1.097290 -0.010716 -0.009599 -0.196623 0.980374
1627998914.319923 85.076838 -17.698997 1.095080 -0.010392 -0.009870 -0.196335 0.980432
1627998914.420072 85.179751 -17.741779 1.096753 -0.008817 -0.010593 -0.196234 0.980460
1627998914.520249 85.263683 -17.795591 1.096618 -0.006713 -0.011249 -0.195972 0.980522
1627998914.620370 85.360477 -17.840144 1.101484 -0.006305 -0.010484 -0.196359 0.980456
1627998914.720498 85.471710 -17.892860 1.109512 -0.008331 -0.010354 -0.196928 0.980328
1627998914.820672 85.586646 -17.939476 1.107456 -0.009906 -0.010413 -0.196702 0.980358
1627998914.920785 85.692522 -17.972296 1.105260 -0.009508 -0.008863 -0.196591 0.980399
1627998915.020916 85.795130 -18.023084 1.113584 -0.008079 -0.008340 -0.196202 0.980495
1627998915.121075 85.896500 -18.065710 1.114879 -0.006879 -0.009295 -0.196671 0.980401
1627998915.221217 85.992290 -18.106950 1.114028 -0.007037 -0.008578 -0.197349 0.980270
1627998915.323165 86.084051 -18.138576 1.121130 -0.008248 -0.007445 -0.197242 0.980292
1627998915.421496 86.193808 -18.181464 1.125334 -0.008443 -0.008070 -0.197735 0.980186
1627998915.521684 86.306455 -18.241003 1.122823 -0.006919 -0.008826 -0.197998 0.980138
1627998915.621780 86.417015 -18.290106 1.128258 -0.005745 -0.009324 -0.199199 0.979898
1627998915.722111 86.520210 -18.334469 1.133228 -0.006094 -0.009631 -0.200364 0.979655
1627998915.822080 86.621514 -18.368840 1.133229 -0.007018 -0.009824 -0.200471 0.979625
1627998915.922218 86.723034 -18.415703 1.135029 -0.006951 -0.010304 -0.201499 0.979410
1627998916.022368 86.836430 -18.468103 1.137685 -0.006021 -0.011343 -0.202774 0.979141
1627998916.122647 86.952529 -18.519812 1.139734 -0.005345 -0.011792 -0.204022 0.978881
1627998916.222644 87.062675 -18.571284 1.147013 -0.005636 -0.012230 -0.205113 0.978646
1627998916.323146 87.172895 -18.610287 1.149283 -0.006491 -0.013257 -0.206030 0.978434
1627998916.424631 87.278536 -18.654510 1.150100 -0.006907 -0.013836 -0.206684 0.978286
1627998916.523079 87.379026 -18.693864 1.149331 -0.006561 -0.013464 -0.207275 0.978168
1627998916.623240 87.483516 -18.745118 1.154329 -0.006062 -0.012876 -0.207435 0.978145
1627998916.723437 87.579455 -18.794639 1.160074 -0.005696 -0.013127 -0.207868 0.978052
1627998916.823556 87.677252 -18.846855 1.164067 -0.005491 -0.013352 -0.208764 0.977859
1627998916.923659 87.784522 -18.890353 1.164042 -0.005967 -0.012421 -0.209454 0.977721
1627998917.023806 87.898723 -18.939733 1.167503 -0.006833 -0.011231 -0.209849 0.977645
1627998917.123965 88.012966 -18.979616 1.173108 -0.006664 -0.011500 -0.209826 0.977648
1627998917.224092 88.116249 -19.030054 1.173950 -0.005909 -0.011889 -0.210252 0.977557
1627998917.324237 88.208702 -19.080327 1.175187 -0.005720 -0.011545 -0.210637 0.977479
1627998917.424377 88.317521 -19.126812 1.182762 -0.006508 -0.010389 -0.211315 0.977341
1627998917.524540 88.428923 -19.161994 1.186926 -0.007887 -0.010488 -0.211271 0.977339
1627998917.624693 88.541463 -19.207201 1.183899 -0.007775 -0.010722 -0.211850 0.977212
1627998917.724823 88.640226 -19.256557 1.185623 -0.006606 -0.010356 -0.212556 0.977072
1627998917.826505 88.748429 -19.304588 1.191480 -0.006148 -0.009664 -0.213295 0.976921
1627998917.925151 88.854717 -19.346583 1.194896 -0.007353 -0.009188 -0.213376 0.976899
1627998918.025248 88.957604 -19.393049 1.195788 -0.008121 -0.008863 -0.213929 0.976775
1627998918.125408 89.064312 -19.453476 1.201540 -0.008068 -0.009782 -0.214146 0.976719
1627998918.225541 89.159196 -19.501220 1.202452 -0.007800 -0.010171 -0.214673 0.976602
1627998918.325722 89.264760 -19.545726 1.206877 -0.007661 -0.010069 -0.214839 0.976567
1627998918.425846 89.371751 -19.600591 1.210709 -0.008068 -0.011464 -0.215432 0.976418
1627998918.525980 89.493085 -19.656331 1.209858 -0.008331 -0.012077 -0.215839 0.976319
1627998918.626128 89.606989 -19.706277 1.210428 -0.008475 -0.010526 -0.216425 0.976206
1627998918.726328 89.701224 -19.747952 1.220916 -0.009410 -0.009971 -0.216108 0.976273
1627998918.826652 89.804282 -19.794554 1.223865 -0.009924 -0.010954 -0.216781 0.976108
1627998918.926565 89.914444 -19.836252 1.221151 -0.009342 -0.011450 -0.217676 0.975909
1627998919.027934 90.018196 -19.888323 1.223715 -0.009029 -0.011329 -0.218215 0.975793
1627998919.126899 90.115827 -19.930437 1.234060 -0.009591 -0.011703 -0.219374 0.975524
1627998919.227322 90.217647 -19.969827 1.237479 -0.010809 -0.012733 -0.220353 0.975277
1627998919.327161 90.319153 -20.018277 1.235079 -0.010916 -0.013110 -0.221488 0.975014
1627998919.427336 90.422545 -20.080478 1.237232 -0.010567 -0.013139 -0.222801 0.974718
1627998919.527469 90.534479 -20.134030 1.240757 -0.010661 -0.013209 -0.223893 0.974466
1627998919.627597 90.638674 -20.187140 1.249146 -0.011105 -0.014009 -0.225061 0.974181
1627998919.727742 90.737180 -20.230501 1.250081 -0.011397 -0.014542 -0.225930 0.973968
1627998919.827902 90.834090 -20.270705 1.251734 -0.011068 -0.014530 -0.227150 0.973689
1627998919.928039 90.932966 -20.334724 1.258974 -0.011055 -0.014240 -0.227595 0.973589
1627998920.028182 91.024398 -20.383681 1.262668 -0.011383 -0.014603 -0.227609 0.973577
1627998920.128330 91.132180 -20.426507 1.261756 -0.011380 -0.014463 -0.227966 0.973495
1627998920.228494 91.232383 -20.475314 1.262938 -0.011013 -0.013846 -0.228630 0.973353
1627998920.328640 91.339599 -20.533139 1.266889 -0.010627 -0.012330 -0.229180 0.973248
1627998920.428790 91.434307 -20.578300 1.275136 -0.010589 -0.011585 -0.229203 0.973252
1627998920.528933 91.539558 -20.628648 1.278669 -0.010503 -0.011819 -0.229409 0.973202
1627998920.629076 91.654650 -20.671804 1.278018 -0.009725 -0.011087 -0.230015 0.973075
1627998920.729221 91.755547 -20.726855 1.281988 -0.009099 -0.010482 -0.230316 0.973017
1627998920.829385 91.864929 -20.786705 1.288460 -0.009388 -0.010962 -0.230694 0.972919
1627998920.929535 91.963887 -20.841163 1.290829 -0.009792 -0.010438 -0.230649 0.972932
1627998921.029828 92.072871 -20.883432 1.294088 -0.009332 -0.010581 -0.231331 0.972773
1627998921.129842 92.177013 -20.937621 1.296204 -0.009291 -0.010829 -0.231620 0.972702
1627998921.229959 92.281960 -20.981495 1.297993 -0.009409 -0.010352 -0.231563 0.972719
1627998921.330112 92.400169 -21.040627 1.302337 -0.009815 -0.009988 -0.231598 0.972711
1627998921.430270 92.508076 -21.093701 1.305648 -0.009862 -0.010669 -0.231976 0.972613
1627998921.530421 92.612934 -21.142566 1.304437 -0.009939 -0.010245 -0.232682 0.972448
1627998921.630560 92.721285 -21.189902 1.308307 -0.009726 -0.009188 -0.232820 0.972428
1627998921.730709 92.834966 -21.248490 1.314029 -0.010161 -0.009712 -0.232630 0.972464
1627998921.830904 92.955674 -21.313404 1.316448 -0.010079 -0.010395 -0.233200 0.972321
1627998921.930990 93.051608 -21.374450 1.318446 -0.009886 -0.009990 -0.233566 0.972239
1627998922.031156 93.149331 -21.427433 1.322424 -0.010007 -0.009697 -0.233503 0.972256
1627998922.131301 93.260528 -21.478148 1.325646 -0.010604 -0.010388 -0.233613 0.972216
1627998922.231456 93.377272 -21.532857 1.327624 -0.010791 -0.011114 -0.234214 0.972062
1627998922.331631 93.475087 -21.569598 1.330879 -0.010540 -0.011154 -0.234665 0.971955
1627998922.431756 93.573757 -21.624113 1.334535 -0.010553 -0.010459 -0.234715 0.971951
1627998922.531963 93.667374 -21.684567 1.338007 -0.011314 -0.010739 -0.234700 0.971943
1627998922.632051 93.777740 -21.734337 1.341479 -0.011858 -0.011746 -0.235263 0.971789
1627998922.732194 93.882404 -21.788454 1.345777 -0.012149 -0.011165 -0.235728 0.971679
1627998922.832368 93.990142 -21.845197 1.348159 -0.012368 -0.010222 -0.236382 0.971528
1627998922.932484 94.101318 -21.894592 1.350507 -0.012556 -0.011057 -0.235671 0.971689
1627998923.032655 94.206578 -21.949394 1.349531 -0.011967 -0.011600 -0.236060 0.971595
1627998923.132778 94.312171 -21.998411 1.352311 -0.011276 -0.011142 -0.237055 0.971367
1627998923.232961 94.398645 -22.042029 1.359300 -0.011237 -0.010576 -0.237156 0.971349
1627998923.333105 94.503954 -22.103773 1.365059 -0.011928 -0.010568 -0.237663 0.971217
1627998923.433281 94.607603 -22.161514 1.362693 -0.012052 -0.011361 -0.237158 0.971330
1627998923.533386 94.706762 -22.220100 1.365270 -0.010948 -0.012538 -0.237653 0.971208
1627998923.633571 94.796317 -22.268955 1.371222 -0.010103 -0.012780 -0.237819 0.971173
1627998923.733705 94.894460 -22.310642 1.374826 -0.010249 -0.013075 -0.237896 0.971149
1627998923.833841 94.992657 -22.362151 1.379033 -0.010890 -0.013935 -0.237841 0.971143
1627998923.933975 95.089508 -22.416637 1.379586 -0.010658 -0.013982 -0.238358 0.971018
1627998924.034128 95.193846 -22.475384 1.381737 -0.009936 -0.013107 -0.238593 0.970980
1627998924.134339 95.291884 -22.530408 1.386737 -0.009895 -0.012535 -0.238606 0.970985
1627998924.234430 95.389797 -22.583081 1.392917 -0.010090 -0.012230 -0.238705 0.970963
1627998924.334603 95.494805 -22.645131 1.394995 -0.010235 -0.012595 -0.239106 0.970858
1627998924.434846 95.593436 -22.691377 1.400132 -0.009884 -0.013339 -0.239085 0.970857
1627998924.534883 95.703622 -22.736830 1.404608 -0.010089 -0.013319 -0.239643 0.970717
1627998924.635067 95.812294 -22.794738 1.408215 -0.010797 -0.012794 -0.239545 0.970741
1627998924.735198 95.916253 -22.861243 1.408612 -0.011267 -0.012865 -0.239503 0.970745
1627998924.835344 96.018966 -22.904248 1.410770 -0.010948 -0.012519 -0.240276 0.970562
1627998924.935500 96.122069 -22.958955 1.414924 -0.010406 -0.010743 -0.240469 0.970542
1627998925.035984 96.225873 -23.025201 1.420768 -0.010383 -0.009757 -0.240346 0.970583
1627998925.135803 96.330412 -23.086313 1.424785 -0.011011 -0.010372 -0.240829 0.970450
1627998925.235956 96.440518 -23.144287 1.426608 -0.011159 -0.010205 -0.241186 0.970361
1627998925.336096 96.535178 -23.188161 1.427339 -0.010764 -0.009202 -0.241468 0.970305
1627998925.436242 96.625811 -23.219757 1.430870 -0.010620 -0.008905 -0.241363 0.970336
1627998925.536387 96.727911 -23.279848 1.435455 -0.011091 -0.009596 -0.241501 0.970290
1627998925.636540 96.834125 -23.347628 1.436441 -0.011093 -0.009968 -0.242019 0.970157
1627998925.736735 96.954673 -23.403855 1.437674 -0.010714 -0.009267 -0.242043 0.970162
1627998925.836851 97.074392 -23.463759 1.446902 -0.010767 -0.009925 -0.241971 0.970173
1627998925.937007 97.180972 -23.515095 1.450666 -0.011646 -0.011070 -0.242538 0.970009
1627998926.037165 97.273246 -23.566550 1.450423 -0.011767 -0.010787 -0.242989 0.969898
1627998926.137324 97.369534 -23.626034 1.451453 -0.011608 -0.010291 -0.242844 0.969941
1627998926.237470 97.476662 -23.684255 1.457613 -0.011938 -0.010869 -0.243045 0.969881
1627998926.337598 97.580787 -23.738748 1.460986 -0.012274 -0.011378 -0.242994 0.969884
1627998926.437891 97.686335 -23.794761 1.462464 -0.012087 -0.011381 -0.243533 0.969750
1627998926.537931 97.788181 -23.841247 1.464510 -0.012035 -0.011045 -0.243580 0.969743
1627998926.638122 97.884635 -23.888578 1.469738 -0.012399 -0.010730 -0.243727 0.969705
1627998926.738202 97.980374 -23.943161 1.474182 -0.012870 -0.011094 -0.243682 0.969706
1627998926.838806 98.081153 -23.998468 1.475498 -0.012575 -0.012032 -0.244105 0.969592
1627998926.938538 98.183267 -24.051364 1.476905 -0.011995 -0.012143 -0.244592 0.969476
1627998927.038696 98.296055 -24.112704 1.479125 -0.011597 -0.011459 -0.244498 0.969513
1627998927.138841 98.404788 -24.175151 1.485343 -0.011823 -0.011995 -0.244652 0.969465
1627998927.238975 98.515704 -24.232794 1.488422 -0.012172 -0.012089 -0.245087 0.969349
1627998927.339183 98.612043 -24.285375 1.491159 -0.011782 -0.011483 -0.245380 0.969287
1627998927.439287 98.698166 -24.340100 1.495026 -0.011151 -0.011881 -0.245230 0.969328
1627998927.539429 98.795746 -24.399752 1.498137 -0.011263 -0.012540 -0.245099 0.969352
1627998927.639582 98.895282 -24.437515 1.497078 -0.011048 -0.012679 -0.245604 0.969224
1627998927.739728 98.992719 -24.485417 1.501756 -0.010946 -0.013573 -0.245494 0.969241
1627998927.840060 99.099067 -24.551982 1.509811 -0.011206 -0.013480 -0.246111 0.969083
1627998927.940052 99.196858 -24.610052 1.512429 -0.011556 -0.013309 -0.245927 0.969128
1627998928.040177 99.289857 -24.667074 1.515275 -0.011755 -0.014117 -0.245699 0.969172
1627998928.140339 99.388966 -24.720319 1.517778 -0.011496 -0.014329 -0.245732 0.969164
1627998928.240488 99.494169 -24.770879 1.522058 -0.011203 -0.012873 -0.246258 0.969054
1627998928.340659 99.608198 -24.825493 1.528515 -0.011573 -0.012181 -0.245922 0.969144
1627998928.440822 99.707349 -24.889378 1.533645 -0.012153 -0.012265 -0.245867 0.969150
1627998928.540946 99.815566 -24.944597 1.533003 -0.011680 -0.011878 -0.246614 0.968971
1627998928.641099 99.920696 -25.004617 1.535190 -0.010928 -0.011273 -0.246789 0.968942
1627998928.741290 100.025831 -25.054329 1.541055 -0.011259 -0.011075 -0.246716 0.968959
1627998928.841554 100.111148 -25.109772 1.549124 -0.012301 -0.010803 -0.246730 0.968946
1627998928.941567 100.216035 -25.168232 1.547721 -0.012363 -0.010869 -0.247087 0.968854
1627998929.041724 100.327829 -25.229037 1.550190 -0.011873 -0.010282 -0.247583 0.968739
1627998929.142025 100.447249 -25.277803 1.552772 -0.011685 -0.009511 -0.248341 0.968556
1627998929.242995 100.547518 -25.339946 1.556425 -0.012088 -0.009905 -0.248610 0.968478
1627998929.342211 100.646595 -25.396702 1.561885 -0.012462 -0.011312 -0.249313 0.968277
1627998929.444674 100.751513 -25.457745 1.562394 -0.012709 -0.010478 -0.250317 0.968024
1627998929.542482 100.869579 -25.518438 1.565073 -0.012820 -0.010341 -0.250975 0.967853
1627998929.643193 100.984959 -25.572206 1.571379 -0.013511 -0.011242 -0.251363 0.967733
1627998929.742785 101.091832 -25.623977 1.574917 -0.013751 -0.010836 -0.251802 0.967620
1627998929.843582 101.195032 -25.682483 1.574322 -0.013593 -0.009825 -0.252108 0.967554
1627998929.944333 101.303445 -25.747963 1.578937 -0.013795 -0.009519 -0.252173 0.967537
1627998930.043253 101.413853 -25.809821 1.582133 -0.013842 -0.009653 -0.252207 0.967526
1627998930.143399 101.530783 -25.863573 1.584809 -0.013752 -0.009759 -0.252610 0.967421
1627998930.243558 101.632234 -25.925450 1.589846 -0.014119 -0.009269 -0.253258 0.967251
1627998930.343712 101.745194 -25.990432 1.591035 -0.014487 -0.009331 -0.253418 0.967203
1627998930.445215 101.858092 -26.052565 1.590923 -0.014918 -0.011061 -0.253352 0.967196
1627998930.544042 101.959551 -26.101387 1.598417 -0.014660 -0.012192 -0.253925 0.967036
1627998930.644193 102.069352 -26.174025 1.604820 -0.014389 -0.011320 -0.254346 0.966940
1627998930.744329 102.183753 -26.234743 1.605549 -0.015081 -0.011535 -0.254810 0.966805
1627998930.844784 102.273303 -26.275502 1.609534 -0.015641 -0.012791 -0.255224 0.966671
1627998930.944628 102.369684 -26.325924 1.614942 -0.015412 -0.013043 -0.256136 0.966430
1627998931.044788 102.471140 -26.393505 1.619220 -0.015052 -0.012752 -0.257150 0.966170
1627998931.144936 102.594975 -26.455338 1.621403 -0.015723 -0.013471 -0.257931 0.965942
1627998931.245799 102.706456 -26.509475 1.625769 -0.016654 -0.014264 -0.258557 0.965747
1627998931.345262 102.810066 -26.565075 1.631880 -0.016468 -0.014249 -0.259202 0.965578
1627998931.445410 102.905928 -26.630784 1.636469 -0.015664 -0.013426 -0.259726 0.965462
1627998931.545555 103.015155 -26.695556 1.638597 -0.015641 -0.012782 -0.260082 0.965375
1627998931.645740 103.107087 -26.760666 1.641655 -0.016477 -0.012241 -0.260597 0.965230
1627998931.745892 103.204103 -26.823099 1.647029 -0.016629 -0.011701 -0.260955 0.965137
1627998931.846035 103.310918 -26.891169 1.649830 -0.016119 -0.010903 -0.261526 0.965000
1627998931.946176 103.420121 -26.941004 1.650382 -0.015351 -0.010959 -0.261972 0.964891
1627998932.046335 103.526123 -26.989346 1.653229 -0.015283 -0.011483 -0.262700 0.964688
1627998932.146491 103.632666 -27.043653 1.657246 -0.016022 -0.011499 -0.263023 0.964588
1627998932.246640 103.744819 -27.118819 1.663634 -0.016435 -0.010838 -0.263779 0.964382
1627998932.346802 103.860386 -27.196631 1.665094 -0.016380 -0.011125 -0.263839 0.964363
1627998932.446949 103.960451 -27.267415 1.672141 -0.015842 -0.012135 -0.264366 0.964216
1627998932.547126 104.048996 -27.318249 1.677852 -0.015767 -0.011930 -0.265221 0.963985
1627998932.647272 104.157545 -27.378950 1.682292 -0.016206 -0.010069 -0.265941 0.963800
1627998932.747451 104.254127 -27.432365 1.683017 -0.016668 -0.009334 -0.265889 0.963814
1627998932.847583 104.353475 -27.488713 1.683170 -0.016461 -0.009264 -0.266106 0.963759
1627998932.947722 104.473381 -27.557663 1.693390 -0.015719 -0.009039 -0.266786 0.963585
1627998933.047903 104.591654 -27.630341 1.697271 -0.016075 -0.007866 -0.267625 0.963357
1627998933.148052 104.698274 -27.685833 1.693874 -0.017174 -0.007891 -0.267538 0.963362
1627998933.248198 104.801608 -27.742457 1.694398 -0.017506 -0.009138 -0.268032 0.963208
1627998933.348338 104.897588 -27.792287 1.699498 -0.016614 -0.009581 -0.268280 0.963150
1627998933.448510 105.007489 -27.866690 1.704500 -0.016330 -0.009180 -0.269027 0.962951
1627998933.548707 105.112528 -27.945652 1.708081 -0.017478 -0.009002 -0.269386 0.962832
1627998933.648820 105.209540 -28.010352 1.711370 -0.017891 -0.009378 -0.269790 0.962707
1627998933.749036 105.306514 -28.066578 1.719617 -0.016786 -0.009600 -0.269970 0.962675
1627998933.849117 105.412611 -28.131160 1.720374 -0.016002 -0.008944 -0.271029 0.962397
1627998933.949302 105.529450 -28.198459 1.720455 -0.016817 -0.009209 -0.271335 0.962294
1627998934.049426 105.650947 -28.264902 1.722520 -0.017705 -0.009935 -0.271881 0.962117
1627998934.149606 105.759959 -28.344936 1.734250 -0.017047 -0.009745 -0.272227 0.962033
1627998934.249775 105.865673 -28.408330 1.733069 -0.016004 -0.009150 -0.272909 0.961863
1627998934.349931 105.961130 -28.465812 1.731775 -0.015961 -0.009666 -0.273317 0.961743
1627998934.450069 106.055661 -28.521260 1.738282 -0.016295 -0.010148 -0.273614 0.961648
1627998934.550265 106.156385 -28.580959 1.747397 -0.016155 -0.009426 -0.274329 0.961454
1627998934.650383 106.270073 -28.645186 1.747173 -0.015685 -0.008712 -0.274381 0.961454
1627998934.750520 106.373074 -28.709305 1.745323 -0.015584 -0.009344 -0.274643 0.961375
1627998934.850673 106.474220 -28.773816 1.747207 -0.015154 -0.010492 -0.274711 0.961350
1627998934.950858 106.585634 -28.841243 1.756015 -0.015064 -0.010645 -0.275391 0.961155
1627998935.050998 106.681351 -28.901324 1.757871 -0.015598 -0.010646 -0.275582 0.961092
1627998935.151155 106.777780 -28.956710 1.759363 -0.016305 -0.011392 -0.275418 0.961119
1627998935.251307 106.876759 -29.012671 1.764728 -0.015547 -0.012182 -0.275852 0.960997
1627998935.351572 106.977125 -29.088610 1.771283 -0.014601 -0.011844 -0.276695 0.960774
1627998935.452052 107.093894 -29.155300 1.773296 -0.014785 -0.011083 -0.277120 0.960658
1627998935.551770 107.199571 -29.220786 1.774743 -0.015748 -0.010994 -0.277460 0.960545
1627998935.652007 107.292595 -29.269705 1.779136 -0.015626 -0.011436 -0.277158 0.960629
1627998935.752091 107.391811 -29.331901 1.788470 -0.014573 -0.011362 -0.277960 0.960415
1627998935.852238 107.487240 -29.394138 1.786540 -0.014285 -0.010499 -0.278076 0.960395
1627998935.952392 107.588572 -29.458403 1.785017 -0.014983 -0.010798 -0.278331 0.960308
1627998936.052590 107.693027 -29.519116 1.790870 -0.015472 -0.011130 -0.278547 0.960233
1627998936.152735 107.808664 -29.585142 1.801064 -0.015169 -0.010688 -0.279284 0.960029
1627998936.252867 107.911941 -29.656739 1.801174 -0.014853 -0.009836 -0.279418 0.960004
1627998936.353033 108.007669 -29.725366 1.801680 -0.014899 -0.010105 -0.279558 0.959960
1627998936.453192 108.108531 -29.787436 1.805059 -0.014989 -0.010799 -0.279566 0.959949
1627998936.553360 108.205422 -29.850438 1.815958 -0.014580 -0.010461 -0.280238 0.959763
1627998936.653500 108.300061 -29.921568 1.812316 -0.014595 -0.009243 -0.280407 0.959726
1627998936.753647 108.395854 -29.977352 1.812764 -0.014560 -0.009845 -0.280551 0.959678
1627998936.855244 108.502563 -30.042323 1.818506 -0.014263 -0.009899 -0.280924 0.959573
1627998936.953965 108.604477 -30.111182 1.824821 -0.013674 -0.009810 -0.281317 0.959467
1627998937.054682 108.716706 -30.182892 1.824450 -0.013696 -0.010196 -0.281599 0.959380
1627998937.154279 108.812328 -30.242174 1.829297 -0.013780 -0.011176 -0.281592 0.959370
1627998937.254440 108.917216 -30.303064 1.830641 -0.013984 -0.011984 -0.281949 0.959253
1627998937.354595 109.015979 -30.360962 1.839978 -0.013836 -0.012269 -0.282305 0.959147
1627998937.454749 109.114935 -30.428574 1.843880 -0.013761 -0.011408 -0.282659 0.959054
1627998937.554926 109.220313 -30.493094 1.843715 -0.013762 -0.011035 -0.282701 0.959046
1627998937.655132 109.322533 -30.558727 1.845346 -0.013180 -0.011767 -0.283117 0.958923
1627998937.755236 109.424345 -30.623045 1.856158 -0.012641 -0.011525 -0.283693 0.958762
1627998937.855399 109.526232 -30.696264 1.852713 -0.013277 -0.010849 -0.283735 0.958749
1627998937.955554 109.644147 -30.767128 1.854543 -0.014048 -0.011849 -0.283798 0.958708
1627998938.055711 109.744081 -30.819688 1.860217 -0.013858 -0.012747 -0.284072 0.958618
1627998938.156073 109.843702 -30.885734 1.870820 -0.012911 -0.012562 -0.284596 0.958478
1627998938.256012 109.936699 -30.963920 1.872664 -0.012607 -0.011726 -0.284558 0.958504
1627998938.356183 110.040617 -31.025623 1.873361 -0.013229 -0.011941 -0.284889 0.958395
1627998938.456366 110.151213 -31.080492 1.875571 -0.013490 -0.012147 -0.285273 0.958275
1627998938.556597 110.249304 -31.141473 1.883078 -0.012870 -0.011456 -0.285592 0.958196
1627998938.656638 110.348983 -31.207277 1.883356 -0.012911 -0.011057 -0.286009 0.958076
1627998938.756827 110.467694 -31.284814 1.884668 -0.013567 -0.011379 -0.286198 0.958007
1627998938.856954 110.573979 -31.351309 1.890172 -0.013662 -0.011851 -0.286514 0.957905
1627998938.957145 110.667199 -31.414431 1.896842 -0.013155 -0.012007 -0.286940 0.957783
1627998939.057340 110.762153 -31.489693 1.898665 -0.012946 -0.011964 -0.287167 0.957718
1627998939.157777 110.855934 -31.556368 1.899690 -0.013644 -0.012992 -0.287218 0.957680
1627998939.257606 110.956888 -31.618879 1.903606 -0.014120 -0.013789 -0.287435 0.957597
1627998939.360261 111.064835 -31.684688 1.912259 -0.014014 -0.013408 -0.288205 0.957372
1627998939.457921 111.152450 -31.746576 1.914602 -0.013858 -0.012724 -0.288308 0.957353
1627998939.558064 111.257883 -31.810020 1.918655 -0.013353 -0.012538 -0.288211 0.957392
1627998939.658242 111.365915 -31.876387 1.919579 -0.012574 -0.012413 -0.288584 0.957292
1627998939.762700 111.467155 -31.939903 1.926775 -0.012922 -0.012157 -0.289138 0.957123
1627998939.858542 111.563090 -32.000473 1.932467 -0.013499 -0.011178 -0.289367 0.957058
1627998939.958695 111.654003 -32.085829 1.932157 -0.013408 -0.011351 -0.289036 0.957157
1627998940.058871 111.762203 -32.168626 1.932621 -0.012390 -0.013725 -0.289493 0.957001
1627998940.159022 111.870622 -32.237418 1.945703 -0.011791 -0.013663 -0.290742 0.956631
1627998940.259195 111.960284 -32.306568 1.942251 -0.013116 -0.012054 -0.290198 0.956801
1627998940.359779 112.059392 -32.367363 1.941681 -0.014516 -0.013380 -0.290378 0.956708
1627998940.459499 112.163919 -32.426919 1.957500 -0.013180 -0.014209 -0.290853 0.956571
1627998940.559655 112.259787 -32.506672 1.961083 -0.011931 -0.012387 -0.290877 0.956606
1627998940.659816 112.358014 -32.571657 1.960765 -0.012503 -0.012355 -0.291106 0.956529
1627998940.759967 112.458621 -32.630544 1.970661 -0.013375 -0.011987 -0.291555 0.956385
1627998940.860138 112.571823 -32.692996 1.970076 -0.012703 -0.011282 -0.291481 0.956426
1627998940.960305 112.677673 -32.766674 1.970895 -0.011891 -0.011940 -0.291777 0.956338
1627998941.060452 112.780837 -32.842675 1.982192 -0.011542 -0.011024 -0.292503 0.956131
1627998941.160592 112.885741 -32.906864 1.978873 -0.012319 -0.009359 -0.292837 0.956037
1627998941.260821 112.988566 -32.975650 1.976024 -0.012911 -0.010439 -0.292655 0.956074
1627998941.360931 113.099220 -33.046868 1.986552 -0.011817 -0.010850 -0.293183 0.955922
1627998941.461090 113.190218 -33.110487 1.987223 -0.010826 -0.009873 -0.293184 0.955944
1627998941.561233 113.294159 -33.171162 1.984275 -0.011090 -0.010168 -0.293886 0.955722
1627998941.662648 113.387375 -33.245482 1.991633 -0.011543 -0.011212 -0.293984 0.955675
1627998941.761603 113.495790 -33.327853 2.000601 -0.011462 -0.010729 -0.294289 0.955587
1627998941.861766 113.576258 -33.385364 1.999471 -0.011193 -0.010971 -0.294175 0.955623
1627998941.961864 113.669933 -33.440216 2.001270 -0.010699 -0.011604 -0.294491 0.955524
1627998942.062049 113.779679 -33.514915 2.003937 -0.010602 -0.012516 -0.294825 0.955410
1627998942.162288 113.887438 -33.600715 2.010440 -0.011480 -0.013114 -0.294960 0.955351
1627998942.262376 113.974910 -33.664570 2.019338 -0.011885 -0.012099 -0.294873 0.955386
1627998942.362731 114.073364 -33.737001 2.016067 -0.012174 -0.012302 -0.294848 0.955387
1627998942.462716 114.174882 -33.797205 2.020569 -0.011922 -0.013803 -0.295480 0.955175
1627998942.563057 114.283379 -33.868544 2.036674 -0.010863 -0.012233 -0.295819 0.955104
1627998942.663010 114.382781 -33.935842 2.028180 -0.011149 -0.010519 -0.295888 0.955100
1627998942.763213 114.479850 -33.992114 2.027058 -0.012258 -0.011124 -0.296201 0.954982
1627998942.863322 114.585815 -34.066944 2.037383 -0.012498 -0.011512 -0.296574 0.954859
1627998942.963464 114.699086 -34.135657 2.041954 -0.012116 -0.011047 -0.296734 0.954819
1627998943.063641 114.795704 -34.210225 2.042547 -0.011857 -0.011136 -0.296561 0.954875
1627998943.163893 114.882238 -34.284470 2.047425 -0.011739 -0.011390 -0.296858 0.954782
1627998943.263942 114.959744 -34.338120 2.048713 -0.011204 -0.011710 -0.297205 0.954676
1627998943.364099 115.065673 -34.395046 2.053152 -0.010915 -0.011703 -0.297773 0.954502
1627998943.464290 115.159185 -34.469468 2.056314 -0.011317 -0.011233 -0.297337 0.954639
1627998943.564423 115.265255 -34.536997 2.057721 -0.012036 -0.011695 -0.297712 0.954508
1627998943.664573 115.380475 -34.606631 2.061924 -0.011580 -0.012489 -0.297726 0.954499
1627998943.764852 115.476981 -34.677482 2.067680 -0.010278 -0.012772 -0.297742 0.954506
1627998943.864939 115.579157 -34.749360 2.074601 -0.009721 -0.013032 -0.297995 0.954429
1627998943.965066 115.668284 -34.809482 2.075898 -0.010831 -0.012973 -0.298264 0.954334
1627998944.065251 115.769127 -34.882822 2.073047 -0.011538 -0.013717 -0.298213 0.954331
1627998944.165377 115.876282 -34.951745 2.086115 -0.011176 -0.013461 -0.298763 0.954167
1627998944.265717 115.965631 -35.014530 2.091951 -0.010391 -0.011089 -0.298592 0.954260
1627998944.365691 116.066656 -35.082206 2.091397 -0.010460 -0.009839 -0.298583 0.954276
1627998944.562322 116.239614 -35.206006 2.088119 -0.008571 -0.008268 -0.299168 0.954126
1627998944.663270 116.328799 -35.267812 2.093364 -0.007463 -0.006299 -0.300225 0.953819
1627998944.666173 116.329380 -35.267959 2.093712 -0.007435 -0.006303 -0.300252 0.953810
1627998944.766332 116.446118 -35.353153 2.101261 -0.007911 -0.003637 -0.300457 0.953756
1627998944.866550 116.551842 -35.433719 2.099345 -0.010654 -0.003756 -0.300436 0.953735
1627998944.967440 116.668691 -35.523872 2.103892 -0.010942 -0.004794 -0.299707 0.953956
1627998945.066811 116.761954 -35.609893 2.110943 -0.008820 -0.005150 -0.299099 0.954167
1627998945.167017 116.872466 -35.675273 2.098616 -0.007922 -0.007658 -0.299043 0.954176
1627998945.270596 116.991351 -35.722655 2.096264 -0.009176 -0.013071 -0.299770 0.953878
1627998945.367293 117.078666 -35.785686 2.108465 -0.011238 -0.016831 -0.300032 0.953714
1627998945.468855 117.168336 -35.842441 2.113171 -0.013486 -0.018238 -0.299660 0.953776
1627998945.567771 117.271496 -35.900877 2.118211 -0.014721 -0.020399 -0.299253 0.953842
1627998945.669929 117.364820 -35.967688 2.131715 -0.013309 -0.021574 -0.298904 0.953946
1627998945.767936 117.456175 -36.024205 2.144189 -0.009230 -0.018646 -0.298253 0.954260
1627998945.868092 117.542203 -36.092706 2.139840 -0.006478 -0.016373 -0.297869 0.954444
1627998945.968264 117.637680 -36.166316 2.139637 -0.006860 -0.016076 -0.298079 0.954381
1627998946.068772 117.738796 -36.235412 2.148637 -0.008846 -0.014502 -0.297935 0.954435
1627998946.168632 117.842680 -36.310584 2.153107 -0.010205 -0.013026 -0.297478 0.954585
1627998946.268742 117.963208 -36.375042 2.154473 -0.010047 -0.013488 -0.297237 0.954656
1627998946.368894 118.058618 -36.450381 2.160036 -0.009416 -0.013669 -0.296919 0.954758
1627998946.469063 118.138577 -36.509241 2.161138 -0.008551 -0.013017 -0.296850 0.954797
1627998946.569250 118.211184 -36.568374 2.165352 -0.008101 -0.012611 -0.296461 0.954927
1627998946.669499 118.301988 -36.636145 2.172214 -0.007043 -0.012107 -0.295848 0.955132
1627998946.769537 118.416104 -36.707161 2.173167 -0.006999 -0.010713 -0.295577 0.955233
1627998946.869750 118.525950 -36.781051 2.169726 -0.007897 -0.010960 -0.294494 0.955558
1627998946.969893 118.617651 -36.852551 2.176188 -0.008892 -0.013670 -0.293912 0.955693
1627998947.070075 118.716176 -36.924624 2.185213 -0.008520 -0.014647 -0.292983 0.955967
1627998947.170185 118.825572 -36.985820 2.185166 -0.007571 -0.015499 -0.292295 0.956173
1627998947.270363 118.918406 -37.052751 2.186400 -0.007388 -0.016956 -0.292023 0.956233
1627998947.370614 119.012951 -37.119512 2.198658 -0.007153 -0.016452 -0.291861 0.956292
1627998947.470660 119.114542 -37.184070 2.199016 -0.007238 -0.014508 -0.291300 0.956494
1627998947.570834 119.218713 -37.255056 2.198877 -0.008454 -0.014607 -0.290929 0.956596
1627998947.671001 119.323559 -37.322370 2.203718 -0.009895 -0.015607 -0.290701 0.956636
1627998947.771146 119.402601 -37.402088 2.216291 -0.009761 -0.015867 -0.289911 0.956872
1627998947.871315 119.491675 -37.482604 2.218608 -0.009056 -0.016304 -0.289211 0.957084
1627998947.971468 119.600290 -37.540312 2.220202 -0.007977 -0.016500 -0.288807 0.957212
1627998948.072275 119.719600 -37.602942 2.221682 -0.008499 -0.016853 -0.288675 0.957241
1627998948.171791 119.825194 -37.667828 2.230880 -0.009651 -0.016325 -0.288539 0.957280
1627998948.271955 119.923871 -37.722991 2.239752 -0.009722 -0.014344 -0.288360 0.957365
1627998948.372109 120.026355 -37.790441 2.239913 -0.009302 -0.014296 -0.288321 0.957382
1627998948.472268 120.116707 -37.858680 2.244699 -0.008139 -0.014440 -0.288161 0.957439
1627998948.572428 120.217875 -37.926719 2.247532 -0.007279 -0.013542 -0.288847 0.957252
1627998948.672620 120.324361 -37.988050 2.246393 -0.008253 -0.012828 -0.289185 0.957152
1627998948.772771 120.433748 -38.055919 2.256062 -0.009100 -0.012361 -0.289151 0.957160
1627998948.872931 120.545910 -38.128884 2.259223 -0.008779 -0.012036 -0.289029 0.957204
1627998948.973085 120.645584 -38.193081 2.257797 -0.007882 -0.012481 -0.289476 0.957071
1627998949.073238 120.752774 -38.270072 2.263266 -0.007086 -0.011830 -0.289717 0.957013
1627998949.173398 120.858277 -38.349305 2.264617 -0.007900 -0.011545 -0.289647 0.957031
1627998949.273717 120.947972 -38.417283 2.266632 -0.008824 -0.013613 -0.289826 0.956942
1627998949.373734 121.033300 -38.482696 2.275480 -0.009227 -0.015151 -0.290096 0.956833
1627998949.474041 121.124669 -38.539925 2.277280 -0.009145 -0.014885 -0.289900 0.956897
1627998949.575709 121.226530 -38.607573 2.282416 -0.009118 -0.014989 -0.289831 0.956917
1627998949.674208 121.328190 -38.683474 2.285885 -0.008656 -0.015451 -0.290300 0.956772
1627998949.774578 121.443291 -38.761107 2.294873 -0.007765 -0.015027 -0.290201 0.956816
1627998949.874528 121.566149 -38.828883 2.294229 -0.007946 -0.014345 -0.290378 0.956772
1627998949.974699 121.680100 -38.898457 2.295479 -0.008810 -0.015176 -0.290685 0.956658
1627998950.074851 121.782313 -38.966607 2.299919 -0.009857 -0.017643 -0.290326 0.956714
1627998950.175151 121.882130 -39.028958 2.311607 -0.009844 -0.017953 -0.290534 0.956646
1627998950.275187 121.984490 -39.110677 2.317278 -0.009524 -0.017729 -0.290115 0.956780
1627998950.378802 122.095951 -39.184118 2.316069 -0.009947 -0.019124 -0.290502 0.956631
1627998950.475524 122.200091 -39.252839 2.323910 -0.009993 -0.019609 -0.290632 0.956582
1627998950.575670 122.302284 -39.323963 2.331634 -0.009797 -0.018202 -0.290728 0.956582
1627998950.675836 122.403891 -39.392812 2.333760 -0.010573 -0.018645 -0.290889 0.956517
1627998950.775994 122.508985 -39.471820 2.341818 -0.010992 -0.018966 -0.291063 0.956453
1627998950.876184 122.614123 -39.527857 2.347177 -0.010222 -0.017746 -0.291780 0.956266
1627998950.976335 122.715568 -39.584071 2.352083 -0.009886 -0.017285 -0.291978 0.956218
1627998951.076488 122.829069 -39.660148 2.356771 -0.010091 -0.016942 -0.292311 0.956120
1627998951.176630 122.939519 -39.756238 2.361146 -0.009873 -0.016429 -0.292382 0.956109
1627998951.276806 123.051261 -39.826632 2.367186 -0.009246 -0.016129 -0.293030 0.955923
1627998951.376978 123.158870 -39.888227 2.370007 -0.009365 -0.014759 -0.293499 0.955800
1627998951.477126 123.264825 -39.964663 2.374097 -0.009823 -0.013420 -0.293288 0.955879
1627998951.577291 123.371545 -40.040628 2.379192 -0.009571 -0.013954 -0.293182 0.955907
1627998951.677457 123.479949 -40.118244 2.383684 -0.008435 -0.013586 -0.293459 0.955838
1627998951.777781 123.590191 -40.183700 2.385594 -0.007720 -0.012668 -0.293327 0.955897
1627998951.877777 123.699887 -40.249344 2.387135 -0.008284 -0.012799 -0.293166 0.955940
1627998951.977959 123.795331 -40.324424 2.393766 -0.008854 -0.014001 -0.293018 0.955963
1627998952.078108 123.889260 -40.396530 2.398448 -0.008710 -0.014289 -0.292978 0.955973
1627998952.178273 123.990998 -40.469489 2.403121 -0.008187 -0.014167 -0.292540 0.956113
1627998952.278433 124.095286 -40.529851 2.405767 -0.008470 -0.015275 -0.292849 0.955999
1627998952.378575 124.193814 -40.596930 2.407458 -0.009057 -0.016338 -0.292970 0.955939
1627998952.478743 124.302213 -40.664685 2.415467 -0.009195 -0.015906 -0.292866 0.955977
1627998952.578952 124.398712 -40.731504 2.422927 -0.009114 -0.015920 -0.292606 0.956057
1627998952.679067 124.488722 -40.794625 2.421348 -0.009481 -0.017137 -0.292795 0.955975
1627998952.779222 124.573492 -40.857470 2.423611 -0.009714 -0.017216 -0.293734 0.955683
1627998952.879400 124.669191 -40.912204 2.431726 -0.009572 -0.016031 -0.294311 0.955527
1627998952.979561 124.763373 -40.980567 2.435272 -0.009825 -0.015876 -0.294727 0.955399
1627998953.079718 124.858943 -41.037838 2.435855 -0.010309 -0.015642 -0.295487 0.955163
1627998953.179887 124.935507 -41.104053 2.443133 -0.009710 -0.015070 -0.296251 0.954942
1627998953.280041 125.033241 -41.165104 2.443819 -0.009322 -0.014753 -0.297089 0.954690
1627998953.380200 125.122986 -41.222321 2.446843 -0.008996 -0.014010 -0.297679 0.954521
1627998953.480385 125.216669 -41.284208 2.453242 -0.008908 -0.013518 -0.298651 0.954225
1627998953.580536 125.304113 -41.355659 2.457292 -0.009233 -0.014175 -0.299209 0.954038
1627998953.680686 125.389159 -41.408442 2.461121 -0.009223 -0.015334 -0.300024 0.953764
1627998953.780893 125.469288 -41.465517 2.463423 -0.009239 -0.015422 -0.300689 0.953553
1627998953.881119 125.548483 -41.528706 2.468957 -0.009036 -0.015505 -0.301386 0.953333
1627998953.981186 125.632074 -41.593880 2.471558 -0.009361 -0.016137 -0.302156 0.953076
1627998954.081340 125.724506 -41.657261 2.475851 -0.009415 -0.016932 -0.302872 0.952834
1627998954.181501 125.818072 -41.714260 2.478073 -0.009359 -0.017268 -0.304213 0.952401
1627998954.281709 125.911532 -41.775163 2.485123 -0.009593 -0.017689 -0.304970 0.952149
1627998954.381828 126.001891 -41.840587 2.488877 -0.010697 -0.018543 -0.305897 0.951824
1627998954.484308 126.099494 -41.909921 2.493158 -0.011295 -0.018729 -0.307205 0.951392
1627998954.582270 126.194076 -41.978308 2.494298 -0.011017 -0.018469 -0.308355 0.951028
1627998954.684296 126.288344 -42.051933 2.501801 -0.010049 -0.017486 -0.309423 0.950711
1627998954.782479 126.378587 -42.121215 2.507392 -0.009752 -0.016787 -0.310292 0.950443
1627998954.882798 126.478106 -42.188264 2.510066 -0.010474 -0.016784 -0.310777 0.950277
1627998954.982844 126.588351 -42.255786 2.512048 -0.010757 -0.016237 -0.311636 0.950002
1627998955.083177 126.697667 -42.335433 2.521042 -0.010503 -0.015617 -0.312087 0.949867
1627998955.183146 126.797744 -42.422622 2.524691 -0.009933 -0.015425 -0.311843 0.949956
1627998955.283302 126.893817 -42.494822 2.531590 -0.009347 -0.015679 -0.312394 0.949777
1627998955.383486 127.003497 -42.569601 2.532479 -0.008756 -0.016198 -0.313223 0.949501
1627998955.483688 127.123955 -42.648399 2.535625 -0.008893 -0.015449 -0.313563 0.949400
1627998955.583791 127.234613 -42.735066 2.545892 -0.009426 -0.015446 -0.313467 0.949427
1627998955.684137 127.343464 -42.819587 2.549749 -0.009470 -0.016069 -0.313941 0.949259
1627998955.784173 127.443225 -42.903366 2.551501 -0.008804 -0.016039 -0.314147 0.949198
1627998955.884461 127.546703 -42.981316 2.559736 -0.008241 -0.016225 -0.314312 0.949145
1627998955.984435 127.649297 -43.058632 2.560563 -0.009163 -0.016817 -0.314786 0.948970
1627998956.084647 127.757309 -43.125488 2.562802 -0.009480 -0.016472 -0.314963 0.948914
1627998956.184761 127.865529 -43.222803 2.571808 -0.008899 -0.015646 -0.315524 0.948747
1627998956.284932 127.968640 -43.302974 2.573043 -0.008831 -0.015052 -0.315669 0.948709
1627998956.385095 128.070029 -43.378479 2.582426 -0.009118 -0.015154 -0.315824 0.948653
1627998956.485268 128.186232 -43.456154 2.583397 -0.009306 -0.015328 -0.316323 0.948482
1627998956.585411 128.295789 -43.538577 2.586807 -0.008716 -0.013958 -0.316523 0.948442
1627998956.685602 128.397004 -43.615054 2.595492 -0.008335 -0.014040 -0.316794 0.948354
1627998956.785770 128.494776 -43.690589 2.599633 -0.008545 -0.015264 -0.317131 0.948221
1627998956.885964 128.600664 -43.766251 2.601474 -0.008782 -0.015203 -0.317664 0.948041
1627998956.986104 128.702156 -43.844225 2.612623 -0.009316 -0.015648 -0.317278 0.948158
1627998957.088276 128.820434 -43.927138 2.615508 -0.009973 -0.017866 -0.317296 0.948106
1627998957.186402 128.931105 -44.016275 2.613211 -0.009756 -0.018452 -0.317857 0.947909
1627998957.286559 129.028225 -44.089824 2.625218 -0.009713 -0.018134 -0.317888 0.947905
1627998957.386721 129.128202 -44.158057 2.630940 -0.011114 -0.018548 -0.317751 0.947928
1627998957.486907 129.233649 -44.232097 2.635128 -0.011823 -0.019292 -0.317826 0.947879
1627998957.587090 129.337410 -44.312026 2.634278 -0.011530 -0.018913 -0.317966 0.947843
1627998957.687210 129.441803 -44.391558 2.639764 -0.011184 -0.018013 -0.316924 0.948214
1627998957.787382 129.544608 -44.479429 2.649642 -0.011477 -0.017500 -0.316475 0.948370
1627998957.887554 129.636399 -44.544662 2.653829 -0.011929 -0.017057 -0.316033 0.948520
1627998957.987698 129.743126 -44.620542 2.655496 -0.011801 -0.015982 -0.315894 0.948587
1627998958.087872 129.852340 -44.696220 2.663004 -0.011580 -0.015101 -0.314857 0.948948
1627998958.188028 129.963610 -44.787801 2.665696 -0.011722 -0.014492 -0.315217 0.948837
1627998958.288210 130.064083 -44.877989 2.670065 -0.011382 -0.013853 -0.316008 0.948587
1627998958.388376 130.179687 -44.964865 2.673997 -0.010732 -0.012820 -0.317206 0.948209
1627998958.488531 130.265293 -45.029976 2.680644 -0.010665 -0.012204 -0.317617 0.948081
1627998958.588696 130.352113 -45.104239 2.684764 -0.011161 -0.012180 -0.318138 0.947901
1627998958.688866 130.453757 -45.183553 2.690630 -0.010728 -0.012388 -0.319141 0.947566
1627998958.789021 130.564524 -45.262357 2.696643 -0.010253 -0.012981 -0.319953 0.947289
1627998958.889173 130.675320 -45.349935 2.699940 -0.010062 -0.013188 -0.320509 0.947100
1627998958.989361 130.787212 -45.419756 2.706661 -0.010254 -0.014168 -0.321612 0.946710
1627998959.089505 130.886853 -45.500843 2.709068 -0.010469 -0.015921 -0.322808 0.946273
1627998959.189668 130.990571 -45.573555 2.710273 -0.010738 -0.016009 -0.323483 0.946038
1627998959.289836 131.094593 -45.661225 2.719655 -0.011461 -0.016525 -0.324070 0.945819
1627998959.394075 131.187441 -45.751748 2.727372 -0.011270 -0.018415 -0.324757 0.945551
1627998959.490275 131.280534 -45.827185 2.720395 -0.010118 -0.018235 -0.325816 0.945203
1627998959.590354 131.377258 -45.898483 2.730806 -0.009838 -0.016895 -0.325655 0.945286
1627998959.690503 131.483844 -45.979709 2.741125 -0.011012 -0.017455 -0.325857 0.945194
1627998959.790657 131.585705 -46.054815 2.739588 -0.011163 -0.017639 -0.326691 0.944901
1627998959.890812 131.682869 -46.129077 2.745212 -0.010264 -0.016890 -0.326778 0.944894
1627998959.991014 131.777593 -46.201343 2.753709 -0.010093 -0.017251 -0.326754 0.944898
1627998960.091156 131.875719 -46.265387 2.754101 -0.010609 -0.017872 -0.327105 0.944759
1627998960.191329 131.969434 -46.335776 2.756324 -0.010245 -0.017766 -0.327698 0.944560
1627998960.291470 132.077181 -46.423098 2.763282 -0.009350 -0.017268 -0.327840 0.944529
1627998960.391633 132.161834 -46.511743 2.770142 -0.009512 -0.016924 -0.327901 0.944513
1627998960.491794 132.258464 -46.577630 2.774531 -0.010358 -0.016827 -0.328251 0.944384
1627998960.591959 132.353692 -46.648544 2.776482 -0.010438 -0.016682 -0.328668 0.944241
1627998960.692127 132.450092 -46.721462 2.783858 -0.009569 -0.016181 -0.328566 0.944294
1627998960.792308 132.548932 -46.799024 2.789067 -0.009086 -0.016743 -0.328862 0.944186
1627998960.892455 132.642954 -46.866672 2.788668 -0.009694 -0.016675 -0.329351 0.944011
1627998960.992664 132.740152 -46.941689 2.794280 -0.010737 -0.016003 -0.329495 0.943961
1627998961.092803 132.842854 -47.019327 2.798788 -0.011067 -0.015514 -0.329963 0.943801
1627998961.192966 132.926047 -47.091312 2.802884 -0.010443 -0.015108 -0.330075 0.943776
1627998961.293113 133.009243 -47.163162 2.812549 -0.010229 -0.015084 -0.330941 0.943476
1627998961.393277 133.087396 -47.241127 2.819426 -0.010671 -0.016432 -0.331853 0.943128
1627998961.493441 133.170399 -47.313208 2.816963 -0.010701 -0.017031 -0.333526 0.942526
1627998961.593625 133.271448 -47.380389 2.819974 -0.010553 -0.015951 -0.335061 0.942002
1627998961.693870 133.362655 -47.456279 2.830248 -0.010858 -0.015762 -0.336411 0.941521
1627998961.793942 133.445308 -47.530052 2.829554 -0.011346 -0.016512 -0.338268 0.940836
1627998961.894150 133.536882 -47.605469 2.829406 -0.010150 -0.015171 -0.340109 0.940209
1627998961.994280 133.652013 -47.675551 2.839273 -0.009665 -0.014624 -0.341731 0.939634
1627998962.094432 133.732645 -47.747881 2.848657 -0.010304 -0.016198 -0.343334 0.939017
1627998962.194614 133.825252 -47.832311 2.850332 -0.011068 -0.016942 -0.345395 0.938239
1627998962.294765 133.914550 -47.910255 2.852298 -0.011332 -0.016814 -0.347204 0.937570
1627998962.394944 134.007357 -47.968296 2.859631 -0.011378 -0.017304 -0.348802 0.936968
1627998962.495097 134.080875 -48.038092 2.862426 -0.011793 -0.018027 -0.350474 0.936325
1627998962.595252 134.172833 -48.119524 2.869752 -0.012005 -0.018655 -0.352057 0.935716
1627998962.695428 134.255820 -48.196770 2.866655 -0.011973 -0.018528 -0.353583 0.935143
1627998962.795602 134.339085 -48.277431 2.876606 -0.011467 -0.016984 -0.355146 0.934586
1627998962.895784 134.426733 -48.357700 2.884888 -0.011900 -0.016990 -0.356282 0.934148
1627998962.995914 134.521842 -48.435450 2.890307 -0.012359 -0.017554 -0.357752 0.933570
1627998963.099276 134.609625 -48.515925 2.887927 -0.012533 -0.017239 -0.358994 0.933097
1627998963.196239 134.713224 -48.586986 2.896499 -0.012031 -0.016718 -0.359842 0.932786
1627998963.296486 134.803740 -48.662333 2.903394 -0.011867 -0.017472 -0.360904 0.932364
1627998963.396596 134.885795 -48.736945 2.902371 -0.011811 -0.017776 -0.362176 0.931865
1627998963.496792 134.969723 -48.817507 2.905899 -0.012123 -0.017143 -0.363141 0.931498
1627998963.596924 135.043997 -48.901673 2.912771 -0.012178 -0.016689 -0.363869 0.931221
1627998963.697076 135.122513 -48.980248 2.918345 -0.011732 -0.016227 -0.364426 0.931017
1627998963.797230 135.207821 -49.060341 2.924517 -0.011350 -0.016085 -0.365243 0.930704
1627998963.897462 135.298528 -49.135289 2.928235 -0.011391 -0.016893 -0.366101 0.930352
1627998963.997556 135.379822 -49.210661 2.926953 -0.010957 -0.016352 -0.366650 0.930151
1627998964.097720 135.469215 -49.302738 2.935101 -0.011131 -0.015362 -0.367298 0.929910
1627998964.197915 135.553763 -49.389637 2.946482 -0.011837 -0.015773 -0.368052 0.929596
1627998964.298384 135.640855 -49.462852 2.945877 -0.012072 -0.016713 -0.368678 0.929328
1627998964.398225 135.737383 -49.535854 2.946800 -0.011480 -0.015975 -0.369589 0.928987
1627998964.498380 135.831862 -49.615011 2.953939 -0.012055 -0.016019 -0.370006 0.928813
1627998964.598547 135.921572 -49.701228 2.960598 -0.012907 -0.016448 -0.370990 0.928402
1627998964.698722 136.007818 -49.788333 2.962367 -0.012992 -0.016627 -0.371865 0.928047
1627998964.798918 136.097052 -49.879800 2.964345 -0.012625 -0.015503 -0.372777 0.927706
1627998964.899058 136.175989 -49.953061 2.971199 -0.013417 -0.015295 -0.372880 0.927656
1627998964.999206 136.262485 -50.016875 2.979111 -0.014373 -0.015618 -0.373555 0.927365
1627998965.099391 136.342335 -50.087509 2.981513 -0.014162 -0.016079 -0.374022 0.927172
1627998965.199586 136.432728 -50.172083 2.983039 -0.013022 -0.015959 -0.375129 0.926744
1627998965.299711 136.518366 -50.263277 2.988942 -0.013035 -0.015694 -0.375725 0.926507
1627998965.399872 136.609660 -50.351074 2.996257 -0.014092 -0.015803 -0.376424 0.926205
1627998965.500582 136.696567 -50.423127 3.000726 -0.014298 -0.015787 -0.376817 0.926043
1627998965.602166 136.781411 -50.513135 3.003912 -0.013544 -0.015511 -0.377563 0.925755
1627998965.700368 136.860894 -50.591558 3.008904 -0.013334 -0.016110 -0.377755 0.925670
1627998965.800535 136.943217 -50.677160 3.009108 -0.013212 -0.015840 -0.378359 0.925429
1627998965.900688 137.026505 -50.751228 3.019296 -0.012952 -0.015871 -0.378851 0.925231
1627998966.000874 137.104321 -50.828059 3.021820 -0.012787 -0.016832 -0.379805 0.924825
1627998966.101059 137.185157 -50.922169 3.025155 -0.012431 -0.016396 -0.380194 0.924678
1627998966.201219 137.282111 -51.004713 3.034545 -0.013437 -0.016179 -0.380956 0.924354
1627998966.301364 137.369400 -51.087943 3.041072 -0.014141 -0.017256 -0.381299 0.924182
1627998966.401539 137.453697 -51.166826 3.035835 -0.013020 -0.017182 -0.382204 0.923826
1627998966.501740 137.537298 -51.254945 3.044141 -0.011581 -0.016017 -0.382320 0.923819
1627998966.601852 137.624041 -51.339941 3.048822 -0.011684 -0.015268 -0.383071 0.923519
1627998966.702112 137.705411 -51.430318 3.053398 -0.012704 -0.014521 -0.383590 0.923302
1627998966.802294 137.787303 -51.509407 3.059019 -0.013483 -0.014738 -0.384375 0.922961
1627998966.902372 137.858902 -51.590411 3.064077 -0.012845 -0.015050 -0.384740 0.922813
1627998967.002512 137.934181 -51.678459 3.070363 -0.011943 -0.014925 -0.385005 0.922717
1627998967.102673 138.015788 -51.759188 3.074085 -0.012342 -0.015029 -0.385932 0.922322
1627998967.202842 138.107990 -51.837169 3.073365 -0.013129 -0.015393 -0.386625 0.922015
1627998967.303029 138.202923 -51.924174 3.073722 -0.013265 -0.014232 -0.387161 0.921807
1627998967.403385 138.286491 -51.999535 3.082700 -0.013079 -0.013162 -0.387614 0.921635
1627998967.503345 138.371308 -52.086793 3.092389 -0.012794 -0.013924 -0.388018 0.921458
1627998967.603617 138.461709 -52.169334 3.089816 -0.012043 -0.014663 -0.388709 0.921165
1627998967.703666 138.529996 -52.262973 3.091435 -0.011644 -0.013614 -0.389748 0.920747
1627998967.806103 138.612654 -52.348598 3.103162 -0.012389 -0.013233 -0.389942 0.920661
1627998967.903994 138.694021 -52.429791 3.108953 -0.013278 -0.013956 -0.390288 0.920491
1627998968.004585 138.782440 -52.510010 3.109856 -0.012603 -0.014733 -0.390670 0.920326
1627998968.104335 138.855464 -52.602352 3.111117 -0.011132 -0.014996 -0.391020 0.920193
1627998968.204505 138.940566 -52.693824 3.120527 -0.010975 -0.015274 -0.391327 0.920059
1627998968.304654 139.026957 -52.778146 3.126942 -0.012215 -0.015802 -0.391600 0.919919
1627998968.404847 139.105399 -52.841258 3.129905 -0.012639 -0.016418 -0.391398 0.919988
1627998968.505017 139.191214 -52.930122 3.129351 -0.011846 -0.016284 -0.391401 0.920000
1627998968.605199 139.279318 -53.027825 3.135159 -0.011057 -0.016429 -0.391585 0.919929
1627998968.705376 139.366184 -53.101096 3.140660 -0.011211 -0.016422 -0.391564 0.919936
1627998968.807158 139.445789 -53.182308 3.145246 -0.011745 -0.016304 -0.391556 0.919935
1627998968.905704 139.532858 -53.279685 3.146693 -0.011370 -0.015306 -0.391713 0.919890
1627998969.005819 139.624727 -53.359840 3.151800 -0.010560 -0.014452 -0.391168 0.920145
1627998969.106008 139.699193 -53.439754 3.155869 -0.010312 -0.014656 -0.390661 0.920360
1627998969.208268 139.772519 -53.528080 3.161764 -0.010748 -0.014901 -0.389976 0.920642
1627998969.306324 139.848974 -53.610281 3.164752 -0.010714 -0.014064 -0.389497 0.920858
1627998969.406502 139.933494 -53.702926 3.168269 -0.010466 -0.013518 -0.388117 0.921452
1627998969.506647 140.020821 -53.794521 3.174613 -0.009776 -0.014049 -0.387232 0.921824
1627998969.608268 140.100814 -53.873098 3.179399 -0.009570 -0.014764 -0.386451 0.922142
1627998969.706975 140.181388 -53.958972 3.181212 -0.009655 -0.014725 -0.385648 0.922478
1627998969.807205 140.273259 -54.045740 3.186752 -0.009525 -0.013911 -0.384253 0.923074
1627998969.907326 140.350435 -54.115236 3.190292 -0.009594 -0.014001 -0.383096 0.923553
1627998970.008133 140.439373 -54.203075 3.195603 -0.009398 -0.014704 -0.382088 0.923961
1627998970.107655 140.527593 -54.292949 3.199792 -0.009237 -0.015179 -0.380827 0.924476
1627998970.207818 140.608012 -54.367486 3.205574 -0.009347 -0.015579 -0.379327 0.925084
1627998970.307972 140.690413 -54.449302 3.211370 -0.009607 -0.016670 -0.378353 0.925461
1627998970.408156 140.778575 -54.525752 3.214934 -0.009771 -0.017867 -0.377087 0.925954
1627998970.508305 140.846588 -54.608375 3.216583 -0.010137 -0.018722 -0.375665 0.926511
1627998970.608511 140.924886 -54.691876 3.220205 -0.010031 -0.018488 -0.374335 0.927055
1627998970.708635 141.010354 -54.773270 3.222241 -0.009919 -0.018551 -0.373082 0.927560
1627998970.808806 141.097455 -54.859886 3.230633 -0.009380 -0.018721 -0.371730 0.928105
1627998970.908975 141.172517 -54.931256 3.233751 -0.009561 -0.018772 -0.370357 0.928650
1627998971.009318 141.268693 -55.014517 3.239713 -0.009324 -0.017799 -0.369079 0.929181
1627998971.109323 141.346085 -55.091501 3.243823 -0.009011 -0.017527 -0.367665 0.929750
1627998971.209494 141.428132 -55.174254 3.249359 -0.008653 -0.017576 -0.366549 0.930193
1627998971.314502 141.506090 -55.256144 3.256210 -0.008963 -0.018207 -0.365267 0.930682
1627998971.409808 141.593620 -55.333176 3.259071 -0.009773 -0.017936 -0.364080 0.931144
1627998971.509984 141.665090 -55.419928 3.262767 -0.010302 -0.017199 -0.362404 0.931805
1627998971.610209 141.760203 -55.487528 3.266208 -0.009942 -0.017379 -0.361080 0.932320
1627998971.710305 141.856073 -55.567663 3.271170 -0.009521 -0.017708 -0.359958 0.932752
1627998971.810483 141.934793 -55.653173 3.272641 -0.009544 -0.015917 -0.358859 0.933207
1627998971.911464 142.025455 -55.737532 3.278821 -0.009750 -0.013903 -0.357209 0.933870
1627998972.010820 142.122977 -55.803207 3.283417 -0.010025 -0.013077 -0.355089 0.934687
1627998972.110962 142.211811 -55.873450 3.285592 -0.009393 -0.013271 -0.352654 0.935612
1627998972.211127 142.299950 -55.955683 3.287330 -0.008775 -0.012857 -0.350726 0.936349
1627998972.311400 142.394495 -56.034923 3.297253 -0.008948 -0.012834 -0.347938 0.937387
1627998972.411461 142.483627 -56.120147 3.304374 -0.010346 -0.014163 -0.345506 0.938253
1627998972.511631 142.575410 -56.189005 3.304630 -0.011185 -0.015057 -0.343304 0.939037
1627998972.611792 142.667631 -56.272500 3.306230 -0.010932 -0.015168 -0.341144 0.939825
1627998972.712098 142.763189 -56.353568 3.311696 -0.010720 -0.015486 -0.339510 0.940414
1627998972.812127 142.848185 -56.433448 3.316502 -0.011174 -0.015290 -0.339025 0.940587
1627998972.912443 142.946184 -56.505196 3.321579 -0.011373 -0.015475 -0.339839 0.940288
1627998973.012499 143.026529 -56.585775 3.325334 -0.011576 -0.015393 -0.341487 0.939689
1627998973.112713 143.104895 -56.666024 3.328264 -0.011681 -0.014306 -0.344170 0.938726
1627998973.216316 143.189507 -56.744726 3.331589 -0.011695 -0.013801 -0.347541 0.937490
1627998973.313438 143.275499 -56.818623 3.336003 -0.011456 -0.014252 -0.351648 0.935954
1627998973.413135 143.379104 -56.902057 3.338176 -0.010651 -0.013524 -0.355545 0.934500
1627998973.513344 143.473448 -56.971726 3.344513 -0.010188 -0.012814 -0.358814 0.933266
1627998973.613470 143.566910 -57.059125 3.351247 -0.010810 -0.013065 -0.361951 0.932043
1627998973.713619 143.657339 -57.136636 3.353039 -0.011023 -0.013701 -0.365029 0.930830
1627998973.813789 143.740011 -57.199483 3.353921 -0.010413 -0.014741 -0.367514 0.929843
1627998973.913948 143.834912 -57.260279 3.358496 -0.009572 -0.015377 -0.369456 0.929072
1627998974.014459 143.920820 -57.339613 3.365698 -0.009762 -0.015354 -0.372136 0.928000
1627998974.114406 144.005126 -57.441873 3.371535 -0.011060 -0.016014 -0.374195 0.927146
1627998974.214458 144.089521 -57.519260 3.373532 -0.011791 -0.016139 -0.376623 0.926151
1627998974.315320 144.171655 -57.604115 3.373787 -0.010550 -0.015379 -0.378452 0.925433
1627998974.414805 144.255673 -57.675206 3.379190 -0.009754 -0.015973 -0.380205 0.924713
1627998974.514956 144.330199 -57.754711 3.386372 -0.010003 -0.017188 -0.382527 0.923730
1627998974.615137 144.415018 -57.837380 3.393775 -0.010785 -0.017245 -0.384759 0.922793
1627998974.715318 144.493470 -57.921599 3.397496 -0.011284 -0.016858 -0.386881 0.921906
1627998974.815458 144.579976 -58.000558 3.400071 -0.011749 -0.017661 -0.388811 0.921073
1627998974.915655 144.657977 -58.096116 3.405295 -0.011511 -0.018449 -0.390714 0.920255
1627998975.015786 144.739217 -58.182632 3.409976 -0.010863 -0.018028 -0.392568 0.919482
1627998975.116035 144.827150 -58.279278 3.414126 -0.010260 -0.016701 -0.394784 0.918565
1627998975.216288 144.906193 -58.368534 3.421381 -0.010445 -0.016095 -0.396442 0.917859
1627998975.316524 144.982317 -58.446788 3.427206 -0.011003 -0.015773 -0.398625 0.916912
1627998975.416882 145.059983 -58.530115 3.428929 -0.010745 -0.015535 -0.400530 0.916089
1627998975.516994 145.142618 -58.608271 3.431318 -0.010060 -0.014666 -0.402605 0.915201
1627998975.617264 145.226688 -58.701906 3.437325 -0.009693 -0.014706 -0.404348 0.914435
1627998975.717493 145.317288 -58.791693 3.441719 -0.009701 -0.014897 -0.406428 0.913510
1627998975.817722 145.391543 -58.880949 3.447701 -0.010029 -0.014831 -0.408511 0.912578
1627998975.917974 145.466955 -58.970742 3.450878 -0.009976 -0.014429 -0.410568 0.911661
1627998976.018381 145.547190 -59.054290 3.454054 -0.009903 -0.014278 -0.412039 0.911001
1627998976.119784 145.623076 -59.143421 3.454947 -0.009624 -0.014142 -0.413621 0.910288
1627998976.221170 145.702402 -59.234930 3.459080 -0.009256 -0.015039 -0.415281 0.909522
1627998976.322736 145.781268 -59.325802 3.467984 -0.008907 -0.015440 -0.417095 0.908688
1627998976.423993 145.855884 -59.423400 3.471735 -0.008651 -0.015061 -0.418596 0.908007
1627998976.525434 145.934270 -59.510629 3.472212 -0.009334 -0.016238 -0.419675 0.907481
1627998976.626800 146.018309 -59.596567 3.480446 -0.009961 -0.017731 -0.420726 0.906960
1627998976.728177 146.088274 -59.689819 3.484775 -0.010031 -0.017143 -0.421182 0.906759
1627998976.829574 146.166062 -59.772886 3.486695 -0.009647 -0.017030 -0.419834 0.907390
1627998976.930969 146.248154 -59.861739 3.489624 -0.009510 -0.017672 -0.416882 0.908739
1627998977.032353 146.335114 -59.956915 3.495153 -0.008989 -0.017591 -0.413625 0.910233
1627998977.133690 146.417513 -60.047072 3.503490 -0.008980 -0.016725 -0.409720 0.912014
1627998977.234991 146.493695 -60.140755 3.509120 -0.009565 -0.015906 -0.405598 0.913863
1627998977.336339 146.570639 -60.237803 3.509717 -0.009903 -0.015292 -0.401744 0.915571
1627998977.437658 146.656236 -60.324606 3.510601 -0.009460 -0.016062 -0.398126 0.917141
1627998977.539010 146.727854 -60.402862 3.517154 -0.008803 -0.016062 -0.394687 0.918633
1627998977.640321 146.813905 -60.479299 3.523099 -0.008162 -0.014826 -0.391680 0.919946
1627998977.741641 146.904982 -60.577055 3.528587 -0.008725 -0.014775 -0.388154 0.921435
1627998977.842980 146.994960 -60.665837 3.530883 -0.009434 -0.016233 -0.385160 0.922659
1627998977.944288 147.064326 -60.742006 3.535252 -0.009081 -0.016346 -0.382212 0.923885
1627998978.045575 147.153721 -60.831186 3.539795 -0.008484 -0.016345 -0.379317 0.925084
1627998978.146837 147.222956 -60.917516 3.545280 -0.009461 -0.017022 -0.376909 0.926045
1627998978.249759 147.312934 -60.991956 3.550595 -0.010456 -0.017246 -0.374387 0.927053
1627998978.349370 147.414194 -61.080486 3.553042 -0.010430 -0.016505 -0.372298 0.927908
1627998978.450614 147.508497 -61.168633 3.556877 -0.009361 -0.016106 -0.369921 0.928876
1627998978.551875 147.593402 -61.261226 3.565985 -0.009179 -0.014680 -0.367920 0.929696
1627998978.653152 147.675347 -61.358167 3.572834 -0.010367 -0.012736 -0.366541 0.930257
1627998978.754404 147.760014 -61.444211 3.579128 -0.011968 -0.010940 -0.364554 0.931041
1627998978.856287 147.857459 -61.524056 3.582503 -0.012655 -0.008812 -0.361764 0.932142
1627998978.956964 147.953908 -61.611111 3.577661 -0.012632 -0.008274 -0.359831 0.932895
1627998979.058157 148.035987 -61.687598 3.582759 -0.014123 -0.010317 -0.358517 0.933359
1627998979.159334 148.134488 -61.764416 3.589168 -0.015652 -0.010736 -0.357580 0.933690
1627998979.260542 148.246644 -61.851836 3.590628 -0.016509 -0.010268 -0.356191 0.934211
1627998979.361804 148.359233 -61.948322 3.588955 -0.018390 -0.012952 -0.354934 0.934621
1627998979.462940 148.458548 -62.024848 3.596345 -0.019563 -0.016667 -0.354150 0.934836
1627998979.564738 148.546914 -62.095995 3.600763 -0.019225 -0.017341 -0.353146 0.935210
1627998979.665313 148.625252 -62.159809 3.604477 -0.017852 -0.016719 -0.351750 0.935775
1627998979.766615 148.712341 -62.244194 3.609898 -0.017018 -0.017094 -0.350571 0.936225
1627998979.867712 148.797408 -62.324308 3.620238 -0.015613 -0.015317 -0.349158 0.936809
1627998979.969126 148.902963 -62.411048 3.616198 -0.012892 -0.013237 -0.347231 0.937598
1627998980.070059 149.007248 -62.496368 3.619668 -0.010360 -0.014464 -0.345610 0.938210
1627998980.171316 149.090506 -62.597653 3.629983 -0.009476 -0.016716 -0.344545 0.938573
1627998980.272344 149.170902 -62.684477 3.643051 -0.010421 -0.016387 -0.343586 0.938921
1627998980.373701 149.262547 -62.776843 3.646692 -0.011859 -0.015910 -0.342567 0.939284
1627998980.474607 149.358258 -62.859930 3.647915 -0.012185 -0.016473 -0.340965 0.939853
1627998980.575756 149.452165 -62.925817 3.648219 -0.011031 -0.017507 -0.340595 0.939982
1627998980.676891 149.540309 -62.997531 3.659364 -0.010643 -0.017710 -0.341384 0.939697
1627998980.778039 149.630816 -63.081637 3.666523 -0.011701 -0.017344 -0.341805 0.939538
1627998980.879153 149.728390 -63.166356 3.667480 -0.012865 -0.017561 -0.343150 0.939028
1627998980.980585 149.822112 -63.246678 3.671206 -0.012639 -0.018538 -0.344597 0.938483
1627998981.081385 149.901329 -63.313839 3.679116 -0.011776 -0.018119 -0.346339 0.937860
1627998981.182529 150.000800 -63.399914 3.685739 -0.012024 -0.017874 -0.347812 0.937317
1627998981.283815 150.103032 -63.488065 3.690344 -0.013013 -0.017753 -0.349356 0.936731
1627998981.384627 150.210927 -63.569466 3.692977 -0.012795 -0.017706 -0.351258 0.936024
1627998981.485730 150.296072 -63.640069 3.698712 -0.012029 -0.017967 -0.353012 0.935369
1627998981.586789 150.379601 -63.724623 3.705886 -0.011682 -0.017067 -0.355463 0.934462
1627998981.687870 150.460758 -63.794721 3.706640 -0.012241 -0.016484 -0.358126 0.933447
1627998981.788970 150.559840 -63.875350 3.711548 -0.012545 -0.017495 -0.360762 0.932410
1627998981.890041 150.645818 -63.960617 3.717505 -0.011963 -0.017135 -0.364372 0.931019
1627998981.991116 150.756748 -64.052706 3.720761 -0.010849 -0.016755 -0.367575 0.929780
1627998982.092152 150.847313 -64.138621 3.729009 -0.011278 -0.016433 -0.371228 0.928328
1627998982.193181 150.943584 -64.222194 3.734134 -0.012205 -0.015835 -0.374529 0.927000
1627998982.294209 151.011474 -64.299153 3.735906 -0.012410 -0.015762 -0.377774 0.925680
1627998982.395238 151.110709 -64.376683 3.735436 -0.011429 -0.016388 -0.381107 0.924315
1627998982.496317 151.204598 -64.459978 3.743276 -0.010717 -0.016977 -0.385067 0.922670
1627998982.597310 151.294256 -64.555392 3.753334 -0.011429 -0.018001 -0.389367 0.920836
1627998982.698347 151.378353 -64.635336 3.758603 -0.012294 -0.017410 -0.393389 0.919125
1627998982.799441 151.481597 -64.721960 3.760299 -0.012366 -0.017205 -0.396843 0.917642
1627998982.900409 151.575005 -64.816263 3.761806 -0.012018 -0.018400 -0.401050 0.915793
1627998983.001416 151.662966 -64.904438 3.768262 -0.011662 -0.019546 -0.404959 0.914051
1627998983.102404 151.750203 -64.999774 3.776069 -0.011489 -0.018715 -0.408961 0.912288
1627998983.203392 151.840792 -65.088686 3.779179 -0.011708 -0.018314 -0.411983 0.910932
1627998983.304391 151.929192 -65.190030 3.786968 -0.011866 -0.019012 -0.414824 0.909626
1627998983.405347 152.013435 -65.284457 3.793286 -0.011427 -0.019173 -0.417580 0.908366
1627998983.506322 152.095622 -65.379252 3.798972 -0.010861 -0.018240 -0.420139 0.907211
1627998983.607296 152.170284 -65.473649 3.803287 -0.011421 -0.018227 -0.422096 0.906296
1627998983.708271 152.244380 -65.559442 3.806506 -0.011557 -0.018053 -0.424260 0.905287
1627998983.812564 152.327862 -65.662102 3.814150 -0.011260 -0.017679 -0.426476 0.904256
1627998983.910267 152.407152 -65.768848 3.816431 -0.010937 -0.017196 -0.427380 0.903842
1627998984.013582 152.496073 -65.874616 3.819573 -0.011042 -0.017380 -0.427931 0.903577
1627998984.112179 152.577309 -65.965063 3.824084 -0.011899 -0.018542 -0.428210 0.903411
1627998984.214811 152.653256 -66.065202 3.832736 -0.012347 -0.018764 -0.428780 0.903130
1627998984.314037 152.726357 -66.159749 3.837633 -0.012203 -0.017956 -0.429226 0.902936
1627998984.414958 152.808565 -66.258185 3.842602 -0.011449 -0.017179 -0.429690 0.902740
1627998984.515919 152.886196 -66.360809 3.844402 -0.011043 -0.017601 -0.429853 0.902660
1627998984.617118 152.969979 -66.466458 3.855540 -0.010232 -0.016860 -0.430635 0.902311
1627998984.717788 153.052356 -66.563480 3.860137 -0.010039 -0.015563 -0.430895 0.902212
1627998984.818686 153.144667 -66.660269 3.859758 -0.011111 -0.016312 -0.431228 0.902027
1627998984.919656 153.219888 -66.754570 3.871540 -0.010938 -0.017354 -0.431319 0.901966
1627998985.021504 153.294795 -66.843226 3.877606 -0.009242 -0.016398 -0.431795 0.901775
1627998985.121501 153.381646 -66.947594 3.875397 -0.008895 -0.016232 -0.432103 0.901634
1627998985.222346 153.472617 -67.045182 3.880027 -0.009943 -0.016997 -0.432630 0.901357
1627998985.323254 153.544064 -67.136838 3.889177 -0.010569 -0.017856 -0.432974 0.901167
1627998985.424110 153.621870 -67.238104 3.895467 -0.010481 -0.017819 -0.433545 0.900895
1627998985.525006 153.702134 -67.332887 3.898835 -0.009976 -0.017751 -0.433917 0.900723
1627998985.625892 153.790613 -67.437069 3.903272 -0.009754 -0.018575 -0.434377 0.900487
1627998985.726796 153.865887 -67.534416 3.913443 -0.009711 -0.018409 -0.435013 0.900184
1627998985.827676 153.939499 -67.639953 3.919113 -0.009931 -0.016881 -0.435544 0.899954
1627998985.928592 154.020792 -67.730735 3.921055 -0.010611 -0.016907 -0.435970 0.899740
1627998986.029454 154.096832 -67.828982 3.925753 -0.010619 -0.018269 -0.436146 0.899628
1627998986.130309 154.165732 -67.920168 3.931976 -0.009994 -0.018889 -0.436618 0.899393
1627998986.231162 154.236393 -68.029259 3.936397 -0.010496 -0.018359 -0.436553 0.899430
1627998986.333549 154.313332 -68.145214 3.943332 -0.011670 -0.018399 -0.435521 0.899915
1627998986.432865 154.385754 -68.245353 3.946504 -0.012003 -0.019154 -0.433493 0.900873
1627998986.533716 154.466960 -68.342914 3.955180 -0.010796 -0.019573 -0.431670 0.901755
1627998986.634552 154.543951 -68.433455 3.959654 -0.010163 -0.019421 -0.429382 0.902857
1627998986.735407 154.610780 -68.528624 3.963144 -0.011487 -0.020148 -0.427341 0.903793
1627998986.836278 154.687736 -68.622448 3.968633 -0.012917 -0.021263 -0.425309 0.904706
1627998986.937117 154.774571 -68.714717 3.978687 -0.012996 -0.021174 -0.423040 0.905770
1627998987.037980 154.866464 -68.809133 3.986439 -0.011910 -0.020343 -0.421161 0.906680
1627998987.138804 154.943164 -68.895637 3.989029 -0.011897 -0.019590 -0.419246 0.907583
1627998987.239575 155.026160 -68.992593 3.993711 -0.012708 -0.019621 -0.416987 0.908612
1627998987.340402 155.097496 -69.094830 4.008873 -0.012412 -0.018173 -0.415280 0.909427
1627998987.441205 155.178257 -69.197095 4.007545 -0.011886 -0.016889 -0.412970 0.910510
1627998987.542031 155.261191 -69.294104 4.009878 -0.012251 -0.017182 -0.411178 0.911311
1627998987.643603 155.341540 -69.398501 4.019366 -0.012438 -0.017077 -0.409615 0.912014
1627998987.743642 155.433906 -69.506576 4.026727 -0.012236 -0.015722 -0.407584 0.912950
1627998987.844812 155.530055 -69.590481 4.026236 -0.011996 -0.015539 -0.405321 0.913964
1627998987.945277 155.617297 -69.677517 4.031059 -0.011909 -0.016393 -0.403417 0.914792
1627998988.046526 155.698557 -69.770170 4.039713 -0.011852 -0.016609 -0.401643 0.915569
1627998988.146851 155.774941 -69.859806 4.039942 -0.012115 -0.016076 -0.399741 0.916407
1627998988.248363 155.865322 -69.949270 4.040670 -0.012604 -0.016798 -0.397442 0.917387
1627998988.348477 155.950215 -70.034098 4.049010 -0.012842 -0.017696 -0.395321 0.918283
1627998988.449225 156.042702 -70.119625 4.055835 -0.012827 -0.018687 -0.393562 0.919019
1627998988.549962 156.124759 -70.215179 4.063125 -0.013175 -0.018400 -0.391839 0.919755
1627998988.650754 156.200379 -70.304908 4.070024 -0.013372 -0.017646 -0.389773 0.920645
1627998988.751520 156.280993 -70.392566 4.073230 -0.013275 -0.017444 -0.387712 0.921520
1627998988.860186 156.371499 -70.475679 4.082002 -0.012530 -0.016897 -0.386314 0.922127
1627998988.953083 156.464700 -70.559258 4.083482 -0.012383 -0.015676 -0.385018 0.922693
1627998989.054040 156.555409 -70.650160 4.083877 -0.012839 -0.015399 -0.384834 0.922768
1627998989.154579 156.662786 -70.730839 4.084985 -0.013462 -0.016665 -0.385524 0.922449
1627998989.255342 156.771710 -70.809933 4.096149 -0.013868 -0.017554 -0.386911 0.921846
1627998989.356071 156.847493 -70.896563 4.105498 -0.013951 -0.017537 -0.387887 0.921435
1627998989.456860 156.926754 -70.986815 4.106709 -0.014134 -0.018120 -0.389272 0.920836
1627998989.557632 157.005407 -71.071577 4.114792 -0.013831 -0.018694 -0.390770 0.920194
1627998989.658347 157.096721 -71.148071 4.123396 -0.013607 -0.017865 -0.392087 0.919654
1627998989.759051 157.183264 -71.234984 4.125423 -0.013752 -0.017023 -0.393047 0.919258
1627998989.860283 157.269847 -71.332303 4.132002 -0.013550 -0.016508 -0.393242 0.919187
1627998989.960538 157.354377 -71.424613 4.131911 -0.013526 -0.016902 -0.393732 0.918971
1627998990.061337 157.430765 -71.513818 4.143381 -0.012987 -0.016511 -0.394276 0.918752
1627998990.161987 157.520628 -71.609058 4.144766 -0.012674 -0.015502 -0.394176 0.918817
1627998990.262753 157.612297 -71.707310 4.144976 -0.013808 -0.017026 -0.393849 0.918914
1627998990.363415 157.698981 -71.801123 4.155681 -0.014138 -0.018827 -0.393359 0.919083
1627998990.465587 157.774433 -71.902464 4.164266 -0.013764 -0.018625 -0.392169 0.919602
1627998990.565413 157.853782 -71.988780 4.163797 -0.014152 -0.019827 -0.389487 0.920710
1627998990.665554 157.930634 -72.077851 4.173433 -0.014571 -0.020511 -0.387064 0.921709
1627998990.766276 158.016396 -72.161402 4.179908 -0.014690 -0.019946 -0.384474 0.922803
1627998990.867034 158.111333 -72.249610 4.184566 -0.014880 -0.019924 -0.382112 0.923781
1627998990.967689 158.194967 -72.315136 4.191739 -0.014663 -0.019432 -0.379361 0.924929
1627998991.068383 158.280987 -72.407516 4.196829 -0.014309 -0.018680 -0.377219 0.925825
1627998991.169079 158.356392 -72.509597 4.201572 -0.014263 -0.018789 -0.374832 0.926793
1627998991.269753 158.460483 -72.613104 4.212825 -0.014163 -0.017770 -0.372751 0.927653
1627998991.370452 158.554970 -72.701247 4.216415 -0.013864 -0.016271 -0.369848 0.928846
1627998991.471151 158.645532 -72.781714 4.218451 -0.013753 -0.016296 -0.367019 0.929969
1627998991.571808 158.727401 -72.869637 4.223335 -0.013953 -0.017239 -0.364269 0.931030
1627998991.672563 158.810857 -72.961502 4.229621 -0.014178 -0.016826 -0.360933 0.932332
1627998991.773172 158.902376 -73.035739 4.231155 -0.014780 -0.016501 -0.356466 0.934046
1627998991.873869 158.997643 -73.117081 4.234851 -0.015217 -0.017606 -0.352030 0.935700
1627998991.974548 159.086282 -73.203188 4.247340 -0.015336 -0.018552 -0.348247 0.937094
1627998992.075234 159.174631 -73.269794 4.253743 -0.015232 -0.017449 -0.345209 0.938240
1627998992.175882 159.267149 -73.347422 4.254236 -0.015816 -0.017153 -0.342416 0.939259
1627998992.276518 159.373833 -73.403035 4.260181 -0.016261 -0.017132 -0.341701 0.939512
1627998992.377516 159.473288 -73.471803 4.266572 -0.016115 -0.016453 -0.342233 0.939333
1627998992.477900 159.570545 -73.544205 4.271027 -0.015869 -0.015095 -0.343327 0.938961
1627998992.578495 159.670534 -73.622681 4.275634 -0.015774 -0.014338 -0.344048 0.938710
1627998992.679168 159.762903 -73.692072 4.279263 -0.015657 -0.014237 -0.345886 0.938038
1627998992.779813 159.866009 -73.769439 4.282743 -0.015291 -0.014446 -0.347392 0.937484
1627998992.880466 159.946479 -73.843822 4.288674 -0.014958 -0.013832 -0.349086 0.936869
1627998992.981172 160.040035 -73.934759 4.290408 -0.015424 -0.013351 -0.350312 0.936411
1627998993.081767 160.132197 -74.007128 4.292857 -0.016314 -0.013711 -0.352225 0.935673
1627998993.182456 160.223909 -74.091037 4.298141 -0.016719 -0.014942 -0.353972 0.934987
1627998993.283073 160.318132 -74.166767 4.306356 -0.016307 -0.015073 -0.355770 0.934310
1627998993.383668 160.423009 -74.245568 4.308889 -0.016217 -0.015171 -0.356907 0.933876
1627998993.484301 160.506296 -74.325424 4.311826 -0.017040 -0.016298 -0.358639 0.933179
1627998993.584920 160.600394 -74.402189 4.321000 -0.017418 -0.016755 -0.360608 0.932404
1627998993.685581 160.677944 -74.482961 4.326811 -0.017314 -0.015561 -0.362243 0.931793
1627998993.786736 160.753768 -74.554408 4.328189 -0.017133 -0.015603 -0.363443 0.931328
1627998993.886889 160.839877 -74.619581 4.331722 -0.017156 -0.016427 -0.365249 0.930607
1627998993.987462 160.935083 -74.704959 4.341956 -0.016937 -0.016148 -0.366877 0.929975
1627998994.088080 161.023764 -74.794166 4.348867 -0.016786 -0.014786 -0.368990 0.929164
1627998994.188680 161.126920 -74.871199 4.348146 -0.016941 -0.014910 -0.370772 0.928450
1627998994.289325 161.201915 -74.925252 4.350756 -0.017151 -0.015788 -0.373427 0.927367
1627998994.389890 161.274378 -74.993661 4.357528 -0.016850 -0.016270 -0.376476 0.926130
1627998994.490534 161.346812 -75.076588 4.361079 -0.017299 -0.016292 -0.379127 0.925039
1627998994.591127 161.433499 -75.169276 4.365149 -0.017657 -0.017127 -0.382103 0.923792
1627998994.691711 161.521700 -75.241766 4.374652 -0.017413 -0.017004 -0.384611 0.922758
1627998994.792391 161.609679 -75.317263 4.376745 -0.016818 -0.016820 -0.387442 0.921587
1627998994.892933 161.704828 -75.398058 4.381623 -0.016656 -0.016919 -0.390658 0.920230
1627998994.993551 161.780280 -75.473183 4.387737 -0.016451 -0.015883 -0.393317 0.919119
1627998995.094134 161.864413 -75.559850 4.392966 -0.016312 -0.015554 -0.395957 0.917992
1627998995.194874 161.956513 -75.646428 4.394465 -0.016070 -0.016413 -0.398752 0.916771
1627998995.295294 162.042196 -75.723516 4.402384 -0.015460 -0.016659 -0.401388 0.915626
1627998995.395871 162.117670 -75.810550 4.407598 -0.015393 -0.016000 -0.403902 0.914533
1627998995.592499 162.241943 -75.952247 4.416349 -0.015821 -0.016702 -0.405907 0.913625
1627998995.597083 162.241507 -75.953647 4.415401 -0.015949 -0.016768 -0.405921 0.913615
1627998995.697650 162.324587 -76.030522 4.421553 -0.015909 -0.017063 -0.407256 0.913016
1627998995.798215 162.432692 -76.136016 4.426476 -0.015624 -0.016769 -0.408001 0.912694
1627998995.898808 162.532036 -76.235681 4.431419 -0.015632 -0.016801 -0.408663 0.912397
1627998995.999593 162.609560 -76.315871 4.436587 -0.015949 -0.016745 -0.409312 0.912101
1627998996.099996 162.686677 -76.422609 4.442903 -0.016307 -0.016592 -0.410343 0.911635
1627998996.200523 162.757306 -76.526770 4.449968 -0.016009 -0.015867 -0.411541 0.911113
1627998996.301098 162.830455 -76.630410 4.453291 -0.015908 -0.015265 -0.412986 0.910470
1627998996.401731 162.922658 -76.725086 4.457612 -0.015643 -0.015210 -0.414702 0.909696
1627998996.502221 162.998302 -76.828878 4.466886 -0.015635 -0.015213 -0.416853 0.908712
1627998996.602769 163.076879 -76.926186 4.472116 -0.015188 -0.014427 -0.418618 0.907921
1627998996.703342 163.153583 -77.020588 4.473445 -0.015080 -0.014539 -0.419969 0.907297
1627998996.804206 163.239196 -77.123255 4.477723 -0.015239 -0.015577 -0.421720 0.906464
1627998996.904457 163.321365 -77.202420 4.483016 -0.015899 -0.016095 -0.422696 0.905989
1627998997.005553 163.406444 -77.297548 4.490395 -0.016044 -0.015747 -0.423871 0.905443
1627998997.105599 163.478642 -77.390159 4.495695 -0.016102 -0.016150 -0.424512 0.905135
1627998997.206118 163.551493 -77.490214 4.500559 -0.016208 -0.017083 -0.425421 0.904689
1627998997.306678 163.636241 -77.586214 4.507227 -0.015926 -0.016810 -0.426301 0.904285
1627998997.407995 163.717038 -77.685097 4.511868 -0.015872 -0.016156 -0.427301 0.903826
1627998997.507742 163.802619 -77.785759 4.514934 -0.016336 -0.016113 -0.428203 0.903391
1627998997.608292 163.880691 -77.882937 4.520999 -0.016464 -0.016420 -0.428883 0.903061
1627998997.708858 163.974071 -77.983152 4.529201 -0.016003 -0.015877 -0.429948 0.902572
1627998997.809443 164.047135 -78.082683 4.534036 -0.015248 -0.015081 -0.430360 0.902403
1627998997.909921 164.125820 -78.183449 4.537401 -0.015365 -0.015463 -0.431310 0.901940
1627998998.010743 164.209409 -78.278786 4.542664 -0.015805 -0.015990 -0.431993 0.901597
1627998998.110996 164.283785 -78.381602 4.548928 -0.015790 -0.016124 -0.433083 0.901071
1627998998.211689 164.370998 -78.468392 4.551968 -0.015912 -0.016894 -0.433836 0.900693
1627998998.312137 164.450556 -78.564764 4.557940 -0.016365 -0.017633 -0.434738 0.900235
1627998998.412571 164.527292 -78.662733 4.563472 -0.016850 -0.017823 -0.435175 0.900012
1627998998.513099 164.596020 -78.764371 4.572901 -0.016921 -0.017140 -0.435868 0.899688
1627998998.613622 164.670910 -78.850203 4.576653 -0.016568 -0.016881 -0.436481 0.899402
1627998998.714139 164.753921 -78.952155 4.581347 -0.016229 -0.017026 -0.437160 0.899076
1627998998.814672 164.843542 -79.063303 4.588063 -0.016048 -0.016278 -0.438164 0.898604
1627998998.915289 164.923989 -79.163990 4.592906 -0.016130 -0.014951 -0.438711 0.898359
1627998999.015717 165.012516 -79.264173 4.598961 -0.015863 -0.014205 -0.439498 0.897991
1627998999.116236 165.093453 -79.357729 4.605307 -0.015147 -0.014210 -0.439710 0.897900
1627998999.216734 165.179992 -79.461130 4.608276 -0.014502 -0.014222 -0.439901 0.897817
1627998999.317260 165.248684 -79.574809 4.612481 -0.014398 -0.013994 -0.439938 0.897804
1627998999.417753 165.324644 -79.695584 4.617893 -0.014956 -0.013694 -0.439979 0.897779
1627998999.518262 165.392183 -79.788698 4.623066 -0.015439 -0.014504 -0.439801 0.897846
1627998999.618832 165.467303 -79.876144 4.630021 -0.015283 -0.015028 -0.439815 0.897833
1627998999.719314 165.543830 -79.980478 4.635571 -0.014472 -0.014512 -0.439556 0.897981
1627998999.819821 165.633564 -80.080523 4.636774 -0.014527 -0.014942 -0.439256 0.898120
1627998999.920307 165.702250 -80.173993 4.640111 -0.015618 -0.015835 -0.439283 0.898073
1627999000.020800 165.772401 -80.265975 4.651478 -0.015745 -0.015187 -0.439145 0.898150
1627999000.121294 165.854598 -80.367693 4.653952 -0.015268 -0.015278 -0.438742 0.898353
1627999000.221789 165.945672 -80.475493 4.660009 -0.014988 -0.016070 -0.438857 0.898288
1627999000.322270 166.026842 -80.587226 4.667368 -0.014668 -0.015827 -0.438714 0.898368
1627999000.422780 166.097808 -80.678579 4.668952 -0.014363 -0.014938 -0.438545 0.898470
1627999000.523252 166.181158 -80.754931 4.674222 -0.014380 -0.015039 -0.438293 0.898591
1627999000.623840 166.259923 -80.847790 4.680386 -0.014099 -0.015545 -0.438149 0.898657
1627999000.724239 166.342684 -80.947406 4.683625 -0.014253 -0.016523 -0.438028 0.898696
1627999000.824749 166.415349 -81.043854 4.690122 -0.014584 -0.016632 -0.437730 0.898834
1627999000.925241 166.498000 -81.147983 4.694039 -0.015108 -0.016752 -0.437790 0.898794
1627999001.025714 166.570761 -81.258562 4.699171 -0.015551 -0.018046 -0.437639 0.898835
1627999001.126231 166.655904 -81.364092 4.707986 -0.014834 -0.017436 -0.438145 0.898613
1627999001.226730 166.744069 -81.476050 4.713892 -0.013985 -0.015958 -0.437580 0.898929
1627999001.327165 166.825823 -81.576918 4.716544 -0.014266 -0.016158 -0.437648 0.898888
1627999001.427638 166.897882 -81.666689 4.723521 -0.014298 -0.015514 -0.437680 0.898883
1627999001.528095 166.980507 -81.768912 4.728844 -0.014107 -0.015025 -0.437250 0.899104
1627999001.628579 167.059506 -81.868349 4.733826 -0.013952 -0.016070 -0.437121 0.899151
1627999001.729053 167.154416 -81.979678 4.740002 -0.013892 -0.016847 -0.436874 0.899257
1627999001.829540 167.217318 -82.082397 4.743738 -0.014424 -0.017458 -0.437091 0.899132
1627999001.930007 167.284916 -82.170883 4.747530 -0.015286 -0.017407 -0.437194 0.899069
1627999002.030474 167.364310 -82.266774 4.754890 -0.015335 -0.016975 -0.436772 0.899282
1627999002.130956 167.446968 -82.382949 4.762759 -0.014893 -0.017152 -0.436686 0.899327
1627999002.231403 167.535250 -82.494718 4.767361 -0.014411 -0.017052 -0.436892 0.899237
1627999002.331856 167.622153 -82.580463 4.772094 -0.014207 -0.015762 -0.436702 0.899356
1627999002.432830 167.703950 -82.674108 4.778258 -0.013957 -0.014464 -0.436293 0.899580
1627999002.532781 167.767841 -82.776274 4.783750 -0.013927 -0.014583 -0.436273 0.899588
1627999002.633242 167.847866 -82.874108 4.785732 -0.013593 -0.014996 -0.436475 0.899489
1627999002.733719 167.932078 -82.967910 4.793270 -0.012915 -0.014119 -0.436301 0.899597
1627999002.834181 168.016699 -83.058259 4.797919 -0.013039 -0.014470 -0.435739 0.899862
1627999002.934635 168.100468 -83.156641 4.797027 -0.013757 -0.015514 -0.435959 0.899728
1627999003.035104 168.180689 -83.260384 4.805760 -0.013679 -0.015109 -0.435930 0.899750
1627999003.135550 168.246058 -83.382359 4.813632 -0.013792 -0.015561 -0.435381 0.900006
1627999003.236005 168.349940 -83.474196 4.818845 -0.014205 -0.017053 -0.435298 0.900013
1627999003.336445 168.441664 -83.553487 4.820574 -0.014386 -0.017539 -0.435272 0.900013
1627999003.436985 168.517981 -83.662911 4.826068 -0.014913 -0.016963 -0.435245 0.900029
1627999003.537332 168.586036 -83.763592 4.831561 -0.015332 -0.016410 -0.435101 0.900101
1627999003.637794 168.654803 -83.873588 4.841008 -0.014918 -0.016051 -0.434716 0.900301
1627999003.738244 168.737695 -83.983616 4.844433 -0.013995 -0.016299 -0.434758 0.900291
1627999003.838686 168.831301 -84.099040 4.848610 -0.013580 -0.015365 -0.434676 0.900354
1627999003.939183 168.917876 -84.188311 4.854671 -0.013774 -0.014835 -0.434677 0.900359
1627999004.039587 168.998958 -84.281002 4.860578 -0.014148 -0.015554 -0.434552 0.900401
1627999004.140054 169.076131 -84.395903 4.866615 -0.013632 -0.015765 -0.434377 0.900490
1627999004.240445 169.167050 -84.495704 4.873652 -0.012421 -0.015497 -0.434411 0.900496
1627999004.340923 169.254177 -84.601844 4.877855 -0.012392 -0.015898 -0.434483 0.900455
1627999004.441330 169.333466 -84.699867 4.880184 -0.013265 -0.016152 -0.434501 0.900429
1627999004.541774 169.424209 -84.801911 4.886555 -0.014112 -0.016019 -0.434464 0.900436
1627999004.642187 169.506216 -84.908291 4.893206 -0.014094 -0.016275 -0.434125 0.900595
1627999004.742638 169.581887 -85.012941 4.899484 -0.013841 -0.017470 -0.434357 0.900465
1627999004.843143 169.671143 -85.112103 4.901620 -0.014008 -0.018189 -0.434747 0.900260
1627999004.943513 169.765163 -85.219303 4.906173 -0.014451 -0.016952 -0.434984 0.900163
1627999005.043943 169.856414 -85.322819 4.915370 -0.015040 -0.016589 -0.434764 0.900266
1627999005.144372 169.936335 -85.438243 4.919684 -0.014843 -0.016548 -0.434880 0.900214
1627999005.244807 170.012967 -85.536902 4.924641 -0.013782 -0.015837 -0.435090 0.900142
1627999005.345226 170.083218 -85.645409 4.933733 -0.013315 -0.015788 -0.435127 0.900132
1627999005.445645 170.167239 -85.747702 4.940227 -0.013455 -0.016415 -0.435082 0.900141
1627999005.546069 170.260065 -85.843607 4.942591 -0.013700 -0.017317 -0.435236 0.900046
1627999005.646483 170.337814 -85.931985 4.944931 -0.013677 -0.017004 -0.435696 0.899829
1627999005.746963 170.429505 -86.031579 4.953668 -0.013621 -0.016554 -0.436178 0.899605
1627999005.847391 170.503431 -86.152786 4.963998 -0.014029 -0.017382 -0.436479 0.899437
1627999005.947759 170.595442 -86.273083 4.965278 -0.014083 -0.017880 -0.437247 0.899053
1627999006.048185 170.674440 -86.376431 4.969554 -0.013692 -0.017029 -0.437593 0.898908
1627999006.148611 170.753475 -86.472819 4.978778 -0.013619 -0.017192 -0.437857 0.898777
1627999006.249011 170.840657 -86.570273 4.982524 -0.013594 -0.018091 -0.438726 0.898336
1627999006.349435 170.927980 -86.660505 4.984682 -0.013433 -0.016932 -0.439203 0.898128
1627999006.450760 171.005598 -86.759198 4.995981 -0.013959 -0.017035 -0.439141 0.898148
1627999006.550246 171.084563 -86.863297 4.998873 -0.014711 -0.018049 -0.439640 0.897872
1627999006.650697 171.172508 -86.973500 4.999904 -0.013859 -0.017465 -0.439865 0.897787
1627999006.751070 171.263330 -87.092694 5.009946 -0.012817 -0.016751 -0.439738 0.897878
1627999006.851530 171.344328 -87.208369 5.016478 -0.013004 -0.016617 -0.439639 0.897927
1627999006.952004 171.423924 -87.313777 5.021871 -0.013382 -0.015949 -0.440179 0.897669
1627999007.052320 171.502860 -87.409964 5.027100 -0.013156 -0.015589 -0.440245 0.897646
1627999007.152964 171.573483 -87.504524 5.029768 -0.012748 -0.015202 -0.440272 0.897645
1627999007.253125 171.657923 -87.608454 5.037395 -0.012321 -0.014597 -0.440473 0.897563
1627999007.353819 171.735146 -87.713275 5.048142 -0.012374 -0.015666 -0.440444 0.897558
1627999007.453990 171.813653 -87.826869 5.048456 -0.012528 -0.016313 -0.440851 0.897344
1627999007.554378 171.886836 -87.911010 5.050968 -0.012218 -0.015451 -0.440818 0.897380
1627999007.654754 171.965337 -87.997340 5.061790 -0.012596 -0.015848 -0.440642 0.897455
1627999007.755132 172.039328 -88.085156 5.063143 -0.013228 -0.017089 -0.440883 0.897304
1627999007.855527 172.112751 -88.174961 5.062359 -0.012319 -0.016388 -0.440912 0.897316
1627999007.956234 172.175856 -88.253137 5.073147 -0.011114 -0.016063 -0.440494 0.897543
1627999008.056334 172.226402 -88.337781 5.080289 -0.011488 -0.017099 -0.440514 0.897510
1627999008.157214 172.298475 -88.437104 5.077842 -0.011842 -0.016986 -0.440671 0.897430
1627999008.257114 172.364626 -88.539148 5.081703 -0.011517 -0.015549 -0.440260 0.897662
1627999008.357627 172.429706 -88.628727 5.094628 -0.011080 -0.015751 -0.440132 0.897726
1627999008.457940 172.489579 -88.718177 5.096728 -0.010618 -0.016814 -0.440267 0.897646
1627999008.558294 172.569946 -88.820215 5.097065 -0.010628 -0.016793 -0.440342 0.897610
1627999008.658691 172.632853 -88.903065 5.104958 -0.011222 -0.016995 -0.440475 0.897534
1627999008.759211 172.681004 -88.986654 5.110263 -0.011474 -0.017655 -0.440507 0.897502
1627999008.859498 172.743271 -89.044077 5.110975 -0.011068 -0.017655 -0.440287 0.897615
1627999008.959886 172.801123 -89.117154 5.114620 -0.010965 -0.017467 -0.440393 0.897568
1627999009.060266 172.849659 -89.222808 5.120578 -0.011175 -0.017708 -0.440366 0.897574
1627999009.160650 172.942662 -89.302413 5.122030 -0.011378 -0.017630 -0.440401 0.897556
1627999009.261034 173.019571 -89.373916 5.127659 -0.011119 -0.016914 -0.440182 0.897681
1627999009.361418 173.086265 -89.443923 5.133941 -0.010607 -0.017111 -0.440154 0.897696
1627999009.461804 173.152918 -89.531535 5.136586 -0.010330 -0.017568 -0.440462 0.897540
1627999009.562188 173.217130 -89.612990 5.142774 -0.010668 -0.018149 -0.440481 0.897515
1627999009.662559 173.278205 -89.695040 5.144547 -0.011447 -0.018378 -0.440826 0.897331
1627999009.762943 173.342086 -89.783047 5.151240 -0.011160 -0.018088 -0.441185 0.897165
1627999009.863327 173.409115 -89.866238 5.156674 -0.011012 -0.018674 -0.441731 0.896886
1627999009.963710 173.469223 -89.956481 5.158777 -0.011364 -0.019149 -0.442771 0.896358
1627999010.064176 173.546335 -90.049836 5.160329 -0.011617 -0.018346 -0.443693 0.895916
1627999010.164805 173.620925 -90.144269 5.169910 -0.011694 -0.017551 -0.444742 0.895410
1627999010.264872 173.705380 -90.240948 5.174633 -0.011546 -0.017873 -0.445771 0.894894
1627999010.365228 173.775830 -90.336594 5.176534 -0.010498 -0.017815 -0.447354 0.894118
1627999010.465632 173.842809 -90.434947 5.180483 -0.009706 -0.017180 -0.448711 0.893459
1627999010.565989 173.911980 -90.528585 5.186516 -0.009090 -0.016640 -0.449722 0.892967
1627999010.666351 173.991325 -90.638614 5.192041 -0.008209 -0.016064 -0.450958 0.892363
1627999010.766716 174.059666 -90.737472 5.199890 -0.007634 -0.016180 -0.452012 0.891833
1627999010.867119 174.125225 -90.836685 5.206512 -0.007131 -0.017129 -0.452925 0.891356
1627999010.968619 174.205692 -90.932264 5.205878 -0.006140 -0.017329 -0.453551 0.891041
1627999011.067856 174.288407 -91.031822 5.211335 -0.004632 -0.017214 -0.454167 0.890738
1627999011.168216 174.347170 -91.135929 5.218160 -0.003824 -0.018147 -0.454633 0.890486
1627999011.268590 174.415204 -91.230804 5.219361 -0.003329 -0.018858 -0.455206 0.890180
1627999011.368959 174.495357 -91.335074 5.224373 -0.003785 -0.018619 -0.455450 0.890059
1627999011.469318 174.579775 -91.440084 5.233353 -0.005469 -0.019432 -0.455657 0.889927
1627999011.569689 174.646467 -91.547334 5.239981 -0.006297 -0.021390 -0.456240 0.889577
1627999011.670075 174.709697 -91.645755 5.238848 -0.005768 -0.022421 -0.457121 0.889103
1627999011.770438 174.793518 -91.752997 5.242996 -0.005580 -0.022257 -0.457702 0.888810
1627999011.870807 174.854889 -91.846175 5.249414 -0.007750 -0.021683 -0.458251 0.888524
1627999011.971167 174.933348 -91.950350 5.251139 -0.010762 -0.020450 -0.458818 0.888230
1627999012.071548 175.008269 -92.048291 5.258220 -0.011039 -0.019034 -0.458468 0.888439
1627999012.171870 175.078019 -92.149110 5.266696 -0.009263 -0.018834 -0.458903 0.888238
1627999012.272280 175.134500 -92.241068 5.265940 -0.008238 -0.017947 -0.459735 0.887837
1627999012.372602 175.210508 -92.323557 5.272425 -0.010038 -0.016112 -0.460774 0.887314
1627999012.472980 175.311409 -92.427615 5.278287 -0.012562 -0.015096 -0.460326 0.887533
1627999012.573331 175.388519 -92.533771 5.286606 -0.012785 -0.014886 -0.460343 0.887524
1627999012.673708 175.436865 -92.634175 5.298129 -0.011586 -0.016445 -0.460669 0.887344
1627999012.774061 175.498158 -92.723938 5.296841 -0.011306 -0.018192 -0.460762 0.887265
1627999012.874448 175.573982 -92.823697 5.293627 -0.011558 -0.017504 -0.460913 0.887197
1627999012.974761 175.649902 -92.922102 5.303229 -0.011897 -0.016705 -0.460828 0.887252
1627999013.075106 175.718083 -93.025985 5.309641 -0.011389 -0.016650 -0.460780 0.887285
1627999013.175490 175.800941 -93.138390 5.315749 -0.011083 -0.017024 -0.461047 0.887143
1627999013.275861 175.872344 -93.233870 5.321138 -0.011392 -0.017432 -0.460989 0.887161
1627999013.376173 175.936296 -93.331825 5.325616 -0.011888 -0.017467 -0.460793 0.887256
1627999013.476547 176.000959 -93.412298 5.323315 -0.012054 -0.016250 -0.460698 0.887326
1627999013.576889 176.083318 -93.510765 5.334548 -0.012345 -0.015838 -0.460695 0.887331
1627999013.677225 176.155692 -93.621631 5.345357 -0.012566 -0.018462 -0.460763 0.887242
1627999013.780204 176.229713 -93.721842 5.339784 -0.011829 -0.019179 -0.461260 0.886979
1627999013.877935 176.296256 -93.811692 5.356094 -0.012507 -0.018893 -0.461684 0.886755
1627999013.978565 176.352820 -93.903466 5.365860 -0.015853 -0.022228 -0.461982 0.886469
1627999014.078635 176.428520 -94.006128 5.350453 -0.015988 -0.022742 -0.462543 0.886161
1627999014.178981 176.493391 -94.102185 5.366006 -0.013579 -0.020862 -0.462670 0.886181
1627999014.279338 176.543486 -94.201986 5.381746 -0.013068 -0.022530 -0.462590 0.886190
1627999014.379676 176.624750 -94.304129 5.374393 -0.013631 -0.023400 -0.463310 0.885782
1627999014.480024 176.705156 -94.394467 5.376690 -0.013958 -0.020257 -0.463071 0.885980
1627999014.580384 176.777067 -94.482934 5.396632 -0.014407 -0.019617 -0.462429 0.886322
1627999014.680717 176.849499 -94.578975 5.397986 -0.014107 -0.021475 -0.462604 0.886193
1627999014.781429 176.927271 -94.676961 5.395459 -0.013166 -0.021081 -0.463126 0.885944
1627999014.881437 177.001729 -94.762772 5.408465 -0.014008 -0.019974 -0.463199 0.885919
1627999014.981750 177.057683 -94.872560 5.415775 -0.015298 -0.020496 -0.462501 0.886250
1627999015.082097 177.135977 -94.975972 5.413508 -0.014695 -0.020179 -0.462395 0.886323
1627999015.182451 177.213243 -95.079046 5.424033 -0.014171 -0.019003 -0.461983 0.886572
1627999015.282806 177.273453 -95.177066 5.437361 -0.015137 -0.020038 -0.461921 0.886565
1627999015.383114 177.331150 -95.275577 5.435931 -0.015304 -0.020621 -0.461671 0.886679
1627999015.483453 177.394616 -95.378441 5.441846 -0.014261 -0.019819 -0.461249 0.886935
1627999015.583818 177.463369 -95.479033 5.455518 -0.014638 -0.020452 -0.461414 0.886828
1627999015.684145 177.542783 -95.580824 5.457258 -0.015737 -0.021429 -0.461157 0.886920
1627999015.784476 177.610790 -95.685276 5.458051 -0.015574 -0.020240 -0.460547 0.887268
1627999015.884841 177.679834 -95.772510 5.468754 -0.015060 -0.020023 -0.460127 0.887499
1627999015.985152 177.742889 -95.871860 5.475581 -0.014690 -0.022021 -0.460183 0.887429
1627999016.085501 177.816293 -95.977882 5.475053 -0.014276 -0.022326 -0.460058 0.887494
1627999016.185821 177.885265 -96.082415 5.487263 -0.014438 -0.021438 -0.459846 0.887622
1627999016.286164 177.955711 -96.177581 5.495975 -0.015573 -0.021730 -0.459620 0.887713
1627999016.386491 178.028335 -96.278660 5.493091 -0.015430 -0.021484 -0.459111 0.887985
1627999016.486851 178.088968 -96.384716 5.499730 -0.014114 -0.020844 -0.458896 0.888133
1627999016.587172 178.160793 -96.486218 5.510669 -0.013241 -0.021009 -0.458339 0.888431
1627999016.687511 178.230104 -96.586164 5.517927 -0.013249 -0.021438 -0.458121 0.888533
1627999016.787848 178.312476 -96.681519 5.519106 -0.013527 -0.021019 -0.458367 0.888412
1627999016.888257 178.389908 -96.776014 5.526846 -0.013862 -0.020616 -0.457869 0.888672
1627999016.988515 178.457197 -96.866590 5.533991 -0.013899 -0.020814 -0.457504 0.888855
1627999017.088877 178.521085 -96.963833 5.538831 -0.013309 -0.021048 -0.457313 0.888957
1627999017.189177 178.588700 -97.062133 5.546287 -0.013282 -0.021306 -0.457238 0.888990
1627999017.289495 178.667740 -97.165699 5.551779 -0.013843 -0.021911 -0.456998 0.889090
1627999017.389832 178.738808 -97.264001 5.554713 -0.013930 -0.021530 -0.456677 0.889263
1627999017.490368 178.805540 -97.365886 5.565148 -0.013925 -0.021435 -0.456295 0.889461
1627999017.590511 178.878078 -97.462121 5.570470 -0.013992 -0.022470 -0.456303 0.889431
1627999017.690804 178.946455 -97.554738 5.571449 -0.013933 -0.022341 -0.456266 0.889454
1627999017.791199 179.032507 -97.653453 5.581789 -0.013993 -0.020811 -0.455854 0.889701
1627999017.891463 179.098923 -97.739716 5.588209 -0.014340 -0.020548 -0.455627 0.889818
1627999017.991823 179.184633 -97.837245 5.588669 -0.014072 -0.020361 -0.455507 0.889888
1627999018.092121 179.253132 -97.929727 5.593415 -0.013298 -0.019534 -0.455245 0.890053
1627999018.192435 179.333117 -98.017951 5.602952 -0.012855 -0.018938 -0.455025 0.890185
1627999018.292765 179.393515 -98.122151 5.610378 -0.013130 -0.018847 -0.454809 0.890293
1627999018.393107 179.455206 -98.232164 5.616892 -0.013859 -0.019403 -0.454419 0.890469
1627999018.493415 179.519334 -98.338985 5.620037 -0.013992 -0.019742 -0.454327 0.890506
1627999018.593747 179.589220 -98.434758 5.625785 -0.013570 -0.019687 -0.454015 0.890673
1627999018.694077 179.668153 -98.529567 5.634714 -0.013532 -0.020012 -0.453493 0.890933
1627999018.794389 179.749512 -98.622864 5.637082 -0.013968 -0.020910 -0.453532 0.890885
1627999018.894701 179.824743 -98.726015 5.638997 -0.014111 -0.019836 -0.453294 0.891029
1627999018.995031 179.903216 -98.820484 5.648241 -0.013682 -0.018774 -0.453030 0.891192
1627999019.095349 179.982038 -98.914451 5.657090 -0.013429 -0.019907 -0.452382 0.891501
1627999019.195661 180.055240 -99.012016 5.658697 -0.013357 -0.020616 -0.452404 0.891475
1627999019.296078 180.133914 -99.110141 5.665990 -0.013610 -0.020010 -0.452241 0.891567
1627999019.396314 180.205764 -99.216491 5.677682 -0.014691 -0.020450 -0.451647 0.891841
1627999019.496622 180.267067 -99.305790 5.677806 -0.015153 -0.021409 -0.451726 0.891771
1627999019.596969 180.322674 -99.396976 5.681063 -0.014957 -0.021646 -0.452828 0.891209
1627999019.697289 180.390699 -99.489343 5.690916 -0.015038 -0.021915 -0.455676 0.889749
1627999019.797592 180.451295 -99.585273 5.694668 -0.015528 -0.021707 -0.459409 0.887824
1627999019.897901 180.516684 -99.684534 5.702373 -0.015468 -0.021492 -0.464277 0.885294
1627999019.998224 180.577020 -99.788446 5.710646 -0.015732 -0.022380 -0.469038 0.882754
1627999020.100264 180.632496 -99.897491 5.713976 -0.015856 -0.023062 -0.474635 0.879737
1627999020.198844 180.694343 -99.997021 5.721265 -0.015701 -0.022372 -0.479497 0.877118
1627999020.299193 180.757407 -100.093763 5.729811 -0.015944 -0.022495 -0.484609 0.874296
1627999020.399498 180.833014 -100.182207 5.733640 -0.015635 -0.023435 -0.489190 0.871722
1627999020.499805 180.900016 -100.277598 5.735764 -0.014906 -0.023307 -0.493409 0.869357
1627999020.600319 180.960035 -100.375138 5.746320 -0.014549 -0.023133 -0.496955 0.867346
1627999020.700417 181.021728 -100.476821 5.751592 -0.014912 -0.023199 -0.500325 0.865399
1627999020.800734 181.088658 -100.585292 5.756029 -0.014523 -0.022976 -0.503282 0.863694
1627999020.901044 181.155445 -100.695297 5.759604 -0.013655 -0.022311 -0.506107 0.862074
1627999021.001367 181.204788 -100.794608 5.766178 -0.012979 -0.021126 -0.509166 0.860311
1627999021.101686 181.269505 -100.889508 5.775654 -0.012599 -0.020724 -0.511733 0.858802
1627999021.201982 181.331049 -100.991589 5.783783 -0.013029 -0.021166 -0.514717 0.857000
1627999021.302311 181.382690 -101.097318 5.785568 -0.013255 -0.020923 -0.517783 0.855153
1627999021.402760 181.446635 -101.202646 5.790928 -0.012880 -0.020368 -0.520760 0.853363
1627999021.502911 181.514017 -101.313687 5.797936 -0.012826 -0.020506 -0.523456 0.851710
1627999021.603231 181.565415 -101.446667 5.804854 -0.012594 -0.020600 -0.526142 0.850054
1627999021.703544 181.621205 -101.566365 5.812586 -0.012798 -0.020146 -0.529018 0.848275
1627999021.803846 181.689749 -101.673957 5.819538 -0.013378 -0.019581 -0.530891 0.847108
1627999021.904179 181.747930 -101.771726 5.825922 -0.013794 -0.020578 -0.531671 0.846589
1627999022.004467 181.801675 -101.878106 5.829385 -0.013702 -0.021933 -0.532797 0.845848
1627999022.104828 181.846159 -101.993952 5.834091 -0.013646 -0.021797 -0.533666 0.845305
1627999022.205096 181.905735 -102.099437 5.845218 -0.014352 -0.021191 -0.535021 0.844451
1627999022.305388 181.958979 -102.209562 5.847991 -0.015501 -0.020820 -0.535636 0.844050
1627999022.406723 181.997269 -102.310660 5.850805 -0.015123 -0.021167 -0.536079 0.843767
1627999022.506002 182.047515 -102.430315 5.856791 -0.014545 -0.021167 -0.537246 0.843034
1627999022.606305 182.101010 -102.547768 5.864048 -0.014110 -0.020194 -0.538323 0.842378
1627999022.706790 182.161864 -102.655135 5.873448 -0.014491 -0.019624 -0.539087 0.841897
1627999022.806995 182.215349 -102.768483 5.879409 -0.015300 -0.019801 -0.539526 0.841597
1627999022.907226 182.278909 -102.877612 5.881932 -0.015082 -0.019645 -0.540647 0.840885
1627999023.007570 182.338437 -102.984362 5.892473 -0.014732 -0.020125 -0.541525 0.840315
1627999023.107838 182.387408 -103.101689 5.898932 -0.015120 -0.021433 -0.542252 0.839806
1627999023.208338 182.433006 -103.211780 5.903554 -0.015424 -0.021825 -0.542751 0.839468
1627999023.308440 182.474246 -103.317354 5.907981 -0.015690 -0.020957 -0.543598 0.838937
1627999023.408746 182.533778 -103.430032 5.914336 -0.015334 -0.020452 -0.544346 0.838471
1627999023.509289 182.597597 -103.549032 5.921789 -0.015417 -0.021443 -0.544765 0.838173
1627999023.609347 182.648762 -103.665262 5.927308 -0.015324 -0.022020 -0.544619 0.838255
1627999023.709676 182.693315 -103.773823 5.933844 -0.014972 -0.021334 -0.544266 0.838508
1627999023.811663 182.752330 -103.886005 5.943322 -0.015658 -0.021588 -0.543815 0.838782
1627999023.910265 182.804169 -103.981946 5.945979 -0.016585 -0.022422 -0.543592 0.838886
1627999024.010584 182.847438 -104.090114 5.948841 -0.015984 -0.022275 -0.543315 0.839081
1627999024.111685 182.883089 -104.201903 5.957512 -0.015700 -0.021941 -0.542959 0.839326
1627999024.211160 182.927612 -104.311499 5.964628 -0.015872 -0.021274 -0.542890 0.839384
1627999024.313732 182.990063 -104.419930 5.970617 -0.015832 -0.020743 -0.542403 0.839713
1627999024.412441 183.040698 -104.532319 5.979625 -0.015918 -0.020833 -0.541886 0.840043
1627999024.512162 183.101524 -104.649391 5.983742 -0.016021 -0.020318 -0.541534 0.840280
1627999024.612361 183.151313 -104.761094 5.991332 -0.016115 -0.020050 -0.541068 0.840585
1627999024.712654 183.212972 -104.868710 5.997607 -0.016487 -0.020807 -0.540672 0.840814
1627999024.812976 183.259544 -104.977738 6.002623 -0.016409 -0.020570 -0.540611 0.840861
1627999024.913253 183.298553 -105.082465 6.008239 -0.016590 -0.019869 -0.540085 0.841212
1627999025.013551 183.350993 -105.180471 6.015019 -0.017143 -0.019701 -0.539888 0.841331
1627999025.113882 183.399953 -105.272541 6.017423 -0.017232 -0.019349 -0.539714 0.841449
1627999025.214180 183.448514 -105.370141 6.019519 -0.016278 -0.019037 -0.539164 0.841828
1627999025.314581 183.486916 -105.467266 6.027395 -0.015816 -0.018383 -0.538761 0.842109
1627999025.414753 183.542195 -105.579586 6.033756 -0.015991 -0.017072 -0.538679 0.842186
1627999025.515035 183.573751 -105.666917 6.040249 -0.016010 -0.016640 -0.538267 0.842458
1627999025.615338 183.623661 -105.760851 6.042290 -0.016173 -0.016970 -0.537781 0.842759
1627999025.715641 183.678064 -105.862211 6.047391 -0.015792 -0.017551 -0.537633 0.842848
1627999025.816071 183.718012 -105.953017 6.053182 -0.015722 -0.017503 -0.537255 0.843092
1627999025.916254 183.751715 -106.039188 6.057223 -0.015969 -0.016904 -0.536948 0.843295
1627999026.016519 183.789910 -106.121000 6.066219 -0.016403 -0.017172 -0.536559 0.843529
1627999026.116818 183.834188 -106.209613 6.066459 -0.016572 -0.017151 -0.536294 0.843694
1627999026.217093 183.868823 -106.283630 6.068457 -0.015711 -0.017053 -0.535762 0.844051
1627999026.317387 183.913836 -106.368337 6.074234 -0.015595 -0.016578 -0.535403 0.844290
1627999026.417679 183.951971 -106.448096 6.076869 -0.015695 -0.015812 -0.534775 0.844701
1627999026.517981 183.982970 -106.523162 6.084258 -0.016042 -0.016240 -0.533954 0.845206
1627999026.618268 184.028628 -106.598749 6.085104 -0.016350 -0.016996 -0.533467 0.845492
1627999026.718561 184.069648 -106.688779 6.088357 -0.016069 -0.017313 -0.532982 0.845797
1627999026.818871 184.111852 -106.769353 6.094740 -0.015898 -0.018027 -0.532390 0.846158
1627999026.919152 184.157047 -106.845925 6.100655 -0.016516 -0.018160 -0.531889 0.846459
1627999027.019438 184.190166 -106.933017 6.105113 -0.017296 -0.018691 -0.531580 0.846625
1627999027.119727 184.223870 -107.012670 6.109195 -0.018207 -0.020235 -0.530786 0.847069
1627999027.220024 184.254652 -107.092736 6.111568 -0.018264 -0.021457 -0.530196 0.847406
1627999027.320319 184.300004 -107.185647 6.117015 -0.017295 -0.022146 -0.529775 0.847673
1627999027.420611 184.341493 -107.273876 6.125419 -0.017129 -0.022494 -0.529301 0.847963
1627999027.520968 184.390762 -107.357561 6.131214 -0.017929 -0.022850 -0.528529 0.848418
1627999027.621194 184.440471 -107.452066 6.135638 -0.018976 -0.022913 -0.527732 0.848890
1627999027.721479 184.492282 -107.547712 6.137109 -0.018681 -0.022620 -0.526813 0.849475
1627999027.821853 184.536674 -107.653240 6.142891 -0.017406 -0.023072 -0.525770 0.850136
1627999027.922068 184.579500 -107.765694 6.152524 -0.016733 -0.023733 -0.524947 0.850639
1627999028.022418 184.629023 -107.865957 6.163107 -0.016896 -0.023724 -0.524136 0.851136
1627999028.124409 184.686743 -107.966698 6.165147 -0.017269 -0.023075 -0.523688 0.851422
1627999028.223384 184.737099 -108.061435 6.172484 -0.017583 -0.022976 -0.522364 0.852232
1627999028.323200 184.789531 -108.152639 6.181465 -0.018592 -0.023255 -0.521713 0.852601
1627999028.423714 184.838435 -108.251378 6.185669 -0.019185 -0.022779 -0.520412 0.853396
1627999028.523791 184.904909 -108.370445 6.186359 -0.018293 -0.022476 -0.519063 0.854245
1627999028.624074 184.965825 -108.495964 6.195394 -0.016735 -0.023248 -0.517759 0.855047
1627999028.724393 185.011700 -108.593679 6.207168 -0.016503 -0.022333 -0.517172 0.855431
1627999028.824849 185.077809 -108.705378 6.211876 -0.017363 -0.020281 -0.516361 0.855955
1627999028.924949 185.155347 -108.826846 6.220618 -0.018473 -0.020828 -0.514930 0.856780
1627999029.025214 185.214032 -108.937539 6.225247 -0.017964 -0.021612 -0.513771 0.857467
1627999029.125510 185.263203 -109.050269 6.229931 -0.015913 -0.021107 -0.512899 0.858042
1627999029.225791 185.320284 -109.166551 6.236543 -0.015024 -0.021244 -0.511704 0.858768
1627999029.326080 185.382897 -109.288721 6.247590 -0.015866 -0.021162 -0.511050 0.859144
1627999029.426380 185.438850 -109.396860 6.252501 -0.016765 -0.019419 -0.510388 0.859561
1627999029.526664 185.495352 -109.499163 6.257872 -0.016602 -0.018895 -0.509795 0.859928
1627999029.626942 185.564454 -109.603944 6.260847 -0.015525 -0.019112 -0.509744 0.859974
1627999029.727218 185.609677 -109.710750 6.268022 -0.014361 -0.018701 -0.510970 0.859275
1627999029.827489 185.662653 -109.837002 6.276836 -0.014344 -0.017787 -0.512678 0.858277
1627999029.927803 185.727788 -109.955014 6.286225 -0.015207 -0.017310 -0.514247 0.857332
1627999030.028069 185.783458 -110.061440 6.287957 -0.015980 -0.017758 -0.515410 0.856611
1627999030.128384 185.855314 -110.156278 6.288351 -0.015355 -0.018484 -0.516164 0.856153
1627999030.228641 185.922874 -110.258837 6.294625 -0.014328 -0.018785 -0.516854 0.855747
1627999030.328939 185.974960 -110.351697 6.304516 -0.014219 -0.018961 -0.517410 0.855409
1627999030.429200 186.018590 -110.451260 6.310661 -0.015311 -0.018678 -0.518326 0.854842
1627999030.529489 186.072760 -110.552877 6.312784 -0.015438 -0.018538 -0.518764 0.854577
1627999030.629789 186.136659 -110.663738 6.316916 -0.014812 -0.019120 -0.519034 0.854411
1627999030.730036 186.193665 -110.784005 6.326337 -0.013813 -0.019159 -0.519422 0.854191
1627999030.830320 186.242934 -110.885468 6.330410 -0.013833 -0.018843 -0.520172 0.853742
1627999030.930602 186.295053 -110.977040 6.336958 -0.015167 -0.019134 -0.520340 0.853610
1627999031.031024 186.344602 -111.073126 6.342007 -0.015972 -0.019049 -0.520790 0.853323
1627999031.131192 186.407684 -111.174538 6.346701 -0.015672 -0.019159 -0.521133 0.853116
1627999031.231688 186.467372 -111.282020 6.349480 -0.015324 -0.020814 -0.521269 0.853001
1627999031.331735 186.510148 -111.381950 6.360007 -0.014975 -0.021330 -0.521676 0.852746
1627999031.432092 186.549795 -111.471814 6.366780 -0.014267 -0.019200 -0.522589 0.852249
1627999031.532288 186.610093 -111.567174 6.366954 -0.014400 -0.017932 -0.523081 0.851973
1627999031.632790 186.673762 -111.673935 6.373595 -0.014832 -0.018168 -0.523183 0.851898
1627999031.732856 186.737892 -111.777373 6.378151 -0.013815 -0.017621 -0.523780 0.851559
1627999031.833207 186.784383 -111.879527 6.379058 -0.013019 -0.018167 -0.523851 0.851517
1627999031.933425 186.820084 -111.977690 6.385584 -0.013544 -0.019662 -0.524141 0.851297
1627999032.033701 186.875270 -112.087832 6.397595 -0.013775 -0.020148 -0.524467 0.851081
1627999032.133971 186.923761 -112.193011 6.398915 -0.014336 -0.019573 -0.524938 0.850794
1627999032.234247 186.983910 -112.288467 6.401566 -0.015029 -0.020639 -0.524934 0.850760
1627999032.335462 187.039119 -112.394331 6.414525 -0.015112 -0.021287 -0.525227 0.850562
1627999032.435130 187.097852 -112.479429 6.417498 -0.013937 -0.020412 -0.525750 0.850280
1627999032.535084 187.135147 -112.572786 6.414856 -0.014087 -0.021193 -0.526163 0.850003
1627999032.635361 187.179939 -112.668804 6.425652 -0.014700 -0.022212 -0.526575 0.849712
1627999032.735758 187.220669 -112.780835 6.437742 -0.014903 -0.020716 -0.527026 0.849466
1627999032.835955 187.261807 -112.893931 6.437447 -0.015189 -0.019912 -0.527350 0.849279
1627999032.936210 187.310822 -112.998144 6.440061 -0.015709 -0.021258 -0.527428 0.849188
1627999033.036478 187.358516 -113.085099 6.453283 -0.014362 -0.021809 -0.528039 0.848819
1627999033.138741 187.407422 -113.172790 6.455237 -0.013976 -0.020963 -0.528552 0.848527
1627999033.237082 187.460720 -113.262060 6.460493 -0.014578 -0.020584 -0.528869 0.848329
1627999033.337389 187.508692 -113.364326 6.469290 -0.014989 -0.020507 -0.529206 0.848113
1627999033.437577 187.570779 -113.486497 6.472433 -0.014536 -0.020159 -0.529776 0.847773
1627999033.537877 187.624214 -113.601129 6.476917 -0.013431 -0.020152 -0.529744 0.847812
1627999033.638130 187.675224 -113.701613 6.484230 -0.013116 -0.019781 -0.530181 0.847552
1627999033.738422 187.721918 -113.798891 6.488989 -0.013490 -0.019411 -0.530593 0.847297
1627999033.838687 187.773762 -113.905018 6.494556 -0.013906 -0.019035 -0.531036 0.847021
1627999033.939026 187.819815 -113.999570 6.498199 -0.013638 -0.019300 -0.531258 0.846880
1627999034.039241 187.872528 -114.108468 6.504356 -0.013127 -0.019553 -0.531440 0.846768
1627999034.139511 187.925132 -114.220752 6.509620 -0.012792 -0.019270 -0.531978 0.846442
1627999034.239810 187.980063 -114.327588 6.513787 -0.012820 -0.019302 -0.532248 0.846271
1627999034.340068 188.030849 -114.426968 6.519044 -0.013161 -0.019087 -0.532562 0.846073
1627999034.440343 188.085139 -114.540589 6.525113 -0.013439 -0.018270 -0.532852 0.845904
1627999034.540607 188.130500 -114.635623 6.524465 -0.013882 -0.018458 -0.533025 0.845784
1627999034.640890 188.172101 -114.718861 6.529734 -0.014021 -0.020491 -0.533382 0.845510
1627999034.741169 188.216646 -114.821968 6.537714 -0.013938 -0.021858 -0.534029 0.845068
1627999034.841430 188.261856 -114.928567 6.547201 -0.014198 -0.021998 -0.534536 0.844740
1627999034.941722 188.319359 -115.029372 6.551162 -0.015506 -0.021835 -0.535029 0.844409
1627999035.041988 188.374485 -115.147292 6.557613 -0.016157 -0.021888 -0.534968 0.844434
1627999035.142281 188.422824 -115.255121 6.564577 -0.014948 -0.022097 -0.535163 0.844327
1627999035.242547 188.480251 -115.364404 6.572169 -0.013920 -0.022457 -0.535716 0.843985
1627999035.342818 188.530096 -115.460884 6.580393 -0.013461 -0.021894 -0.536535 0.843487
1627999035.443079 188.567686 -115.568006 6.582833 -0.013859 -0.021436 -0.536744 0.843359
1627999035.543360 188.617620 -115.663507 6.587043 -0.014150 -0.021651 -0.536794 0.843317
1627999035.643627 188.657288 -115.749324 6.595358 -0.013299 -0.021455 -0.537186 0.843086
1627999035.743892 188.707992 -115.850277 6.599431 -0.012951 -0.020930 -0.537892 0.842654
1627999035.844162 188.753848 -115.940792 6.602982 -0.013344 -0.021093 -0.538003 0.842573
1627999035.944456 188.802894 -116.055624 6.611836 -0.013244 -0.021583 -0.538498 0.842246
1627999036.044703 188.852435 -116.165796 6.615370 -0.012670 -0.021351 -0.538717 0.842121
1627999036.144991 188.903949 -116.283918 6.623329 -0.012325 -0.022038 -0.539091 0.841869
1627999036.245259 188.955958 -116.387130 6.630373 -0.012783 -0.022062 -0.539501 0.841599
1627999036.345533 189.008430 -116.489197 6.634823 -0.013768 -0.021702 -0.539906 0.841333
1627999036.445809 189.060363 -116.589642 6.638308 -0.014282 -0.022273 -0.540167 0.841142
1627999036.546088 189.113721 -116.698293 6.650048 -0.013831 -0.022593 -0.540407 0.840987
1627999036.646339 189.146582 -116.789883 6.655559 -0.012781 -0.021451 -0.540697 0.840847
1627999036.746617 189.197611 -116.877919 6.655028 -0.012753 -0.021334 -0.540871 0.840738
1627999036.846914 189.248916 -116.992857 6.662718 -0.013282 -0.021246 -0.541566 0.840285
1627999036.947176 189.292785 -117.102035 6.669397 -0.013133 -0.020272 -0.542180 0.839915
1627999037.047426 189.352033 -117.209060 6.671239 -0.013351 -0.020157 -0.542546 0.839678
1627999037.147682 189.406029 -117.320593 6.677021 -0.013246 -0.020849 -0.542639 0.839603
1627999037.248459 189.451380 -117.434348 6.686921 -0.012670 -0.020527 -0.543026 0.839369
1627999037.348239 189.485038 -117.544189 6.690360 -0.012423 -0.020392 -0.543418 0.839123
1627999037.448914 189.526361 -117.646051 6.698377 -0.012145 -0.020512 -0.543901 0.838811
1627999037.548779 189.586730 -117.763278 6.703370 -0.011154 -0.019679 -0.544215 0.838641
1627999037.652372 189.634256 -117.874875 6.704213 -0.010929 -0.019809 -0.544437 0.838496
1627999037.749337 189.692056 -117.976176 6.712714 -0.010983 -0.020316 -0.544975 0.838134
1627999037.849590 189.749959 -118.097067 6.722771 -0.010375 -0.018963 -0.545490 0.837839
1627999037.950016 189.799365 -118.214393 6.723815 -0.010179 -0.018394 -0.545671 0.837736
1627999038.050121 189.842911 -118.338828 6.723651 -0.010621 -0.019148 -0.545907 0.837560
1627999038.150411 189.896497 -118.447949 6.732173 -0.010058 -0.019888 -0.546454 0.837192
1627999038.254079 189.953600 -118.567813 6.741084 -0.009148 -0.020039 -0.546839 0.836948
1627999038.350968 189.997741 -118.667864 6.742554 -0.010314 -0.019910 -0.547194 0.836705
1627999038.451205 190.043152 -118.760509 6.746241 -0.011849 -0.020342 -0.547207 0.836666
1627999038.551480 190.102590 -118.868689 6.757185 -0.011854 -0.020644 -0.547321 0.836584
1627999038.651740 190.152687 -118.965604 6.759727 -0.010362 -0.020763 -0.547484 0.836494
1627999038.752001 190.209035 -119.083679 6.759495 -0.009977 -0.021644 -0.547686 0.836344
1627999038.852887 190.249352 -119.207924 6.768495 -0.011021 -0.022121 -0.547853 0.836210
1627999038.952533 190.296961 -119.326898 6.779675 -0.012407 -0.021997 -0.548345 0.835871
1627999039.052803 190.340326 -119.445924 6.786089 -0.013023 -0.021488 -0.548331 0.835884
1627999039.153090 190.387885 -119.554434 6.789489 -0.012857 -0.021706 -0.548523 0.835755
1627999039.253345 190.439163 -119.659874 6.794195 -0.012271 -0.022029 -0.548596 0.835707
1627999039.353625 190.488435 -119.762322 6.804562 -0.012286 -0.021418 -0.548962 0.835483
1627999039.454082 190.535096 -119.866253 6.809513 -0.012688 -0.019728 -0.549325 0.835280
1627999039.554194 190.583502 -119.975902 6.810184 -0.013496 -0.019246 -0.549156 0.835389
1627999039.656294 190.638734 -120.084570 6.814198 -0.012990 -0.020750 -0.549300 0.835266
1627999039.754689 190.688710 -120.173260 6.820773 -0.012528 -0.022086 -0.549978 0.834793
1627999039.855109 190.730759 -120.275864 6.828203 -0.013214 -0.021439 -0.550421 0.834508
1627999039.955216 190.787591 -120.392502 6.832265 -0.014933 -0.021053 -0.550239 0.834608
1627999040.055471 190.829086 -120.520196 6.845802 -0.015234 -0.021834 -0.550038 0.834715
1627999040.155650 190.883110 -120.636979 6.856522 -0.012984 -0.021754 -0.550238 0.834623
1627999040.255797 190.940024 -120.741238 6.856136 -0.011325 -0.021003 -0.550764 0.834320
1627999040.355982 190.994766 -120.842774 6.857710 -0.011753 -0.020135 -0.551256 0.834011
1627999040.456129 191.029515 -120.942819 6.862840 -0.012653 -0.019117 -0.551316 0.833981
1627999040.556300 191.082585 -121.056607 6.866613 -0.012965 -0.019705 -0.551313 0.833965
1627999040.656460 191.125438 -121.176421 6.873046 -0.013087 -0.021413 -0.551336 0.833906
1627999040.756950 191.159435 -121.288615 6.882227 -0.012612 -0.022149 -0.551903 0.833519
1627999040.859340 191.195365 -121.389473 6.884066 -0.013677 -0.022705 -0.551870 0.833509
1627999040.957216 191.247600 -121.490779 6.892792 -0.014143 -0.023928 -0.551620 0.833632
1627999041.056200 191.305279 -121.610449 6.904374 -0.013192 -0.024748 -0.551975 0.833389
1627999041.153623 191.349140 -121.719507 6.907078 -0.012479 -0.025362 -0.552534 0.833011
1627999041.249142 191.390083 -121.828266 6.910568 -0.013573 -0.025640 -0.552541 0.832981
1627999041.349772 191.444002 -121.945083 6.919456 -0.014091 -0.025455 -0.552633 0.832917
1627999041.444468 191.480852 -122.040879 6.928498 -0.013536 -0.025861 -0.552595 0.832939
1627999041.540268 191.520551 -122.150170 6.939362 -0.011449 -0.025633 -0.552674 0.832924
1627999041.636548 191.549833 -122.258395 6.941215 -0.010821 -0.024580 -0.553138 0.832657
1627999041.733408 191.605834 -122.358422 6.946127 -0.011553 -0.023347 -0.553348 0.832543
1627999041.830274 191.657131 -122.473155 6.954105 -0.011814 -0.021806 -0.552994 0.832816
1627999041.927128 191.704508 -122.581965 6.957196 -0.012815 -0.024817 -0.552316 0.833167
1627999042.024078 191.759096 -122.694551 6.964441 -0.011933 -0.027804 -0.553248 0.832467
1627999042.121350 191.803528 -122.797722 6.973300 -0.010485 -0.026012 -0.552875 0.832792
1627999042.218638 191.849792 -122.911988 6.978152 -0.010867 -0.023407 -0.552313 0.833237
1627999042.315897 191.879913 -123.040700 7.005380 -0.009754 -0.021118 -0.550822 0.834299
1627999042.413179 191.922570 -123.150031 7.009110 -0.005556 -0.016562 -0.549528 0.835293
1627999042.510461 191.978329 -123.261261 6.981239 -0.004564 -0.016461 -0.548786 0.835788
1627999042.607719 192.021280 -123.377293 6.985379 -0.006119 -0.019665 -0.547936 0.836266
1627999042.704988 192.089245 -123.499502 7.001810 -0.007897 -0.020061 -0.546994 0.836859
1627999042.802264 192.140444 -123.618501 7.005345 -0.009288 -0.020455 -0.545458 0.837837
1627999042.900324 192.174285 -123.734680 7.023333 -0.009345 -0.021487 -0.544220 0.838615
1627999042.996808 192.230605 -123.838265 7.029696 -0.008521 -0.019904 -0.543337 0.839235
1627999043.094420 192.298645 -123.943681 7.024446 -0.008747 -0.018503 -0.542070 0.840084
1627999043.192056 192.341212 -124.051308 7.028338 -0.009783 -0.018840 -0.540712 0.840940
1627999043.289664 192.392376 -124.169144 7.033877 -0.009919 -0.018878 -0.539178 0.841922
1627999043.387295 192.439221 -124.290105 7.038569 -0.009579 -0.019476 -0.537927 0.842712
1627999043.484928 192.505516 -124.408609 7.044960 -0.009883 -0.019809 -0.536736 0.843460
1627999043.584271 192.563774 -124.519458 7.048299 -0.010247 -0.019972 -0.535095 0.844494
1627999043.680189 192.611436 -124.629443 7.054651 -0.011424 -0.021243 -0.533890 0.845210
1627999043.777843 192.669043 -124.740281 7.065127 -0.012004 -0.021613 -0.533140 0.845666
1627999043.875449 192.727429 -124.853309 7.068252 -0.012344 -0.020676 -0.531518 0.846704
1627999043.973085 192.777810 -124.956096 7.072300 -0.013440 -0.021321 -0.529962 0.847647
1627999044.070929 192.834408 -125.058609 7.086920 -0.013758 -0.021452 -0.528585 0.848498
1627999044.168892 192.886159 -125.177420 7.090798 -0.012285 -0.020127 -0.527197 0.849416
1627999044.266829 192.938437 -125.296555 7.086893 -0.012438 -0.020900 -0.526203 0.850011
1627999044.364791 192.986596 -125.404161 7.094953 -0.013969 -0.022315 -0.525422 0.850435
1627999044.462778 193.045801 -125.502308 7.111591 -0.014563 -0.021257 -0.524060 0.851292
1627999044.560667 193.101768 -125.611572 7.111881 -0.014770 -0.020425 -0.523221 0.851824
1627999044.658622 193.159452 -125.707957 7.112108 -0.014657 -0.021929 -0.522482 0.852243
1627999044.756560 193.209325 -125.809181 7.126174 -0.013643 -0.023019 -0.522689 0.852103
1627999044.854500 193.263420 -125.917848 7.132367 -0.013459 -0.022290 -0.523008 0.851930
1627999044.952461 193.317431 -126.028817 7.134802 -0.014077 -0.022074 -0.522790 0.852059
1627999045.050516 193.377131 -126.135460 7.144256 -0.014043 -0.022461 -0.522728 0.852088
1627999045.148763 193.433047 -126.237907 7.151699 -0.012736 -0.021589 -0.522674 0.852164
1627999045.246970 193.488863 -126.348572 7.157402 -0.011581 -0.020661 -0.522531 0.852291
1627999045.345183 193.546965 -126.462588 7.158031 -0.012381 -0.020712 -0.522641 0.852211
1627999045.443425 193.605829 -126.579671 7.165009 -0.013029 -0.020850 -0.522464 0.852307
1627999045.541668 193.652401 -126.679291 7.172562 -0.013070 -0.021060 -0.521976 0.852600
1627999045.639845 193.705055 -126.778574 7.178596 -0.013104 -0.022234 -0.521690 0.852745
1627999045.738073 193.765273 -126.883203 7.185105 -0.013285 -0.022552 -0.521857 0.852631
1627999045.836320 193.824238 -126.987832 7.188272 -0.013282 -0.021692 -0.521338 0.852971
1627999045.934511 193.879451 -127.103838 7.191281 -0.014489 -0.022420 -0.520696 0.853325
1627999046.032814 193.938466 -127.208866 7.202945 -0.015449 -0.023634 -0.520530 0.853377
1627999046.131274 193.991631 -127.307076 7.212255 -0.015051 -0.023310 -0.520753 0.853257
1627999046.229728 194.053725 -127.406905 7.212119 -0.015695 -0.023920 -0.521536 0.852749
1627999046.328198 194.105493 -127.518708 7.224070 -0.016512 -0.024589 -0.523162 0.851719
1627999046.426664 194.167730 -127.612788 7.237861 -0.015738 -0.023057 -0.524616 0.850881
1627999046.621819 194.261033 -127.807869 7.245191 -0.014804 -0.021297 -0.527019 0.849457
1627999046.623573 194.260902 -127.809078 7.243430 -0.014884 -0.021269 -0.527044 0.849441
1627999046.722853 194.323343 -127.933836 7.247534 -0.014190 -0.020909 -0.528667 0.848453
1627999046.820495 194.381891 -128.056082 7.248157 -0.016567 -0.021545 -0.529478 0.847888
1627999046.919046 194.450486 -128.180608 7.264021 -0.017485 -0.022946 -0.530337 0.847296
1627999047.017466 194.503435 -128.287561 7.270412 -0.016265 -0.022931 -0.530745 0.847065
1627999047.116132 194.571558 -128.391036 7.270193 -0.015668 -0.024475 -0.531416 0.846612
1627999047.214799 194.630606 -128.493943 7.285914 -0.015642 -0.023922 -0.532714 0.845813
1627999047.315984 194.684503 -128.598254 7.292301 -0.014678 -0.020682 -0.532986 0.845744
1627999047.412148 194.737073 -128.699100 7.289528 -0.015307 -0.021205 -0.533158 0.845612
1627999047.510820 194.791893 -128.806799 7.300312 -0.015510 -0.023140 -0.533773 0.845169
1627999047.609507 194.828345 -128.923013 7.308606 -0.014430 -0.022568 -0.534370 0.844826
1627999047.708693 194.868231 -129.036827 7.311697 -0.014469 -0.022502 -0.534737 0.844595
1627999047.806839 194.916226 -129.131549 7.320345 -0.015143 -0.023797 -0.535156 0.844282
1627999047.905520 194.964395 -129.239685 7.327890 -0.015089 -0.024059 -0.535623 0.843979
1627999048.004198 195.021783 -129.352585 7.331203 -0.015391 -0.024356 -0.536234 0.843577
1627999048.103056 195.067968 -129.453665 7.340043 -0.015565 -0.024393 -0.536552 0.843371
1627999048.202147 195.106353 -129.545093 7.351128 -0.014692 -0.023285 -0.536886 0.843206
1627999048.300756 195.143668 -129.644436 7.357210 -0.013259 -0.022603 -0.537214 0.843039
1627999048.400070 195.197481 -129.733021 7.362774 -0.011211 -0.022274 -0.537950 0.842608
1627999048.498495 195.257429 -129.824416 7.364957 -0.009583 -0.021078 -0.538520 0.842295
1627999048.597324 195.299155 -129.922010 7.366607 -0.008971 -0.019793 -0.539281 0.841845
1627999048.696198 195.331450 -130.005073 7.367718 -0.009791 -0.019068 -0.539364 0.841800
1627999048.795035 195.367456 -130.100042 7.374766 -0.010814 -0.019906 -0.539485 0.841690
1627999048.893924 195.413509 -130.193284 7.381661 -0.011085 -0.021185 -0.539875 0.841406
1627999048.992767 195.464496 -130.273615 7.385454 -0.010699 -0.021963 -0.540426 0.841037
1627999049.091764 195.495614 -130.361955 7.389824 -0.010600 -0.022776 -0.540685 0.840850
1627999049.190768 195.536771 -130.451654 7.392329 -0.011351 -0.023876 -0.541474 0.840302
1627999049.289794 195.582281 -130.550210 7.400619 -0.012475 -0.024127 -0.541878 0.840018
1627999049.388855 195.623851 -130.635615 7.409227 -0.012706 -0.023565 -0.542347 0.839728
1627999049.487833 195.673380 -130.741539 7.414717 -0.013050 -0.022808 -0.542624 0.839565
1627999049.587725 195.710284 -130.847885 7.422041 -0.012911 -0.022468 -0.543108 0.839263
1627999049.685913 195.753480 -130.940751 7.427749 -0.012895 -0.022106 -0.543771 0.838843
1627999049.784889 195.801917 -131.042646 7.431585 -0.013179 -0.021532 -0.543970 0.838725
1627999049.883943 195.852203 -131.139016 7.436226 -0.013175 -0.021497 -0.544367 0.838468
1627999049.982927 195.904236 -131.238124 7.443902 -0.012731 -0.021631 -0.544615 0.838310
1627999050.082057 195.949790 -131.342539 7.446029 -0.012953 -0.021855 -0.545015 0.838041
1627999050.181253 195.997216 -131.446763 7.450073 -0.013796 -0.022553 -0.545838 0.837474
1627999050.280366 196.043760 -131.541848 7.457782 -0.014536 -0.022631 -0.546097 0.837290
1627999050.379605 196.082551 -131.644205 7.464450 -0.015186 -0.022080 -0.546423 0.837081
1627999050.478678 196.126679 -131.757378 7.471343 -0.015275 -0.022568 -0.546716 0.836874
1627999050.577833 196.178401 -131.865145 7.478659 -0.015023 -0.023048 -0.547504 0.836351
1627999050.677107 196.234565 -131.966145 7.482466 -0.014512 -0.021984 -0.547850 0.836162
1627999050.776186 196.270059 -132.072523 7.492238 -0.014047 -0.021016 -0.548062 0.836056
1627999050.875327 196.312252 -132.174462 7.495503 -0.014530 -0.020832 -0.548671 0.835652
1627999050.976318 196.358238 -132.283565 7.502461 -0.014700 -0.021277 -0.548898 0.835489
1627999051.073759 196.406166 -132.386172 7.503796 -0.014364 -0.021326 -0.549192 0.835301
1627999051.173005 196.458096 -132.489079 7.507772 -0.014283 -0.021578 -0.549745 0.834931
1627999051.272297 196.498032 -132.592501 7.515810 -0.014640 -0.021875 -0.549916 0.834805
1627999051.372283 196.537799 -132.699466 7.522833 -0.014830 -0.022464 -0.550405 0.834464
1627999051.470891 196.582651 -132.798789 7.531775 -0.014398 -0.022847 -0.550809 0.834194
1627999051.572318 196.631170 -132.893141 7.533828 -0.014788 -0.022871 -0.551193 0.833933
1627999051.669632 196.683545 -133.003586 7.541361 -0.015249 -0.022496 -0.551993 0.833406
1627999051.768953 196.725136 -133.091224 7.548984 -0.015497 -0.022848 -0.552227 0.833236
1627999051.868013 196.763125 -133.183295 7.554946 -0.015127 -0.023209 -0.552491 0.833059
1627999051.967359 196.810367 -133.272893 7.556939 -0.014910 -0.023259 -0.552923 0.832774
1627999052.066616 196.849344 -133.371105 7.560075 -0.015820 -0.023073 -0.553477 0.832395
1627999052.166022 196.894673 -133.471727 7.568393 -0.016609 -0.022504 -0.553975 0.832063
1627999052.265409 196.939270 -133.570872 7.578456 -0.016399 -0.022452 -0.554262 0.831877
1627999052.365022 196.979426 -133.660886 7.587847 -0.015582 -0.022797 -0.554515 0.831715
1627999052.464179 197.023195 -133.757836 7.586326 -0.015269 -0.021850 -0.555033 0.831401
1627999052.563568 197.064126 -133.862776 7.593748 -0.014687 -0.020127 -0.555391 0.831216
1627999052.662963 197.111934 -133.964187 7.600859 -0.014422 -0.019497 -0.555810 0.830956
1627999052.762355 197.141024 -134.059793 7.605105 -0.014563 -0.019585 -0.556045 0.830794
1627999052.861764 197.188966 -134.156210 7.609677 -0.013653 -0.019874 -0.556418 0.830552
1627999052.961144 197.237551 -134.264877 7.609259 -0.013701 -0.019786 -0.557005 0.830160
1627999053.060600 197.271885 -134.371218 7.615726 -0.014091 -0.019448 -0.557393 0.829901
1627999053.160323 197.312278 -134.468821 7.623482 -0.014622 -0.019881 -0.557351 0.829910
1627999053.259546 197.345372 -134.548560 7.629536 -0.014548 -0.019862 -0.557691 0.829683
1627999053.359055 197.386293 -134.632951 7.633422 -0.013514 -0.019793 -0.558115 0.829418
1627999053.458548 197.421508 -134.725517 7.637878 -0.012903 -0.019747 -0.558488 0.829177
1627999053.558007 197.461211 -134.828573 7.643363 -0.012881 -0.019382 -0.558976 0.828857
1627999053.657727 197.501421 -134.922353 7.650177 -0.013326 -0.019779 -0.559151 0.828723
1627999053.756976 197.537094 -135.012229 7.654371 -0.013743 -0.020167 -0.559134 0.828718
1627999053.856460 197.574083 -135.106231 7.660670 -0.013944 -0.021000 -0.559674 0.828329
1627999053.956034 197.612935 -135.183881 7.664410 -0.014531 -0.022092 -0.560005 0.828067
1627999054.055501 197.654568 -135.285812 7.672857 -0.014791 -0.022844 -0.560322 0.827828
1627999054.155060 197.684372 -135.378392 7.675552 -0.015252 -0.023750 -0.560636 0.827581
1627999054.254672 197.717755 -135.461810 7.678826 -0.015718 -0.024268 -0.560997 0.827313
1627999054.354194 197.754315 -135.545470 7.682767 -0.016207 -0.024450 -0.561441 0.826997
1627999054.453766 197.789279 -135.635872 7.689731 -0.016582 -0.023924 -0.561628 0.826878
1627999054.553313 197.828081 -135.738227 7.697017 -0.016461 -0.024002 -0.561755 0.826792
1627999054.652918 197.868163 -135.850305 7.701387 -0.016400 -0.024424 -0.562114 0.826537
1627999054.752452 197.904034 -135.940556 7.708218 -0.016223 -0.024245 -0.562434 0.826328
1627999054.852328 197.940746 -136.019761 7.711391 -0.016366 -0.023640 -0.562719 0.826148
1627999054.951604 197.979299 -136.118853 7.717689 -0.016537 -0.022785 -0.563396 0.825707
1627999055.051201 198.020477 -136.221802 7.726141 -0.016139 -0.022564 -0.563480 0.825664
1627999055.150837 198.059049 -136.317050 7.729691 -0.015767 -0.022982 -0.563879 0.825387
1627999055.250487 198.108222 -136.423264 7.734108 -0.015573 -0.022741 -0.563959 0.825343
1627999055.350149 198.146437 -136.530630 7.744988 -0.015746 -0.022400 -0.564089 0.825260
1627999055.449766 198.191670 -136.642235 7.753883 -0.016232 -0.022793 -0.564274 0.825113
1627999055.549388 198.237563 -136.759618 7.759688 -0.016550 -0.023581 -0.564396 0.825001
1627999055.649050 198.284070 -136.876859 7.762602 -0.016526 -0.023445 -0.564369 0.825024
1627999055.748688 198.332703 -137.007381 7.772257 -0.015876 -0.022856 -0.564712 0.824819
1627999055.848337 198.382025 -137.118868 7.779421 -0.015767 -0.022992 -0.564582 0.824906
1627999055.947955 198.418050 -137.229477 7.783202 -0.016191 -0.022611 -0.565030 0.824601
1627999056.047655 198.463707 -137.344368 7.790051 -0.015975 -0.021699 -0.565441 0.824349
1627999056.147519 198.514186 -137.479095 7.799293 -0.014986 -0.021569 -0.565336 0.824442
1627999056.247027 198.569637 -137.611742 7.805370 -0.014274 -0.022079 -0.565750 0.824158
1627999056.346731 198.634407 -137.754947 7.812296 -0.013859 -0.022012 -0.566324 0.823772
1627999056.446443 198.696166 -137.881728 7.818438 -0.014267 -0.021431 -0.566557 0.823621
1627999056.546139 198.745003 -138.010132 7.828482 -0.014872 -0.021213 -0.566911 0.823372
1627999056.645861 198.782408 -138.134983 7.837109 -0.014532 -0.022295 -0.567454 0.822975
1627999056.745553 198.823945 -138.257352 7.840819 -0.013319 -0.023119 -0.568053 0.822559
1627999056.845293 198.877703 -138.393375 7.845697 -0.012950 -0.022494 -0.568888 0.822005
1627999056.944998 198.927269 -138.522712 7.855121 -0.014091 -0.022467 -0.569325 0.821685
1627999057.044772 198.972061 -138.656261 7.862744 -0.015052 -0.022614 -0.569922 0.821250
1627999057.148296 199.008220 -138.779979 7.870971 -0.014494 -0.022255 -0.570447 0.820905
1627999057.244277 199.057116 -138.889059 7.877485 -0.014125 -0.022711 -0.570866 0.820608
1627999057.343968 199.112459 -139.012332 7.883174 -0.014553 -0.022964 -0.571423 0.820205
1627999057.443740 199.172599 -139.148189 7.889814 -0.014268 -0.022349 -0.572077 0.819771
1627999057.543499 199.222106 -139.284170 7.900565 -0.013896 -0.021477 -0.572911 0.819218
1627999057.643391 199.274222 -139.415399 7.907331 -0.014616 -0.021190 -0.573181 0.819024
1627999057.743007 199.310833 -139.538210 7.911686 -0.014909 -0.020937 -0.573520 0.818788
1627999057.842767 199.348090 -139.645183 7.915154 -0.014201 -0.020380 -0.573974 0.818496
1627999057.942528 199.395305 -139.775541 7.926008 -0.014054 -0.020531 -0.574512 0.818118
1627999058.042806 199.445884 -139.897023 7.931103 -0.014447 -0.020637 -0.574965 0.817790
1627999058.142101 199.494605 -140.018567 7.940130 -0.014147 -0.020310 -0.575422 0.817482
1627999058.241914 199.543464 -140.138104 7.949289 -0.014629 -0.021009 -0.575916 0.817108
1627999058.341736 199.594412 -140.259524 7.952405 -0.015675 -0.021930 -0.576489 0.816660
1627999058.441537 199.632813 -140.384604 7.958283 -0.015628 -0.021966 -0.576658 0.816541
1627999058.541334 199.661287 -140.513879 7.970270 -0.015513 -0.023106 -0.577107 0.816194
1627999058.641157 199.703789 -140.638115 7.971287 -0.015849 -0.023148 -0.577919 0.815612
1627999058.740990 199.765316 -140.765471 7.978462 -0.015681 -0.022328 -0.577845 0.815690
1627999058.841086 199.818174 -140.885642 7.990979 -0.015780 -0.023051 -0.577993 0.815563
1627999058.940582 199.848760 -141.006857 7.994065 -0.015057 -0.023562 -0.578565 0.815157
1627999059.040431 199.899096 -141.126738 8.001048 -0.015058 -0.023119 -0.578916 0.814920
1627999059.140256 199.941509 -141.247958 8.014213 -0.016157 -0.023538 -0.578752 0.815004
1627999059.240095 199.988276 -141.385059 8.017024 -0.016698 -0.024277 -0.579136 0.814698
1627999059.339935 200.032327 -141.509679 8.023239 -0.015570 -0.024557 -0.579766 0.814264
1627999059.439789 200.083374 -141.624335 8.029820 -0.015521 -0.024986 -0.580227 0.813923
1627999059.539641 200.129423 -141.757064 8.032709 -0.015988 -0.023915 -0.580887 0.813476
1627999059.641655 200.165840 -141.881658 8.043312 -0.015899 -0.023064 -0.581052 0.813384
1627999059.739345 200.201120 -141.998498 8.052411 -0.015384 -0.022769 -0.581473 0.813102
1627999059.839184 200.243796 -142.122689 8.064133 -0.015322 -0.023512 -0.581781 0.812861
1627999059.939032 200.297248 -142.260195 8.071220 -0.015923 -0.024007 -0.582440 0.812363
1627999060.038897 200.347467 -142.392392 8.073404 -0.016269 -0.022980 -0.583007 0.811979
1627999060.138800 200.393347 -142.520746 8.085458 -0.016720 -0.022475 -0.583871 0.811363
1627999060.238669 200.424017 -142.642815 8.093300 -0.016868 -0.023275 -0.585423 0.810218
1627999060.338552 200.464002 -142.771740 8.093554 -0.017047 -0.022936 -0.587289 0.808872
1627999060.438444 200.512323 -142.892619 8.106005 -0.017800 -0.021955 -0.588793 0.807790
1627999060.538329 200.552323 -143.014468 8.111320 -0.018333 -0.021584 -0.590346 0.806653
1627999060.638217 200.594088 -143.144058 8.118494 -0.017338 -0.021374 -0.591674 0.805707
1627999060.738102 200.646476 -143.264489 8.128545 -0.016422 -0.021284 -0.593308 0.804527
1627999060.837991 200.691922 -143.386755 8.136521 -0.016963 -0.020802 -0.595139 0.803175
1627999060.937879 200.727484 -143.517083 8.143704 -0.017445 -0.020627 -0.596564 0.802111
1627999061.037779 200.762127 -143.645289 8.152285 -0.017187 -0.020565 -0.597857 0.801155
1627999061.137721 200.800329 -143.780194 8.154799 -0.017030 -0.020439 -0.599711 0.799775
1627999061.237673 200.833138 -143.906629 8.166141 -0.017104 -0.020537 -0.601907 0.798119
1627999061.337539 200.869085 -144.024307 8.171432 -0.017227 -0.021247 -0.604576 0.796077
1627999061.437506 200.910199 -144.159468 8.173404 -0.017035 -0.021524 -0.607483 0.793858
1627999061.537375 200.946776 -144.300376 8.181055 -0.017162 -0.020788 -0.610454 0.791593
1627999061.637340 200.977580 -144.444710 8.196643 -0.017592 -0.021149 -0.613391 0.789300
1627999061.737282 201.009920 -144.572357 8.203382 -0.017216 -0.021862 -0.616585 0.786796
1627999061.837135 201.047457 -144.700203 8.204386 -0.016744 -0.021668 -0.620329 0.783864
1627999061.937054 201.074912 -144.818728 8.216372 -0.017098 -0.022026 -0.624270 0.780711
1627999062.036988 201.105765 -144.951525 8.222162 -0.018027 -0.022517 -0.628874 0.776972
1627999062.136930 201.135310 -145.086777 8.226558 -0.018307 -0.022068 -0.634445 0.772436
1627999062.236880 201.157314 -145.211354 8.239950 -0.018346 -0.021995 -0.640736 0.767227
1627999062.336846 201.180340 -145.355395 8.249425 -0.019016 -0.022913 -0.647180 0.761755
1627999062.436802 201.202142 -145.481737 8.252797 -0.018971 -0.023033 -0.653450 0.756381
1627999062.536749 201.207171 -145.605837 8.259402 -0.018543 -0.022506 -0.659671 0.750988
1627999062.636676 201.229712 -145.747658 8.264891 -0.018933 -0.021841 -0.666390 0.745042
1627999062.736642 201.252237 -145.876934 8.261553 -0.018961 -0.018671 -0.672436 0.739676
1627999062.836597 201.290216 -146.022220 8.271707 -0.018620 -0.015043 -0.678647 0.734074
1627999062.936532 201.322221 -146.150699 8.293890 -0.018620 -0.014831 -0.683895 0.729192
1627999063.036484 201.334048 -146.294186 8.298699 -0.018548 -0.016316 -0.689183 0.724166
1627999063.136486 201.333470 -146.429769 8.309282 -0.020876 -0.017614 -0.693347 0.720086
1627999063.236481 201.350210 -146.555516 8.313982 -0.024525 -0.018992 -0.697583 0.715833
1627999063.336398 201.378149 -146.681860 8.313040 -0.026168 -0.017887 -0.700556 0.712893
1627999063.436380 201.392722 -146.803026 8.339383 -0.027830 -0.018887 -0.702741 0.710650
1627999063.536335 201.396440 -146.933067 8.352412 -0.028490 -0.024004 -0.703398 0.709820
1627999063.636334 201.386750 -147.035569 8.341944 -0.026301 -0.027383 -0.703070 0.710107
1627999063.736295 201.390614 -147.148588 8.347482 -0.024664 -0.027310 -0.702621 0.710612
1627999063.836285 201.408654 -147.284455 8.349684 -0.025471 -0.025442 -0.700376 0.712866
1627999063.936230 201.428804 -147.417520 8.354483 -0.022284 -0.021820 -0.696650 0.716733
1627999064.036250 201.433488 -147.558343 8.376112 -0.017792 -0.021449 -0.692511 0.720869
1627999064.136216 201.427765 -147.681020 8.389877 -0.015756 -0.023985 -0.687630 0.725494
1627999064.236218 201.446090 -147.791448 8.391768 -0.015238 -0.025739 -0.682200 0.730554
1627999064.336218 201.450694 -147.937492 8.396739 -0.015909 -0.025100 -0.676367 0.735965
1627999064.436229 201.466728 -148.070814 8.405837 -0.017501 -0.024263 -0.670436 0.741364
1627999064.536196 201.487616 -148.195520 8.411004 -0.018207 -0.023596 -0.663861 0.747262
1627999064.636402 201.484257 -148.344251 8.423907 -0.017488 -0.023995 -0.656895 0.753397
1627999064.736194 201.492203 -148.477074 8.429854 -0.016808 -0.024613 -0.650641 0.758800
1627999064.836224 201.513644 -148.598974 8.438432 -0.017266 -0.023971 -0.644475 0.764054
1627999064.936166 201.547979 -148.736684 8.449595 -0.018742 -0.024250 -0.638425 0.769073
1627999065.036298 201.572917 -148.877852 8.452337 -0.018884 -0.025110 -0.634406 0.772361
1627999065.136211 201.578231 -149.023563 8.462930 -0.018781 -0.024238 -0.633558 0.773087
1627999065.236203 201.595385 -149.166361 8.474074 -0.020820 -0.023777 -0.634780 0.772046
1627999065.337030 201.614017 -149.297912 8.475837 -0.022157 -0.023667 -0.636762 0.770379
1627999065.436409 201.624729 -149.432430 8.483881 -0.020523 -0.022660 -0.639853 0.767889
1627999065.536239 201.658182 -149.557779 8.495938 -0.019776 -0.022754 -0.643022 0.765254
1627999065.636307 201.686469 -149.692584 8.500139 -0.019759 -0.022995 -0.646987 0.761898
1627999065.736310 201.711315 -149.830055 8.506979 -0.019581 -0.021848 -0.650340 0.759076
1627999065.840143 201.725281 -149.962210 8.517360 -0.019574 -0.021258 -0.652605 0.757147
1627999065.936302 201.747670 -150.091101 8.525612 -0.018979 -0.021430 -0.654532 0.755492
1627999066.036305 201.791659 -150.210733 8.529311 -0.018307 -0.021813 -0.654768 0.755293
1627999066.136434 201.830822 -150.336841 8.536638 -0.017474 -0.021862 -0.653448 0.756453
1627999066.236452 201.866355 -150.475468 8.548702 -0.018214 -0.021901 -0.650409 0.759050
1627999066.336402 201.896124 -150.596949 8.553692 -0.019210 -0.022641 -0.645248 0.763396
1627999066.436518 201.927048 -150.743963 8.555027 -0.018387 -0.022321 -0.639412 0.768320
1627999066.538209 201.961269 -150.875217 8.565750 -0.017955 -0.021724 -0.631832 0.774593
1627999066.636523 201.990422 -151.010178 8.578453 -0.018180 -0.021764 -0.622520 0.782090
1627999066.736528 202.017291 -151.132883 8.583241 -0.018007 -0.021962 -0.612473 0.789981
1627999066.836651 202.052157 -151.253036 8.590877 -0.017931 -0.022266 -0.602122 0.797892
1627999066.936855 202.093672 -151.380417 8.599041 -0.018856 -0.022777 -0.590905 0.806199
1627999067.037787 202.132720 -151.502663 8.604059 -0.019860 -0.023328 -0.578822 0.814878
1627999067.136667 202.170140 -151.639513 8.611966 -0.019375 -0.023543 -0.568014 0.822454
1627999067.236744 202.202644 -151.772921 8.620954 -0.018972 -0.023064 -0.559394 0.828364
1627999067.336771 202.236251 -151.908346 8.629518 -0.019458 -0.022807 -0.553267 0.832464
1627999067.436817 202.251082 -152.039772 8.639713 -0.020046 -0.022723 -0.553192 0.832503
1627999067.536844 202.283591 -152.184150 8.651002 -0.020787 -0.023065 -0.556334 0.830379
1627999067.636906 202.333404 -152.305295 8.658359 -0.021280 -0.023617 -0.560822 0.827326
1627999067.736936 202.371493 -152.408625 8.663797 -0.021463 -0.024272 -0.567355 0.822835
1627999067.836977 202.411190 -152.529423 8.668560 -0.020689 -0.024668 -0.575437 0.817212
1627999067.940251 202.451737 -152.660519 8.679323 -0.020357 -0.024908 -0.584519 0.810742
1627999068.037113 202.499081 -152.777490 8.684304 -0.019797 -0.024437 -0.593010 0.804580
1627999068.137131 202.538550 -152.881221 8.691395 -0.019142 -0.023741 -0.600109 0.799337
1627999068.237202 202.585489 -152.991076 8.698032 -0.018475 -0.024300 -0.605783 0.795044
1627999068.337260 202.631401 -153.107691 8.704408 -0.017194 -0.025073 -0.609683 0.792062
1627999068.437415 202.678581 -153.223824 8.713660 -0.016479 -0.024558 -0.610308 0.791612
1627999068.537367 202.715752 -153.343721 8.724806 -0.016963 -0.025273 -0.610121 0.791724
1627999068.637420 202.749013 -153.461050 8.726735 -0.017188 -0.025575 -0.609279 0.792357
1627999068.737472 202.781500 -153.573143 8.734700 -0.016043 -0.025204 -0.608737 0.792809
1627999068.837533 202.807279 -153.682134 8.745453 -0.015957 -0.025767 -0.607746 0.793553
1627999068.937611 202.848948 -153.795230 8.747496 -0.015449 -0.025874 -0.606754 0.794318
1627999069.037662 202.889745 -153.915365 8.756546 -0.014624 -0.025920 -0.605180 0.795532
1627999069.137768 202.923439 -154.031840 8.767382 -0.015500 -0.026163 -0.603876 0.796498
1627999069.238879 202.960763 -154.146443 8.770103 -0.016290 -0.025718 -0.602247 0.797729
1627999069.337978 202.988001 -154.263784 8.778374 -0.016110 -0.025204 -0.600451 0.799102
1627999069.437942 203.020349 -154.376882 8.785745 -0.015426 -0.026145 -0.597945 0.800962
1627999069.537992 203.057685 -154.488413 8.789900 -0.014567 -0.026992 -0.596381 0.802115
1627999069.638064 203.091014 -154.589811 8.796735 -0.014525 -0.025594 -0.594773 0.803355
1627999069.738137 203.121133 -154.687001 8.807834 -0.015403 -0.024750 -0.593162 0.804555
1627999069.838204 203.148871 -154.786404 8.811588 -0.016086 -0.025189 -0.591136 0.806018
1627999069.938280 203.184331 -154.896216 8.814881 -0.015550 -0.025407 -0.589580 0.807161
1627999070.038342 203.219362 -155.000881 8.824576 -0.015505 -0.025564 -0.587958 0.808339
1627999070.138430 203.245914 -155.117580 8.834786 -0.016427 -0.025966 -0.586493 0.809371
1627999070.238529 203.284052 -155.221015 8.840633 -0.017501 -0.026536 -0.584896 0.810485
1627999070.338603 203.313881 -155.318930 8.846472 -0.017725 -0.026645 -0.583231 0.811676
1627999070.438668 203.357381 -155.412357 8.849489 -0.017806 -0.026599 -0.582366 0.812296
1627999070.544101 203.395700 -155.528574 8.856980 -0.017985 -0.026504 -0.581661 0.812801
1627999070.638826 203.425148 -155.630656 8.865309 -0.018528 -0.026691 -0.581347 0.813007
1627999070.738902 203.449348 -155.728263 8.868671 -0.018740 -0.026359 -0.582588 0.812124
1627999070.838974 203.478901 -155.838651 8.878235 -0.018941 -0.025739 -0.584942 0.810445
1627999070.939050 203.519933 -155.952480 8.885713 -0.019266 -0.025323 -0.588354 0.807977
1627999071.039143 203.552669 -156.072207 8.891202 -0.019233 -0.024961 -0.592210 0.805167
1627999071.139293 203.590974 -156.185311 8.898355 -0.018673 -0.025011 -0.596649 0.801895
1627999071.239330 203.635955 -156.281827 8.905928 -0.018374 -0.025393 -0.600833 0.798760
1627999071.339416 203.664695 -156.381992 8.914526 -0.018688 -0.025138 -0.604529 0.795967
1627999071.439486 203.695568 -156.490341 8.922613 -0.019224 -0.025066 -0.607558 0.793647
1627999071.539591 203.725878 -156.604838 8.927287 -0.019599 -0.025566 -0.610324 0.791496
1627999071.639654 203.757450 -156.708929 8.934258 -0.018900 -0.026148 -0.613165 0.789296
1627999071.739773 203.784415 -156.827841 8.939841 -0.018477 -0.026256 -0.615683 0.787339
1627999071.842540 203.814798 -156.941058 8.947211 -0.018453 -0.026035 -0.618122 0.785434
1627999071.939920 203.843561 -157.033409 8.956557 -0.019016 -0.026753 -0.620676 0.783379
1627999072.040043 203.860504 -157.144153 8.964465 -0.019517 -0.027848 -0.623050 0.781442
1627999072.140114 203.884493 -157.260721 8.968569 -0.019192 -0.027569 -0.625595 0.779425
1627999072.240202 203.915220 -157.370512 8.978381 -0.019043 -0.026920 -0.627668 0.777782
1627999072.340301 203.943701 -157.471283 8.985093 -0.019731 -0.027953 -0.629918 0.775908
1627999072.440391 203.968333 -157.571813 8.983458 -0.018947 -0.028261 -0.631947 0.774264
1627999072.540483 203.995346 -157.681623 8.993178 -0.017114 -0.027739 -0.634475 0.772256
1627999072.640616 204.024403 -157.803424 9.009092 -0.017372 -0.027900 -0.636776 0.770348
1627999072.740680 204.045793 -157.906320 9.013531 -0.018045 -0.027549 -0.638529 0.768893
1627999072.840947 204.070343 -158.018158 9.019180 -0.017905 -0.027063 -0.639762 0.767888
1627999072.941070 204.102582 -158.127274 9.024329 -0.017429 -0.027616 -0.640249 0.767473
1627999073.043103 204.114312 -158.237030 9.031437 -0.016917 -0.027611 -0.639738 0.767911
1627999073.144595 204.132621 -158.336745 9.037194 -0.016495 -0.026980 -0.638369 0.769081
1627999073.247097 204.155926 -158.430982 9.046847 -0.016918 -0.027726 -0.636684 0.770440
1627999073.349564 204.183603 -158.531367 9.049266 -0.016577 -0.027518 -0.634179 0.772518
1627999073.452036 204.193602 -158.620923 9.055987 -0.015885 -0.026343 -0.632126 0.774254
1627999073.554520 204.220259 -158.724375 9.064810 -0.016563 -0.025718 -0.629922 0.776056
1627999073.656989 204.244615 -158.842482 9.070668 -0.016993 -0.025482 -0.627630 0.777909
1627999073.759647 204.267320 -158.965319 9.073361 -0.015471 -0.024584 -0.625285 0.779856
1627999073.861947 204.293855 -159.074718 9.084796 -0.014475 -0.024697 -0.622872 0.781800
1627999073.964429 204.308348 -159.154181 9.092942 -0.015354 -0.024613 -0.620338 0.783798
1627999074.066776 204.335760 -159.252774 9.093520 -0.016328 -0.023294 -0.618091 0.785592
1627999074.168955 204.378105 -159.373286 9.099284 -0.016038 -0.023126 -0.615505 0.787631
1627999074.271132 204.400178 -159.484955 9.104041 -0.015090 -0.024351 -0.613324 0.789312
1627999074.373345 204.424544 -159.595761 9.112394 -0.014460 -0.024212 -0.612022 0.790338
1627999074.475556 204.454936 -159.694311 9.121844 -0.014837 -0.022345 -0.610678 0.791425
1627999074.577750 204.489900 -159.791296 9.127273 -0.015681 -0.021379 -0.608942 0.792771
1627999074.679958 204.524365 -159.903364 9.130526 -0.015043 -0.021972 -0.607164 0.794131
1627999074.782278 204.535322 -160.006675 9.134026 -0.013295 -0.022890 -0.605394 0.795486
1627999074.884617 204.558950 -160.108814 9.147569 -0.013231 -0.023487 -0.604225 0.796358
1627999074.986537 204.593091 -160.213520 9.156546 -0.015478 -0.023299 -0.602628 0.797532
1627999075.088536 204.630477 -160.317823 9.155969 -0.017773 -0.023205 -0.600857 0.798822
1627999075.190506 204.664578 -160.411531 9.153302 -0.017312 -0.024882 -0.599085 0.800111
1627999075.292463 204.699500 -160.500399 9.159560 -0.015089 -0.026893 -0.598133 0.800804
1627999075.394431 204.712432 -160.599483 9.173035 -0.014008 -0.026231 -0.597341 0.801436
1627999075.496364 204.740992 -160.708116 9.187268 -0.015030 -0.024582 -0.596213 0.802309
1627999075.598319 204.780902 -160.818776 9.192113 -0.017516 -0.023776 -0.594653 0.803440
1627999075.700284 204.813919 -160.919615 9.186786 -0.018104 -0.024095 -0.593399 0.804344
1627999075.802269 204.839507 -161.012021 9.192370 -0.016867 -0.025306 -0.591918 0.805424
1627999075.904184 204.859353 -161.107851 9.203004 -0.016283 -0.026806 -0.590727 0.806262
1627999076.006221 204.892809 -161.209750 9.212778 -0.016653 -0.027218 -0.589557 0.807096
1627999076.107896 204.930583 -161.310568 9.215542 -0.017104 -0.026629 -0.588347 0.807989
1627999076.209648 204.967158 -161.405588 9.221533 -0.017428 -0.025924 -0.587005 0.808981
1627999076.311371 204.994243 -161.501528 9.226838 -0.017667 -0.025293 -0.585864 0.809822
1627999076.413189 205.009989 -161.597464 9.233089 -0.017295 -0.025434 -0.584491 0.810817
1627999076.514871 205.043339 -161.701243 9.237647 -0.016588 -0.026382 -0.583165 0.811756
1627999076.616632 205.081420 -161.795591 9.243918 -0.015597 -0.026645 -0.582019 0.812589
1627999076.718336 205.118371 -161.902984 9.257007 -0.015578 -0.026048 -0.580930 0.813387
1627999076.820092 205.151509 -162.003624 9.264874 -0.016790 -0.025288 -0.579963 0.814077
1627999076.922148 205.183658 -162.114474 9.266053 -0.017635 -0.024636 -0.579137 0.814667
1627999077.023527 205.221592 -162.198710 9.267279 -0.016482 -0.025526 -0.578175 0.815347
1627999077.125090 205.254307 -162.292051 9.276316 -0.015050 -0.027301 -0.577911 0.815504
1627999077.226654 205.284891 -162.399350 9.285795 -0.014871 -0.026947 -0.578865 0.814842
1627999077.328256 205.322823 -162.498953 9.293138 -0.016009 -0.025565 -0.580613 0.813621
1627999077.429762 205.344813 -162.585666 9.300262 -0.017415 -0.026002 -0.582665 0.812109
1627999077.531312 205.370468 -162.671086 9.299628 -0.017607 -0.026620 -0.585487 0.810053
1627999077.632859 205.404135 -162.779909 9.308156 -0.016297 -0.026531 -0.589340 0.807285
1627999077.734441 205.439913 -162.885172 9.319968 -0.016069 -0.026461 -0.593310 0.804378
1627999077.835984 205.472796 -162.983907 9.327612 -0.017337 -0.026352 -0.597993 0.800880
1627999077.937544 205.508376 -163.085325 9.329192 -0.017431 -0.025309 -0.602500 0.797527
1627999078.039057 205.551604 -163.191083 9.333295 -0.016303 -0.024944 -0.606983 0.794156
1627999078.140423 205.580345 -163.303558 9.344015 -0.015875 -0.024619 -0.611713 0.790537
1627999078.241821 205.613543 -163.404953 9.349902 -0.016338 -0.023882 -0.616360 0.786932
1627999078.343224 205.645244 -163.492927 9.352448 -0.017158 -0.024142 -0.620672 0.783511
1627999078.444744 205.672844 -163.591888 9.358336 -0.016957 -0.025157 -0.624883 0.780129
1627999078.545999 205.684066 -163.689115 9.365249 -0.015772 -0.024930 -0.629419 0.776506
1627999078.647714 205.704041 -163.783390 9.370348 -0.015814 -0.024010 -0.633855 0.772917
1627999078.748780 205.732918 -163.883192 9.379467 -0.016781 -0.024489 -0.638190 0.769307
1627999078.850166 205.765105 -163.997871 9.385361 -0.016648 -0.023775 -0.642550 0.765694
1627999078.951569 205.794091 -164.111071 9.388509 -0.014453 -0.021845 -0.646002 0.762886
1627999079.052910 205.818890 -164.235865 9.392856 -0.012832 -0.020344 -0.648690 0.760673
1627999079.154160 205.832030 -164.362206 9.399352 -0.013076 -0.021454 -0.649487 0.759958
1627999079.255398 205.852422 -164.483586 9.404761 -0.012840 -0.023828 -0.648722 0.760544
1627999079.356628 205.873675 -164.594295 9.413110 -0.011083 -0.025570 -0.647201 0.761810
1627999079.457907 205.891827 -164.697115 9.422491 -0.012022 -0.026868 -0.644584 0.763967
1627999079.559166 205.901872 -164.791210 9.432652 -0.015352 -0.027713 -0.641519 0.766453
1627999079.660495 205.923847 -164.909698 9.435187 -0.016812 -0.026946 -0.636810 0.770367
1627999079.761624 205.955593 -165.018906 9.432122 -0.014556 -0.027733 -0.632223 0.774153
1627999079.862885 205.987473 -165.117927 9.437166 -0.011429 -0.029095 -0.626994 0.778397
1627999079.964122 206.013824 -165.224706 9.451107 -0.009968 -0.029380 -0.623092 0.781533
1627999080.065298 206.029988 -165.335604 9.460185 -0.011766 -0.028309 -0.618187 0.785433
1627999080.166420 206.054597 -165.449774 9.465665 -0.013920 -0.027417 -0.613850 0.788823
1627999080.267545 206.085363 -165.560259 9.469584 -0.013971 -0.027200 -0.609260 0.792381
1627999080.368666 206.102240 -165.673399 9.477176 -0.013544 -0.028466 -0.605283 0.795386
1627999080.469800 206.115966 -165.776125 9.487560 -0.014208 -0.029341 -0.601289 0.798367
1627999080.571014 206.142995 -165.876253 9.493798 -0.015505 -0.029268 -0.597910 0.800879
1627999080.672058 206.180244 -165.972295 9.499892 -0.016107 -0.029376 -0.596028 0.802264
1627999080.773161 206.210382 -166.071229 9.505407 -0.016442 -0.030097 -0.595667 0.802499
1627999080.874306 206.238588 -166.173873 9.514221 -0.016664 -0.030174 -0.596471 0.801894
1627999080.975441 206.267742 -166.279905 9.522400 -0.017225 -0.030184 -0.598479 0.800384
1627999081.076504 206.281055 -166.382182 9.532925 -0.017924 -0.030050 -0.601263 0.798285
1627999081.177484 206.309150 -166.470194 9.537354 -0.018223 -0.030428 -0.604728 0.795642
1627999081.278525 206.338009 -166.570975 9.544939 -0.017841 -0.030990 -0.608230 0.792955
1627999081.379500 206.376161 -166.664222 9.550116 -0.017326 -0.031296 -0.611946 0.790090
1627999081.480534 206.411886 -166.765785 9.557304 -0.017092 -0.030849 -0.614740 0.787941
1627999081.581556 206.443712 -166.864591 9.563998 -0.016930 -0.030356 -0.617205 0.786034
1627999081.682720 206.481573 -166.964615 9.571212 -0.016699 -0.030180 -0.618997 0.784636
1627999081.783583 206.510265 -167.066605 9.578251 -0.016274 -0.029268 -0.620899 0.783175
1627999081.884594 206.541079 -167.181229 9.585115 -0.015902 -0.028647 -0.622522 0.781916
1627999081.985586 206.554881 -167.283420 9.589471 -0.016073 -0.028835 -0.623597 0.781049
1627999082.086536 206.572745 -167.383313 9.595265 -0.016165 -0.029998 -0.623576 0.781020
1627999082.187468 206.604764 -167.498910 9.608308 -0.016240 -0.030551 -0.622817 0.781602
1627999082.289435 206.641296 -167.610678 9.615946 -0.016555 -0.029591 -0.620065 0.783818
1627999082.389278 206.670683 -167.725726 9.621234 -0.017576 -0.029649 -0.616270 0.786780
1627999082.490203 206.704594 -167.833273 9.628936 -0.018124 -0.030419 -0.611358 0.790562
1627999082.591178 206.729394 -167.913458 9.636795 -0.016438 -0.029337 -0.606770 0.794166
1627999082.692302 206.761447 -167.993105 9.638851 -0.015013 -0.027707 -0.602053 0.797834
1627999082.792969 206.800789 -168.111553 9.643214 -0.016055 -0.027453 -0.597187 0.801471
1627999082.893880 206.833250 -168.236971 9.656305 -0.016672 -0.027056 -0.592770 0.804745
1627999082.994811 206.850476 -168.361063 9.661024 -0.016200 -0.025847 -0.588331 0.808044
1627999083.095878 206.885641 -168.483497 9.666263 -0.016418 -0.026543 -0.583914 0.811215
1627999083.196635 206.922586 -168.592672 9.678064 -0.016744 -0.027219 -0.579839 0.814104
1627999083.297493 206.961689 -168.701675 9.685496 -0.016557 -0.027022 -0.575642 0.817087
1627999083.398144 206.989249 -168.801027 9.688010 -0.017108 -0.027639 -0.570937 0.820350
1627999083.498973 207.040879 -168.905704 9.700948 -0.017212 -0.027837 -0.566660 0.823302
1627999083.599803 207.076205 -169.009896 9.705330 -0.017324 -0.027202 -0.563275 0.825640
1627999083.700665 207.123505 -169.119067 9.709471 -0.017655 -0.027512 -0.560161 0.827738
1627999083.801473 207.159894 -169.224667 9.720391 -0.017427 -0.028125 -0.558380 0.828925
1627999083.902308 207.221529 -169.317027 9.727826 -0.017220 -0.027982 -0.558822 0.828637
1627999084.003145 207.267518 -169.418015 9.732591 -0.017951 -0.028286 -0.561011 0.827130
1627999084.103934 207.305631 -169.513073 9.741186 -0.018254 -0.028780 -0.564371 0.824818
1627999084.204708 207.337603 -169.622749 9.748524 -0.017749 -0.029099 -0.569244 0.821461
1627999084.305429 207.369819 -169.742128 9.760658 -0.017343 -0.029145 -0.574539 0.817774
1627999084.406784 207.400202 -169.860758 9.768393 -0.017285 -0.028217 -0.579601 0.814229
1627999084.506969 207.459611 -169.987281 9.773629 -0.017178 -0.028068 -0.584083 0.811026
1627999084.607713 207.513450 -170.108387 9.779675 -0.016561 -0.028885 -0.588800 0.807593
1627999084.708469 207.557751 -170.241158 9.790749 -0.015672 -0.029153 -0.593416 0.804215
1627999084.809240 207.596640 -170.348845 9.798335 -0.015680 -0.028898 -0.598233 0.800647
1627999084.910000 207.636000 -170.447513 9.805120 -0.016178 -0.029302 -0.602787 0.797200
1627999085.010748 207.667551 -170.568494 9.813372 -0.015833 -0.029726 -0.607186 0.793846
1627999085.111563 207.696054 -170.681349 9.822116 -0.015186 -0.029680 -0.611877 0.790250
1627999085.212144 207.728593 -170.812246 9.831586 -0.015327 -0.030073 -0.616025 0.787003
1627999085.313155 207.751361 -170.932410 9.838383 -0.015841 -0.030883 -0.620268 0.783621
1627999085.413576 207.779287 -171.056573 9.846149 -0.015427 -0.030911 -0.623234 0.781272
1627999085.515511 207.815386 -171.179284 9.857697 -0.014725 -0.030534 -0.626272 0.778867
1627999085.614944 207.844477 -171.302657 9.863513 -0.014917 -0.029990 -0.628887 0.776775
1627999085.715626 207.863008 -171.417564 9.870847 -0.014811 -0.030048 -0.631696 0.774492
1627999085.816321 207.895001 -171.536224 9.877855 -0.013896 -0.030054 -0.634357 0.772331
1627999085.917093 207.926760 -171.649192 9.887269 -0.013114 -0.029807 -0.637243 0.769975
1627999086.017725 207.953374 -171.770649 9.891269 -0.013990 -0.029200 -0.639672 0.767966
1627999086.119246 207.961749 -171.900117 9.899580 -0.014734 -0.029210 -0.642180 0.765855
1627999086.219006 207.986332 -172.018533 9.908490 -0.013850 -0.029537 -0.644665 0.763769
1627999086.320261 208.023718 -172.124873 9.914108 -0.013009 -0.029627 -0.647338 0.761516
1627999086.420293 208.053172 -172.257782 9.922738 -0.013430 -0.029546 -0.650104 0.759152
1627999086.521747 208.073666 -172.378436 9.929744 -0.014417 -0.029272 -0.652548 0.757045
1627999086.621571 208.099639 -172.493784 9.935799 -0.014288 -0.029426 -0.654617 0.755253
1627999086.722193 208.121013 -172.618513 9.944684 -0.013764 -0.029947 -0.657260 0.752943
1627999086.822844 208.119803 -172.730705 9.951360 -0.014269 -0.030105 -0.659871 0.750640
1627999086.923505 208.123454 -172.843964 9.960421 -0.014735 -0.030082 -0.662045 0.748715
1627999087.024117 208.141718 -172.962411 9.969610 -0.014371 -0.030307 -0.664141 0.746855
1627999087.124719 208.161311 -173.080927 9.976842 -0.013750 -0.030000 -0.666307 0.744947
1627999087.225290 208.179743 -173.199685 9.981790 -0.013916 -0.029352 -0.668187 0.743284
1627999087.325893 208.187368 -173.312317 9.988618 -0.014300 -0.029519 -0.669568 0.742026
1627999087.426470 208.189477 -173.428796 9.995332 -0.013888 -0.029995 -0.669908 0.741708
1627999087.527081 208.194537 -173.549014 10.004916 -0.013269 -0.030624 -0.669915 0.741687
1627999087.627652 208.187919 -173.676792 10.011709 -0.013829 -0.030280 -0.669209 0.742328
1627999087.728271 208.205072 -173.790125 10.019789 -0.014757 -0.029844 -0.667015 0.744300
1627999087.828837 208.215981 -173.903287 10.026090 -0.014868 -0.030051 -0.664199 0.746804
1627999087.929430 208.226276 -174.017035 10.031863 -0.014169 -0.030794 -0.660619 0.749956
1627999088.030004 208.242178 -174.125945 10.041471 -0.013920 -0.031074 -0.657475 0.752706
1627999088.130565 208.243920 -174.229320 10.046686 -0.014837 -0.030615 -0.654091 0.755650
1627999088.231142 208.264849 -174.336512 10.056183 -0.015623 -0.030673 -0.650492 0.758733
1627999088.331663 208.298857 -174.432258 10.060537 -0.015375 -0.030962 -0.647138 0.761589
1627999088.432241 208.329443 -174.547051 10.068988 -0.014800 -0.030501 -0.644381 0.763952
1627999088.532761 208.347894 -174.652286 10.071771 -0.014810 -0.030185 -0.641444 0.766432
1627999088.633297 208.392293 -174.754863 10.078869 -0.015091 -0.030086 -0.639137 0.768356
1627999088.733851 208.415441 -174.872249 10.088076 -0.014750 -0.030046 -0.637768 0.769501
1627999088.834422 208.428629 -174.990315 10.097536 -0.014004 -0.029512 -0.636648 0.770462
1627999088.934945 208.441982 -175.109061 10.104088 -0.014130 -0.029136 -0.635419 0.771488
1627999089.035494 208.461042 -175.214663 10.109605 -0.014663 -0.029427 -0.634188 0.772479
1627999089.136001 208.471536 -175.330581 10.116073 -0.014631 -0.029849 -0.632537 0.773816
1627999089.237237 208.507243 -175.440641 10.122929 -0.014586 -0.030318 -0.631229 0.774866
1627999089.337022 208.533181 -175.535800 10.130661 -0.014909 -0.029925 -0.629737 0.776088
1627999089.437537 208.557769 -175.629006 10.134041 -0.015568 -0.029656 -0.628094 0.777417
1627999089.538032 208.564704 -175.742174 10.143739 -0.015460 -0.029987 -0.626288 0.778862
1627999089.638578 208.576982 -175.868117 10.154444 -0.014448 -0.029913 -0.625071 0.779860
1627999089.739069 208.599336 -175.986674 10.159620 -0.013929 -0.028943 -0.623527 0.781142
1627999089.839575 208.630935 -176.093674 10.163995 -0.014513 -0.028672 -0.621681 0.782611
1627999089.940078 208.644949 -176.187632 10.168168 -0.015299 -0.028906 -0.619047 0.784673
1627999090.040583 208.661456 -176.292876 10.177602 -0.014537 -0.029499 -0.616119 0.786966
1627999090.141058 208.687140 -176.409585 10.184657 -0.013854 -0.029802 -0.614022 0.788605
1627999090.241585 208.721495 -176.537724 10.190656 -0.014488 -0.029892 -0.611296 0.790704
1627999090.342010 208.762910 -176.649928 10.200800 -0.015137 -0.030050 -0.608837 0.792581
1627999090.442491 208.784380 -176.752470 10.212831 -0.014685 -0.030089 -0.606105 0.794679
1627999090.542984 208.809886 -176.851306 10.215854 -0.014151 -0.029605 -0.603581 0.796626
1627999090.643459 208.832311 -176.963050 10.219109 -0.014324 -0.029272 -0.601345 0.798324
1627999090.743956 208.861382 -177.075666 10.226411 -0.015151 -0.029324 -0.599459 0.799725
1627999090.844425 208.897292 -177.178661 10.235187 -0.015396 -0.029667 -0.597250 0.801358
1627999090.944959 208.937646 -177.284964 10.242472 -0.014869 -0.030081 -0.595152 0.802912
1627999091.045364 208.972996 -177.399460 10.247472 -0.015086 -0.030330 -0.593695 0.803977
1627999091.145820 209.018797 -177.499739 10.255442 -0.015587 -0.029942 -0.592777 0.804659
1627999091.246348 209.059320 -177.617234 10.266109 -0.015637 -0.029712 -0.592231 0.805068
1627999091.346706 209.100105 -177.722606 10.273479 -0.015227 -0.029925 -0.591921 0.805297
1627999091.447567 209.130314 -177.816542 10.279313 -0.015196 -0.030091 -0.592114 0.805149
1627999091.547614 209.179264 -177.925991 10.283005 -0.015420 -0.030229 -0.593381 0.804206
1627999091.648092 209.226213 -178.046108 10.288846 -0.016775 -0.030892 -0.595730 0.802415
1627999091.748510 209.277630 -178.153045 10.297844 -0.017364 -0.031906 -0.598869 0.800023
1627999091.849034 209.319484 -178.261446 10.311412 -0.017139 -0.032192 -0.602759 0.797089
1627999091.949398 209.350411 -178.373454 10.319492 -0.016978 -0.032135 -0.606948 0.793910
1627999092.049829 209.378399 -178.482006 10.324888 -0.017162 -0.032154 -0.611066 0.790740
1627999092.150258 209.405173 -178.593616 10.336415 -0.016153 -0.031702 -0.614787 0.787890
1627999092.250721 209.434522 -178.703865 10.346521 -0.015138 -0.030458 -0.618412 0.785118
1627999092.351110 209.452752 -178.816932 10.351035 -0.015107 -0.030041 -0.621095 0.783013
1627999092.451540 209.473839 -178.943603 10.358161 -0.014721 -0.030330 -0.623816 0.780844
1627999092.551979 209.501174 -179.065446 10.363765 -0.013385 -0.030534 -0.626383 0.778802
1627999092.652393 209.525867 -179.178334 10.374905 -0.012714 -0.030162 -0.628282 0.777297
1627999092.752794 209.543315 -179.300702 10.380775 -0.012799 -0.029534 -0.630099 0.775847
1627999092.853530 209.574120 -179.441236 10.383812 -0.013671 -0.030415 -0.631689 0.774504
1627999092.953659 209.608497 -179.568021 10.397156 -0.012782 -0.031458 -0.633091 0.773332
1627999093.054065 209.635932 -179.690361 10.407390 -0.012100 -0.031197 -0.634771 0.771975
1627999093.154499 209.662531 -179.823725 10.409636 -0.013164 -0.031446 -0.635881 0.771034
1627999093.254861 209.673234 -179.954951 10.422011 -0.013943 -0.032064 -0.636733 0.770291
1627999093.355259 209.698731 -180.076497 10.433162 -0.012951 -0.031887 -0.638157 0.769136
1627999093.455661 209.726865 -180.193208 10.433846 -0.013356 -0.031284 -0.639286 0.768216
1627999093.556076 209.749647 -180.309140 10.440147 -0.014704 -0.031528 -0.640062 0.767535
1627999093.656732 209.762066 -180.442429 10.452874 -0.014817 -0.031972 -0.640753 0.766938
1627999093.756864 209.785653 -180.573314 10.459423 -0.014058 -0.032556 -0.641455 0.766340
1627999093.857291 209.816124 -180.703119 10.466757 -0.014547 -0.033027 -0.642216 0.765674
1627999093.957669 209.847147 -180.841359 10.478593 -0.015057 -0.032729 -0.642660 0.765304
1627999094.058070 209.866663 -180.970906 10.488618 -0.015080 -0.033255 -0.643154 0.764866
1627999094.158489 209.888545 -181.095553 10.502005 -0.014219 -0.033362 -0.643661 0.764451
1627999094.259026 209.912979 -181.218006 10.505078 -0.013612 -0.032942 -0.643982 0.764210
1627999094.359243 209.922538 -181.346834 10.509554 -0.014313 -0.033500 -0.644565 0.763681
1627999094.459630 209.947005 -181.477647 10.522835 -0.014594 -0.033414 -0.645100 0.763228
1627999094.559980 209.974063 -181.611131 10.532124 -0.014070 -0.032097 -0.645601 0.762870
1627999094.660464 209.998122 -181.750490 10.535372 -0.014398 -0.032434 -0.645957 0.762549
1627999094.760746 210.017177 -181.882208 10.548157 -0.014536 -0.033517 -0.646277 0.762228
1627999094.861144 210.043649 -182.003714 10.559425 -0.013667 -0.033390 -0.647257 0.761418
1627999094.961527 210.056976 -182.141553 10.562556 -0.014401 -0.033103 -0.647505 0.761206
1627999095.061978 210.071828 -182.272737 10.571647 -0.015842 -0.033597 -0.648007 0.760728
1627999095.162264 210.103801 -182.410198 10.588167 -0.015397 -0.033891 -0.648406 0.760384
1627999095.262627 210.124581 -182.547337 10.599099 -0.014345 -0.033743 -0.648679 0.760178
1627999095.363014 210.144750 -182.675670 10.601290 -0.014735 -0.033976 -0.649405 0.759540
1627999095.465436 210.161530 -182.797977 10.613071 -0.015065 -0.034036 -0.649766 0.759222
1627999095.563747 210.194141 -182.918342 10.624771 -0.014453 -0.033555 -0.650271 0.758823
1627999095.664092 210.215957 -183.068837 10.633013 -0.013924 -0.033424 -0.650909 0.758292
1627999095.764448 210.240493 -183.213719 10.642720 -0.013651 -0.033281 -0.651488 0.757806
1627999095.864925 210.259407 -183.357162 10.654406 -0.013063 -0.032687 -0.651796 0.757577
1627999095.965191 210.273528 -183.483589 10.663346 -0.012250 -0.032503 -0.652172 0.757275
1627999096.066124 210.288977 -183.612190 10.673157 -0.011492 -0.031560 -0.652650 0.756914
1627999096.165897 210.302338 -183.728478 10.676361 -0.011144 -0.030933 -0.653026 0.756621
1627999096.266223 210.323034 -183.870834 10.685491 -0.010236 -0.030765 -0.653394 0.756324
1627999096.366581 210.357806 -184.006553 10.693690 -0.009883 -0.030094 -0.654019 0.755815
1627999096.466937 210.381537 -184.129040 10.696491 -0.010386 -0.030397 -0.654307 0.755546
1627999096.567300 210.395949 -184.264543 10.704690 -0.010925 -0.031027 -0.654670 0.755199
1627999096.667718 210.410188 -184.411536 10.715468 -0.010759 -0.031243 -0.655308 0.754639
1627999096.767996 210.435716 -184.557529 10.722683 -0.011643 -0.030999 -0.655747 0.754254
1627999096.868356 210.463799 -184.690939 10.730748 -0.012599 -0.031747 -0.656090 0.753909
1627999096.968705 210.472563 -184.818194 10.739664 -0.012367 -0.032827 -0.656348 0.753642
1627999097.069031 210.490204 -184.952361 10.749968 -0.012388 -0.032791 -0.657236 0.752869
1627999097.169355 210.512582 -185.084961 10.754951 -0.013357 -0.033061 -0.657648 0.752481
1627999097.269711 210.526561 -185.221565 10.767500 -0.014307 -0.033441 -0.657620 0.752471
1627999097.370031 210.538837 -185.353942 10.780059 -0.014066 -0.034139 -0.658344 0.751811
1627999097.566833 210.562381 -185.581089 10.795990 -0.014672 -0.034506 -0.658845 0.751344
1627999097.570708 210.564331 -185.581288 10.795061 -0.014717 -0.034492 -0.658854 0.751336
1627999097.671046 210.596455 -185.737276 10.803919 -0.015365 -0.035267 -0.659579 0.750650
1627999097.771402 210.614622 -185.883401 10.820413 -0.014532 -0.034804 -0.660168 0.750170
1627999097.873948 210.630501 -186.031928 10.824168 -0.014424 -0.034747 -0.660410 0.749962
1627999097.972062 210.643191 -186.156819 10.834951 -0.014403 -0.034953 -0.660950 0.749477
1627999098.072394 210.670784 -186.289233 10.846924 -0.012890 -0.034072 -0.661378 0.749168
1627999098.176274 210.691112 -186.415473 10.851511 -0.012036 -0.033025 -0.661990 0.748688
1627999098.273470 210.705752 -186.551059 10.858049 -0.012551 -0.033197 -0.662126 0.748551
1627999098.373372 210.714024 -186.672755 10.870159 -0.011939 -0.033553 -0.662318 0.748376
1627999098.473708 210.740889 -186.810471 10.876758 -0.010699 -0.033690 -0.663002 0.747783
1627999098.574112 210.765860 -186.948465 10.881263 -0.010849 -0.033685 -0.663276 0.747537
1627999098.674345 210.771092 -187.083517 10.890309 -0.011876 -0.033719 -0.663787 0.747066
1627999098.774694 210.782313 -187.211622 10.901024 -0.011478 -0.034346 -0.664164 0.746709
1627999098.875008 210.805272 -187.345925 10.909899 -0.010964 -0.034612 -0.664759 0.746175
1627999098.980278 210.822809 -187.488154 10.918813 -0.011403 -0.034975 -0.664900 0.746026
1627999099.075966 210.829315 -187.624000 10.928761 -0.011656 -0.035187 -0.665256 0.745695
1627999099.176039 210.849472 -187.759530 10.939401 -0.010831 -0.034929 -0.665883 0.745160
1627999099.276293 210.856593 -187.898346 10.945548 -0.010568 -0.033635 -0.666393 0.744766
1627999099.376601 210.875644 -188.039179 10.953013 -0.010650 -0.033207 -0.666826 0.744397
1627999099.477320 210.896637 -188.175159 10.964091 -0.010310 -0.033610 -0.667126 0.744115
1627999099.577235 210.919878 -188.296690 10.973704 -0.008942 -0.033195 -0.667603 0.743723
1627999099.677608 210.940707 -188.423334 10.975614 -0.009252 -0.032818 -0.668317 0.743095
1627999099.777886 210.950443 -188.554185 10.984694 -0.010713 -0.032751 -0.668461 0.742948
1627999099.878201 210.954919 -188.697058 10.996196 -0.010769 -0.032705 -0.668958 0.742502
1627999099.978549 210.969306 -188.825162 10.999831 -0.010781 -0.032847 -0.669287 0.742200
1627999100.078827 210.971120 -188.957695 11.008192 -0.011574 -0.034202 -0.669865 0.741605
1627999100.179129 210.991474 -189.098294 11.018469 -0.012316 -0.035147 -0.670051 0.741380
1627999100.279434 211.019109 -189.234474 11.029758 -0.012508 -0.034884 -0.670722 0.740783
1627999100.379744 211.034133 -189.355724 11.035123 -0.013067 -0.034468 -0.671002 0.740539
1627999100.481171 211.037264 -189.475432 11.047134 -0.013133 -0.034664 -0.671316 0.740244
1627999100.582960 211.041090 -189.611818 11.056835 -0.011945 -0.034608 -0.671662 0.739952
1627999100.680656 211.053377 -189.730478 11.063096 -0.010930 -0.033916 -0.672195 0.739516
1627999100.781025 211.067288 -189.873492 11.067764 -0.011659 -0.033114 -0.672636 0.739140
1627999100.881287 211.087742 -190.008559 11.079667 -0.012370 -0.033513 -0.672695 0.739057
1627999100.981679 211.100750 -190.146796 11.090888 -0.012322 -0.033802 -0.673233 0.738555
1627999101.081902 211.116716 -190.270109 11.093659 -0.011761 -0.032779 -0.673919 0.737984
1627999101.182204 211.132324 -190.395950 11.102166 -0.012604 -0.032737 -0.674040 0.737862
1627999101.282482 211.146352 -190.530864 11.115918 -0.013065 -0.033120 -0.674394 0.737513
1627999101.382789 211.154097 -190.649736 11.126275 -0.011103 -0.032247 -0.674750 0.737258
1627999101.483091 211.159372 -190.783402 11.127662 -0.010886 -0.031891 -0.675349 0.736728
1627999101.583425 211.178727 -190.922398 11.135896 -0.012485 -0.032714 -0.675602 0.736435
1627999101.683689 211.195937 -191.061010 11.149131 -0.012477 -0.032134 -0.675940 0.736150
1627999101.784117 211.207095 -191.192117 11.154673 -0.012192 -0.032401 -0.676277 0.735833
1627999101.884304 211.221002 -191.332681 11.163240 -0.013299 -0.033819 -0.676529 0.735519
1627999101.984599 211.222778 -191.468196 11.176840 -0.013433 -0.034128 -0.676657 0.735384
1627999102.084880 211.232517 -191.589191 11.182506 -0.012492 -0.033715 -0.677054 0.735055
1627999102.185174 211.237725 -191.703589 11.186290 -0.012769 -0.033565 -0.677559 0.734591
1627999102.285474 211.256829 -191.831917 11.196371 -0.013181 -0.033327 -0.677973 0.734213
1627999102.385780 211.270148 -191.977544 11.207760 -0.012275 -0.032589 -0.678517 0.733759
1627999102.486196 211.283783 -192.120556 11.216084 -0.011158 -0.032293 -0.678763 0.733562
1627999102.586347 211.296914 -192.255273 11.221545 -0.010922 -0.032216 -0.679004 0.733346
1627999102.686644 211.311464 -192.396050 11.233377 -0.010599 -0.032155 -0.679480 0.732912
1627999102.786950 211.320541 -192.536895 11.239639 -0.010367 -0.032296 -0.679881 0.732537
1627999102.887237 211.326144 -192.669264 11.248050 -0.011029 -0.032398 -0.680516 0.731934
1627999102.987535 211.332495 -192.801567 11.257865 -0.011447 -0.033167 -0.680621 0.731795
1627999103.087817 211.341176 -192.924475 11.264173 -0.011334 -0.033915 -0.680927 0.731478
1627999103.188109 211.351083 -193.056292 11.271956 -0.010709 -0.034143 -0.681603 0.730846
1627999103.288387 211.360996 -193.187690 11.277419 -0.011227 -0.033496 -0.681899 0.730592
1627999103.388677 211.369117 -193.326411 11.288752 -0.012116 -0.033619 -0.682145 0.730343
1627999103.489504 211.385393 -193.467419 11.299423 -0.011728 -0.033516 -0.682335 0.730176
1627999103.589257 211.391067 -193.598024 11.303340 -0.010900 -0.032727 -0.683065 0.729542
1627999103.689559 211.396887 -193.730729 11.309231 -0.011068 -0.032338 -0.683374 0.729268
1627999103.789850 211.407907 -193.874088 11.322355 -0.010798 -0.031975 -0.683387 0.729276
1627999103.890140 211.414221 -194.001081 11.331763 -0.009778 -0.032143 -0.684003 0.728705
1627999103.990422 211.423812 -194.130618 11.335933 -0.009600 -0.031739 -0.684507 0.728252
1627999104.090700 211.439458 -194.251015 11.340919 -0.010287 -0.031514 -0.684306 0.728441
1627999104.190985 211.451403 -194.397364 11.354971 -0.010670 -0.032100 -0.683871 0.728818
1627999104.291250 211.454851 -194.534810 11.363474 -0.010494 -0.032767 -0.683868 0.728794
1627999104.391553 211.464191 -194.669440 11.367721 -0.010772 -0.033680 -0.683653 0.728950
1627999104.491813 211.469728 -194.809421 11.377575 -0.011461 -0.034151 -0.683050 0.729483
1627999104.592158 211.478367 -194.949688 11.386569 -0.011520 -0.033937 -0.682775 0.729749
1627999104.692381 211.481492 -195.069132 11.395677 -0.011082 -0.033208 -0.683045 0.729537
1627999104.792689 211.500281 -195.197836 11.400995 -0.010913 -0.033049 -0.682681 0.729887
1627999104.892946 211.503906 -195.342945 11.412104 -0.010156 -0.032996 -0.682280 0.730275
1627999104.993236 211.517320 -195.491367 11.417448 -0.008951 -0.032344 -0.682302 0.730300
1627999105.093527 211.525146 -195.629939 11.422977 -0.009261 -0.031380 -0.681977 0.730642
1627999105.193805 211.539321 -195.751779 11.436028 -0.010251 -0.031949 -0.681499 0.731049
1627999105.294088 211.537339 -195.867689 11.441251 -0.010402 -0.032320 -0.680790 0.731692
1627999105.394234 211.538123 -196.010550 11.451024 -0.009546 -0.032868 -0.680851 0.731622
1627999105.494575 211.555856 -196.142537 11.453883 -0.010529 -0.033279 -0.680324 0.732080
1627999105.594876 211.570296 -196.275281 11.462940 -0.011575 -0.033268 -0.679525 0.732806
1627999105.694774 211.590959 -196.402135 11.472816 -0.011004 -0.033023 -0.679173 0.733152
1627999105.794951 211.590292 -196.532646 11.484411 -0.010747 -0.033809 -0.678847 0.733422
1627999105.895131 211.609813 -196.673135 11.488500 -0.011252 -0.034021 -0.678231 0.733975
1627999105.995313 211.617733 -196.813529 11.499100 -0.011162 -0.033745 -0.677810 0.734378
1627999106.094725 211.633523 -196.932437 11.508303 -0.010676 -0.034083 -0.677366 0.734778
1627999106.194012 211.644889 -197.051877 11.512598 -0.011092 -0.034322 -0.676628 0.735441
1627999106.293331 211.659859 -197.179110 11.520726 -0.011236 -0.034133 -0.676116 0.735918
1627999106.392659 211.667414 -197.333689 11.531655 -0.011202 -0.034418 -0.675486 0.736484
1627999106.492004 211.674375 -197.470968 11.540198 -0.011145 -0.034260 -0.675232 0.736725
1627999106.591282 211.687156 -197.596348 11.548605 -0.011499 -0.034081 -0.674580 0.737325
1627999106.690616 211.693357 -197.706723 11.557865 -0.011918 -0.034426 -0.673878 0.737944
1627999106.789896 211.700033 -197.830946 11.563055 -0.011489 -0.034436 -0.673554 0.738246
1627999106.889213 211.711613 -197.965685 11.568548 -0.011418 -0.033502 -0.673270 0.738549
1627999106.988550 211.723102 -198.100360 11.577565 -0.011605 -0.032927 -0.672861 0.738944
1627999107.087910 211.731480 -198.248430 11.590259 -0.010856 -0.032377 -0.671751 0.739989
1627999107.187328 211.740889 -198.393754 11.599541 -0.009739 -0.031840 -0.671490 0.740265
1627999107.286746 211.750308 -198.527483 11.608961 -0.009908 -0.031812 -0.671249 0.740483
1627999107.389141 211.771663 -198.659865 11.618760 -0.010966 -0.032190 -0.670308 0.741303
1627999107.485593 211.785673 -198.782261 11.623110 -0.011049 -0.032460 -0.669970 0.741596
1627999107.584998 211.800294 -198.905284 11.629021 -0.010489 -0.031906 -0.669797 0.741784
1627999107.684422 211.822306 -199.038830 11.637208 -0.010407 -0.030959 -0.669059 0.742491
1627999107.783836 211.825806 -199.174936 11.646185 -0.010086 -0.029952 -0.668330 0.743193
1627999107.883260 211.838051 -199.335384 11.654601 -0.008417 -0.029802 -0.667840 0.743660
1627999107.982663 211.871715 -199.484811 11.664703 -0.008345 -0.030269 -0.667710 0.743759
1627999108.082163 211.885557 -199.594572 11.672595 -0.010922 -0.030298 -0.666903 0.744448
1627999108.181666 211.884418 -199.709351 11.680347 -0.011586 -0.030768 -0.666085 0.745151
1627999108.281199 211.879422 -199.844468 11.693165 -0.010328 -0.031560 -0.665763 0.745424
1627999108.380700 211.900829 -199.992562 11.692823 -0.010401 -0.032018 -0.665633 0.745519
1627999108.480199 211.951936 -200.134072 11.702742 -0.011492 -0.032305 -0.665693 0.745437
1627999108.581814 211.953109 -200.289793 11.721347 -0.012778 -0.032938 -0.664307 0.746625
1627999108.679207 211.957678 -200.421612 11.722039 -0.013093 -0.034862 -0.664499 0.746361
1627999108.778708 211.976118 -200.542618 11.734464 -0.013343 -0.034978 -0.663584 0.747165
1627999108.878231 211.988343 -200.660869 11.738998 -0.014325 -0.035089 -0.662845 0.747796
1627999108.978623 211.998668 -200.806591 11.741532 -0.013535 -0.034356 -0.662550 0.748107
1627999109.077325 212.010642 -200.958690 11.757600 -0.012274 -0.033572 -0.661895 0.748744
1627999109.180329 212.033798 -201.104852 11.767727 -0.011516 -0.033616 -0.661550 0.749059
1627999109.276487 212.053879 -201.225305 11.778679 -0.010855 -0.033111 -0.660989 0.749586
1627999109.376546 212.064638 -201.342137 11.786135 -0.011392 -0.032868 -0.660252 0.750238
1627999109.475641 212.079003 -201.482007 11.793565 -0.011806 -0.033165 -0.660125 0.750331
1627999109.575233 212.092293 -201.624357 11.802490 -0.010759 -0.033197 -0.659547 0.750853
1627999109.674867 212.107879 -201.752643 11.808551 -0.009759 -0.033329 -0.659757 0.750676
1627999109.775848 212.121466 -201.873733 11.816292 -0.009933 -0.032858 -0.659722 0.750725
1627999109.874207 212.141611 -202.006956 11.826504 -0.010356 -0.032375 -0.659405 0.751019
1627999109.975436 212.162429 -202.152252 11.829728 -0.009755 -0.032179 -0.659189 0.751225
1627999110.073246 212.186105 -202.285289 11.843465 -0.008725 -0.032185 -0.659492 0.750972
1627999110.172886 212.196445 -202.415669 11.851748 -0.008999 -0.032618 -0.659849 0.750636
1627999110.272571 212.217698 -202.546373 11.856817 -0.009383 -0.032684 -0.660783 0.749806
1627999110.372211 212.230310 -202.697339 11.862508 -0.008849 -0.031948 -0.662051 0.748725
1627999110.471862 212.248217 -202.835981 11.874875 -0.008822 -0.031695 -0.663721 0.747256
1627999110.571504 212.257928 -202.968204 11.884228 -0.009546 -0.031757 -0.665338 0.745806
1627999110.671185 212.274321 -203.104660 11.889448 -0.009037 -0.032171 -0.666626 0.744643
1627999110.770866 212.283884 -203.232306 11.899322 -0.008405 -0.032303 -0.668182 0.743248
1627999110.870501 212.302279 -203.361713 11.912432 -0.009828 -0.033075 -0.669421 0.742081
1627999110.970140 212.315926 -203.491715 11.915135 -0.011494 -0.033861 -0.670396 0.741141
1627999111.069889 212.335151 -203.644091 11.923507 -0.011489 -0.034304 -0.671788 0.739859
1627999111.169591 212.346101 -203.770315 11.934836 -0.011895 -0.034731 -0.673130 0.738612
1627999111.269270 212.353828 -203.900099 11.942787 -0.012582 -0.035164 -0.674272 0.737538
1627999111.368994 212.367976 -204.032748 11.948675 -0.012347 -0.035129 -0.675505 0.736414
1627999111.468728 212.385266 -204.160131 11.955605 -0.011871 -0.034958 -0.676653 0.735376
1627999111.568438 212.390764 -204.275716 11.968193 -0.012486 -0.035055 -0.677585 0.734502
1627999111.668200 212.410191 -204.407743 11.976753 -0.013058 -0.035359 -0.678269 0.733846
1627999111.767869 212.417252 -204.556387 11.983759 -0.012528 -0.035531 -0.678934 0.733232
1627999111.867612 212.427650 -204.696463 11.997178 -0.012342 -0.035711 -0.680179 0.732072
1627999111.967309 212.445605 -204.830622 12.006140 -0.013564 -0.036342 -0.680990 0.731265
1627999112.067063 212.449711 -204.948568 12.012985 -0.014126 -0.036863 -0.681441 0.730808
1627999112.166844 212.445780 -205.070250 12.020977 -0.013482 -0.036928 -0.682505 0.729823
1627999112.266614 212.458875 -205.190672 12.030494 -0.014034 -0.036726 -0.683430 0.728956
1627999112.366391 212.473107 -205.319861 12.038950 -0.014721 -0.036615 -0.683930 0.728480
1627999112.466152 212.471711 -205.451702 12.047503 -0.014762 -0.036145 -0.684966 0.727528
1627999112.565948 212.475926 -205.588784 12.057887 -0.013773 -0.035950 -0.686105 0.726483
1627999112.665706 212.494026 -205.723188 12.067034 -0.013984 -0.035371 -0.687186 0.725485
1627999112.765472 212.518441 -205.852024 12.078345 -0.014567 -0.035310 -0.687684 0.725004
1627999112.865252 212.526784 -205.981685 12.084933 -0.014092 -0.034965 -0.688485 0.724270
1627999112.965057 212.529563 -206.117603 12.094962 -0.013221 -0.034451 -0.689656 0.723196
1627999113.064826 212.538116 -206.246865 12.106187 -0.013750 -0.034676 -0.690281 0.722579
1627999113.164732 212.524753 -206.382308 12.111724 -0.014275 -0.034925 -0.691047 0.721824
1627999113.264477 212.525430 -206.524745 12.119627 -0.013643 -0.034710 -0.691846 0.721081
1627999113.364359 212.540168 -206.653233 12.129434 -0.013587 -0.034874 -0.692731 0.720224
1627999113.464098 212.547789 -206.772769 12.138842 -0.014191 -0.035151 -0.693263 0.719687
1627999113.564518 212.551809 -206.899254 12.147368 -0.013506 -0.034831 -0.693636 0.719356
1627999113.663729 212.553202 -207.041724 12.156628 -0.012260 -0.034545 -0.694440 0.718616
1627999113.763569 212.564530 -207.177308 12.166771 -0.012176 -0.034450 -0.695265 0.717824
1627999113.863383 212.563489 -207.298009 12.175424 -0.012605 -0.034292 -0.695474 0.717621
1627999113.963206 212.576344 -207.436014 12.182174 -0.012534 -0.033916 -0.696085 0.717048
1627999114.063031 212.581432 -207.570898 12.189840 -0.011521 -0.033320 -0.696552 0.716640
1627999114.162906 212.578496 -207.710163 12.199799 -0.011477 -0.032942 -0.697027 0.716195
1627999114.262765 212.589663 -207.847995 12.208705 -0.011141 -0.032584 -0.697608 0.715652
1627999114.362642 212.588726 -207.989218 12.215346 -0.010222 -0.031798 -0.698431 0.714897
1627999114.462472 212.590750 -208.124394 12.228367 -0.010546 -0.031260 -0.699075 0.714286
1627999114.562340 212.588538 -208.265598 12.235857 -0.011381 -0.031924 -0.699508 0.713820
1627999114.662197 212.595471 -208.402279 12.241866 -0.011053 -0.032158 -0.699937 0.713394
1627999114.762053 212.600944 -208.531298 12.251892 -0.010713 -0.032588 -0.700627 0.712702
1627999114.861926 212.605234 -208.665718 12.256686 -0.011272 -0.032616 -0.701050 0.712276
1627999114.961803 212.616261 -208.802114 12.266102 -0.010907 -0.032138 -0.701215 0.712141
1627999115.061701 212.615697 -208.944065 12.272027 -0.010106 -0.032603 -0.701129 0.712217
1627999115.161583 212.619463 -209.092359 12.283593 -0.009310 -0.032144 -0.701408 0.711974
1627999115.261457 212.623643 -209.226787 12.297928 -0.010062 -0.032631 -0.701505 0.711846
1627999115.361384 212.617999 -209.354480 12.302486 -0.011137 -0.033780 -0.701341 0.711938
1627999115.461269 212.620134 -209.489068 12.308440 -0.010896 -0.034236 -0.701642 0.711623
1627999115.561193 212.619946 -209.621530 12.323792 -0.011993 -0.034931 -0.701502 0.711710
1627999115.661069 212.625750 -209.747567 12.327783 -0.013412 -0.036163 -0.701348 0.711775
1627999115.760981 212.625717 -209.869140 12.328986 -0.012424 -0.036130 -0.701513 0.711632
1627999115.860888 212.625852 -210.010441 12.343898 -0.011713 -0.036099 -0.701735 0.711426
1627999115.960726 212.627489 -210.146912 12.355367 -0.012614 -0.036554 -0.701831 0.711293
1627999116.060647 212.634848 -210.284760 12.359089 -0.012160 -0.036024 -0.701704 0.711454
1627999116.160605 212.638398 -210.412843 12.369496 -0.011519 -0.035613 -0.701782 0.711407
1627999116.260497 212.634945 -210.538184 12.378292 -0.011653 -0.035502 -0.701523 0.711666
1627999116.360430 212.638568 -210.661303 12.387872 -0.011907 -0.035951 -0.701341 0.711819
1627999116.460371 212.634329 -210.782827 12.393772 -0.011433 -0.036474 -0.701411 0.711731
1627999116.560289 212.636506 -210.912762 12.402650 -0.011289 -0.036240 -0.701544 0.711615
1627999116.660221 212.649308 -211.041214 12.411422 -0.011915 -0.036187 -0.701586 0.711565
1627999116.760153 212.653183 -211.172689 12.419280 -0.012097 -0.036548 -0.701226 0.711899
1627999116.860177 212.651626 -211.297700 12.426336 -0.011393 -0.036711 -0.701296 0.711833
1627999116.959999 212.649288 -211.434666 12.434430 -0.010884 -0.036594 -0.701346 0.711797
1627999117.059926 212.645791 -211.551029 12.445868 -0.011510 -0.036423 -0.701014 0.712123
1627999117.159913 212.646482 -211.668037 12.452264 -0.011673 -0.036834 -0.700784 0.712327
1627999117.259840 212.656060 -211.804425 12.461123 -0.011140 -0.037302 -0.700758 0.712336
1627999117.359845 212.656396 -211.940918 12.471951 -0.011324 -0.037130 -0.700607 0.712491
1627999117.459765 212.659439 -212.061722 12.479200 -0.012270 -0.037142 -0.700143 0.712931
1627999117.559716 212.664349 -212.188064 12.484716 -0.012009 -0.036490 -0.699629 0.713473
1627999117.659664 212.658089 -212.320737 12.493797 -0.011086 -0.036319 -0.699223 0.713895
1627999117.759670 212.667510 -212.446646 12.504879 -0.011239 -0.035880 -0.699086 0.714049
1627999117.859593 212.667104 -212.571226 12.514805 -0.012159 -0.036008 -0.698655 0.714449
1627999117.959525 212.674383 -212.710313 12.522973 -0.012765 -0.036715 -0.698460 0.714592
1627999118.059507 212.673927 -212.831066 12.529597 -0.012725 -0.036795 -0.698224 0.714820
1627999118.159470 212.680471 -212.949403 12.538047 -0.012877 -0.035897 -0.697856 0.715222
1627999118.259456 212.693539 -213.077109 12.547863 -0.013219 -0.035803 -0.697509 0.715559
1627999118.359484 212.692482 -213.209081 12.554424 -0.012398 -0.035830 -0.697071 0.715999
1627999118.459414 212.688978 -213.336453 12.565739 -0.011932 -0.035647 -0.697602 0.715499
1627999118.559398 212.695160 -213.468564 12.578577 -0.012597 -0.035863 -0.697769 0.715314
1627999118.659413 212.700047 -213.593221 12.581681 -0.013327 -0.035835 -0.697637 0.715431
1627999118.759343 212.707480 -213.726645 12.588034 -0.012407 -0.035811 -0.697651 0.715435
1627999118.859327 212.705443 -213.854981 12.600324 -0.011805 -0.035609 -0.698014 0.715101
1627999118.959324 212.707598 -213.986853 12.610260 -0.012603 -0.035829 -0.697973 0.715116
1627999119.060267 212.716375 -214.115107 12.614267 -0.012828 -0.036111 -0.697900 0.715169
1627999119.164281 212.714093 -214.245151 12.622080 -0.012109 -0.036186 -0.698240 0.714846
1627999119.259333 212.709634 -214.363193 12.633983 -0.012550 -0.035922 -0.698666 0.714435
1627999119.359298 212.711109 -214.492793 12.644533 -0.013444 -0.036030 -0.698458 0.714617
1627999119.459428 212.720788 -214.620258 12.651135 -0.013203 -0.036987 -0.698139 0.714884
1627999119.560357 212.719150 -214.754667 12.657741 -0.012307 -0.037391 -0.698627 0.714402
1627999119.659302 212.722504 -214.887289 12.669564 -0.012448 -0.036935 -0.698814 0.714240
1627999119.759305 212.730936 -215.014164 12.678270 -0.013192 -0.037277 -0.699028 0.714001
1627999119.859292 212.727678 -215.138557 12.682730 -0.012837 -0.037198 -0.698804 0.714230
1627999119.959482 212.730392 -215.260488 12.694730 -0.011785 -0.036784 -0.699053 0.714026
1627999120.059352 212.731161 -215.389212 12.707746 -0.013179 -0.037340 -0.699230 0.713799
1627999120.159324 212.727654 -215.517999 12.709481 -0.013559 -0.037777 -0.699347 0.713654
1627999120.259346 212.727694 -215.651627 12.715678 -0.012533 -0.037311 -0.699275 0.713769
1627999120.359362 212.733000 -215.765695 12.729672 -0.012693 -0.037197 -0.699464 0.713586
1627999120.459703 212.736781 -215.899126 12.739707 -0.013819 -0.037595 -0.699471 0.713538
1627999120.559412 212.744206 -216.021935 12.744206 -0.014158 -0.037499 -0.699290 0.713713
1627999120.659412 212.745694 -216.140680 12.751633 -0.013829 -0.037370 -0.699498 0.713523
1627999120.759600 212.745545 -216.262832 12.763620 -0.014070 -0.037490 -0.699924 0.713094
1627999120.860055 212.746742 -216.380765 12.770315 -0.014725 -0.036647 -0.699719 0.713325
1627999120.959529 212.754101 -216.503026 12.777230 -0.014287 -0.035770 -0.699659 0.713438
1627999121.059499 212.761249 -216.618798 12.787173 -0.013431 -0.035662 -0.700063 0.713064
1627999121.159535 212.757961 -216.734158 12.796239 -0.013053 -0.035580 -0.700596 0.712551
1627999121.259573 212.758952 -216.846982 12.804529 -0.013633 -0.034740 -0.700744 0.712436
1627999121.359605 212.761702 -216.962441 12.811326 -0.014284 -0.034235 -0.700859 0.712334
1627999121.459638 212.762473 -217.067834 12.818757 -0.013670 -0.034149 -0.701030 0.712183
1627999121.559819 212.770114 -217.174664 12.825865 -0.013103 -0.034302 -0.701340 0.711881
1627999121.659700 212.769962 -217.275407 12.836042 -0.013474 -0.034724 -0.701504 0.711691
1627999121.759738 212.777586 -217.382121 12.842558 -0.013909 -0.035457 -0.701689 0.711465
1627999121.859834 212.768943 -217.474006 12.845975 -0.013147 -0.035498 -0.701607 0.711558
1627999121.960011 212.774522 -217.555591 12.853315 -0.012845 -0.035632 -0.701886 0.711282
1627999122.059846 212.770932 -217.649860 12.860349 -0.013155 -0.034908 -0.702261 0.710942
1627999122.159923 212.774022 -217.745548 12.867218 -0.013677 -0.034037 -0.702287 0.710948
1627999122.260269 212.781499 -217.833407 12.870181 -0.013563 -0.034414 -0.702371 0.710849
1627999122.360074 212.782156 -217.916917 12.873398 -0.012118 -0.035627 -0.702046 0.711136
1627999122.460123 212.783518 -217.993852 12.880848 -0.010986 -0.036741 -0.702167 0.710979
1627999122.560097 212.782548 -218.078606 12.889645 -0.011568 -0.036641 -0.702589 0.710558
1627999122.660178 212.783711 -218.171616 12.895980 -0.012583 -0.034912 -0.702640 0.710577
1627999122.760194 212.784030 -218.248399 12.902152 -0.013498 -0.034148 -0.702405 0.710830
1627999122.860238 212.792657 -218.330135 12.902578 -0.013271 -0.035208 -0.702510 0.710678
1627999122.960289 212.784335 -218.393433 12.904069 -0.011293 -0.036199 -0.702149 0.711020
1627999123.060351 212.786640 -218.463929 12.911202 -0.010275 -0.037226 -0.702434 0.710701
1627999123.160400 212.791024 -218.531628 12.919368 -0.010749 -0.037051 -0.702539 0.710598
1627999123.260462 212.789192 -218.597425 12.922655 -0.011581 -0.035908 -0.702639 0.710546
1627999123.360526 212.782263 -218.639000 12.925904 -0.012113 -0.035626 -0.702772 0.710420
1627999123.460620 212.781855 -218.682315 12.927732 -0.012316 -0.036447 -0.702890 0.710257
1627999123.560671 212.781798 -218.723081 12.931048 -0.011817 -0.037280 -0.703045 0.710070
1627999123.660722 212.790253 -218.788044 12.934348 -0.011702 -0.037547 -0.703012 0.710090
1627999123.760794 212.789153 -218.853929 12.942478 -0.011940 -0.038025 -0.703061 0.710012
1627999123.860860 212.785137 -218.888601 12.942596 -0.012336 -0.037948 -0.702891 0.710178
1627999123.960925 212.785264 -218.921457 12.945235 -0.012015 -0.038228 -0.703091 0.709970
1627999124.060961 212.789545 -218.960740 12.949275 -0.012254 -0.038650 -0.703013 0.710020
1627999124.161047 212.791615 -218.999963 12.951721 -0.012670 -0.038072 -0.703391 0.709670
1627999124.261096 212.798176 -219.038342 12.953076 -0.012884 -0.037464 -0.703342 0.709746
1627999124.361175 212.798293 -219.075790 12.956429 -0.013340 -0.037470 -0.703466 0.709616
1627999124.461272 212.797991 -219.118545 12.960906 -0.013764 -0.037695 -0.703671 0.709392
1627999124.561347 212.792423 -219.162148 12.960756 -0.013880 -0.038004 -0.703515 0.709528
1627999124.661385 212.798571 -219.199808 12.964081 -0.013335 -0.038303 -0.703709 0.709330
1627999124.761465 212.797029 -219.243337 12.968308 -0.013012 -0.038283 -0.703401 0.709643
1627999124.861540 212.794947 -219.278878 12.970830 -0.012998 -0.038174 -0.703415 0.709634
1627999124.961606 212.794745 -219.321067 12.973525 -0.012940 -0.038209 -0.703228 0.709819
1627999125.061699 212.793086 -219.354433 12.975405 -0.012799 -0.038452 -0.703279 0.709758
1627999125.161767 212.788724 -219.397489 12.978165 -0.012683 -0.038670 -0.703332 0.709695
1627999125.261861 212.791802 -219.437932 12.981684 -0.012891 -0.039120 -0.703293 0.709706
1627999125.361926 212.790496 -219.484419 12.985728 -0.013155 -0.038720 -0.703544 0.709474
1627999125.462012 212.795355 -219.536605 12.990976 -0.013509 -0.038067 -0.703551 0.709496
1627999125.562088 212.794504 -219.563477 12.992472 -0.014080 -0.037879 -0.703726 0.709321
1627999125.662162 212.797192 -219.608732 12.995687 -0.014373 -0.037921 -0.703760 0.709280
1627999125.762252 212.798217 -219.654275 12.997955 -0.014622 -0.038325 -0.703769 0.709243
1627999125.862347 212.800460 -219.692168 13.000486 -0.014331 -0.038836 -0.703723 0.709267
1627999125.962407 212.798348 -219.743555 13.004242 -0.014537 -0.038940 -0.703679 0.709302
1627999126.062493 212.804167 -219.789459 13.008045 -0.014779 -0.039212 -0.703543 0.709416
1627999126.162643 212.799403 -219.833266 13.010014 -0.014785 -0.039730 -0.703659 0.709272
1627999126.262686 212.794154 -219.884064 13.011406 -0.014580 -0.040190 -0.704040 0.708873
1627999126.362776 212.791524 -219.930580 13.017189 -0.014265 -0.040506 -0.704609 0.708295
1627999126.462866 212.793532 -219.979498 13.022747 -0.014600 -0.040100 -0.705676 0.707248
1627999126.562944 212.795140 -220.018712 13.025579 -0.015150 -0.039473 -0.706843 0.706106
1627999126.663052 212.796058 -220.050217 13.027065 -0.015294 -0.039248 -0.708407 0.704547
1627999126.763120 212.801611 -220.095628 13.031453 -0.015577 -0.039820 -0.710012 0.702890
1627999126.863215 212.791704 -220.137777 13.031445 -0.015386 -0.040105 -0.711936 0.700930
1627999126.968266 212.790788 -220.186324 13.037437 -0.015183 -0.040468 -0.713389 0.699434
1627999127.063743 212.792914 -220.237774 13.041340 -0.015127 -0.040981 -0.715434 0.697314
1627999127.163499 212.791414 -220.281392 13.046364 -0.015123 -0.041157 -0.717484 0.695194
1627999127.263589 212.789952 -220.334936 13.048334 -0.014826 -0.041184 -0.719370 0.693246
1627999127.363681 212.788701 -220.387298 13.053067 -0.014579 -0.041641 -0.721441 0.691069
1627999127.463777 212.788375 -220.440642 13.056826 -0.014211 -0.041640 -0.723668 0.688745
1627999127.563881 212.787781 -220.493392 13.062465 -0.013752 -0.041197 -0.725592 0.686753
1627999127.663971 212.784153 -220.550530 13.066775 -0.013953 -0.040877 -0.727437 0.684813
1627999127.764482 212.788082 -220.603725 13.072157 -0.014578 -0.040836 -0.729207 0.682918
1627999127.864163 212.787631 -220.658368 13.076753 -0.014366 -0.040482 -0.730541 0.681517
1627999127.964268 212.782521 -220.724847 13.077167 -0.013720 -0.040669 -0.731858 0.680104
1627999128.064363 212.774678 -220.769820 13.081088 -0.012814 -0.040775 -0.733138 0.678735
1627999128.164468 212.770785 -220.826400 13.086790 -0.012197 -0.040774 -0.734641 0.677120
1627999128.264610 212.767521 -220.878795 13.092243 -0.012057 -0.040784 -0.735836 0.675823
1627999128.364662 212.750640 -220.928621 13.096195 -0.011892 -0.039809 -0.737370 0.674210
1627999128.464805 212.753368 -220.990679 13.100451 -0.011807 -0.039391 -0.738655 0.672828
1627999128.564876 212.753651 -221.048960 13.105324 -0.012213 -0.039368 -0.739771 0.671595
1627999128.665056 212.746377 -221.106334 13.108936 -0.012329 -0.038982 -0.740416 0.670905
1627999128.765097 212.734982 -221.173924 13.110569 -0.011974 -0.038767 -0.740594 0.670727
1627999128.865177 212.725381 -221.242451 13.113530 -0.011610 -0.039019 -0.740319 0.671022
1627999128.965294 212.723380 -221.306263 13.119044 -0.011509 -0.039180 -0.740199 0.671147
1627999129.065410 212.717655 -221.374594 13.126479 -0.011644 -0.039120 -0.740048 0.671315
1627999129.165607 212.717777 -221.440947 13.133080 -0.011734 -0.038432 -0.739975 0.671433
1627999129.265621 212.706396 -221.521994 13.136086 -0.011940 -0.038157 -0.739819 0.671617
1627999129.365750 212.702550 -221.596054 13.141966 -0.012605 -0.038579 -0.739556 0.671870
1627999129.465831 212.695019 -221.672852 13.145975 -0.012952 -0.038731 -0.739213 0.672233
1627999129.565960 212.680433 -221.746983 13.147976 -0.012349 -0.039181 -0.738659 0.672826
1627999129.666186 212.670287 -221.824306 13.152335 -0.012023 -0.039530 -0.738681 0.672787
1627999129.766158 212.663425 -221.898957 13.162910 -0.011703 -0.038781 -0.738906 0.672590
1627999129.866263 212.657341 -221.981689 13.170695 -0.011625 -0.037154 -0.739292 0.672259
1627999129.966384 212.658236 -222.077333 13.175412 -0.012556 -0.036975 -0.739457 0.672070
1627999130.066579 212.651371 -222.170579 13.176408 -0.012655 -0.037646 -0.739398 0.672096
1627999130.166598 212.638174 -222.254713 13.177553 -0.011150 -0.038661 -0.739074 0.672421
1627999130.266893 212.626756 -222.343135 13.186584 -0.009864 -0.039880 -0.739385 0.672029
1627999130.366834 212.623697 -222.419871 13.198687 -0.010460 -0.039068 -0.739563 0.671871
1627999130.466938 212.611857 -222.519472 13.206695 -0.011880 -0.037426 -0.739928 0.671539
1627999130.567040 212.600471 -222.617934 13.206275 -0.013208 -0.036838 -0.739740 0.671754
1627999130.667166 212.589142 -222.720188 13.205368 -0.012795 -0.037795 -0.738991 0.672533
1627999130.767359 212.582320 -222.805278 13.212195 -0.010814 -0.039562 -0.738448 0.673062
1627999130.867735 212.575692 -222.884740 13.224437 -0.009610 -0.040145 -0.738152 0.673370
1627999130.967492 212.561378 -222.977722 13.236815 -0.010767 -0.039195 -0.737931 0.673651
1627999131.067629 212.558271 -223.075218 13.242876 -0.012965 -0.038464 -0.737196 0.674458
1627999131.167726 212.558210 -223.175366 13.242966 -0.014287 -0.038472 -0.736152 0.675571
1627999131.268400 212.555326 -223.267388 13.243338 -0.012815 -0.039490 -0.735344 0.676421
1627999131.367998 212.538951 -223.355851 13.253938 -0.011557 -0.040619 -0.734763 0.677008
1627999131.468095 212.527674 -223.435647 13.266646 -0.011401 -0.040144 -0.734524 0.677298
1627999131.568198 212.523218 -223.540882 13.276595 -0.013108 -0.038898 -0.734266 0.677620
1627999131.668346 212.520273 -223.642626 13.280121 -0.014542 -0.038317 -0.734113 0.677789
1627999131.768434 212.509599 -223.735021 13.280370 -0.013900 -0.038746 -0.734149 0.677739
1627999131.868556 212.495408 -223.816061 13.288380 -0.012755 -0.039751 -0.734363 0.677472
1627999131.968737 212.484076 -223.896167 13.298233 -0.012560 -0.039585 -0.734867 0.676939
1627999132.068800 212.480272 -223.989469 13.305877 -0.013781 -0.038940 -0.735194 0.676598
1627999132.168945 212.472405 -224.099219 13.311337 -0.015514 -0.038756 -0.735197 0.676567
1627999132.269095 212.468192 -224.191368 13.317348 -0.015012 -0.038968 -0.735146 0.676621
1627999132.369179 212.459866 -224.283201 13.323421 -0.013843 -0.038994 -0.735411 0.676356
1627999132.469288 212.447143 -224.369931 13.332960 -0.012821 -0.038240 -0.735982 0.675798
1627999132.569394 212.438054 -224.469053 13.338663 -0.013754 -0.036966 -0.736314 0.675490
1627999132.669526 212.435937 -224.567410 13.345638 -0.014791 -0.036519 -0.736310 0.675497
1627999132.769653 212.428161 -224.659712 13.348638 -0.013697 -0.036416 -0.736237 0.675605
1627999132.869756 212.425199 -224.736727 13.351742 -0.012055 -0.037363 -0.736539 0.675255
1627999132.969884 212.415811 -224.831567 13.364704 -0.011809 -0.037524 -0.736929 0.674825
1627999133.070008 212.403817 -224.924618 13.372164 -0.013238 -0.036355 -0.737387 0.674361
1627999133.170124 212.392363 -225.023189 13.373028 -0.015129 -0.035791 -0.737410 0.674327
1627999133.270272 212.394728 -225.117064 13.375855 -0.014737 -0.035897 -0.737029 0.674746
1627999133.370396 212.386741 -225.207721 13.380509 -0.012895 -0.037182 -0.737181 0.674548
1627999133.470512 212.369564 -225.280625 13.390743 -0.011387 -0.037624 -0.737462 0.674244
1627999133.570629 212.354856 -225.356385 13.401085 -0.011535 -0.036115 -0.737739 0.674021
1627999133.670762 212.345059 -225.440312 13.405501 -0.013309 -0.034685 -0.737725 0.674078
1627999133.770885 212.341147 -225.530541 13.407762 -0.013677 -0.034178 -0.737755 0.674064
1627999133.871014 212.341109 -225.609673 13.407260 -0.011940 -0.035124 -0.737341 0.674502
1627999133.971172 212.323831 -225.699176 13.413201 -0.010045 -0.036599 -0.737213 0.674594
1627999134.071245 212.317167 -225.784237 13.426898 -0.009388 -0.036415 -0.737386 0.674424
1627999134.171388 212.303715 -225.862989 13.435245 -0.009991 -0.034421 -0.737635 0.674248
1627999134.271521 212.304279 -225.929260 13.435102 -0.012075 -0.033119 -0.737577 0.674343
1627999134.371786 212.301758 -226.007268 13.435337 -0.012359 -0.033076 -0.737384 0.674550
1627999134.471756 212.299044 -226.082210 13.435322 -0.011047 -0.034637 -0.736927 0.674994
1627999134.571890 212.293056 -226.159336 13.439977 -0.009764 -0.036186 -0.737037 0.674813
1627999134.672070 212.284924 -226.226135 13.451848 -0.009730 -0.036229 -0.737088 0.674755
1627999134.772292 212.274210 -226.307544 13.458468 -0.010569 -0.034917 -0.737399 0.674471
1627999134.872287 212.269185 -226.374148 13.459951 -0.012265 -0.034621 -0.737469 0.674382
1627999134.972436 212.264490 -226.440238 13.461204 -0.012894 -0.035381 -0.737919 0.673838
1627999135.072535 212.257137 -226.516405 13.464925 -0.012317 -0.036487 -0.737952 0.673754
1627999135.172655 212.250169 -226.579229 13.471193 -0.011313 -0.037915 -0.738176 0.673447
1627999135.272797 212.243575 -226.642315 13.477762 -0.011587 -0.038145 -0.738470 0.673107
1627999135.372938 212.230582 -226.716309 13.488233 -0.012049 -0.037292 -0.738692 0.672903
1627999135.473056 212.224371 -226.794293 13.489955 -0.012398 -0.036245 -0.739004 0.672612
1627999135.573508 212.223531 -226.856675 13.491192 -0.012919 -0.036258 -0.739222 0.672361
1627999135.673313 212.214334 -226.934852 13.495462 -0.012825 -0.036698 -0.739373 0.672173
1627999135.773468 212.205122 -227.012429 13.502112 -0.012062 -0.037222 -0.739170 0.672382
1627999135.873573 212.196578 -227.077530 13.505881 -0.011381 -0.037988 -0.739357 0.672144
1627999135.973855 212.187653 -227.150588 13.510819 -0.011263 -0.038260 -0.739415 0.672068
1627999136.073849 212.182242 -227.216071 13.519114 -0.011103 -0.037377 -0.739756 0.671744
1627999136.173959 212.180378 -227.286624 13.519023 -0.011757 -0.036348 -0.739983 0.671540
1627999136.274092 212.172993 -227.367307 13.521939 -0.012912 -0.036840 -0.740195 0.671258
1627999136.374219 212.157273 -227.443709 13.529408 -0.012982 -0.037366 -0.740227 0.671193
1627999136.474360 212.149698 -227.522063 13.533992 -0.012006 -0.037731 -0.739992 0.671449
1627999136.576250 212.142424 -227.596987 13.537656 -0.011252 -0.038259 -0.740134 0.671276
1627999136.674665 212.137645 -227.668765 13.550217 -0.011096 -0.037655 -0.740468 0.670945
1627999136.774745 212.122961 -227.750231 13.553467 -0.011137 -0.036363 -0.740896 0.670543
1627999136.874869 212.110711 -227.832978 13.553764 -0.012326 -0.036268 -0.740735 0.670705
1627999136.975006 212.110900 -227.913902 13.562855 -0.012484 -0.036670 -0.740904 0.670493
1627999137.075160 212.102066 -227.998730 13.565108 -0.010993 -0.036604 -0.740654 0.670798
1627999137.175279 212.092630 -228.093846 13.566615 -0.010409 -0.037605 -0.740658 0.670748
1627999137.275417 212.088350 -228.182010 13.576893 -0.010913 -0.038104 -0.740916 0.670428
1627999137.375539 212.078908 -228.275404 13.588043 -0.011731 -0.036990 -0.741105 0.670267
1627999137.475690 212.063156 -228.369007 13.590300 -0.012737 -0.036456 -0.740928 0.670473
1627999137.575808 212.048652 -228.455269 13.595700 -0.012237 -0.036802 -0.740617 0.670808
1627999137.675978 212.039943 -228.560776 13.599424 -0.010860 -0.037531 -0.740542 0.670873
1627999137.776087 212.026533 -228.663357 13.609127 -0.010123 -0.037860 -0.740750 0.670636
1627999137.876215 212.017370 -228.753342 13.617493 -0.010582 -0.036785 -0.740818 0.670614
1627999137.976351 212.011366 -228.848167 13.621752 -0.011932 -0.036194 -0.740764 0.670683
1627999138.076695 212.004526 -228.947425 13.627914 -0.011599 -0.036046 -0.740478 0.671013
1627999138.177029 211.993853 -229.036029 13.631288 -0.010166 -0.036307 -0.740330 0.671185
1627999138.277441 211.982445 -229.136549 13.638096 -0.009574 -0.036725 -0.740577 0.670899
1627999138.377790 211.970298 -229.239392 13.647514 -0.010398 -0.036142 -0.740776 0.670699
1627999138.478143 211.962501 -229.337235 13.651046 -0.011463 -0.035302 -0.740554 0.670971
1627999138.578509 211.950974 -229.443362 13.657865 -0.011324 -0.035643 -0.740193 0.671353
1627999138.678889 211.943588 -229.540226 13.661123 -0.010561 -0.036404 -0.740202 0.671315
1627999138.779244 211.933579 -229.635486 13.671635 -0.010403 -0.036820 -0.740281 0.671208
1627999138.879642 211.918959 -229.740963 13.678779 -0.011023 -0.036029 -0.740550 0.670945
1627999138.980025 211.907385 -229.842982 13.684671 -0.012059 -0.035247 -0.740208 0.671345
1627999139.080356 211.897806 -229.939558 13.690299 -0.011387 -0.035439 -0.739957 0.671624
1627999139.180737 211.886665 -230.026483 13.691035 -0.010229 -0.036869 -0.739847 0.671686
1627999139.281091 211.873378 -230.111814 13.701345 -0.009830 -0.037638 -0.739679 0.671834
1627999139.381418 211.868722 -230.212283 13.708027 -0.010389 -0.036771 -0.739907 0.671623
1627999139.481778 211.863024 -230.323652 13.713270 -0.011386 -0.036369 -0.739825 0.671719
1627999139.582158 211.854578 -230.426155 13.718965 -0.011329 -0.037216 -0.739481 0.672052
1627999139.682502 211.838303 -230.518971 13.724388 -0.010193 -0.038496 -0.739273 0.672228
1627999139.782864 211.830576 -230.607167 13.730575 -0.009817 -0.039116 -0.739693 0.671735
1627999139.883230 211.821450 -230.707813 13.736228 -0.010916 -0.038783 -0.739878 0.671533
1627999139.983564 211.805379 -230.808729 13.746299 -0.011903 -0.038767 -0.739376 0.672070
1627999140.083940 211.797778 -230.904921 13.750862 -0.011204 -0.039530 -0.738807 0.672664
1627999140.184259 211.784867 -231.004613 13.752774 -0.010419 -0.041597 -0.738625 0.672751
1627999140.284641 211.776281 -231.103574 13.763208 -0.010544 -0.042608 -0.739024 0.672248
1627999140.384961 211.769838 -231.207401 13.770744 -0.012115 -0.042063 -0.739136 0.672132
1627999140.485298 211.755561 -231.316169 13.779836 -0.013496 -0.041908 -0.738691 0.672605
1627999140.585646 211.745719 -231.412502 13.788876 -0.013075 -0.042554 -0.738505 0.672777
1627999140.686022 211.730700 -231.512239 13.793430 -0.011846 -0.043641 -0.738228 0.673034
1627999140.786363 211.722328 -231.612314 13.803690 -0.011103 -0.043996 -0.738603 0.672612
1627999140.886686 211.715246 -231.711737 13.810379 -0.011224 -0.043708 -0.738561 0.672674
1627999140.987031 211.702472 -231.818851 13.817945 -0.011457 -0.043042 -0.738227 0.673080
1627999141.087391 211.688436 -231.931841 13.822763 -0.011227 -0.043334 -0.738299 0.672987
1627999141.187721 211.686398 -232.025790 13.833616 -0.011568 -0.043587 -0.738440 0.672810
1627999141.288060 211.678400 -232.114294 13.839405 -0.012186 -0.043013 -0.738581 0.672680
1627999141.388399 211.662189 -232.215966 13.844339 -0.012870 -0.042868 -0.738191 0.673106
1627999141.488741 211.646138 -232.333148 13.853280 -0.012447 -0.044096 -0.737806 0.673456
1627999141.589040 211.635620 -232.444516 13.859113 -0.011862 -0.045716 -0.737938 0.673214
1627999141.689402 211.629730 -232.548486 13.871869 -0.011969 -0.045806 -0.738298 0.672812
1627999141.789704 211.621776 -232.650017 13.878793 -0.013330 -0.044560 -0.738579 0.672561
1627999141.890068 211.612851 -232.758804 13.885487 -0.015208 -0.044097 -0.737992 0.673196
1627999141.990407 211.595677 -232.864998 13.895698 -0.014763 -0.044992 -0.737697 0.673470
1627999142.090714 211.591989 -232.968535 13.906904 -0.013191 -0.045522 -0.737723 0.673438
1627999142.191081 211.578755 -233.069295 13.908886 -0.012434 -0.045844 -0.737799 0.673347
1627999142.291361 211.558115 -233.168878 13.917157 -0.013116 -0.045832 -0.737814 0.673319
1627999142.391693 211.553868 -233.284383 13.932721 -0.012938 -0.045104 -0.737501 0.673714
1627999142.492028 211.539882 -233.406632 13.938131 -0.012311 -0.045073 -0.737524 0.673702
1627999142.592339 211.528966 -233.514937 13.944287 -0.012307 -0.045662 -0.737725 0.673443
1627999142.692806 211.521385 -233.618817 13.951232 -0.013133 -0.045946 -0.737746 0.673385
1627999142.792990 211.508609 -233.726324 13.958244 -0.014384 -0.046800 -0.737142 0.673961
1627999142.893326 211.501757 -233.834071 13.968190 -0.014811 -0.048165 -0.737116 0.673885
1627999142.993648 211.490033 -233.937326 13.980314 -0.014001 -0.048814 -0.737123 0.673848
1627999143.094038 211.480643 -234.051172 13.986691 -0.013885 -0.049230 -0.737208 0.673727
1627999143.194262 211.468367 -234.164333 14.000863 -0.014075 -0.049304 -0.737001 0.673944
1627999143.294597 211.453863 -234.283356 14.013482 -0.013237 -0.048305 -0.736909 0.674134
1627999143.394897 211.441759 -234.391576 14.017177 -0.012672 -0.047666 -0.736944 0.674152
1627999143.495217 211.426949 -234.498834 14.019743 -0.013504 -0.048692 -0.736715 0.674312
1627999143.595524 211.416196 -234.613724 14.030643 -0.013721 -0.049979 -0.736620 0.674319
1627999143.695848 211.411042 -234.716799 14.041749 -0.013819 -0.051329 -0.736128 0.674751
1627999143.796189 211.402951 -234.821339 14.048205 -0.014121 -0.053256 -0.736365 0.674338
1627999143.896476 211.393496 -234.921904 14.067662 -0.014105 -0.053789 -0.736653 0.673981
1627999143.996787 211.380351 -235.030830 14.071836 -0.014678 -0.053284 -0.736270 0.674427
1627999144.097099 211.358294 -235.136810 14.078789 -0.015379 -0.053892 -0.735755 0.674925
1627999144.197403 211.352443 -235.243829 14.095630 -0.014938 -0.054027 -0.735680 0.675006
1627999144.297701 211.344594 -235.345707 14.108609 -0.013417 -0.052925 -0.735770 0.675027
1627999144.398013 211.337515 -235.450399 14.112357 -0.013033 -0.051704 -0.735706 0.675199
1627999144.498316 211.333330 -235.553599 14.120619 -0.013204 -0.050827 -0.735664 0.675308
1627999144.598628 211.321733 -235.653136 14.125789 -0.012030 -0.050851 -0.735209 0.675824
1627999144.698946 211.324193 -235.759549 14.139111 -0.009724 -0.052485 -0.735297 0.675640
1627999144.799252 211.298518 -235.854157 14.154766 -0.008761 -0.050757 -0.736024 0.674993
1627999144.899551 211.290525 -235.962424 14.159377 -0.010911 -0.046123 -0.736131 0.675177
1627999145.000278 211.287350 -236.055523 14.162531 -0.012448 -0.042200 -0.735956 0.675598
1627999145.100157 211.288948 -236.162630 14.174931 -0.010672 -0.039694 -0.735323 0.676469
1627999145.200451 211.275903 -236.257970 14.188203 -0.005880 -0.038688 -0.734439 0.677545
1627999145.300757 211.275583 -236.373777 14.191315 0.000220 -0.038892 -0.734405 0.677596
1627999145.401040 211.262330 -236.478282 14.195212 0.001290 -0.035142 -0.735239 0.676895
1627999145.501360 211.250634 -236.580720 14.181172 -0.000639 -0.032075 -0.734960 0.677351
1627999145.601650 211.250363 -236.676747 14.189403 -0.003002 -0.031199 -0.734569 0.677810
1627999145.701987 211.240987 -236.785902 14.198561 -0.001745 -0.032503 -0.733877 0.678502
1627999145.802249 211.222120 -236.894877 14.195790 -0.001726 -0.033542 -0.733787 0.678548
1627999145.902534 211.221985 -237.005744 14.193912 -0.004536 -0.034735 -0.733878 0.678377
1627999146.002833 211.203145 -237.110145 14.207315 -0.006453 -0.036527 -0.732896 0.679329
1627999146.103125 211.192231 -237.202524 14.214101 -0.005730 -0.038221 -0.732224 0.679966
1627999146.203422 211.193422 -237.298902 14.221982 -0.004841 -0.039954 -0.732350 0.679738
1627999146.303722 211.176726 -237.408740 14.228904 -0.005652 -0.039811 -0.732390 0.679698
1627999146.403986 211.167752 -237.515149 14.237836 -0.007591 -0.038669 -0.732454 0.679675
1627999146.504286 211.164553 -237.620030 14.247891 -0.007649 -0.037916 -0.732042 0.680161
1627999146.604588 211.158013 -237.708494 14.249898 -0.005896 -0.038644 -0.732222 0.679943
1627999146.704884 211.163496 -237.787970 14.253666 -0.004909 -0.039768 -0.732861 0.679197
1627999146.805181 211.156065 -237.883893 14.257105 -0.006560 -0.039947 -0.733643 0.678328
1627999146.905450 211.146350 -237.983619 14.262914 -0.008410 -0.040085 -0.734515 0.677355
1627999147.005756 211.140152 -238.091121 14.272866 -0.009016 -0.040113 -0.735315 0.676478
1627999147.106066 211.143032 -238.194093 14.273563 -0.008636 -0.041689 -0.737012 0.674537
1627999147.206325 211.136367 -238.274581 14.287839 -0.008095 -0.042671 -0.738920 0.672392
1627999147.306598 211.124025 -238.349412 14.297752 -0.007661 -0.041556 -0.740941 0.670239
1627999147.406883 211.105692 -238.443515 14.299171 -0.008652 -0.040294 -0.742970 0.668055
1627999147.507151 211.092903 -238.558170 14.308272 -0.008664 -0.040169 -0.744592 0.666254
1627999147.607445 211.091987 -238.654937 14.312720 -0.007260 -0.041042 -0.746342 0.664256
1627999147.707742 211.091466 -238.744078 14.320933 -0.006500 -0.041257 -0.748215 0.662141
1627999147.807999 211.080667 -238.825208 14.327155 -0.007102 -0.039989 -0.750550 0.659564
1627999147.908381 211.065039 -238.919897 14.328897 -0.008059 -0.039301 -0.752218 0.657692
1627999148.008554 211.046766 -239.008585 14.337516 -0.008002 -0.039488 -0.753421 0.656303
1627999148.108838 211.032541 -239.102411 14.343494 -0.006265 -0.040211 -0.754858 0.654624
1627999148.209135 211.025972 -239.185388 14.347132 -0.005174 -0.041129 -0.756033 0.653220
1627999148.309408 211.014568 -239.283536 14.356046 -0.005703 -0.040122 -0.757935 0.651070
1627999148.506284 210.985602 -239.431782 14.363879 -0.007796 -0.038407 -0.759600 0.649209
1627999148.509943 210.987355 -239.432476 14.364037 -0.007733 -0.038445 -0.759626 0.649177
1627999148.610243 210.971750 -239.549156 14.371214 -0.007239 -0.039230 -0.761355 0.647107
1627999148.711235 210.948928 -239.664741 14.375587 -0.005322 -0.040556 -0.762449 0.645755
1627999148.810781 210.931466 -239.756554 14.385326 -0.005472 -0.039587 -0.763973 0.644010
1627999148.912274 210.913640 -239.859181 14.387964 -0.006626 -0.038127 -0.765020 0.642843
1627999149.011348 210.896064 -239.944394 14.395709 -0.007177 -0.037600 -0.765707 0.642050
1627999149.111835 210.876153 -240.041020 14.401706 -0.005509 -0.038611 -0.766414 0.641162
1627999149.211905 210.858071 -240.134752 14.405404 -0.004478 -0.039797 -0.767500 0.639797
1627999149.312243 210.844551 -240.229064 14.412153 -0.004515 -0.039349 -0.768829 0.638227
1627999149.412413 210.828962 -240.327726 14.414337 -0.006564 -0.037512 -0.769674 0.637301
1627999149.512702 210.812573 -240.430137 14.418864 -0.007344 -0.037591 -0.770336 0.636487
1627999149.612946 210.791558 -240.528892 14.427523 -0.006266 -0.038492 -0.771085 0.635537
1627999149.713206 210.765481 -240.626755 14.431687 -0.004976 -0.039883 -0.772022 0.634324
1627999149.813494 210.754982 -240.722231 14.437815 -0.006202 -0.039073 -0.773424 0.632653
1627999149.916257 210.733410 -240.818417 14.444665 -0.008369 -0.038098 -0.774348 0.631556
1627999150.014056 210.715253 -240.916353 14.449130 -0.008632 -0.038139 -0.774781 0.631020
1627999150.114489 210.699851 -241.016285 14.454428 -0.007399 -0.039113 -0.775480 0.630116
1627999150.214559 210.674782 -241.140363 14.462900 -0.006845 -0.039990 -0.776703 0.628558
1627999150.315323 210.653761 -241.250000 14.469089 -0.007653 -0.038514 -0.777626 0.627500
1627999150.415082 210.625550 -241.353563 14.478524 -0.009251 -0.036130 -0.778066 0.627074
1627999150.517673 210.607201 -241.463185 14.481359 -0.008230 -0.036519 -0.778744 0.626224
1627999150.615604 210.582514 -241.564728 14.490397 -0.006472 -0.037553 -0.779454 0.625299
1627999150.716268 210.555118 -241.684202 14.498298 -0.005637 -0.038026 -0.780500 0.623973
1627999150.816157 210.525368 -241.789394 14.500191 -0.007013 -0.037295 -0.781323 0.622972
1627999150.916780 210.497138 -241.900291 14.507570 -0.008469 -0.036473 -0.781574 0.622688
1627999151.016649 210.472697 -242.015003 14.515380 -0.007147 -0.036853 -0.781940 0.622222
1627999151.116982 210.447664 -242.129303 14.522271 -0.005750 -0.036968 -0.782432 0.621611
1627999151.217153 210.419973 -242.244493 14.526561 -0.005505 -0.036553 -0.782541 0.621501
1627999151.317428 210.389813 -242.355628 14.531207 -0.005737 -0.036753 -0.782362 0.621712
1627999151.417698 210.360829 -242.463002 14.535596 -0.005489 -0.037585 -0.782280 0.621768
1627999151.517957 210.341585 -242.581563 14.543354 -0.004993 -0.037797 -0.782470 0.621520
1627999151.618192 210.314754 -242.687917 14.551847 -0.005828 -0.037138 -0.782441 0.621589
1627999151.718543 210.284955 -242.796109 14.555021 -0.006521 -0.037670 -0.782065 0.622023
1627999151.818770 210.261278 -242.914327 14.568001 -0.005503 -0.037730 -0.781930 0.622200
1627999151.919644 210.229788 -243.036442 14.576222 -0.003338 -0.038181 -0.781790 0.622362
1627999152.019247 210.199166 -243.155877 14.578360 -0.003483 -0.038471 -0.781932 0.622166
1627999152.120871 210.173418 -243.263187 14.584220 -0.004329 -0.037458 -0.781567 0.622681
1627999152.219723 210.147662 -243.368173 14.590098 -0.003389 -0.037651 -0.781269 0.623048
1627999152.320060 210.114346 -243.484724 14.596636 -0.003223 -0.038506 -0.781352 0.622893
1627999152.420252 210.094405 -243.589384 14.601469 -0.003362 -0.038879 -0.781501 0.622682
1627999152.520474 210.069003 -243.705652 14.607516 -0.004195 -0.038127 -0.781312 0.622961
1627999152.620751 210.044352 -243.813249 14.608774 -0.004047 -0.038458 -0.780980 0.623358
1627999152.721541 210.021886 -243.935911 14.620469 -0.003705 -0.039254 -0.780975 0.623316
1627999152.821255 209.993988 -244.054557 14.624627 -0.003087 -0.039357 -0.781190 0.623044
1627999152.921667 209.971816 -244.159770 14.627050 -0.004080 -0.038650 -0.781027 0.623287
1627999153.021755 209.953673 -244.269284 14.632903 -0.004696 -0.038270 -0.780747 0.623657
1627999153.122808 209.933443 -244.387907 14.639997 -0.003501 -0.038990 -0.780630 0.623766
1627999153.222274 209.903820 -244.501663 14.650971 -0.002689 -0.039442 -0.780721 0.623627
1627999153.322476 209.868434 -244.604159 14.653989 -0.003320 -0.039247 -0.780787 0.623554
1627999153.422745 209.834713 -244.704963 14.656574 -0.003945 -0.038324 -0.780457 0.624021
1627999153.523056 209.811573 -244.826786 14.666276 -0.003709 -0.038169 -0.780430 0.624066
1627999153.623223 209.790783 -244.940213 14.672646 -0.003028 -0.038436 -0.780488 0.623981
1627999153.723493 209.767878 -245.050943 14.675780 -0.002382 -0.039258 -0.780232 0.624252
1627999153.823702 209.740089 -245.145949 14.682882 -0.002978 -0.038772 -0.779878 0.624722
1627999153.923957 209.705937 -245.268581 14.694108 -0.003162 -0.038612 -0.779495 0.625210
1627999154.024236 209.680736 -245.389141 14.692115 -0.003026 -0.039289 -0.779092 0.625670
1627999154.124480 209.656811 -245.496683 14.696664 -0.003712 -0.039117 -0.778395 0.626544
1627999154.224699 209.634556 -245.594520 14.706263 -0.004685 -0.038717 -0.777120 0.628143
1627999154.325051 209.612029 -245.688905 14.712066 -0.004033 -0.039695 -0.775781 0.629739
1627999154.425204 209.590429 -245.795556 14.715359 -0.003149 -0.040365 -0.774413 0.631383
1627999154.525411 209.565037 -245.899509 14.724824 -0.003483 -0.039457 -0.773583 0.632456
1627999154.625686 209.542266 -246.006179 14.732480 -0.004801 -0.038503 -0.772410 0.633937
1627999154.725895 209.525259 -246.103826 14.737238 -0.004786 -0.038534 -0.770829 0.635857
1627999154.826151 209.507599 -246.212999 14.748284 -0.003786 -0.039465 -0.769468 0.637454
1627999154.926394 209.476078 -246.306003 14.753455 -0.002739 -0.040197 -0.768424 0.638671
1627999155.026665 209.460982 -246.398397 14.758125 -0.003609 -0.039696 -0.767526 0.639777
1627999155.126872 209.452517 -246.490702 14.761939 -0.005355 -0.038953 -0.766282 0.641301
1627999155.227116 209.441085 -246.583796 14.766938 -0.005738 -0.039286 -0.764593 0.643289
1627999155.327354 209.420472 -246.693961 14.774103 -0.004674 -0.040398 -0.763526 0.644496
1627999155.427577 209.393765 -246.801684 14.780251 -0.003664 -0.040479 -0.762594 0.645599
1627999155.527820 209.376714 -246.882155 14.783770 -0.004038 -0.039244 -0.761679 0.646753
1627999155.628063 209.359626 -246.972490 14.785661 -0.005163 -0.038993 -0.760619 0.648006
1627999155.728285 209.350017 -247.071048 14.794576 -0.005386 -0.038724 -0.759340 0.649518
1627999155.828530 209.331386 -247.169522 14.801843 -0.004270 -0.039492 -0.758130 0.650893
1627999155.928780 209.313738 -247.265648 14.804138 -0.003714 -0.039761 -0.757269 0.651881
1627999156.029002 209.296702 -247.359648 14.812307 -0.004692 -0.038722 -0.756451 0.652886
1627999156.129232 209.286297 -247.458278 14.816869 -0.006516 -0.037892 -0.755205 0.654360
1627999156.229472 209.270539 -247.558414 14.819371 -0.005886 -0.038465 -0.753691 0.656077
1627999156.329733 209.256066 -247.649883 14.824604 -0.004296 -0.040091 -0.752579 0.657267
1627999156.429948 209.235734 -247.742857 14.832689 -0.003782 -0.039952 -0.751747 0.658229
1627999156.530172 209.222809 -247.838896 14.838124 -0.004773 -0.038970 -0.750974 0.659163
1627999156.630423 209.216759 -247.933923 14.840304 -0.006541 -0.038584 -0.749994 0.660285
1627999156.730653 209.199776 -248.038890 14.846554 -0.006415 -0.038890 -0.748634 0.661810
1627999156.830913 209.182339 -248.139938 14.855313 -0.004927 -0.040249 -0.747724 0.662770
1627999156.931101 209.165222 -248.234029 14.862116 -0.003890 -0.040435 -0.747200 0.663357
1627999157.031335 209.156025 -248.332333 14.863841 -0.004303 -0.039640 -0.747117 0.663496
1627999157.131562 209.139298 -248.429047 14.869859 -0.005844 -0.038495 -0.747847 0.662728
1627999157.231791 209.119125 -248.537933 14.878980 -0.005664 -0.038169 -0.750084 0.660216
1627999157.332066 209.111139 -248.639085 14.882328 -0.003759 -0.039661 -0.753712 0.655997
1627999157.432449 209.101283 -248.740462 14.887440 -0.002416 -0.039751 -0.758394 0.650578
1627999157.532484 209.077958 -248.819763 14.895580 -0.002643 -0.038294 -0.763763 0.644355
1627999157.632713 209.058918 -248.896736 14.898314 -0.003719 -0.037353 -0.768897 0.638270
1627999157.732956 209.050363 -248.983450 14.901631 -0.003685 -0.037685 -0.773084 0.633173
1627999157.833177 209.036193 -249.070118 14.907382 -0.001847 -0.038331 -0.776436 0.629027
1627999157.933429 209.027925 -249.142291 14.911335 -0.000884 -0.038728 -0.778584 0.626344
1627999158.033635 209.012423 -249.234744 14.914273 -0.000806 -0.037963 -0.779914 0.624733
1627999158.133888 208.995234 -249.325818 14.920527 -0.002265 -0.037143 -0.780045 0.624616
1627999158.234085 208.987993 -249.388150 14.931315 -0.003486 -0.036753 -0.779388 0.625453
1627999158.334319 208.971139 -249.468495 14.933286 -0.002746 -0.037905 -0.778032 0.627074
1627999158.434541 208.945615 -249.550185 14.933328 -0.000968 -0.039208 -0.776351 0.629080
1627999158.534798 208.932897 -249.617996 14.934534 -0.000678 -0.039338 -0.774739 0.631056
1627999158.635005 208.916934 -249.698176 14.937229 -0.002103 -0.037976 -0.772966 0.633307
1627999158.735215 208.904427 -249.776160 14.943601 -0.004070 -0.036533 -0.770825 0.635986
1627999158.835488 208.895517 -249.851423 14.951830 -0.005436 -0.036487 -0.768982 0.638205
1627999158.935672 208.872736 -249.931581 14.953810 -0.004329 -0.037950 -0.766674 0.640900
1627999159.035900 208.852412 -250.008221 14.958344 -0.002738 -0.039122 -0.765130 0.642680
1627999159.136127 208.835560 -250.095196 14.964390 -0.002790 -0.039227 -0.763420 0.644703
1627999159.236474 208.824327 -250.181173 14.968817 -0.003771 -0.038000 -0.762010 0.646439
1627999159.336595 208.813086 -250.265349 14.973790 -0.005691 -0.037118 -0.760268 0.648523
1627999159.436800 208.799354 -250.351222 14.979931 -0.006432 -0.036866 -0.758409 0.650703
1627999159.537037 208.785149 -250.437239 14.979552 -0.004725 -0.038563 -0.756310 0.653059
1627999159.637294 208.767677 -250.526935 14.989581 -0.004305 -0.039288 -0.754451 0.655165
1627999159.737470 208.746563 -250.618416 14.992682 -0.004533 -0.039097 -0.752879 0.656981
1627999159.837780 208.734338 -250.716502 15.000009 -0.005464 -0.038355 -0.751141 0.659004
1627999159.937909 208.724044 -250.808958 15.005310 -0.007251 -0.037568 -0.749053 0.661404
1627999160.038128 208.715129 -250.891275 15.007266 -0.006770 -0.038418 -0.747053 0.663619
1627999160.138368 208.694982 -250.975172 15.011980 -0.005695 -0.039734 -0.745474 0.665324
1627999160.238574 208.679793 -251.064734 15.016186 -0.005741 -0.039582 -0.744295 0.666652
1627999160.338815 208.676252 -251.156941 15.025294 -0.006829 -0.038176 -0.743664 0.667427
1627999160.439282 208.663636 -251.241905 15.033472 -0.008899 -0.037339 -0.743039 0.668146
1627999160.539251 208.659965 -251.325773 15.031756 -0.008643 -0.038174 -0.742168 0.669071
1627999160.640323 208.641222 -251.411451 15.039381 -0.007134 -0.039366 -0.741305 0.669975
1627999160.739676 208.632325 -251.500817 15.044982 -0.005925 -0.039789 -0.740781 0.670541
1627999160.839922 208.622239 -251.598882 15.051785 -0.006392 -0.038406 -0.740375 0.671066
1627999160.940108 208.613879 -251.678688 15.054595 -0.007751 -0.037474 -0.740120 0.671385
1627999161.040398 208.604441 -251.754497 15.059818 -0.008820 -0.036841 -0.740561 0.670921
1627999161.140576 208.585228 -251.838312 15.067024 -0.007272 -0.037436 -0.741140 0.670266
1627999161.240770 208.569041 -251.931245 15.070510 -0.005353 -0.039073 -0.742562 0.668616
1627999161.341135 208.559066 -252.021865 15.074120 -0.004794 -0.038960 -0.744262 0.666733
1627999161.441358 208.554620 -252.108747 15.082283 -0.005713 -0.037517 -0.746352 0.664469
1627999161.541793 208.548403 -252.197290 15.085211 -0.007407 -0.036737 -0.748001 0.662639
1627999161.641797 208.544244 -252.279126 15.089891 -0.007095 -0.036994 -0.749586 0.660834
1627999161.741874 208.527226 -252.365828 15.095709 -0.005157 -0.038432 -0.750783 0.659410
1627999161.842068 208.515186 -252.443486 15.102102 -0.003964 -0.039917 -0.752253 0.657652
1627999161.942436 208.507346 -252.529667 15.101749 -0.003691 -0.039217 -0.754046 0.655640
1627999162.042492 208.504533 -252.618895 15.109944 -0.005009 -0.037176 -0.755591 0.653969
1627999162.142703 208.491667 -252.708506 15.118316 -0.006657 -0.036027 -0.756828 0.652586
1627999162.243009 208.482547 -252.799607 15.122351 -0.006048 -0.037126 -0.757618 0.651614
1627999162.343153 208.466678 -252.890977 15.129603 -0.003905 -0.038954 -0.759024 0.649884
1627999162.443415 208.450835 -252.977960 15.130175 -0.002619 -0.039181 -0.760106 0.648611
1627999162.543558 208.434481 -253.063835 15.139203 -0.002757 -0.037089 -0.761669 0.646899
1627999162.643781 208.427581 -253.147979 15.140564 -0.004446 -0.035774 -0.762464 0.646025
1627999162.743995 208.417372 -253.227065 15.143337 -0.005422 -0.035311 -0.763558 0.644750
1627999162.844225 208.404042 -253.311140 15.149395 -0.003780 -0.036063 -0.764074 0.644108
1627999162.944426 208.375018 -253.399982 15.154197 -0.001926 -0.037336 -0.765096 0.642830
1627999163.044631 208.354048 -253.482043 15.155220 -0.001132 -0.037103 -0.766180 0.641553
1627999163.144849 208.339546 -253.567281 15.160347 -0.002848 -0.035781 -0.767563 0.639968
1627999163.245054 208.331036 -253.651989 15.170878 -0.005610 -0.034420 -0.768947 0.638361
1627999163.345284 208.322621 -253.743517 15.170446 -0.005975 -0.034883 -0.769880 0.637207
1627999163.446592 208.293570 -253.828861 15.176809 -0.004324 -0.036402 -0.771350 0.635354
1627999163.545683 208.267263 -253.913091 15.179908 -0.003789 -0.037842 -0.773366 0.632818
1627999163.646174 208.260342 -253.998767 15.182473 -0.004610 -0.037253 -0.775760 0.629911
1627999163.746111 208.253467 -254.076798 15.186648 -0.006661 -0.035367 -0.777810 0.627468
1627999163.846315 208.233566 -254.159261 15.192136 -0.007565 -0.034422 -0.779874 0.624943
1627999163.946525 208.206973 -254.243591 15.193819 -0.006504 -0.035741 -0.781737 0.622550
1627999164.046757 208.184717 -254.334659 15.199192 -0.004609 -0.037387 -0.784215 0.619345
1627999164.146951 208.166679 -254.417067 15.208152 -0.004212 -0.036942 -0.786510 0.616457
1627999164.247157 208.149400 -254.507031 15.215940 -0.004934 -0.035378 -0.789290 0.612981
1627999164.347377 208.128732 -254.583339 15.221015 -0.006880 -0.034330 -0.791390 0.610308
1627999164.447679 208.111970 -254.662321 15.222371 -0.007542 -0.034900 -0.793656 0.607318
1627999164.547789 208.085378 -254.746478 15.228585 -0.006172 -0.036051 -0.795711 0.604570
1627999164.649833 208.056540 -254.826856 15.234041 -0.005374 -0.037047 -0.797964 0.601541
1627999164.748236 208.044475 -254.901064 15.232303 -0.005498 -0.037523 -0.800494 0.598139
1627999164.848439 208.020182 -254.986221 15.238222 -0.006458 -0.036359 -0.802832 0.595061
1627999164.948637 207.994750 -255.071174 15.244923 -0.007695 -0.035991 -0.804359 0.593002
1627999165.051170 207.963431 -255.159488 15.246555 -0.007008 -0.036941 -0.805668 0.591173
1627999165.149041 207.944175 -255.246322 15.250161 -0.005231 -0.037979 -0.807034 0.589259
1627999165.249244 207.917405 -255.339889 15.255692 -0.004582 -0.038135 -0.808170 0.587695
1627999165.349490 207.899715 -255.425723 15.259755 -0.005480 -0.036237 -0.809194 0.586397
1627999165.449656 207.875717 -255.507812 15.267661 -0.006674 -0.034248 -0.809704 0.585800
1627999165.549904 207.867636 -255.602986 15.267340 -0.006246 -0.034676 -0.809918 0.585485
1627999165.650093 207.822590 -255.693700 15.279888 -0.004610 -0.036158 -0.810436 0.584693
1627999165.750276 207.796402 -255.786627 15.283527 -0.003158 -0.037695 -0.810936 0.583911
1627999165.852283 207.758700 -255.881322 15.283736 -0.003091 -0.036714 -0.811927 0.582595
1627999165.950719 207.732615 -255.960685 15.289257 -0.004972 -0.033876 -0.812449 0.582026
1627999166.050903 207.708017 -256.043785 15.291589 -0.007164 -0.032443 -0.812819 0.581568
1627999166.151136 207.675994 -256.127688 15.296061 -0.006674 -0.033378 -0.813151 0.581057
1627999166.252283 207.637573 -256.223487 15.299149 -0.004321 -0.034976 -0.813761 0.580130
1627999166.351519 207.595099 -256.316701 15.308342 -0.003315 -0.034582 -0.814777 0.578732
1627999166.451732 207.572119 -256.397088 15.316746 -0.005162 -0.032677 -0.815666 0.577576
1627999166.551919 207.547867 -256.489993 15.321840 -0.007791 -0.031143 -0.816445 0.576530
1627999166.652143 207.546699 -256.580116 15.317743 -0.007818 -0.031192 -0.816813 0.576006
1627999166.752344 207.515353 -256.660327 15.325387 -0.006841 -0.032404 -0.817715 0.574670
1627999166.852524 207.488062 -256.739768 15.324158 -0.005668 -0.033620 -0.818580 0.573379
1627999166.952776 207.456455 -256.838620 15.328098 -0.005708 -0.032325 -0.819473 0.572177
1627999167.052980 207.423473 -256.930091 15.334306 -0.006807 -0.030215 -0.820079 0.571411
1627999167.153188 207.387528 -257.005354 15.335873 -0.007014 -0.029507 -0.820425 0.570950
1627999167.253339 207.333394 -257.092840 15.344673 -0.005768 -0.029320 -0.821092 0.570014
1627999167.353580 207.295002 -257.166125 15.348653 -0.003872 -0.029773 -0.821601 0.569272
1627999167.453756 207.272132 -257.224206 15.353455 -0.003700 -0.028974 -0.822426 0.568122
1627999167.554011 207.244672 -257.313605 15.357228 -0.005020 -0.027974 -0.823182 0.567066
1627999167.654324 207.216472 -257.400270 15.358999 -0.005718 -0.027548 -0.823563 0.566527
1627999167.754368 207.189160 -257.469655 15.359826 -0.004926 -0.028163 -0.823851 0.566085
1627999167.854627 207.154215 -257.550734 15.366722 -0.004247 -0.028778 -0.824225 0.565514
1627999167.954780 207.131474 -257.614615 15.373164 -0.004018 -0.028766 -0.824728 0.564783
1627999168.054982 207.108344 -257.683206 15.372217 -0.004228 -0.028094 -0.824841 0.564651
1627999168.155156 207.084663 -257.749909 15.380565 -0.004803 -0.026783 -0.824812 0.564752
1627999168.255830 207.058130 -257.824878 15.385644 -0.005478 -0.027275 -0.824284 0.565493
1627999168.355570 207.025659 -257.887724 15.389191 -0.005153 -0.028584 -0.823562 0.566482
1627999168.455942 207.002576 -257.945466 15.391251 -0.004169 -0.029868 -0.823060 0.567154
1627999168.555987 206.981568 -258.011059 15.388062 -0.003979 -0.030719 -0.822391 0.568078
1627999168.656176 206.958663 -258.079184 15.391449 -0.004806 -0.030188 -0.821321 0.569647
1627999168.756510 206.936189 -258.150438 15.395250 -0.005514 -0.029976 -0.819777 0.571872
1627999168.856592 206.912839 -258.217581 15.397368 -0.005813 -0.030512 -0.817815 0.574643
1627999168.956762 206.890425 -258.284156 15.398840 -0.005861 -0.031533 -0.815243 0.578230
1627999169.056985 206.865584 -258.350930 15.402197 -0.005518 -0.032087 -0.812564 0.581962
1627999169.157171 206.842104 -258.416170 15.408567 -0.005242 -0.032540 -0.809746 0.585854
1627999169.257581 206.815984 -258.495480 15.409605 -0.004770 -0.033329 -0.806925 0.589693
1627999169.357573 206.797362 -258.559563 15.412125 -0.004591 -0.033461 -0.804149 0.593468
1627999169.457753 206.771360 -258.639839 15.417485 -0.004435 -0.033434 -0.800997 0.597717
1627999169.558044 206.751715 -258.711432 15.422047 -0.005049 -0.033602 -0.797642 0.602173
1627999169.658153 206.724804 -258.787454 15.425720 -0.005285 -0.034063 -0.794316 0.606526
1627999169.758348 206.696710 -258.874738 15.427048 -0.004326 -0.034438 -0.791532 0.610141
1627999169.858562 206.669128 -258.943724 15.427140 -0.003379 -0.034510 -0.788852 0.613604
1627999169.958752 206.648732 -259.017511 15.432036 -0.002898 -0.033715 -0.785907 0.617418
1627999170.058976 206.628457 -259.097403 15.442514 -0.002883 -0.033097 -0.783016 0.621114
1627999170.159147 206.605747 -259.182716 15.450496 -0.003185 -0.033386 -0.780503 0.624252
1627999170.259366 206.585544 -259.274464 15.452582 -0.002877 -0.033316 -0.777671 0.627781
1627999170.359696 206.571438 -259.357600 15.453565 -0.002822 -0.033201 -0.775124 0.630930
1627999170.459770 206.555054 -259.429629 15.458033 -0.003504 -0.033162 -0.772626 0.633985
1627999170.559933 206.542551 -259.493453 15.458480 -0.003853 -0.033355 -0.770468 0.636594
1627999170.660144 206.526784 -259.573607 15.462670 -0.004047 -0.033340 -0.768502 0.638966
1627999170.760484 206.513354 -259.659924 15.460572 -0.003828 -0.033253 -0.766598 0.641255
1627999170.861295 206.497937 -259.743922 15.464814 -0.003172 -0.033029 -0.764375 0.643918
1627999170.960734 206.483384 -259.819115 15.471370 -0.002539 -0.033176 -0.762787 0.645794
1627999171.060933 206.470212 -259.882453 15.477771 -0.001702 -0.032523 -0.761593 0.647237
1627999171.161144 206.464172 -259.948929 15.479781 -0.001425 -0.031638 -0.760271 0.648834
1627999171.261316 206.456033 -260.012562 15.491576 -0.002128 -0.030823 -0.759512 0.649759
1627999171.361510 206.444520 -260.080462 15.489788 -0.002851 -0.031578 -0.758995 0.650324
1627999171.461706 206.435122 -260.153135 15.489970 -0.002938 -0.031988 -0.759291 0.649958
1627999171.561939 206.416588 -260.213003 15.497129 -0.002684 -0.032689 -0.759450 0.649738
1627999171.662099 206.405240 -260.267864 15.497622 -0.002271 -0.033545 -0.760399 0.648585
1627999171.762285 206.391514 -260.327498 15.500611 -0.002537 -0.033918 -0.761970 0.646719
1627999171.862491 206.379128 -260.396843 15.502957 -0.002610 -0.033590 -0.763665 0.644733
1627999171.962719 206.360333 -260.463226 15.500889 -0.002315 -0.033814 -0.765784 0.642204
1627999172.065329 206.350519 -260.517938 15.510128 -0.002247 -0.034421 -0.767761 0.639807
1627999172.163059 206.340737 -260.571365 15.511088 -0.002184 -0.034950 -0.770290 0.636731
1627999172.263250 206.332748 -260.639618 15.515331 -0.001985 -0.034280 -0.772603 0.633960
1627999172.363470 206.324099 -260.700471 15.518206 -0.001887 -0.034737 -0.774593 0.631502
1627999172.463650 206.307552 -260.761549 15.520468 -0.001621 -0.035622 -0.776807 0.628728
1627999172.563855 206.298930 -260.815035 15.521607 -0.000899 -0.035879 -0.779092 0.625881
1627999172.664058 206.290970 -260.864143 15.528257 -0.000741 -0.035553 -0.781374 0.623049
1627999172.764234 206.285073 -260.931542 15.530934 -0.001114 -0.035097 -0.783500 0.620399
1627999172.864421 206.268177 -260.992188 15.531440 -0.001421 -0.035227 -0.785919 0.617324
1627999172.964637 206.251151 -261.051035 15.532102 -0.001764 -0.035215 -0.788216 0.614388
1627999173.064803 206.230712 -261.109441 15.533258 -0.001730 -0.035335 -0.790718 0.611157
1627999173.165006 206.217170 -261.161079 15.537307 -0.001171 -0.035747 -0.792657 0.608618
1627999173.265192 206.203922 -261.220667 15.542036 -0.000757 -0.035796 -0.794752 0.605877
1627999173.365415 206.196416 -261.281441 15.545675 -0.000613 -0.035387 -0.796956 0.603000
1627999173.465584 206.186349 -261.331036 15.547557 -0.000655 -0.035335 -0.798852 0.600489
1627999173.565796 206.169746 -261.388674 15.549572 -0.000414 -0.035208 -0.800691 0.598042
1627999173.665968 206.163366 -261.444679 15.552317 -0.000542 -0.034929 -0.801831 0.596529
1627999173.766151 206.147385 -261.495205 15.556094 -0.000968 -0.034217 -0.802262 0.595990
1627999173.866344 206.123382 -261.554088 15.558568 -0.001275 -0.034309 -0.801806 0.596597
1627999173.966552 206.117618 -261.617478 15.563539 -0.000759 -0.034873 -0.800752 0.597980
1627999174.066723 206.097050 -261.677971 15.567987 0.000009 -0.035667 -0.799322 0.599844
1627999174.166919 206.074131 -261.733387 15.568657 0.000144 -0.036372 -0.797862 0.601742
1627999174.267109 206.059438 -261.801180 15.573416 -0.001266 -0.035653 -0.796103 0.604109
1627999174.367336 206.046757 -261.858759 15.573905 -0.001966 -0.035031 -0.794589 0.606134
1627999174.467565 206.030535 -261.898427 15.575311 -0.002828 -0.034728 -0.792864 0.608401
1627999174.567707 206.015814 -261.954763 15.578051 -0.003566 -0.034643 -0.790748 0.611150
1627999174.667871 206.004538 -262.020297 15.577698 -0.003349 -0.034237 -0.788543 0.614017
1627999174.768066 205.985778 -262.083400 15.581371 -0.003117 -0.034665 -0.785767 0.617543
1627999174.868279 205.967330 -262.148093 15.584316 -0.002755 -0.035353 -0.783290 0.620645
1627999174.968467 205.954884 -262.225152 15.593364 -0.002382 -0.036008 -0.781074 0.623395
1627999175.068665 205.927924 -262.282969 15.592421 -0.002462 -0.035862 -0.779163 0.625790
1627999175.168857 205.914200 -262.340614 15.594558 -0.003112 -0.034362 -0.777510 0.627924
1627999175.269058 205.902101 -262.409143 15.599178 -0.004417 -0.033222 -0.775204 0.630822
1627999175.369229 205.889405 -262.477176 15.599871 -0.004650 -0.032872 -0.773488 0.632941
1627999175.469420 205.879290 -262.531248 15.607220 -0.004901 -0.033225 -0.771087 0.635844
1627999175.569639 205.867359 -262.591527 15.610338 -0.005019 -0.034033 -0.769011 0.638309
1627999175.670567 205.865933 -262.646979 15.610573 -0.005293 -0.033964 -0.767094 0.640614
1627999175.770011 205.857501 -262.717549 15.609852 -0.005072 -0.033663 -0.764993 0.643138
1627999175.870196 205.846932 -262.786267 15.615614 -0.004911 -0.032915 -0.763217 0.645284
1627999175.970364 205.827005 -262.846811 15.621095 -0.004876 -0.031979 -0.761672 0.647155
1627999176.070573 205.812694 -262.913877 15.627573 -0.005634 -0.031878 -0.759665 0.649508
1627999176.170741 205.805596 -262.978010 15.631336 -0.006268 -0.032252 -0.757695 0.651781
1627999176.270980 205.798815 -263.029474 15.637402 -0.007292 -0.033481 -0.755459 0.654300
1627999176.371122 205.788588 -263.097002 15.635382 -0.007734 -0.034278 -0.753641 0.656346
1627999176.471331 205.775826 -263.148845 15.632522 -0.007165 -0.033406 -0.752054 0.658216
1627999176.571498 205.773110 -263.184603 15.642004 -0.007866 -0.032698 -0.750153 0.660409
1627999176.671698 205.769310 -263.239818 15.646629 -0.008693 -0.032840 -0.748068 0.662752
1627999176.771934 205.757598 -263.308379 15.648258 -0.008705 -0.032572 -0.746464 0.664571
1627999176.872049 205.747170 -263.371426 15.654202 -0.009655 -0.032695 -0.744368 0.666898
1627999176.972295 205.743705 -263.433688 15.656932 -0.010057 -0.032590 -0.742468 0.669013
1627999177.075297 205.732978 -263.485961 15.649169 -0.009393 -0.033062 -0.740329 0.671365
1627999177.172639 205.732207 -263.540741 15.655143 -0.008193 -0.032827 -0.738128 0.673811
1627999177.272805 205.729813 -263.600504 15.660018 -0.006774 -0.032332 -0.736084 0.676083
1627999177.372998 205.726276 -263.667623 15.664361 -0.006770 -0.031789 -0.733570 0.678836
1627999177.473192 205.726735 -263.728562 15.668501 -0.007394 -0.030881 -0.731305 0.681311
1627999177.573402 205.721305 -263.782767 15.672693 -0.007302 -0.030414 -0.728888 0.683918
1627999177.673574 205.715213 -263.842966 15.677126 -0.007561 -0.031170 -0.726636 0.686274
1627999177.773752 205.711774 -263.902454 15.679400 -0.007564 -0.031156 -0.724379 0.688656
1627999177.873932 205.710594 -263.955363 15.685771 -0.007667 -0.031208 -0.721825 0.691329
1627999177.974207 205.691326 -264.009722 15.693329 -0.008187 -0.032977 -0.719091 0.694085
1627999178.074320 205.686664 -264.061083 15.686929 -0.007261 -0.033619 -0.716901 0.696326
1627999178.174516 205.687040 -264.126056 15.692849 -0.007090 -0.031508 -0.715047 0.698330
1627999178.274936 205.697655 -264.191798 15.698546 -0.008766 -0.030643 -0.712052 0.701403
1627999178.375198 205.702227 -264.242901 15.695984 -0.009383 -0.030441 -0.709816 0.703667
1627999178.475283 205.697914 -264.313395 15.700771 -0.008664 -0.030238 -0.707202 0.706311
1627999178.575601 205.695825 -264.378686 15.704025 -0.007947 -0.031183 -0.704980 0.708497
1627999178.677119 205.699386 -264.435646 15.707541 -0.008013 -0.031211 -0.702560 0.710895
1627999178.775938 205.705315 -264.481632 15.712081 -0.008867 -0.031020 -0.700084 0.713331
1627999178.875803 205.700341 -264.552523 15.713722 -0.008570 -0.030958 -0.697087 0.716266
1627999178.976139 205.688377 -264.623264 15.716283 -0.006500 -0.031683 -0.695050 0.718234
1627999179.080341 205.691577 -264.671969 15.727040 -0.006641 -0.032595 -0.693356 0.719827
1627999179.180096 205.696385 -264.735636 15.733715 -0.009316 -0.031752 -0.691431 0.721684
1627999179.276542 205.698782 -264.801973 15.732019 -0.011625 -0.030681 -0.690488 0.722600
1627999179.384346 205.689112 -264.867231 15.732325 -0.011805 -0.030541 -0.690059 0.723012
1627999179.478317 205.691513 -264.918619 15.738602 -0.011444 -0.031681 -0.690269 0.722769
1627999179.577610 205.691877 -264.976633 15.739415 -0.011307 -0.033718 -0.691789 0.721223
1627999179.677285 205.688783 -265.044251 15.743128 -0.011451 -0.032778 -0.694005 0.719133
1627999179.778700 205.693676 -265.103973 15.745279 -0.011430 -0.031252 -0.696524 0.716762
1627999179.877728 205.695026 -265.163644 15.754049 -0.011829 -0.030571 -0.699825 0.713562
1627999179.977931 205.693736 -265.233387 15.753203 -0.011243 -0.030633 -0.703077 0.710364
1627999180.078065 205.697052 -265.300853 15.753777 -0.010723 -0.030463 -0.706367 0.707109
1627999180.178323 205.706690 -265.350984 15.761106 -0.010773 -0.029671 -0.709594 0.703903
1627999180.278423 205.711958 -265.397560 15.764570 -0.011688 -0.029820 -0.712696 0.700741
1627999180.378632 205.715401 -265.461543 15.766249 -0.011802 -0.029443 -0.715734 0.697653
1627999180.478789 205.710625 -265.539305 15.763573 -0.010825 -0.029053 -0.718000 0.695353
1627999180.578982 205.705771 -265.599718 15.765075 -0.009535 -0.028120 -0.720183 0.693149
1627999180.679261 205.713099 -265.672512 15.771079 -0.008512 -0.025371 -0.721978 0.691398
1627999180.780285 205.705471 -265.746890 15.774322 -0.007383 -0.023722 -0.723195 0.690197
1627999180.879609 205.697142 -265.817839 15.773176 -0.005259 -0.023965 -0.725151 0.688153
1627999180.980311 205.702165 -265.874460 15.777138 -0.002938 -0.024403 -0.726536 0.686689
1627999181.079882 205.697344 -265.929377 15.785270 -0.001773 -0.023670 -0.727779 0.685400
1627999181.180069 205.684372 -266.006230 15.793689 -0.001948 -0.020800 -0.727682 0.685596
1627999181.280252 205.690392 -266.084810 15.795267 -0.002202 -0.018316 -0.726286 0.687145
1627999181.380490 205.693598 -266.171444 15.798575 -0.001551 -0.016977 -0.724869 0.688676
1627999181.480622 205.688587 -266.238591 15.804269 -0.001260 -0.017274 -0.722010 0.691666
1627999181.580803 205.681179 -266.288922 15.806244 -0.001819 -0.020232 -0.720422 0.693239
1627999181.681023 205.668833 -266.340840 15.810095 -0.002103 -0.023445 -0.719607 0.693983
1627999181.781194 205.668388 -266.390705 15.817257 -0.003684 -0.025436 -0.718306 0.695253
1627999181.881529 205.668851 -266.454879 15.813975 -0.004777 -0.025655 -0.718810 0.694717
1627999181.981547 205.665108 -266.508153 15.817843 -0.005152 -0.024324 -0.719101 0.694461
1627999182.082052 205.670832 -266.548419 15.820240 -0.006192 -0.024039 -0.719844 0.693692
1627999182.182066 205.675841 -266.605847 15.817778 -0.007659 -0.023550 -0.721524 0.691947
1627999182.282108 205.684810 -266.675426 15.808507 -0.008162 -0.022183 -0.722568 0.690896
1627999182.382289 205.694116 -266.737607 15.810369 -0.007482 -0.019350 -0.724251 0.689224
1627999182.482914 205.676659 -266.799426 15.808199 -0.005086 -0.016703 -0.725168 0.688351
1627999182.584062 205.657358 -266.868879 15.803321 0.000439 -0.016801 -0.727383 0.686026
1627999182.682838 205.641796 -266.933196 15.810771 0.007256 -0.016346 -0.730055 0.683154
1627999182.783052 205.645624 -266.995044 15.827820 0.010253 -0.014408 -0.732479 0.680560
1627999182.883194 205.656911 -267.060376 15.832393 0.009188 -0.012692 -0.735544 0.677295
1627999182.983372 205.658880 -267.125854 15.828109 0.008693 -0.009099 -0.738300 0.674355
1627999183.083582 205.660428 -267.179062 15.823195 0.009771 -0.006452 -0.740909 0.671503
1627999183.183749 205.656260 -267.235853 15.827352 0.009866 -0.006619 -0.744373 0.667658
1627999183.283938 205.650835 -267.304717 15.834147 0.008210 -0.007199 -0.748382 0.663179
1627999183.384120 205.636711 -267.377969 15.831919 0.006583 -0.005225 -0.751625 0.659537
1627999183.484334 205.634315 -267.430079 15.829580 0.004670 -0.005414 -0.754374 0.656406
1627999183.584477 205.631605 -267.479350 15.826437 0.004183 -0.009562 -0.757542 0.652702
1627999183.684651 205.625271 -267.531465 15.828238 0.007049 -0.012075 -0.761490 0.648026
1627999183.784883 205.615008 -267.602411 15.829043 0.008997 -0.012991 -0.765367 0.643400
1627999183.885030 205.606895 -267.663066 15.835106 0.007274 -0.012813 -0.769915 0.637976
1627999183.985221 205.598060 -267.728783 15.838655 0.005081 -0.011579 -0.774454 0.632504
1627999184.085382 205.594070 -267.787429 15.833428 0.004507 -0.010893 -0.778814 0.627144
1627999184.185565 205.578321 -267.847764 15.832461 0.004641 -0.012149 -0.783214 0.621616
1627999184.285782 205.556392 -267.902676 15.832381 0.005679 -0.014159 -0.787719 0.615846
1627999184.385927 205.551137 -267.954538 15.834060 0.006588 -0.014668 -0.791879 0.610467
1627999184.486125 205.538128 -268.018163 15.837648 0.006112 -0.014350 -0.796106 0.604956
1627999184.586304 205.514893 -268.088746 15.838200 0.005549 -0.013420 -0.799756 0.600150
1627999184.686510 205.493716 -268.157650 15.834080 0.005272 -0.013483 -0.802556 0.596401
1627999184.786685 205.473587 -268.219281 15.836218 0.005241 -0.014566 -0.805063 0.592988
1627999184.886853 205.465856 -268.264232 15.839821 0.005488 -0.014937 -0.807272 0.589966
1627999184.987029 205.444781 -268.323248 15.842628 0.005584 -0.014660 -0.808994 0.587607
1627999185.087234 205.430817 -268.374972 15.842400 0.005126 -0.014724 -0.810697 0.585258
1627999185.187395 205.408336 -268.420489 15.842174 0.005471 -0.015172 -0.812146 0.583231
1627999185.287602 205.390438 -268.473962 15.843330 0.005873 -0.015666 -0.813850 0.580834
1627999185.387747 205.381407 -268.526516 15.844855 0.005865 -0.016090 -0.815333 0.578739
1627999185.487948 205.360515 -268.570496 15.846507 0.005548 -0.015915 -0.817144 0.576187
1627999185.588127 205.348032 -268.617123 15.846678 0.005098 -0.015795 -0.818716 0.573959
1627999185.688298 205.334951 -268.666271 15.848935 0.004737 -0.015398 -0.819997 0.572141
1627999185.788476 205.306906 -268.717493 15.849735 0.004865 -0.015836 -0.821540 0.569911
1627999185.888662 205.277574 -268.759583 15.850301 0.005297 -0.016423 -0.822845 0.568004
1627999185.988908 205.267460 -268.805342 15.852119 0.005290 -0.017217 -0.823933 0.566401
1627999186.089024 205.246274 -268.857503 15.849830 0.005227 -0.017757 -0.825255 0.564456
1627999186.189203 205.235383 -268.916425 15.849731 0.004813 -0.018420 -0.826474 0.562653
1627999186.289395 205.211774 -268.959715 15.853944 0.004201 -0.019063 -0.827678 0.560864
1627999186.389606 205.196187 -268.991721 15.855621 0.004283 -0.019437 -0.829224 0.558562
1627999186.489735 205.169070 -269.043501 15.858087 0.003830 -0.019399 -0.830591 0.556531
1627999186.589919 205.154747 -269.097312 15.856215 0.002732 -0.018453 -0.831729 0.554868
1627999186.690102 205.155682 -269.142038 15.855787 0.002091 -0.017418 -0.833047 0.552925
1627999186.790302 205.132484 -269.189583 15.856012 0.001694 -0.017906 -0.834193 0.551179
1627999186.890460 205.107051 -269.230073 15.859507 0.002286 -0.018385 -0.835393 0.549341
1627999186.990675 205.071974 -269.280818 15.860608 0.003063 -0.018853 -0.836676 0.547364
1627999187.090864 205.054018 -269.329010 15.863674 0.003323 -0.018740 -0.837968 0.545388
1627999187.191240 205.035233 -269.384010 15.863944 0.003831 -0.017995 -0.839171 0.543557
1627999187.291200 205.022846 -269.433683 15.859773 0.004150 -0.017977 -0.840608 0.541330
1627999187.391377 204.995483 -269.487381 15.861060 0.003099 -0.018068 -0.841895 0.539330
1627999187.491548 204.972851 -269.541883 15.867097 0.001952 -0.017055 -0.843255 0.537240
1627999187.591731 204.953373 -269.580470 15.866064 0.000877 -0.015553 -0.844126 0.535919
1627999187.691916 204.936817 -269.627861 15.867964 -0.000118 -0.015046 -0.845233 0.534186
1627999187.792089 204.905986 -269.673870 15.869317 0.000288 -0.015498 -0.846293 0.532492
1627999187.892268 204.886312 -269.725509 15.869000 0.001013 -0.016395 -0.847349 0.530783
1627999187.992442 204.861486 -269.778180 15.869047 0.001188 -0.017509 -0.848159 0.529451
1627999188.092635 204.842120 -269.833639 15.871945 0.000868 -0.017806 -0.849236 0.527713
1627999188.192831 204.826950 -269.876129 15.873023 0.000619 -0.017970 -0.850446 0.525754
1627999188.293016 204.793703 -269.926158 15.873329 0.000741 -0.018497 -0.851867 0.523431
1627999188.393174 204.773544 -269.976408 15.878260 0.001647 -0.018100 -0.853151 0.521348
1627999188.493354 204.744134 -270.028832 15.878041 0.001714 -0.017507 -0.854353 0.519395
1627999188.593527 204.708826 -270.076293 15.880070 0.000758 -0.016344 -0.855345 0.517800
1627999188.693742 204.678954 -270.125569 15.882110 0.000603 -0.014719 -0.855801 0.517095
1627999188.793900 204.651920 -270.180197 15.878227 0.001129 -0.014706 -0.856728 0.515557
1627999188.894070 204.637502 -270.227729 15.880679 0.001803 -0.016206 -0.857441 0.514324
1627999188.994258 204.626980 -270.269177 15.882053 0.003074 -0.017500 -0.858337 0.512779
1627999189.094469 204.594459 -270.318498 15.882679 0.003803 -0.017898 -0.859190 0.511329
1627999189.194608 204.563421 -270.374846 15.883957 0.003494 -0.018143 -0.860108 0.509777
1627999189.294816 204.530659 -270.430915 15.886625 0.003325 -0.017852 -0.860616 0.508931
1627999189.394957 204.490129 -270.483817 15.886919 0.003906 -0.017836 -0.860978 0.508314
1627999189.495161 204.463046 -270.523126 15.886400 0.004701 -0.019245 -0.861535 0.507311
1627999189.595337 204.428189 -270.568752 15.886744 0.005203 -0.020442 -0.862117 0.506271
1627999189.695508 204.406960 -270.631322 15.886667 0.004693 -0.020951 -0.863093 0.504588
1627999189.795706 204.379611 -270.682653 15.894511 0.004413 -0.021159 -0.863770 0.503423
1627999189.895852 204.351563 -270.716424 15.891978 0.005282 -0.021295 -0.864294 0.502507
1627999189.996055 204.323499 -270.761522 15.890259 0.005513 -0.022145 -0.864382 0.502318
1627999190.096271 204.286222 -270.810746 15.893459 0.005463 -0.022499 -0.864571 0.501977
1627999190.196390 204.253989 -270.875567 15.895415 0.005639 -0.021482 -0.864105 0.502821
1627999190.296577 204.227458 -270.926852 15.895929 0.005394 -0.020317 -0.863723 0.503528
1627999190.396774 204.200347 -270.979063 15.899032 0.006138 -0.020115 -0.863384 0.504109
1627999190.498719 204.171138 -271.028338 15.899172 0.008064 -0.019640 -0.862750 0.505185
1627999190.597106 204.139341 -271.088284 15.895997 0.009541 -0.019442 -0.862228 0.506058
1627999190.697322 204.111410 -271.150552 15.898977 0.010840 -0.019430 -0.861713 0.506909
1627999190.797516 204.072991 -271.209510 15.897405 0.012059 -0.020013 -0.861650 0.506966
1627999190.897678 204.059504 -271.255796 15.895717 0.012797 -0.020369 -0.862075 0.506210
1627999190.997841 204.016407 -271.325032 15.896780 0.013041 -0.020180 -0.862668 0.505199
1627999191.097998 203.985476 -271.396268 15.897286 0.012024 -0.019298 -0.863476 0.503877
1627999191.198348 203.956327 -271.456184 15.898445 0.011133 -0.018372 -0.864422 0.502308
1627999191.298418 203.923223 -271.516392 15.897056 0.010878 -0.018631 -0.865246 0.500883
1627999191.398543 203.888881 -271.573734 15.894086 -0.010719 0.020596 0.866422 -0.498773
1627999191.498769 203.856556 -271.636133 15.894912 -0.009800 0.023305 0.867842 -0.496196
1627999191.598916 203.816504 -271.688521 15.898957 -0.009103 0.024248 0.868523 -0.494972
1627999191.699097 203.779440 -271.738134 15.898292 -0.007731 0.023973 0.868494 -0.495059
1627999191.799256 203.756478 -271.797343 15.901657 -0.006438 0.024418 0.867951 -0.496007
1627999191.899448 203.715799 -271.862235 15.904285 -0.005885 0.024823 0.867165 -0.497368
1627999191.999644 203.676154 -271.922425 15.902577 -0.005697 0.025107 0.866194 -0.499044
1627999192.099784 203.647047 -271.982625 15.901257 0.005004 -0.025722 -0.865295 0.500577
1627999192.200007 203.597978 -272.045178 15.907175 0.004712 -0.026475 -0.864520 0.501879
1627999192.300161 203.563644 -272.093220 15.907736 0.004754 -0.026481 -0.864188 0.502449
1627999192.400339 203.531007 -272.151157 15.904787 0.003182 -0.025976 -0.863685 0.503352
1627999192.500558 203.504596 -272.215461 15.911282 0.001947 -0.026451 -0.863855 0.503042
1627999192.600728 203.479870 -272.267472 15.916606 0.002388 -0.026583 -0.863996 0.502791
1627999192.700852 203.463583 -272.316570 15.916374 0.003005 -0.027370 -0.864530 0.501826
1627999192.801027 203.435578 -272.377261 15.913984 -0.002722 0.028163 0.865615 -0.499911
1627999192.901209 203.398977 -272.430784 15.911910 -0.000874 0.028661 0.867035 -0.497422
1627999193.001394 203.378111 -272.487942 15.921077 0.000644 0.028353 0.868635 -0.494640
1627999193.101572 203.352531 -272.536219 15.925754 -0.000183 0.028363 0.870726 -0.490949
1627999193.201770 203.322823 -272.589979 15.923496 -0.000454 0.029699 0.872880 -0.487030
1627999193.302226 203.299501 -272.637280 15.931723 -0.001133 0.031445 0.875127 -0.482868
1627999193.402137 203.280027 -272.678748 15.931767 -0.003395 0.031061 0.877004 -0.479465
1627999193.502322 203.240532 -272.734644 15.926410 -0.003835 0.030561 0.879266 -0.475334
1627999193.602487 203.208372 -272.783354 15.932948 -0.003332 0.030930 0.881542 -0.471080
1627999193.702631 203.171112 -272.822267 15.934501 -0.003979 0.031498 0.883779 -0.466827
1627999193.802812 203.140222 -272.872863 15.931398 -0.004116 0.032522 0.886254 -0.462039
1627999193.902994 203.106115 -272.906308 15.939505 -0.004980 0.031833 0.888480 -0.457784
1627999194.003269 203.072380 -272.955283 15.936283 -0.005444 0.030192 0.890067 -0.454797
1627999194.103476 203.035858 -273.001515 15.934192 -0.003955 0.029845 0.891383 -0.452251
1627999194.203511 203.003998 -273.041862 15.943933 -0.004022 0.031407 0.892502 -0.449931
1627999194.303693 202.967765 -273.086660 15.942732 -0.005464 0.032616 0.893486 -0.447873
1627999194.403871 202.942372 -273.133621 15.935307 -0.005123 0.034300 0.894582 -0.445555
1627999194.504068 202.903189 -273.182355 15.942392 -0.004923 0.036281 0.896066 -0.442409
1627999194.604231 202.854833 -273.236188 15.946909 -0.005614 0.036729 0.897249 -0.439958
1627999194.705349 202.823402 -273.275875 15.945313 -0.006135 0.035673 0.898456 -0.437569
1627999194.804586 202.781500 -273.319246 15.944961 -0.005809 0.034251 0.899493 -0.435552
1627999194.904770 202.729649 -273.382806 15.947495 -0.005237 0.033754 0.900363 -0.433798
1627999195.004943 202.685026 -273.440451 15.954140 -0.005548 0.034489 0.901439 -0.431495
1627999195.105112 202.648173 -273.491400 15.954956 -0.006769 0.035221 0.902505 -0.429184
1627999195.205341 202.608742 -273.544334 15.952808 -0.007169 0.035218 0.903190 -0.427733
1627999195.305458 202.571944 -273.595013 15.954289 -0.006562 0.035437 0.904326 -0.425319
1627999195.405651 202.523471 -273.652645 15.956884 -0.006664 0.035031 0.905329 -0.423212
1627999195.508246 202.482513 -273.710491 15.953976 -0.006937 0.034789 0.906253 -0.421244
1627999195.606013 202.431116 -273.768905 15.953089 -0.005574 0.034874 0.907459 -0.418654
1627999195.706341 202.381698 -273.823827 15.961428 -0.004566 0.033973 0.908671 -0.416104
1627999195.806349 202.340312 -273.865501 15.963877 -0.004850 0.033393 0.909460 -0.414421
1627999195.906558 202.300593 -273.915824 15.962097 -0.004732 0.034684 0.910272 -0.412527
1627999196.006717 202.248724 -273.974658 15.964525 -0.004734 0.037245 0.911425 -0.409749
1627999196.106944 202.196441 -274.022377 15.962874 -0.004217 0.037435 0.912612 -0.407087
1627999196.207061 202.148470 -274.086343 15.962280 -0.002419 0.035558 0.913590 -0.405072
1627999196.307583 202.096221 -274.144543 15.968731 -0.001045 0.034255 0.914422 -0.403310
1627999196.407408 202.049273 -274.206534 15.974442 -0.001066 0.034294 0.915351 -0.401193
1627999196.508281 202.009300 -274.253809 15.976326 -0.001765 0.035960 0.916281 -0.398916
1627999196.607769 201.958647 -274.300709 15.975498 -0.001818 0.038241 0.917046 -0.396938
1627999196.708262 201.899600 -274.349060 15.978344 -0.001725 0.038863 0.917892 -0.394919
1627999196.808127 201.841625 -274.405305 15.983188 -0.002236 0.038727 0.918785 -0.392849
1627999196.908291 201.796940 -274.471235 15.982490 -0.002777 0.038183 0.919729 -0.390681
1627999197.008486 201.739443 -274.536976 15.981054 -0.002486 0.036832 0.920664 -0.388607
1627999197.108657 201.680379 -274.592280 15.987931 -0.002387 0.034828 0.921465 -0.386890
1627999197.208822 201.620786 -274.642965 15.993831 -0.003716 0.033908 0.922221 -0.385155
1627999197.309289 201.566797 -274.704505 15.993423 -0.004944 0.034766 0.923032 -0.383118
1627999197.409167 201.509547 -274.764420 15.991207 -0.005328 0.035689 0.923913 -0.380898
1627999197.509382 201.448745 -274.810435 15.996596 -0.006178 0.036117 0.924527 -0.379351
1627999197.609581 201.391754 -274.872609 15.994335 -0.006838 0.036439 0.925233 -0.377584
1627999197.709733 201.332127 -274.934672 15.991491 -0.006327 0.036666 0.926015 -0.375649
1627999197.809891 201.275363 -274.991091 15.994705 -0.005860 0.035826 0.926923 -0.373492
1627999197.910091 201.219276 -275.046262 15.997236 -0.006042 0.034590 0.927710 -0.371648
1627999198.010227 201.158918 -275.107332 15.999940 -0.006222 0.033674 0.928567 -0.369583
1627999198.110419 201.100360 -275.164787 16.004060 -0.006722 0.033477 0.929189 -0.368024
1627999198.210596 201.034875 -275.223369 16.000664 -0.006529 0.034110 0.929832 -0.366343
1627999198.310788 200.963160 -275.279745 16.004013 -0.005695 0.035562 0.930620 -0.364210
1627999198.410950 200.893947 -275.343906 16.007662 -0.006501 0.036537 0.931344 -0.362244
1627999198.511159 200.835165 -275.404353 16.002041 -0.006801 0.036904 0.932039 -0.360411
1627999198.611295 200.776976 -275.459574 16.004427 -0.006296 0.035608 0.932911 -0.358286
1627999198.711484 200.715281 -275.511909 16.007462 -0.006086 0.033188 0.933406 -0.357231
1627999198.811651 200.643170 -275.569373 16.010098 -0.005048 0.033000 0.933947 -0.355850
1627999198.911833 200.588340 -275.617682 16.017558 -0.005141 0.035656 0.934090 -0.355217
1627999199.011995 200.520961 -275.667900 16.020261 -0.007116 0.038884 0.934135 -0.354725
1627999199.112381 200.455368 -275.716984 16.012795 -0.008399 0.040424 0.934252 -0.354215
1627999199.212345 200.390799 -275.774992 16.007722 -0.007815 0.039914 0.934279 -0.354217
1627999199.409181 200.307786 -275.857039 16.009494 -0.005537 0.037546 0.934484 -0.353976
1627999199.412705 200.305985 -275.857565 16.009570 -0.005532 0.037575 0.934477 -0.353991
1627999199.512871 200.223003 -275.922039 16.024764 -0.004289 0.036394 0.934305 -0.354586
1627999199.613045 200.152516 -275.987331 16.028065 -0.006102 0.039249 0.933981 -0.355109
1627999199.713225 200.101689 -276.039020 16.024292 -0.007376 0.042363 0.934059 -0.354519
1627999199.813402 200.050945 -276.075528 16.018989 -0.007692 0.043191 0.934199 -0.354045
1627999199.913572 199.998829 -276.122517 16.017001 -0.007005 0.040476 0.934499 -0.353586
1627999200.013752 199.933827 -276.165143 16.019385 -0.005528 0.037750 0.934779 -0.353176
1627999200.113928 199.888972 -276.214422 16.027060 -0.004243 0.037031 0.935003 -0.352675
1627999200.214125 199.846948 -276.259708 16.030840 -0.004548 0.037139 0.935436 -0.351510
1627999200.314288 199.802765 -276.315387 16.029941 -0.004703 0.036316 0.936029 -0.350011
1627999200.414456 199.756294 -276.363785 16.029195 -0.004598 0.035103 0.936569 -0.348690
1627999200.514639 199.711633 -276.402639 16.031793 -0.004097 0.034035 0.937118 -0.347325
1627999200.614809 199.666511 -276.454005 16.034435 -0.003973 0.033678 0.937613 -0.346023
1627999200.714981 199.600886 -276.498276 16.033972 -0.003756 0.033771 0.938143 -0.344576
1627999200.815235 199.539126 -276.547445 16.041014 -0.004112 0.034363 0.938564 -0.343366
1627999200.915362 199.478524 -276.607339 16.041735 -0.005395 0.034704 0.939330 -0.341211
1627999201.015517 199.424766 -276.657471 16.034356 -0.004590 0.034133 0.940381 -0.338374
1627999201.115709 199.366851 -276.701016 16.035306 -0.002786 0.033037 0.941353 -0.335789
1627999201.215867 199.308975 -276.751085 16.042387 -0.002853 0.031290 0.942150 -0.333715
1627999201.317375 199.247471 -276.811048 16.040970 -0.002721 0.030344 0.942903 -0.331672
1627999201.416211 199.194616 -276.859448 16.044152 -0.001227 0.030767 0.943784 -0.329125
1627999201.516373 199.123608 -276.904295 16.051830 -0.001007 0.032324 0.944625 -0.326554
1627999201.616549 199.057593 -276.961695 16.054784 -0.001575 0.034587 0.945568 -0.323578
1627999201.717112 198.991266 -277.011650 16.056822 -0.002806 0.035749 0.946700 -0.320115
1627999201.816917 198.908143 -277.070533 16.049936 -0.002408 0.036608 0.947634 -0.317245
1627999201.917129 198.842083 -277.124261 16.049181 -0.000452 0.037677 0.949134 -0.312610
1627999202.017263 198.771110 -277.177211 16.057501 0.000049 0.038434 0.950504 -0.308326
1627999202.117527 198.705760 -277.227332 16.059166 -0.000483 0.038893 0.951973 -0.303703
1627999202.217613 198.648840 -277.272421 16.058576 -0.000202 0.040070 0.953527 -0.298632
1627999202.317872 198.589210 -277.302043 16.063112 -0.000170 0.041442 0.954904 -0.294008
1627999202.418009 198.512818 -277.338079 16.063267 -0.000838 0.042484 0.956295 -0.289301
1627999202.518225 198.442372 -277.376962 16.063004 -0.001279 0.042865 0.957719 -0.284493
1627999202.618348 198.389771 -277.420521 16.065803 -0.001481 0.042627 0.959166 -0.279611
1627999202.718628 198.332890 -277.475648 16.068712 -0.002452 0.042839 0.960622 -0.274525
1627999202.818715 198.280762 -277.516618 16.073311 -0.004016 0.043386 0.961671 -0.270721
1627999202.918884 198.233022 -277.532182 16.071172 -0.005163 0.044060 0.962356 -0.268148
1627999203.019094 198.175292 -277.552988 16.068736 -0.005892 0.043952 0.962805 -0.266533
1627999203.119295 198.114451 -277.590429 16.071392 -0.007207 0.043533 0.963120 -0.265428
1627999203.219559 198.042398 -277.627957 16.072924 -0.008036 0.043291 0.963303 -0.264779
1627999203.319785 197.982291 -277.659043 16.075059 -0.008707 0.043391 0.963335 -0.264627
1627999203.420028 197.913984 -277.700496 16.075515 -0.009908 0.043953 0.963433 -0.264134
1627999203.520277 197.848915 -277.738871 16.075339 -0.010731 0.044940 0.963585 -0.263380
1627999203.620494 197.790396 -277.785314 16.071289 -0.010925 0.045397 0.964250 -0.260848
1627999203.720745 197.737710 -277.831041 16.070253 -0.010752 0.044630 0.965462 -0.256466
1627999203.820981 197.670717 -277.868861 16.072149 -0.011149 0.043087 0.967069 -0.250593
1627999203.921234 197.618518 -277.896838 16.070594 -0.010804 0.040862 0.968866 -0.243953
1627999204.021727 197.567101 -277.936702 16.075535 -0.009867 0.041170 0.970637 -0.236795
1627999204.121710 197.499428 -277.966768 16.076518 -0.011501 0.041590 0.972422 -0.229204
1627999204.221941 197.429568 -277.991312 16.073185 -0.013231 0.040915 0.974034 -0.222281
1627999204.322188 197.368350 -278.015309 16.070249 -0.012620 0.040504 0.975737 -0.214795
1627999204.422436 197.331223 -278.037709 16.071413 -0.012313 0.040241 0.976893 -0.209545
1627999204.522674 197.289149 -278.055728 16.071457 -0.013160 0.039869 0.977421 -0.207090
1627999204.622912 197.229844 -278.079576 16.069616 -0.013330 0.038767 0.977353 -0.207608
1627999204.723295 197.175675 -278.104411 16.067715 -0.013020 0.037202 0.977070 -0.209239
1627999204.823425 197.118165 -278.125750 16.075830 -0.013821 0.036230 0.976789 -0.210664
1627999204.923629 197.054522 -278.153424 16.076309 -0.013884 0.037610 0.976673 -0.210957
1627999205.024528 196.990620 -278.182374 16.070076 -0.012427 0.039187 0.976808 -0.210132
1627999205.124089 196.933973 -278.217976 16.069946 -0.011863 0.038951 0.977123 -0.208739
1627999205.224537 196.861111 -278.242950 16.068819 -0.011324 0.038246 0.977452 -0.207355
1627999205.324587 196.809108 -278.266805 16.073467 -0.009953 0.037778 0.977973 -0.205043
1627999205.425030 196.767410 -278.277265 16.080775 -0.006133 0.038587 0.978422 -0.202887
1627999205.525048 196.734585 -278.298960 16.080397 0.000483 0.041572 0.979005 -0.199550
1627999205.625841 196.692255 -278.317529 16.079190 0.004715 0.044379 0.979421 -0.196833
1627999205.725523 196.665374 -278.328273 16.082084 0.006432 0.045833 0.979795 -0.194575
1627999205.826115 196.623690 -278.339088 16.081994 0.009184 0.046970 0.980163 -0.192327
1627999205.926013 196.577056 -278.356761 16.079717 0.011534 0.047141 0.980592 -0.189958
1627999206.026237 196.532091 -278.382984 16.079543 0.012576 0.047278 0.981015 -0.187662
1627999206.126529 196.496771 -278.393693 16.080867 0.013045 0.047580 0.981533 -0.184822
1627999206.226707 196.437662 -278.415117 16.076715 0.012314 0.047971 0.982000 -0.182271
1627999206.326929 196.379579 -278.437108 16.075776 0.010645 0.047953 0.982659 -0.178797
1627999206.427221 196.337158 -278.451549 16.070313 0.008441 0.047361 0.983135 -0.176440
1627999206.527399 196.281149 -278.470290 16.059057 0.001024 0.046209 0.983667 -0.173965
1627999206.627657 196.215510 -278.493636 16.067112 -0.008843 0.046424 0.983975 -0.171928
1627999206.727878 196.135976 -278.515788 16.067729 -0.017003 0.047957 0.984222 -0.169462
1627999206.828331 196.056082 -278.536275 16.059010 -0.025688 0.049135 0.984506 -0.166352
1627999206.928358 195.976793 -278.555306 16.048833 -0.035124 0.049173 0.984713 -0.163366
1627999207.028848 195.885263 -278.585901 16.031373 -0.045828 0.046703 0.985078 -0.159184
1627999207.128839 195.804503 -278.621956 16.040821 -0.054104 0.042020 0.985272 -0.156669
1627999207.229047 195.696483 -278.652285 16.065234 -0.053369 0.036869 0.986266 -0.151893
1627999207.329285 195.610896 -278.694875 16.075009 -0.048058 0.035150 0.987600 -0.145264
1627999207.429586 195.528712 -278.705582 16.077961 -0.042471 0.036738 0.988786 -0.138379
1627999207.529761 195.431276 -278.711055 16.076636 -0.036397 0.039750 0.989883 -0.131252
1627999207.630609 195.352685 -278.742849 16.078041 -0.026043 0.041967 0.991017 -0.124282
1627999207.730246 195.306996 -278.757472 16.042355 -0.017424 0.041797 0.992090 -0.117078
1627999207.830564 195.264831 -278.787806 16.016309 -0.018464 0.038149 0.992531 -0.114397
1627999207.930740 195.214270 -278.821534 16.032428 -0.021494 0.035980 0.992279 -0.116726
1627999208.030966 195.147350 -278.850703 16.048826 -0.020511 0.037557 0.991392 -0.123733
1627999208.131171 195.077210 -278.862188 16.042666 -0.020069 0.041170 0.990323 -0.131005
1627999208.231539 195.000348 -278.878394 16.034043 -0.021313 0.043899 0.989040 -0.139353
1627999208.331622 194.942661 -278.896422 16.035403 -0.020878 0.043760 0.988061 -0.146233
1627999208.431862 194.888142 -278.912292 16.036985 -0.018650 0.041866 0.987136 -0.153173
1627999208.532115 194.845873 -278.926526 16.032012 -0.016712 0.040216 0.986359 -0.158745
1627999208.632364 194.790063 -278.936600 16.032211 -0.016199 0.040226 0.985656 -0.163100
1627999208.732605 194.751901 -278.948997 16.033973 -0.016093 0.041594 0.984976 -0.166833
1627999208.832812 194.712241 -278.965138 16.033562 -0.015699 0.043190 0.984279 -0.170540
1627999208.933033 194.680079 -278.965924 16.028839 -0.015277 0.043595 0.983846 -0.172954
1627999209.033401 194.650372 -278.970612 16.029066 -0.014666 0.042766 0.983576 -0.174738
1627999209.133499 194.618372 -278.978847 16.030003 -0.014564 0.043110 0.983275 -0.176350
1627999209.233716 194.587335 -278.988640 16.028766 -0.014640 0.044454 0.983134 -0.176797
1627999209.333960 194.560637 -279.003216 16.028509 -0.014723 0.044994 0.983093 -0.176881
1627999209.434166 194.541607 -279.006932 16.029487 -0.014186 0.044646 0.983164 -0.176621
1627999209.534420 194.519368 -279.013600 16.028031 -0.013888 0.043443 0.983279 -0.176301
1627999209.634793 194.508103 -279.026745 16.027151 -0.014167 0.043246 0.983369 -0.175824
1627999209.734847 194.509475 -279.021142 16.030136 -0.014037 0.043186 0.983346 -0.175979
1627999209.835091 194.488832 -279.020393 16.032744 -0.013310 0.043274 0.983413 -0.175637
1627999209.935309 194.467446 -279.033563 16.030206 -0.013117 0.043813 0.983453 -0.175298
1627999210.035547 194.456284 -279.044627 16.031137 -0.012916 0.043267 0.983544 -0.174933
1627999210.135794 194.443495 -279.058286 16.031423 -0.012135 0.043044 0.983555 -0.174984
1627999210.236013 194.437084 -279.059819 16.030532 -0.011744 0.043030 0.983652 -0.174466
1627999210.336243 194.411446 -279.066343 16.033698 -0.011175 0.042902 0.983677 -0.174398
1627999210.436456 194.389810 -279.069160 16.033362 -0.010703 0.043236 0.983724 -0.174080
1627999210.536710 194.370110 -279.079034 16.032041 -0.010429 0.042963 0.983748 -0.174027
1627999210.637115 194.348442 -279.079369 16.028822 -0.010402 0.042728 0.983813 -0.173718
1627999210.737138 194.324246 -279.091476 16.029975 -0.010939 0.043013 0.983852 -0.173394
1627999210.837372 194.300425 -279.104549 16.036030 -0.010922 0.043114 0.983881 -0.173207
1627999210.937617 194.268679 -279.111963 16.032788 -0.010724 0.043890 0.983838 -0.173266
1627999211.037861 194.229472 -279.127752 16.033232 -0.011100 0.043986 0.983867 -0.173056
1627999211.138052 194.200024 -279.130865 16.032208 -0.010960 0.044717 0.983864 -0.172891
1627999211.238294 194.181817 -279.138299 16.032050 -0.010263 0.045052 0.983843 -0.172967
1627999211.338506 194.149673 -279.148842 16.029621 -0.010354 0.044964 0.983835 -0.173029
1627999211.438779 194.118374 -279.167638 16.032424 -0.010395 0.045077 0.983881 -0.172735
1627999211.539024 194.087576 -279.179960 16.032425 -0.010090 0.045929 0.983952 -0.172128
1627999211.639807 194.068562 -279.187147 16.029257 -0.010428 0.046231 0.983960 -0.171980
1627999211.739424 194.038259 -279.194444 16.031105 -0.010086 0.045703 0.983941 -0.172249
1627999211.839666 194.009901 -279.199787 16.031583 -0.009900 0.045153 0.984001 -0.172063
1627999211.939883 193.978498 -279.215467 16.034423 -0.009777 0.044797 0.984048 -0.171895
1627999212.040121 193.954712 -279.220764 16.035764 -0.009408 0.044766 0.984114 -0.171543
1627999212.140336 193.933275 -279.229249 16.032770 -0.009277 0.044759 0.984126 -0.171484
1627999212.240632 193.911424 -279.242912 16.031651 -0.009158 0.044379 0.984178 -0.171289
1627999212.340777 193.896005 -279.249978 16.033390 -0.009191 0.044128 0.984273 -0.170806
1627999212.441017 193.866004 -279.261257 16.033979 -0.009019 0.043598 0.984309 -0.170746
1627999212.541232 193.849764 -279.267325 16.039831 -0.008667 0.043664 0.984340 -0.170567
1627999212.641465 193.817573 -279.279955 16.036044 -0.008508 0.044608 0.984287 -0.170637
1627999212.741709 193.786523 -279.293376 16.036094 -0.008234 0.045113 0.984315 -0.170353
1627999212.841945 193.762924 -279.295501 16.036113 -0.008229 0.044955 0.984254 -0.170747
1627999212.942135 193.731504 -279.295911 16.037244 -0.008398 0.045630 0.984172 -0.171037
1627999213.042468 193.697907 -279.304786 16.034540 -0.008358 0.046533 0.984160 -0.170860
1627999213.142662 193.675802 -279.323178 16.031658 -0.009166 0.046819 0.984156 -0.170765
1627999213.242816 193.654695 -279.332727 16.034689 -0.009363 0.046279 0.984205 -0.170620
1627999213.343031 193.632302 -279.345931 16.034518 -0.009040 0.045907 0.984275 -0.170336
1627999213.443295 193.596956 -279.353753 16.032586 -0.009023 0.046018 0.984212 -0.170670
1627999213.543482 193.563114 -279.369381 16.036066 -0.009395 0.046267 0.984278 -0.170202
1627999213.643734 193.542972 -279.374008 16.036939 -0.009473 0.046320 0.984261 -0.170277
1627999213.743929 193.514742 -279.382113 16.039319 -0.009549 0.045932 0.984362 -0.169795
1627999213.844178 193.485264 -279.391626 16.039758 -0.009200 0.045528 0.984394 -0.169738
1627999213.944391 193.456078 -279.402878 16.038514 -0.008788 0.045302 0.984474 -0.169356
1627999214.044817 193.426846 -279.418761 16.032323 -0.009156 0.045511 0.984475 -0.169275
1627999214.144825 193.399447 -279.422338 16.037797 -0.009620 0.045162 0.984448 -0.169500
1627999214.245047 193.385385 -279.425733 16.039772 -0.009410 0.045245 0.984498 -0.169197
1627999214.345341 193.359842 -279.434045 16.038826 -0.009367 0.044932 0.984524 -0.169132
1627999214.445498 193.311962 -279.448254 16.039510 -0.009663 0.045326 0.984409 -0.169682
1627999214.545727 193.290825 -279.458866 16.041214 -0.009655 0.046196 0.984458 -0.169158
1627999214.646323 193.264135 -279.470616 16.038262 -0.009891 0.047126 0.984429 -0.169057
1627999214.746192 193.245052 -279.476851 16.036460 -0.010108 0.047114 0.984439 -0.168989
1627999214.849236 193.216746 -279.489643 16.037541 -0.010174 0.046684 0.984487 -0.168830
1627999214.946621 193.197077 -279.498106 16.038724 -0.010233 0.046312 0.984510 -0.168789
1627999215.046849 193.159717 -279.510950 16.035283 -0.010341 0.046928 0.984545 -0.168412
1627999215.147064 193.116669 -279.515745 16.039527 -0.010389 0.046669 0.984559 -0.168396
1627999215.247270 193.090599 -279.524127 16.038228 -0.010790 0.046622 0.984537 -0.168514
1627999215.347493 193.076292 -279.538392 16.041023 -0.010911 0.046086 0.984608 -0.168239
1627999215.449446 193.056809 -279.540640 16.038940 -0.010695 0.046133 0.984584 -0.168379
1627999215.548060 193.021838 -279.551451 16.037829 -0.010607 0.046772 0.984622 -0.167987
1627999215.648290 192.999333 -279.558307 16.040897 -0.010294 0.046345 0.984651 -0.167956
1627999215.748406 192.971566 -279.569281 16.040079 -0.010201 0.045970 0.984687 -0.167853
1627999215.850158 192.944048 -279.580857 16.036484 -0.010388 0.046078 0.984726 -0.167585
1627999215.948820 192.916605 -279.584864 16.041296 -0.010000 0.045385 0.984788 -0.167431
1627999216.049040 192.884242 -279.593387 16.037904 -0.009786 0.045835 0.984883 -0.166762
1627999216.149872 192.864747 -279.602200 16.041258 -0.009695 0.045402 0.985052 -0.165886
1627999216.250488 192.835550 -279.605808 16.040804 -0.009817 0.046009 0.985196 -0.164852
1627999216.349710 192.814305 -279.616776 16.043169 -0.009545 0.046405 0.985389 -0.163597
1627999216.449930 192.784019 -279.627181 16.043506 -0.009125 0.046443 0.985765 -0.161332
1627999216.550144 192.764512 -279.630585 16.037895 -0.008851 0.046660 0.986048 -0.159541
1627999216.650397 192.718827 -279.637675 16.040970 -0.008334 0.046521 0.986493 -0.156837
1627999216.750623 192.689769 -279.651346 16.041769 -0.007747 0.046147 0.986905 -0.154363
1627999216.851197 192.654934 -279.671956 16.038532 -0.007995 0.045986 0.987345 -0.151564
1627999216.951039 192.629597 -279.674725 16.035932 -0.008024 0.046107 0.987763 -0.148773
1627999217.051248 192.602481 -279.683061 16.040197 -0.007847 0.045807 0.988241 -0.145673
1627999217.152302 192.566122 -279.692744 16.040247 -0.007699 0.046064 0.988685 -0.142554
1627999217.251686 192.525568 -279.706733 16.044963 -0.007376 0.045016 0.989171 -0.139501
1627999217.351925 192.493081 -279.719432 16.045750 -0.007447 0.044749 0.989694 -0.135822
1627999217.452122 192.453240 -279.723371 16.042774 -0.007480 0.045395 0.990024 -0.133180
1627999217.552356 192.411600 -279.727496 16.044908 -0.007356 0.045362 0.990345 -0.130784
1627999217.652573 192.364685 -279.749163 16.040823 -0.007395 0.045773 0.990711 -0.127837
1627999217.752792 192.315957 -279.768459 16.039528 -0.007674 0.045483 0.991036 -0.125376
1627999217.852998 192.279368 -279.774749 16.042311 -0.007721 0.045545 0.991299 -0.123256
1627999217.953215 192.236414 -279.783708 16.044648 -0.008292 0.045607 0.991553 -0.121139
1627999218.053447 192.197093 -279.795587 16.043185 -0.009270 0.046012 0.991751 -0.119280
1627999218.153653 192.145161 -279.811073 16.046901 -0.009641 0.045861 0.991976 -0.117422
1627999218.253869 192.104329 -279.825342 16.043739 -0.009200 0.045728 0.992233 -0.115313
1627999218.354091 192.072656 -279.832595 16.041197 -0.008590 0.045337 0.992401 -0.114065
1627999218.454305 192.038016 -279.836445 16.038863 -0.008625 0.045181 0.992635 -0.112072
1627999218.554538 191.987888 -279.843106 16.044643 -0.008526 0.045008 0.992771 -0.110943
1627999218.656076 191.930742 -279.854678 16.044475 -0.008717 0.045864 0.992925 -0.109181
1627999218.755008 191.883352 -279.858317 16.043129 -0.009201 0.046163 0.993063 -0.107751
1627999218.855501 191.841172 -279.863208 16.041505 -0.010460 0.045815 0.993293 -0.105646
1627999218.955397 191.797002 -279.882874 16.037093 -0.010878 0.045862 0.993435 -0.104240
1627999219.055619 191.751689 -279.894799 16.036935 -0.011653 0.045441 0.993612 -0.102638
1627999219.155826 191.700316 -279.893950 16.040475 -0.012344 0.046320 0.993742 -0.100893
1627999219.256058 191.641154 -279.919021 16.041989 -0.012537 0.046854 0.993864 -0.099407
1627999219.356272 191.590569 -279.930080 16.041723 -0.012490 0.046812 0.993938 -0.098693
1627999219.456476 191.546368 -279.944204 16.039608 -0.012889 0.045754 0.993966 -0.098856
1627999219.556696 191.499696 -279.954790 16.035614 -0.013345 0.045336 0.993865 -0.099993
1627999219.656929 191.457414 -279.966839 16.037050 -0.013029 0.045981 0.993668 -0.101688
1627999219.757139 191.412103 -279.981355 16.042141 -0.013145 0.046760 0.993456 -0.103374
1627999219.857363 191.360205 -279.990362 16.038552 -0.013575 0.047564 0.993181 -0.105565
1627999219.958547 191.302826 -280.000879 16.043614 -0.013057 0.046461 0.993034 -0.107491
1627999220.057795 191.259244 -280.004366 16.038790 -0.012831 0.046107 0.992831 -0.109522
1627999220.158041 191.214056 -280.018553 16.030232 -0.013148 0.046222 0.992609 -0.111432
1627999220.258211 191.165390 -280.014555 16.036969 -0.012917 0.046351 0.992363 -0.113579
1627999220.360840 191.110179 -280.026232 16.034630 -0.013561 0.046985 0.992138 -0.115200
1627999220.458648 191.066430 -280.039805 16.034241 -0.014449 0.046744 0.991883 -0.117363
1627999220.559141 191.021245 -280.060041 16.031039 -0.014370 0.047136 0.991611 -0.119496
1627999220.659073 190.971021 -280.074984 16.031768 -0.013987 0.046943 0.991333 -0.121899
1627999220.759307 190.916803 -280.075247 16.034527 -0.014135 0.047000 0.991049 -0.124151
1627999220.859519 190.860421 -280.086512 16.031425 -0.015032 0.047875 0.990762 -0.125990
1627999220.959722 190.815004 -280.097762 16.029489 -0.014902 0.047700 0.990482 -0.128249
1627999221.059954 190.772044 -280.115001 16.024366 -0.014920 0.047380 0.990278 -0.129927
1627999221.160190 190.732046 -280.134923 16.021949 -0.014927 0.047021 0.990045 -0.131823
1627999221.260359 190.682727 -280.148135 16.026718 -0.013947 0.046841 0.989842 -0.133508
1627999221.360616 190.640132 -280.151098 16.023836 -0.013275 0.046880 0.989577 -0.135509
1627999221.460902 190.593300 -280.164097 16.023517 -0.013066 0.046673 0.989357 -0.137199
1627999221.561023 190.542114 -280.184958 16.025138 -0.012386 0.046742 0.989053 -0.139414
1627999221.661218 190.500521 -280.193829 16.026680 -0.011522 0.046868 0.988720 -0.141783
1627999221.761433 190.447364 -280.201691 16.021002 -0.012010 0.047896 0.988395 -0.143654
1627999221.861658 190.398964 -280.210280 16.019625 -0.012224 0.048459 0.988094 -0.145507
1627999221.962440 190.342805 -280.226472 16.018302 -0.012158 0.048046 0.987881 -0.147089
1627999222.062111 190.287094 -280.246674 16.016097 -0.012244 0.047467 0.987653 -0.148792
1627999222.162854 190.251568 -280.265861 16.015623 -0.011942 0.047023 0.987430 -0.150426
1627999222.262532 190.218594 -280.264230 16.018310 -0.011199 0.047060 0.987137 -0.152385
1627999222.362817 190.173107 -280.276864 16.022366 -0.010561 0.046850 0.986936 -0.153790
1627999222.462927 190.123957 -280.298768 16.022781 -0.010266 0.046919 0.986696 -0.155321
1627999222.563149 190.079167 -280.322559 16.026318 -0.009867 0.046513 0.986441 -0.157075
1627999222.663367 190.028868 -280.340856 16.025448 -0.009186 0.046984 0.986085 -0.159197
1627999222.763992 189.988979 -280.343877 16.025061 -0.009119 0.047251 0.985774 -0.161041
1627999222.863782 189.950253 -280.365707 16.028114 -0.008847 0.047439 0.985507 -0.162627
1627999222.964000 189.917616 -280.376827 16.024096 -0.008032 0.047771 0.985225 -0.164271
1627999223.064214 189.871416 -280.390690 16.026682 -0.007315 0.047133 0.984996 -0.165856
1627999223.164423 189.820204 -280.401635 16.023094 -0.006407 0.047689 0.984715 -0.167394
1627999223.264632 189.772504 -280.405406 16.021273 -0.005391 0.047940 0.984340 -0.169550
1627999223.364858 189.723641 -280.414963 16.019976 -0.005013 0.048050 0.984152 -0.170621
1627999223.465080 189.690310 -280.432334 16.020006 -0.004610 0.047227 0.983966 -0.171928
1627999223.567569 189.658675 -280.447408 16.019986 -0.004542 0.046957 0.983625 -0.173940
1627999223.665485 189.621448 -280.466838 16.019986 -0.004659 0.047299 0.983281 -0.175783
1627999223.765782 189.580286 -280.491759 16.022964 -0.004583 0.048279 0.983050 -0.176807
1627999223.865906 189.537582 -280.507620 16.023012 -0.004788 0.048919 0.982695 -0.178591
1627999223.966128 189.482435 -280.527631 16.027228 -0.004553 0.048443 0.982507 -0.179757
1627999224.066329 189.438402 -280.533956 16.021168 -0.004631 0.048051 0.982259 -0.181209
1627999224.166546 189.399303 -280.555380 16.021896 -0.005336 0.047279 0.982077 -0.182378
1627999224.266748 189.351863 -280.575621 16.021355 -0.006018 0.047680 0.981796 -0.183756
1627999224.366968 189.309811 -280.598424 16.022931 -0.005823 0.048121 0.981619 -0.184593
1627999224.467186 189.261462 -280.605092 16.022205 -0.006143 0.047830 0.981355 -0.186056
1627999224.567382 189.215385 -280.623787 16.020959 -0.006769 0.047700 0.981078 -0.187525
1627999224.667596 189.159011 -280.643804 16.022091 -0.007100 0.047279 0.980808 -0.189021
1627999224.767817 189.105932 -280.671195 16.021024 -0.006939 0.047336 0.980594 -0.190121
1627999224.868059 189.054593 -280.690545 16.022102 -0.007733 0.048026 0.980394 -0.190947
1627999224.968227 188.998209 -280.716395 16.021444 -0.008785 0.048267 0.980214 -0.191764
1627999225.068462 188.939418 -280.742696 16.025367 -0.008304 0.046671 0.980160 -0.192455
1627999225.168672 188.870607 -280.764007 16.024045 -0.007463 0.045635 0.980213 -0.192471
1627999225.268870 188.792654 -280.786124 16.020914 -0.006646 0.044582 0.980439 -0.191594
1627999225.369096 188.736498 -280.809316 16.020175 -0.007047 0.044839 0.980652 -0.190422
1627999225.469294 188.669770 -280.844348 16.018249 -0.007596 0.046130 0.980830 -0.189173
1627999225.569527 188.599294 -280.872179 16.019382 -0.008428 0.046516 0.981029 -0.188012
1627999225.669714 188.526143 -280.897912 16.023360 -0.009288 0.046555 0.981232 -0.186897
1627999225.769940 188.470645 -280.923293 16.023708 -0.009908 0.045276 0.981438 -0.186094
1627999225.870144 188.415842 -280.952704 16.022610 -0.010745 0.043378 0.981698 -0.185124
1627999225.970366 188.334387 -280.982612 16.024350 -0.011192 0.041751 0.981854 -0.184648
1627999226.070552 188.250518 -281.020348 16.025552 -0.011477 0.041667 0.981985 -0.183951
1627999226.170771 188.171215 -281.047552 16.024825 -0.011442 0.042938 0.982025 -0.183446
1627999226.270966 188.109079 -281.063769 16.024684 -0.010977 0.044452 0.982094 -0.182742
1627999226.371177 188.046572 -281.081309 16.021255 -0.010959 0.044993 0.982233 -0.181863
1627999226.471385 187.971511 -281.118972 16.024044 -0.010875 0.043501 0.982419 -0.181224
1627999226.571605 187.912650 -281.152333 16.027819 -0.009039 0.042463 0.982664 -0.180239
1627999226.671791 187.842297 -281.176576 16.022819 -0.008113 0.042581 0.982871 -0.179124
1627999226.772008 187.769304 -281.199387 16.023542 -0.008151 0.042923 0.983004 -0.178310
1627999226.872230 187.693555 -281.222437 16.028359 -0.007988 0.044152 0.983152 -0.177200
1627999226.972469 187.624638 -281.246907 16.024164 -0.008265 0.044519 0.983326 -0.176122
1627999227.072656 187.550495 -281.279240 16.026388 -0.008485 0.043267 0.983576 -0.175027
1627999227.172891 187.493787 -281.299903 16.027206 -0.007671 0.042601 0.983780 -0.174079
1627999227.273059 187.429845 -281.319291 16.025489 -0.007035 0.042500 0.984076 -0.172451
1627999227.373311 187.366437 -281.351676 16.022445 -0.007630 0.044205 0.984130 -0.171683
1627999227.473473 187.296431 -281.370854 16.025545 -0.007394 0.045088 0.984225 -0.170918
1627999227.573688 187.219981 -281.394969 16.025985 -0.007324 0.045425 0.984521 -0.169117
1627999227.673927 187.163464 -281.427123 16.025278 -0.007766 0.044604 0.984719 -0.168165
1627999227.774114 187.098707 -281.449615 16.024693 -0.007757 0.044164 0.984848 -0.167522
1627999227.874321 187.033241 -281.467118 16.026236 -0.007297 0.043829 0.985068 -0.166334
1627999227.974517 186.965022 -281.487131 16.020838 -0.007613 0.043944 0.985222 -0.165376
1627999228.074739 186.899405 -281.514471 16.021833 -0.008286 0.045166 0.985402 -0.163933
1627999228.174918 186.848775 -281.534926 16.026665 -0.008098 0.045425 0.985513 -0.163204
1627999228.275158 186.780488 -281.553164 16.021761 -0.008156 0.046510 0.985632 -0.162172
1627999228.375346 186.719037 -281.571739 16.023233 -0.008769 0.045844 0.985836 -0.161085
1627999228.475575 186.648475 -281.601215 16.023387 -0.009201 0.045350 0.985997 -0.160215
1627999228.575770 186.587587 -281.615880 16.024080 -0.008855 0.045098 0.986139 -0.159427
1627999228.676014 186.529619 -281.638095 16.024150 -0.008107 0.044939 0.986346 -0.158229
1627999228.776169 186.461799 -281.653997 16.025764 -0.008186 0.045136 0.986485 -0.157297
1627999228.876373 186.391411 -281.677193 16.025379 -0.007776 0.046490 0.986576 -0.156353
1627999228.976592 186.314568 -281.702913 16.027202 -0.008040 0.047088 0.986727 -0.155205
1627999229.076798 186.250931 -281.721321 16.029164 -0.008721 0.046443 0.987003 -0.153599
1627999229.177000 186.189184 -281.744243 16.029599 -0.008881 0.045593 0.987426 -0.151103
1627999229.277203 186.135198 -281.766873 16.027213 -0.008726 0.044543 0.987887 -0.148390
1627999229.377408 186.072657 -281.796514 16.021701 -0.008337 0.044653 0.988380 -0.145057
1627999229.477658 186.011526 -281.821712 16.021924 -0.008773 0.044692 0.988845 -0.141811
1627999229.584348 185.937580 -281.839490 16.020449 -0.009231 0.045122 0.989264 -0.138691
1627999229.678022 185.876852 -281.848599 16.022444 -0.009677 0.045983 0.989598 -0.135969
1627999229.778235 185.801436 -281.861285 16.021670 -0.010073 0.046255 0.989922 -0.133465
1627999229.878449 185.727163 -281.883165 16.027896 -0.010366 0.045446 0.990318 -0.130755
1627999229.978657 185.663938 -281.915351 16.023739 -0.010225 0.045839 0.990585 -0.128594
1627999230.078860 185.598522 -281.931418 16.021470 -0.008246 0.045551 0.990920 -0.126234
1627999230.179272 185.527388 -281.942413 16.020701 -0.007527 0.044869 0.991154 -0.124678
1627999230.279262 185.471004 -281.961874 16.018746 -0.007546 0.044819 0.991380 -0.122883
1627999230.379733 185.400570 -281.984646 16.017942 -0.006952 0.044435 0.991706 -0.120400
1627999230.479674 185.336126 -282.005399 16.016543 -0.007099 0.044295 0.991926 -0.118616
1627999230.580588 185.273818 -282.024390 16.020127 -0.007754 0.044758 0.992153 -0.116482
1627999230.680083 185.202733 -282.026651 16.020808 -0.007630 0.045311 0.992345 -0.114633
1627999230.780342 185.134666 -282.040070 16.023422 -0.007171 0.045115 0.992640 -0.112156
1627999230.880490 185.064084 -282.064473 16.025505 -0.007801 0.043990 0.992911 -0.110141
1627999230.980704 185.004250 -282.079944 16.025937 -0.008195 0.043955 0.993086 -0.108538
1627999231.080920 184.944025 -282.091604 16.026780 -0.008119 0.043882 0.993359 -0.106047
1627999231.181127 184.877122 -282.119232 16.026224 -0.008308 0.043831 0.993611 -0.103670
1627999231.281392 184.818425 -282.140866 16.024827 -0.007932 0.042404 0.993854 -0.101945
1627999231.381843 184.748687 -282.153279 16.021556 -0.007364 0.040967 0.994019 -0.100966
1627999231.481738 184.698203 -282.156952 16.022416 -0.006400 0.040355 0.994084 -0.100638
1627999231.582127 184.624502 -282.166835 16.016267 -0.006499 0.040716 0.994052 -0.100798
1627999231.682151 184.544181 -282.183409 16.018176 -0.007023 0.041568 0.993858 -0.102322
1627999231.782342 184.471159 -282.206523 16.019347 -0.006565 0.042440 0.993694 -0.103580
1627999231.882564 184.393358 -282.222990 16.014549 -0.006727 0.043223 0.993443 -0.105631
1627999231.982756 184.321217 -282.226298 16.012298 -0.008730 0.044107 0.993180 -0.107575
1627999232.083093 184.264566 -282.234839 16.016781 -0.010631 0.045103 0.992962 -0.108995
1627999232.183241 184.212654 -282.243619 16.018571 -0.010391 0.046099 0.992755 -0.110478
1627999232.283377 184.153618 -282.258790 16.017301 -0.009772 0.045032 0.992531 -0.112951
1627999232.384287 184.083761 -282.276755 16.014406 -0.009340 0.044545 0.992124 -0.116699
1627999232.483824 184.003313 -282.296291 16.012151 -0.008415 0.045041 0.991699 -0.120143
1627999232.583977 183.918210 -282.314863 16.013936 -0.008542 0.046192 0.991225 -0.123561
1627999232.684196 183.863161 -282.324159 16.019565 -0.008672 0.048029 0.990753 -0.126595
1627999232.784384 183.802058 -282.341627 16.019210 -0.007523 0.050977 0.990020 -0.131165
1627999232.884872 183.738154 -282.350126 16.018432 -0.005826 0.053800 0.989328 -0.135281
1627999232.986214 183.664296 -282.361295 16.015483 -0.006389 0.055675 0.988690 -0.139110
1627999233.085364 183.611762 -282.384988 16.008640 -0.007754 0.058025 0.987967 -0.143155
1627999233.188269 183.555319 -282.392381 16.009877 -0.008472 0.058242 0.987349 -0.147235
1627999233.285413 183.474632 -282.417088 16.010168 -0.009798 0.057794 0.986730 -0.151419
1627999233.385599 183.411169 -282.441127 16.012209 -0.010234 0.057651 0.986024 -0.155974
1627999233.485812 183.342635 -282.455967 16.013441 -0.010832 0.058175 0.985328 -0.160086
1627999233.586036 183.280653 -282.473413 16.012962 -0.011414 0.058713 0.984626 -0.164113
1627999233.687860 183.215648 -282.491971 16.013456 -0.012099 0.059520 0.983694 -0.169283
1627999233.786485 183.136882 -282.511819 16.013739 -0.012119 0.059898 0.982808 -0.174224
1627999233.890546 183.059757 -282.531261 16.013040 -0.012543 0.060046 0.981989 -0.178702
1627999233.986831 182.996947 -282.561217 16.015770 -0.013557 0.059715 0.981158 -0.183248
1627999234.087032 182.935055 -282.592023 16.012769 -0.013536 0.058750 0.980301 -0.188083
1627999234.187337 182.862699 -282.622875 16.011245 -0.013759 0.055884 0.979616 -0.192459
1627999234.288322 182.802768 -282.641923 16.010405 -0.014108 0.054098 0.978718 -0.197450
1627999234.387835 182.736535 -282.670995 16.011440 -0.013489 0.054176 0.977876 -0.201599
1627999234.487894 182.674975 -282.702415 16.009474 -0.012887 0.056218 0.977009 -0.205247
1627999234.588059 182.626528 -282.716290 16.012160 -0.012738 0.057420 0.976095 -0.209235
1627999234.688244 182.557835 -282.739511 16.013526 -0.012065 0.058061 0.975409 -0.212277
1627999234.788456 182.483097 -282.764678 16.010770 -0.010619 0.057087 0.974742 -0.215654
1627999234.888654 182.418999 -282.799349 16.007812 -0.008964 0.054918 0.974077 -0.219267
1627999234.988859 182.352761 -282.829812 16.013690 -0.007143 0.052175 0.973573 -0.222222
1627999235.089046 182.307783 -282.865973 16.018567 -0.005084 0.051437 0.972870 -0.225503
1627999235.189346 182.246893 -282.890647 16.020682 -0.005851 0.051156 0.972223 -0.228321
1627999235.289615 182.193823 -282.915099 16.020018 -0.007044 0.051063 0.971496 -0.231385
1627999235.389676 182.134841 -282.935088 16.018036 -0.007263 0.052498 0.971123 -0.232619
1627999235.489858 182.075641 -282.967998 16.026862 -0.007546 0.051387 0.971118 -0.232878
1627999235.590072 182.016740 -283.004276 16.016055 -0.006910 0.051203 0.971169 -0.232727
1627999235.690267 181.967560 -283.032662 16.015420 -0.003939 0.050646 0.971475 -0.231637
1627999235.790457 181.908939 -283.067537 16.025954 -0.003025 0.047686 0.971933 -0.230354
1627999235.890666 181.834501 -283.106285 16.022022 -0.003651 0.046828 0.972216 -0.229324
1627999235.990868 181.769557 -283.125486 16.016777 -0.002221 0.047767 0.972659 -0.227261
1627999236.091066 181.721992 -283.149701 16.024254 -0.000390 0.048231 0.973223 -0.224748
1627999236.191289 181.666449 -283.184986 16.022916 -0.000015 0.047325 0.973651 -0.223081
1627999236.291467 181.611470 -283.220654 16.024321 0.000535 0.045491 0.974456 -0.219921
1627999236.391687 181.552770 -283.258951 16.028303 0.001450 0.045039 0.975205 -0.216665
1627999236.491875 181.483821 -283.290596 16.031191 0.001389 0.044998 0.975986 -0.213132
1627999236.592105 181.409187 -283.318664 16.031946 0.001140 0.044929 0.976705 -0.209829
1627999236.692270 181.339181 -283.353580 16.031687 0.001367 0.045128 0.977421 -0.206422
1627999236.792496 181.266184 -283.380669 16.034633 0.000789 0.044387 0.978175 -0.202986
1627999236.892704 181.208139 -283.412138 16.032646 -0.000291 0.043283 0.978902 -0.199692
1627999236.992964 181.132567 -283.455620 16.032490 -0.000588 0.042687 0.979686 -0.195939
1627999237.093088 181.060958 -283.495643 16.039196 -0.000812 0.042351 0.980449 -0.192162
1627999237.193294 180.984370 -283.533699 16.036950 -0.001696 0.043102 0.981138 -0.188433
1627999237.293480 180.899680 -283.570717 16.041569 -0.002163 0.042383 0.981877 -0.184707
1627999237.393753 180.818254 -283.599707 16.048802 -0.003188 0.041945 0.982599 -0.180911
1627999237.493892 180.741925 -283.627746 16.041982 -0.004366 0.041780 0.983419 -0.176414
1627999237.594087 180.634445 -283.674481 16.039367 -0.003020 0.040686 0.984200 -0.172294
1627999237.694288 180.528895 -283.710920 16.049076 -0.003012 0.040096 0.984910 -0.168332
1627999237.794511 180.436008 -283.746060 16.046935 -0.004961 0.040805 0.985475 -0.164771
1627999237.894686 180.351638 -283.768629 16.044644 -0.005214 0.042869 0.986045 -0.160783
1627999237.994890 180.253408 -283.792110 16.046580 -0.005932 0.043927 0.986617 -0.156913
1627999238.095090 180.165992 -283.817050 16.044569 -0.006873 0.041958 0.987231 -0.153518
1627999238.195419 180.078515 -283.852786 16.040172 -0.007162 0.040462 0.987588 -0.151596
1627999238.295496 179.990825 -283.890102 16.037655 -0.007395 0.040457 0.987951 -0.149205
1627999238.395753 179.879450 -283.911283 16.046532 -0.008455 0.041904 0.988115 -0.147656
1627999238.495905 179.782133 -283.941982 16.045066 -0.009656 0.043694 0.988366 -0.145363
1627999238.596094 179.691641 -283.970580 16.033559 -0.008828 0.044764 0.988717 -0.142680
1627999238.696292 179.595642 -284.006646 16.037976 -0.008067 0.044029 0.989062 -0.140545
1627999238.796483 179.479095 -284.047497 16.042843 -0.008764 0.043648 0.989383 -0.138345
1627999238.896703 179.351541 -284.086877 16.048290 -0.009631 0.044061 0.989619 -0.136453
1627999238.996896 179.268619 -284.099335 16.039742 -0.009643 0.045364 0.989839 -0.134414
1627999239.097099 179.180948 -284.117339 16.037473 -0.008978 0.045299 0.990143 -0.132232
1627999239.197282 179.078301 -284.148348 16.042244 -0.009318 0.045019 0.990314 -0.131013
1627999239.297514 178.978795 -284.171406 16.038554 -0.010067 0.045591 0.990467 -0.129593
1627999239.397784 178.901829 -284.201209 16.039479 -0.009798 0.046979 0.990592 -0.128154
1627999239.497876 178.802399 -284.227962 16.044323 -0.009847 0.046821 0.990800 -0.126598
1627999239.598072 178.695295 -284.254273 16.038082 -0.009493 0.047177 0.990937 -0.125412
1627999239.698274 178.603861 -284.279207 16.037146 -0.009483 0.047744 0.991010 -0.124620
1627999239.798508 178.522079 -284.305310 16.038357 -0.010007 0.048134 0.991139 -0.123392
1627999239.898672 178.431583 -284.320717 16.034624 -0.010870 0.049245 0.991197 -0.122416
1627999239.998935 178.331459 -284.341986 16.025850 -0.010148 0.049429 0.991197 -0.122403
1627999240.099082 178.215425 -284.363663 16.030974 -0.008939 0.049410 0.991171 -0.122716
1627999240.199267 178.116795 -284.388147 16.035131 -0.009913 0.050542 0.991016 -0.123425
1627999240.299473 178.027630 -284.411625 16.031939 -0.010593 0.051407 0.990890 -0.124026
1627999240.399662 177.928080 -284.425814 16.033889 -0.010520 0.051945 0.990781 -0.124680
1627999240.499872 177.843223 -284.444319 16.033484 -0.010750 0.051817 0.990758 -0.124893
1627999240.600160 177.749234 -284.466752 16.035162 -0.011796 0.051860 0.990594 -0.126072
1627999240.700268 177.658670 -284.495543 16.036240 -0.013542 0.052096 0.990407 -0.127263
1627999240.800459 177.558147 -284.518665 16.025140 -0.014479 0.053997 0.990209 -0.127913
1627999240.900702 177.447757 -284.543758 16.027691 -0.015372 0.054792 0.990063 -0.128599
1627999241.000854 177.350334 -284.571027 16.025670 -0.015943 0.054252 0.989943 -0.129671
1627999241.101095 177.249584 -284.597237 16.022104 -0.015611 0.054305 0.989811 -0.130699
1627999241.201281 177.151975 -284.615336 16.022345 -0.015498 0.055093 0.989639 -0.131678
1627999241.301453 177.068602 -284.636496 16.019658 -0.015241 0.056714 0.989446 -0.132469
1627999241.401658 176.993757 -284.662928 16.016289 -0.014572 0.058292 0.989318 -0.132814
1627999241.501842 176.908174 -284.685780 16.015677 -0.013643 0.057989 0.989300 -0.133179
1627999241.602051 176.810961 -284.707160 16.015238 -0.012856 0.058497 0.989138 -0.134236
1627999241.702269 176.718737 -284.729833 16.016753 -0.012667 0.058694 0.988942 -0.135600
1627999241.802447 176.612916 -284.761529 16.015590 -0.011813 0.060263 0.988818 -0.135899
1627999241.902647 176.517770 -284.780682 16.017843 -0.011583 0.060972 0.988672 -0.136663
1627999242.002850 176.426556 -284.805040 16.014683 -0.011122 0.061258 0.988576 -0.137262
1627999242.103054 176.355887 -284.824532 16.013366 -0.010412 0.061397 0.988419 -0.138380
1627999242.203248 176.275103 -284.840441 16.016874 -0.010355 0.062186 0.988246 -0.139267
1627999242.303434 176.198594 -284.864883 16.014645 -0.010329 0.063192 0.988118 -0.139722
1627999242.403732 176.134341 -284.891651 16.020166 -0.010761 0.063459 0.987991 -0.140470
1627999242.503821 176.049010 -284.914935 16.019292 -0.010932 0.063182 0.987946 -0.140895
1627999242.604023 175.971569 -284.935987 16.017386 -0.010337 0.062440 0.987942 -0.141297
1627999242.704226 175.876928 -284.955067 16.015543 -0.010423 0.064015 0.987682 -0.142399
1627999242.804506 175.800907 -284.977906 16.016534 -0.011129 0.064912 0.987491 -0.143260
1627999242.904626 175.725758 -284.996455 16.012763 -0.011138 0.065547 0.987334 -0.144052
1627999243.004836 175.647117 -285.021011 16.015428 -0.011041 0.065532 0.987242 -0.144697
1627999243.105023 175.555232 -285.046813 16.008760 -0.010859 0.065144 0.987227 -0.144986
1627999243.205226 175.481853 -285.067983 16.012720 -0.010168 0.064718 0.987125 -0.145919
1627999243.305432 175.401959 -285.084987 16.014942 -0.010743 0.065896 0.986880 -0.147004
1627999243.405619 175.310644 -285.104484 16.013990 -0.011477 0.067359 0.986639 -0.147903
1627999243.505817 175.227400 -285.135557 16.007931 -0.011691 0.069215 0.986416 -0.148515
1627999243.606015 175.162459 -285.154275 16.007273 -0.011912 0.069263 0.986362 -0.148833
1627999243.706205 175.073497 -285.183373 16.005513 -0.011241 0.067454 0.986340 -0.149856
1627999243.806395 174.990188 -285.205326 16.008993 -0.010271 0.067287 0.986223 -0.150771
1627999243.906590 174.915575 -285.229314 16.015060 -0.010342 0.067309 0.986087 -0.151641
1627999244.006798 174.826617 -285.251835 16.009382 -0.010406 0.068877 0.985803 -0.152777
1627999244.107050 174.743042 -285.277292 16.005452 -0.010045 0.070183 0.985579 -0.153647
1627999244.207182 174.661540 -285.300578 16.007434 -0.009748 0.070419 0.985492 -0.154116
1627999244.307412 174.601351 -285.322963 16.006642 -0.008841 0.069059 0.985468 -0.154940
1627999244.407581 174.527573 -285.349514 16.011965 -0.008223 0.068435 0.985396 -0.155707
1627999244.507793 174.446338 -285.373272 16.015559 -0.008976 0.068631 0.985194 -0.156850
1627999244.607965 174.359143 -285.397748 16.007084 -0.008874 0.069724 0.984929 -0.158036
1627999244.708169 174.266871 -285.421751 16.005322 -0.008223 0.070714 0.984821 -0.158301
1627999244.808383 174.175223 -285.449964 16.008581 -0.008228 0.070265 0.984719 -0.159132
1627999244.908567 174.091869 -285.484111 16.009835 -0.007568 0.069016 0.984671 -0.160005
1627999245.008739 174.006529 -285.510692 16.014870 -0.008083 0.068615 0.984497 -0.161222
1627999245.108966 173.916245 -285.530034 16.011917 -0.008633 0.068430 0.984273 -0.162634
1627999245.209142 173.824956 -285.556301 16.007471 -0.007940 0.068842 0.984105 -0.163506
1627999245.309361 173.750054 -285.586795 16.010091 -0.007756 0.070061 0.983904 -0.164210
1627999245.409557 173.654573 -285.627328 16.015885 -0.008077 0.069456 0.983799 -0.165075
1627999245.509737 173.559004 -285.657829 16.010462 -0.008823 0.068736 0.983681 -0.166042
1627999245.609937 173.460064 -285.686455 16.007532 -0.008553 0.068340 0.983489 -0.167349
1627999245.710163 173.342952 -285.726015 16.025392 -0.009031 0.068301 0.983546 -0.167006
1627999245.810338 173.242079 -285.768394 16.028499 -0.012150 0.068028 0.983668 -0.166199
1627999245.910518 173.132046 -285.813992 16.017829 -0.013264 0.067903 0.983794 -0.165417
1627999246.010782 173.027506 -285.854321 16.019851 -0.013308 0.067357 0.984188 -0.163276
1627999246.110934 172.925010 -285.886962 16.014339 -0.014711 0.067594 0.984421 -0.161648
1627999246.211123 172.817412 -285.921212 16.002474 -0.014715 0.067833 0.984795 -0.159249
1627999246.311651 172.700555 -285.952502 16.008011 -0.013243 0.066638 0.985285 -0.156836
1627999246.411494 172.578877 -285.986649 16.006938 -0.011772 0.065653 0.985628 -0.155207
1627999246.512269 172.466394 -286.033513 16.007442 -0.010587 0.066281 0.985920 -0.153158
1627999246.611870 172.345170 -286.066875 16.015006 -0.010451 0.067390 0.986088 -0.151588
1627999246.712072 172.216469 -286.094854 16.012651 -0.009871 0.067312 0.986302 -0.150266
1627999246.812304 172.113645 -286.125510 16.004770 -0.008216 0.066980 0.986475 -0.149373
1627999246.912474 172.005034 -286.155772 16.014085 -0.008524 0.067041 0.986545 -0.148866
1627999247.012732 171.890285 -286.194869 16.013346 -0.009530 0.066438 0.986666 -0.148274
1627999247.113230 171.773170 -286.222164 16.009056 -0.008802 0.066814 0.986768 -0.147468
1627999247.214160 171.661586 -286.251481 16.011425 -0.008189 0.066934 0.986866 -0.146794
1627999247.313297 171.550782 -286.284185 16.011269 -0.008565 0.067443 0.986877 -0.146463
1627999247.413458 171.437827 -286.324110 16.009841 -0.008079 0.067871 0.987032 -0.145248
1627999247.513637 171.308902 -286.352438 16.014068 -0.006887 0.066451 0.987223 -0.144662
1627999247.615102 171.197157 -286.382457 16.018567 -0.006758 0.065514 0.987246 -0.144937
1627999247.714025 171.097798 -286.401763 16.013752 -0.007297 0.066406 0.987148 -0.145173
1627999247.814214 170.988823 -286.427659 16.019822 -0.008622 0.067358 0.987010 -0.145598
1627999247.914411 170.883487 -286.467053 16.018643 -0.009642 0.067114 0.987024 -0.145555
1627999248.014633 170.763044 -286.495268 16.007590 -0.009231 0.066316 0.986826 -0.147282
1627999248.114808 170.657048 -286.526022 16.008412 -0.008422 0.066205 0.986674 -0.148391
1627999248.215006 170.543013 -286.556628 16.012016 -0.008505 0.066717 0.986420 -0.149840
1627999248.315181 170.444685 -286.593186 16.006625 -0.008273 0.066772 0.986322 -0.150474
1627999248.417988 170.345671 -286.625466 16.008148 -0.006503 0.066544 0.986170 -0.151650
1627999248.515607 170.233022 -286.652311 16.011770 -0.005767 0.066145 0.986009 -0.152896
1627999248.615766 170.117974 -286.691742 16.015708 -0.006065 0.066343 0.985814 -0.154057
1627999248.715957 170.015440 -286.729198 16.013924 -0.006142 0.065874 0.985694 -0.155015
1627999248.816176 169.905088 -286.764981 16.019273 -0.005105 0.064706 0.985638 -0.155903
1627999248.916345 169.794364 -286.797024 16.021604 -0.004621 0.063258 0.985503 -0.157354
1627999249.016543 169.685006 -286.820012 16.019982 -0.004592 0.063059 0.985307 -0.158657
1627999249.116732 169.587608 -286.853858 16.018793 -0.004413 0.063249 0.985155 -0.159530
1627999249.216929 169.488287 -286.898888 16.020663 -0.004009 0.061789 0.985142 -0.160189
1627999249.317128 169.379557 -286.931342 16.019518 -0.003753 0.060522 0.984975 -0.161700
1627999249.417314 169.267874 -286.958994 16.024355 -0.003651 0.060445 0.984780 -0.162914
1627999249.517507 169.148663 -287.009132 16.028745 -0.003915 0.059601 0.984611 -0.164235
1627999249.617717 169.044314 -287.044935 16.028981 -0.003165 0.058380 0.984529 -0.165179
1627999249.717902 168.939379 -287.079657 16.033094 -0.002572 0.056558 0.984429 -0.166416
1627999249.818122 168.854688 -287.105274 16.030954 -0.002345 0.055936 0.984143 -0.168310
1627999249.918289 168.752268 -287.150393 16.037810 -0.002301 0.056338 0.983998 -0.169025
1627999250.018481 168.632193 -287.183750 16.039751 -0.002625 0.056049 0.983862 -0.169902
1627999250.118667 168.518985 -287.226052 16.041037 -0.001837 0.053138 0.983919 -0.170518
1627999250.218870 168.415271 -287.256375 16.039197 -0.001559 0.051174 0.983792 -0.171847
1627999250.415586 168.233042 -287.344232 16.045852 -0.002448 0.050528 0.983346 -0.174560
1627999250.419262 168.232212 -287.343225 16.046695 -0.002428 0.050543 0.983347 -0.174549
1627999250.519456 168.105981 -287.393867 16.047059 -0.004132 0.050831 0.983127 -0.175672
1627999250.619653 167.995793 -287.415793 16.048754 -0.004971 0.048806 0.982920 -0.177377
1627999250.719832 167.888107 -287.450203 16.043827 -0.004842 0.046971 0.982664 -0.179283
1627999250.820038 167.777444 -287.504670 16.049031 -0.005093 0.047239 0.982439 -0.180433
1627999250.920230 167.668158 -287.538596 16.048888 -0.006508 0.047967 0.982055 -0.182279
1627999251.020415 167.566753 -287.567609 16.038316 -0.004885 0.047929 0.981827 -0.183561
1627999251.120606 167.457137 -287.615037 16.048821 -0.002515 0.047182 0.981633 -0.184836
1627999251.220808 167.332496 -287.665558 16.058431 -0.004458 0.044725 0.981445 -0.186402
1627999251.320992 167.213704 -287.709083 16.042595 -0.004203 0.043638 0.981126 -0.188333
1627999251.421186 167.104993 -287.760543 16.044021 -0.002748 0.045128 0.980802 -0.189693
1627999251.521376 166.989784 -287.795156 16.054560 -0.004692 0.046872 0.980429 -0.191157
1627999251.621582 166.894503 -287.828407 16.049595 -0.005787 0.046725 0.980065 -0.193018
1627999251.721767 166.794314 -287.875055 16.044942 -0.003405 0.045581 0.979959 -0.193885
1627999251.821989 166.685932 -287.939656 16.054321 -0.002172 0.043733 0.979888 -0.194684
1627999251.925016 166.581651 -287.981728 16.055478 -0.002801 0.043128 0.979659 -0.195962
1627999252.022361 166.471787 -288.022743 16.050643 -0.002780 0.045139 0.979450 -0.196552
1627999252.122546 166.360165 -288.074978 16.056820 -0.002695 0.045446 0.979507 -0.196196
1627999252.222741 166.250854 -288.127159 16.057700 -0.002300 0.044699 0.979628 -0.195769
1627999252.322917 166.148530 -288.165635 16.057135 -0.001442 0.045094 0.979853 -0.194559
1627999252.423144 166.045419 -288.210906 16.062524 -0.001447 0.044694 0.980174 -0.193026
1627999252.525051 165.927401 -288.259742 16.063433 -0.001714 0.044288 0.980434 -0.191794
1627999252.623520 165.824601 -288.299729 16.060980 -0.001108 0.044498 0.980747 -0.190140
1627999252.723694 165.725234 -288.336486 16.061036 -0.000785 0.045296 0.980939 -0.188961
1627999252.823905 165.628884 -288.380381 16.067515 -0.000866 0.046122 0.981139 -0.187720
1627999252.924087 165.529408 -288.419330 16.075846 -0.001331 0.045142 0.981400 -0.186589
1627999253.024274 165.425934 -288.461969 16.064494 -0.000623 0.044356 0.981758 -0.184886
1627999253.125517 165.318583 -288.510759 16.067895 0.000058 0.043237 0.982046 -0.183618
1627999253.224688 165.208184 -288.549941 16.070313 -0.000752 0.044457 0.982121 -0.182926
1627999253.324864 165.095033 -288.595528 16.064685 -0.001069 0.046873 0.982254 -0.181601
1627999253.425068 164.999257 -288.639374 16.068236 0.000567 0.046473 0.982856 -0.178423
1627999253.525291 164.882167 -288.682282 16.077525 0.001520 0.044701 0.983366 -0.176041
1627999253.625447 164.777363 -288.708703 16.074242 0.001578 0.044258 0.983600 -0.174841
1627999253.725924 164.672952 -288.747588 16.075322 0.001421 0.044632 0.983997 -0.172498
1627999253.825852 164.573459 -288.785463 16.084863 -0.000111 0.045274 0.984333 -0.170407
1627999253.926199 164.467281 -288.827649 16.087451 -0.001177 0.045680 0.984673 -0.168316
1627999254.026220 164.356541 -288.865989 16.086839 -0.001758 0.045232 0.985077 -0.166053
1627999254.126396 164.241446 -288.903408 16.089022 -0.002422 0.045243 0.985448 -0.163830
1627999254.226623 164.129329 -288.938599 16.090717 -0.003726 0.044811 0.985765 -0.162005
1627999254.326840 164.019558 -288.980076 16.082740 -0.003926 0.045495 0.986042 -0.160109
1627999254.426994 163.918739 -289.021963 16.082640 -0.003299 0.046387 0.986326 -0.158108
1627999254.527151 163.817648 -289.043599 16.086550 -0.004072 0.047495 0.986525 -0.156512
1627999254.627370 163.720617 -289.076073 16.093173 -0.005388 0.047451 0.986864 -0.154333
1627999254.728544 163.599795 -289.119685 16.087802 -0.004912 0.047199 0.987193 -0.152307
1627999254.827728 163.487332 -289.159655 16.088911 -0.004199 0.046166 0.987560 -0.150257
1627999254.927952 163.362983 -289.199071 16.091900 -0.005027 0.046439 0.987854 -0.148201
1627999255.028136 163.258367 -289.233177 16.088903 -0.004743 0.047382 0.988020 -0.146797
1627999255.128472 163.144240 -289.278068 16.089843 -0.003377 0.047858 0.988297 -0.144803
1627999255.228502 163.048153 -289.299013 16.094632 -0.003624 0.047582 0.988569 -0.143016
1627999255.328680 162.949762 -289.322783 16.098220 -0.004635 0.047361 0.988665 -0.142398
1627999255.428916 162.840098 -289.351612 16.099923 -0.004975 0.046840 0.988931 -0.140702
1627999255.529063 162.715187 -289.388681 16.097778 -0.006067 0.046689 0.989128 -0.139314
1627999255.629257 162.601275 -289.416958 16.089861 -0.006436 0.046592 0.989373 -0.137581
1627999255.729474 162.477815 -289.451651 16.083657 -0.005547 0.046496 0.989506 -0.136695
1627999255.829747 162.369543 -289.486357 16.090369 -0.005084 0.046788 0.989690 -0.135272
1627999255.929830 162.253096 -289.510143 16.094337 -0.005589 0.047433 0.989775 -0.134402
1627999256.030040 162.147249 -289.536576 16.093461 -0.004893 0.047885 0.989938 -0.133067
1627999256.130257 162.038303 -289.567975 16.095555 -0.003829 0.047592 0.990048 -0.132382
1627999256.230422 161.930313 -289.602565 16.087936 -0.004976 0.047180 0.990202 -0.131336
1627999256.330672 161.809041 -289.634764 16.094639 -0.006877 0.044943 0.990341 -0.130990
1627999256.430786 161.704566 -289.657193 16.091921 -0.005639 0.043475 0.990364 -0.131366
1627999256.530979 161.592623 -289.687136 16.095437 -0.003949 0.043402 0.990138 -0.133145
1627999256.631169 161.479658 -289.711015 16.096663 -0.004208 0.046370 0.989631 -0.135876
1627999256.731407 161.369901 -289.741515 16.095351 -0.003249 0.047897 0.989125 -0.139019
1627999256.831546 161.273774 -289.778879 16.095137 -0.000793 0.045568 0.988773 -0.142307
1627999256.931740 161.153383 -289.817996 16.097251 0.000635 0.042214 0.988376 -0.146047
1627999257.031988 161.035403 -289.851773 16.097798 0.001069 0.041941 0.987753 -0.150278
1627999257.132137 160.916083 -289.880640 16.097083 0.000705 0.043644 0.987115 -0.153945
1627999257.232307 160.816132 -289.909206 16.099992 0.000762 0.044490 0.986510 -0.157535
1627999257.332505 160.703590 -289.944910 16.099928 0.002342 0.043827 0.985949 -0.161177
1627999257.432700 160.604371 -289.972345 16.103275 0.003100 0.044191 0.985211 -0.165521
1627999257.534431 160.493741 -290.006654 16.113142 0.002963 0.044765 0.984592 -0.169014
1627999257.633068 160.390548 -290.045495 16.110123 0.002695 0.045934 0.984120 -0.171438
1627999257.733266 160.289582 -290.083305 16.108805 0.003054 0.044752 0.983897 -0.173015
1627999257.833452 160.178086 -290.132505 16.113934 0.002940 0.043571 0.983750 -0.174155
1627999257.933643 160.055801 -290.180825 16.113053 0.002306 0.044567 0.983492 -0.175365
1627999258.033863 159.933202 -290.213335 16.120256 0.001742 0.046846 0.983275 -0.175988
1627999258.134099 159.804258 -290.270568 16.119233 0.000902 0.046541 0.983393 -0.175418
1627999258.234240 159.706314 -290.312994 16.117816 0.000401 0.045472 0.983613 -0.174464
1627999258.334420 159.594612 -290.354017 16.118684 0.001115 0.044071 0.983901 -0.173189
1627999258.434612 159.492002 -290.388537 16.122276 -0.000236 0.043092 0.984417 -0.170489
1627999258.534801 159.379613 -290.421656 16.126238 -0.002516 0.044459 0.984718 -0.168366
1627999258.635021 159.271232 -290.451694 16.137483 -0.000769 0.045553 0.985357 -0.164301
1627999258.735198 159.164656 -290.491800 16.125425 -0.001364 0.045143 0.986074 -0.160060
1627999258.835384 159.068693 -290.528272 16.128840 -0.006195 0.043790 0.986698 -0.156430
1627999258.936044 158.965569 -290.561421 16.139446 -0.005005 0.043665 0.987320 -0.152536
1627999259.035752 158.866373 -290.598181 16.135137 -0.002806 0.042342 0.988105 -0.147809
1627999259.135950 158.763436 -290.636536 16.125045 -0.005573 0.042644 0.988684 -0.143716
1627999259.236121 158.668093 -290.660073 16.130700 -0.005579 0.044320 0.989162 -0.139871
1627999259.336329 158.556347 -290.684668 16.132774 -0.003555 0.045264 0.989821 -0.134879
1627999259.436504 158.445110 -290.709429 16.128992 -0.004430 0.043746 0.990524 -0.130113
1627999259.536745 158.341112 -290.738830 16.135062 -0.004190 0.042774 0.991076 -0.126177
1627999259.636891 158.257782 -290.766891 16.140776 -0.002653 0.042704 0.991549 -0.122475
1627999259.737062 158.166830 -290.786341 16.129516 -0.003444 0.043745 0.992034 -0.118085
1627999259.837307 158.064280 -290.804798 16.136297 -0.004038 0.043436 0.992507 -0.114138
1627999259.937452 157.971192 -290.837986 16.133996 -0.002947 0.042829 0.992886 -0.111057
1627999260.037664 157.887364 -290.884101 16.130246 -0.002613 0.041472 0.993301 -0.107824
1627999260.138095 157.783961 -290.889640 16.140575 -0.003632 0.042720 0.993445 -0.105966
1627999260.238029 157.690279 -290.897947 16.140656 -0.003758 0.044174 0.993691 -0.103020
1627999260.338206 157.614482 -290.923325 16.134806 -0.003468 0.044719 0.993884 -0.100910
1627999260.438406 157.525661 -290.944998 16.128273 -0.004127 0.042688 0.994304 -0.097572
1627999260.538601 157.437462 -290.968156 16.136954 -0.004773 0.041063 0.994435 -0.096906
1627999260.638784 157.335558 -290.975537 16.153061 -0.003696 0.039473 0.994589 -0.096029
1627999260.738972 157.238173 -290.996106 16.139709 -0.004143 0.041174 0.994688 -0.094250
1627999260.839203 157.157601 -291.022833 16.132391 -0.006372 0.043658 0.994691 -0.092973
1627999260.939358 157.073893 -291.027069 16.137483 -0.008070 0.043617 0.994911 -0.090465
1627999261.040030 156.984648 -291.036007 16.139206 -0.007216 0.043427 0.995019 -0.089439
1627999261.139734 156.897535 -291.075882 16.133854 -0.005919 0.042718 0.995106 -0.088908
1627999261.241480 156.811044 -291.090308 16.132040 -0.006891 0.042622 0.995194 -0.087894
1627999261.340117 156.722485 -291.107428 16.133218 -0.007584 0.041869 0.995251 -0.087555
1627999261.440286 156.655324 -291.108465 16.135272 -0.007910 0.041853 0.995277 -0.087230
1627999261.540489 156.572026 -291.123231 16.142343 -0.005866 0.042042 0.995309 -0.086935
1627999261.640667 156.493327 -291.137291 16.135837 -0.005176 0.042591 0.995329 -0.086485
1627999261.740908 156.411166 -291.150128 16.132326 -0.006531 0.043268 0.995232 -0.087164
1627999261.841090 156.332735 -291.168562 16.138243 -0.006696 0.043558 0.995219 -0.087159
1627999261.941671 156.260569 -291.180598 16.134414 -0.006796 0.043752 0.995231 -0.086913
1627999262.041453 156.199795 -291.187495 16.138292 -0.007247 0.042565 0.995316 -0.086501
1627999262.141737 156.121588 -291.213629 16.138370 -0.006033 0.041664 0.995253 -0.087747
1627999262.241856 156.038482 -291.231611 16.133022 -0.005720 0.042027 0.995131 -0.088965
1627999262.342013 155.963521 -291.245651 16.137094 -0.006916 0.042572 0.994933 -0.090822
1627999262.442191 155.890525 -291.255500 16.142550 -0.006293 0.044266 0.994663 -0.092983
1627999262.542382 155.821401 -291.270040 16.142521 -0.004513 0.044814 0.994442 -0.095168
1627999262.642584 155.748139 -291.277498 16.126528 -0.005754 0.044223 0.994214 -0.097719
1627999262.743553 155.690234 -291.291099 16.128985 -0.008350 0.043246 0.993970 -0.100413
1627999262.843012 155.606926 -291.312680 16.143107 -0.006370 0.043100 0.993680 -0.103454
1627999262.943172 155.537692 -291.337630 16.138719 -0.004916 0.043670 0.993306 -0.106827
1627999263.043340 155.470270 -291.358308 16.138441 -0.004848 0.043961 0.992788 -0.111428
1627999263.145941 155.393076 -291.375387 16.136550 -0.004410 0.043712 0.992090 -0.117593
1627999263.243840 155.313038 -291.388955 16.124733 -0.006917 0.043201 0.991235 -0.124659
1627999263.345060 155.226050 -291.415425 16.138188 -0.007729 0.042815 0.990400 -0.131209
1627999263.445317 155.163997 -291.426247 16.144556 -0.003789 0.043472 0.989430 -0.138292
1627999263.544520 155.098167 -291.445750 16.129129 -0.002714 0.044289 0.988372 -0.145437
1627999263.644708 155.022150 -291.459486 16.133868 -0.004785 0.044198 0.987374 -0.152040
1627999263.744759 154.940286 -291.471461 16.141252 -0.006308 0.043924 0.986550 -0.157322
1627999263.844842 154.849217 -291.488918 16.133945 -0.007826 0.044004 0.986117 -0.159927
1627999263.945716 154.778619 -291.506903 16.140175 -0.007256 0.043176 0.985975 -0.161049
1627999264.046916 154.710919 -291.529944 16.143384 -0.005104 0.042184 0.986327 -0.159229
1627999264.145416 154.643720 -291.556169 16.131451 -0.005028 0.042091 0.986624 -0.157405
1627999264.245585 154.570940 -291.571344 16.137559 -0.005456 0.042155 0.986987 -0.155079
1627999264.345791 154.509024 -291.589903 16.135531 -0.004819 0.043358 0.987365 -0.152339
1627999264.445961 154.427684 -291.613839 16.131711 -0.004993 0.043920 0.987760 -0.149588
1627999264.546596 154.363788 -291.635074 16.142940 -0.004262 0.043389 0.988131 -0.147299
1627999264.646339 154.286622 -291.659337 16.142178 -0.002053 0.043672 0.988590 -0.144148
1627999264.746767 154.218745 -291.685669 16.132369 -0.002501 0.043421 0.988980 -0.141517
1627999264.846827 154.153215 -291.708374 16.134684 -0.003283 0.043414 0.989246 -0.139633
1627999264.947026 154.093744 -291.729324 16.140554 -0.002052 0.043806 0.989549 -0.137365
1627999265.047211 154.028874 -291.749518 16.137116 -0.002087 0.043875 0.989810 -0.135450
1627999265.147285 153.964388 -291.768292 16.138809 -0.003172 0.044022 0.990023 -0.133818
1627999265.247467 153.896448 -291.788018 16.139062 -0.003278 0.043742 0.990232 -0.132347
1627999265.347878 153.817427 -291.805466 16.139850 -0.002873 0.043525 0.990528 -0.130200
1627999265.447864 153.748760 -291.826223 16.147641 -0.001663 0.043692 0.990701 -0.128843
1627999265.548027 153.674100 -291.853459 16.140713 -0.000105 0.043763 0.990986 -0.126615
1627999265.648219 153.594628 -291.882967 16.134525 -0.002149 0.043484 0.991091 -0.125867
1627999265.748407 153.524006 -291.891024 16.146031 -0.003179 0.044391 0.991171 -0.124899
1627999265.848609 153.439437 -291.913002 16.149310 -0.000937 0.045586 0.991360 -0.122989
1627999265.948777 153.360018 -291.939972 16.140485 -0.000603 0.044039 0.991637 -0.121310
1627999266.049011 153.276307 -291.969067 16.133280 -0.002486 0.043407 0.991658 -0.121345
1627999266.149163 153.178449 -291.995951 16.148009 -0.004068 0.044041 0.991658 -0.121068
1627999266.249343 153.072913 -292.010570 16.151975 -0.002447 0.045050 0.991721 -0.120221
1627999266.349539 152.973449 -292.034656 16.141732 -0.002623 0.044654 0.991779 -0.119891
1627999266.449728 152.877611 -292.055466 16.141634 -0.004738 0.043891 0.991933 -0.118832
1627999266.549948 152.790798 -292.085269 16.147124 -0.004660 0.042605 0.991993 -0.118799
1627999266.650125 152.693428 -292.110429 16.143535 -0.004729 0.044175 0.991965 -0.118451
1627999266.750283 152.572032 -292.125503 16.134589 -0.007260 0.045624 0.991913 -0.118214
1627999266.850473 152.449404 -292.137911 16.143607 -0.008031 0.046373 0.992045 -0.116758
1627999266.950683 152.346959 -292.177031 16.148398 -0.006933 0.044817 0.992256 -0.115631
1627999267.050891 152.237365 -292.209998 16.142301 -0.006590 0.044531 0.992285 -0.115517
1627999267.151066 152.132356 -292.232490 16.142798 -0.005523 0.045471 0.992283 -0.115227
1627999267.251226 152.029689 -292.245440 16.137832 -0.005083 0.046359 0.992373 -0.114112
1627999267.351406 151.938255 -292.266392 16.142136 -0.006760 0.046015 0.992340 -0.114447
1627999267.451611 151.835367 -292.290064 16.144670 -0.007490 0.045605 0.992209 -0.115693
1627999267.551784 151.714906 -292.318725 16.143067 -0.006479 0.046211 0.992080 -0.116621
1627999267.651976 151.599008 -292.344703 16.134883 -0.006909 0.048334 0.991866 -0.117553
1627999267.752191 151.492241 -292.359681 16.144157 -0.008202 0.048234 0.991796 -0.118094
1627999267.856070 151.388417 -292.384629 16.143671 -0.007073 0.048289 0.991528 -0.120373
1627999267.952554 151.296142 -292.410180 16.142443 -0.005741 0.047353 0.991360 -0.122188
1627999268.052756 151.204284 -292.445631 16.136916 -0.006468 0.048604 0.990964 -0.124841
1627999268.152915 151.125922 -292.466748 16.137468 -0.007775 0.049807 0.990527 -0.127727
1627999268.253131 151.014971 -292.493860 16.144022 -0.008398 0.049522 0.990054 -0.131413
1627999268.353303 150.898012 -292.520920 16.143829 -0.007822 0.049064 0.989555 -0.135324
1627999268.453473 150.792949 -292.552678 16.138114 -0.006957 0.047943 0.989030 -0.139548
1627999268.553668 150.696877 -292.571489 16.138148 -0.007152 0.048195 0.988503 -0.143137
1627999268.653863 150.598168 -292.592709 16.139425 -0.006664 0.048842 0.988018 -0.146256
1627999268.754062 150.511281 -292.618318 16.144900 -0.005865 0.048132 0.987576 -0.149472
1627999268.854290 150.413695 -292.650531 16.142128 -0.005298 0.047805 0.987043 -0.153077
1627999268.954412 150.316627 -292.678385 16.144147 -0.004740 0.046993 0.986494 -0.156840
1627999269.054615 150.216109 -292.704467 16.147760 -0.004669 0.047530 0.985920 -0.160250
1627999269.154781 150.108768 -292.747837 16.146031 -0.004420 0.047665 0.985375 -0.163537
1627999269.254974 150.002508 -292.781697 16.146862 -0.003294 0.047077 0.984861 -0.166799
1627999269.355222 149.896738 -292.815609 16.144658 -0.002228 0.046094 0.984544 -0.168950
1627999269.455392 149.783132 -292.842004 16.141183 -0.002116 0.046630 0.984175 -0.170938
1627999269.555530 149.684069 -292.866426 16.143811 -0.003182 0.047583 0.983983 -0.171762
1627999269.655717 149.589497 -292.900319 16.149202 -0.003007 0.047597 0.983817 -0.172711
1627999269.755938 149.482300 -292.949504 16.148470 -0.002804 0.046074 0.983769 -0.173399
1627999269.856114 149.358062 -292.991799 16.145018 -0.003724 0.045071 0.983533 -0.174978
1627999269.956306 149.242582 -293.039049 16.144367 -0.004117 0.046375 0.983208 -0.176448
1627999270.056486 149.134727 -293.073748 16.149553 -0.003916 0.046869 0.982963 -0.177687
1627999270.156668 149.033236 -293.104738 16.149241 -0.004239 0.046591 0.982719 -0.179097
1627999270.257165 148.941477 -293.137701 16.155622 -0.003567 0.046212 0.982375 -0.181084
1627999270.357045 148.840266 -293.187405 16.154219 -0.002846 0.046079 0.982154 -0.182323
1627999270.457224 148.716169 -293.236869 16.154792 -0.003360 0.045665 0.981802 -0.184304
1627999270.557397 148.583847 -293.284188 16.155018 -0.003489 0.045938 0.981469 -0.186002
1627999270.657600 148.464036 -293.329991 16.155008 -0.003228 0.046365 0.981108 -0.187794
1627999270.757782 148.346539 -293.376504 16.155163 -0.004129 0.045637 0.980819 -0.189456
1627999270.857962 148.230806 -293.423904 16.166071 -0.003612 0.044849 0.980639 -0.190586
1627999270.958160 148.108672 -293.470478 16.168908 -0.001738 0.045167 0.980459 -0.191461
1627999271.058350 147.994403 -293.511570 16.160811 -0.001342 0.046258 0.980327 -0.191878
1627999271.158531 147.875011 -293.561921 16.167264 -0.001957 0.046102 0.980394 -0.191567
1627999271.258728 147.747502 -293.615637 16.169696 -0.000843 0.046133 0.980394 -0.191569
1627999271.358911 147.637139 -293.654823 16.163692 -0.000804 0.045346 0.980648 -0.190455
1627999271.459148 147.514436 -293.700141 16.172267 -0.001168 0.045906 0.980722 -0.189936
1627999271.559286 147.400548 -293.754318 16.176049 -0.000585 0.046385 0.981009 -0.188336
1627999271.659454 147.284674 -293.800746 16.178704 0.000302 0.045311 0.981316 -0.186994
1627999271.759696 147.172602 -293.835862 16.178478 0.001059 0.045340 0.981710 -0.184902
1627999271.859837 147.045738 -293.885457 16.173439 0.000741 0.046677 0.982081 -0.182586
1627999271.960024 146.921141 -293.917381 16.178017 -0.000302 0.046987 0.982571 -0.179851
1627999272.060199 146.796860 -293.966144 16.179241 -0.000459 0.046975 0.983010 -0.177440
1627999272.160389 146.691871 -294.026655 16.177060 -0.000861 0.046341 0.983670 -0.173912
1627999272.260584 146.583400 -294.064642 16.177855 -0.002540 0.046208 0.984335 -0.170125
1627999272.360765 146.464206 -294.097469 16.190651 -0.003141 0.046016 0.985024 -0.166131
1627999272.462975 146.336155 -294.137710 16.195064 -0.002554 0.045518 0.985800 -0.161617
1627999272.561140 146.211375 -294.181702 16.184654 -0.003620 0.045379 0.986504 -0.157283
1627999272.661418 146.080465 -294.219293 16.189424 -0.004672 0.045915 0.987085 -0.153404
1627999272.761506 145.958680 -294.252937 16.201442 -0.002606 0.046221 0.987757 -0.148973
1627999272.861721 145.848955 -294.295138 16.197838 -0.001375 0.046174 0.988457 -0.144286
1627999272.961891 145.734798 -294.342821 16.188767 -0.003156 0.045818 0.988992 -0.140660
1627999273.062070 145.612082 -294.382097 16.190056 -0.004484 0.045557 0.989609 -0.136301
1627999273.162363 145.475431 -294.423623 16.175723 -0.008289 0.045064 0.990156 -0.132256
1627999273.262444 145.351802 -294.468523 16.186977 -0.010822 0.043670 0.990717 -0.128283
1627999273.362627 145.220442 -294.491588 16.205124 -0.009566 0.043888 0.991167 -0.124778
1627999273.462843 145.100206 -294.514668 16.199654 -0.007853 0.044560 0.991735 -0.120064
1627999273.563136 144.986134 -294.551387 16.198198 -0.005878 0.044573 0.992201 -0.116261
1627999273.663347 144.855176 -294.587687 16.197732 -0.003608 0.044654 0.992769 -0.111369
1627999273.763395 144.716298 -294.618689 16.187587 -0.004962 0.045172 0.993158 -0.107572
1627999273.863557 144.587843 -294.640496 16.193681 -0.005790 0.045760 0.993584 -0.103262
1627999273.963744 144.468333 -294.673075 16.201349 -0.004165 0.045791 0.994039 -0.098855
1627999274.063975 144.365686 -294.697898 16.192952 -0.003657 0.045583 0.994551 -0.093689
1627999274.164124 144.232435 -294.716333 16.191202 -0.004908 0.046264 0.994984 -0.088562
1627999274.264310 144.104957 -294.736344 16.196150 -0.003674 0.047627 0.995397 -0.083080
1627999274.364524 143.980091 -294.762266 16.195473 -0.003046 0.048612 0.995820 -0.077270
1627999274.464956 143.854989 -294.788803 16.193135 -0.004794 0.047946 0.996276 -0.071502
1627999274.564867 143.731960 -294.804798 16.196635 -0.005499 0.046671 0.996726 -0.065794
1627999274.665043 143.621442 -294.814402 16.194573 -0.005103 0.045746 0.997129 -0.060122
1627999274.765241 143.494004 -294.834758 16.190290 -0.005312 0.046128 0.997463 -0.053953
1627999274.865424 143.364389 -294.846346 16.192629 -0.005591 0.047325 0.997713 -0.047932
1627999274.965602 143.232772 -294.865157 16.201469 -0.004464 0.047993 0.998002 -0.040853
1627999275.066912 143.114877 -294.877485 16.205812 -0.002846 0.045322 0.998440 -0.032486
1627999275.165968 142.999714 -294.886676 16.200018 -0.002525 0.041515 0.998846 -0.024034
1627999275.266216 142.872840 -294.895792 16.191177 -0.003013 0.040586 0.999032 -0.016669
1627999275.366382 142.764464 -294.901833 16.186694 -0.004332 0.042320 0.999059 -0.008454
1627999275.466660 142.653794 -294.901659 16.188716 -0.006778 0.043080 0.999048 0.000788
1627999275.566715 142.528285 -294.907844 16.194836 -0.008026 0.041160 0.999081 0.008903
1627999275.666907 142.423854 -294.898174 16.192331 -0.007911 0.039013 0.999060 0.017172
1627999275.767109 142.303187 -294.896298 16.187737 -0.008543 0.038486 0.998907 0.025122
1627999275.867287 142.173480 -294.900952 16.188693 -0.008723 0.038614 0.998669 0.033077
1627999275.967470 142.059661 -294.897061 16.183628 -0.008098 0.038286 0.998478 0.038859
1627999276.068274 141.944837 -294.909195 16.178222 -0.008428 0.038217 0.998278 0.043686
1627999276.167839 141.819777 -294.887607 16.178317 -0.008327 0.038992 0.998072 0.047570
1627999276.268022 141.692032 -294.875820 16.174985 -0.008204 0.040370 0.997894 0.050114
1627999276.368263 141.565023 -294.885942 16.172923 -0.008279 0.042295 0.997774 0.050882
1627999276.468392 141.430666 -294.869583 16.170010 -0.008138 0.043631 0.997662 0.051967
1627999276.568618 141.302236 -294.851447 16.169573 -0.008426 0.044069 0.997539 0.053879
1627999276.668847 141.184228 -294.844855 16.168723 -0.008919 0.044199 0.997492 0.054561
1627999276.768957 141.070553 -294.840712 16.163595 -0.006875 0.046093 0.997415 0.054691
1627999276.869130 140.966771 -294.819312 16.153918 -0.005344 0.049621 0.997194 0.055805
1627999276.969366 140.837180 -294.793025 16.156863 -0.006033 0.052419 0.996949 0.057527
1627999277.069499 140.716373 -294.763186 16.164585 -0.005653 0.052719 0.996890 0.058306
1627999277.169693 140.603049 -294.752041 16.158830 -0.004854 0.051160 0.996953 0.058677
1627999277.269882 140.485870 -294.750186 16.147887 -0.006895 0.051114 0.996957 0.058457
1627999277.370073 140.361500 -294.736003 16.148648 -0.006989 0.052395 0.996879 0.058638
1627999277.472268 140.244595 -294.724805 16.152996 -0.006577 0.052531 0.996821 0.059535
1627999277.570462 140.131725 -294.705995 16.152971 -0.008566 0.050023 0.996988 0.058645
1627999277.670644 140.020297 -294.694393 16.152016 -0.008249 0.046840 0.997083 0.059701
1627999277.770811 139.902129 -294.689455 16.143032 -0.006716 0.045762 0.997126 0.060002
1627999277.870981 139.793569 -294.678371 16.136168 -0.006724 0.046471 0.997028 0.061078
1627999277.971205 139.687278 -294.662929 16.147787 -0.005119 0.046432 0.996939 0.062692
1627999278.071365 139.572153 -294.649714 16.156557 -0.002900 0.042995 0.997002 0.064267
1627999278.171582 139.454878 -294.649125 16.149977 -0.002882 0.038492 0.997177 0.064403
1627999278.271721 139.338030 -294.635331 16.138219 -0.002585 0.036363 0.997266 0.064272
1627999278.371972 139.229403 -294.621571 16.131897 -0.001432 0.037370 0.997212 0.064568
1627999278.472150 139.135456 -294.612497 16.126796 -0.001782 0.039872 0.997048 0.065592
1627999278.572328 139.025078 -294.590506 16.125543 -0.002328 0.043470 0.996854 0.066239
1627999278.672488 138.917623 -294.560257 16.129317 -0.002848 0.046092 0.996610 0.068090
1627999278.772678 138.820179 -294.544886 16.136566 -0.002939 0.045943 0.996440 0.070622
1627999278.872848 138.712491 -294.538887 16.137092 -0.002373 0.043922 0.996385 0.072677
1627999278.973041 138.599980 -294.530648 16.129601 -0.001903 0.042946 0.996330 0.074018
1627999279.073201 138.500489 -294.513169 16.122081 -0.000381 0.044864 0.996175 0.074981
1627999279.173426 138.407329 -294.492628 16.119496 0.000913 0.048443 0.995778 0.077965
1627999279.273572 138.313160 -294.471046 16.125645 0.000813 0.050414 0.995490 0.080355
1627999279.373854 138.206936 -294.446396 16.130365 0.000149 0.048530 0.995411 0.082467
1627999279.473974 138.113434 -294.437433 16.129783 -0.001626 0.045080 0.995435 0.084111
1627999279.574131 138.014346 -294.438143 16.125933 -0.003804 0.042583 0.995463 0.084999
1627999279.674339 137.929844 -294.421885 16.122679 -0.004069 0.041871 0.995385 0.086255
1627999279.774510 137.847638 -294.414690 16.123087 -0.003476 0.042173 0.995235 0.087847
1627999279.874684 137.765374 -294.395665 16.124437 -0.003662 0.042008 0.995165 0.088705
1627999279.974893 137.679003 -294.372546 16.126247 -0.003938 0.040931 0.995138 0.089491
1627999280.075215 137.607214 -294.362782 16.130444 -0.002319 0.038985 0.995143 0.090367
1627999280.175446 137.530534 -294.345769 16.126773 -0.000915 0.036491 0.995054 0.092386
1627999280.275428 137.447467 -294.333882 16.120262 -0.001955 0.035403 0.994983 0.093555
1627999280.375794 137.363991 -294.323982 16.115480 -0.002489 0.035759 0.994890 0.094383
1627999280.475795 137.301724 -294.311159 16.116871 -0.001689 0.036853 0.994715 0.095813
1627999280.575992 137.236531 -294.309746 16.117617 -0.002174 0.037396 0.994488 0.097928
1627999280.677217 137.174218 -294.311710 16.119664 -0.003013 0.037427 0.994262 0.100167
1627999280.776365 137.126151 -294.304250 16.121524 -0.002871 0.036605 0.993979 0.103231
1627999280.876534 137.069485 -294.296375 16.120426 -0.002707 0.036094 0.993635 0.106669
1627999280.976719 137.013245 -294.274271 16.118383 -0.002812 0.035866 0.993214 0.110601
1627999281.077008 136.953973 -294.250727 16.117445 -0.002341 0.035716 0.992852 0.113857
1627999281.177146 136.900675 -294.229001 16.117328 -0.001567 0.035572 0.992495 0.116983
1627999281.277310 136.846760 -294.215523 16.115782 -0.000646 0.035276 0.992196 0.119592
1627999281.381513 136.796355 -294.215661 16.114910 -0.000333 0.035505 0.991922 0.121777
1627999281.477650 136.759705 -294.209173 16.113930 -0.000154 0.035640 0.991648 0.123948
1627999281.577837 136.718795 -294.201255 16.113475 0.000619 0.035857 0.991420 0.125696
1627999281.678027 136.680978 -294.181237 16.112072 0.001147 0.036109 0.991199 0.127352
1627999281.780479 136.641989 -294.169655 16.110898 0.001460 0.036879 0.991006 0.128624
1627999281.879701 136.592397 -294.162975 16.112437 0.001987 0.037680 0.990715 0.130613
1627999281.978566 136.555343 -294.152513 16.115335 0.002164 0.037782 0.990533 0.131959
1627999282.078755 136.502509 -294.141839 16.116483 0.001965 0.037150 0.990434 0.132878
1627999282.179090 136.469155 -294.131935 16.115414 0.002182 0.036368 0.990186 0.134921
1627999282.279123 136.426019 -294.113820 16.113036 0.002176 0.035825 0.990060 0.135987
1627999282.379321 136.383090 -294.103537 16.112577 0.002309 0.035993 0.989872 0.137307
1627999282.479490 136.341001 -294.100524 16.114295 0.002584 0.036166 0.989682 0.138618
1627999282.579683 136.305980 -294.101876 16.113802 0.002138 0.036173 0.989479 0.140065
1627999282.679859 136.265036 -294.089357 16.114554 0.001882 0.036060 0.989364 0.140908
1627999282.780209 136.224700 -294.073099 16.112177 0.001970 0.035890 0.989183 0.142215
1627999282.880227 136.180447 -294.056878 16.110954 0.001670 0.036297 0.988975 0.143553
1627999282.980517 136.135041 -294.047252 16.111600 0.001693 0.036671 0.988748 0.145017
1627999283.080595 136.097949 -294.035710 16.113348 0.001416 0.036422 0.988529 0.146567
1627999283.180793 136.059557 -294.017437 16.112952 0.000651 0.035967 0.988325 0.148056
1627999283.282027 136.018107 -293.998623 16.111322 0.000378 0.035458 0.988104 0.149645
1627999283.381153 135.970593 -293.998437 16.109438 0.000113 0.035503 0.987841 0.151357
1627999283.481385 135.926405 -293.985026 16.108802 0.000100 0.035430 0.987685 0.152392
1627999283.581522 135.870237 -293.983993 16.111695 0.000197 0.034907 0.987550 0.153383
1627999283.681720 135.834903 -293.960987 16.111844 -0.000362 0.034033 0.987351 0.154857
1627999283.781919 135.787199 -293.949217 16.108577 -0.000902 0.033714 0.987266 0.155461
1627999283.882135 135.731278 -293.936034 16.106101 -0.000994 0.034269 0.987047 0.156728
1627999283.982312 135.695663 -293.916219 16.105087 -0.001218 0.034997 0.986812 0.158036
1627999284.082463 135.654603 -293.898384 16.107675 -0.001387 0.035204 0.986558 0.159569
1627999284.182745 135.607559 -293.878062 16.110356 -0.001953 0.034328 0.986396 0.160749
1627999284.283076 135.561995 -293.861988 16.107434 -0.002772 0.033602 0.986055 0.162969
1627999284.383039 135.527595 -293.863914 16.104402 -0.002756 0.033288 0.985586 0.165844
1627999284.483181 135.493983 -293.850168 16.104649 -0.002791 0.033623 0.984879 0.169924
1627999284.583405 135.451737 -293.832652 16.104726 -0.003443 0.033676 0.983931 0.175312
1627999284.687997 135.401000 -293.823914 16.106177 -0.004500 0.032987 0.982850 0.181374
1627999284.783759 135.357396 -293.801033 16.103913 -0.005560 0.032213 0.981733 0.187435
1627999284.883961 135.309797 -293.779407 16.099422 -0.006063 0.032367 0.980398 0.194258
1627999284.984363 135.244288 -293.752762 16.096427 -0.005941 0.033268 0.979204 0.200045
1627999285.084293 135.188723 -293.725584 16.097346 -0.006540 0.033881 0.978199 0.204782
1627999285.184481 135.118097 -293.696490 16.096933 -0.007520 0.033823 0.977303 0.208992
1627999285.284656 135.047870 -293.664859 16.094425 -0.007962 0.032990 0.976776 0.211559
1627999285.384864 134.974287 -293.639343 16.091400 -0.008064 0.032800 0.976276 0.213878
1627999285.485022 134.900542 -293.607783 16.087051 -0.008047 0.033243 0.975871 0.215652
1627999285.585726 134.839912 -293.587636 16.084671 -0.008003 0.033757 0.975458 0.217437
1627999285.685405 134.777966 -293.560804 16.083161 -0.007150 0.033785 0.975045 0.219305
1627999285.785572 134.711350 -293.532960 16.082468 -0.006450 0.033988 0.974635 0.221109
1627999285.885756 134.657582 -293.496659 16.081159 -0.006316 0.033884 0.974219 0.222957
1627999285.985954 134.589168 -293.465159 16.079537 -0.005759 0.033535 0.973907 0.224380
1627999286.086121 134.514971 -293.431374 16.078462 -0.005240 0.032751 0.973571 0.225962
1627999286.186318 134.445868 -293.401996 16.075710 -0.005044 0.032158 0.973243 0.227461
1627999286.286659 134.370055 -293.372095 16.070270 -0.004988 0.032625 0.972926 0.228747
1627999286.386690 134.318427 -293.328600 16.066934 -0.004385 0.033422 0.972574 0.230139
1627999286.486861 134.257441 -293.308184 16.070625 -0.004384 0.033860 0.972107 0.232041
1627999286.587070 134.180754 -293.286519 16.071060 -0.005445 0.033402 0.971808 0.233334
1627999286.687237 134.109719 -293.252442 16.067046 -0.005576 0.032255 0.971489 0.234816
1627999286.787416 134.047240 -293.225933 16.067051 -0.005316 0.031100 0.971181 0.236247
1627999286.887642 133.977702 -293.200263 16.064708 -0.005751 0.031330 0.970841 0.237597
1627999286.987795 133.924793 -293.151838 16.056713 -0.005977 0.032228 0.970507 0.238836
1627999287.087987 133.865210 -293.118025 16.057272 -0.005277 0.032366 0.970185 0.240138
1627999287.188159 133.807267 -293.087836 16.062080 -0.005582 0.031274 0.969737 0.242076
1627999287.288328 133.737078 -293.045737 16.058136 -0.006092 0.029609 0.969523 0.243128
1627999287.388510 133.666293 -293.018791 16.054147 -0.005763 0.028040 0.969179 0.244687
1627999287.488740 133.609905 -292.984077 16.054702 -0.005474 0.027343 0.968946 0.245694
1627999287.588923 133.556887 -292.962822 16.050853 -0.006186 0.027713 0.968631 0.246878
1627999287.689075 133.500886 -292.921638 16.044874 -0.005961 0.028398 0.968275 0.248195
1627999287.789263 133.439561 -292.888907 16.045873 -0.005044 0.028327 0.967922 0.249597
1627999287.889489 133.370111 -292.862794 16.049013 -0.005202 0.027505 0.967517 0.251252
1627999287.989639 133.310441 -292.839072 16.048106 -0.005943 0.026152 0.967258 0.252374
1627999288.089832 133.240404 -292.814718 16.044883 -0.006174 0.025021 0.966940 0.253697
1627999288.189979 133.185170 -292.778718 16.042747 -0.006431 0.024656 0.966633 0.254896
1627999288.290165 133.129691 -292.747001 16.041511 -0.007664 0.025349 0.966332 0.255932
1627999288.390349 133.083063 -292.711857 16.035694 -0.007892 0.025988 0.965932 0.257367
1627999288.490530 133.022643 -292.676562 16.036843 -0.007177 0.025117 0.965633 0.258592
1627999288.590749 132.958237 -292.628519 16.040480 -0.007945 0.023652 0.965282 0.260015
1627999288.690902 132.897096 -292.593312 16.034769 -0.009484 0.022934 0.964964 0.261205
1627999288.791109 132.819392 -292.571458 16.028144 -0.009262 0.022498 0.964619 0.262522
1627999288.891358 132.752903 -292.542895 16.028988 -0.008983 0.021956 0.964371 0.263488
1627999288.991487 132.693409 -292.508602 16.027192 -0.009016 0.021202 0.964090 0.264573
1627999289.091798 132.639713 -292.473705 16.019209 -0.007970 0.020591 0.963817 0.265651
1627999289.191840 132.580467 -292.438541 16.017546 -0.006246 0.020614 0.963337 0.267429
1627999289.292013 132.520948 -292.402829 16.018048 -0.005573 0.021459 0.963007 0.268561
1627999289.392210 132.471870 -292.373681 16.015879 -0.005029 0.022281 0.962667 0.269725
1627999289.492382 132.421067 -292.337782 16.018331 -0.004600 0.022180 0.962285 0.271100
1627999289.592563 132.362508 -292.299460 16.019668 -0.005465 0.021462 0.962039 0.272013
1627999289.692751 132.301009 -292.255896 16.016502 -0.006560 0.020605 0.961711 0.273212
1627999289.792963 132.234296 -292.230975 16.013649 -0.007023 0.019788 0.961491 0.274033
1627999289.893115 132.165121 -292.198751 16.011633 -0.007806 0.018866 0.961172 0.275195
1627999289.993306 132.112458 -292.152302 16.008594 -0.007808 0.018080 0.961176 0.275231
1627999290.093475 132.061216 -292.113570 16.008845 -0.008780 0.018995 0.961326 0.274617
1627999290.193721 131.989421 -292.070134 16.001174 -0.009872 0.021626 0.961533 0.273657
1627999290.294308 131.935828 -292.042137 15.996835 -0.008916 0.023496 0.962004 0.271875
1627999290.394233 131.875389 -291.997828 15.999667 -0.008097 0.023762 0.962745 0.269243
1627999290.494228 131.801712 -291.960116 15.998384 -0.008331 0.023012 0.963608 0.266198
1627999290.594462 131.741890 -291.922880 15.994544 -0.008107 0.022262 0.964816 0.261855
1627999290.694571 131.677400 -291.873811 15.993037 -0.007849 0.021989 0.966133 0.256985
1627999290.794774 131.626829 -291.827056 15.991806 -0.008397 0.022306 0.967510 0.251706
1627999290.894950 131.577977 -291.790164 15.985340 -0.008299 0.022207 0.968893 0.246340
1627999290.995124 131.517103 -291.755981 15.985311 -0.007090 0.021337 0.970391 0.240489
1627999291.095358 131.450891 -291.720423 15.989324 -0.007288 0.020585 0.971889 0.234424
1627999291.195492 131.395911 -291.688998 15.981344 -0.007949 0.020823 0.973328 0.228331
1627999291.295751 131.324619 -291.666413 15.976546 -0.006923 0.021982 0.974711 0.222276
1627999291.395871 131.261305 -291.633016 15.980178 -0.006543 0.023032 0.975918 0.216821
1627999291.496061 131.202713 -291.606951 15.977440 -0.006773 0.022590 0.977148 0.211246
1627999291.596229 131.125115 -291.573190 15.973314 -0.005850 0.021260 0.978435 0.205375
1627999291.696403 131.054834 -291.546754 15.976171 -0.005782 0.020713 0.979560 0.200001
1627999291.796610 131.001123 -291.524629 15.975854 -0.006373 0.020592 0.980629 0.194685
1627999291.896769 130.941353 -291.506771 15.966951 -0.005746 0.020233 0.981616 0.189703
1627999291.996959 130.876022 -291.475094 15.969101 -0.005170 0.020609 0.982508 0.185002
1627999292.097152 130.806717 -291.447515 15.968745 -0.005617 0.021996 0.983346 0.180321
1627999292.197384 130.750186 -291.435585 15.963422 -0.005220 0.022515 0.984040 0.176437
1627999292.297573 130.694280 -291.419706 15.968820 -0.004752 0.021637 0.984434 0.174356
1627999292.397694 130.625181 -291.404666 15.970761 -0.005652 0.020849 0.984594 0.173518
1627999292.497914 130.572178 -291.378611 15.967454 -0.007262 0.021292 0.984564 0.173574
1627999292.598061 130.506231 -291.369549 15.960118 -0.007564 0.022639 0.984317 0.174789
1627999292.698290 130.440892 -291.364591 15.959822 -0.006984 0.023452 0.983976 0.176615
1627999292.798421 130.377475 -291.342636 15.962865 -0.007377 0.023467 0.983675 0.178267
1627999292.898638 130.308752 -291.314495 15.957684 -0.007405 0.023552 0.983372 0.179916
1627999292.998812 130.243373 -291.284253 15.957684 -0.007250 0.024112 0.983008 0.181829
1627999293.098996 130.179133 -291.258576 15.955873 -0.007557 0.024251 0.982708 0.183413
1627999293.199253 130.112741 -291.225654 15.951388 -0.007140 0.023742 0.982392 0.185178
1627999293.299343 130.049772 -291.200326 15.949542 -0.006495 0.023981 0.982043 0.187012
1627999293.399624 129.982188 -291.185056 15.950350 -0.006226 0.025618 0.981654 0.188840
1627999293.499700 129.918528 -291.159261 15.948555 -0.006529 0.026733 0.981221 0.190912
1627999293.600091 129.854374 -291.129180 15.944157 -0.006043 0.026436 0.980909 0.192565
1627999293.700111 129.788321 -291.101243 15.944524 -0.004887 0.025288 0.980579 0.194426
1627999293.800255 129.714916 -291.069611 15.946972 -0.004971 0.025027 0.980377 0.195475
1627999293.900436 129.658863 -291.043100 15.943647 -0.005229 0.025721 0.980199 0.196269
1627999294.000820 129.601213 -291.025330 15.939033 -0.004690 0.026808 0.979880 0.197721
1627999294.100815 129.538873 -291.002996 15.937608 -0.003947 0.027518 0.979670 0.198682
1627999294.201015 129.472053 -290.976013 15.939499 -0.003879 0.027146 0.979338 0.200363
1627999294.301191 129.400620 -290.940778 15.934800 -0.003745 0.026477 0.979232 0.200971
1627999294.401364 129.345379 -290.919093 15.935254 -0.003391 0.026257 0.978966 0.202297
1627999294.501622 129.285599 -290.893789 15.936552 -0.003808 0.026386 0.978655 0.203775
1627999294.601723 129.224181 -290.867068 15.935417 -0.004423 0.026657 0.978420 0.204850
1627999294.701910 129.158674 -290.842671 15.930882 -0.004578 0.027264 0.978064 0.206461
1627999294.802081 129.094444 -290.816255 15.927915 -0.004044 0.027899 0.977636 0.208405
1627999294.902285 129.031899 -290.782882 15.930541 -0.003936 0.027866 0.977322 0.209879
1627999295.002479 128.968881 -290.753577 15.926026 -0.004521 0.027271 0.976945 0.211696
1627999295.102643 128.915392 -290.721227 15.924584 -0.004330 0.026780 0.976630 0.213209
1627999295.202834 128.855252 -290.697312 15.926313 -0.004652 0.026923 0.976327 0.214568
1627999295.303035 128.795308 -290.669551 15.923365 -0.004931 0.027233 0.976106 0.215524
1627999295.403205 128.732669 -290.649969 15.919256 -0.004592 0.027797 0.975861 0.216567
1627999295.503386 128.666593 -290.625621 15.919038 -0.003532 0.028010 0.975624 0.217625
1627999295.603543 128.606419 -290.597029 15.921767 -0.003493 0.027975 0.975319 0.218995
1627999295.703734 128.543497 -290.568663 15.919082 -0.004200 0.027122 0.975071 0.220191
1627999295.803946 128.484385 -290.552352 15.916678 -0.004263 0.026202 0.974716 0.221867
1627999295.904119 128.421407 -290.534453 15.914871 -0.004049 0.025938 0.974187 0.224212
1627999296.004309 128.361259 -290.507645 15.916039 -0.003834 0.026444 0.973693 0.226293
1627999296.104487 128.309207 -290.462388 15.912010 -0.003695 0.027153 0.973173 0.228437
1627999296.204640 128.266465 -290.434604 15.908718 -0.002730 0.027420 0.972609 0.230807
1627999296.304830 128.238789 -290.398668 15.911286 -0.002569 0.027107 0.972093 0.233011
1627999296.405005 128.196591 -290.366426 15.909721 -0.003117 0.026497 0.971593 0.235150
1627999296.505205 128.127050 -290.348258 15.906578 -0.003004 0.025967 0.971343 0.236238
1627999296.605411 128.052963 -290.323188 15.905710 -0.002300 0.025858 0.970864 0.238220
1627999296.705566 127.957683 -290.286125 15.907760 -0.002348 0.026509 0.970484 0.239694
1627999296.805750 127.868788 -290.249073 15.903243 -0.002714 0.027063 0.970120 0.241096
1627999296.905923 127.814243 -290.216867 15.901802 -0.002504 0.027024 0.969740 0.242625
1627999297.006104 127.759707 -290.187081 15.904494 -0.003336 0.026787 0.969373 0.244104
1627999297.106294 127.689208 -290.148875 15.901429 -0.004405 0.027002 0.968968 0.245669
1627999297.206468 127.617544 -290.110898 15.898478 -0.004777 0.027022 0.968626 0.247005
1627999297.306827 127.546391 -290.072649 15.897091 -0.005083 0.027161 0.968225 0.248549
1627999297.406832 127.484928 -290.046679 15.896246 -0.005852 0.027458 0.967861 0.249913
1627999297.507021 127.421791 -290.007026 15.895189 -0.006379 0.028038 0.967396 0.251631
1627999297.607210 127.363581 -289.965350 15.889571 -0.006137 0.028677 0.967010 0.253044
1627999297.707385 127.303875 -289.935487 15.886787 -0.005808 0.028790 0.966629 0.254493
1627999297.807579 127.246756 -289.910889 15.886371 -0.005904 0.028149 0.966273 0.255910
1627999297.907748 127.180444 -289.879550 15.885981 -0.006125 0.027834 0.965928 0.257236
1627999298.007946 127.120607 -289.847383 15.881865 -0.005429 0.028112 0.965498 0.258831
1627999298.108229 127.080242 -289.815577 15.879339 -0.004302 0.027765 0.965207 0.259974
1627999298.208302 127.017052 -289.781690 15.878551 -0.003171 0.027068 0.964780 0.261642
1627999298.309747 126.956077 -289.754739 15.878492 -0.002241 0.026696 0.964452 0.262896
1627999298.408679 126.898917 -289.722160 15.879825 -0.001979 0.027089 0.964042 0.264358
1627999298.508850 126.835578 -289.690013 15.879729 -0.002417 0.027417 0.963558 0.266079
1627999298.609035 126.772273 -289.647101 15.874944 -0.003081 0.027223 0.963210 0.267349
1627999298.709973 126.705164 -289.609021 15.869656 -0.002907 0.026548 0.962888 0.268577
1627999298.809414 126.636823 -289.580868 15.873539 -0.002665 0.026642 0.962509 0.269924
1627999298.909587 126.583260 -289.541877 15.875322 -0.004180 0.027468 0.962093 0.271301
1627999299.009917 126.528797 -289.504405 15.868563 -0.005356 0.027510 0.961593 0.273046
1627999299.109958 126.472369 -289.467768 15.863086 -0.005440 0.026386 0.961266 0.274301
1627999299.210130 126.404663 -289.431974 15.867989 -0.005857 0.025509 0.960889 0.275695
1627999299.310305 126.352426 -289.396879 15.869436 -0.007182 0.026128 0.960473 0.277052
1627999299.410494 126.293397 -289.357398 15.860364 -0.007203 0.027297 0.960192 0.277911
1627999299.510675 126.236530 -289.318781 15.858110 -0.007041 0.027500 0.959717 0.279532
1627999299.610862 126.170379 -289.296747 15.855764 -0.007545 0.026403 0.959430 0.280608
1627999299.711046 126.107553 -289.249885 15.851967 -0.007395 0.025241 0.959076 0.281923
1627999299.811246 126.059012 -289.211169 15.854104 -0.006987 0.025084 0.958576 0.283646
1627999299.911413 125.994228 -289.173561 15.855273 -0.007840 0.024975 0.958144 0.285087
1627999300.011598 125.942098 -289.141268 15.849680 -0.008961 0.024472 0.957982 0.285644
1627999300.111760 125.880510 -289.110662 15.843620 -0.008502 0.024075 0.957649 0.286804
1627999300.212185 125.817757 -289.070856 15.845347 -0.006907 0.024484 0.957370 0.287742
1627999300.312153 125.759823 -289.032918 15.845237 -0.006783 0.025701 0.956997 0.288879
1627999300.412458 125.713992 -288.996236 15.839384 -0.007121 0.025045 0.957026 0.288830
1627999300.512490 125.666093 -288.961021 15.833855 -0.006984 0.023388 0.957498 0.287407
1627999300.612674 125.617743 -288.911419 15.842327 -0.007885 0.022697 0.958162 0.285217
1627999300.712857 125.561283 -288.874798 15.841196 -0.009850 0.023963 0.958992 0.282248
1627999300.813060 125.503207 -288.832750 15.832028 -0.010199 0.025751 0.959800 0.279314
1627999300.913247 125.435040 -288.792658 15.830414 -0.009447 0.026987 0.960508 0.276779
1627999301.013408 125.359837 -288.753405 15.829790 -0.010187 0.027675 0.961283 0.273981
1627999301.115024 125.289052 -288.724657 15.821003 -0.010251 0.027414 0.961999 0.271478
1627999301.213784 125.227326 -288.686265 15.818465 -0.009816 0.025995 0.962535 0.269730
1627999301.411255 125.122033 -288.638762 15.820438 -0.010725 0.023853 0.963865 0.265104
1627999301.414152 125.121384 -288.637401 15.820092 -0.010657 0.023858 0.963859 0.265127
1627999301.514342 125.076848 -288.601564 15.814918 -0.010448 0.022487 0.964926 0.261348
1627999301.614497 125.014205 -288.555144 15.817069 -0.009407 0.024074 0.965636 0.258609
1627999301.714677 124.943020 -288.506692 15.813848 -0.009486 0.026267 0.966241 0.256121
1627999301.814870 124.874264 -288.468582 15.809491 -0.009810 0.027469 0.966814 0.253812
1627999301.915051 124.799427 -288.434030 15.806186 -0.010763 0.027339 0.967268 0.252052
1627999302.015237 124.743016 -288.398069 15.800198 -0.012082 0.026309 0.967842 0.249889
1627999302.115430 124.685922 -288.372011 15.792020 -0.012266 0.024156 0.968413 0.247876
1627999302.215596 124.617588 -288.338488 15.791264 -0.010436 0.021925 0.968756 0.246824
1627999302.315769 124.562048 -288.311362 15.799006 -0.009443 0.021632 0.969066 0.245670
1627999302.415962 124.502105 -288.284041 15.796273 -0.009077 0.022982 0.969301 0.244633
1627999302.516168 124.432984 -288.252262 15.788892 -0.007404 0.023752 0.969405 0.244202
1627999302.616348 124.370726 -288.219382 15.785635 -0.006070 0.023133 0.969427 0.244211
1627999302.716556 124.316574 -288.181076 15.785162 -0.006420 0.021936 0.969469 0.244147
1627999302.816708 124.256241 -288.153856 15.782948 -0.006365 0.021224 0.969431 0.244362
1627999302.916866 124.195644 -288.122122 15.783388 -0.006208 0.021078 0.969172 0.245404
1627999303.017055 124.134556 -288.092096 15.786463 -0.007298 0.021025 0.968944 0.246275
1627999303.117230 124.070794 -288.059142 15.783230 -0.007925 0.021419 0.968881 0.246472
1627999303.217449 124.012310 -288.028023 15.780178 -0.007283 0.021945 0.968571 0.247659
1627999303.317660 123.946826 -287.991498 15.779884 -0.007488 0.022536 0.968286 0.248711
1627999303.417785 123.893646 -287.962315 15.777186 -0.008460 0.022248 0.967973 0.249925
1627999303.517964 123.845959 -287.931193 15.772403 -0.008989 0.021548 0.967712 0.250976
1627999303.618248 123.779550 -287.906743 15.773575 -0.009131 0.021640 0.967408 0.252131
1627999303.718330 123.712370 -287.872579 15.772872 -0.009709 0.022269 0.967166 0.252983
1627999303.818520 123.656582 -287.848513 15.772060 -0.010443 0.023286 0.966754 0.254432
1627999303.918721 123.610253 -287.818695 15.766672 -0.010270 0.023483 0.966545 0.255214
1627999304.018937 123.552367 -287.786266 15.764390 -0.010345 0.023424 0.966278 0.256225
1627999304.119452 123.495273 -287.758107 15.765477 -0.011057 0.023873 0.966078 0.256906
1627999304.219252 123.429352 -287.727763 15.761489 -0.011540 0.024006 0.965990 0.257203
1627999304.319414 123.376370 -287.685072 15.754782 -0.011094 0.023186 0.965904 0.257623
1627999304.419616 123.327985 -287.649201 15.753195 -0.010413 0.021774 0.965864 0.257923
1627999304.522400 123.270671 -287.626341 15.756217 -0.010170 0.021889 0.965785 0.258220
1627999304.619981 123.212784 -287.600573 15.753617 -0.009527 0.023062 0.965661 0.258605
1627999304.720186 123.160448 -287.565021 15.751349 -0.008399 0.023577 0.965497 0.259211
1627999304.820358 123.111415 -287.542119 15.749704 -0.007991 0.023795 0.965269 0.260051
1627999304.920519 123.052927 -287.513941 15.747765 -0.007858 0.023590 0.965210 0.260292
1627999305.020726 122.996151 -287.488420 15.747096 -0.007921 0.023848 0.965033 0.260922
1627999305.120875 122.944302 -287.452158 15.743981 -0.007841 0.023805 0.964938 0.261279
1627999305.221080 122.894849 -287.410748 15.739992 -0.007947 0.023048 0.964889 0.261525
1627999305.321236 122.849320 -287.374290 15.738323 -0.008104 0.021847 0.964677 0.262403
1627999305.421447 122.798361 -287.352685 15.736314 -0.007509 0.020919 0.964577 0.262865
1627999305.521618 122.734792 -287.331750 15.740301 -0.007438 0.021232 0.964506 0.263101
1627999305.621797 122.673937 -287.307541 15.739417 -0.007660 0.022512 0.964396 0.263393
1627999305.721977 122.622760 -287.271692 15.733426 -0.007376 0.022950 0.964241 0.263929
1627999305.822149 122.566172 -287.239784 15.730081 -0.007851 0.022066 0.964297 0.263786
1627999305.922328 122.519752 -287.223867 15.731890 -0.007925 0.020947 0.964353 0.263668
1627999306.022515 122.454106 -287.190325 15.728917 -0.007347 0.021215 0.964589 0.262799
1627999306.122816 122.396330 -287.152071 15.728699 -0.008396 0.022550 0.964315 0.263661
1627999306.222910 122.334797 -287.118916 15.725898 -0.009253 0.023066 0.964374 0.263374
1627999306.323112 122.283996 -287.089718 15.720199 -0.009859 0.022477 0.964307 0.263645
1627999306.423265 122.236399 -287.066193 15.722229 -0.010787 0.021449 0.964317 0.263658
1627999306.523427 122.203122 -287.038537 15.723117 -0.010304 0.021256 0.964295 0.263775
1627999306.623630 122.148053 -286.999157 15.721403 -0.009613 0.021481 0.964334 0.263638
1627999306.723788 122.096895 -286.967154 15.716396 -0.008684 0.020877 0.964249 0.264031
1627999306.823980 122.036661 -286.936296 15.713087 -0.008176 0.019138 0.964396 0.263643
1627999306.924149 121.967366 -286.907179 15.717934 -0.008709 0.018809 0.964188 0.264407
1627999307.024326 121.927535 -286.875249 15.716190 -0.007485 0.018980 0.964342 0.263870
1627999307.124511 121.881815 -286.845551 15.711423 -0.005936 0.020040 0.964137 0.264581
1627999307.224711 121.833516 -286.815456 15.711538 -0.006228 0.020495 0.964005 0.265019
1627999307.324890 121.776921 -286.798590 15.705346 -0.005779 0.020142 0.964059 0.264862
1627999307.425086 121.729773 -286.759996 15.701245 -0.005336 0.018307 0.964185 0.264543
1627999307.525238 121.675768 -286.730195 15.700936 -0.005740 0.016913 0.964216 0.264517
1627999307.625435 121.623702 -286.694492 15.703757 -0.006581 0.016918 0.964240 0.264408
1627999307.725640 121.568690 -286.672518 15.704757 -0.006791 0.017475 0.964170 0.264621
1627999307.825797 121.506191 -286.644626 15.700286 -0.007021 0.017872 0.964079 0.264919
1627999307.925965 121.450260 -286.606487 15.698766 -0.007778 0.017746 0.963914 0.265506
1627999308.026155 121.404234 -286.574028 15.696733 -0.007695 0.017456 0.963741 0.266156
1627999308.126339 121.351910 -286.544559 15.695348 -0.007291 0.017620 0.963672 0.266408
1627999308.226620 121.300874 -286.523544 15.693253 -0.007871 0.018056 0.963354 0.267507
1627999308.326727 121.251835 -286.493218 15.691438 -0.008693 0.017803 0.963149 0.268238
1627999308.426893 121.195458 -286.470602 15.690895 -0.009019 0.017028 0.963097 0.268464
1627999308.527057 121.130359 -286.440165 15.690717 -0.009336 0.017011 0.962878 0.269239
1627999308.627240 121.078518 -286.398515 15.690976 -0.009103 0.017911 0.962834 0.269347
1627999308.730735 121.016709 -286.362238 15.686643 -0.008012 0.018532 0.962706 0.269797
1627999308.827616 120.961065 -286.326111 15.681679 -0.008054 0.018835 0.962550 0.270328
1627999308.927801 120.910000 -286.296328 15.679884 -0.008905 0.019116 0.962368 0.270930
1627999309.027988 120.861016 -286.273189 15.678072 -0.009076 0.018270 0.962364 0.270995
1627999309.128159 120.797510 -286.242171 15.679381 -0.008999 0.016936 0.962406 0.270937
1627999309.228342 120.747306 -286.205311 15.676776 -0.009563 0.016924 0.962451 0.270757
1627999309.328560 120.688306 -286.158471 15.679234 -0.009751 0.018167 0.962361 0.270993
1627999309.428716 120.632181 -286.126111 15.675633 -0.008584 0.019352 0.962201 0.271516
1627999309.532260 120.574126 -286.094671 15.669054 -0.008348 0.019495 0.962103 0.271861
1627999309.629104 120.523187 -286.051658 15.667842 -0.008849 0.018839 0.962183 0.271607
1627999309.729243 120.460096 -286.027484 15.666790 -0.008697 0.018521 0.962198 0.271580
1627999309.829431 120.397585 -286.000241 15.665403 -0.009112 0.018822 0.962193 0.271566
1627999309.929606 120.342480 -285.961978 15.663012 -0.010196 0.019290 0.962064 0.271952
1627999310.029803 120.287689 -285.930884 15.662710 -0.010280 0.019029 0.962007 0.272166
1627999310.129979 120.246787 -285.897038 15.659354 -0.009413 0.018323 0.962107 0.271894
1627999310.230251 120.189606 -285.870055 15.656275 -0.008780 0.017832 0.962026 0.272235
1627999310.330328 120.118236 -285.831619 15.657288 -0.009043 0.017762 0.961975 0.272410
1627999310.430504 120.068700 -285.795312 15.654981 -0.008998 0.017900 0.961989 0.272354
1627999310.530691 120.029472 -285.769876 15.654440 -0.008818 0.017844 0.961958 0.272472
1627999310.630869 119.974015 -285.734224 15.653907 -0.008303 0.017110 0.961919 0.272671
1627999310.731045 119.917641 -285.709475 15.651336 -0.006992 0.016186 0.962091 0.272160
1627999310.831229 119.878372 -285.680138 15.650957 -0.005936 0.015764 0.961932 0.272768
1627999310.931418 119.824822 -285.649338 15.647039 -0.005649 0.016103 0.962003 0.272506
1627999311.031663 119.768739 -285.628406 15.646012 -0.005415 0.016405 0.961877 0.272935
1627999311.131776 119.712829 -285.620401 15.644184 -0.005110 0.015552 0.961843 0.273110
1627999311.231970 119.674958 -285.576910 15.640060 -0.005654 0.014294 0.961898 0.272975
1627999311.332173 119.616415 -285.541342 15.643195 -0.006300 0.013513 0.961905 0.272978
1627999311.432476 119.572043 -285.499040 15.644489 -0.005853 0.013454 0.961962 0.272790
1627999311.532518 119.534632 -285.480296 15.641659 -0.005079 0.013173 0.961971 0.272787
1627999311.632691 119.487633 -285.465105 15.638762 -0.004962 0.011805 0.961976 0.272833
1627999311.732880 119.449908 -285.446301 15.636084 -0.005666 0.010265 0.962040 0.272656
1627999311.833050 119.400940 -285.417295 15.634469 -0.006753 0.010234 0.962046 0.272613
1627999311.933243 119.366235 -285.388307 15.640304 -0.006963 0.011142 0.962043 0.272582
1627999312.033408 119.309566 -285.364580 15.634466 -0.007081 0.013633 0.961964 0.272744
1627999312.133589 119.266107 -285.330824 15.631435 -0.008911 0.014920 0.961930 0.272744
1627999312.233770 119.224447 -285.297191 15.628059 -0.009903 0.014407 0.962026 0.272397
1627999312.333954 119.179272 -285.260276 15.628012 -0.010139 0.013117 0.962088 0.272235
1627999312.434161 119.114668 -285.231606 15.625779 -0.010767 0.012963 0.962195 0.271839
1627999312.534333 119.065387 -285.206641 15.624040 -0.011721 0.013463 0.962262 0.271538
1627999312.634520 119.018904 -285.187969 15.624850 -0.012675 0.012850 0.962174 0.271839
1627999312.734677 118.973679 -285.172638 15.622429 -0.013510 0.010976 0.962313 0.271386
1627999312.834860 118.917770 -285.145935 15.627685 -0.012859 0.008955 0.962518 0.270766
1627999312.935050 118.853867 -285.130083 15.623230 -0.012204 0.009506 0.962893 0.269441
1627999313.035249 118.825018 -285.089949 15.623871 -0.012378 0.012002 0.963272 0.267973
1627999313.135438 118.767080 -285.053270 15.623183 -0.011560 0.014779 0.963902 0.265594
1627999313.235638 118.727792 -285.025095 15.619704 -0.010172 0.015358 0.964616 0.263016
1627999313.335773 118.669174 -285.000454 15.611116 -0.010711 0.015748 0.965363 0.260213
1627999313.435959 118.617551 -284.965724 15.611465 -0.010956 0.015971 0.965863 0.258328
1627999313.536156 118.566463 -284.942440 15.611414 -0.009909 0.015950 0.966726 0.255122
1627999313.636317 118.495319 -284.918101 15.610826 -0.010111 0.016739 0.967179 0.253341
1627999313.736518 118.449675 -284.875850 15.610323 -0.010286 0.017040 0.967992 0.250192
1627999313.836673 118.405744 -284.849117 15.607000 -0.009719 0.016542 0.968749 0.247302
1627999313.936852 118.349842 -284.835428 15.609082 -0.008466 0.015927 0.969592 0.244062
1627999314.037206 118.303740 -284.811110 15.604881 -0.007114 0.016254 0.970443 0.240677
1627999314.137225 118.259190 -284.781655 15.601184 -0.006852 0.017503 0.971148 0.237734
1627999314.237603 118.217799 -284.746013 15.608089 -0.005576 0.017839 0.972107 0.233790
1627999314.337605 118.153970 -284.730187 15.600000 -0.004516 0.018305 0.972901 0.230451
1627999314.437964 118.097596 -284.694633 15.593740 -0.004944 0.018770 0.973675 0.227114
1627999314.537962 118.057030 -284.665185 15.593624 -0.005090 0.018549 0.974457 0.223751
1627999314.639103 117.999073 -284.655168 15.590154 -0.005515 0.017902 0.975359 0.219826
1627999314.738307 117.948853 -284.635263 15.598687 -0.004768 0.017105 0.976123 0.216492
1627999314.838500 117.884705 -284.614981 15.592295 -0.003376 0.017716 0.976854 0.213145
1627999314.938697 117.836932 -284.589149 15.579348 -0.005057 0.018768 0.977623 0.209465
1627999315.038863 117.789396 -284.559497 15.583184 -0.006901 0.018596 0.978439 0.205580
1627999315.139050 117.729887 -284.541978 15.585553 -0.007049 0.017787 0.979202 0.201983
1627999315.239219 117.675707 -284.510569 15.583053 -0.007402 0.017593 0.979855 0.198795
1627999315.339455 117.636872 -284.493106 15.584224 -0.008206 0.018014 0.980399 0.196026
1627999315.439707 117.588829 -284.457807 15.584643 -0.008320 0.018596 0.981030 0.192781
1627999315.539783 117.529495 -284.440735 15.582469 -0.007941 0.018672 0.981489 0.190439
1627999315.642981 117.481857 -284.429228 15.579095 -0.008209 0.017471 0.982043 0.187665
1627999315.740134 117.428829 -284.414844 15.574487 -0.009372 0.016317 0.982649 0.184516
1627999315.840302 117.359430 -284.384468 15.575122 -0.010295 0.016944 0.983206 0.181417
1627999315.940486 117.293690 -284.342881 15.581154 -0.009397 0.018677 0.983497 0.179713
1627999316.040673 117.235638 -284.317781 15.577665 -0.007861 0.019246 0.983655 0.178862
1627999316.140862 117.184936 -284.307562 15.567167 -0.008688 0.017933 0.983933 0.177425
1627999316.241040 117.143587 -284.295011 15.573722 -0.009342 0.015612 0.984192 0.176167
1627999316.341222 117.094424 -284.271841 15.573940 -0.008173 0.014748 0.984469 0.174747
1627999316.441389 117.017624 -284.241822 15.569539 -0.007431 0.016082 0.984735 0.173156
1627999316.541590 116.955365 -284.209759 15.565396 -0.007540 0.017538 0.984959 0.171733
1627999316.642007 116.884811 -284.195478 15.564189 -0.007666 0.018073 0.985188 0.170350
1627999316.741940 116.816113 -284.182264 15.564638 -0.007667 0.017655 0.985445 0.168899
1627999316.845170 116.758610 -284.176501 15.561443 -0.007380 0.017798 0.985788 0.166887
1627999316.942331 116.688555 -284.161826 15.558874 -0.007785 0.018063 0.985961 0.165811
1627999317.042540 116.637472 -284.131526 15.561452 -0.007857 0.017777 0.986387 0.163285
1627999317.142947 116.577529 -284.115241 15.558516 -0.007364 0.017817 0.987057 0.159205
1627999317.242873 116.500924 -284.102320 15.555711 -0.007605 0.018550 0.988240 0.151593
1627999317.343022 116.428848 -284.102615 15.559638 -0.007344 0.019298 0.989505 0.143018
1627999317.443209 116.370342 -284.091249 15.559154 -0.005905 0.020159 0.990895 0.132985
1627999317.543393 116.317862 -284.062231 15.551431 -0.005367 0.021441 0.992264 0.122163
1627999317.644312 116.236411 -284.028173 15.549353 -0.005812 0.021820 0.993547 0.111151
1627999317.743756 116.166863 -284.016486 15.554786 -0.004805 0.020644 0.994841 0.099210
1627999317.844150 116.096322 -284.016963 15.550684 -0.003061 0.019646 0.996074 0.086262
1627999317.944125 116.028640 -284.012354 15.543840 -0.003032 0.020700 0.997061 0.073696
1627999318.044549 115.949898 -283.998737 15.546235 -0.002947 0.022612 0.997817 0.061974
1627999318.144466 115.851934 -283.969999 15.545785 -0.002560 0.024111 0.998355 0.051954
1627999318.247979 115.766171 -283.940616 15.543013 -0.002986 0.023719 0.998746 0.043979
1627999318.344846 115.704495 -283.916303 15.548226 -0.002168 0.022048 0.999057 0.037353
1627999318.445124 115.633923 -283.909467 15.545439 -0.000697 0.021193 0.999248 0.032450
1627999318.545218 115.551572 -283.901719 15.540440 -0.001265 0.021480 0.999326 0.029730
1627999318.647143 115.457377 -283.886963 15.542349 -0.001154 0.022735 0.999314 0.029225
1627999318.745596 115.364592 -283.862656 15.538430 -0.000902 0.024755 0.999241 0.030064
1627999318.847601 115.279114 -283.853456 15.541337 -0.001277 0.025548 0.999164 0.031899
1627999318.945932 115.204635 -283.858594 15.542909 -0.000672 0.024662 0.999110 0.034222
1627999319.046140 115.118468 -283.861534 15.533752 -0.000787 0.023790 0.999042 0.036714
1627999319.146321 115.020595 -283.852354 15.533431 -0.002785 0.023592 0.998980 0.038408
1627999319.246464 114.929187 -283.850502 15.537240 -0.003021 0.024507 0.998891 0.040087
1627999319.346666 114.828730 -283.841194 15.536644 -0.002954 0.025452 0.998785 0.042100
1627999319.448474 114.740171 -283.838718 15.536652 -0.003560 0.025881 0.998703 0.043709
1627999319.547030 114.649573 -283.839687 15.538277 -0.003082 0.025526 0.998665 0.044802
1627999319.648346 114.561882 -283.843963 15.534401 -0.003034 0.026073 0.998585 0.046240
1627999319.747417 114.471941 -283.830745 15.532738 -0.003319 0.027910 0.998488 0.047238
1627999319.847578 114.384513 -283.822866 15.533129 -0.002999 0.029143 0.998413 0.048098
1627999319.947727 114.277610 -283.811332 15.532749 -0.002885 0.028120 0.998453 0.047883
1627999320.048194 114.183507 -283.807203 15.535661 -0.001509 0.026364 0.998565 0.046580
1627999320.148187 114.083481 -283.793752 15.528863 -0.000697 0.026238 0.998667 0.044454
1627999320.248281 113.988073 -283.787756 15.528621 -0.000848 0.028686 0.998698 0.042176
1627999320.348470 113.904030 -283.783234 15.530880 -0.000332 0.031932 0.998703 0.039646
1627999320.448673 113.813536 -283.779975 15.531240 0.000262 0.032721 0.998763 0.037445
1627999320.548881 113.705569 -283.775841 15.529814 0.000705 0.031068 0.998926 0.034359
1627999320.648999 113.609130 -283.785584 15.526360 0.000852 0.029782 0.999096 0.030321
1627999320.749226 113.526747 -283.783164 15.526107 0.000596 0.030915 0.999177 0.026271
1627999320.849354 113.431153 -283.788794 15.527311 0.001082 0.033971 0.999180 0.021996
1627999320.949568 113.334772 -283.788639 15.524877 0.001219 0.035878 0.999192 0.018066
1627999321.049731 113.240535 -283.778478 15.530963 0.001322 0.035679 0.999286 0.012386
1627999321.149928 113.154058 -283.777201 15.531663 0.001830 0.034407 0.999387 0.006190
1627999321.250260 113.058876 -283.763646 15.527931 0.002399 0.034570 0.999399 0.000267
1627999321.350265 112.957283 -283.765634 15.527453 0.002845 0.037395 0.999288 -0.004111
1627999321.450458 112.854657 -283.749378 15.526402 0.003616 0.039927 0.999172 -0.006986
1627999321.550651 112.768995 -283.751754 15.532031 0.004382 0.039722 0.999159 -0.009148
1627999321.650831 112.681235 -283.759131 15.530393 0.004949 0.038658 0.999178 -0.011184
1627999321.751023 112.586861 -283.751140 15.527285 0.005043 0.037923 0.999189 -0.012596
1627999321.851175 112.492917 -283.735976 15.524878 0.004999 0.038760 0.999161 -0.012208
1627999321.951348 112.391919 -283.716712 15.521538 0.004100 0.040297 0.999134 -0.009568
1627999322.051544 112.299579 -283.702005 15.530677 0.003803 0.040800 0.999151 -0.004344
1627999322.151737 112.212238 -283.689043 15.531179 0.004996 0.040450 0.999168 0.001477
1627999322.251915 112.109070 -283.704352 15.524164 0.004966 0.040092 0.999155 0.007554
1627999322.352110 112.008219 -283.703570 15.526014 0.004405 0.040957 0.999043 0.014681
1627999322.452254 111.908738 -283.703203 15.527671 0.003879 0.041421 0.998878 0.022647
1627999322.552450 111.813704 -283.703779 15.530187 0.003507 0.040711 0.998698 0.030549
1627999322.652786 111.724362 -283.695031 15.527142 0.003019 0.039638 0.998476 0.038284
1627999322.752796 111.622186 -283.687100 15.525412 0.001829 0.039291 0.998154 0.046273
1627999322.854817 111.515399 -283.674233 15.527464 0.000613 0.039380 0.997747 0.054308
1627999322.953176 111.401003 -283.659624 15.529766 -0.000364 0.039086 0.997263 0.062754
1627999323.053359 111.295405 -283.655779 15.532238 -0.000354 0.037908 0.996784 0.070605
1627999323.153533 111.202650 -283.657398 15.526127 -0.000654 0.037448 0.996387 0.076222
1627999323.253819 111.104387 -283.666181 15.522426 -0.002179 0.038996 0.996123 0.078829
1627999323.354079 111.011765 -283.659376 15.532515 -0.001952 0.040400 0.996026 0.079347
1627999323.454070 110.909057 -283.655903 15.534323 -0.000918 0.039458 0.996130 0.078534
1627999323.554541 110.802380 -283.646131 15.529628 -0.001311 0.037002 0.996383 0.076486
1627999323.654540 110.705278 -283.633949 15.524703 -0.002350 0.035036 0.996673 0.073554
1627999323.754614 110.589363 -283.613817 15.523501 -0.002472 0.035609 0.996850 0.070830
1627999323.854796 110.485741 -283.604495 15.521676 -0.002028 0.036833 0.996972 0.068459
1627999323.954965 110.380798 -283.587870 15.524418 -0.002541 0.035495 0.997156 0.066438
1627999324.055166 110.296308 -283.575740 15.530172 -0.001915 0.032242 0.997417 0.064164
1627999324.155354 110.198224 -283.558310 15.530762 -0.001022 0.029198 0.997577 0.063140
1627999324.255509 110.091817 -283.562447 15.532482 0.001452 0.026633 0.997734 0.061765
1627999324.355749 109.996282 -283.542184 15.529717 0.003591 0.025042 0.997865 0.060213
1627999324.455886 109.911465 -283.533846 15.516229 0.002466 0.024695 0.997928 0.059355
1627999324.556083 109.810421 -283.528127 15.512126 -0.000723 0.024222 0.998037 0.057750
1627999324.656235 109.689844 -283.521993 15.516025 -0.003560 0.021945 0.998163 0.056354
1627999324.756462 109.578452 -283.508586 15.512377 -0.005767 0.019692 0.998289 0.054754
1627999324.856609 109.467076 -283.499815 15.509125 -0.010296 0.016857 0.998375 0.053446
1627999324.957061 109.362197 -283.495409 15.519139 -0.011813 0.015184 0.998490 0.051455
1627999325.056968 109.275367 -283.491779 15.515150 -0.009764 0.016938 0.998538 0.050386
1627999325.157160 109.207956 -283.473507 15.512523 -0.007621 0.019990 0.998408 0.052190
1627999325.257339 109.131478 -283.467641 15.515829 -0.006951 0.020453 0.998207 0.055827
1627999325.357651 109.040707 -283.445266 15.516607 -0.006796 0.018086 0.997932 0.061310
1627999325.457716 108.947902 -283.432088 15.513881 -0.006481 0.014627 0.997569 0.067827
1627999325.557892 108.857235 -283.412603 15.505529 -0.006330 0.012887 0.997009 0.075944
1627999325.658197 108.766047 -283.396629 15.497386 -0.007474 0.013557 0.996286 0.084703
1627999325.759136 108.679827 -283.382481 15.498772 -0.007980 0.015920 0.995401 0.094130
1627999325.858464 108.594942 -283.377712 15.500048 -0.008567 0.017126 0.994390 0.104031
1627999325.958611 108.511302 -283.365019 15.503971 -0.009681 0.016072 0.993325 0.113810
1627999326.058774 108.420316 -283.353992 15.505891 -0.009944 0.014065 0.992237 0.123161
1627999326.159238 108.315722 -283.339867 15.499307 -0.010269 0.012883 0.991051 0.132462
1627999326.259142 108.212998 -283.319554 15.493012 -0.011125 0.013462 0.989731 0.141869
1627999326.359352 108.143001 -283.291397 15.495938 -0.011030 0.014556 0.988370 0.150965
1627999326.459486 108.075907 -283.265678 15.492747 -0.011022 0.015059 0.986847 0.160578
1627999326.559687 107.989110 -283.243159 15.490834 -0.011433 0.014625 0.985321 0.169699
1627999326.659853 107.916633 -283.211657 15.490103 -0.011208 0.013921 0.983803 0.178359
1627999326.760031 107.839254 -283.201319 15.484747 -0.011291 0.013944 0.982161 0.187186
1627999326.860209 107.771759 -283.181646 15.483530 -0.011772 0.014275 0.980553 0.195379
1627999326.960390 107.705664 -283.147995 15.482735 -0.011328 0.014621 0.978774 0.204107
1627999327.060576 107.635889 -283.123899 15.478995 -0.011143 0.014387 0.976918 0.212839
1627999327.160772 107.576229 -283.095376 15.478749 -0.011607 0.014142 0.975101 0.221004
1627999327.260962 107.504863 -283.050018 15.479699 -0.011137 0.013700 0.973186 0.229339
1627999327.361130 107.419464 -283.014495 15.474960 -0.010641 0.013548 0.971062 0.238205
1627999327.461348 107.337290 -282.994450 15.470281 -0.010527 0.013958 0.968962 0.246591
1627999327.561486 107.255896 -282.966435 15.471702 -0.009926 0.014838 0.966915 0.254474
1627999327.661663 107.185051 -282.925096 15.469834 -0.008972 0.014972 0.965232 0.260812
1627999327.761852 107.109352 -282.883314 15.466915 -0.009146 0.014928 0.964046 0.265158
1627999327.862049 107.027734 -282.845945 15.466481 -0.009297 0.014052 0.963401 0.267533
1627999327.962222 106.946674 -282.801300 15.461168 -0.008886 0.013919 0.963285 0.267973
1627999328.062397 106.862160 -282.772068 15.454010 -0.009426 0.014713 0.963285 0.267913
1627999328.162609 106.781553 -282.731373 15.453838 -0.009485 0.015893 0.963445 0.267267
1627999328.262744 106.696880 -282.674013 15.453146 -0.009705 0.016235 0.963565 0.266806
1627999328.362932 106.626368 -282.631111 15.453158 -0.010516 0.015824 0.963741 0.266162
1627999328.463104 106.545381 -282.597676 15.453132 -0.010168 0.014565 0.963828 0.265933
1627999328.563315 106.460147 -282.544923 15.445079 -0.010211 0.014175 0.963917 0.265628
1627999328.663478 106.374706 -282.495648 15.439606 -0.010494 0.015180 0.963928 0.265522
1627999328.763665 106.286781 -282.444589 15.440276 -0.010437 0.016185 0.963857 0.265725
1627999328.867188 106.203250 -282.391727 15.439228 -0.011222 0.016241 0.963857 0.265687
1627999328.964044 106.118431 -282.343740 15.435752 -0.011756 0.015124 0.963855 0.265738
1627999329.064258 106.035114 -282.297361 15.432153 -0.011956 0.014308 0.964010 0.265211
1627999329.164394 105.945333 -282.256105 15.424946 -0.012295 0.015133 0.963931 0.265437
1627999329.264544 105.860178 -282.203904 15.423632 -0.011939 0.016339 0.963925 0.265405
1627999329.364769 105.780089 -282.161064 15.426685 -0.011162 0.016501 0.964056 0.264952
1627999329.464924 105.703816 -282.127254 15.426686 -0.010779 0.015462 0.964170 0.264613
1627999329.565121 105.623891 -282.075690 15.421638 -0.010509 0.014083 0.964226 0.264499
1627999329.665637 105.558124 -282.031824 15.413762 -0.010023 0.014291 0.964319 0.264166
1627999329.765486 105.480658 -281.987211 15.410540 -0.008828 0.015196 0.964333 0.264110
1627999329.865768 105.399432 -281.942229 15.410575 -0.008103 0.015435 0.964345 0.264074
1627999329.965809 105.315598 -281.891152 15.413536 -0.008041 0.015055 0.964444 0.263735
1627999330.066022 105.245444 -281.851167 15.411592 -0.007338 0.013565 0.964610 0.263231
1627999330.166179 105.170472 -281.810986 15.406637 -0.007081 0.012821 0.964681 0.263012
1627999330.267618 105.102099 -281.757419 15.400748 -0.006391 0.013259 0.964739 0.262796
1627999330.366581 105.039616 -281.721665 15.399917 -0.005955 0.013924 0.964820 0.262475
1627999330.466725 104.951488 -281.680258 15.399904 -0.006285 0.013950 0.964889 0.262213
1627999330.566901 104.858533 -281.634717 15.400351 -0.006196 0.013000 0.965070 0.261597
1627999330.667091 104.780678 -281.589714 15.394962 -0.006259 0.012218 0.965179 0.261228
1627999330.767274 104.707003 -281.545762 15.390232 -0.006935 0.012936 0.965379 0.260437
1627999330.867453 104.632121 -281.509602 15.390961 -0.007120 0.013676 0.965469 0.260060
1627999330.967633 104.546074 -281.462617 15.389772 -0.007624 0.013554 0.965691 0.259229
1627999331.067865 104.460219 -281.415914 15.390172 -0.008302 0.013062 0.965876 0.258540
1627999331.168146 104.377753 -281.372819 15.386730 -0.008801 0.012611 0.966117 0.257647
1627999331.268435 104.293362 -281.313775 15.377277 -0.009575 0.013473 0.966441 0.256355
1627999331.368665 104.207521 -281.260335 15.376673 -0.009311 0.014612 0.966588 0.255749
1627999331.468993 104.116544 -281.215758 15.376712 -0.009588 0.015183 0.966815 0.254847
1627999331.569219 104.017578 -281.171782 15.374879 -0.010682 0.015194 0.967194 0.253358
1627999331.669655 103.913316 -281.122073 15.371439 -0.010928 0.014952 0.967593 0.251835
1627999331.769732 103.814774 -281.062157 15.366891 -0.010760 0.015249 0.967917 0.250577
1627999331.870008 103.721832 -281.000991 15.363105 -0.010515 0.016088 0.968135 0.249691
1627999331.974818 103.616600 -280.932416 15.358871 -0.010127 0.016519 0.968270 0.249154
1627999332.070584 103.536286 -280.885622 15.356853 -0.010084 0.015941 0.968101 0.249848
1627999332.175609 103.439340 -280.832108 15.352083 -0.010214 0.015646 0.967713 0.251363
1627999332.271117 103.334921 -280.780578 15.350817 -0.009655 0.015774 0.967268 0.253080
1627999332.371440 103.221941 -280.715262 15.347931 -0.010360 0.016103 0.966825 0.254720
1627999332.471616 103.104802 -280.661580 15.342948 -0.011675 0.016140 0.966263 0.256786
1627999332.572290 103.002416 -280.597250 15.338188 -0.011401 0.015839 0.965874 0.258277
1627999332.672101 102.911301 -280.550710 15.337113 -0.010642 0.015692 0.965262 0.260596
1627999332.772518 102.819451 -280.491987 15.332377 -0.011623 0.016554 0.964792 0.262235
1627999332.872627 102.716732 -280.441710 15.327465 -0.011586 0.016732 0.964112 0.264716
1627999332.972892 102.624587 -280.391780 15.328121 -0.009978 0.016059 0.963415 0.267346
1627999333.073203 102.509437 -280.333382 15.324906 -0.010488 0.015483 0.962726 0.269830
1627999333.173617 102.410870 -280.270245 15.318410 -0.011457 0.015807 0.962078 0.272077
1627999333.273694 102.319092 -280.217502 15.318119 -0.010516 0.015625 0.961447 0.274343
1627999333.375041 102.228606 -280.159541 15.313949 -0.010884 0.015686 0.960740 0.276793
1627999333.474306 102.140005 -280.103894 15.308445 -0.011909 0.016282 0.960238 0.278452
1627999333.574468 102.039715 -280.054215 15.306776 -0.011760 0.016553 0.959484 0.281032
1627999333.674803 101.945592 -280.003298 15.306854 -0.012649 0.016195 0.958780 0.283405
1627999333.782467 101.840668 -279.948681 15.300848 -0.013201 0.015562 0.958185 0.285420
1627999333.875263 101.748247 -279.894793 15.294728 -0.012239 0.015110 0.957528 0.287685
1627999333.976290 101.666981 -279.828883 15.291736 -0.011921 0.015602 0.956807 0.290060
1627999334.075821 101.588256 -279.752131 15.289548 -0.012642 0.016725 0.956115 0.292240
1627999334.176768 101.497396 -279.697803 15.289291 -0.012626 0.016224 0.955499 0.294276
1627999334.276311 101.391599 -279.636731 15.283137 -0.012618 0.015353 0.954846 0.296437
1627999334.377695 101.280123 -279.567465 15.275628 -0.012905 0.015415 0.954058 0.298947
1627999334.476861 101.185809 -279.508942 15.271280 -0.013206 0.016102 0.953478 0.300744
1627999334.577092 101.102453 -279.451526 15.270642 -0.013491 0.016222 0.952806 0.302846
1627999334.677840 101.009821 -279.384210 15.268708 -0.013425 0.015791 0.952143 0.304949
1627999334.778486 100.930075 -279.321362 15.260840 -0.013077 0.015536 0.951374 0.307369
1627999334.878013 100.836841 -279.262752 15.257386 -0.012761 0.015805 0.950699 0.309448
1627999334.978166 100.744349 -279.204129 15.254422 -0.013137 0.016115 0.949976 0.311632
1627999335.078403 100.665082 -279.146280 15.252491 -0.012552 0.015236 0.949379 0.313513
1627999335.178672 100.584201 -279.084068 15.247135 -0.012330 0.014743 0.948739 0.315476
1627999335.279003 100.506724 -279.018471 15.240437 -0.012887 0.015673 0.948238 0.316912
1627999335.381512 100.413982 -278.950043 15.238102 -0.013003 0.016564 0.947609 0.318737
1627999335.479456 100.324251 -278.888927 15.238981 -0.013302 0.016191 0.947134 0.320153
1627999335.579705 100.238871 -278.824432 15.236497 -0.013785 0.015243 0.946653 0.321600
1627999335.679966 100.169098 -278.763087 15.227400 -0.013693 0.015098 0.946237 0.322832
1627999335.780481 100.082309 -278.693759 15.219711 -0.012838 0.016233 0.945802 0.324084
1627999335.880490 99.985531 -278.633113 15.219411 -0.013105 0.017239 0.945220 0.325714
1627999335.980783 99.890630 -278.580829 15.220455 -0.013641 0.017005 0.944911 0.326601
1627999336.081006 99.805999 -278.516521 15.218921 -0.014591 0.015683 0.944649 0.327381
1627999336.181266 99.723444 -278.451213 15.207516 -0.015105 0.014996 0.944390 0.328138
1627999336.281528 99.635681 -278.385077 15.201878 -0.014975 0.015802 0.944186 0.328692
1627999336.381782 99.551397 -278.313009 15.197896 -0.015388 0.016943 0.943783 0.329773
1627999336.482151 99.468723 -278.251344 15.197677 -0.015091 0.016676 0.943303 0.331169
1627999336.582303 99.392673 -278.192523 15.195184 -0.014785 0.015544 0.943010 0.332072
1627999336.682560 99.312505 -278.119083 15.188656 -0.013863 0.014868 0.942751 0.332876
1627999336.782835 99.215494 -278.049585 15.185032 -0.013496 0.014819 0.942310 0.334141
1627999336.883080 99.134897 -277.987653 15.181895 -0.012987 0.014553 0.942033 0.334952
1627999336.983397 99.056889 -277.926554 15.177747 -0.012778 0.014057 0.941634 0.336103
1627999337.083601 98.977399 -277.862953 15.172091 -0.012779 0.013902 0.941523 0.336419
1627999337.183872 98.897033 -277.788353 15.168898 -0.012629 0.014139 0.941134 0.337503
1627999337.284122 98.808012 -277.723366 15.168013 -0.013109 0.014502 0.940781 0.338451
1627999337.384383 98.716421 -277.650521 15.165016 -0.013660 0.013715 0.940443 0.339400
1627999337.484713 98.630941 -277.583085 15.157227 -0.013332 0.012794 0.940197 0.340129
1627999337.584902 98.543774 -277.509267 15.152663 -0.011701 0.013287 0.939905 0.340976
1627999337.685184 98.459454 -277.432893 15.152009 -0.012250 0.014025 0.939474 0.342113
1627999337.785437 98.367695 -277.361027 15.149129 -0.012983 0.014137 0.939039 0.343273
1627999337.885675 98.279515 -277.287437 15.144692 -0.013128 0.012870 0.938771 0.344050
1627999337.985927 98.181989 -277.219266 15.140214 -0.013523 0.012528 0.938467 0.344876
1627999338.086189 98.101196 -277.147550 15.135132 -0.015010 0.013393 0.938063 0.345880
1627999338.186460 98.012858 -277.069611 15.128816 -0.014904 0.013504 0.937820 0.346539
1627999338.286725 97.919997 -276.998345 15.125715 -0.014108 0.012757 0.937402 0.347728
1627999338.386953 97.829263 -276.914129 15.123781 -0.014292 0.012421 0.937032 0.348729
1627999338.487224 97.733873 -276.845335 15.119082 -0.015302 0.012835 0.936590 0.349857
1627999338.587462 97.640387 -276.768508 15.112162 -0.015968 0.012915 0.936253 0.350726
1627999338.687756 97.566006 -276.688419 15.109238 -0.016399 0.012510 0.935939 0.351558
1627999338.787989 97.483100 -276.620431 15.101789 -0.017098 0.012891 0.935612 0.352381
1627999338.888265 97.396131 -276.544704 15.097828 -0.017460 0.013657 0.935203 0.353417
1627999338.988522 97.295832 -276.471642 15.093759 -0.017750 0.013786 0.934965 0.354027
1627999339.088772 97.181912 -276.382280 15.086990 -0.018231 0.013210 0.934497 0.355259
1627999339.189015 97.075689 -276.295821 15.077194 -0.018043 0.013173 0.934279 0.355842
1627999339.289301 96.990924 -276.218807 15.076518 -0.017920 0.014289 0.933826 0.356992
1627999339.389545 96.919656 -276.142653 15.071444 -0.018144 0.014940 0.933466 0.357896
1627999339.489771 96.838669 -276.062637 15.065421 -0.017679 0.014108 0.933157 0.358756
1627999339.590059 96.745346 -275.979008 15.058159 -0.017141 0.013588 0.932793 0.359747
1627999339.690315 96.663108 -275.911097 15.053301 -0.017079 0.013879 0.932473 0.360568
1627999339.790556 96.576764 -275.836014 15.048450 -0.016163 0.014123 0.932191 0.361329
1627999339.890804 96.470990 -275.754819 15.045238 -0.015182 0.013460 0.931770 0.362482
1627999339.991068 96.383347 -275.679548 15.039905 -0.014538 0.012869 0.931410 0.363454
1627999340.091331 96.285812 -275.607973 15.034864 -0.014448 0.013089 0.931126 0.364175
1627999340.191563 96.203522 -275.516583 15.031676 -0.014231 0.013047 0.930842 0.364912
1627999340.291837 96.118274 -275.440786 15.026352 -0.013470 0.012536 0.930340 0.366237
1627999340.392095 96.046872 -275.379719 15.024402 -0.012908 0.011932 0.930214 0.366596
1627999340.492341 95.964882 -275.308750 15.019529 -0.012512 0.012102 0.929706 0.367892
1627999340.592669 95.887539 -275.229672 15.015732 -0.012717 0.012613 0.929359 0.368741
1627999340.693320 95.814046 -275.145257 15.016041 -0.013408 0.012492 0.929107 0.369356
1627999340.793118 95.727807 -275.066958 15.011004 -0.014057 0.012306 0.929137 0.369264
1627999340.893380 95.638449 -274.998051 15.003970 -0.013897 0.012729 0.929346 0.368730
1627999340.993606 95.547933 -274.926649 15.002980 -0.014727 0.014100 0.929685 0.367791
1627999341.093867 95.483266 -274.830213 14.992891 -0.015414 0.014847 0.930053 0.366803
1627999341.194120 95.403533 -274.755105 14.984186 -0.014550 0.014386 0.930621 0.365413
1627999341.294374 95.326380 -274.669759 14.984493 -0.014097 0.014198 0.931210 0.363933
1627999341.394660 95.244564 -274.603129 14.983418 -0.015111 0.015007 0.931737 0.362509
1627999341.494881 95.153722 -274.528038 14.972471 -0.014987 0.015247 0.932282 0.361100
1627999341.595133 95.060644 -274.458326 14.968286 -0.013227 0.014367 0.932971 0.359421
1627999341.695397 94.965562 -274.376422 14.972454 -0.012594 0.014367 0.933805 0.357272
1627999341.795646 94.869999 -274.294277 14.961440 -0.012422 0.015591 0.934858 0.354461
1627999341.896127 94.811885 -274.217246 14.956413 -0.011243 0.015716 0.935959 0.351578
1627999341.996153 94.727168 -274.145316 14.962577 -0.011451 0.015002 0.937085 0.348591
1627999342.096414 94.633371 -274.072920 14.958929 -0.013586 0.014757 0.938314 0.345201
1627999342.196825 94.551637 -273.990799 14.946886 -0.014270 0.015349 0.939686 0.341397
1627999342.296915 94.464731 -273.915746 14.942331 -0.014353 0.016819 0.940735 0.338420
1627999342.398123 94.385262 -273.846817 14.940965 -0.015090 0.017748 0.941864 0.335187
1627999342.497799 94.284666 -273.782374 14.934603 -0.015428 0.016836 0.943059 0.331840
1627999342.597679 94.187445 -273.716514 14.929822 -0.014818 0.015616 0.944298 0.328388
1627999342.697920 94.099487 -273.649841 14.928351 -0.014961 0.015651 0.945507 0.324882
1627999342.798173 94.020701 -273.570997 14.918131 -0.014459 0.015831 0.946766 0.321208
1627999342.898433 93.939610 -273.510339 14.915831 -0.012614 0.016233 0.947681 0.318557
1627999342.998920 93.851791 -273.440877 14.921578 -0.013832 0.016893 0.948597 0.315733
1627999343.098938 93.755104 -273.377790 14.909771 -0.015080 0.016613 0.949782 0.312106
1627999343.199183 93.651996 -273.311933 14.902618 -0.014082 0.015641 0.950801 0.309086
1627999343.299443 93.567510 -273.245861 14.909154 -0.015561 0.016079 0.951773 0.305986
1627999343.399739 93.482801 -273.184846 14.895199 -0.017332 0.017154 0.952799 0.302622
1627999343.499965 93.397729 -273.119245 14.881135 -0.014455 0.017587 0.953677 0.299968
1627999343.600209 93.313807 -273.045963 14.893747 -0.013293 0.017282 0.954538 0.297291
1627999343.700445 93.212525 -272.994789 14.889148 -0.015043 0.017072 0.955450 0.294276
1627999343.800695 93.125232 -272.948234 14.876386 -0.014038 0.016323 0.956394 0.291284
1627999343.900957 93.031802 -272.874099 14.873117 -0.012616 0.016611 0.957149 0.288842
1627999344.001195 92.919953 -272.812607 14.873364 -0.012884 0.017533 0.957985 0.285990
1627999344.101445 92.835507 -272.750147 14.864665 -0.012508 0.017239 0.958907 0.282919
1627999344.201697 92.755468 -272.706618 14.863914 -0.012177 0.016125 0.959715 0.280247
1627999344.301956 92.669749 -272.660733 14.859900 -0.012393 0.016367 0.960480 0.277589
1627999344.402198 92.578909 -272.613198 14.856669 -0.012136 0.017448 0.961191 0.275063
1627999344.502464 92.482024 -272.545950 14.854613 -0.012173 0.018006 0.961945 0.272378
1627999344.602713 92.400917 -272.472183 14.848118 -0.012027 0.017209 0.962718 0.269689
1627999344.702981 92.339129 -272.407957 14.845700 -0.011806 0.016364 0.963549 0.266770
1627999344.803517 92.242848 -272.359437 14.841138 -0.011132 0.016859 0.964237 0.264270
1627999344.903476 92.150054 -272.308110 14.839038 -0.010166 0.018130 0.965041 0.261272
1627999345.003706 92.060411 -272.264925 14.835940 -0.009865 0.018350 0.965515 0.259514
1627999345.103999 91.956488 -272.214922 14.833022 -0.009787 0.017445 0.965917 0.258079
1627999345.204406 91.857897 -272.169153 14.830721 -0.009850 0.016826 0.966219 0.256982
1627999345.304858 91.763540 -272.122966 14.828803 -0.009324 0.017668 0.966322 0.256558
1627999345.404723 91.681963 -272.081335 14.827579 -0.009440 0.018739 0.966429 0.256074
1627999345.504971 91.590838 -272.031829 14.821274 -0.009131 0.018506 0.966504 0.255821
1627999345.605229 91.503196 -271.989335 14.820616 -0.008775 0.017797 0.966733 0.255018
1627999345.705486 91.429383 -271.937798 14.817861 -0.008838 0.017481 0.966848 0.254601
1627999345.805717 91.346416 -271.877452 14.813239 -0.008417 0.018178 0.967026 0.253887
1627999345.905965 91.250666 -271.831668 14.811709 -0.008334 0.018494 0.967120 0.253510
1627999346.006243 91.144240 -271.790144 14.807803 -0.008116 0.017592 0.967309 0.252859
1627999346.106494 91.058737 -271.755174 14.809627 -0.008123 0.016603 0.967388 0.252623
1627999346.206712 90.980288 -271.704352 14.808495 -0.008693 0.016542 0.967464 0.252318
1627999346.306971 90.878197 -271.658720 14.805145 -0.008984 0.017383 0.967545 0.251940
1627999346.407218 90.791212 -271.604306 14.800213 -0.009417 0.017452 0.967667 0.251451
1627999346.507453 90.694473 -271.552538 14.799905 -0.010004 0.016548 0.967701 0.251358
1627999346.607736 90.592282 -271.516614 14.796567 -0.011180 0.016326 0.967676 0.251418
1627999346.707980 90.492793 -271.464137 14.791028 -0.011191 0.016841 0.967586 0.251731
1627999346.808210 90.391273 -271.405301 14.789297 -0.011156 0.017475 0.967183 0.253234
1627999346.910321 90.316115 -271.353082 14.783630 -0.011955 0.017059 0.966827 0.254580
1627999347.008705 90.237519 -271.306126 14.780101 -0.012411 0.016314 0.966292 0.256633
1627999347.108963 90.145029 -271.274761 14.778969 -0.012734 0.016856 0.966007 0.257650
1627999347.209201 90.054086 -271.214731 14.775512 -0.013515 0.018222 0.965649 0.258857
1627999347.309791 89.969742 -271.143752 14.768671 -0.014308 0.019034 0.965257 0.260215
1627999347.409694 89.869583 -271.084380 14.763779 -0.014693 0.018595 0.964929 0.261439
1627999347.509964 89.761982 -271.031731 14.759212 -0.014590 0.018312 0.964710 0.262271
1627999347.610201 89.664321 -270.972911 14.755051 -0.013810 0.018960 0.964367 0.263525
1627999347.710482 89.584632 -270.925256 14.753033 -0.013063 0.019754 0.964133 0.264361
1627999347.810719 89.491251 -270.883350 14.746447 -0.013045 0.019792 0.963779 0.265645
1627999347.911850 89.390074 -270.842722 14.740309 -0.012774 0.019128 0.963578 0.266438
1627999348.011197 89.302044 -270.786121 14.737567 -0.012429 0.019309 0.963405 0.267065
1627999348.112314 89.213408 -270.717019 14.733997 -0.011379 0.020325 0.963133 0.268016
1627999348.211703 89.132048 -270.658500 14.727344 -0.010609 0.020468 0.962954 0.268678
1627999348.311965 89.038451 -270.609571 14.724321 -0.009915 0.019192 0.962848 0.269177
1627999348.412176 88.953053 -270.570614 14.723633 -0.009393 0.018078 0.962824 0.269360
1627999348.512419 88.857693 -270.522079 14.722992 -0.008886 0.018302 0.962692 0.269832
1627999348.612692 88.776526 -270.465734 14.723833 -0.008556 0.019322 0.962492 0.270485
1627999348.712915 88.679650 -270.402524 14.715869 -0.008769 0.019421 0.962364 0.270926
1627999348.813762 88.583525 -270.349503 14.713595 -0.009023 0.018299 0.962285 0.271279
1627999348.913435 88.496901 -270.307736 14.710752 -0.009516 0.017573 0.962187 0.271657
1627999349.013672 88.394162 -270.250778 14.708823 -0.009516 0.018229 0.962008 0.272244
1627999349.114397 88.313293 -270.196671 14.708944 -0.010581 0.019086 0.961805 0.272866
1627999349.214148 88.235522 -270.142572 14.701150 -0.011468 0.018938 0.961773 0.272952
1627999349.314423 88.142268 -270.093417 14.696144 -0.011380 0.018576 0.961565 0.273713
1627999349.414657 88.045997 -270.035672 14.696106 -0.011438 0.018734 0.961641 0.273431
1627999349.514887 87.959868 -269.977401 14.694398 -0.011462 0.019661 0.961472 0.273959
1627999349.615156 87.871010 -269.914448 14.686087 -0.011081 0.020091 0.961452 0.274015
1627999349.715460 87.785103 -269.861298 14.681852 -0.010626 0.019383 0.961269 0.274722
1627999349.815628 87.681935 -269.810122 14.682404 -0.010690 0.019036 0.961214 0.274938
1627999349.915875 87.582102 -269.762978 14.678500 -0.010528 0.019625 0.961243 0.274801
1627999350.016136 87.502374 -269.706614 14.675332 -0.010015 0.020217 0.961158 0.275074
1627999350.116554 87.419114 -269.660006 14.671529 -0.009624 0.020133 0.961080 0.275368
1627999350.216860 87.323680 -269.614146 14.665179 -0.009045 0.019391 0.960989 0.275756
1627999350.316988 87.234195 -269.547131 14.662641 -0.008413 0.019280 0.960923 0.276016
1627999350.417124 87.152215 -269.497339 14.660797 -0.007812 0.019380 0.960917 0.276047
1627999350.517404 87.074200 -269.440429 14.659788 -0.007410 0.019823 0.960870 0.276189
1627999350.618230 86.985882 -269.386265 14.655994 -0.007303 0.019721 0.960672 0.276888
1627999350.717840 86.892892 -269.324295 14.651538 -0.007062 0.019538 0.960733 0.276697
1627999350.818095 86.813771 -269.276372 14.651712 -0.007284 0.019914 0.960679 0.276850
1627999350.918356 86.730322 -269.229365 14.650423 -0.007798 0.020202 0.960588 0.277133
1627999351.018670 86.633432 -269.178877 14.645851 -0.008751 0.019556 0.960563 0.277235
1627999351.118829 86.536122 -269.120930 14.643066 -0.009215 0.018602 0.960596 0.277170
1627999351.219176 86.439045 -269.067316 14.645602 -0.009539 0.018719 0.960617 0.277081
1627999351.319320 86.355925 -269.009066 14.638813 -0.009458 0.020547 0.960596 0.277027
1627999351.419591 86.279273 -268.937424 14.631982 -0.008838 0.021031 0.960707 0.276625
1627999351.519804 86.208192 -268.880230 14.624240 -0.008704 0.019729 0.961145 0.275201
1627999351.620049 86.135659 -268.822375 14.625075 -0.008971 0.017730 0.962132 0.271858
1627999351.720395 86.058249 -268.770139 14.625208 -0.008791 0.018088 0.963264 0.267801
1627999351.820541 85.980483 -268.706594 14.621696 -0.008214 0.020013 0.964589 0.262867
1627999351.920786 85.879502 -268.658503 14.618492 -0.008156 0.021606 0.966022 0.257427
1627999352.021360 85.784226 -268.594411 14.609827 -0.008354 0.020999 0.967621 0.251394
1627999352.121274 85.693651 -268.540800 14.609416 -0.008548 0.019664 0.969201 0.245336
1627999352.318040 85.509433 -268.492359 14.610820 -0.008202 0.020684 0.971721 0.235081
1627999352.421367 85.411424 -268.478855 14.606300 -0.007865 0.021573 0.973237 0.228653
1627999352.421999 85.408849 -268.479246 14.605757 -0.007846 0.021561 0.973232 0.228679
1627999352.522259 85.322717 -268.404450 14.603507 -0.007622 0.021239 0.975399 0.219288
1627999352.622490 85.196789 -268.327980 14.599164 -0.008255 0.020914 0.977014 0.211985
1627999352.722744 85.108310 -268.286364 14.593760 -0.007509 0.021388 0.978663 0.204216
1627999352.822974 85.022756 -268.205947 14.592652 -0.007245 0.022092 0.980261 0.196334
1627999352.923224 84.920372 -268.161310 14.586453 -0.007442 0.022055 0.982070 0.187075
1627999353.023490 84.824802 -268.121469 14.582134 -0.006518 0.021730 0.983981 0.176822
1627999353.123723 84.751541 -268.071187 14.581152 -0.005932 0.021903 0.985600 0.167566
1627999353.223955 84.649474 -268.041235 14.579971 -0.005763 0.021984 0.987064 0.158709
1627999353.324241 84.530958 -268.009649 14.575586 -0.005810 0.021594 0.988301 0.150868
1627999353.424451 84.412524 -267.981463 14.575137 -0.006084 0.021498 0.989516 0.142688
1627999353.524707 84.282144 -267.955132 14.574846 -0.006796 0.022057 0.990484 0.135678
1627999353.625155 84.174574 -267.930806 14.572994 -0.007471 0.022718 0.991067 0.131207
1627999353.725176 84.088429 -267.899958 14.566750 -0.007789 0.022074 0.991546 0.127626
1627999353.825408 83.994294 -267.870496 14.564659 -0.007491 0.020779 0.991944 0.124740
1627999353.925660 83.885719 -267.830398 14.564016 -0.007298 0.020535 0.992221 0.122570
1627999354.025894 83.785335 -267.815785 14.564804 -0.007375 0.021700 0.992304 0.121683
1627999354.126141 83.671332 -267.794490 14.562659 -0.007328 0.022035 0.992290 0.121745
1627999354.226385 83.555084 -267.782085 14.556975 -0.007287 0.021345 0.992146 0.123038
1627999354.326620 83.433515 -267.763095 14.556619 -0.007557 0.020130 0.991765 0.126255
1627999354.426854 83.297240 -267.759105 14.557948 -0.008234 0.019881 0.991024 0.131942
1627999354.527097 83.192282 -267.770206 14.557397 -0.008985 0.020710 0.990196 0.137846
1627999354.627386 83.092369 -267.742023 14.550513 -0.008784 0.020795 0.989271 0.144336
1627999354.727614 83.001057 -267.694253 14.547248 -0.008728 0.019939 0.988220 0.151484
1627999354.827846 82.906871 -267.635846 14.546927 -0.009509 0.019419 0.987205 0.157984
1627999354.928095 82.808695 -267.593594 14.545276 -0.009972 0.020301 0.986080 0.164729
1627999355.028321 82.704089 -267.558812 14.540355 -0.009985 0.021000 0.984828 0.171970
1627999355.128590 82.613930 -267.530164 14.535693 -0.010596 0.020649 0.983619 0.178759
1627999355.228792 82.520573 -267.523305 14.532199 -0.011448 0.019229 0.982547 0.184663
1627999355.329320 82.419932 -267.501971 14.536076 -0.012556 0.018670 0.981684 0.189186
1627999355.429286 82.308306 -267.482388 14.535844 -0.012578 0.019950 0.980882 0.193169
1627999355.530085 82.201189 -267.435330 14.528104 -0.011813 0.021004 0.980155 0.196762
1627999355.629773 82.118389 -267.398738 14.521179 -0.012472 0.021012 0.979418 0.200359
1627999355.730276 82.051971 -267.350803 14.517923 -0.012981 0.019660 0.978774 0.203585
1627999355.830246 81.978569 -267.300624 14.516253 -0.012743 0.018979 0.978048 0.207121
1627999355.930487 81.893754 -267.255183 14.514927 -0.011972 0.019614 0.977296 0.210628
1627999356.030725 81.808846 -267.219711 14.512281 -0.011454 0.020413 0.976637 0.213616
1627999356.130999 81.700366 -267.183353 14.504805 -0.011317 0.020291 0.975999 0.216530
1627999356.231201 81.602705 -267.161018 14.504403 -0.011111 0.019213 0.975464 0.219036
1627999356.331493 81.493451 -267.110421 14.502820 -0.010927 0.019109 0.974756 0.222186
1627999356.431680 81.383668 -267.066476 14.500574 -0.010477 0.019847 0.974182 0.224645
1627999356.531939 81.287295 -267.029074 14.497466 -0.010391 0.020121 0.973529 0.227437
1627999356.632159 81.207794 -266.985225 14.489807 -0.010255 0.019323 0.973119 0.229264
1627999356.732402 81.166667 -266.934882 14.488589 -0.010060 0.018269 0.973147 0.229237
1627999356.832645 81.116500 -266.888815 14.489552 -0.009999 0.018561 0.973550 0.227499
1627999356.932940 81.037084 -266.857855 14.488554 -0.009629 0.019891 0.974196 0.224618
1627999357.033233 80.943681 -266.826091 14.483991 -0.009630 0.020153 0.975081 0.220724
1627999357.133380 80.841339 -266.799469 14.477268 -0.009463 0.019220 0.976098 0.216273
1627999357.233629 80.738141 -266.758928 14.476093 -0.009633 0.018226 0.977343 0.210654
1627999357.333861 80.656328 -266.720151 14.477794 -0.009912 0.018795 0.978714 0.204127
1627999357.434090 80.572000 -266.670875 14.473920 -0.009252 0.019952 0.980085 0.197357
1627999357.534332 80.494442 -266.621707 14.468346 -0.009132 0.020259 0.981508 0.190126
1627999357.634564 80.413770 -266.574867 14.463843 -0.010029 0.019468 0.983049 0.182032
1627999357.734846 80.318827 -266.538075 14.463649 -0.010628 0.018737 0.984581 0.173599
1627999357.835066 80.195591 -266.504013 14.463311 -0.010261 0.018982 0.985822 0.166401
1627999357.935339 80.084012 -266.470503 14.459966 -0.009924 0.019863 0.987048 0.158880
1627999358.035522 79.991129 -266.443818 14.454540 -0.009791 0.020182 0.988160 0.151779
1627999358.135818 79.892140 -266.421216 14.450129 -0.009606 0.019518 0.989324 0.144097
1627999358.235997 79.792114 -266.384840 14.451204 -0.009917 0.019320 0.990397 0.136539
1627999358.336239 79.676356 -266.364354 14.448294 -0.009641 0.019940 0.991343 0.129413
1627999358.436477 79.563222 -266.337465 14.444211 -0.009381 0.020599 0.992269 0.122022
1627999358.536766 79.458442 -266.314763 14.439013 -0.009930 0.020592 0.993040 0.115537
1627999358.636966 79.356532 -266.283002 14.436782 -0.010474 0.020360 0.993702 0.109687
1627999358.737223 79.238739 -266.252647 14.437783 -0.010839 0.020874 0.994232 0.104639
1627999358.837494 79.105681 -266.218579 14.435243 -0.011352 0.021353 0.994370 0.103170
1627999358.937667 78.969334 -266.194428 14.429514 -0.011276 0.021401 0.994190 0.104887
1627999359.037911 78.838929 -266.172750 14.424611 -0.011583 0.020758 0.993896 0.107733
1627999359.138146 78.709810 -266.146683 14.425697 -0.012780 0.020919 0.993469 0.111442
1627999359.238401 78.596713 -266.109896 14.420420 -0.013011 0.021559 0.992879 0.116435
1627999359.338744 78.505672 -266.079991 14.414829 -0.013079 0.021451 0.992230 0.121852
1627999359.439998 78.409919 -266.073674 14.414084 -0.013853 0.020737 0.991494 0.127742
1627999359.539101 78.315686 -266.045949 14.412675 -0.013971 0.020921 0.990830 0.132752
1627999359.639337 78.201996 -266.018375 14.409641 -0.013390 0.021455 0.990009 0.138715
1627999359.739587 78.093432 -265.985135 14.405106 -0.013101 0.021672 0.989138 0.144791
1627999359.839890 77.973280 -265.960163 14.398235 -0.012706 0.021207 0.988260 0.150767
1627999359.940066 77.864352 -265.938794 14.394336 -0.012192 0.020008 0.987451 0.156175
1627999360.040455 77.769927 -265.896108 14.393206 -0.012285 0.020040 0.986460 0.162309
1627999360.140593 77.667415 -265.858874 14.390997 -0.012290 0.020504 0.985514 0.167902
1627999360.240803 77.583533 -265.836355 14.387286 -0.012209 0.020632 0.984535 0.173540
1627999360.341052 77.493138 -265.806797 14.382413 -0.012244 0.019744 0.983566 0.179048
1627999360.441397 77.402193 -265.774386 14.380812 -0.012827 0.019148 0.982451 0.185090
1627999360.541481 77.320578 -265.726758 14.379224 -0.012835 0.019245 0.981298 0.191101
1627999360.641731 77.232229 -265.687307 14.376406 -0.012721 0.019916 0.980434 0.195424
1627999360.741959 77.138333 -265.653674 14.371788 -0.012599 0.020006 0.979603 0.199548
1627999360.842185 77.036651 -265.612552 14.364053 -0.012553 0.019096 0.978940 0.202864
1627999360.942461 76.926417 -265.592831 14.361848 -0.013051 0.018289 0.978478 0.205122
1627999361.042685 76.842750 -265.572199 14.365902 -0.012406 0.018554 0.978431 0.205364
1627999361.142931 76.766104 -265.529410 14.362463 -0.011203 0.019870 0.978462 0.205162
1627999361.243148 76.683632 -265.480960 14.355135 -0.010756 0.020343 0.978802 0.203510
1627999361.343416 76.575584 -265.435897 14.350725 -0.010909 0.019794 0.979430 0.200515
1627999361.443615 76.467579 -265.392025 14.348340 -0.011149 0.019474 0.979837 0.198537
1627999361.543870 76.375970 -265.356535 14.346515 -0.010999 0.019865 0.980369 0.195862
1627999361.644089 76.262991 -265.323549 14.344151 -0.011157 0.020668 0.980965 0.192759
1627999361.744344 76.143916 -265.283394 14.338496 -0.011352 0.021033 0.981562 0.189646
1627999361.844904 76.041954 -265.244311 14.336572 -0.011443 0.020990 0.982238 0.186112
1627999361.944813 75.941137 -265.210552 14.331438 -0.010804 0.021409 0.983064 0.181689
1627999362.045364 75.820965 -265.174486 14.328678 -0.010631 0.021662 0.984237 0.175202
1627999362.145265 75.709149 -265.135209 14.325589 -0.010744 0.021729 0.985894 0.165608
1627999362.245552 75.577975 -265.081499 14.321734 -0.010740 0.022213 0.987456 0.155956
1627999362.345733 75.443826 -265.036274 14.316002 -0.011167 0.023127 0.988876 0.146509
1627999362.446764 75.342994 -264.995999 14.312825 -0.011022 0.023331 0.990249 0.136901
1627999362.546202 75.238195 -264.959856 14.306218 -0.010852 0.022702 0.991063 0.130999
1627999362.646574 75.110739 -264.928429 14.303411 -0.010825 0.021937 0.991422 0.128393
1627999362.746701 74.966795 -264.888385 14.302566 -0.010121 0.021502 0.991585 0.127256
1627999362.846913 74.807311 -264.844342 14.294851 -0.009868 0.020947 0.991726 0.126267
1627999362.947171 74.666999 -264.805897 14.292690 -0.010479 0.021168 0.991780 0.125757
1627999363.047396 74.517974 -264.764843 14.290759 -0.010028 0.021307 0.991736 0.126116
1627999363.147643 74.393783 -264.730846 14.286536 -0.008643 0.020869 0.991646 0.126997
1627999363.247881 74.264552 -264.698443 14.280733 -0.008089 0.020140 0.991661 0.127033
1627999363.348155 74.132652 -264.673243 14.280254 -0.007665 0.020020 0.991634 0.127285
1627999363.448348 73.996694 -264.641643 14.281349 -0.005940 0.020574 0.991651 0.127156
1627999363.548563 73.861197 -264.601260 14.270458 -0.006055 0.020281 0.991673 0.127030
1627999363.648799 73.729621 -264.553373 14.269644 -0.007131 0.019873 0.991745 0.126479
1627999363.749051 73.598186 -264.526844 14.270222 -0.005794 0.019966 0.991834 0.125831
1627999363.849274 73.466053 -264.512117 14.264025 -0.005692 0.020809 0.991821 0.125804
1627999363.949500 73.328898 -264.487044 14.263397 -0.006294 0.020100 0.991844 0.125709
1627999364.049742 73.183493 -264.451838 14.261005 -0.005737 0.019136 0.991882 0.125582
1627999364.149986 73.032977 -264.427897 14.262234 -0.005839 0.019402 0.991905 0.125353
1627999364.250202 72.884247 -264.379863 14.261440 -0.005197 0.019759 0.991985 0.124691
1627999364.350501 72.778164 -264.352056 14.255595 -0.004129 0.019481 0.991933 0.125188
1627999364.450695 72.661856 -264.318871 14.253159 -0.004505 0.019061 0.991931 0.125253
1627999364.550916 72.525422 -264.299014 14.254373 -0.003949 0.018472 0.991874 0.125810
1627999364.651138 72.393531 -264.272397 14.249552 -0.003997 0.018119 0.991751 0.126829
1627999364.751372 72.266231 -264.251655 14.248715 -0.004345 0.018157 0.991555 0.128339
1627999364.851621 72.145888 -264.198458 14.248292 -0.003940 0.018662 0.991239 0.130696
1627999364.951860 72.026802 -264.147982 14.244505 -0.003162 0.018398 0.990813 0.133943
1627999365.052084 71.885053 -264.112381 14.238407 -0.003176 0.017372 0.990325 0.137639
1627999365.152338 71.753780 -264.059015 14.239965 -0.003270 0.017082 0.989544 0.143177
1627999365.252675 71.610157 -264.025880 14.239566 -0.002897 0.017219 0.988628 0.149362
1627999365.352800 71.479095 -263.995258 14.232399 -0.002952 0.016850 0.987652 0.155728
1627999365.453013 71.362249 -263.964230 14.233644 -0.003693 0.016470 0.986592 0.162330
1627999365.553246 71.254572 -263.919313 14.232194 -0.003964 0.016820 0.985378 0.169501
1627999365.653574 71.136228 -263.876297 14.231161 -0.004225 0.016896 0.984083 0.176856
1627999365.753711 71.020070 -263.828492 14.224049 -0.004780 0.016241 0.982697 0.184444
1627999365.854025 70.904662 -263.785114 14.216316 -0.006233 0.015422 0.981151 0.192527
1627999365.954248 70.777363 -263.731452 14.222425 -0.006971 0.015306 0.979549 0.200500
1627999366.054442 70.651656 -263.696657 14.221272 -0.006966 0.015508 0.977779 0.208948
1627999366.154905 70.527358 -263.669698 14.214595 -0.008374 0.015272 0.976187 0.216230
1627999366.254891 70.395513 -263.618088 14.219546 -0.008485 0.014874 0.974856 0.222177
1627999366.355171 70.284341 -263.587109 14.213622 -0.008093 0.014886 0.973846 0.226578
1627999366.455358 70.174298 -263.544114 14.212887 -0.008505 0.015390 0.972943 0.230374
1627999366.555592 70.051765 -263.483843 14.212881 -0.008150 0.014939 0.972313 0.233062
1627999366.655814 69.924008 -263.429772 14.205385 -0.007364 0.015301 0.971877 0.234876
1627999366.756143 69.793210 -263.365047 14.201047 -0.008009 0.015894 0.971419 0.236703
1627999366.856301 69.664861 -263.295531 14.198011 -0.008469 0.015615 0.971093 0.238038
1627999366.956513 69.535150 -263.233175 14.191509 -0.008791 0.015160 0.970653 0.239845
1627999367.056759 69.405938 -263.163067 14.189631 -0.008999 0.015502 0.970400 0.240837
1627999367.156984 69.290289 -263.101095 14.190736 -0.008348 0.015469 0.970077 0.242160
1627999367.257207 69.185897 -263.047112 14.187623 -0.007929 0.015058 0.969636 0.243960
1627999367.357919 69.077951 -263.004954 14.189581 -0.007496 0.014985 0.969276 0.245403
1627999367.457675 68.985802 -262.948762 14.185956 -0.006411 0.015444 0.968818 0.247209
1627999367.557963 68.877482 -262.887638 14.178514 -0.006550 0.015353 0.968549 0.248261
1627999367.658153 68.744371 -262.825359 14.174645 -0.006252 0.014984 0.968273 0.249366
1627999367.758410 68.610969 -262.774142 14.173454 -0.005745 0.015659 0.967960 0.250551
1627999367.858628 68.493086 -262.721939 14.167048 -0.006366 0.016154 0.967582 0.251961
1627999367.958835 68.380813 -262.658733 14.168227 -0.006539 0.015821 0.967263 0.253198
1627999368.059111 68.264686 -262.595575 14.165145 -0.006243 0.015431 0.967011 0.254191
1627999368.159305 68.150284 -262.517383 14.156873 -0.006592 0.015798 0.966903 0.254571
1627999368.259665 68.025131 -262.442013 14.154422 -0.007071 0.016218 0.966646 0.255504
1627999368.362574 67.886962 -262.374763 14.150507 -0.007783 0.016017 0.967057 0.253938
1627999368.460156 67.752099 -262.328685 14.147882 -0.008074 0.017162 0.967881 0.250693
1627999368.560313 67.642038 -262.290715 14.146588 -0.008266 0.018885 0.968908 0.246560
1627999368.660459 67.536188 -262.244263 14.142195 -0.008629 0.019377 0.970102 0.241770
1627999368.760691 67.429413 -262.185207 14.135895 -0.008808 0.018751 0.971332 0.236823
1627999368.861452 67.307178 -262.130130 14.137806 -0.009141 0.019453 0.972923 0.230129
1627999368.961162 67.180612 -262.073287 14.135270 -0.009259 0.021538 0.974409 0.223554
1627999369.061382 67.063892 -261.999081 14.128449 -0.009738 0.023247 0.975922 0.216660
1627999369.161643 66.955476 -261.938154 14.126847 -0.009986 0.023479 0.977478 0.209490
1627999369.261837 66.849630 -261.881118 14.121805 -0.009430 0.023645 0.978942 0.202545
1627999369.362095 66.741960 -261.843711 14.116971 -0.009505 0.024566 0.980422 0.195139
1627999369.462298 66.615122 -261.802953 14.113618 -0.009671 0.026169 0.981697 0.188397
1627999369.562542 66.462639 -261.743810 14.108094 -0.009320 0.026460 0.983094 0.180942
1627999369.662774 66.318830 -261.692835 14.106038 -0.008844 0.027585 0.984277 0.174242
1627999369.763003 66.193234 -261.638980 14.104105 -0.008270 0.028891 0.985488 0.167066
1627999369.863225 66.060073 -261.587318 14.098963 -0.007633 0.029732 0.986599 0.160248
1627999369.963497 65.923159 -261.541280 14.101590 -0.006255 0.030279 0.987675 0.153432
1627999370.063724 65.803715 -261.495524 14.095362 -0.004713 0.029779 0.988707 0.146797
1627999370.164278 65.692265 -261.458189 14.092863 -0.003715 0.029885 0.989745 0.139634
1627999370.264151 65.558002 -261.401420 14.090736 -0.002025 0.030731 0.990447 0.134414
1627999370.364460 65.436783 -261.350799 14.083619 -0.000335 0.031126 0.990879 0.131113
1627999370.464618 65.308907 -261.303714 14.079322 -0.000284 0.030188 0.991067 0.129901
1627999370.568183 65.170633 -261.247874 14.074017 -0.000285 0.029744 0.990951 0.130884
1627999370.665066 65.023647 -261.211180 14.070182 -0.000705 0.030047 0.990748 0.132346
1627999370.765392 64.878430 -261.180837 14.074161 -0.001449 0.029780 0.990436 0.134715
1627999370.865560 64.745530 -261.148175 14.075125 -0.001131 0.029411 0.990079 0.137395
1627999370.965777 64.632137 -261.108518 14.075717 -0.000986 0.029991 0.989521 0.141238
1627999371.065989 64.516199 -261.044505 14.066886 -0.001178 0.029501 0.988609 0.147584
1627999371.166429 64.391987 -260.996304 14.061427 -0.002162 0.027681 0.987507 0.155107
1627999371.266472 64.264820 -260.939210 14.058786 -0.003606 0.027385 0.986026 0.164289
1627999371.366690 64.124205 -260.874416 14.056689 -0.004950 0.028350 0.983986 0.175905
1627999371.466919 64.016182 -260.811102 14.061424 -0.005300 0.028298 0.981760 0.187930
1627999371.568258 63.894704 -260.781638 14.059247 -0.004320 0.026459 0.979314 0.200565
1627999371.667374 63.773085 -260.733881 14.052311 -0.004413 0.025600 0.976581 0.213574
1627999371.767597 63.637260 -260.683862 14.050437 -0.004490 0.025455 0.973619 0.226713
1627999371.867872 63.517938 -260.638900 14.052669 -0.004014 0.025631 0.970467 0.239833
1627999371.968079 63.399867 -260.588511 14.044908 -0.003934 0.025235 0.967190 0.252768
1627999372.068294 63.293370 -260.519611 14.041719 -0.004266 0.024724 0.963598 0.266176
1627999372.168559 63.200216 -260.445131 14.037958 -0.004915 0.024771 0.959903 0.279191
1627999372.268744 63.106991 -260.372625 14.036134 -0.005614 0.024984 0.956093 0.291944
1627999372.368976 63.012234 -260.303864 14.033952 -0.006297 0.025090 0.951995 0.305020
1627999372.469214 62.896050 -260.219851 14.025761 -0.006728 0.025674 0.947744 0.317925
1627999372.569426 62.773785 -260.142656 14.019961 -0.007433 0.025786 0.943380 0.330626
1627999372.669688 62.662654 -260.069032 14.023807 -0.007502 0.025512 0.938773 0.343507
1627999372.771132 62.555489 -260.017976 14.018217 -0.007004 0.025172 0.934730 0.354398
1627999372.870116 62.442505 -259.952512 14.013752 -0.007205 0.026351 0.931387 0.363004
1627999372.970375 62.337999 -259.876737 14.018121 -0.006253 0.026422 0.928561 0.370185
1627999373.070612 62.233577 -259.805238 14.013842 -0.004456 0.025768 0.926473 0.375451
1627999373.172290 62.141532 -259.719596 14.000947 -0.004530 0.025850 0.924621 0.379984
1627999373.271055 62.062184 -259.617962 13.998574 -0.004738 0.026277 0.923200 0.383391
1627999373.371273 61.957141 -259.524584 13.995868 -0.004093 0.026778 0.921717 0.386916
1627999373.471507 61.867596 -259.422985 13.988649 -0.004080 0.026345 0.920991 0.388670
1627999373.572203 61.781197 -259.342676 13.989823 -0.004024 0.026027 0.920806 0.389130
1627999373.671954 61.689841 -259.270061 13.984915 -0.003931 0.026396 0.920863 0.388973
1627999373.772185 61.589621 -259.172123 13.980232 -0.003461 0.026503 0.920884 0.388918
1627999373.872405 61.477620 -259.080950 13.980117 -0.002581 0.025883 0.921272 0.388048
1627999373.974516 61.369855 -258.981065 13.968099 -0.002776 0.025830 0.921793 0.386810
1627999374.072869 61.275190 -258.896955 13.965045 -0.004095 0.025990 0.922367 0.385418
1627999374.173102 61.203334 -258.809194 13.967055 -0.004264 0.025985 0.923107 0.383642
1627999374.273334 61.110429 -258.726556 13.956975 -0.004451 0.027084 0.923949 0.381530
1627999374.373562 61.018709 -258.615150 13.950089 -0.006021 0.028486 0.924374 0.380376
1627999374.473763 60.929821 -258.513796 13.959781 -0.006345 0.027556 0.925240 0.378328
1627999374.576545 60.827957 -258.408762 13.956440 -0.005445 0.025383 0.925942 0.376773
1627999374.674249 60.721411 -258.327029 13.940152 -0.005719 0.024694 0.926369 0.375763
1627999374.774451 60.630226 -258.241633 13.939049 -0.006623 0.026015 0.926734 0.374758
1627999374.874688 60.534325 -258.159516 13.939818 -0.005588 0.026767 0.926991 0.374086
1627999374.977693 60.431825 -258.063996 13.930474 -0.005331 0.026520 0.927002 0.374081
1627999375.075169 60.320193 -257.960620 13.924835 -0.007552 0.025338 0.927114 0.373845
1627999375.175412 60.237867 -257.880548 13.929034 -0.007769 0.024016 0.927177 0.373773
1627999375.275610 60.145544 -257.789401 13.920719 -0.006832 0.024420 0.926646 0.375079
1627999375.375826 60.052490 -257.689588 13.911651 -0.006667 0.026005 0.925982 0.376612
1627999375.476307 59.964161 -257.587528 13.914865 -0.006387 0.025248 0.924990 0.379098
1627999375.576386 59.870976 -257.500308 13.914699 -0.005246 0.023294 0.923758 0.382233
1627999375.676512 59.776251 -257.408141 13.907079 -0.003875 0.021485 0.921783 0.387092
1627999375.776783 59.688499 -257.329733 13.898395 -0.003587 0.021547 0.919431 0.392645
1627999375.876957 59.597818 -257.231346 13.898204 -0.003947 0.021722 0.916483 0.399463
1627999375.977184 59.511222 -257.142598 13.899718 -0.003271 0.020862 0.912834 0.407785
1627999376.077407 59.417181 -257.050695 13.894852 -0.002645 0.019351 0.909001 0.416336
1627999376.178429 59.338150 -256.941893 13.883265 -0.003614 0.019013 0.905156 0.424640
1627999376.277863 59.259828 -256.832270 13.883310 -0.004513 0.018849 0.900854 0.433690
1627999376.380826 59.160078 -256.724650 13.880349 -0.004364 0.018621 0.896549 0.442532
1627999376.478319 59.079437 -256.643199 13.872125 -0.005614 0.019006 0.892811 0.449995
1627999376.578563 58.985169 -256.544483 13.870014 -0.007414 0.019880 0.889822 0.455814
1627999376.678772 58.906566 -256.455334 13.875027 -0.007097 0.020129 0.887343 0.460616
1627999376.779021 58.844910 -256.370091 13.873156 -0.005107 0.019018 0.885002 0.465171
1627999376.879272 58.782435 -256.291879 13.868439 -0.004155 0.018444 0.882838 0.469297
1627999376.979455 58.710106 -256.199881 13.862421 -0.004157 0.017958 0.880771 0.473184
1627999377.079843 58.635043 -256.095872 13.863769 -0.003178 0.017067 0.878831 0.476817
1627999377.181765 58.570806 -255.989160 13.860355 -0.000936 0.015539 0.876277 0.481556
1627999377.280132 58.504060 -255.892687 13.860191 0.000266 0.014972 0.873593 0.486427
1627999377.380557 58.436803 -255.797367 13.860164 0.002053 0.014174 0.870953 0.491158
1627999377.480600 58.392605 -255.719816 13.860281 0.004400 0.012432 0.868207 0.496027
1627999377.580801 58.341873 -255.641568 13.854882 0.005644 0.010892 0.865468 0.500814
1627999377.681024 58.288257 -255.558076 13.851737 0.006403 0.010039 0.862898 0.505238
1627999377.781340 58.248767 -255.460154 13.845976 0.006064 0.010522 0.860395 0.509483
1627999377.881505 58.194917 -255.360895 13.846386 0.004686 0.012048 0.857470 0.514372
1627999377.981718 58.132758 -255.264659 13.852310 0.004433 0.011825 0.854805 0.518796
1627999378.081946 58.089971 -255.180995 13.850403 0.004189 0.010518 0.852108 0.523243
1627999378.182168 58.055487 -255.094769 13.842985 0.002945 0.011303 0.849845 0.526904
1627999378.282421 58.012397 -254.999649 13.844199 0.003145 0.012869 0.847473 0.530673
1627999378.382602 57.961344 -254.898716 13.846178 0.004075 0.013294 0.845639 0.533574
1627999378.482849 57.910680 -254.795499 13.850396 0.004715 0.012619 0.845364 0.534020
1627999378.583070 57.859121 -254.693383 13.849749 0.005585 0.010621 0.846623 0.532058
1627999378.683311 57.792323 -254.591445 13.842962 0.006284 0.009769 0.848881 0.528456
1627999378.783539 57.721564 -254.504200 13.839338 0.007075 0.010340 0.851938 0.523493
1627999378.883750 57.649555 -254.429797 13.843181 0.008357 0.011066 0.855149 0.518197
1627999378.984000 57.622339 -254.340529 13.848279 0.009779 0.010039 0.859047 0.511704
1627999379.084181 57.592478 -254.262270 13.841006 0.009570 0.009393 0.861341 0.507851
1627999379.184444 57.562339 -254.179986 13.840226 0.008587 0.010234 0.862236 0.506331
1627999379.284633 57.532890 -254.099356 13.843559 0.008832 0.010723 0.861927 0.506842
1627999379.384852 57.494408 -254.006423 13.843804 0.009256 0.010303 0.860913 0.508563
1627999379.485159 57.454017 -253.905197 13.842260 0.008006 0.009538 0.859271 0.511368
1627999379.585309 57.404870 -253.826504 13.844359 0.006968 0.009216 0.857672 0.514067
1627999379.685543 57.355167 -253.741927 13.842298 0.007646 0.009184 0.855788 0.517189
1627999379.785762 57.313431 -253.630558 13.836667 0.007927 0.010174 0.853569 0.520820
1627999379.885975 57.254818 -253.535711 13.843362 0.007708 0.010910 0.850928 0.525113
1627999379.987068 57.203516 -253.446004 13.846064 0.007897 0.009147 0.848234 0.529484
1627999380.086444 57.168210 -253.363613 13.841035 0.007012 0.008072 0.845507 0.533857
1627999380.186703 57.115746 -253.269696 13.838254 0.005888 0.008531 0.843193 0.537512
1627999380.286903 57.065370 -253.168431 13.840509 0.006639 0.008644 0.840214 0.542145
1627999380.387123 57.038317 -253.071848 13.840405 0.006805 0.008049 0.837578 0.546216
1627999380.487324 56.996493 -252.971372 13.837079 0.005593 0.008466 0.834746 0.550542
1627999380.587564 56.932231 -252.878581 13.838698 0.004865 0.009060 0.832087 0.554549
1627999380.687780 56.884315 -252.781095 13.836186 0.004183 0.009420 0.829507 0.558401
1627999380.788025 56.818320 -252.676006 13.835784 0.003194 0.010105 0.826934 0.562199
1627999380.888275 56.756669 -252.596685 13.838226 0.003072 0.009532 0.824119 0.566328
1627999380.988446 56.711008 -252.498895 13.834366 0.002874 0.009642 0.821570 0.570018
1627999381.088665 56.673323 -252.397699 13.833260 0.002683 0.009900 0.819192 0.573428
1627999381.188895 56.650618 -252.273865 13.835743 0.003125 0.009812 0.816116 0.577797
1627999381.289143 56.626502 -252.171554 13.838241 0.003679 0.008845 0.813768 0.581111
1627999381.389361 56.585623 -252.076809 13.832131 0.002884 0.008824 0.811357 0.584478
1627999381.489584 56.531975 -251.981248 13.823085 -0.000271 0.009745 0.808455 0.588477
1627999381.589797 56.494733 -251.857721 13.817883 -0.003154 0.012523 0.806271 0.591405
1627999381.690027 56.459181 -251.737631 13.819049 -0.002859 0.014412 0.803611 0.594973
1627999381.790248 56.426103 -251.625825 13.817088 -0.002508 0.014324 0.800829 0.598716
1627999381.890489 56.401445 -251.512151 13.800096 -0.007118 0.016438 0.798492 0.601739
1627999381.990733 56.370193 -251.402893 13.799269 -0.010058 0.021727 0.796112 0.604675
1627999382.090920 56.343667 -251.303643 13.811626 -0.005659 0.021703 0.794373 0.607017
1627999382.191134 56.319790 -251.181353 13.795744 -0.002375 0.019708 0.793472 0.608283
1627999382.291351 56.278176 -251.076200 13.784047 -0.000961 0.020190 0.792164 0.609974
1627999382.391603 56.246895 -250.968106 13.798024 0.002393 0.020526 0.791093 0.611346
1627999382.491819 56.208262 -250.859834 13.797952 0.003681 0.016562 0.790510 0.612214
1627999382.592043 56.171603 -250.744601 13.779605 -0.000517 0.016444 0.790477 0.612271
1627999382.692262 56.130652 -250.621764 13.775858 -0.002469 0.019383 0.790179 0.612564
1627999382.792478 56.106382 -250.500173 13.784474 0.000379 0.019218 0.789433 0.613535
1627999382.892719 56.087134 -250.393347 13.790096 0.000043 0.016969 0.788629 0.614635
1627999382.992939 56.062427 -250.286920 13.780264 -0.001720 0.015862 0.788225 0.615180
1627999383.093146 56.043300 -250.185546 13.774238 -0.001100 0.015217 0.787820 0.615717
1627999383.193374 56.025760 -250.085023 13.770748 -0.001126 0.015223 0.787470 0.616164
1627999383.293592 55.998414 -249.976159 13.765394 -0.002582 0.016640 0.787129 0.616559
1627999383.393860 55.954331 -249.860309 13.762763 -0.002125 0.017287 0.786910 0.616822
1627999383.494054 55.916406 -249.759196 13.762500 -0.001475 0.015748 0.786517 0.617365
1627999383.594310 55.898457 -249.658804 13.757288 -0.002115 0.015629 0.785652 0.618468
1627999383.694494 55.874056 -249.553406 13.754091 -0.002314 0.017422 0.785240 0.618943
1627999383.794716 55.846166 -249.440442 13.751512 -0.002039 0.017981 0.784208 0.620235
1627999383.894932 55.822497 -249.327909 13.751901 -0.001001 0.017032 0.783584 0.621051
1627999383.995188 55.797641 -249.232114 13.747693 -0.000473 0.016077 0.782830 0.622028
1627999384.095376 55.765214 -249.143931 13.744841 -0.000392 0.016487 0.781583 0.623583
1627999384.195608 55.733526 -249.029825 13.740157 -0.000251 0.017086 0.780403 0.625043
1627999384.295825 55.714669 -248.930350 13.740708 0.000397 0.016578 0.779736 0.625889
1627999384.396052 55.709177 -248.827678 13.739355 -0.000131 0.015176 0.779264 0.626513
1627999384.496285 55.695053 -248.725408 13.731189 -0.000827 0.016108 0.778783 0.627086
1627999384.596470 55.682414 -248.610264 13.728957 -0.000909 0.017371 0.778329 0.627616
1627999384.696711 55.659763 -248.499030 13.728097 -0.000899 0.017832 0.777829 0.628223
1627999384.797000 55.619861 -248.385562 13.725614 -0.000595 0.016736 0.777442 0.628732
1627999384.897158 55.586856 -248.286337 13.720977 -0.000412 0.016008 0.777049 0.629237
1627999384.997452 55.573390 -248.189979 13.718546 -0.000731 0.016062 0.776516 0.629892
1627999385.097581 55.554018 -248.091902 13.713515 -0.000768 0.017408 0.775841 0.630687
1627999385.197805 55.535602 -247.990172 13.711312 -0.000170 0.017356 0.775456 0.631163
1627999385.298040 55.502492 -247.885960 13.712430 -0.000838 0.016513 0.774973 0.631778
1627999385.398256 55.476315 -247.763244 13.706699 -0.001851 0.017415 0.774714 0.632069
1627999385.498498 55.469233 -247.656086 13.698692 -0.001273 0.019503 0.774267 0.632557
1627999385.598691 55.447526 -247.556446 13.696038 -0.000018 0.019906 0.774036 0.632829
1627999385.698913 55.433604 -247.436524 13.698763 -0.000218 0.019636 0.773908 0.632994
1627999385.799132 55.418268 -247.353531 13.695221 -0.001084 0.019037 0.773609 0.633377
1627999385.899455 55.388378 -247.250335 13.691924 -0.001288 0.018815 0.772971 0.634161
1627999385.999577 55.368569 -247.147065 13.687221 -0.000838 0.019426 0.772775 0.634383
1627999386.099912 55.329368 -247.037518 13.682866 -0.000290 0.019731 0.772634 0.634545
1627999386.200047 55.306875 -246.939958 13.682909 -0.000309 0.018895 0.772415 0.634837
1627999386.301411 55.282130 -246.838927 13.679114 -0.000864 0.018254 0.772299 0.634997
1627999386.400476 55.267312 -246.722260 13.673291 -0.001138 0.018311 0.772001 0.635357
1627999386.500710 55.257131 -246.595470 13.668764 -0.000714 0.018541 0.771826 0.635562
1627999386.600949 55.232707 -246.475026 13.666945 -0.000288 0.017909 0.771579 0.635881
1627999386.701137 55.207321 -246.363509 13.666561 -0.001349 0.017198 0.771344 0.636184
1627999386.801374 55.179645 -246.255136 13.662305 -0.001766 0.017866 0.770868 0.636742
1627999386.901583 55.160195 -246.147847 13.656497 -0.001352 0.018591 0.770647 0.636990
1627999387.001841 55.138348 -246.044129 13.654250 -0.000857 0.018486 0.770431 0.637254
1627999387.102030 55.117199 -245.931642 13.653120 -0.001799 0.018399 0.770228 0.637501
1627999387.202239 55.093665 -245.820065 13.647551 -0.002551 0.018480 0.770034 0.637730
1627999387.303202 55.068021 -245.703095 13.643986 -0.002182 0.018669 0.769549 0.638311
1627999387.402691 55.054117 -245.592958 13.638351 -0.001532 0.018865 0.769173 0.638760
1627999387.504279 55.047149 -245.484795 13.639418 -0.001571 0.018828 0.768516 0.639552
1627999387.603117 55.024088 -245.369383 13.634565 -0.002260 0.018964 0.767633 0.640605
1627999387.703364 55.007604 -245.261312 13.627124 -0.002381 0.019557 0.767013 0.641329
1627999387.803550 54.997403 -245.161618 13.625341 -0.002583 0.019318 0.766022 0.642519
1627999387.903782 54.973177 -245.064680 13.627262 -0.003126 0.019366 0.764350 0.644503
1627999388.004003 54.939674 -244.957923 13.619468 -0.004299 0.019875 0.762208 0.647013
1627999388.106008 54.914074 -244.848616 13.613670 -0.004072 0.020360 0.759929 0.649674
1627999388.204448 54.900191 -244.726776 13.609911 -0.003796 0.020222 0.757513 0.652495
1627999388.304658 54.872903 -244.606607 13.606480 -0.004118 0.019740 0.755055 0.655351
1627999388.404918 54.862710 -244.485529 13.600918 -0.004865 0.018745 0.752647 0.658140
1627999388.505097 54.853378 -244.378723 13.594963 -0.004860 0.018134 0.750002 0.661169
1627999388.605363 54.843278 -244.256151 13.591589 -0.004142 0.018751 0.747183 0.664341
1627999388.705533 54.833633 -244.128412 13.586215 -0.003798 0.019023 0.743961 0.667941
1627999388.805786 54.804994 -244.011039 13.582602 -0.004355 0.018498 0.740722 0.671543
1627999388.906321 54.774795 -243.870850 13.579985 -0.005010 0.017447 0.737426 0.675184
1627999389.006188 54.753815 -243.744322 13.571022 -0.004625 0.017700 0.734138 0.678753
1627999389.106604 54.750573 -243.625554 13.566017 -0.003829 0.018279 0.730483 0.682676
1627999389.206658 54.737884 -243.497811 13.565863 -0.004398 0.017542 0.727174 0.686215
1627999389.306856 54.719012 -243.338520 13.561314 -0.005606 0.017575 0.724311 0.689227
1627999389.407072 54.707769 -243.187755 13.549399 -0.005325 0.017273 0.722293 0.691351
1627999389.507294 54.695825 -243.071562 13.549156 -0.004649 0.017124 0.720244 0.693494
1627999389.607554 54.694710 -242.954712 13.546967 -0.005125 0.017065 0.718285 0.695520
1627999389.707733 54.699075 -242.821820 13.537752 -0.005029 0.016905 0.717104 0.696743
1627999389.808008 54.700727 -242.691616 13.534035 -0.004379 0.017029 0.717292 0.696550
1627999389.908584 54.698132 -242.532590 13.531203 -0.004891 0.016877 0.717936 0.695887
1627999390.008396 54.699112 -242.412564 13.524035 -0.004797 0.016360 0.719619 0.694160
1627999390.108611 54.708527 -242.280277 13.517909 -0.003868 0.016621 0.722466 0.691196
1627999390.208854 54.704491 -242.146122 13.515463 -0.003227 0.018017 0.725572 0.687903
1627999390.309046 54.692710 -241.995732 13.511964 -0.003214 0.019189 0.728424 0.684851
1627999390.409317 54.662152 -241.843194 13.504989 -0.003915 0.019334 0.732103 0.680909
1627999390.509518 54.652496 -241.696031 13.498501 -0.003716 0.019121 0.735624 0.677110
1627999390.609739 54.652994 -241.555963 13.495894 -0.003629 0.018708 0.739114 0.673311
1627999390.709953 54.644813 -241.420782 13.490747 -0.003117 0.019374 0.742446 0.669618
1627999390.810174 54.637218 -241.313992 13.480553 -0.002290 0.019938 0.745815 0.665851
1627999390.910461 54.624626 -241.195503 13.478518 -0.000828 0.019006 0.748926 0.662381
1627999391.010616 54.606011 -241.067818 13.486823 -0.001529 0.017866 0.751799 0.659148
1627999391.110816 54.590924 -240.934945 13.472986 -0.002748 0.017937 0.754804 0.655699
1627999391.211046 54.567200 -240.793327 13.463877 -0.000881 0.017055 0.757880 0.652171
1627999391.311266 54.557765 -240.672449 13.471472 -0.000282 0.016856 0.760755 0.648820
1627999391.411493 54.542658 -240.553628 13.464671 -0.001304 0.017443 0.763479 0.645595
1627999391.516280 54.529962 -240.432454 13.456360 -0.000947 0.017441 0.766377 0.642154
1627999391.611978 54.512262 -240.288758 13.459480 -0.001466 0.017084 0.768969 0.639056
1627999391.712368 54.478227 -240.155376 13.453724 -0.002778 0.017296 0.771261 0.636278
1627999391.812331 54.430775 -240.023419 13.446365 -0.003104 0.017495 0.773786 0.633198
1627999391.912552 54.400855 -239.891623 13.439066 -0.002796 0.017831 0.776403 0.629978
1627999392.012820 54.388885 -239.766868 13.437425 -0.001798 0.017904 0.779167 0.626559
1627999392.113004 54.368188 -239.646646 13.440373 -0.001563 0.017771 0.780931 0.624363
1627999392.213206 54.333620 -239.518982 13.437899 -0.002946 0.017887 0.782509 0.622375
1627999392.313506 54.300847 -239.393743 13.427181 -0.003467 0.017402 0.784074 0.620413
1627999392.413779 54.266406 -239.275239 13.426949 -0.002977 0.017997 0.785372 0.618756
1627999392.515104 54.222380 -239.156738 13.429799 -0.004013 0.020285 0.785985 0.617899
1627999392.614107 54.191557 -239.045262 13.417142 -0.004920 0.021481 0.786813 0.616798
1627999392.714314 54.161868 -238.906546 13.404353 -0.004231 0.019198 0.787867 0.615531
1627999392.814520 54.123667 -238.761868 13.405441 -0.003325 0.017478 0.789074 0.614040
1627999392.914925 54.093040 -238.640390 13.398254 -0.003048 0.018435 0.790276 0.612467
1627999393.016263 54.068522 -238.521726 13.392897 -0.001654 0.018998 0.791266 0.611175
1627999393.115192 54.047176 -238.406559 13.394760 -0.000858 0.018816 0.792224 0.609940
1627999393.215470 54.011353 -238.272082 13.393553 -0.002012 0.017944 0.793406 0.608425
1627999393.315608 53.976245 -238.155377 13.388810 -0.002764 0.017590 0.794658 0.606796
1627999393.415827 53.944108 -238.035125 13.381911 -0.002893 0.018154 0.795964 0.605064
1627999393.516041 53.911622 -237.924772 13.376317 -0.001581 0.019229 0.797184 0.603428
1627999393.616262 53.873296 -237.816622 13.376774 0.000335 0.019904 0.797614 0.602840
1627999393.716474 53.836643 -237.709295 13.375443 0.000546 0.020588 0.797339 0.603181
1627999393.816708 53.802989 -237.590233 13.366772 -0.000340 0.018898 0.797230 0.603379
1627999393.916954 53.766762 -237.481735 13.366541 -0.000831 0.016495 0.796502 0.604411
1627999394.017156 53.723859 -237.344546 13.362936 -0.000795 0.017492 0.795745 0.605378
1627999394.117496 53.682296 -237.227057 13.357389 0.000406 0.019582 0.793574 0.608159
1627999394.217703 53.640461 -237.114772 13.352913 0.001768 0.020389 0.791496 0.610832
1627999394.317792 53.599357 -236.983090 13.352801 0.000673 0.018435 0.788977 0.614146
1627999394.418021 53.558486 -236.855352 13.354856 -0.001943 0.016885 0.786065 0.617910
1627999394.519335 53.526868 -236.729213 13.346385 -0.003082 0.017522 0.783410 0.621251
1627999394.618431 53.495599 -236.600876 13.334032 -0.001798 0.017844 0.780631 0.624734
1627999394.718652 53.468420 -236.490116 13.335523 -0.000471 0.017867 0.778004 0.628005
1627999394.818875 53.440045 -236.348667 13.334451 -0.000663 0.017740 0.775496 0.631103
1627999394.919099 53.416756 -236.231329 13.333797 -0.001696 0.017463 0.773270 0.633834
1627999395.019324 53.395776 -236.116576 13.326565 -0.002711 0.016814 0.771332 0.636205
1627999395.119532 53.365364 -235.976325 13.320337 -0.002889 0.015578 0.769581 0.638352
1627999395.219749 53.330631 -235.841625 13.320964 -0.003126 0.015740 0.767322 0.641062
1627999395.319954 53.304386 -235.709123 13.309538 -0.002588 0.016526 0.765419 0.643315
1627999395.420236 53.278965 -235.587934 13.306742 -0.001388 0.016863 0.763256 0.645875
1627999395.520498 53.269727 -235.476123 13.307679 -0.002636 0.016128 0.761131 0.648392
1627999395.620611 53.257410 -235.347038 13.300053 -0.003443 0.014437 0.759557 0.650272
1627999395.720842 53.236745 -235.211896 13.294581 -0.003324 0.013410 0.758076 0.652019
1627999395.821036 53.206176 -235.090385 13.292434 -0.002369 0.013718 0.756759 0.653546
1627999395.921253 53.184633 -234.958449 13.289064 -0.000758 0.014240 0.755151 0.655395
1627999396.021582 53.170045 -234.840051 13.295396 -0.001567 0.015013 0.753181 0.657641
1627999396.121684 53.167321 -234.712834 13.287336 -0.003735 0.015414 0.752051 0.658914
1627999396.222254 53.147977 -234.593653 13.280406 -0.004733 0.014348 0.751150 0.659959
1627999396.322121 53.137119 -234.478440 13.281269 -0.005540 0.015188 0.750176 0.661040
1627999396.422384 53.127840 -234.353356 13.269212 -0.005001 0.015829 0.748796 0.662593
1627999396.522556 53.110864 -234.226468 13.264062 -0.003828 0.014235 0.747870 0.663682
1627999396.622794 53.094951 -234.095582 13.264420 -0.003311 0.012790 0.746392 0.665375
1627999396.722993 53.070532 -233.966474 13.263469 -0.003582 0.012848 0.745659 0.666194
1627999396.823229 53.053207 -233.839959 13.263027 -0.004120 0.014170 0.744406 0.667565
1627999396.923799 53.035723 -233.717312 13.252419 -0.004094 0.014915 0.743570 0.668479
1627999397.023646 53.034624 -233.612302 13.253791 -0.004046 0.014333 0.743391 0.668691
1627999397.123844 53.033070 -233.467840 13.252353 -0.005426 0.015517 0.743934 0.668051
1627999397.224084 53.028653 -233.303831 13.243547 -0.006133 0.016571 0.744897 0.666945
1627999397.324277 53.020550 -233.148583 13.232469 -0.005218 0.017482 0.747826 0.663644
1627999397.424614 53.015471 -233.009139 13.224855 -0.003461 0.017583 0.752288 0.658591
1627999397.525025 53.016100 -232.879676 13.227178 -0.001561 0.017426 0.757214 0.652933
1627999397.624967 53.006889 -232.773296 13.218849 -0.000905 0.017043 0.762953 0.646229
1627999397.725411 52.987442 -232.672779 13.220880 -0.000859 0.015465 0.768932 0.639143
1627999397.825382 52.965097 -232.570880 13.226579 -0.002633 0.016062 0.774396 0.632491
1627999397.925575 52.930299 -232.458702 13.214134 -0.003121 0.017686 0.779442 0.626217
1627999398.025846 52.900654 -232.342904 13.206023 -0.001650 0.017711 0.784073 0.620414
1627999398.126020 52.849144 -232.218342 13.208005 -0.001524 0.016889 0.786787 0.616991
1627999398.226256 52.788047 -232.075894 13.203286 -0.002539 0.015215 0.787357 0.616304
1627999398.326464 52.742251 -231.947392 13.203184 -0.004176 0.014054 0.786592 0.617299
1627999398.426662 52.706671 -231.841624 13.195411 -0.005030 0.014231 0.785679 0.618451
1627999398.526893 52.683233 -231.718011 13.192333 -0.005095 0.014697 0.784202 0.620310
1627999398.627101 52.650843 -231.594066 13.194299 -0.006066 0.016006 0.782689 0.622178
1627999398.727351 52.623701 -231.479394 13.179846 -0.005894 0.016570 0.781570 0.623570
1627999398.827553 52.599463 -231.374339 13.175594 -0.004402 0.014832 0.779999 0.625590
1627999398.927740 52.583968 -231.256819 13.182120 -0.004991 0.014261 0.779108 0.626707
1627999399.027960 52.554018 -231.122599 13.169069 -0.006003 0.014429 0.777923 0.628165
1627999399.128165 52.530111 -231.016483 13.167618 -0.005276 0.014441 0.776736 0.629639
1627999399.228394 52.506030 -230.893855 13.172396 -0.005292 0.016402 0.776067 0.630415
1627999399.328628 52.491086 -230.778330 13.162019 -0.005298 0.016797 0.775147 0.631536
1627999399.428831 52.460211 -230.659086 13.155327 -0.005059 0.015409 0.773778 0.633249
1627999399.529042 52.433423 -230.536336 13.159180 -0.005900 0.015586 0.773032 0.634148
1627999399.629253 52.409626 -230.423892 13.152300 -0.006221 0.015973 0.772895 0.634303
1627999399.729469 52.390591 -230.318247 13.147368 -0.005414 0.017053 0.771738 0.635689
1627999399.829676 52.363374 -230.216756 13.145346 -0.005344 0.019295 0.771103 0.636395
1627999399.929896 52.341680 -230.107942 13.138311 -0.004698 0.019967 0.769991 0.637725
1627999400.030128 52.321456 -230.000714 13.131531 -0.004320 0.018657 0.769475 0.638390
1627999400.130323 52.307280 -229.887895 13.131058 -0.004329 0.016369 0.768661 0.639432
1627999400.230592 52.287335 -229.780288 13.131386 -0.004400 0.016050 0.768382 0.639776
1627999400.330745 52.261450 -229.670726 13.132519 -0.003824 0.018115 0.767494 0.640789
1627999400.430957 52.236861 -229.555399 13.122174 -0.003632 0.020346 0.768021 0.640090
1627999400.531197 52.226836 -229.422414 13.115522 -0.002817 0.019734 0.769275 0.638607
1627999400.631396 52.229161 -229.305498 13.116387 -0.003092 0.018395 0.771447 0.636020
1627999400.731606 52.212201 -229.185780 13.113475 -0.004430 0.018802 0.774086 0.632785
1627999400.831881 52.191754 -229.075077 13.104530 -0.004689 0.019288 0.777142 0.629013
1627999400.932068 52.169051 -228.984100 13.096797 -0.003376 0.018729 0.780378 0.625018
1627999401.032299 52.141248 -228.878642 13.099031 -0.004146 0.018285 0.783708 0.620846
1627999401.132498 52.108297 -228.767956 13.096589 -0.005302 0.018484 0.786813 0.616891
1627999401.232692 52.071341 -228.656023 13.085831 -0.005400 0.018676 0.789140 0.613906
1627999401.332906 52.037885 -228.551338 13.084282 -0.004519 0.018218 0.790813 0.611770
1627999401.433128 52.002556 -228.431127 13.080856 -0.004634 0.017627 0.791573 0.610803
1627999401.533339 51.964596 -228.321145 13.077958 -0.005359 0.016128 0.791981 0.610309
1627999401.633566 51.935352 -228.219154 13.073328 -0.005900 0.015567 0.791593 0.610821
1627999401.733768 51.909783 -228.114554 13.066176 -0.005224 0.014962 0.791763 0.610622
1627999401.833961 51.869642 -228.014464 13.071329 -0.004514 0.015213 0.791767 0.610618
1627999401.934178 51.849406 -227.903706 13.071545 -0.005156 0.017041 0.791390 0.611052
1627999402.034456 51.819513 -227.789742 13.062464 -0.005574 0.018317 0.791092 0.611398
1627999402.134621 51.780736 -227.674825 13.053287 -0.005467 0.018407 0.791025 0.611483
1627999402.234862 51.736001 -227.544040 13.052372 -0.006619 0.017464 0.791121 0.611374
1627999402.335040 51.709410 -227.424970 13.046686 -0.007339 0.017354 0.791396 0.611013
1627999402.435250 51.691869 -227.313002 13.042536 -0.007089 0.017869 0.791752 0.610540
1627999402.535478 51.665171 -227.220203 13.038819 -0.006065 0.018638 0.791804 0.610460
1627999402.635729 51.640583 -227.127079 13.032951 -0.005347 0.018540 0.791836 0.610428
1627999402.735959 51.610468 -227.022188 13.029967 -0.005738 0.017656 0.791825 0.610466
1627999402.836108 51.576203 -226.909234 13.029500 -0.006920 0.017376 0.791789 0.610508
1627999402.936327 51.550686 -226.810350 13.031684 -0.008782 0.018504 0.791856 0.610364
1627999403.036530 51.529890 -226.716340 13.015327 -0.008434 0.018990 0.791922 0.610268
1627999403.136745 51.499567 -226.619139 13.010795 -0.006256 0.017855 0.791842 0.610433
1627999403.236966 51.474709 -226.515760 13.016062 -0.005827 0.017740 0.791671 0.610663
1627999403.433597 51.429578 -226.338203 13.013440 -0.005729 0.018079 0.792021 0.610199
1627999403.437419 51.427725 -226.338229 13.014163 -0.005716 0.018059 0.792015 0.610208
1627999403.537626 51.397128 -226.229569 13.004562 -0.005380 0.018602 0.792222 0.609926
1627999403.639751 51.371601 -226.121703 13.001004 -0.006104 0.020081 0.792461 0.609561
1627999403.738033 51.333040 -226.017536 12.993172 -0.006114 0.021066 0.792402 0.609605
1627999403.838240 51.308298 -225.914525 12.990926 -0.005937 0.021025 0.792413 0.609593
1627999403.938478 51.284088 -225.795800 12.981348 -0.005364 0.020298 0.792833 0.609077
1627999404.039818 51.258761 -225.687658 12.973524 -0.002974 0.018371 0.792967 0.608981
1627999404.138924 51.226534 -225.587804 12.978953 -0.002064 0.016603 0.792883 0.609144
1627999404.239349 51.192904 -225.490159 12.975972 -0.002796 0.016190 0.792914 0.609112
1627999404.339300 51.170108 -225.407677 12.968794 -0.002550 0.015196 0.793170 0.608806
1627999404.439915 51.141647 -225.306809 12.968080 -0.000673 0.015135 0.793243 0.608717
1627999404.539728 51.120884 -225.206493 12.974209 -0.001287 0.016079 0.793580 0.608252
1627999404.640237 51.091895 -225.102475 12.966167 -0.002585 0.017828 0.793335 0.608518
1627999404.740205 51.064337 -225.021044 12.961902 -0.004039 0.017575 0.793290 0.608576
1627999404.840675 51.039655 -224.923718 12.957515 -0.004773 0.017001 0.793553 0.608244
1627999404.940600 51.011626 -224.824965 12.955883 -0.005146 0.016956 0.793950 0.607724
1627999405.040967 50.978393 -224.734652 12.957037 -0.005391 0.017462 0.794016 0.607622
1627999405.141057 50.948976 -224.614327 12.949928 -0.005223 0.018851 0.794122 0.607444
1627999405.244273 50.918275 -224.480878 12.951599 -0.006388 0.020194 0.794111 0.607404
1627999405.341470 50.893239 -224.383867 12.940401 -0.006811 0.021405 0.794313 0.607093
1627999405.441814 50.860557 -224.275544 12.932977 -0.006431 0.020718 0.794292 0.607148
1627999405.541903 50.830044 -224.169397 12.931650 -0.006480 0.020469 0.794387 0.607033
1627999405.642202 50.801964 -224.051595 12.926214 -0.006663 0.020986 0.794416 0.606975
1627999405.742323 50.775086 -223.952353 12.916666 -0.005584 0.020754 0.794795 0.606498
1627999405.844314 50.744848 -223.874082 12.916728 -0.003822 0.019812 0.795106 0.606135
1627999405.942736 50.727642 -223.802787 12.921986 -0.004580 0.020511 0.795093 0.606124
1627999406.042982 50.698855 -223.689275 12.914312 -0.005684 0.021016 0.794992 0.606230
1627999406.143296 50.653842 -223.567715 12.907025 -0.005708 0.021044 0.795030 0.606179
1627999406.243367 50.619065 -223.453278 12.904409 -0.006233 0.020897 0.795171 0.605994
1627999406.343577 50.586095 -223.349882 12.900575 -0.006164 0.021069 0.795113 0.606064
1627999406.444354 50.561596 -223.245584 12.891821 -0.005535 0.021202 0.795449 0.605624
1627999406.543988 50.529090 -223.143738 12.887162 -0.005627 0.020916 0.795204 0.605955
1627999406.644198 50.506522 -223.032313 12.884951 -0.006354 0.020576 0.795690 0.605321
1627999406.744473 50.473175 -222.932323 12.880705 -0.006361 0.020212 0.795855 0.605116
1627999406.844625 50.443340 -222.836429 12.878171 -0.006245 0.021134 0.796123 0.604734
1627999406.944851 50.429717 -222.764763 12.882138 -0.007122 0.022898 0.795959 0.604876
1627999407.045046 50.410818 -222.680296 12.874882 -0.007350 0.023775 0.795882 0.604941
1627999407.145289 50.383560 -222.566834 12.861420 -0.006702 0.022632 0.795908 0.604957
1627999407.245507 50.346416 -222.447287 12.861436 -0.006752 0.021107 0.796185 0.604648
1627999407.345702 50.313368 -222.336601 12.861416 -0.006660 0.021633 0.796339 0.604426
1627999407.445927 50.278996 -222.220776 12.852704 -0.005648 0.022518 0.796185 0.604607
1627999407.546119 50.245582 -222.112405 12.849039 -0.005859 0.023886 0.796282 0.604426
1627999407.646330 50.219095 -222.024222 12.843698 -0.006717 0.024332 0.796476 0.604143
1627999407.746535 50.190802 -221.922768 12.835400 -0.007391 0.023633 0.796685 0.603887
1627999407.846749 50.161586 -221.819836 12.835125 -0.007799 0.023651 0.796725 0.603829
1627999407.946974 50.132579 -221.706991 12.832723 -0.007870 0.024473 0.796850 0.603630
1627999408.047166 50.105572 -221.603446 12.821960 -0.006045 0.024361 0.796990 0.603471
1627999408.147403 50.069892 -221.499320 12.819396 -0.005395 0.022990 0.797116 0.603365
1627999408.247648 50.033590 -221.389312 12.814338 -0.005325 0.022220 0.797201 0.603282
1627999408.347814 50.004306 -221.293738 12.810267 -0.004911 0.022146 0.797163 0.603338
1627999408.448020 49.971651 -221.187324 12.807995 -0.004902 0.022129 0.797401 0.603023
1627999408.548246 49.938291 -221.080168 12.799417 -0.004766 0.021943 0.797591 0.602781
1627999408.648434 49.913065 -220.989429 12.798022 -0.006383 0.022213 0.797608 0.602734
1627999408.748650 49.890548 -220.891490 12.796824 -0.007909 0.022543 0.797863 0.602366
1627999408.848905 49.864223 -220.804148 12.792595 -0.007419 0.023057 0.797929 0.602265
1627999408.949089 49.834488 -220.709429 12.789261 -0.006873 0.023219 0.797727 0.602532
1627999409.049303 49.805790 -220.611909 12.783910 -0.006886 0.022768 0.798223 0.601893
1627999409.149494 49.782380 -220.512147 12.780128 -0.007082 0.022652 0.798210 0.601912
1627999409.249760 49.751971 -220.406509 12.777886 -0.007227 0.022259 0.798154 0.601999
1627999409.349931 49.717249 -220.290690 12.773044 -0.007395 0.022915 0.798197 0.601915
1627999409.450135 49.681326 -220.189482 12.766367 -0.006397 0.023238 0.798281 0.601802
1627999409.550362 49.653622 -220.086481 12.760878 -0.006341 0.022563 0.798435 0.601625
1627999409.650552 49.629530 -219.972039 12.756041 -0.006867 0.022698 0.798555 0.601454
1627999409.752506 49.607364 -219.882740 12.753349 -0.007310 0.022594 0.798685 0.601280
1627999409.850996 49.573526 -219.789171 12.750144 -0.006667 0.022579 0.798725 0.601236
1627999409.951236 49.537071 -219.676652 12.740875 -0.005864 0.022234 0.798851 0.601089
1627999410.051409 49.498700 -219.584047 12.737324 -0.006562 0.021872 0.799097 0.600769
1627999410.151644 49.472156 -219.473018 12.736455 -0.006719 0.022105 0.799085 0.600774
1627999410.251835 49.450012 -219.382462 12.729801 -0.006660 0.022252 0.799112 0.600733
1627999410.352053 49.423627 -219.294424 12.726433 -0.007300 0.022741 0.799281 0.600483
1627999410.452241 49.400295 -219.202156 12.724291 -0.007271 0.021968 0.799649 0.600022
1627999410.552449 49.362447 -219.114064 12.720007 -0.006987 0.021208 0.799784 0.599872
1627999410.652724 49.329611 -219.002364 12.717174 -0.006865 0.021491 0.799475 0.600275
1627999410.752925 49.302235 -218.882572 12.714238 -0.006735 0.022013 0.799828 0.599788
1627999410.853144 49.272997 -218.779680 12.708349 -0.005477 0.021672 0.799853 0.599780
1627999410.953300 49.241410 -218.677090 12.700952 -0.006201 0.021064 0.800032 0.599556
1627999411.053512 49.207118 -218.592662 12.698031 -0.007161 0.020977 0.800018 0.599566
1627999411.153924 49.178088 -218.497982 12.696778 -0.007104 0.021244 0.800058 0.599504
1627999411.253984 49.152121 -218.388502 12.693781 -0.006242 0.021611 0.800317 0.599155
1627999411.354204 49.121213 -218.295285 12.689009 -0.004764 0.021174 0.800665 0.598719
1627999411.454393 49.091461 -218.206511 12.680710 -0.004404 0.020531 0.800774 0.598599
1627999411.554575 49.056330 -218.110942 12.676927 -0.005450 0.020233 0.800695 0.598706
1627999411.655185 49.031973 -218.020686 12.677974 -0.006215 0.020390 0.800829 0.598514
1627999411.754985 49.002997 -217.912688 12.674502 -0.005016 0.019738 0.801062 0.598234
1627999411.855203 48.975695 -217.811172 12.666854 -0.004930 0.019413 0.801059 0.598250
1627999411.955408 48.941295 -217.714682 12.663533 -0.006153 0.020354 0.801412 0.597735
1627999412.055615 48.905482 -217.616537 12.661515 -0.006641 0.020947 0.801201 0.597992
1627999412.155850 48.877614 -217.512364 12.655049 -0.006823 0.021553 0.801199 0.597971
1627999412.256060 48.838977 -217.401887 12.653766 -0.006463 0.020810 0.801550 0.597531
1627999412.356257 48.808039 -217.317727 12.651916 -0.005857 0.019622 0.801697 0.597380
1627999412.456472 48.783565 -217.229751 12.645569 -0.005758 0.019304 0.801888 0.597135
1627999412.556663 48.761556 -217.139362 12.644412 -0.005929 0.019819 0.801891 0.597112
1627999412.656935 48.739271 -217.051811 12.641843 -0.005302 0.020026 0.802070 0.596871
1627999412.757133 48.715998 -216.939849 12.632950 -0.004957 0.019894 0.802167 0.596748
1627999412.857315 48.685034 -216.836156 12.626443 -0.005812 0.019589 0.802401 0.596435
1627999412.957519 48.645768 -216.717057 12.625394 -0.006988 0.019790 0.802540 0.596229
1627999413.057715 48.604621 -216.597118 12.622539 -0.007440 0.020655 0.802549 0.596182
1627999413.157930 48.574239 -216.503944 12.619450 -0.006468 0.021191 0.802705 0.595964
1627999413.258138 48.543478 -216.410279 12.608077 -0.006086 0.021226 0.802809 0.595828
1627999413.358344 48.513325 -216.308520 12.604857 -0.007556 0.022007 0.802895 0.595666
1627999413.458577 48.482066 -216.209258 12.608571 -0.007601 0.022072 0.803217 0.595228
1627999413.558767 48.456065 -216.130394 12.606418 -0.006375 0.021429 0.803351 0.595086
1627999413.659020 48.423929 -216.028247 12.601830 -0.005188 0.021052 0.803545 0.594849
1627999413.759234 48.396044 -215.933188 12.598032 -0.004292 0.020327 0.803723 0.594641
1627999413.859408 48.365840 -215.836191 12.588314 -0.004096 0.020018 0.803885 0.594434
1627999413.959634 48.329340 -215.731435 12.581919 -0.004605 0.019947 0.803889 0.594427
1627999414.059837 48.301332 -215.623482 12.584843 -0.004029 0.019571 0.804270 0.593928
1627999414.160044 48.267823 -215.512600 12.575857 -0.003219 0.019399 0.804397 0.593766
1627999414.260256 48.229804 -215.409659 12.569586 -0.004255 0.019847 0.804303 0.593872
1627999414.360445 48.197614 -215.306924 12.565255 -0.005330 0.020735 0.804223 0.593942
1627999414.460654 48.166182 -215.208483 12.564009 -0.006043 0.020643 0.804370 0.593740
1627999414.560874 48.136539 -215.110319 12.564353 -0.006290 0.019458 0.804630 0.593425
1627999414.661123 48.110297 -215.023627 12.557971 -0.007255 0.019425 0.804730 0.593278
1627999414.761296 48.081653 -214.925053 12.553762 -0.007858 0.020868 0.804798 0.593130
1627999414.861525 48.048203 -214.829454 12.550595 -0.008380 0.022060 0.804528 0.593446
1627999414.961722 48.019792 -214.726414 12.547545 -0.008792 0.022835 0.804571 0.593352
1627999415.062108 47.989798 -214.611155 12.543070 -0.008952 0.022657 0.804482 0.593477
1627999415.162125 47.939727 -214.497008 12.539163 -0.008599 0.021385 0.804780 0.593125
1627999415.262363 47.912252 -214.397786 12.532163 -0.008130 0.020863 0.805037 0.592802
1627999415.362539 47.881615 -214.306477 12.528792 -0.007892 0.021873 0.805058 0.592740
1627999415.462807 47.860292 -214.227600 12.527985 -0.007103 0.021909 0.805255 0.592481
1627999415.562962 47.827676 -214.141612 12.516977 -0.007095 0.021928 0.805430 0.592242
1627999415.663219 47.797307 -214.026215 12.507954 -0.009577 0.022865 0.805493 0.592087
1627999415.763385 47.763406 -213.909861 12.506121 -0.011177 0.023674 0.805706 0.591737
1627999415.863599 47.734029 -213.803048 12.505583 -0.011718 0.023945 0.805665 0.591771
1627999415.963804 47.695700 -213.705038 12.504759 -0.011117 0.023773 0.805959 0.591389
1627999416.064028 47.652709 -213.606405 12.495330 -0.010696 0.024112 0.806155 0.591117
1627999416.165687 47.617097 -213.509165 12.484246 -0.011519 0.025918 0.806016 0.591214
1627999416.264445 47.581855 -213.389608 12.484040 -0.011867 0.026216 0.805914 0.591333
1627999416.364663 47.551836 -213.285024 12.481608 -0.010872 0.024599 0.805964 0.591354
1627999416.464841 47.510502 -213.185638 12.468675 -0.010644 0.023312 0.806334 0.590905
1627999416.566308 47.480026 -213.088040 12.468199 -0.011336 0.023582 0.806691 0.590394
1627999416.665269 47.468883 -212.984814 12.468729 -0.009548 0.024860 0.806801 0.590223
1627999416.765502 47.448380 -212.891984 12.457967 -0.008440 0.026907 0.806460 0.590615
1627999416.866202 47.412346 -212.803441 12.451935 -0.009085 0.028084 0.806481 0.590522
1627999416.965911 47.369391 -212.709463 12.447190 -0.010121 0.026796 0.806896 0.589999
1627999417.066146 47.333032 -212.608008 12.439458 -0.011045 0.025796 0.807035 0.589837
1627999417.166332 47.295894 -212.487825 12.434791 -0.011956 0.026586 0.806763 0.590155
1627999417.266584 47.259385 -212.393390 12.434785 -0.011179 0.027655 0.806231 0.590849
1627999417.366724 47.225960 -212.298132 12.426247 -0.010351 0.028335 0.804882 0.592667
1627999417.466958 47.216901 -212.202475 12.418457 -0.011329 0.028319 0.803065 0.595110
1627999417.567215 47.196606 -212.104171 12.411654 -0.012354 0.027700 0.801254 0.597555
1627999417.667413 47.156661 -211.992989 12.405609 -0.013588 0.027488 0.799195 0.600289
1627999417.767561 47.123169 -211.886842 12.403816 -0.013672 0.027768 0.797316 0.602768
1627999417.867780 47.093343 -211.804964 12.399456 -0.012465 0.027750 0.795755 0.604855
1627999417.967988 47.062091 -211.707640 12.391995 -0.012040 0.027252 0.793992 0.607198
1627999418.068182 47.035335 -211.614063 12.382754 -0.013745 0.026805 0.792564 0.609044
1627999418.168396 47.005924 -211.517006 12.381145 -0.015149 0.026341 0.791677 0.610184
1627999418.268611 46.975595 -211.427577 12.377769 -0.013904 0.025381 0.790764 0.611436
1627999418.368823 46.947807 -211.321029 12.364929 -0.013281 0.026661 0.789720 0.612744
1627999418.469032 46.920592 -211.207310 12.357354 -0.013930 0.029433 0.788263 0.614476
1627999418.569290 46.896991 -211.096487 12.356297 -0.014787 0.029567 0.787366 0.615598
1627999418.669436 46.864966 -210.986322 12.351876 -0.014710 0.027216 0.786262 0.617119
1627999418.769640 46.829974 -210.885671 12.342137 -0.015107 0.025606 0.785635 0.617975
1627999418.869864 46.807907 -210.781657 12.336786 -0.015221 0.026081 0.784693 0.619149
1627999418.970059 46.786735 -210.670992 12.332811 -0.014184 0.027463 0.783572 0.620532
1627999419.070276 46.761562 -210.566795 12.322422 -0.013350 0.029681 0.782135 0.622258
1627999419.170485 46.738793 -210.466166 12.320771 -0.013290 0.029476 0.781325 0.623287
1627999419.270704 46.724388 -210.380718 12.313704 -0.013117 0.027904 0.780753 0.624078
1627999419.372275 46.703418 -210.281828 12.305078 -0.013954 0.027171 0.779900 0.625158
1627999419.471112 46.672788 -210.181489 12.303019 -0.013673 0.027914 0.778848 0.626442
1627999419.571311 46.651341 -210.082622 12.302518 -0.012160 0.027613 0.778330 0.627130
1627999419.672290 46.634204 -209.999571 12.294770 -0.010950 0.027129 0.777370 0.628363
1627999419.771733 46.622849 -209.897508 12.285649 -0.011584 0.026911 0.776708 0.629179
1627999419.871941 46.597375 -209.793137 12.279727 -0.011696 0.026947 0.775632 0.630501
1627999419.972226 46.575020 -209.691054 12.273837 -0.012030 0.027285 0.774516 0.631851
1627999420.072344 46.549623 -209.580338 12.269223 -0.012204 0.027613 0.773818 0.632688
1627999420.172567 46.526589 -209.484950 12.261588 -0.012430 0.027310 0.773129 0.633539
1627999420.272764 46.509791 -209.405242 12.259299 -0.012739 0.026805 0.772233 0.634646
1627999420.372972 46.486107 -209.309358 12.256111 -0.011985 0.026550 0.771039 0.636121
1627999420.473263 46.467134 -209.190630 12.248267 -0.011713 0.027304 0.770244 0.637057
1627999420.573660 46.448737 -209.082155 12.244022 -0.011283 0.027005 0.769667 0.637774
1627999420.676282 46.428063 -208.980533 12.233793 -0.011388 0.026643 0.768877 0.638740
1627999420.773797 46.405711 -208.890659 12.226255 -0.011522 0.026886 0.768172 0.639574
1627999420.874012 46.386221 -208.792885 12.226499 -0.011214 0.027709 0.767081 0.640853
1627999420.974246 46.360219 -208.692038 12.225650 -0.010451 0.028164 0.766082 0.642040
1627999421.074427 46.347319 -208.594012 12.219183 -0.009396 0.026883 0.765555 0.642740
1627999421.174703 46.330099 -208.481761 12.209869 -0.009517 0.025104 0.764780 0.643732
1627999421.274845 46.314761 -208.383064 12.200368 -0.009617 0.024982 0.763809 0.644887
1627999421.375067 46.302275 -208.279627 12.196112 -0.009842 0.026603 0.763072 0.645690
1627999421.475254 46.287381 -208.200144 12.198278 -0.009251 0.027807 0.762329 0.646526
1627999421.575459 46.266051 -208.097077 12.189371 -0.008393 0.028028 0.761436 0.647580
1627999421.675681 46.247810 -207.986438 12.179772 -0.009918 0.028344 0.760617 0.648506
1627999421.775883 46.239047 -207.887957 12.178360 -0.011210 0.028154 0.759967 0.649255
1627999421.876106 46.221984 -207.783868 12.167673 -0.011585 0.028276 0.759123 0.650230
1627999421.976288 46.204028 -207.691434 12.164709 -0.012139 0.029603 0.758802 0.650535
1627999422.076564 46.188370 -207.607953 12.163542 -0.011443 0.030389 0.758459 0.650912
1627999422.176702 46.179390 -207.515654 12.158621 -0.010589 0.030823 0.757541 0.651973
1627999422.276934 46.161483 -207.413824 12.149155 -0.011320 0.031905 0.756625 0.652972
1627999422.377131 46.131852 -207.305160 12.149404 -0.011896 0.031836 0.755938 0.653761
1627999422.477328 46.125197 -207.191230 12.142769 -0.011148 0.030325 0.755588 0.654250
1627999422.577566 46.119241 -207.089232 12.124009 -0.011875 0.029966 0.754859 0.655095
1627999422.677872 46.090107 -206.969365 12.116323 -0.012932 0.031439 0.754282 0.655670
1627999422.777997 46.073162 -206.847282 12.114111 -0.012091 0.032187 0.753464 0.656590
1627999422.878165 46.061781 -206.733273 12.107735 -0.011350 0.032597 0.752564 0.657614
1627999422.978366 46.048567 -206.616852 12.099533 -0.012236 0.032171 0.751827 0.658462
1627999423.078650 46.039174 -206.535346 12.096349 -0.013226 0.030942 0.751343 0.659053
1627999423.179119 46.019443 -206.425840 12.084728 -0.013181 0.030845 0.750483 0.660037
1627999423.279011 45.992781 -206.325573 12.081971 -0.013402 0.032411 0.750918 0.659464
1627999423.379237 45.984134 -206.222857 12.078891 -0.011695 0.032701 0.753288 0.656773
1627999423.479437 45.968332 -206.096640 12.073124 -0.011165 0.032048 0.755993 0.653699
1627999423.579607 45.935036 -205.986356 12.057208 -0.012557 0.031976 0.759809 0.649238
1627999423.679819 45.912766 -205.871607 12.055333 -0.014116 0.031840 0.763815 0.644495
1627999423.780019 45.884322 -205.764091 12.054932 -0.011928 0.030806 0.768377 0.639144
1627999423.880239 45.860695 -205.672359 12.041465 -0.009461 0.031544 0.772560 0.634087
1627999423.980435 45.835139 -205.576533 12.031013 -0.009727 0.033478 0.776499 0.629154
1627999424.080637 45.834836 -205.493822 12.033333 -0.010813 0.033667 0.780158 0.624582
1627999424.180899 45.819317 -205.401333 12.029912 -0.012133 0.031950 0.784367 0.619355
1627999424.281066 45.786263 -205.289260 12.019979 -0.013025 0.029930 0.788422 0.614268
1627999424.381363 45.760969 -205.179021 12.009721 -0.012705 0.030108 0.792548 0.608934
1627999424.481466 45.737817 -205.075099 12.005371 -0.011591 0.032451 0.796114 0.604165
1627999424.581671 45.714514 -204.968839 12.003060 -0.010341 0.034246 0.799091 0.600145
1627999424.681901 45.687641 -204.866784 11.998211 -0.010116 0.033632 0.802726 0.595313
1627999424.782097 45.657519 -204.765757 11.993448 -0.011171 0.030143 0.805974 0.591078
1627999424.882293 45.627495 -204.677694 11.980934 -0.013192 0.028158 0.809395 0.586441
1627999424.982512 45.587208 -204.574877 11.970733 -0.013349 0.029240 0.812597 0.581940
1627999425.082718 45.556897 -204.495348 11.966967 -0.011696 0.031452 0.815725 0.577466
1627999425.182925 45.528140 -204.402474 11.963209 -0.010318 0.033557 0.818603 0.573286
1627999425.283128 45.489994 -204.307559 11.963844 -0.010845 0.032573 0.822409 0.567860
1627999425.383327 45.454852 -204.224512 11.956150 -0.011379 0.030667 0.825634 0.563258
1627999425.483534 45.417807 -204.127785 11.944734 -0.012245 0.029983 0.829030 0.558265
1627999425.583738 45.374420 -204.026841 11.939048 -0.012115 0.031066 0.833043 0.552202
1627999425.683960 45.346161 -203.934746 11.938213 -0.009810 0.032500 0.836861 0.546362
1627999425.786047 45.297142 -203.817259 11.929598 -0.008541 0.033084 0.841175 0.539682
1627999425.884357 45.244522 -203.721088 11.921811 -0.009360 0.033352 0.845225 0.533286
1627999425.988195 45.190518 -203.635625 11.920230 -0.010476 0.032846 0.849412 0.526603
1627999426.084772 45.149751 -203.544125 11.917300 -0.009793 0.032879 0.853798 0.519473
1627999426.184984 45.102199 -203.454605 11.908374 -0.008377 0.033911 0.858027 0.512416
1627999426.285182 45.061086 -203.353894 11.901201 -0.007643 0.035212 0.861998 0.505629
1627999426.385386 45.010967 -203.263520 11.893799 -0.008555 0.036235 0.866256 0.498211
1627999426.485600 44.951916 -203.179477 11.896299 -0.009095 0.035820 0.870481 0.490813
1627999426.585925 44.890812 -203.091641 11.887948 -0.009170 0.034818 0.874900 0.482962
1627999426.686005 44.829786 -203.024426 11.881314 -0.010179 0.034350 0.879060 0.475363
1627999426.786210 44.773528 -202.936308 11.874138 -0.009535 0.035060 0.883341 0.467321
1627999426.888275 44.717207 -202.846344 11.868005 -0.008998 0.037084 0.887087 0.460023
1627999426.986625 44.655278 -202.753588 11.865678 -0.009357 0.038493 0.890717 0.452828
1627999427.086842 44.599774 -202.664840 11.868378 -0.009441 0.037944 0.894234 0.445889
1627999427.187186 44.543890 -202.584743 11.867868 -0.009037 0.034608 0.897591 0.439376
1627999427.287253 44.491529 -202.508017 11.854347 -0.009780 0.031975 0.900717 0.433118
1627999427.388319 44.432001 -202.419866 11.842141 -0.010432 0.032501 0.903093 0.428087
1627999427.487657 44.379131 -202.314576 11.843987 -0.009343 0.033630 0.904211 0.425656
1627999427.587945 44.322301 -202.232093 11.839351 -0.007924 0.034092 0.904662 0.424689
1627999427.688068 44.263440 -202.143881 11.828210 -0.008868 0.034491 0.904339 0.425327
1627999427.788279 44.192479 -202.072940 11.824443 -0.011645 0.034003 0.903701 0.426653
1627999427.888502 44.129677 -201.996967 11.824881 -0.012177 0.032772 0.902757 0.428729
1627999427.989252 44.073372 -201.908704 11.819389 -0.011313 0.031582 0.901101 0.432310
1627999428.088919 44.011754 -201.828021 11.808873 -0.010071 0.031991 0.899027 0.436606
1627999428.189406 43.948603 -201.748171 11.800705 -0.009230 0.033040 0.896301 0.442117
1627999428.289308 43.881685 -201.669644 11.798612 -0.009453 0.034415 0.893475 0.447693
1627999428.389509 43.830606 -201.601888 11.798952 -0.009848 0.034303 0.890673 0.453243
1627999428.489729 43.759190 -201.513410 11.793910 -0.010646 0.032759 0.887862 0.458818
1627999428.589936 43.697683 -201.431657 11.785661 -0.011395 0.031970 0.885000 0.464352
1627999428.690139 43.649661 -201.341988 11.777167 -0.011396 0.033058 0.881883 0.470169
1627999428.790827 43.590561 -201.243472 11.774165 -0.011219 0.034416 0.878717 0.475969
1627999428.890648 43.526294 -201.155217 11.771393 -0.011272 0.034887 0.875344 0.482108
1627999428.990740 43.465336 -201.077597 11.770051 -0.012609 0.033799 0.871832 0.488474
1627999429.090958 43.408567 -201.000103 11.760390 -0.013773 0.032590 0.868760 0.493969
1627999429.191387 43.347123 -200.913199 11.751172 -0.014540 0.032113 0.865701 0.499319
1627999429.291358 43.289310 -200.820155 11.747568 -0.013822 0.032409 0.862660 0.504555
1627999429.391607 43.236814 -200.731262 11.743136 -0.012135 0.032373 0.859632 0.509742
1627999429.491769 43.181271 -200.636710 11.736634 -0.011154 0.032065 0.857103 0.514025
1627999429.592294 43.132178 -200.536848 11.727453 -0.011658 0.032154 0.855022 0.517462
1627999429.692176 43.085704 -200.449528 11.717533 -0.013269 0.033148 0.853118 0.520496
1627999429.792400 43.036351 -200.353132 11.715473 -0.014412 0.034041 0.851249 0.523459
1627999429.892645 42.985894 -200.255153 11.712864 -0.013593 0.033542 0.849465 0.526401
1627999429.992816 42.935188 -200.161981 11.700197 -0.013690 0.033589 0.847509 0.529540
1627999430.092996 42.884289 -200.065249 11.698196 -0.014193 0.034344 0.845874 0.532087
1627999430.193227 42.847526 -199.980942 11.697757 -0.013585 0.034126 0.844129 0.534881
1627999430.293806 42.803454 -199.891173 11.688020 -0.013479 0.033051 0.842329 0.537780
1627999430.393642 42.756910 -199.812006 11.681267 -0.014913 0.032297 0.840783 0.540202
1627999430.494886 42.717057 -199.730518 11.679402 -0.014990 0.032054 0.838931 0.543086
1627999430.594064 42.673979 -199.625613 11.667185 -0.014809 0.032957 0.836886 0.546183
1627999430.694240 42.624569 -199.523231 11.662342 -0.015524 0.034084 0.835038 0.548915
1627999430.794429 42.576669 -199.436151 11.661932 -0.015139 0.033594 0.833109 0.551880
1627999430.894653 42.537666 -199.329811 11.654718 -0.014766 0.031630 0.831094 0.555035
1627999430.994858 42.507148 -199.234265 11.639731 -0.015091 0.031149 0.828936 0.558272
1627999431.095046 42.455530 -199.143665 11.635021 -0.015990 0.031837 0.826638 0.561605
1627999431.195283 42.420612 -199.048187 11.628556 -0.015254 0.032970 0.824754 0.564323
1627999431.295478 42.388392 -198.949023 11.621031 -0.014665 0.033330 0.822725 0.567273
1627999431.395669 42.353240 -198.847098 11.608801 -0.016065 0.033836 0.821119 0.569527
1627999431.495873 42.307941 -198.740699 11.601755 -0.017920 0.034742 0.819320 0.572002
1627999431.596088 42.265058 -198.649455 11.604071 -0.018407 0.034551 0.817562 0.574508
1627999431.696314 42.222465 -198.563863 11.600252 -0.017265 0.033931 0.816017 0.576773
1627999431.796488 42.201300 -198.472649 11.591799 -0.016410 0.033960 0.814532 0.578892
1627999431.896692 42.163575 -198.369155 11.584247 -0.016078 0.033533 0.813048 0.581008
1627999431.996898 42.127080 -198.271443 11.576167 -0.015387 0.033584 0.811040 0.583824
1627999432.097095 42.094160 -198.169511 11.571526 -0.014923 0.033509 0.809530 0.585932
1627999432.197334 42.064454 -198.077247 11.568406 -0.013863 0.032909 0.808250 0.587756
1627999432.297535 42.034326 -197.990894 11.558760 -0.013727 0.031881 0.806877 0.589699
1627999432.397750 41.996076 -197.889375 11.547689 -0.014648 0.032264 0.805554 0.591461
1627999432.497936 41.956550 -197.783408 11.541582 -0.015629 0.032672 0.804082 0.593415
1627999432.598120 41.924023 -197.673529 11.531444 -0.016383 0.033705 0.802583 0.595362
1627999432.698323 41.900748 -197.568308 11.531175 -0.016026 0.034568 0.801247 0.597120
1627999432.798550 41.873013 -197.468860 11.524955 -0.015359 0.034497 0.799648 0.599280
1627999432.898787 41.838123 -197.376082 11.515107 -0.016711 0.034544 0.798021 0.601407
1627999432.998992 41.810147 -197.290105 11.509642 -0.018313 0.034162 0.796441 0.603472
1627999433.099150 41.780400 -197.198965 11.504877 -0.017966 0.032626 0.795266 0.605115
1627999433.199399 41.753219 -197.098477 11.489910 -0.017213 0.032625 0.793946 0.606868
1627999433.299549 41.726454 -196.992565 11.480536 -0.017710 0.035127 0.792385 0.608752
1627999433.399767 41.705429 -196.889470 11.481945 -0.017788 0.035978 0.790580 0.611042
1627999433.499957 41.678914 -196.784269 11.474901 -0.018386 0.034960 0.789251 0.612798
1627999433.600172 41.646729 -196.682016 11.465796 -0.019226 0.034096 0.787877 0.614588
1627999433.700386 41.611583 -196.565448 11.456581 -0.019666 0.033695 0.786547 0.616297
1627999433.800615 41.582104 -196.450529 11.448003 -0.018947 0.034460 0.785072 0.618155
1627999433.900779 41.562496 -196.353004 11.441025 -0.017880 0.035234 0.783240 0.620463
1627999434.001007 41.535748 -196.244731 11.436608 -0.017966 0.034751 0.782101 0.621923
1627999434.101201 41.509121 -196.143687 11.430293 -0.018136 0.033223 0.780675 0.623790
1627999434.201422 41.484116 -196.030131 11.418398 -0.018650 0.031956 0.779263 0.625604
1627999434.301593 41.457653 -195.935838 11.406089 -0.019845 0.032721 0.777986 0.627115
1627999434.401829 41.440575 -195.845760 11.400831 -0.020799 0.033760 0.776687 0.628638
1627999434.502041 41.423444 -195.761971 11.400860 -0.020135 0.032845 0.775363 0.630340
1627999434.602271 41.399406 -195.656583 11.393464 -0.020869 0.031605 0.774034 0.632010
1627999434.702446 41.379506 -195.542583 11.380845 -0.021746 0.031678 0.772561 0.633777
1627999434.802653 41.359020 -195.416072 11.373080 -0.020868 0.031838 0.771022 0.635670
1627999434.902851 41.329999 -195.296566 11.363932 -0.020887 0.032374 0.769632 0.637324
1627999435.003029 41.306939 -195.182009 11.356321 -0.021444 0.032709 0.768449 0.638714
1627999435.103247 41.286655 -195.074451 11.348503 -0.021272 0.031709 0.767266 0.640192
1627999435.203432 41.263340 -194.964835 11.340768 -0.021424 0.030983 0.765822 0.641949
1627999435.303636 41.234842 -194.859013 11.328587 -0.022121 0.032128 0.764729 0.643171
1627999435.403944 41.218832 -194.749822 11.323947 -0.021165 0.032504 0.763535 0.644600
1627999435.504038 41.203526 -194.653588 11.319203 -0.019542 0.031781 0.762752 0.645614
1627999435.604248 41.195001 -194.559240 11.311662 -0.019373 0.032713 0.761391 0.647177
1627999435.704457 41.184273 -194.461150 11.302841 -0.020868 0.033981 0.760105 0.648576
1627999435.804650 41.167540 -194.367161 11.296703 -0.020597 0.033543 0.759076 0.649810
1627999435.904875 41.151471 -194.274875 11.292859 -0.020246 0.032027 0.758201 0.650919
1627999436.005067 41.126079 -194.153572 11.279712 -0.021969 0.032318 0.757657 0.651482
1627999436.105304 41.103866 -194.044011 11.270144 -0.022528 0.033263 0.757509 0.651587
1627999436.205488 41.087567 -193.925397 11.261924 -0.021907 0.033257 0.758292 0.650698
1627999436.305672 41.069856 -193.822494 11.254765 -0.021157 0.032834 0.760165 0.648555
1627999436.405889 41.051641 -193.731205 11.247173 -0.021221 0.032565 0.762285 0.646073
1627999436.506110 41.036415 -193.628489 11.240792 -0.021352 0.032404 0.764611 0.643322
1627999436.606281 41.020321 -193.537886 11.233874 -0.021501 0.033196 0.766628 0.640872
1627999436.706492 41.002077 -193.419215 11.224403 -0.021683 0.033916 0.769434 0.637456
1627999436.806698 40.979091 -193.321785 11.220064 -0.021464 0.033749 0.772300 0.633997
1627999436.906899 40.963778 -193.226713 11.212131 -0.021944 0.033461 0.775319 0.630301
1627999437.007115 40.934056 -193.104479 11.198181 -0.022515 0.034394 0.778136 0.626749
1627999437.107807 40.906093 -192.989286 11.186350 -0.022737 0.036159 0.780563 0.623617
1627999437.207747 40.878984 -192.884270 11.178822 -0.022031 0.037204 0.783162 0.620313
1627999437.308262 40.865505 -192.790947 11.174800 -0.021510 0.036829 0.785577 0.617293
1627999437.407918 40.848307 -192.711476 11.170446 -0.022661 0.036273 0.788001 0.614186
1627999437.508250 40.822913 -192.622609 11.161489 -0.023588 0.036358 0.790442 0.611002
1627999437.608326 40.795218 -192.529572 11.150751 -0.022549 0.036995 0.792365 0.608507
1627999437.709559 40.759910 -192.428164 11.142895 -0.021308 0.037620 0.794505 0.605716
1627999437.808722 40.732414 -192.314974 11.134255 -0.020833 0.038022 0.796631 0.602909
1627999437.909614 40.710336 -192.200808 11.129021 -0.020296 0.037225 0.798382 0.600657
1627999438.009159 40.689457 -192.097437 11.123311 -0.020634 0.035855 0.800391 0.598049
1627999438.109343 40.657477 -192.003041 11.109399 -0.019978 0.035421 0.802371 0.595439
1627999438.209550 40.623159 -191.904218 11.101959 -0.018098 0.034820 0.804554 0.592582
1627999438.309758 40.587882 -191.813621 11.097828 -0.017384 0.035255 0.806591 0.589802
1627999438.409941 40.557459 -191.716249 11.092385 -0.018278 0.036088 0.808127 0.587617
1627999438.510192 40.529090 -191.616211 11.082825 -0.019124 0.035848 0.809957 0.585081
1627999438.610345 40.501211 -191.529666 11.078773 -0.018729 0.034567 0.811560 0.582945
1627999438.710606 40.470447 -191.438668 11.071777 -0.019139 0.035514 0.813278 0.580475
1627999438.810802 40.434852 -191.355044 11.061679 -0.019967 0.036903 0.814645 0.578440
1627999438.910959 40.415068 -191.284675 11.058735 -0.019452 0.037055 0.815528 0.577203
1627999439.011158 40.384910 -191.220316 11.057828 -0.020499 0.037074 0.816274 0.576110
1627999439.111375 40.366217 -191.149262 11.049150 -0.022244 0.037344 0.817038 0.574943
1627999439.211574 40.341307 -191.086152 11.043428 -0.022083 0.036899 0.817831 0.573849
1627999439.313724 40.324837 -191.036326 11.042344 -0.021807 0.037247 0.818352 0.573094
1627999439.412622 40.301145 -191.001126 11.037412 -0.022016 0.038176 0.818844 0.572322
1627999439.512246 40.293029 -190.963888 11.032380 -0.021162 0.037817 0.819253 0.571792
1627999439.612383 40.275323 -190.944749 11.033996 -0.020822 0.037195 0.819728 0.571165
1627999439.712595 40.263162 -190.921651 11.031871 -0.021417 0.037134 0.819877 0.570932
1627999439.812783 40.241837 -190.893613 11.028784 -0.021539 0.037171 0.820363 0.570228
1627999439.912983 40.236915 -190.881552 11.027445 -0.021306 0.037341 0.820505 0.570021
1627999440.013189 40.227465 -190.851263 11.027279 -0.022008 0.037431 0.820749 0.569636
1627999440.113416 40.212996 -190.821470 11.022855 -0.022391 0.037492 0.820634 0.569783
1627999440.213606 40.208746 -190.817097 11.023972 -0.022534 0.037329 0.820931 0.569360
1627999440.313803 40.205651 -190.784474 11.020656 -0.022796 0.037487 0.821096 0.569101
1627999440.414011 40.209774 -190.760073 11.016442 -0.022895 0.037517 0.821074 0.569126
1627999440.514247 40.213363 -190.754581 11.016312 -0.022697 0.037297 0.821201 0.568966
1627999440.614434 40.216225 -190.755840 11.017234 -0.022930 0.037316 0.821296 0.568819
1627999440.714627 40.205314 -190.757526 11.017199 -0.022986 0.037389 0.821254 0.568872
1627999440.814840 40.203534 -190.749094 11.016057 -0.022802 0.036943 0.821181 0.569015
1627999440.915020 40.195509 -190.737566 11.015563 -0.022098 0.036505 0.821404 0.568748
1627999441.015235 40.194721 -190.729657 11.015854 -0.022217 0.036350 0.821237 0.568995
1627999441.117573 40.199449 -190.734926 11.014020 -0.022099 0.035813 0.821097 0.569236
1627999441.215629 40.192305 -190.735340 11.014784 -0.021784 0.035226 0.821148 0.569210
1627999441.315824 40.191861 -190.719560 11.015783 -0.021757 0.034840 0.820670 0.569924
1627999441.416066 40.190197 -190.693026 11.012101 -0.021184 0.035132 0.819979 0.570921
1627999441.516231 40.170974 -190.651010 11.010204 -0.020707 0.035151 0.818900 0.572484
1627999441.616447 40.146979 -190.598200 11.006653 -0.020457 0.035471 0.817502 0.574469
1627999441.716638 40.130004 -190.562832 11.004398 -0.020718 0.035309 0.815850 0.576813
1627999441.816850 40.124074 -190.499137 10.998216 -0.020733 0.035126 0.813830 0.579670
1627999441.917044 40.118944 -190.448373 10.995443 -0.020957 0.035049 0.811366 0.583111
1627999442.017257 40.095340 -190.402028 10.991570 -0.021569 0.035369 0.808344 0.587251
1627999442.117486 40.069825 -190.357760 10.987772 -0.022124 0.035417 0.805090 0.591681
1627999442.217664 40.062757 -190.326129 10.984944 -0.022851 0.035332 0.801545 0.596453
1627999442.320558 40.042059 -190.281716 10.980139 -0.023795 0.034962 0.797993 0.601181
1627999442.418053 40.028675 -190.242095 10.974999 -0.023772 0.034137 0.794323 0.606070
1627999442.518272 40.018512 -190.216405 10.976739 -0.024063 0.033962 0.790322 0.611276
1627999442.618526 39.990959 -190.169792 10.973947 -0.025685 0.033672 0.786372 0.616300
1627999442.718672 39.950624 -190.107362 10.964804 -0.026071 0.032793 0.783044 0.620554
1627999442.818883 39.934084 -190.036056 10.960133 -0.026092 0.032048 0.780046 0.624356
1627999442.919179 39.936113 -189.977459 10.957086 -0.026421 0.032629 0.777328 0.627693
1627999443.019311 39.931356 -189.927785 10.950239 -0.025955 0.033181 0.775041 0.630505
1627999443.119483 39.925630 -189.867214 10.946270 -0.025898 0.033018 0.773102 0.632892
1627999443.219678 39.913269 -189.811323 10.941085 -0.026710 0.032573 0.771483 0.634854
1627999443.319881 39.902118 -189.775864 10.938977 -0.026995 0.031760 0.769940 0.636754
1627999443.420077 39.897943 -189.752846 10.937389 -0.026335 0.031683 0.768414 0.638626
1627999443.520291 39.892927 -189.711373 10.934454 -0.025695 0.031835 0.766781 0.640603
1627999443.623763 39.889975 -189.679583 10.930510 -0.025085 0.031334 0.765054 0.642714
1627999443.720700 39.886661 -189.650403 10.929942 -0.025485 0.030546 0.763955 0.644042
1627999443.820899 39.874943 -189.602225 10.927446 -0.025884 0.030065 0.762421 0.645864
1627999443.921100 39.869592 -189.555783 10.923857 -0.026104 0.030480 0.761299 0.647158
1627999444.022693 39.857869 -189.503958 10.918881 -0.026008 0.030986 0.759803 0.648894
1627999444.121562 39.848459 -189.445472 10.915239 -0.026156 0.031578 0.758224 0.650704
1627999444.221708 39.833938 -189.388951 10.910723 -0.026727 0.031815 0.756795 0.652330
1627999444.321897 39.822115 -189.333506 10.903301 -0.027357 0.031306 0.755605 0.653707
1627999444.424066 39.815196 -189.281759 10.900175 -0.027308 0.030473 0.754325 0.655225
1627999444.522315 39.808858 -189.242009 10.898490 -0.027112 0.030456 0.753355 0.656348
1627999444.622517 39.798781 -189.197588 10.894211 -0.026682 0.030779 0.751812 0.658118
1627999444.725578 39.793181 -189.157332 10.891745 -0.026242 0.031073 0.750643 0.659455
1627999444.824311 39.787010 -189.116604 10.890113 -0.027330 0.031269 0.749484 0.660719
1627999444.923529 39.783632 -189.079630 10.881768 -0.027939 0.030840 0.748512 0.661814
1627999445.023301 39.775030 -189.021736 10.882081 -0.027491 0.030696 0.747136 0.663393
1627999445.125996 39.772920 -188.982393 10.879731 -0.027439 0.032207 0.745648 0.664995
1627999445.223707 39.771403 -188.955969 10.872600 -0.026824 0.033170 0.744275 0.666509
1627999445.323948 39.773338 -188.933937 10.872018 -0.026512 0.032885 0.742941 0.668022
1627999445.424188 39.774841 -188.897516 10.867300 -0.026684 0.032244 0.741642 0.669489
1627999445.524369 39.771980 -188.870432 10.866300 -0.026446 0.031656 0.740650 0.670623
1627999445.624518 39.764326 -188.822159 10.864112 -0.026278 0.031426 0.739241 0.672194
1627999445.724747 39.755765 -188.768859 10.861233 -0.026477 0.031329 0.738045 0.673504
1627999445.824923 39.757045 -188.721749 10.857486 -0.026901 0.030897 0.736914 0.674744
1627999445.925121 39.757902 -188.681903 10.854471 -0.026604 0.031148 0.735659 0.676112
1627999446.025358 39.756986 -188.645105 10.850358 -0.026351 0.031750 0.734610 0.677234
1627999446.125547 39.747736 -188.602740 10.842444 -0.025820 0.031371 0.733226 0.678770
1627999446.225781 39.743606 -188.574951 10.845297 -0.025790 0.030513 0.732039 0.680090
1627999446.325971 39.739777 -188.530198 10.842128 -0.026591 0.030512 0.730619 0.681584
1627999446.426130 39.730109 -188.480297 10.835907 -0.026109 0.031045 0.729403 0.682881
1627999446.526346 39.729936 -188.428218 10.831463 -0.025829 0.031603 0.727817 0.684556
1627999446.628584 39.724241 -188.377409 10.827358 -0.025708 0.031546 0.726641 0.685811
1627999446.726737 39.730246 -188.339665 10.828520 -0.025776 0.031715 0.725535 0.686971
1627999446.826943 39.746388 -188.300816 10.822674 -0.025610 0.032445 0.725417 0.687068
1627999446.927138 39.750847 -188.260754 10.819383 -0.025156 0.032909 0.726063 0.686379
1627999447.027355 39.750924 -188.203368 10.815221 -0.025771 0.032509 0.727781 0.684553
1627999447.127541 39.745792 -188.145179 10.810436 -0.026649 0.031323 0.729882 0.682335
1627999447.228984 39.745454 -188.098523 10.808350 -0.027044 0.031091 0.732853 0.679138
1627999447.327944 39.745886 -188.043249 10.800815 -0.026222 0.031957 0.736176 0.675527
1627999447.429051 39.745669 -188.004836 10.801635 -0.025250 0.033107 0.740004 0.671312
1627999447.528354 39.749130 -187.959186 10.798207 -0.025487 0.034178 0.744148 0.666653
1627999447.628607 39.753766 -187.918986 10.791660 -0.025990 0.033942 0.748862 0.661345
1627999447.728744 39.754410 -187.884142 10.790115 -0.026789 0.033087 0.754524 0.654890
1627999447.828959 39.755658 -187.846002 10.786803 -0.026887 0.033477 0.760369 0.648071
1627999447.929183 39.754752 -187.806232 10.781942 -0.025836 0.034715 0.767367 0.639747
1627999448.029393 39.747698 -187.756197 10.779855 -0.024585 0.036276 0.774043 0.631614
1627999448.129556 39.744407 -187.707217 10.776687 -0.023750 0.037282 0.781260 0.622639
1627999448.229753 39.741627 -187.640406 10.768569 -0.023836 0.037421 0.788821 0.613019
1627999448.330032 39.732158 -187.572759 10.763437 -0.023677 0.036885 0.797380 0.601884
1627999448.430155 39.722681 -187.516687 10.761930 -0.023816 0.037102 0.805670 0.590722
1627999448.530376 39.709112 -187.459848 10.755361 -0.023648 0.038415 0.814166 0.578877
1627999448.630580 39.696038 -187.404356 10.747268 -0.022812 0.039223 0.823369 0.565689
1627999448.730799 39.681890 -187.343873 10.741062 -0.021846 0.039192 0.833100 0.551300
1627999448.830959 39.661100 -187.288117 10.737308 -0.020824 0.039010 0.842805 0.536399
1627999448.931159 39.631680 -187.210602 10.732810 -0.019567 0.039333 0.852391 0.521056
1627999449.031982 39.581630 -187.118021 10.730953 -0.018890 0.040624 0.861449 0.505864
1627999449.131561 39.533292 -187.048516 10.721097 -0.018963 0.041794 0.869912 0.491067
1627999449.231758 39.477228 -186.979042 10.710515 -0.019059 0.041619 0.876862 0.478557
1627999449.331975 39.418787 -186.910348 10.706382 -0.018755 0.041071 0.883102 0.467004
1627999449.432171 39.358014 -186.842279 10.701854 -0.018925 0.040805 0.887901 0.457831
1627999449.532363 39.307177 -186.785417 10.696321 -0.018868 0.040664 0.891896 0.450013
1627999449.632575 39.255326 -186.732326 10.694423 -0.018592 0.040995 0.895245 0.443294
1627999449.732777 39.206229 -186.677305 10.690827 -0.019292 0.041842 0.898045 0.437484
1627999449.832985 39.148673 -186.610043 10.678068 -0.019181 0.041857 0.900718 0.431957
1627999449.933198 39.094217 -186.537997 10.672558 -0.018063 0.041022 0.903114 0.427056
1627999450.033397 39.042847 -186.467158 10.668387 -0.016846 0.040179 0.905727 0.421617
1627999450.133584 38.984344 -186.403346 10.662040 -0.015254 0.039989 0.907896 0.417005
1627999450.233769 38.931825 -186.343614 10.662047 -0.013733 0.040315 0.909821 0.412809
1627999450.333968 38.889609 -186.291766 10.658857 -0.013404 0.040874 0.911609 0.408801
1627999450.434201 38.837713 -186.249167 10.649967 -0.012427 0.040552 0.913351 0.404958
1627999450.534385 38.774956 -186.206066 10.650069 -0.011120 0.040592 0.914354 0.402723
1627999450.634573 38.719157 -186.153428 10.647495 -0.011530 0.040681 0.914972 0.401297
1627999450.734785 38.668105 -186.102735 10.642433 -0.012183 0.040313 0.915397 0.400343
1627999450.834995 38.616328 -186.047812 10.640037 -0.012088 0.040242 0.915319 0.400531
1627999450.935184 38.556397 -185.984545 10.639803 -0.012174 0.040988 0.915137 0.400870
1627999451.035421 38.510382 -185.936470 10.632547 -0.011938 0.041861 0.914616 0.401975
1627999451.135579 38.449851 -185.888091 10.629807 -0.010575 0.042201 0.913957 0.403473
1627999451.235797 38.403286 -185.835850 10.629128 -0.010845 0.042607 0.913411 0.404656
1627999451.335989 38.353425 -185.780530 10.617900 -0.010782 0.042670 0.912648 0.406371
1627999451.436182 38.301043 -185.727266 10.611793 -0.009657 0.042227 0.912005 0.407885
1627999451.536413 38.246680 -185.667297 10.612330 -0.009354 0.041581 0.911398 0.409313
1627999451.636595 38.192089 -185.607712 10.610532 -0.010980 0.041079 0.910891 0.410450
1627999451.736816 38.142883 -185.550214 10.603796 -0.011535 0.040836 0.910430 0.411482
1627999451.837002 38.090627 -185.494458 10.603491 -0.011405 0.041350 0.909572 0.413326
1627999451.937182 38.039459 -185.437181 10.598723 -0.011304 0.042084 0.909127 0.414234
1627999452.037418 37.983476 -185.369872 10.589668 -0.010544 0.042028 0.908311 0.416044
1627999452.137629 37.930891 -185.309409 10.592005 -0.010835 0.042497 0.907530 0.417691
1627999452.237807 37.875432 -185.245836 10.587516 -0.012818 0.042754 0.906978 0.418805
1627999452.338113 37.814237 -185.179446 10.571469 -0.013309 0.042229 0.906191 0.420543
1627999452.438199 37.754707 -185.119341 10.569889 -0.012369 0.041091 0.905304 0.422591
1627999452.538581 37.701956 -185.066877 10.569922 -0.012406 0.040784 0.904620 0.424082
1627999452.638752 37.651830 -185.004422 10.564736 -0.011759 0.040917 0.903707 0.426029
1627999452.738840 37.593041 -184.937455 10.564045 -0.011326 0.040936 0.902838 0.427878
1627999452.839011 37.530209 -184.851422 10.552897 -0.011969 0.040671 0.901891 0.429878
1627999452.939207 37.458169 -184.789359 10.545071 -0.012742 0.039563 0.900950 0.431927
1627999453.039397 37.398663 -184.710823 10.540880 -0.013112 0.038510 0.900248 0.433472
1627999453.139591 37.339653 -184.627899 10.538687 -0.012713 0.038385 0.899358 0.435340
1627999453.240756 37.277239 -184.551858 10.541626 -0.012760 0.039595 0.898294 0.437420
1627999453.340039 37.221455 -184.470898 10.530048 -0.014513 0.040954 0.897089 0.439709
1627999453.440227 37.158167 -184.401078 10.515098 -0.014815 0.040647 0.895914 0.442117
1627999453.540385 37.095716 -184.323576 10.515297 -0.015503 0.039301 0.894911 0.444240
1627999453.640592 37.030147 -184.223469 10.511060 -0.017553 0.039334 0.893737 0.446519
1627999453.740796 36.965200 -184.144184 10.506276 -0.018884 0.040187 0.892730 0.448399
1627999453.841002 36.904030 -184.071285 10.494837 -0.018815 0.041089 0.891833 0.450101
1627999453.942126 36.839751 -183.991587 10.483925 -0.018327 0.041187 0.890661 0.452427
1627999454.041968 36.773909 -183.899102 10.474694 -0.016981 0.040580 0.889839 0.454150
1627999454.239827 36.664893 -183.712336 10.460996 -0.017088 0.040310 0.888376 0.457025
1627999454.241812 36.665904 -183.710949 10.462123 -0.017067 0.040292 0.888377 0.457024
1627999454.344376 36.589077 -183.617515 10.453502 -0.018139 0.040291 0.886825 0.459988
1627999454.442587 36.522460 -183.533906 10.449929 -0.017685 0.039070 0.885827 0.462029
1627999454.542390 36.459279 -183.463221 10.447207 -0.017910 0.039164 0.884674 0.464217
1627999454.642612 36.393571 -183.386630 10.441717 -0.018073 0.040480 0.883401 0.466517
1627999454.742865 36.330181 -183.302913 10.429575 -0.018385 0.041635 0.882091 0.468876
1627999454.843009 36.268461 -183.212344 10.418213 -0.018267 0.041199 0.880731 0.471468
1627999454.943192 36.211338 -183.114982 10.412022 -0.018562 0.039920 0.879507 0.473845
1627999455.043409 36.148773 -183.013084 10.410005 -0.018761 0.039852 0.878024 0.476586
1627999455.143591 36.082956 -182.907941 10.398563 -0.019650 0.041110 0.876907 0.478495
1627999455.243796 36.014316 -182.822350 10.382691 -0.018350 0.041274 0.875719 0.480704
1627999455.343986 35.950301 -182.723719 10.377204 -0.016425 0.040347 0.874180 0.483644
1627999455.444314 35.898126 -182.641712 10.376838 -0.016845 0.040041 0.872786 0.486167
1627999455.544384 35.841586 -182.550855 10.368188 -0.017364 0.040024 0.871324 0.488764
1627999455.644699 35.782686 -182.453941 10.359095 -0.017208 0.039689 0.869750 0.491593
1627999455.744787 35.722461 -182.353653 10.355073 -0.017758 0.039486 0.868500 0.493794
1627999455.844998 35.658127 -182.253615 10.343947 -0.018827 0.039463 0.867229 0.495986
1627999455.945203 35.608231 -182.166940 10.338205 -0.018867 0.039406 0.866049 0.498046
1627999456.045386 35.557021 -182.082296 10.332220 -0.019170 0.039994 0.865070 0.499687
1627999456.145605 35.504394 -181.995863 10.322084 -0.019136 0.040070 0.863959 0.501600
1627999456.245965 35.441528 -181.882014 10.309695 -0.018423 0.038989 0.863162 0.503082
1627999456.346012 35.387795 -181.779127 10.306965 -0.018203 0.037561 0.862127 0.504970
1627999456.446210 35.344552 -181.698531 10.304735 -0.019196 0.037443 0.861284 0.506379
1627999456.546401 35.289832 -181.609985 10.292880 -0.018963 0.037992 0.860518 0.507646
1627999456.646597 35.228190 -181.506944 10.284264 -0.017644 0.038300 0.859658 0.509127
1627999456.746809 35.179323 -181.420249 10.278654 -0.016869 0.038522 0.858560 0.510985
1627999456.846990 35.128256 -181.326152 10.270800 -0.018226 0.038149 0.857790 0.512258
1627999456.947194 35.077563 -181.228866 10.262687 -0.020139 0.037701 0.857424 0.512833
1627999457.047429 35.024470 -181.135353 10.254331 -0.019901 0.037610 0.856624 0.514184
1627999457.147594 34.979856 -181.049581 10.250728 -0.019168 0.038690 0.855792 0.515515
1627999457.247790 34.942612 -180.963224 10.244665 -0.019241 0.039444 0.855083 0.516630
1627999457.348125 34.885166 -180.878278 10.237245 -0.020004 0.039700 0.854282 0.517906
1627999457.448190 34.834129 -180.787827 10.225903 -0.021282 0.039487 0.853795 0.518673
1627999457.548492 34.784879 -180.672435 10.216161 -0.020833 0.039263 0.853187 0.519708
1627999457.648607 34.737202 -180.587207 10.210547 -0.020119 0.039180 0.852560 0.520771
1627999457.749181 34.688515 -180.503410 10.207944 -0.019963 0.040247 0.851681 0.522131
1627999457.848985 34.635092 -180.400289 10.195879 -0.020359 0.040871 0.851014 0.523155
1627999457.949733 34.577242 -180.283116 10.181400 -0.020061 0.040483 0.850425 0.524152
1627999458.049438 34.528424 -180.185985 10.173150 -0.019820 0.039845 0.849906 0.525052
1627999458.149587 34.487238 -180.097064 10.168628 -0.019596 0.039217 0.849377 0.525962
1627999458.249792 34.440505 -180.005900 10.166111 -0.020858 0.039442 0.849196 0.526190
1627999458.350315 34.399582 -179.911805 10.155657 -0.021975 0.040918 0.849422 0.525666
1627999458.450190 34.362147 -179.823765 10.139588 -0.020480 0.040403 0.849811 0.525137
1627999458.550585 34.305408 -179.716127 10.135089 -0.018284 0.039536 0.850313 0.524471
1627999458.650573 34.254037 -179.610885 10.133877 -0.018766 0.039848 0.850999 0.523318
1627999458.750781 34.203593 -179.509313 10.120568 -0.018372 0.039871 0.851766 0.522080
1627999458.851018 34.151936 -179.424910 10.109677 -0.016495 0.038446 0.852301 0.521376
1627999458.951205 34.100789 -179.326281 10.107603 -0.016915 0.037711 0.852762 0.520662
1627999459.051381 34.051512 -179.231069 10.098739 -0.017669 0.038020 0.853542 0.519335
1627999459.154797 34.000836 -179.138351 10.091345 -0.017289 0.038261 0.854144 0.518339
1627999459.251790 33.954266 -179.029000 10.086946 -0.017646 0.039516 0.854763 0.517212
1627999459.352305 33.906847 -178.918940 10.076506 -0.017424 0.040066 0.855478 0.515992
1627999459.452186 33.852610 -178.820176 10.065323 -0.016240 0.039160 0.856090 0.515085
1627999459.552389 33.795927 -178.736830 10.063211 -0.016251 0.038463 0.856725 0.514081
1627999459.652581 33.746184 -178.639915 10.057190 -0.017222 0.038681 0.857692 0.512417
1627999459.752789 33.697582 -178.539405 10.048030 -0.016675 0.039004 0.859640 0.509137
1627999459.852976 33.647771 -178.461208 10.043238 -0.015893 0.039931 0.862029 0.505033
1627999459.953186 33.594383 -178.373135 10.037442 -0.016562 0.040982 0.864563 0.500577
1627999460.053399 33.543793 -178.283224 10.029929 -0.018018 0.041701 0.867404 0.495527
1627999460.154432 33.501723 -178.196706 10.019833 -0.018155 0.041203 0.870488 0.490126
1627999460.253784 33.447659 -178.113886 10.013249 -0.017196 0.040608 0.873612 0.484620
1627999460.353967 33.390151 -178.005503 10.005527 -0.015850 0.040542 0.876573 0.479296
1627999460.454169 33.329274 -177.908857 10.001717 -0.014881 0.041378 0.879510 0.473844
1627999460.554354 33.271884 -177.813168 9.992508 -0.015315 0.042303 0.882282 0.468566
1627999460.654571 33.207823 -177.729494 9.981655 -0.015416 0.041956 0.884861 0.463706
1627999460.754768 33.139707 -177.648151 9.973893 -0.014669 0.041030 0.887521 0.458702
1627999460.854960 33.069320 -177.561177 9.971893 -0.014613 0.040958 0.889665 0.454538
1627999460.955164 33.007146 -177.459835 9.964615 -0.015456 0.041638 0.891766 0.450311
1627999461.055433 32.945766 -177.378381 9.954738 -0.014686 0.041755 0.894034 0.445807
1627999461.155553 32.877008 -177.294802 9.948884 -0.013784 0.040867 0.896059 0.441834
1627999461.255791 32.808647 -177.206583 9.944084 -0.013877 0.040859 0.897690 0.438509
1627999461.355952 32.732259 -177.108798 9.936890 -0.014183 0.040936 0.899310 0.435160
1627999461.456188 32.664512 -177.016069 9.929040 -0.013872 0.041335 0.900802 0.432036
1627999461.556348 32.597306 -176.938573 9.923183 -0.013627 0.041220 0.902187 0.429154
1627999461.656560 32.526512 -176.844645 9.913168 -0.013132 0.040637 0.903595 0.426254
1627999461.756763 32.447817 -176.745750 9.909752 -0.013541 0.040296 0.904897 0.423502
1627999461.857062 32.374214 -176.655403 9.903787 -0.014554 0.040301 0.906273 0.420515
1627999461.957164 32.311209 -176.585190 9.896436 -0.013139 0.040278 0.907274 0.418401
1627999462.057373 32.240437 -176.517799 9.892581 -0.011881 0.039841 0.908150 0.416576
1627999462.157555 32.159369 -176.422265 9.885613 -0.011471 0.039587 0.908892 0.414989
1627999462.257739 32.072588 -176.321395 9.879946 -0.011232 0.039529 0.908959 0.414855
1627999462.357949 32.004054 -176.228288 9.871672 -0.011252 0.039346 0.908680 0.415483
1627999462.458683 31.929952 -176.146909 9.866131 -0.011440 0.038926 0.908306 0.416334
1627999462.558337 31.853459 -176.066645 9.860121 -0.011699 0.038187 0.907978 0.417111
1627999462.658537 31.787277 -175.975357 9.859303 -0.012946 0.038418 0.907210 0.418721
1627999462.758746 31.725077 -175.893183 9.852341 -0.013522 0.039423 0.906150 0.420899
1627999462.858990 31.649338 -175.802545 9.842833 -0.012545 0.039449 0.904027 0.425467
1627999462.959140 31.578551 -175.719257 9.835113 -0.012780 0.039032 0.901734 0.430336
1627999463.059435 31.493623 -175.621369 9.829038 -0.014280 0.039107 0.898709 0.436565
1627999463.159558 31.414055 -175.523082 9.821695 -0.016204 0.039988 0.895414 0.443139
1627999463.259730 31.339997 -175.423196 9.812134 -0.017398 0.040626 0.891311 0.451233
1627999463.359961 31.275809 -175.327987 9.803902 -0.018775 0.040379 0.887232 0.459170
1627999463.460300 31.199790 -175.221051 9.794211 -0.020055 0.040412 0.882482 0.468177
1627999463.560338 31.135227 -175.139481 9.791246 -0.020783 0.040620 0.877715 0.477005
1627999463.660527 31.079914 -175.063051 9.789165 -0.019884 0.040598 0.872670 0.486214
1627999463.760763 31.028738 -174.977668 9.779997 -0.018981 0.039764 0.867736 0.495069
1627999463.861546 30.964529 -174.882497 9.770080 -0.018836 0.038682 0.862514 0.504201
1627999463.961116 30.909478 -174.774743 9.756618 -0.019563 0.038012 0.857322 0.513002
1627999464.061318 30.852727 -174.678305 9.756700 -0.019504 0.037668 0.852206 0.521485
1627999464.161543 30.804952 -174.591588 9.749656 -0.018463 0.036062 0.847281 0.529598
1627999464.261714 30.765914 -174.495638 9.731897 -0.019142 0.035833 0.842038 0.537887
1627999464.361929 30.712882 -174.413460 9.726410 -0.021018 0.037075 0.837667 0.544517
1627999464.462126 30.664101 -174.319465 9.724637 -0.021313 0.037882 0.833782 0.550380
1627999464.562324 30.618200 -174.212050 9.709182 -0.022248 0.037363 0.830544 0.555253
1627999464.662609 30.577697 -174.106234 9.702964 -0.023944 0.037679 0.827838 0.559189
1627999464.762701 30.531852 -173.994708 9.708062 -0.022416 0.037967 0.825419 0.562796
1627999464.862899 30.491776 -173.888222 9.690835 -0.020859 0.037373 0.822863 0.566626
1627999464.963105 30.457955 -173.795003 9.678496 -0.021836 0.038031 0.820327 0.570211
1627999465.063318 30.425157 -173.702792 9.680661 -0.021925 0.037542 0.818309 0.573133
1627999465.163533 30.393431 -173.604671 9.668640 -0.020844 0.036041 0.816251 0.576195
1627999465.263705 30.353432 -173.503092 9.648436 -0.022604 0.036025 0.813590 0.579882
1627999465.363985 30.316706 -173.408750 9.647598 -0.024398 0.037737 0.811470 0.582663
1627999465.464401 30.286536 -173.315303 9.651912 -0.022392 0.037933 0.809406 0.585595
1627999465.564312 30.256484 -173.236815 9.632138 -0.021157 0.036826 0.807840 0.587869
1627999465.664505 30.236001 -173.145149 9.618316 -0.022947 0.036194 0.808142 0.587426
1627999465.764722 30.209018 -173.054870 9.616563 -0.023648 0.035965 0.809200 0.585955
1627999465.866442 30.185748 -172.978348 9.611843 -0.023520 0.036595 0.811208 0.583137
1627999465.965099 30.153299 -172.896052 9.610975 -0.022839 0.037752 0.814324 0.578731
1627999466.065312 30.104257 -172.806044 9.608178 -0.020394 0.037800 0.818681 0.572640
1627999466.165874 30.080851 -172.747280 9.593892 -0.019645 0.037080 0.823198 0.566202
1627999466.266512 30.061668 -172.675126 9.584789 -0.020350 0.037151 0.828459 0.558446
1627999466.365905 30.040759 -172.616990 9.584458 -0.020354 0.037080 0.833976 0.550176
1627999466.466074 30.002297 -172.552317 9.587230 -0.018835 0.037179 0.840609 0.540037
1627999466.566270 29.967857 -172.491287 9.576398 -0.017261 0.037226 0.847713 0.528866
1627999466.666479 29.935526 -172.424306 9.569110 -0.016892 0.037915 0.854097 0.518454
1627999466.766691 29.901274 -172.349878 9.561295 -0.016764 0.037852 0.861026 0.506873
1627999466.866863 29.872907 -172.295896 9.558670 -0.016156 0.038285 0.867788 0.495195
1627999466.967069 29.824677 -172.219978 9.551522 -0.016605 0.038279 0.874448 0.483322
1627999467.067276 29.779403 -172.142575 9.549589 -0.015699 0.039134 0.880766 0.471670
1627999467.167469 29.745499 -172.051689 9.542135 -0.014508 0.039723 0.885526 0.462661
1627999467.267671 29.713794 -171.950376 9.534462 -0.014219 0.039662 0.889389 0.455206
1627999467.367908 29.658717 -171.848891 9.526618 -0.013973 0.039452 0.891463 0.451156
1627999467.471941 29.596054 -171.756923 9.517151 -0.015294 0.038975 0.892017 0.450058
1627999467.568275 29.538566 -171.691312 9.513907 -0.016255 0.038965 0.891177 0.451687
1627999467.668676 29.490373 -171.617236 9.514385 -0.015160 0.039261 0.889431 0.455128
1627999467.770627 29.442091 -171.546564 9.504372 -0.014784 0.039507 0.887642 0.458599
1627999467.869289 29.393229 -171.471037 9.497271 -0.014895 0.039182 0.885904 0.461971
1627999467.970290 29.329429 -171.396682 9.491568 -0.014962 0.038553 0.883872 0.465897
1627999468.069397 29.258459 -171.319926 9.487684 -0.015790 0.038446 0.882164 0.469104
1627999468.169452 29.196131 -171.232606 9.485935 -0.015806 0.038409 0.880220 0.472745
1627999468.269907 29.140305 -171.141664 9.478468 -0.015090 0.038750 0.878043 0.476772
1627999468.369863 29.091150 -171.065843 9.466262 -0.015403 0.039089 0.875936 0.480595
1627999468.470037 29.041403 -170.974785 9.455482 -0.016694 0.039355 0.873470 0.484998
1627999468.570273 28.997280 -170.895205 9.453924 -0.018651 0.039710 0.871408 0.488593
1627999468.670425 28.944232 -170.800765 9.452382 -0.019205 0.039719 0.869442 0.492062
1627999468.770643 28.888126 -170.697565 9.440834 -0.018998 0.039656 0.866752 0.496797
1627999468.870896 28.842192 -170.610742 9.431664 -0.019604 0.039930 0.864558 0.500561
1627999468.971022 28.788119 -170.511070 9.428606 -0.020089 0.040654 0.862379 0.504228
1627999469.071249 28.744176 -170.417591 9.420052 -0.020529 0.040994 0.860263 0.507786
1627999469.171419 28.691884 -170.351993 9.415106 -0.020194 0.041386 0.858198 0.511250
1627999469.271680 28.641965 -170.293388 9.415196 -0.019726 0.041184 0.856111 0.514770
1627999469.371827 28.596811 -170.230190 9.419742 -0.018832 0.039206 0.854358 0.517861
1627999469.472042 28.549730 -170.148288 9.407554 -0.018299 0.037000 0.852244 0.521513
1627999469.572233 28.509766 -170.068124 9.394268 -0.018658 0.037011 0.850340 0.524598
1627999469.672414 28.472446 -169.991866 9.394271 -0.016992 0.037729 0.848450 0.527656
1627999469.772608 28.427947 -169.917715 9.410182 -0.011392 0.035727 0.846478 0.531101
1627999469.872806 28.385953 -169.848332 9.402698 -0.005484 0.030836 0.844396 0.534803
1627999469.973016 28.350642 -169.787723 9.375331 -0.004643 0.027230 0.842542 0.537922
1627999470.073195 28.330199 -169.722561 9.346117 -0.009292 0.028184 0.840409 0.541140
1627999470.173412 28.302687 -169.626040 9.345634 -0.013484 0.031736 0.838989 0.543054
1627999470.273599 28.271984 -169.538313 9.346882 -0.014381 0.034090 0.837193 0.545654
1627999470.373800 28.231423 -169.442098 9.322840 -0.017487 0.037351 0.835424 0.548056
1627999470.474002 28.191948 -169.362708 9.304971 -0.025297 0.040906 0.833935 0.549762
1627999470.574198 28.157398 -169.290250 9.312426 -0.032116 0.044369 0.832092 0.551927
1627999470.674405 28.110192 -169.220451 9.316639 -0.037365 0.047190 0.830763 0.553362
1627999470.775319 28.076847 -169.151419 9.320655 -0.036630 0.048365 0.829202 0.555647
1627999470.874806 28.042861 -169.057652 9.308183 -0.034123 0.049329 0.827230 0.558652
1627999470.974977 28.005533 -168.961635 9.291971 -0.034317 0.050018 0.825907 0.560533
1627999471.075234 27.958782 -168.862959 9.283224 -0.035356 0.050233 0.823934 0.563347
1627999471.175382 27.925148 -168.766699 9.267600 -0.036963 0.050534 0.822065 0.565941
1627999471.275570 27.899059 -168.668540 9.255350 -0.039110 0.050501 0.820679 0.567808
1627999471.375768 27.866035 -168.552001 9.256042 -0.037590 0.048919 0.819431 0.569848
1627999471.476026 27.834518 -168.436387 9.241022 -0.034507 0.047549 0.818582 0.571378
1627999471.576161 27.776964 -168.344198 9.216583 -0.034250 0.048825 0.818187 0.571851
1627999471.676736 27.732331 -168.253967 9.208115 -0.034757 0.049941 0.817476 0.572740
1627999471.776558 27.686510 -168.139185 9.199188 -0.033533 0.048630 0.817099 0.573463
1627999471.876882 27.648521 -168.027729 9.177434 -0.034514 0.047656 0.816344 0.574561
1627999471.976950 27.626558 -167.927997 9.165808 -0.037783 0.048197 0.816511 0.574073
1627999472.077173 27.590669 -167.829038 9.164077 -0.038270 0.049149 0.816063 0.574596
1627999472.177365 27.558882 -167.730426 9.150393 -0.037119 0.049885 0.815563 0.575317
1627999472.277662 27.524305 -167.631020 9.137271 -0.036567 0.050085 0.815391 0.575579
1627999472.377751 27.493298 -167.524041 9.126710 -0.035903 0.049443 0.814829 0.576472
1627999472.478006 27.458320 -167.433556 9.108175 -0.036700 0.049076 0.814404 0.577053
1627999472.578149 27.408099 -167.323985 9.098670 -0.037782 0.049640 0.814038 0.577451
1627999472.678332 27.371846 -167.222372 9.089485 -0.038361 0.050111 0.813749 0.577779
1627999472.778529 27.331459 -167.120229 9.077180 -0.037594 0.050390 0.813733 0.577829
1627999472.878747 27.286390 -167.029446 9.066382 -0.037321 0.050213 0.813588 0.578067
1627999472.978924 27.260970 -166.946824 9.050641 -0.038034 0.050259 0.813049 0.578773
1627999473.079247 27.231408 -166.858292 9.038734 -0.039613 0.051240 0.812952 0.578718
1627999473.179363 27.205295 -166.780339 9.034056 -0.039766 0.051365 0.812716 0.579028
1627999473.279537 27.178866 -166.694243 9.025659 -0.038825 0.051029 0.812391 0.579577
1627999473.379736 27.148061 -166.587787 9.012327 -0.038834 0.051342 0.811931 0.580194
1627999473.480141 27.122554 -166.500340 8.997054 -0.040053 0.051901 0.811520 0.580636
1627999473.584265 27.090972 -166.414544 8.985475 -0.041289 0.051763 0.811156 0.581070
1627999473.680335 27.059993 -166.340597 8.982297 -0.040978 0.051625 0.810663 0.581791
1627999473.781027 27.035373 -166.250604 8.970495 -0.040198 0.051785 0.809855 0.582955
1627999473.880726 27.014011 -166.166465 8.959585 -0.039630 0.051804 0.809158 0.583960
1627999473.980911 26.978535 -166.081584 8.951962 -0.039777 0.051803 0.809183 0.583916
1627999474.081095 26.944891 -166.022771 8.944318 -0.039816 0.051035 0.809167 0.584002
1627999474.181310 26.916896 -165.939705 8.935113 -0.038987 0.050474 0.808809 0.584603
1627999474.281506 26.892984 -165.850931 8.923545 -0.038200 0.050201 0.808197 0.585524
1627999474.381720 26.855402 -165.759799 8.913185 -0.036866 0.049672 0.808098 0.585791
1627999474.481881 26.830388 -165.680483 8.901660 -0.035955 0.049255 0.807680 0.586459
1627999474.582078 26.817142 -165.603423 8.892655 -0.035958 0.049014 0.807201 0.587138
1627999474.684258 26.791175 -165.526033 8.883874 -0.036032 0.048677 0.806599 0.587989
1627999474.782471 26.761795 -165.436583 8.873766 -0.036381 0.048879 0.806394 0.588232
1627999474.882671 26.744492 -165.348085 8.869014 -0.035763 0.048833 0.806242 0.588482
1627999474.982863 26.717561 -165.263300 8.853392 -0.034924 0.048972 0.806710 0.587879
1627999475.083116 26.685521 -165.177062 8.848769 -0.034804 0.048893 0.807970 0.586159
1627999475.183277 26.652864 -165.112980 8.853417 -0.032523 0.046743 0.811365 0.581759
1627999475.283457 26.608410 -165.033779 8.841225 -0.029902 0.044930 0.814866 0.577131
1627999475.383685 26.566946 -164.956998 8.831111 -0.028234 0.044344 0.818743 0.571748
1627999475.483849 26.546563 -164.898377 8.832161 -0.024860 0.043126 0.822443 0.566666
1627999475.584064 26.531698 -164.822460 8.830140 -0.021029 0.042120 0.826369 0.561158
1627999475.684242 26.511068 -164.738093 8.804815 -0.018806 0.040708 0.829115 0.557277
1627999475.784443 26.477147 -164.654764 8.794053 -0.019164 0.039286 0.830932 0.554655
1627999475.884637 26.449175 -164.566894 8.794947 -0.019734 0.037687 0.832171 0.552884
1627999475.984864 26.425339 -164.458283 8.792058 -0.018155 0.036365 0.832012 0.553267
1627999476.085049 26.393753 -164.356981 8.774829 -0.016831 0.036177 0.831381 0.554268
1627999476.185255 26.343603 -164.249553 8.760597 -0.017623 0.036609 0.830799 0.555087
1627999476.285461 26.295286 -164.134620 8.760726 -0.017672 0.035745 0.830673 0.555331
1627999476.385626 26.248782 -164.030732 8.757941 -0.015760 0.033993 0.829898 0.556655
1627999476.485829 26.196917 -163.910057 8.741944 -0.014791 0.033505 0.828112 0.559366
1627999476.586030 26.143100 -163.770123 8.734754 -0.014928 0.033787 0.826276 0.562053
1627999476.686210 26.097758 -163.648516 8.725911 -0.014791 0.033054 0.823795 0.565731
1627999476.786437 26.051293 -163.536136 8.710570 -0.015923 0.032206 0.821132 0.569607
1627999476.886621 26.006389 -163.420117 8.695928 -0.019020 0.032549 0.818239 0.573641
1627999476.986854 25.955111 -163.279841 8.681106 -0.022546 0.033670 0.815264 0.577670
1627999477.087006 25.908197 -163.161494 8.678605 -0.024210 0.036381 0.812432 0.581415
1627999477.187201 25.868470 -163.036552 8.686508 -0.022061 0.036141 0.809211 0.585990
1627999477.287402 25.825890 -162.905523 8.673061 -0.020360 0.033503 0.806221 0.590314
1627999477.387681 25.772391 -162.772013 8.660341 -0.021413 0.032077 0.804313 0.592953
1627999477.487804 25.727993 -162.632076 8.650949 -0.020376 0.030534 0.803045 0.594787
1627999477.588125 25.684856 -162.481017 8.633411 -0.019674 0.032242 0.801261 0.597122
1627999477.688215 25.655756 -162.351298 8.617213 -0.020933 0.034835 0.799760 0.598943
1627999477.788427 25.616805 -162.224186 8.618115 -0.020833 0.034419 0.798316 0.600893
1627999477.888652 25.582068 -162.092109 8.609249 -0.020177 0.032401 0.796575 0.603333
1627999477.989147 25.529320 -161.957130 8.587597 -0.021474 0.032190 0.795052 0.605306
1627999478.088990 25.490550 -161.833398 8.583602 -0.021878 0.032600 0.794342 0.606201
1627999478.189167 25.453495 -161.687166 8.580403 -0.019719 0.032298 0.793665 0.607177
1627999478.289377 25.410676 -161.540542 8.562384 -0.018950 0.032297 0.792767 0.608374
1627999478.389971 25.369629 -161.388301 8.547225 -0.020647 0.032872 0.792878 0.608143
1627999478.489765 25.314181 -161.255570 8.548254 -0.020852 0.032229 0.794068 0.606615
1627999478.590406 25.266160 -161.123896 8.534420 -0.019784 0.031924 0.796046 0.604069
1627999478.690177 25.228338 -160.975500 8.515381 -0.020327 0.033347 0.797003 0.602712
1627999478.790501 25.189184 -160.841892 8.513560 -0.021219 0.034040 0.798525 0.600623
1627999478.890553 25.148907 -160.731771 8.509674 -0.019896 0.032668 0.800377 0.598276
1627999478.990749 25.121298 -160.589309 8.492700 -0.019771 0.032652 0.801876 0.596269
1627999479.090931 25.088521 -160.463792 8.484002 -0.020927 0.033768 0.803542 0.593922
1627999479.191131 25.053402 -160.334306 8.482974 -0.019287 0.033259 0.805147 0.591827
1627999479.291335 25.007988 -160.195552 8.467809 -0.018019 0.032846 0.806727 0.589736
1627999479.391559 24.959044 -160.066614 8.451867 -0.019276 0.033934 0.808078 0.587781
1627999479.491714 24.932657 -159.944879 8.452597 -0.019695 0.034272 0.809521 0.585759
1627999479.591918 24.903802 -159.826698 8.443761 -0.018901 0.033249 0.810879 0.583963
1627999479.692127 24.858945 -159.695999 8.429677 -0.018777 0.033276 0.811439 0.583187
1627999479.792367 24.814963 -159.575088 8.418356 -0.020269 0.034590 0.811366 0.583163
1627999479.892508 24.784283 -159.463067 8.418283 -0.019789 0.034247 0.810612 0.584247
1627999479.992704 24.735931 -159.343271 8.408616 -0.018974 0.033110 0.809327 0.586117
1627999480.092900 24.701612 -159.210000 8.390385 -0.020418 0.033577 0.808042 0.587813
1627999480.193292 24.658152 -159.085505 8.386388 -0.021525 0.033981 0.806142 0.590353
1627999480.293292 24.635500 -158.962798 8.382068 -0.020090 0.033276 0.803426 0.594135
1627999480.393607 24.600377 -158.837215 8.366656 -0.019557 0.033098 0.800690 0.597844
1627999480.493687 24.553266 -158.723480 8.357637 -0.020530 0.033695 0.798139 0.601180
1627999480.593925 24.523029 -158.610857 8.359086 -0.020007 0.033340 0.796252 0.603714
1627999480.694091 24.492317 -158.483902 8.350473 -0.018034 0.031852 0.794572 0.606066
1627999480.794281 24.453269 -158.360112 8.331964 -0.017890 0.031679 0.792378 0.608945
1627999480.894469 24.404032 -158.234736 8.323643 -0.018593 0.032693 0.790849 0.610855
1627999480.994667 24.362314 -158.105436 8.314316 -0.018466 0.032601 0.789304 0.612858
1627999481.094861 24.328827 -157.983792 8.308653 -0.019130 0.032810 0.787965 0.614547
1627999481.195053 24.298455 -157.841897 8.286526 -0.022987 0.034917 0.786447 0.616242
1627999481.295271 24.257543 -157.708583 8.280076 -0.025760 0.036631 0.785345 0.617436
1627999481.395464 24.232183 -157.575540 8.280880 -0.025460 0.036167 0.783871 0.619347
1627999481.495659 24.200552 -157.434570 8.261952 -0.026320 0.036134 0.782463 0.621091
1627999481.595844 24.165054 -157.296430 8.249499 -0.026586 0.035279 0.781495 0.622346
1627999481.696057 24.135669 -157.166374 8.248387 -0.025314 0.033947 0.780701 0.623469
1627999481.796248 24.125114 -157.035158 8.237216 -0.024331 0.033507 0.780088 0.624298
1627999481.896442 24.091683 -156.918112 8.227148 -0.023193 0.032481 0.779280 0.625404
1627999481.996659 24.056937 -156.801563 8.212272 -0.023361 0.032019 0.778592 0.626278
1627999482.096868 24.020941 -156.670242 8.205213 -0.021830 0.031509 0.778148 0.626910
1627999482.197023 23.986821 -156.528659 8.196336 -0.019838 0.031008 0.777575 0.627711
1627999482.297213 23.955522 -156.387246 8.178574 -0.020270 0.030978 0.776978 0.628438
1627999482.397416 23.934782 -156.248498 8.173585 -0.021663 0.031543 0.777134 0.628170
1627999482.497639 23.911735 -156.111965 8.165877 -0.021134 0.030743 0.776982 0.628416
1627999482.597842 23.868489 -156.000863 8.155401 -0.020992 0.031025 0.776693 0.628764
1627999482.698025 23.848049 -155.886521 8.145831 -0.021786 0.032420 0.776294 0.629160
1627999482.798198 23.830708 -155.772532 8.142599 -0.021646 0.032463 0.775993 0.629533
1627999482.898407 23.805549 -155.649745 8.132066 -0.021632 0.031214 0.775792 0.629844
1627999482.998621 23.772693 -155.511267 8.121023 -0.021703 0.030837 0.775827 0.629817
1627999483.098797 23.735013 -155.387842 8.107919 -0.022205 0.031862 0.776377 0.629071
1627999483.198992 23.703727 -155.241504 8.104579 -0.021610 0.032428 0.777175 0.628077
1627999483.299201 23.682302 -155.098201 8.094780 -0.020873 0.031549 0.778127 0.626967
1627999483.399378 23.656212 -154.969242 8.080788 -0.021407 0.030638 0.779143 0.625731
1627999483.499590 23.628067 -154.853279 8.070700 -0.022001 0.030972 0.780247 0.624316
1627999483.599796 23.598878 -154.729330 8.063578 -0.020963 0.031007 0.781443 0.622853
1627999483.700007 23.587543 -154.591422 8.058092 -0.019479 0.030661 0.782057 0.622148
1627999483.800169 23.571665 -154.469362 8.047453 -0.020767 0.031234 0.782543 0.621465
1627999483.900352 23.528713 -154.351540 8.038153 -0.021296 0.031188 0.784094 0.619492
1627999484.000563 23.482219 -154.233508 8.033733 -0.019575 0.030005 0.785537 0.617777
1627999484.100788 23.445211 -154.121588 8.023487 -0.019028 0.030051 0.787071 0.615836
1627999484.200977 23.414404 -153.997365 8.011826 -0.019812 0.031684 0.788609 0.613758
1627999484.301134 23.397656 -153.860947 8.003721 -0.019066 0.031433 0.790651 0.611163
1627999484.401344 23.368946 -153.741590 7.998385 -0.018483 0.030564 0.792523 0.608795
1627999484.501543 23.333598 -153.617163 7.990834 -0.018729 0.030807 0.793978 0.606877
1627999484.602875 23.300593 -153.485317 7.978255 -0.019289 0.031135 0.795350 0.605043
1627999484.701927 23.256020 -153.352999 7.970698 -0.019001 0.031035 0.796537 0.603494
1627999484.802126 23.225685 -153.217640 7.958558 -0.018936 0.030915 0.797728 0.601926
1627999484.902341 23.167605 -153.078563 7.951062 -0.018953 0.031593 0.799337 0.599753
1627999485.002514 23.115569 -152.934937 7.942051 -0.019585 0.032341 0.800488 0.598155
1627999485.102700 23.081539 -152.816056 7.934555 -0.018940 0.032142 0.801911 0.596278
1627999485.202914 23.053908 -152.705579 7.925758 -0.018676 0.031488 0.803048 0.594789
1627999485.305206 23.035959 -152.604784 7.919003 -0.019062 0.031386 0.804075 0.593393
1627999485.403301 23.008037 -152.491096 7.907414 -0.018697 0.031192 0.804843 0.592373
1627999485.503508 22.976678 -152.363566 7.898983 -0.016714 0.030233 0.805276 0.591893
1627999485.605931 22.942433 -152.246251 7.898977 -0.016105 0.030203 0.804715 0.592674
1627999485.703898 22.929721 -152.126349 7.890494 -0.018259 0.031088 0.803814 0.593787
1627999485.804072 22.886691 -152.018436 7.877854 -0.018472 0.030925 0.803078 0.594785
1627999485.904266 22.843306 -151.897911 7.874869 -0.017619 0.030078 0.801601 0.596842
1627999486.004467 22.812114 -151.762940 7.863706 -0.018166 0.030442 0.800493 0.598293
1627999486.104669 22.785738 -151.624275 7.850609 -0.018065 0.031381 0.799213 0.599956
1627999486.208246 22.749041 -151.473981 7.842340 -0.016534 0.031047 0.798592 0.600844
1627999486.305065 22.698973 -151.357808 7.837181 -0.015817 0.029826 0.798311 0.601298
1627999486.405344 22.641950 -151.270322 7.834751 -0.017344 0.030155 0.797643 0.602126
1627999486.505453 22.581620 -151.156131 7.820378 -0.016951 0.030521 0.797467 0.602351
1627999486.605795 22.546444 -151.031247 7.816115 -0.014705 0.029786 0.796927 0.603161
1627999486.705832 22.514647 -150.915048 7.813423 -0.014615 0.029834 0.796199 0.604122
1627999486.806640 22.487074 -150.795151 7.804570 -0.015801 0.029743 0.795638 0.604836
1627999486.908096 22.465942 -150.670717 7.794434 -0.015109 0.029300 0.795102 0.605579
1627999487.007182 22.428165 -150.549798 7.787833 -0.014014 0.028653 0.794583 0.606317
1627999487.106625 22.364772 -150.435070 7.785150 -0.014491 0.029215 0.793881 0.607198
1627999487.206813 22.326522 -150.299203 7.773011 -0.014741 0.029160 0.793640 0.607510
1627999487.307038 22.286213 -150.172108 7.762403 -0.013741 0.028444 0.792971 0.608440
1627999487.407207 22.268814 -150.049081 7.761375 -0.013090 0.027896 0.792718 0.608809
1627999487.507408 22.247388 -149.927469 7.752138 -0.013779 0.027830 0.792129 0.609563
1627999487.607605 22.212726 -149.810635 7.742935 -0.014204 0.027616 0.791431 0.610470
1627999487.707800 22.177641 -149.678696 7.736768 -0.013656 0.027336 0.790902 0.611179
1627999487.808127 22.153368 -149.556535 7.733194 -0.013456 0.027472 0.790425 0.611794
1627999487.908182 22.125139 -149.428810 7.722987 -0.014314 0.028020 0.789591 0.612826
1627999488.008793 22.101741 -149.302430 7.714290 -0.014520 0.028505 0.789329 0.613136
1627999488.109303 22.076934 -149.183500 7.706915 -0.013416 0.027974 0.789038 0.613561
1627999488.208772 22.023040 -149.060131 7.703732 -0.013225 0.027556 0.788402 0.614400
1627999488.309470 21.993589 -148.931894 7.698847 -0.014279 0.027309 0.787848 0.615098
1627999488.409810 21.962314 -148.809504 7.687380 -0.014347 0.026940 0.787995 0.614925
1627999488.509570 21.933862 -148.692304 7.683699 -0.014057 0.027003 0.787746 0.615247
1627999488.609659 21.907330 -148.555097 7.679470 -0.015432 0.027871 0.786952 0.616191
1627999488.709752 21.877766 -148.411777 7.667677 -0.017592 0.029571 0.786219 0.616990
1627999488.809941 21.827527 -148.274279 7.653108 -0.017129 0.029270 0.786459 0.616711
1627999488.910147 21.800769 -148.151348 7.649162 -0.016308 0.027959 0.786176 0.617155
1627999489.010339 21.758485 -148.039487 7.647063 -0.017222 0.027774 0.785832 0.617576
1627999489.110689 21.725076 -147.911470 7.632397 -0.017749 0.027575 0.785663 0.617785
1627999489.210731 21.684291 -147.790784 7.626545 -0.016091 0.027655 0.785813 0.617636
1627999489.310954 21.639680 -147.669338 7.618872 -0.015502 0.028806 0.785155 0.618434
1627999489.411171 21.608718 -147.532590 7.612770 -0.016469 0.029519 0.784605 0.619074
1627999489.511611 21.588723 -147.402431 7.601369 -0.015724 0.028248 0.785017 0.618630
1627999489.611507 21.562607 -147.265365 7.593758 -0.014459 0.027047 0.784630 0.619205
1627999489.711719 21.522080 -147.139724 7.589245 -0.014603 0.028077 0.784253 0.619633
1627999489.811919 21.474544 -147.011696 7.580363 -0.015098 0.028993 0.784024 0.619870
1627999489.915571 21.439581 -146.878763 7.570103 -0.014961 0.028610 0.783898 0.620049
1627999490.012297 21.413779 -146.745772 7.564918 -0.014256 0.027689 0.784150 0.619789
1627999490.114223 21.396965 -146.610494 7.560699 -0.014401 0.028178 0.783327 0.620804
1627999490.212723 21.371822 -146.479955 7.548940 -0.014923 0.028480 0.782994 0.621198
1627999490.312910 21.332103 -146.342377 7.537944 -0.014418 0.028337 0.782780 0.621485
1627999490.413081 21.289450 -146.219943 7.535597 -0.014284 0.028466 0.783094 0.621088
1627999490.513311 21.255414 -146.106646 7.533350 -0.016152 0.028892 0.782442 0.621843
1627999490.613469 21.225692 -145.975423 7.513898 -0.016304 0.028137 0.782491 0.621812
1627999490.713654 21.199328 -145.849350 7.501525 -0.013555 0.025924 0.782656 0.621767
1627999490.813873 21.173939 -145.715506 7.509573 -0.012447 0.025903 0.781862 0.622789
1627999490.914043 21.155537 -145.600665 7.500755 -0.014211 0.027078 0.781549 0.623094
1627999491.014310 21.121455 -145.497352 7.485529 -0.013553 0.026724 0.781814 0.622792
1627999491.114443 21.091225 -145.370634 7.484789 -0.012485 0.025681 0.781655 0.623057
1627999491.214629 21.062007 -145.250590 7.486198 -0.014306 0.026284 0.782403 0.622053
1627999491.314842 21.029384 -145.132188 7.469010 -0.014409 0.026366 0.784452 0.619461
1627999491.415017 21.004351 -144.998548 7.459981 -0.011621 0.025446 0.785962 0.617642
1627999491.515231 20.982937 -144.859934 7.463972 -0.011166 0.026585 0.787240 0.615973
1627999491.615420 20.942390 -144.738103 7.453609 -0.012622 0.027948 0.789116 0.613478
1627999491.715621 20.901016 -144.610504 7.439972 -0.012990 0.027437 0.790736 0.611404
1627999491.815807 20.881121 -144.484744 7.435351 -0.012100 0.026363 0.792120 0.609676
1627999491.916038 20.848489 -144.363940 7.432754 -0.011738 0.026787 0.793506 0.607859
1627999492.016200 20.814505 -144.236078 7.424548 -0.012379 0.028210 0.795166 0.605609
1627999492.116386 20.786771 -144.104039 7.413318 -0.011866 0.028121 0.796900 0.603340
1627999492.216585 20.756992 -143.991334 7.408056 -0.011219 0.027388 0.798721 0.600973
1627999492.316853 20.735356 -143.879673 7.408152 -0.012345 0.028296 0.799922 0.599309
1627999492.416984 20.691346 -143.754378 7.398373 -0.013464 0.029189 0.801642 0.596940
1627999492.517164 20.653370 -143.642250 7.389258 -0.013026 0.029069 0.803183 0.594880
1627999492.617377 20.606642 -143.507646 7.381004 -0.012243 0.028386 0.804849 0.592674
1627999492.717566 20.575377 -143.375076 7.376068 -0.012068 0.028530 0.805884 0.591262
1627999492.817760 20.527247 -143.249669 7.366915 -0.011773 0.028895 0.807172 0.589491
1627999492.917943 20.474888 -143.136781 7.358220 -0.010190 0.027984 0.808857 0.587251
1627999493.018140 20.428816 -143.027661 7.358151 -0.009464 0.027064 0.810354 0.585239
1627999493.118343 20.397472 -142.894217 7.358256 -0.011077 0.027782 0.811661 0.583362
1627999493.218556 20.360044 -142.775304 7.342904 -0.011344 0.028051 0.813265 0.581106
1627999493.318780 20.316762 -142.643765 7.335540 -0.010050 0.027903 0.813647 0.580603
1627999493.418932 20.272864 -142.502013 7.334970 -0.010817 0.028609 0.813686 0.580500
1627999493.519130 20.238471 -142.390607 7.327063 -0.012582 0.028800 0.814101 0.579872
1627999493.619307 20.204741 -142.273541 7.316850 -0.012420 0.027947 0.814201 0.579777
1627999493.719542 20.149839 -142.156789 7.307676 -0.011397 0.027675 0.813956 0.580154
1627999493.819698 20.094936 -142.033935 7.304374 -0.011298 0.027915 0.812826 0.581727
1627999493.919909 20.042674 -141.915706 7.296384 -0.011705 0.027854 0.811283 0.583872
1627999494.020105 20.001668 -141.786386 7.287197 -0.010675 0.026696 0.810051 0.585654
1627999494.120319 19.967570 -141.674580 7.286443 -0.009303 0.025544 0.808581 0.587756
1627999494.220479 19.915247 -141.555365 7.289817 -0.010765 0.026958 0.807041 0.589782
1627999494.320673 19.858224 -141.429879 7.272454 -0.012619 0.028220 0.805525 0.591755
1627999494.420870 19.809883 -141.311257 7.260196 -0.012115 0.027316 0.804262 0.593523
1627999494.521078 19.773656 -141.174603 7.262517 -0.011732 0.027499 0.802166 0.596352
1627999494.621269 19.743880 -141.049519 7.252062 -0.012244 0.027823 0.799864 0.599411
1627999494.721480 19.702468 -140.931337 7.236762 -0.010524 0.026582 0.798675 0.601084
1627999494.821649 19.670102 -140.801800 7.238200 -0.008728 0.025930 0.796700 0.603756
1627999494.921844 19.633542 -140.675778 7.247016 -0.011227 0.027589 0.795271 0.605522
1627999495.022052 19.592303 -140.551018 7.234060 -0.014837 0.029336 0.793823 0.607259
1627999495.122238 19.569888 -140.421572 7.215403 -0.015857 0.029698 0.791980 0.609618
1627999495.222442 19.528119 -140.289191 7.212971 -0.015603 0.030062 0.790319 0.611759
1627999495.322646 19.501094 -140.155348 7.199000 -0.015241 0.029513 0.788814 0.613733
1627999495.422828 19.461624 -140.022316 7.185334 -0.014052 0.028001 0.787739 0.615212
1627999495.523021 19.433940 -139.892827 7.182853 -0.012300 0.026290 0.787247 0.615954
1627999495.623205 19.389808 -139.773043 7.183560 -0.012540 0.026200 0.786513 0.616890
1627999495.723422 19.357200 -139.641448 7.176365 -0.013186 0.026946 0.785203 0.618511
1627999495.823615 19.315106 -139.502861 7.166333 -0.012915 0.027888 0.784818 0.618964
1627999495.923800 19.294456 -139.378799 7.156996 -0.012257 0.027607 0.784074 0.619932
1627999496.023985 19.279852 -139.259632 7.156690 -0.012230 0.027438 0.783196 0.621049
1627999496.124205 19.247260 -139.136363 7.148033 -0.013043 0.027693 0.782535 0.621854
1627999496.224391 19.212236 -138.989240 7.132573 -0.012107 0.027000 0.781839 0.622778
1627999496.324610 19.177023 -138.869493 7.131154 -0.010630 0.026347 0.781426 0.623350
1627999496.424793 19.145283 -138.748253 7.133190 -0.011464 0.027346 0.780583 0.624348
1627999496.525017 19.130996 -138.625242 7.119594 -0.012288 0.027709 0.780011 0.625031
1627999496.625233 19.104571 -138.494812 7.108936 -0.011317 0.026660 0.779527 0.625699
1627999496.725361 19.081478 -138.369500 7.107226 -0.010895 0.026282 0.778770 0.626664
1627999496.825688 19.051641 -138.256515 7.102069 -0.011902 0.026869 0.778260 0.627254
1627999496.925744 19.029124 -138.140043 7.088534 -0.011400 0.026643 0.777866 0.627762
1627999497.026112 19.002335 -138.013362 7.084508 -0.010388 0.026135 0.777943 0.627705
1627999497.126426 18.979140 -137.877203 7.084628 -0.010659 0.026657 0.777775 0.627886
1627999497.226332 18.948191 -137.733440 7.073257 -0.011452 0.027270 0.779110 0.626189
1627999497.327612 18.927778 -137.589952 7.060116 -0.010816 0.027260 0.782164 0.622382
1627999497.426791 18.898290 -137.457156 7.056338 -0.009792 0.027066 0.784742 0.619154
1627999497.526910 18.866596 -137.341553 7.054345 -0.010064 0.027882 0.787623 0.615444
1627999497.627102 18.820393 -137.222011 7.045101 -0.011054 0.028477 0.790608 0.611560
1627999497.727307 18.797414 -137.082694 7.033232 -0.010542 0.028059 0.793912 0.607293
1627999497.827512 18.778107 -136.951401 7.031300 -0.009975 0.028140 0.796611 0.603755
1627999497.927683 18.742289 -136.826864 7.028052 -0.011194 0.029434 0.798960 0.600558
1627999498.028312 18.713484 -136.710530 7.014557 -0.011496 0.029372 0.801635 0.596981
1627999498.128085 18.674557 -136.587002 7.006276 -0.010098 0.027930 0.804493 0.593220
1627999498.228272 18.621832 -136.455647 7.006650 -0.009591 0.027891 0.806856 0.590011
1627999498.328465 18.577724 -136.321221 6.998327 -0.010234 0.028726 0.809348 0.586537
1627999498.428669 18.548380 -136.206364 6.986633 -0.010024 0.028622 0.812199 0.582591
1627999498.528901 18.518356 -136.102694 6.980868 -0.008566 0.027199 0.814975 0.578795
1627999498.629082 18.485235 -135.993769 6.985747 -0.008973 0.027399 0.816918 0.576033
1627999498.729240 18.452912 -135.859811 6.975746 -0.010259 0.028640 0.819528 0.572232
1627999498.829437 18.393060 -135.740782 6.962022 -0.009619 0.028505 0.821593 0.569280
1627999498.929651 18.325239 -135.628047 6.960140 -0.008980 0.027872 0.823016 0.567264
1627999499.029873 18.268111 -135.511674 6.962779 -0.010585 0.028254 0.824099 0.565642
1627999499.130045 18.206805 -135.384600 6.945560 -0.011798 0.028979 0.823934 0.565821
1627999499.230233 18.145146 -135.260980 6.935896 -0.010170 0.028262 0.823693 0.566240
1627999499.330534 18.095182 -135.144361 6.939649 -0.009891 0.027976 0.822147 0.568502
1627999499.430765 18.045580 -135.016968 6.936145 -0.012326 0.028568 0.820174 0.571267
1627999499.530795 17.993977 -134.909723 6.916123 -0.012095 0.027648 0.818748 0.573359
1627999499.631016 17.946228 -134.801778 6.914730 -0.009352 0.026177 0.816537 0.576623
1627999499.731197 17.904163 -134.670885 6.919628 -0.009633 0.026924 0.814171 0.579921
1627999499.831527 17.864859 -134.545925 6.904092 -0.011741 0.027580 0.812007 0.582877
1627999499.931596 17.821029 -134.414986 6.889075 -0.010534 0.026151 0.810183 0.585498
1627999500.031796 17.769452 -134.305511 6.891695 -0.008916 0.025352 0.807671 0.589021
1627999500.131990 17.746274 -134.203563 6.895640 -0.010062 0.025896 0.805542 0.591887
1627999500.232179 17.716666 -134.089221 6.889708 -0.012021 0.027063 0.804104 0.593750
1627999500.332362 17.676867 -133.955815 6.874138 -0.012251 0.027701 0.802535 0.595836
1627999500.432551 17.631129 -133.833415 6.872371 -0.011859 0.028290 0.801085 0.597764
1627999500.532751 17.585691 -133.695669 6.863802 -0.013568 0.028418 0.799520 0.599813
1627999500.632990 17.539696 -133.570951 6.843590 -0.013427 0.027605 0.798887 0.600697
1627999500.733150 17.496139 -133.470870 6.839521 -0.010491 0.025229 0.797742 0.602379
1627999500.833345 17.473067 -133.356944 6.851388 -0.009766 0.025429 0.796527 0.603989
1627999500.933547 17.444014 -133.223757 6.840942 -0.011429 0.026776 0.795527 0.605219
1627999501.033724 17.410919 -133.106100 6.828345 -0.011143 0.027147 0.794801 0.606161
1627999501.133923 17.384013 -132.996572 6.821985 -0.010667 0.027506 0.794090 0.607084
1627999501.234127 17.348191 -132.878857 6.820292 -0.011306 0.028258 0.793237 0.608151
1627999501.334299 17.321246 -132.739577 6.815000 -0.012859 0.028270 0.792663 0.608869
1627999501.434488 17.289123 -132.604058 6.801438 -0.013481 0.028328 0.792232 0.609413
1627999501.534690 17.249368 -132.481411 6.792339 -0.011551 0.028298 0.791495 0.610410
1627999501.634933 17.206797 -132.365838 6.792767 -0.010547 0.028839 0.790368 0.611863
1627999501.735073 17.177745 -132.249856 6.785885 -0.011810 0.029369 0.790038 0.612240
1627999501.835264 17.146576 -132.136581 6.770975 -0.011867 0.028115 0.789434 0.613077
1627999501.935511 17.107696 -132.030496 6.770414 -0.011050 0.026866 0.789091 0.613589
1627999502.035687 17.090812 -131.909446 6.770631 -0.011794 0.027688 0.789086 0.613545
1627999502.135979 17.073448 -131.787727 6.758751 -0.012746 0.028663 0.789509 0.612937
1627999502.236042 17.052116 -131.673970 6.746532 -0.011941 0.028506 0.790606 0.611544
1627999502.336574 17.033626 -131.562503 6.742610 -0.011355 0.027574 0.792012 0.609777
1627999502.436442 17.008627 -131.445409 6.742620 -0.011978 0.027669 0.793679 0.607589
1627999502.536744 16.974378 -131.335002 6.732089 -0.012809 0.028192 0.795678 0.604928
1627999502.636842 16.949963 -131.215328 6.720860 -0.011543 0.028239 0.798662 0.601005
1627999502.737107 16.909586 -131.107133 6.719269 -0.010342 0.028070 0.802346 0.596109
1627999502.837239 16.888186 -130.990895 6.717081 -0.010908 0.028254 0.805244 0.592170
1627999502.937422 16.864534 -130.882687 6.707143 -0.011286 0.028157 0.808731 0.587396
1627999503.037611 16.819928 -130.768939 6.699883 -0.010278 0.028097 0.812042 0.582831
1627999503.137896 16.772670 -130.645950 6.695417 -0.008927 0.028147 0.815378 0.578175
1627999503.237998 16.732833 -130.519846 6.691117 -0.008914 0.028277 0.818728 0.573415
1627999503.339063 16.697709 -130.407230 6.682750 -0.009735 0.028466 0.823194 0.566963
1627999503.438411 16.677241 -130.309391 6.673515 -0.008850 0.028028 0.828693 0.558931
1627999503.539009 16.645767 -130.197799 6.673999 -0.007105 0.028584 0.834412 0.550354
1627999503.638787 16.615542 -130.083543 6.670802 -0.007605 0.030216 0.840631 0.540711
1627999503.738963 16.563757 -129.948020 6.659021 -0.008646 0.030963 0.846897 0.530785
1627999503.839241 16.506440 -129.830342 6.651769 -0.008612 0.030452 0.853254 0.520534
1627999503.939346 16.428055 -129.710225 6.645006 -0.008127 0.030172 0.858728 0.511478
1627999504.039565 16.359620 -129.603659 6.639952 -0.007728 0.030061 0.863227 0.503861
1627999504.139736 16.264157 -129.514911 6.638623 -0.007938 0.029783 0.866939 0.497461
1627999504.240017 16.188224 -129.418735 6.630805 -0.007617 0.029213 0.868101 0.495469
1627999504.340654 16.086914 -129.304620 6.626684 -0.006733 0.028329 0.867069 0.497337
1627999504.442224 15.987497 -129.176355 6.624510 -0.008176 0.026747 0.864968 0.501047
1627999504.540615 15.900184 -129.074616 6.617330 -0.010310 0.026311 0.861322 0.507273
1627999504.640880 15.791030 -128.962192 6.605240 -0.009455 0.025283 0.856616 0.515247
1627999504.740989 15.708724 -128.848761 6.609431 -0.008558 0.024990 0.850333 0.525582
1627999504.841113 15.640810 -128.746421 6.611877 -0.011142 0.025585 0.843355 0.536631
1627999504.941312 15.570241 -128.634332 6.595481 -0.011832 0.024766 0.836285 0.547608
1627999505.041483 15.527299 -128.529607 6.588165 -0.010323 0.024227 0.828494 0.559378
1627999505.141676 15.482206 -128.405538 6.591648 -0.011157 0.025369 0.821156 0.570030
1627999505.241870 15.472128 -128.285307 6.583624 -0.012723 0.026518 0.816030 0.577261
1627999505.342074 15.450481 -128.164933 6.572153 -0.012098 0.026374 0.811837 0.583163
1627999505.442327 15.442182 -128.028513 6.563155 -0.010834 0.026193 0.807845 0.588713
1627999505.542765 15.424388 -127.898753 6.559950 -0.011677 0.027352 0.804837 0.592751
1627999505.642687 15.395027 -127.760884 6.545520 -0.012513 0.028351 0.802254 0.596177
1627999505.744290 15.350092 -127.623576 6.538780 -0.011317 0.027951 0.799713 0.599624
1627999505.843045 15.313262 -127.490201 6.539981 -0.011914 0.028546 0.796882 0.603343
1627999505.943571 15.286723 -127.364491 6.529981 -0.014486 0.029994 0.794572 0.606256
1627999506.044313 15.252181 -127.231574 6.510419 -0.014432 0.029655 0.792414 0.609091
1627999506.146426 15.214949 -127.092321 6.504756 -0.013389 0.029217 0.790158 0.612060
1627999506.243826 15.163265 -126.953343 6.498663 -0.014699 0.030047 0.787755 0.615080
1627999506.344007 15.106929 -126.820075 6.485486 -0.014983 0.029626 0.785761 0.617638
1627999506.444216 15.064609 -126.668737 6.481389 -0.012811 0.027984 0.783285 0.620901
1627999506.544393 15.015574 -126.538594 6.481249 -0.012606 0.028093 0.780880 0.623921
1627999506.644731 14.995894 -126.455779 6.472463 -0.013991 0.027962 0.780477 0.624402
1627999506.744785 14.975243 -126.359266 6.464163 -0.013275 0.026830 0.781528 0.623152
1627999506.844995 14.961751 -126.241920 6.460576 -0.011720 0.026879 0.783153 0.621137
1627999506.945342 14.947712 -126.115410 6.455369 -0.010978 0.027683 0.784670 0.619198
1627999507.045369 14.926629 -125.976657 6.447671 -0.011221 0.028311 0.786659 0.616636
1627999507.145574 14.899912 -125.837818 6.437648 -0.011887 0.028350 0.789843 0.612538
1627999507.248277 14.864292 -125.697955 6.430287 -0.011338 0.027684 0.793038 0.608438
1627999507.348512 14.822052 -125.573938 6.426394 -0.011770 0.028149 0.795559 0.605108
1627999507.446162 14.791972 -125.435179 6.415546 -0.013028 0.029480 0.798126 0.601628
1627999507.546337 14.763847 -125.305704 6.406816 -0.012706 0.030100 0.800399 0.598577
1627999507.647640 14.729014 -125.166850 6.400042 -0.012172 0.030473 0.802726 0.595444
1627999507.746725 14.676316 -125.048672 6.398182 -0.013801 0.031550 0.805294 0.591875
1627999507.846915 14.635235 -124.936160 6.384220 -0.015722 0.032026 0.807634 0.588604
1627999507.947106 14.605643 -124.815469 6.369648 -0.014128 0.030314 0.809883 0.585638
1627999508.048048 14.568125 -124.699448 6.369239 -0.011784 0.029146 0.812164 0.582581
1627999508.147502 14.513164 -124.590830 6.370517 -0.012461 0.030783 0.813797 0.580199
1627999508.247685 14.452037 -124.509524 6.354552 -0.011844 0.030895 0.815558 0.577729
1627999508.347879 14.403571 -124.425713 6.355020 -0.010437 0.029752 0.817226 0.575455
1627999508.448142 14.382247 -124.343118 6.358410 -0.011276 0.030267 0.819045 0.572819
1627999508.548717 14.352097 -124.251051 6.348992 -0.012131 0.030704 0.820603 0.570544
1627999508.648465 14.325116 -124.161736 6.340705 -0.011993 0.030534 0.821422 0.569377
1627999508.748673 14.299141 -124.066657 6.339102 -0.012319 0.030910 0.822728 0.567461
1627999508.848855 14.274753 -123.984407 6.333625 -0.012410 0.031061 0.823991 0.565615
1627999508.949113 14.258913 -123.908344 6.326161 -0.011628 0.030465 0.824870 0.564380
1627999509.049610 14.244192 -123.851074 6.323584 -0.011131 0.030246 0.825746 0.563121
1627999509.150770 14.217810 -123.791509 6.322328 -0.011270 0.030392 0.825909 0.562870
1627999509.249624 14.192088 -123.730676 6.317669 -0.011441 0.030639 0.826012 0.562704
1627999509.349830 14.153572 -123.693449 6.317172 -0.011550 0.030620 0.825538 0.563397
1627999509.451777 14.121501 -123.647413 6.318038 -0.011828 0.031156 0.824543 0.564817
1627999509.550207 14.105342 -123.611646 6.314339 -0.012461 0.031517 0.823270 0.566638
1627999509.650479 14.086292 -123.578658 6.310714 -0.012332 0.030746 0.821464 0.569297
1627999509.750596 14.068404 -123.559828 6.311284 -0.012238 0.030374 0.819651 0.571927
1627999509.850915 14.070099 -123.522820 6.310205 -0.012519 0.030807 0.818215 0.573949
1627999509.950979 14.068019 -123.490880 6.304131 -0.011577 0.030074 0.816130 0.576969
1627999510.051184 14.060820 -123.460337 6.303409 -0.010497 0.028916 0.814334 0.579581
1627999510.151373 14.044292 -123.437048 6.304583 -0.010934 0.028960 0.812245 0.582495
1627999510.251629 14.018856 -123.414816 6.301171 -0.011071 0.028714 0.810094 0.585492
1627999510.351761 14.010356 -123.371512 6.300047 -0.010251 0.028275 0.807882 0.588577
1627999510.451940 13.988747 -123.333242 6.300309 -0.010560 0.028726 0.805098 0.592352
1627999510.552256 13.984800 -123.315066 6.298002 -0.011282 0.028954 0.802190 0.596259
1627999510.652333 13.981958 -123.275724 6.295150 -0.011774 0.028602 0.798711 0.600919
1627999510.752524 13.971722 -123.234322 6.294658 -0.012428 0.028602 0.795471 0.605189
1627999510.852716 13.975477 -123.178100 6.292082 -0.011864 0.028799 0.792332 0.609294
1627999510.952930 13.955602 -123.132493 6.284806 -0.010350 0.028296 0.789312 0.613252
1627999511.053134 13.933687 -123.063336 6.281190 -0.010051 0.028021 0.787027 0.616200
1627999511.155056 13.916005 -123.015490 6.281891 -0.010648 0.027345 0.785036 0.618755
1627999511.253495 13.896565 -122.961577 6.281222 -0.011323 0.026530 0.783757 0.620397
1627999511.353692 13.878928 -122.912397 6.278805 -0.011553 0.026852 0.783244 0.621027
1627999511.453894 13.861444 -122.865464 6.276239 -0.011281 0.027979 0.782077 0.622451
1627999511.554070 13.844231 -122.824646 6.271749 -0.010553 0.028352 0.781743 0.622866
1627999511.654318 13.819033 -122.764978 6.270757 -0.010687 0.027773 0.781374 0.623354
1627999511.754488 13.795471 -122.697104 6.266523 -0.010908 0.027098 0.781581 0.623120
1627999511.854663 13.760984 -122.627941 6.265087 -0.011021 0.027549 0.781299 0.623451
1627999511.954871 13.751191 -122.563605 6.259854 -0.010795 0.027983 0.781256 0.623490
1627999512.055079 13.737211 -122.507496 6.255669 -0.011275 0.027901 0.781438 0.623257
1627999512.155268 13.728632 -122.443650 6.252862 -0.012144 0.027333 0.781706 0.622929
1627999512.255483 13.715922 -122.400842 6.252635 -0.012686 0.026939 0.781509 0.623183
1627999512.355656 13.697456 -122.341955 6.249418 -0.012875 0.027515 0.781999 0.622539
1627999512.455832 13.682748 -122.297679 6.248078 -0.013425 0.028737 0.782464 0.621888
1627999512.556069 13.645691 -122.244148 6.246764 -0.013246 0.029454 0.783165 0.620974
1627999512.656248 13.614442 -122.199051 6.244931 -0.012246 0.029029 0.783289 0.620859
1627999512.756415 13.587826 -122.139455 6.240296 -0.011908 0.027990 0.783338 0.620851
1627999512.856602 13.568475 -122.067281 6.236237 -0.012218 0.027740 0.783696 0.620405
1627999512.956811 13.554175 -121.991481 6.232263 -0.011972 0.027510 0.783932 0.620121
1627999513.057000 13.519391 -121.930715 6.227173 -0.012156 0.027351 0.784309 0.619648
1627999513.159023 13.511429 -121.877471 6.225591 -0.012636 0.027590 0.784425 0.619481
1627999513.257386 13.482949 -121.831599 6.225833 -0.012669 0.027649 0.784814 0.618985
1627999513.357562 13.453698 -121.781171 6.224472 -0.011249 0.027736 0.785103 0.618641
1627999513.457798 13.450550 -121.719183 6.216518 -0.010340 0.027533 0.785408 0.618280
1627999513.558063 13.427148 -121.671818 6.215937 -0.011002 0.027853 0.785640 0.617958
1627999513.658131 13.409199 -121.612072 6.213359 -0.011521 0.027323 0.786104 0.617383
1627999513.758348 13.399910 -121.551299 6.208025 -0.011848 0.026973 0.786194 0.617278
1627999513.858535 13.411663 -121.488632 6.204351 -0.012292 0.027510 0.786530 0.616817
1627999513.958727 13.418537 -121.427046 6.199867 -0.012392 0.028040 0.786440 0.616906
1627999514.059295 13.440620 -121.381035 6.194470 -0.012765 0.027841 0.786723 0.616546
1627999514.159194 13.440670 -121.337777 6.192469 -0.013833 0.028206 0.787208 0.615887
1627999514.259307 13.441409 -121.277403 6.188449 -0.014398 0.028666 0.787907 0.614958
1627999514.359528 13.435919 -121.213268 6.187456 -0.013635 0.029322 0.787943 0.614899
1627999514.460136 13.408914 -121.154194 6.180427 -0.013550 0.029579 0.788168 0.614599
1627999514.559893 13.370954 -121.091786 6.179133 -0.014228 0.029697 0.788105 0.614659
1627999514.660196 13.341772 -121.025831 6.177254 -0.014812 0.029466 0.788204 0.614530
1627999514.760266 13.330679 -120.964355 6.173171 -0.015340 0.029394 0.788608 0.614002
1627999514.860461 13.312279 -120.920910 6.168896 -0.015700 0.029823 0.789158 0.613265
1627999514.960654 13.294650 -120.875319 6.169454 -0.015435 0.030255 0.789711 0.612538
1627999515.060853 13.279529 -120.826732 6.173703 -0.014273 0.029857 0.790093 0.612093
1627999515.161073 13.243674 -120.780213 6.168134 -0.012936 0.028483 0.789930 0.612399
1627999515.261272 13.242741 -120.723418 6.160138 -0.013228 0.027585 0.790076 0.612245
1627999515.361434 13.243943 -120.660555 6.157959 -0.013581 0.027740 0.790377 0.611841
1627999515.464271 13.241422 -120.581416 6.151403 -0.012784 0.027846 0.790648 0.611503
1627999515.561828 13.209401 -120.517773 6.146214 -0.012302 0.027983 0.790572 0.611606
1627999515.662022 13.201498 -120.454513 6.143001 -0.012413 0.028045 0.791110 0.610905
1627999515.762206 13.204359 -120.391757 6.141540 -0.012066 0.027235 0.791591 0.610324
1627999515.862395 13.189231 -120.356336 6.138917 -0.011207 0.026564 0.792041 0.609787
1627999515.962622 13.174662 -120.308837 6.134849 -0.010868 0.026350 0.791934 0.609942
1627999516.062789 13.167473 -120.252803 6.130226 -0.010920 0.026176 0.792439 0.609292
1627999516.162987 13.159118 -120.197771 6.128746 -0.011053 0.026218 0.792963 0.608605
1627999516.264269 13.149010 -120.134345 6.125165 -0.011140 0.026462 0.792999 0.608545
1627999516.363396 13.135824 -120.087146 6.123003 -0.011491 0.026990 0.793071 0.608423
1627999516.463555 13.123049 -120.010532 6.115748 -0.011708 0.027021 0.793207 0.608240
1627999516.563749 13.113516 -119.928801 6.112166 -0.012250 0.027476 0.793304 0.608083
1627999516.664003 13.099954 -119.856205 6.111292 -0.011826 0.027762 0.793630 0.607652
1627999516.764138 13.076131 -119.797936 6.108376 -0.011186 0.027731 0.793829 0.607406
1627999516.864468 13.071904 -119.750891 6.105650 -0.010736 0.027960 0.794158 0.606973
1627999516.964531 13.050182 -119.726021 6.103728 -0.010511 0.027609 0.794744 0.606226
1627999517.064707 13.025472 -119.688585 6.100670 -0.010781 0.026982 0.795135 0.605736
1627999517.164900 13.013741 -119.640841 6.102495 -0.011162 0.027028 0.795267 0.605553
1627999517.265101 13.004570 -119.586085 6.097852 -0.010853 0.027282 0.795582 0.605134
1627999517.365321 13.005637 -119.531569 6.093514 -0.011065 0.027680 0.795655 0.605015
1627999517.465483 12.994522 -119.480005 6.093529 -0.010761 0.027523 0.795809 0.604826
1627999517.565708 12.977535 -119.424341 6.087695 -0.009946 0.027074 0.796331 0.604172
1627999517.666034 12.966503 -119.379497 6.082523 -0.010038 0.027502 0.796465 0.603975
1627999517.766056 12.951216 -119.319710 6.083148 -0.010441 0.028015 0.796811 0.603489
1627999517.866270 12.933882 -119.257971 6.077007 -0.010197 0.027951 0.797109 0.603103
1627999517.966473 12.911900 -119.202492 6.071867 -0.010544 0.028626 0.797196 0.602949
1627999518.066649 12.896828 -119.150271 6.072707 -0.011079 0.029044 0.797529 0.602479
1627999518.166839 12.886701 -119.110397 6.067450 -0.011578 0.028900 0.797610 0.602369
1627999518.267062 12.871069 -119.062264 6.064961 -0.012416 0.029154 0.798192 0.601570
1627999518.367215 12.862543 -119.024263 6.067529 -0.012228 0.029137 0.798546 0.601104
1627999518.467422 12.848770 -118.980486 6.062508 -0.011821 0.029267 0.798696 0.600906
1627999518.567601 12.836670 -118.904345 6.057103 -0.011872 0.029624 0.798719 0.600857
1627999518.667815 12.832005 -118.833666 6.054290 -0.011054 0.029321 0.799265 0.600161
1627999518.769297 12.817815 -118.773041 6.050412 -0.010578 0.029178 0.799464 0.599912
1627999518.868610 12.802778 -118.717893 6.045495 -0.011274 0.029133 0.799616 0.599699
1627999518.968379 12.788135 -118.672731 6.046352 -0.011358 0.028915 0.799911 0.599313
1627999519.068772 12.766087 -118.612991 6.039821 -0.011508 0.028803 0.800349 0.598731
1627999519.168760 12.748707 -118.558124 6.041192 -0.011599 0.029159 0.800823 0.598078
1627999519.269094 12.731686 -118.502725 6.037643 -0.010690 0.028653 0.800372 0.598724
1627999519.369154 12.720639 -118.447290 6.031852 -0.010406 0.028535 0.800431 0.598655
1627999519.469399 12.710946 -118.389777 6.027376 -0.011296 0.028555 0.801001 0.597875
1627999519.569549 12.686852 -118.338366 6.027772 -0.011962 0.028428 0.801368 0.597377
1627999519.669925 12.662154 -118.296615 6.024296 -0.011627 0.028457 0.801577 0.597100
1627999519.769933 12.644023 -118.262258 6.017365 -0.011778 0.029238 0.801877 0.596658
1627999519.870145 12.623198 -118.205683 6.018155 -0.012454 0.030223 0.802203 0.596156
1627999519.970363 12.608009 -118.142686 6.016199 -0.013035 0.029845 0.802321 0.596004
1627999520.071766 12.577464 -118.075960 6.012384 -0.013560 0.029553 0.802155 0.596229
1627999520.170917 12.562422 -118.009871 6.009482 -0.013235 0.029898 0.802856 0.595275
1627999520.270902 12.538226 -117.962558 6.005225 -0.012916 0.030559 0.802856 0.595249
1627999520.371177 12.523184 -117.898354 6.001402 -0.013067 0.031047 0.802893 0.595170
1627999520.471304 12.509059 -117.852446 6.003954 -0.012819 0.030582 0.803241 0.594730
1627999520.571481 12.492934 -117.797795 5.998377 -0.012890 0.029820 0.803788 0.594028
1627999520.671674 12.468036 -117.752421 5.993356 -0.013919 0.030211 0.803839 0.593916
1627999520.771855 12.451332 -117.702969 5.992975 -0.014011 0.030403 0.804365 0.593192
1627999520.872048 12.443557 -117.667998 5.991598 -0.013423 0.030212 0.804427 0.593131
1627999520.972425 12.420219 -117.615932 5.989376 -0.012688 0.029743 0.804321 0.593314
1627999521.072442 12.399504 -117.558817 5.987788 -0.012010 0.029101 0.804987 0.592457
1627999521.175810 12.368470 -117.489514 5.987402 -0.010924 0.028450 0.805283 0.592107
1627999521.273040 12.342380 -117.438591 5.982500 -0.010030 0.028088 0.805544 0.591785
1627999521.374898 12.326166 -117.392878 5.975477 -0.009232 0.027900 0.806204 0.590908
1627999521.473212 12.300418 -117.345777 5.971080 -0.009036 0.027730 0.806329 0.590748
1627999521.573392 12.278004 -117.320088 5.971741 -0.009330 0.027369 0.806805 0.590110
1627999521.673584 12.261225 -117.303716 5.975973 -0.009209 0.026855 0.807119 0.589706
1627999521.773780 12.238471 -117.279502 5.973328 -0.008443 0.026351 0.807511 0.589203
1627999521.873988 12.229278 -117.238322 5.967996 -0.007822 0.026294 0.807489 0.589244
1627999521.974168 12.199863 -117.186914 5.966117 -0.007871 0.026165 0.808190 0.588288
1627999522.075838 12.175988 -117.123279 5.966084 -0.007868 0.025945 0.808037 0.588508
1627999522.174549 12.155440 -117.065217 5.958748 -0.008226 0.026043 0.808410 0.587985
1627999522.274767 12.160956 -116.996988 5.955863 -0.008566 0.026460 0.808571 0.587740
1627999522.374933 12.185747 -116.923827 5.951225 -0.008544 0.026672 0.808971 0.587180
1627999522.477246 12.185124 -116.870486 5.948581 -0.008898 0.026501 0.809109 0.586993
1627999522.575328 12.155487 -116.821985 5.947848 -0.009364 0.026094 0.809158 0.586937
1627999522.675526 12.135066 -116.780888 5.948366 -0.009122 0.026046 0.809690 0.586209
1627999522.775710 12.118880 -116.737031 5.944983 -0.008735 0.026146 0.810115 0.585623
1627999522.875900 12.104339 -116.680207 5.945819 -0.008316 0.025739 0.809967 0.585852
1627999522.976096 12.083234 -116.622160 5.940097 -0.007835 0.024997 0.809590 0.586410
1627999523.076451 12.075065 -116.577864 5.933341 -0.008299 0.025436 0.810142 0.585623
1627999523.176486 12.062511 -116.510046 5.931997 -0.008984 0.026432 0.810173 0.585525
1627999523.276891 12.043593 -116.437009 5.929823 -0.008994 0.026578 0.810352 0.585271
1627999523.376865 12.017548 -116.375654 5.924690 -0.009232 0.026854 0.810529 0.585010
1627999523.477074 11.990850 -116.305812 5.921466 -0.009644 0.027020 0.810830 0.584578
1627999523.577250 11.961454 -116.255540 5.923333 -0.009183 0.026844 0.811185 0.584101
1627999523.677464 11.950882 -116.221419 5.921087 -0.008751 0.026902 0.811686 0.583409
1627999523.777633 11.936616 -116.200706 5.920187 -0.009000 0.026656 0.811792 0.583269
1627999523.877825 11.928103 -116.157569 5.918067 -0.008973 0.026323 0.812066 0.582902
1627999523.978976 11.911530 -116.103941 5.910249 -0.009724 0.026565 0.812624 0.582101
1627999524.080397 11.903108 -116.038837 5.909898 -0.010252 0.027224 0.812306 0.582505
1627999524.178408 11.878342 -115.967263 5.905665 -0.009799 0.027747 0.812586 0.582098
1627999524.278795 11.857554 -115.898417 5.900927 -0.009424 0.027860 0.812832 0.581756
1627999524.378836 11.844154 -115.840818 5.900518 -0.009493 0.027904 0.813070 0.581419
1627999524.480274 11.834433 -115.780577 5.898513 -0.009167 0.027750 0.813161 0.581304
1627999524.579202 11.824406 -115.731662 5.892647 -0.008778 0.027648 0.813342 0.581062
1627999524.679385 11.811217 -115.672416 5.889724 -0.008487 0.027796 0.813769 0.580461
1627999524.779560 11.785436 -115.620788 5.886062 -0.008501 0.027473 0.813996 0.580159
1627999524.879750 11.765198 -115.566080 5.882661 -0.009287 0.027360 0.813792 0.580437
1627999524.979948 11.726350 -115.489443 5.879896 -0.010220 0.027285 0.813728 0.580515
1627999525.080649 11.704628 -115.419102 5.876389 -0.010493 0.027616 0.813502 0.580811
1627999525.182034 11.690533 -115.348437 5.873217 -0.010595 0.028497 0.813486 0.580790
1627999525.280528 11.668308 -115.285602 5.870798 -0.010252 0.028838 0.813669 0.580522
1627999525.380725 11.643883 -115.242254 5.868595 -0.009649 0.028709 0.814018 0.580049
1627999525.480912 11.620863 -115.206714 5.866134 -0.009765 0.028638 0.814364 0.579565
1627999525.581109 11.600304 -115.177297 5.865164 -0.009996 0.028827 0.814920 0.578770
1627999525.681313 11.590802 -115.129008 5.862010 -0.009840 0.029330 0.814459 0.579395
1627999525.781489 11.576621 -115.062596 5.858127 -0.010486 0.029851 0.814554 0.579224
1627999525.881682 11.542353 -114.986825 5.855204 -0.010847 0.029496 0.815032 0.578563
1627999525.981886 11.517488 -114.904869 5.851270 -0.011143 0.029592 0.814689 0.579035
1627999526.082072 11.487668 -114.827439 5.847583 -0.010641 0.029718 0.814726 0.578987
1627999526.182282 11.462409 -114.746796 5.840179 -0.010423 0.029909 0.814719 0.578990
1627999526.282459 11.453958 -114.688027 5.840493 -0.010529 0.030038 0.814938 0.578674
1627999526.382643 11.438117 -114.640743 5.834134 -0.011019 0.030294 0.814775 0.578880
1627999526.482870 11.418534 -114.571753 5.829860 -0.011963 0.031307 0.814936 0.578582
1627999526.583039 11.392694 -114.492042 5.828665 -0.011550 0.031583 0.814549 0.579119
1627999526.683224 11.381391 -114.416555 5.823156 -0.011296 0.031386 0.814778 0.578813
1627999526.783410 11.361050 -114.357400 5.823727 -0.010856 0.030476 0.814826 0.578802
1627999526.883616 11.352196 -114.301626 5.819257 -0.010302 0.029146 0.814401 0.579478
1627999526.983797 11.341294 -114.243930 5.812801 -0.010029 0.028540 0.813464 0.580828
1627999527.084002 11.318714 -114.187107 5.809602 -0.009827 0.028509 0.812442 0.582262
1627999527.184200 11.301263 -114.117028 5.806032 -0.009696 0.028586 0.811521 0.583544
1627999527.284391 11.286442 -114.054500 5.800680 -0.009717 0.028484 0.810634 0.584779
1627999527.384584 11.266714 -113.983406 5.799515 -0.009781 0.028523 0.809459 0.586402
1627999527.484788 11.250592 -113.916191 5.798544 -0.008921 0.028090 0.807916 0.588560
1627999527.584955 11.251135 -113.864356 5.789635 -0.008857 0.027444 0.805568 0.591801
1627999527.685203 11.240486 -113.808629 5.785428 -0.010025 0.026897 0.803209 0.595006
1627999527.785349 11.229375 -113.739782 5.783047 -0.010681 0.026666 0.800718 0.598353
1627999527.885562 11.202701 -113.679472 5.779738 -0.010814 0.026948 0.798330 0.601519
1627999527.985723 11.179824 -113.615610 5.775474 -0.011405 0.027703 0.796355 0.604088
1627999528.085921 11.149175 -113.523774 5.776004 -0.011549 0.027938 0.794628 0.606343
1627999528.186129 11.120870 -113.457727 5.772481 -0.010982 0.027341 0.793537 0.607808
1627999528.286300 11.089113 -113.394051 5.765676 -0.010873 0.027084 0.792393 0.609312
1627999528.386499 11.067141 -113.329991 5.766053 -0.011050 0.027103 0.790860 0.611297
1627999528.486688 11.026105 -113.272909 5.763964 -0.010622 0.027151 0.790401 0.611895
1627999528.587439 11.002533 -113.209909 5.757761 -0.011030 0.027757 0.790314 0.611974
1627999528.687100 10.972869 -113.156604 5.756030 -0.011556 0.028454 0.790335 0.611905
1627999528.787268 10.951607 -113.091687 5.756639 -0.011186 0.028299 0.790813 0.611301
1627999528.887480 10.929251 -113.009432 5.752071 -0.010414 0.028033 0.791143 0.610900
1627999528.987646 10.917018 -112.943280 5.747101 -0.009988 0.028025 0.791315 0.610685
1627999529.087839 10.894443 -112.875781 5.743411 -0.009660 0.027930 0.791886 0.609953
1627999529.188139 10.869143 -112.812342 5.739246 -0.009631 0.027965 0.792258 0.609469
1627999529.288246 10.835388 -112.739304 5.731994 -0.010414 0.028097 0.792575 0.609038
1627999529.388418 10.802481 -112.677031 5.733700 -0.010773 0.028191 0.792927 0.608568
1627999529.488657 10.780942 -112.625605 5.734151 -0.010047 0.028194 0.793322 0.608066
1627999529.588824 10.766242 -112.563332 5.732211 -0.009368 0.028456 0.793666 0.607616
1627999529.689013 10.745521 -112.510391 5.729250 -0.008886 0.028339 0.793927 0.607287
1627999529.789405 10.727379 -112.456358 5.725950 -0.008649 0.027899 0.794417 0.606670
1627999529.889403 10.708737 -112.387078 5.719644 -0.008931 0.028016 0.794495 0.606559
1627999529.989863 10.677021 -112.317904 5.717062 -0.009412 0.028194 0.795097 0.605753
1627999530.089793 10.644228 -112.256739 5.712205 -0.010309 0.028455 0.795162 0.605641
1627999530.190087 10.603664 -112.185398 5.708225 -0.011154 0.028678 0.795459 0.605225
1627999530.290145 10.588914 -112.114765 5.712438 -0.010581 0.029006 0.795931 0.604599
1627999530.393088 10.577746 -112.033971 5.703726 -0.010318 0.028785 0.796181 0.604285
1627999530.490543 10.550107 -111.975322 5.700168 -0.010973 0.029095 0.796720 0.603548
1627999530.590739 10.531630 -111.934341 5.696945 -0.011072 0.029569 0.797282 0.602780
1627999530.690929 10.515518 -111.871416 5.693219 -0.011230 0.030316 0.797534 0.602408
1627999530.791759 10.481786 -111.791412 5.689212 -0.011894 0.030687 0.797726 0.602122
1627999530.891346 10.454213 -111.721654 5.693771 -0.010968 0.029624 0.798184 0.601585
1627999530.991500 10.446527 -111.635180 5.687849 -0.009558 0.028167 0.798279 0.601553
1627999531.091690 10.443743 -111.559056 5.672490 -0.010103 0.028139 0.798593 0.601129
1627999531.192684 10.429561 -111.473413 5.668186 -0.011277 0.028953 0.799228 0.600224
1627999531.292072 10.412387 -111.398650 5.667205 -0.011365 0.029309 0.799509 0.599831
1627999531.392287 10.399399 -111.327366 5.659258 -0.011566 0.029894 0.799597 0.599680
1627999531.492481 10.393019 -111.245376 5.655882 -0.012088 0.030829 0.799680 0.599513
1627999531.592662 10.357986 -111.171403 5.658640 -0.010993 0.030256 0.800468 0.598510
1627999531.692869 10.332086 -111.108578 5.652432 -0.010911 0.029937 0.800244 0.598828
1627999531.793091 10.287521 -111.052929 5.646617 -0.012157 0.030280 0.800676 0.598208
1627999531.893266 10.243419 -110.999946 5.649640 -0.011559 0.030016 0.800967 0.597844
1627999531.993433 10.230592 -110.950798 5.645848 -0.010942 0.029350 0.801190 0.597590
1627999532.093613 10.229075 -110.873372 5.633469 -0.012393 0.030353 0.801308 0.597353
1627999532.193810 10.203385 -110.797121 5.633692 -0.012771 0.030513 0.801957 0.596466
1627999532.294003 10.182877 -110.722710 5.632846 -0.011693 0.029408 0.802551 0.595743
1627999532.394201 10.159070 -110.663970 5.623385 -0.011955 0.029540 0.802686 0.595549
1627999532.494383 10.138912 -110.587434 5.621053 -0.012129 0.029866 0.802707 0.595502
1627999532.594581 10.128179 -110.529473 5.619363 -0.011861 0.029724 0.802934 0.595209
1627999532.694779 10.110881 -110.480302 5.612675 -0.012748 0.030019 0.803155 0.594877
1627999532.794953 10.098478 -110.419246 5.611786 -0.013530 0.030468 0.803244 0.594717
1627999532.895160 10.092083 -110.353106 5.608646 -0.013267 0.030336 0.803805 0.593971
1627999532.995350 10.088046 -110.287033 5.605754 -0.012623 0.030037 0.803943 0.593813
1627999533.095529 10.059584 -110.209609 5.601915 -0.012355 0.029499 0.804267 0.593407
1627999533.195726 10.024735 -110.145058 5.599221 -0.012363 0.029111 0.804245 0.593456
1627999533.295923 9.990695 -110.094616 5.595720 -0.012166 0.028875 0.804660 0.592908
1627999533.396140 9.967621 -110.056099 5.589010 -0.012398 0.029181 0.804931 0.592520
1627999533.496859 9.972502 -109.998999 5.587952 -0.012984 0.029587 0.805099 0.592260
1627999533.596504 9.959158 -109.938975 5.585694 -0.013241 0.029321 0.805236 0.592081
1627999533.696685 9.946065 -109.882614 5.581020 -0.013450 0.029487 0.805336 0.591933
1627999533.796876 9.924626 -109.822140 5.578117 -0.012978 0.029934 0.805690 0.591438
1627999533.897077 9.920499 -109.756310 5.574537 -0.012292 0.029699 0.805925 0.591145
1627999533.997274 9.884950 -109.704890 5.573413 -0.012292 0.029436 0.805943 0.591134
1627999534.100339 9.854869 -109.649007 5.569627 -0.012664 0.028878 0.806367 0.590575
1627999534.197674 9.829475 -109.609514 5.567617 -0.012784 0.028612 0.806590 0.590280
1627999534.297842 9.821088 -109.567703 5.564672 -0.012983 0.029425 0.806426 0.590459
1627999534.398075 9.808107 -109.516512 5.559754 -0.013269 0.029887 0.806849 0.589852
1627999534.498232 9.800694 -109.450468 5.558437 -0.013579 0.029788 0.807342 0.589175
1627999534.598440 9.776116 -109.384219 5.554067 -0.013449 0.029352 0.807226 0.589358
1627999534.698611 9.760780 -109.319029 5.548320 -0.012098 0.029108 0.808038 0.588287
1627999534.798828 9.751695 -109.269220 5.543623 -0.010958 0.029601 0.808307 0.587914
1627999534.900275 9.730976 -109.225023 5.544964 -0.010541 0.030084 0.808257 0.587967
1627999534.999187 9.718120 -109.187674 5.546855 -0.010520 0.029440 0.808419 0.587777
1627999535.099385 9.696700 -109.133458 5.541828 -0.011098 0.028645 0.808747 0.587354
1627999535.199596 9.667090 -109.082476 5.535152 -0.011381 0.028628 0.808963 0.587052
1627999535.299799 9.651784 -109.023989 5.531491 -0.010794 0.029090 0.808810 0.587251
1627999535.399971 9.642357 -108.970000 5.530032 -0.010527 0.029453 0.809116 0.586816
1627999535.500147 9.644235 -108.911574 5.529076 -0.010393 0.028809 0.809355 0.586521
1627999535.600379 9.626499 -108.845646 5.525324 -0.010494 0.027794 0.809554 0.586293
1627999535.700540 9.597396 -108.785010 5.518983 -0.010723 0.028208 0.809625 0.586171
1627999535.800775 9.572771 -108.732386 5.512459 -0.009991 0.028929 0.810292 0.585227
1627999535.900936 9.549111 -108.672571 5.513233 -0.009612 0.029730 0.810375 0.585078
1627999536.001124 9.532143 -108.607695 5.510708 -0.010551 0.030162 0.810402 0.585002
1627999536.101314 9.496080 -108.558245 5.510005 -0.011521 0.029735 0.810457 0.584930
1627999536.201530 9.473713 -108.523417 5.506020 -0.011796 0.029293 0.810339 0.585109
1627999536.301683 9.469993 -108.481210 5.499791 -0.011435 0.029866 0.810377 0.585035
1627999536.401873 9.472314 -108.434481 5.496969 -0.010435 0.030218 0.809556 0.586172
1627999536.502067 9.465598 -108.375898 5.498237 -0.010442 0.029855 0.808324 0.587888
1627999536.602287 9.462031 -108.313577 5.497352 -0.011230 0.029080 0.806838 0.589950
1627999536.702490 9.433978 -108.264497 5.493562 -0.011200 0.028153 0.804860 0.592691
1627999536.802658 9.401468 -108.216565 5.488201 -0.010890 0.028261 0.803186 0.594957
1627999536.902852 9.361748 -108.178664 5.486831 -0.011212 0.029446 0.801094 0.597709
1627999537.003090 9.350361 -108.129387 5.485736 -0.011514 0.029494 0.799006 0.600489
1627999537.103251 9.331112 -108.065939 5.483125 -0.011569 0.028679 0.797026 0.603152
1627999537.203437 9.314442 -108.004791 5.476947 -0.011448 0.028432 0.795120 0.605677
1627999537.303670 9.290267 -107.958265 5.473314 -0.010841 0.028534 0.793775 0.607446
1627999537.403852 9.271951 -107.903597 5.469610 -0.010821 0.029157 0.792364 0.609255
1627999537.504001 9.253767 -107.858958 5.470363 -0.010942 0.029129 0.790963 0.611073
1627999537.604208 9.234810 -107.799491 5.469572 -0.011146 0.028151 0.789604 0.612870
1627999537.704373 9.223501 -107.745532 5.465253 -0.011981 0.028139 0.788485 0.614292
1627999537.804577 9.217955 -107.678839 5.459266 -0.012180 0.028818 0.787277 0.615805
1627999537.904768 9.209956 -107.620643 5.457009 -0.011937 0.029047 0.786015 0.617410
1627999538.004956 9.193026 -107.569206 5.453989 -0.012274 0.029320 0.784818 0.618910
1627999538.105154 9.176667 -107.510398 5.448069 -0.011627 0.029209 0.784095 0.619844
1627999538.205358 9.180589 -107.462928 5.445429 -0.011277 0.029612 0.782712 0.621577
1627999538.305545 9.170664 -107.415287 5.443376 -0.011421 0.029770 0.781722 0.622811
1627999538.405780 9.167016 -107.343230 5.442119 -0.011530 0.028941 0.780900 0.623878
1627999538.506820 9.120842 -107.278799 5.437738 -0.011706 0.028358 0.780036 0.624982
1627999538.606161 9.088100 -107.212991 5.433908 -0.011925 0.028553 0.779060 0.626185
1627999538.706357 9.071941 -107.173546 5.430585 -0.011820 0.028839 0.777903 0.627611
1627999538.806779 9.064627 -107.109871 5.426508 -0.011477 0.028897 0.777256 0.628416
1627999538.906699 9.051526 -107.047291 5.424358 -0.011076 0.028516 0.776373 0.629531
1627999539.006870 9.040299 -106.982187 5.420087 -0.011066 0.027777 0.775397 0.630766
1627999539.107067 9.015835 -106.917825 5.417149 -0.010285 0.027198 0.774590 0.631795
1627999539.207259 9.007851 -106.867406 5.414964 -0.010026 0.027484 0.773776 0.632783
1627999539.307443 9.008596 -106.800298 5.411794 -0.010201 0.027873 0.773354 0.633279
1627999539.409743 9.001475 -106.728990 5.410392 -0.010822 0.027785 0.773252 0.633397
1627999539.508996 8.993160 -106.645088 5.404768 -0.011611 0.027689 0.773534 0.633044
1627999539.609655 8.977766 -106.567913 5.397219 -0.011344 0.027696 0.774096 0.632360
1627999539.708215 8.957828 -106.499415 5.392702 -0.010791 0.027949 0.775015 0.631232
1627999539.808403 8.952483 -106.423904 5.391493 -0.011139 0.028494 0.775810 0.630225
1627999539.909488 8.932817 -106.343351 5.387046 -0.012346 0.028463 0.776361 0.629524
1627999540.008788 8.919546 -106.276099 5.381932 -0.012578 0.028200 0.776728 0.629078
1627999540.109187 8.901981 -106.207224 5.380448 -0.012799 0.028722 0.777336 0.628299
1627999540.209169 8.877008 -106.145324 5.374954 -0.013644 0.029683 0.778168 0.627206
1627999540.309669 8.850936 -106.075515 5.368915 -0.012912 0.029659 0.779211 0.625926
1627999540.409568 8.837708 -106.022208 5.368609 -0.011836 0.028870 0.780369 0.624540
1627999540.509808 8.818265 -105.967080 5.366146 -0.012116 0.029052 0.781140 0.623562
1627999540.609958 8.803107 -105.899306 5.360761 -0.011902 0.029295 0.781639 0.622930
1627999540.710221 8.780993 -105.812161 5.358611 -0.012141 0.029370 0.782136 0.622297
1627999540.810317 8.753751 -105.731153 5.354737 -0.013497 0.029916 0.782678 0.621561
1627999540.910697 8.719688 -105.664926 5.347437 -0.013583 0.029843 0.783752 0.620207
1627999541.010714 8.692491 -105.589849 5.342419 -0.012255 0.029223 0.784728 0.619029
1627999541.111023 8.691091 -105.510787 5.340141 -0.012473 0.029530 0.785038 0.618617
1627999541.211112 8.691460 -105.432416 5.331741 -0.012428 0.030133 0.785853 0.617554
1627999541.311319 8.714075 -105.353661 5.329062 -0.011782 0.030114 0.786231 0.617086
1627999541.411509 8.712446 -105.260468 5.327485 -0.012356 0.029990 0.786413 0.616848
1627999541.511851 8.668606 -105.180893 5.319296 -0.013170 0.029980 0.787516 0.615423
1627999541.611861 8.642192 -105.109169 5.314916 -0.012000 0.028631 0.788456 0.614307
1627999541.713638 8.610903 -105.050350 5.313352 -0.011291 0.028045 0.788799 0.613908
1627999541.812260 8.574628 -104.992207 5.310503 -0.011565 0.028672 0.789562 0.612891
1627999541.912641 8.535803 -104.930881 5.307148 -0.011210 0.028724 0.790689 0.611441
1627999542.012642 8.538134 -104.856216 5.305565 -0.011474 0.028746 0.790691 0.611433
1627999542.113734 8.536956 -104.773965 5.298091 -0.012239 0.028876 0.791282 0.610646
1627999542.213003 8.519410 -104.700324 5.292822 -0.011504 0.028640 0.792078 0.609639
1627999542.313266 8.502363 -104.626796 5.291590 -0.010866 0.028486 0.792857 0.608644
1627999542.413401 8.480912 -104.550031 5.287296 -0.011339 0.028954 0.793453 0.607837
1627999542.515000 8.433654 -104.489718 5.283550 -0.011375 0.029025 0.794661 0.606252
1627999542.613827 8.388605 -104.434758 5.283178 -0.011760 0.028656 0.794999 0.605819
1627999542.713972 8.369305 -104.368605 5.278872 -0.012528 0.029001 0.795274 0.605426
1627999542.814200 8.365014 -104.288257 5.271091 -0.012239 0.029182 0.796030 0.604429
1627999542.914355 8.345568 -104.229386 5.266973 -0.011226 0.028788 0.796962 0.603239
1627999543.014678 8.322035 -104.157411 5.262278 -0.011279 0.028889 0.797738 0.602206
1627999543.114730 8.293143 -104.083868 5.258347 -0.010941 0.028704 0.798341 0.601422
1627999543.214963 8.261354 -104.008544 5.258752 -0.010846 0.028857 0.798613 0.601055
1627999543.315124 8.233981 -103.925511 5.254681 -0.011676 0.029144 0.799337 0.600062
1627999543.416298 8.215224 -103.843702 5.246248 -0.011825 0.029132 0.799993 0.599185
1627999543.516480 8.195991 -103.756715 5.241877 -0.010808 0.028832 0.800852 0.598070
1627999543.615714 8.166516 -103.699728 5.241537 -0.010475 0.028831 0.801299 0.597478
1627999543.715939 8.165638 -103.634399 5.234963 -0.010372 0.028860 0.802131 0.596360
1627999543.816096 8.125093 -103.583286 5.233518 -0.010387 0.029359 0.802975 0.595198
1627999543.916453 8.099816 -103.531677 5.230378 -0.010896 0.029837 0.803251 0.594793
1627999544.016460 8.089158 -103.468366 5.228018 -0.011072 0.029723 0.803826 0.594019
1627999544.120252 8.067973 -103.399443 5.224283 -0.010567 0.029193 0.804594 0.593013
1627999544.216843 8.030940 -103.321824 5.221281 -0.009656 0.028984 0.805363 0.591994
1627999544.317039 8.038424 -103.224782 5.218301 -0.009382 0.029242 0.805825 0.591357
1627999544.417221 8.012040 -103.134482 5.211666 -0.009986 0.029246 0.806338 0.590647
1627999544.518832 7.969421 -103.041114 5.206659 -0.010299 0.029214 0.806899 0.589877
1627999544.617656 7.943639 -102.951248 5.202732 -0.010696 0.029563 0.807495 0.589036
1627999544.717840 7.911758 -102.880753 5.197632 -0.011039 0.030436 0.808125 0.588120
1627999544.818002 7.892299 -102.810066 5.191227 -0.010817 0.030468 0.808567 0.587515
1627999544.918736 7.858225 -102.758658 5.192343 -0.010830 0.030356 0.809285 0.586531
1627999545.018396 7.844333 -102.697418 5.191606 -0.011393 0.030331 0.810303 0.585115
1627999545.118565 7.810421 -102.643738 5.188402 -0.011668 0.030525 0.810884 0.584293
1627999545.218776 7.789299 -102.582209 5.183229 -0.012357 0.030587 0.811753 0.583069
1627999545.318951 7.748174 -102.524751 5.179040 -0.012688 0.030561 0.812080 0.582607
1627999545.419142 7.727864 -102.468052 5.172993 -0.011868 0.030302 0.812959 0.581411
1627999545.519345 7.705838 -102.365341 5.167461 -0.010954 0.029869 0.813576 0.580587
1627999545.619552 7.670639 -102.270906 5.165010 -0.010735 0.029637 0.814006 0.580000
1627999545.719717 7.660810 -102.188078 5.161018 -0.011542 0.030780 0.814291 0.579525
1627999545.819934 7.649532 -102.102228 5.151326 -0.011796 0.031505 0.815022 0.578453
1627999545.920147 7.603902 -102.047022 5.149874 -0.011047 0.030982 0.815990 0.577129
1627999546.020340 7.579947 -102.019295 5.151209 -0.011140 0.030635 0.816235 0.576799
1627999546.120480 7.552535 -101.961565 5.144193 -0.010904 0.030018 0.817136 0.575559
1627999546.220697 7.530404 -101.907710 5.141512 -0.010353 0.029748 0.817491 0.575079
1627999546.320892 7.480444 -101.867152 5.144698 -0.010706 0.030176 0.818242 0.573981
1627999546.421081 7.462904 -101.790445 5.137021 -0.010156 0.030449 0.819075 0.572788
1627999546.521258 7.430006 -101.697449 5.131312 -0.008973 0.030572 0.819505 0.572185
1627999546.621455 7.407141 -101.615023 5.128808 -0.009297 0.031430 0.819762 0.571765
1627999546.721637 7.385935 -101.537731 5.120267 -0.009411 0.031192 0.820716 0.570407
1627999546.821855 7.371551 -101.482926 5.118921 -0.009030 0.030190 0.821038 0.570003
1627999546.922031 7.348165 -101.428037 5.120924 -0.009443 0.029999 0.821912 0.568746
1627999547.022243 7.329647 -101.355332 5.114322 -0.010335 0.030272 0.822677 0.567608
1627999547.122467 7.305963 -101.277964 5.107024 -0.010431 0.030371 0.822877 0.567311
1627999547.222597 7.265587 -101.206365 5.106070 -0.010591 0.031057 0.823339 0.566600
1627999547.322783 7.222262 -101.134043 5.101271 -0.010473 0.031410 0.823433 0.566447
1627999547.423216 7.221224 -101.049948 5.094470 -0.009964 0.030881 0.822865 0.567310
1627999547.523166 7.184596 -100.973113 5.090918 -0.009972 0.030512 0.821836 0.568819
1627999547.623357 7.139657 -100.892655 5.089954 -0.010949 0.030476 0.821050 0.569938
1627999547.723567 7.116020 -100.827910 5.086317 -0.012478 0.030803 0.820388 0.570840
1627999547.823745 7.091037 -100.753621 5.078759 -0.013136 0.030462 0.819549 0.572049
1627999547.923937 7.074961 -100.674168 5.072312 -0.012420 0.030507 0.818918 0.572964
1627999548.024154 7.033632 -100.633931 5.070840 -0.010937 0.030758 0.818674 0.573329
1627999548.124327 7.008283 -100.593273 5.073694 -0.010974 0.031001 0.817956 0.574341
1627999548.224503 6.974460 -100.540146 5.069303 -0.012153 0.030947 0.817388 0.575127
1627999548.324725 6.932297 -100.451402 5.064499 -0.013051 0.030850 0.817010 0.575650
1627999548.425012 6.904579 -100.364996 5.054271 -0.012820 0.030461 0.816327 0.576644
1627999548.525081 6.873656 -100.272957 5.049555 -0.012056 0.029837 0.816128 0.576975
1627999548.625273 6.824231 -100.204699 5.049999 -0.011406 0.029545 0.816025 0.577149
1627999548.725472 6.779480 -100.141654 5.047421 -0.011441 0.029844 0.815661 0.577647
1627999548.825670 6.755534 -100.088484 5.044316 -0.011035 0.030049 0.815541 0.577813
1627999548.925867 6.742975 -100.033374 5.036071 -0.010583 0.029639 0.814913 0.578728
1627999549.026041 6.727566 -99.961984 5.036662 -0.010886 0.029781 0.814260 0.579633
1627999549.126229 6.712236 -99.910300 5.034021 -0.011429 0.029935 0.813938 0.580067
1627999549.226432 6.681636 -99.870864 5.031792 -0.011305 0.029823 0.813815 0.580248
1627999549.326636 6.659795 -99.838094 5.030189 -0.011109 0.029410 0.813603 0.580570
1627999549.426820 6.641373 -99.807749 5.028841 -0.011287 0.029441 0.813380 0.580877
1627999549.527008 6.603306 -99.775527 5.027591 -0.011182 0.029879 0.812828 0.581630
1627999549.627187 6.615136 -99.734040 5.022826 -0.011797 0.030691 0.812412 0.582155
1627999549.727403 6.616859 -99.681532 5.019618 -0.011819 0.031091 0.812227 0.582393
1627999549.827585 6.601056 -99.626666 5.010657 -0.011218 0.030744 0.811653 0.583222
1627999549.927776 6.584044 -99.578076 5.010818 -0.010730 0.030027 0.811624 0.583309
1627999550.028091 6.580435 -99.539138 5.011018 -0.010929 0.029761 0.811595 0.583360
1627999550.128163 6.544967 -99.501662 5.008357 -0.011030 0.029941 0.811057 0.584097
1627999550.228672 6.533679 -99.449783 5.006807 -0.011408 0.030366 0.810711 0.584547
1627999550.328530 6.506733 -99.364896 4.997548 -0.011646 0.030702 0.810216 0.585211
1627999550.428736 6.471931 -99.286905 4.992163 -0.011192 0.030615 0.809859 0.585718
1627999550.528921 6.429128 -99.206453 4.990075 -0.010710 0.030497 0.809593 0.586101
1627999550.629296 6.385048 -99.125417 4.984321 -0.010290 0.029828 0.809296 0.586554
1627999550.729292 6.352556 -99.065771 4.984930 -0.010133 0.029459 0.809047 0.586918
1627999550.829578 6.329252 -99.000285 4.982233 -0.010350 0.029419 0.808607 0.587521
1627999550.929675 6.286284 -98.937253 4.977904 -0.010578 0.029315 0.808278 0.587975
1627999551.029872 6.260379 -98.886192 4.979608 -0.010531 0.029975 0.808057 0.588247
1627999551.130070 6.233625 -98.827195 4.973723 -0.010332 0.030363 0.807209 0.589394
1627999551.230256 6.205979 -98.761294 4.970451 -0.009971 0.030267 0.806779 0.589993
1627999551.330451 6.171397 -98.690884 4.966445 -0.010470 0.029676 0.806877 0.589881
1627999551.430676 6.145141 -98.607492 4.965552 -0.011449 0.029914 0.806436 0.590454
1627999551.530835 6.114677 -98.524847 4.963986 -0.012393 0.030258 0.806053 0.590940
1627999551.631049 6.068513 -98.438900 4.954619 -0.012712 0.030539 0.805554 0.591599
1627999551.731205 6.026825 -98.353281 4.945969 -0.011430 0.030177 0.805267 0.592034
1627999551.831398 5.984750 -98.272037 4.945148 -0.010700 0.029882 0.804759 0.592752
1627999551.931607 5.954601 -98.170863 4.943459 -0.011086 0.029857 0.804354 0.593297
1627999552.031795 5.917370 -98.082039 4.937901 -0.011760 0.029664 0.803791 0.594055
1627999552.131999 5.881568 -97.991650 4.930003 -0.012520 0.029834 0.803785 0.594040
1627999552.232172 5.839573 -97.924066 4.921925 -0.011513 0.029550 0.803427 0.594558
1627999552.332383 5.804969 -97.851408 4.918344 -0.010119 0.029004 0.803208 0.594906
1627999552.433330 5.771935 -97.758641 4.919058 -0.010310 0.029060 0.802876 0.595348
1627999552.532741 5.728822 -97.674782 4.914043 -0.011478 0.029292 0.802305 0.596085
1627999552.632929 5.706818 -97.568888 4.905927 -0.011680 0.029021 0.801713 0.596890
1627999552.733137 5.669991 -97.463370 4.897444 -0.010526 0.028332 0.801732 0.596919
1627999552.834374 5.632017 -97.347428 4.895170 -0.009973 0.028368 0.801282 0.597531
1627999552.933507 5.602170 -97.248063 4.889669 -0.010292 0.028879 0.800668 0.598323
1627999553.033726 5.567163 -97.148685 4.884591 -0.010660 0.029393 0.800231 0.598877
1627999553.133957 5.530073 -97.055593 4.880189 -0.011199 0.029711 0.799922 0.599263
1627999553.234098 5.496306 -96.973618 4.873676 -0.011487 0.029869 0.799490 0.599826
1627999553.334273 5.456745 -96.879824 4.869402 -0.011109 0.029810 0.799130 0.600317
1627999553.434480 5.412456 -96.787507 4.867180 -0.011889 0.030253 0.798543 0.601059
1627999553.534690 5.383232 -96.688121 4.860517 -0.013346 0.031242 0.798119 0.601542
1627999553.634862 5.348425 -96.569851 4.844927 -0.013129 0.031226 0.798121 0.601545
1627999553.735033 5.318694 -96.478336 4.837374 -0.011332 0.029861 0.797791 0.602088
1627999553.835260 5.292724 -96.394530 4.841137 -0.010889 0.029667 0.797505 0.602485
1627999553.935443 5.237748 -96.299804 4.834712 -0.011552 0.029876 0.796819 0.603368
1627999554.035627 5.208247 -96.185753 4.827493 -0.011493 0.029665 0.796233 0.604153
1627999554.135811 5.182804 -96.082324 4.821835 -0.010529 0.029457 0.795546 0.605085
1627999554.236004 5.171164 -95.977192 4.817305 -0.010060 0.029434 0.795316 0.605397
1627999554.336205 5.147998 -95.892793 4.811876 -0.010127 0.028999 0.795054 0.605760
1627999554.436384 5.098759 -95.789530 4.810364 -0.010593 0.028757 0.794481 0.606515
1627999554.536591 5.067359 -95.677478 4.802755 -0.011054 0.028938 0.794061 0.607048
1627999554.636786 5.048425 -95.576837 4.796080 -0.009983 0.028930 0.794093 0.607025
1627999554.736971 5.011986 -95.502617 4.790244 -0.008946 0.028624 0.793584 0.607722
1627999554.837171 4.969238 -95.408256 4.787997 -0.009242 0.028679 0.793124 0.608315
1627999554.937378 4.957663 -95.303240 4.784955 -0.010677 0.028746 0.792607 0.608961
1627999555.037549 4.935455 -95.195299 4.776801 -0.012126 0.029121 0.792034 0.609662
1627999555.137712 4.895716 -95.091317 4.766284 -0.011714 0.028714 0.792038 0.609683
1627999555.238185 4.877433 -94.988414 4.765432 -0.011642 0.029135 0.791708 0.610094
1627999555.338135 4.851803 -94.906223 4.766076 -0.013387 0.030912 0.791167 0.610672
1627999555.438552 4.831434 -94.803953 4.752063 -0.015159 0.031619 0.790786 0.611087
1627999555.538500 4.822719 -94.701390 4.739697 -0.014222 0.030243 0.790481 0.611574
1627999555.639708 4.793557 -94.596162 4.736866 -0.012524 0.028858 0.790120 0.612145
1627999555.738870 4.759409 -94.499717 4.733592 -0.011961 0.028758 0.789629 0.612794
1627999555.840318 4.714485 -94.396507 4.725555 -0.011764 0.028848 0.789316 0.613196
1627999555.940208 4.680454 -94.302111 4.722368 -0.011759 0.028550 0.788679 0.614029
1627999556.040154 4.642718 -94.201110 4.714340 -0.011493 0.028352 0.788589 0.614160
1627999556.139766 4.601345 -94.107486 4.713951 -0.010840 0.027815 0.788442 0.614384
1627999556.239831 4.580216 -94.022701 4.710662 -0.011225 0.028391 0.788159 0.614714
1627999556.340008 4.547348 -93.917824 4.704594 -0.012008 0.029432 0.787673 0.615273
1627999556.440361 4.502688 -93.821099 4.695628 -0.012618 0.029559 0.787280 0.615757
1627999556.540475 4.464111 -93.718968 4.688009 -0.012504 0.029658 0.787059 0.616037
1627999556.640889 4.437664 -93.610510 4.686423 -0.011741 0.029509 0.786899 0.616264
1627999556.740834 4.402254 -93.494510 4.683138 -0.011936 0.029537 0.786731 0.616474
1627999556.840967 4.377954 -93.413227 4.679992 -0.012610 0.029626 0.786209 0.617122
1627999556.941160 4.348171 -93.332472 4.669667 -0.012610 0.029356 0.785937 0.617480
1627999557.041553 4.307781 -93.241633 4.661928 -0.011608 0.028989 0.785741 0.617767
1627999557.141734 4.261584 -93.148091 4.658824 -0.010903 0.028885 0.785409 0.618207
1627999557.241739 4.248698 -93.053346 4.656124 -0.011472 0.029302 0.785133 0.618527
1627999557.341940 4.250263 -92.924471 4.650874 -0.012185 0.029250 0.785029 0.618649
1627999557.444275 4.285245 -92.793179 4.638878 -0.012394 0.029016 0.784949 0.618756
1627999557.542302 4.319173 -92.665356 4.633937 -0.011358 0.028945 0.784968 0.618756
1627999557.642494 4.334037 -92.566955 4.624991 -0.011246 0.029140 0.784459 0.619393
1627999557.742707 4.316197 -92.479256 4.621190 -0.012049 0.029824 0.783997 0.619931
1627999557.842897 4.289078 -92.392120 4.616504 -0.013071 0.030207 0.783905 0.620008
1627999557.943094 4.279788 -92.317144 4.610924 -0.012816 0.030130 0.783743 0.620221
1627999558.043564 4.230474 -92.244287 4.603346 -0.012174 0.029547 0.783528 0.620535
1627999558.143460 4.178521 -92.158565 4.600833 -0.011584 0.029247 0.783214 0.620956
1627999558.243644 4.131175 -92.070479 4.600298 -0.011628 0.029215 0.782820 0.621453
1627999558.343901 4.081106 -91.961569 4.592561 -0.012263 0.029495 0.782613 0.621688
1627999558.444030 4.025960 -91.853517 4.583780 -0.011337 0.029404 0.782429 0.621942
1627999558.544219 4.005737 -91.758112 4.579661 -0.010577 0.028875 0.782225 0.622236
1627999558.644481 3.979584 -91.646977 4.576505 -0.010985 0.029149 0.782025 0.622468
1627999558.744618 3.945583 -91.554751 4.573785 -0.011586 0.029518 0.781415 0.623206
1627999558.844800 3.927994 -91.459816 4.564312 -0.011845 0.029622 0.781349 0.623278
1627999558.944983 3.921252 -91.361380 4.557283 -0.010929 0.029434 0.781170 0.623529
1627999559.045260 3.916826 -91.287603 4.553451 -0.010025 0.029221 0.780761 0.624066
1627999559.145433 3.903564 -91.200523 4.550208 -0.010478 0.028982 0.781506 0.623137
1627999559.245556 3.876153 -91.082458 4.545154 -0.011585 0.029582 0.782842 0.621409
1627999559.345798 3.838838 -90.956764 4.536275 -0.011309 0.030458 0.784995 0.618649
1627999559.446068 3.800057 -90.846171 4.528009 -0.010034 0.030795 0.787255 0.615776
1627999559.546125 3.783815 -90.732253 4.526375 -0.009750 0.031411 0.789477 0.612898
1627999559.646319 3.750374 -90.621505 4.519527 -0.010951 0.031901 0.792063 0.609507
1627999559.746531 3.725028 -90.522947 4.513921 -0.011475 0.031547 0.794488 0.606352
1627999559.846756 3.694421 -90.430293 4.507879 -0.010946 0.031247 0.796908 0.603193
1627999559.947033 3.675214 -90.341306 4.500697 -0.009792 0.031296 0.799348 0.599973
1627999560.047105 3.646744 -90.264587 4.498549 -0.009120 0.031337 0.801565 0.597016
1627999560.147836 3.620980 -90.188928 4.495230 -0.009556 0.031020 0.803725 0.594116
1627999560.247469 3.586109 -90.117072 4.492478 -0.009943 0.030400 0.805647 0.591532
1627999560.347662 3.560368 -90.030422 4.485800 -0.009084 0.030230 0.807685 0.588769
1627999560.447855 3.543676 -89.949825 4.480163 -0.007586 0.030338 0.810022 0.585565
1627999560.548126 3.519899 -89.859125 4.482401 -0.006993 0.030891 0.811694 0.583223
1627999560.648466 3.503615 -89.737042 4.474243 -0.008429 0.030718 0.813438 0.580778
1627999560.748462 3.479299 -89.630255 4.461509 -0.008942 0.029744 0.815923 0.577326
1627999560.848613 3.452241 -89.539625 4.453776 -0.007496 0.028970 0.817995 0.574446
1627999560.948816 3.422623 -89.437453 4.458238 -0.006413 0.030395 0.819818 0.571781
1627999561.049389 3.400739 -89.370732 4.455339 -0.006643 0.032000 0.821677 0.569016
1627999561.149329 3.369850 -89.284696 4.447524 -0.007428 0.031407 0.823112 0.566961
1627999561.249388 3.317834 -89.181749 4.443301 -0.008393 0.029930 0.824821 0.564539
1627999561.349683 3.278727 -89.082024 4.444157 -0.009312 0.030138 0.827229 0.560979
1627999561.450873 3.251004 -88.979705 4.432170 -0.009536 0.031354 0.828942 0.558374
1627999561.549991 3.211784 -88.872540 4.421310 -0.008722 0.032465 0.830016 0.556725
1627999561.650143 3.152301 -88.768933 4.417561 -0.008631 0.032819 0.830435 0.556082
1627999561.750354 3.104345 -88.673711 4.414542 -0.009514 0.031833 0.830693 0.555738
1627999561.850567 3.042314 -88.566325 4.407683 -0.009310 0.030141 0.829933 0.556971
1627999561.950749 2.979070 -88.490571 4.402388 -0.007449 0.028933 0.827815 0.560206
1627999562.050915 2.924295 -88.428619 4.406141 -0.007149 0.028980 0.825859 0.563087
1627999562.151118 2.877116 -88.357713 4.400461 -0.008565 0.029527 0.823723 0.566158
1627999562.251286 2.852365 -88.256195 4.393201 -0.008524 0.029581 0.821332 0.569619
1627999562.351484 2.813285 -88.131689 4.388024 -0.007619 0.029016 0.818916 0.573128
1627999562.451689 2.796320 -88.021999 4.385313 -0.008182 0.029268 0.816321 0.576798
1627999562.551873 2.764688 -87.924739 4.380050 -0.009188 0.029970 0.814124 0.579844
1627999562.652078 2.734945 -87.813533 4.376770 -0.009223 0.030037 0.811682 0.583254
1627999562.752538 2.722315 -87.705746 4.372165 -0.008969 0.029631 0.809089 0.586870
1627999562.852435 2.690462 -87.607473 4.365579 -0.008752 0.029145 0.806795 0.590047
1627999562.952624 2.636564 -87.533318 4.357680 -0.008872 0.028861 0.804550 0.593117
1627999563.052814 2.591523 -87.455864 4.358668 -0.010002 0.029493 0.801981 0.596537
1627999563.153021 2.556341 -87.347513 4.355263 -0.010969 0.030225 0.799946 0.599210
1627999563.253226 2.535336 -87.236675 4.345420 -0.010418 0.029962 0.797698 0.602222
1627999563.353420 2.533267 -87.134301 4.337738 -0.010435 0.029653 0.794958 0.605849
1627999563.453581 2.507082 -87.016357 4.330104 -0.011824 0.029945 0.792547 0.608960
1627999563.553772 2.476695 -86.909436 4.326735 -0.013216 0.030057 0.789981 0.612251
1627999563.653960 2.446888 -86.808869 4.323272 -0.013214 0.029458 0.788397 0.614318
1627999563.754159 2.425850 -86.703588 4.319083 -0.012236 0.029457 0.786445 0.616836
1627999563.854350 2.414990 -86.618485 4.309755 -0.011754 0.030091 0.784280 0.619565
1627999563.954540 2.397569 -86.530032 4.304506 -0.012494 0.030611 0.782371 0.621935
1627999564.054736 2.335932 -86.436244 4.299979 -0.013048 0.029654 0.781111 0.623551
1627999564.154926 2.299263 -86.325639 4.294474 -0.011738 0.028090 0.780239 0.624740
1627999564.255139 2.277867 -86.207967 4.286029 -0.010805 0.027433 0.779012 0.626315
1627999564.355300 2.250868 -86.105789 4.280663 -0.010974 0.028292 0.778032 0.627491
1627999564.455503 2.227285 -85.987903 4.276759 -0.010682 0.028442 0.777607 0.628016
1627999564.555858 2.208297 -85.894284 4.270403 -0.009604 0.027580 0.777689 0.627970
1627999564.655874 2.188422 -85.804409 4.265006 -0.009671 0.027431 0.778639 0.626798
1627999564.756397 2.146539 -85.720392 4.263273 -0.009400 0.027842 0.780412 0.624575
1627999564.856254 2.119338 -85.621294 4.256090 -0.008880 0.027737 0.782580 0.621868
1627999564.956457 2.090335 -85.536560 4.248465 -0.009282 0.027727 0.785412 0.618282
1627999565.056662 2.062962 -85.447732 4.250149 -0.009113 0.028352 0.789728 0.612734
1627999565.156845 2.043888 -85.356007 4.245323 -0.008012 0.028620 0.794918 0.605989
1627999565.258517 2.020881 -85.251101 4.234726 -0.007648 0.028867 0.799778 0.599552
1627999565.357211 1.966748 -85.162848 4.230853 -0.008690 0.029623 0.806071 0.591013
1627999565.457521 1.912903 -85.078246 4.229158 -0.008823 0.029876 0.813583 0.580614
1627999565.557705 1.875167 -84.992360 4.230390 -0.007318 0.030046 0.821424 0.569479
1627999565.657783 1.864531 -84.908085 4.223623 -0.005655 0.030251 0.829584 0.557533
1627999565.757993 1.847877 -84.816811 4.217685 -0.005086 0.030692 0.837905 0.544929
1627999565.860255 1.807640 -84.695602 4.212481 -0.005304 0.030126 0.844914 0.534026
1627999565.958357 1.778744 -84.603000 4.206296 -0.004050 0.028848 0.851889 0.522911
1627999566.058543 1.735256 -84.492812 4.200124 -0.002707 0.028450 0.856667 0.515078
1627999566.158740 1.691740 -84.404092 4.197798 -0.002038 0.029192 0.859250 0.510719
1627999566.258983 1.642250 -84.282541 4.190974 -0.002482 0.029412 0.859952 0.509520
1627999566.359171 1.582584 -84.188687 4.184272 -0.003877 0.028904 0.859158 0.510878
1627999566.459333 1.533306 -84.087096 4.183571 -0.004666 0.028409 0.857560 0.513578
1627999566.559587 1.473235 -83.976068 4.181277 -0.004893 0.028676 0.855312 0.517296
1627999566.660271 1.430207 -83.877483 4.173914 -0.005083 0.029395 0.852352 0.522117
1627999566.759895 1.364284 -83.753530 4.165228 -0.006078 0.029879 0.849036 0.527454
1627999566.860074 1.316971 -83.645023 4.161839 -0.006884 0.030159 0.845935 0.532388
1627999566.960440 1.255156 -83.553446 4.161840 -0.006920 0.029828 0.842861 0.537259
1627999567.060462 1.203697 -83.471043 4.159075 -0.005743 0.029847 0.839178 0.543007
1627999567.160667 1.170604 -83.360853 4.142191 -0.006208 0.030281 0.835720 0.548285
1627999567.260848 1.137813 -83.252914 4.142558 -0.008134 0.030282 0.832661 0.552895
1627999567.361037 1.115452 -83.152780 4.143809 -0.007856 0.029077 0.829946 0.557030
1627999567.461223 1.078368 -83.052796 4.137053 -0.006689 0.028577 0.826871 0.561626
1627999567.561404 1.034769 -82.928446 4.124567 -0.007190 0.029957 0.823437 0.566571
1627999567.661634 1.006569 -82.814730 4.122661 -0.007968 0.030564 0.820664 0.570537
1627999567.761793 0.951146 -82.718904 4.116947 -0.007948 0.029425 0.817982 0.574435
1627999567.861995 0.900318 -82.602690 4.109944 -0.007985 0.028348 0.815673 0.577763
1627999567.962190 0.821359 -82.499666 4.104799 -0.008355 0.028616 0.813240 0.581165
1627999568.062385 0.769464 -82.392548 4.099682 -0.008439 0.029185 0.810801 0.584533
1627999568.162583 0.723476 -82.283276 4.100234 -0.007634 0.028957 0.808856 0.587243
1627999568.262775 0.696834 -82.159558 4.090404 -0.006650 0.028330 0.806842 0.590050
1627999568.362950 0.659183 -82.047550 4.076632 -0.007399 0.028491 0.805025 0.592510
1627999568.463154 0.631371 -81.940459 4.074749 -0.009082 0.029007 0.803959 0.593907
1627999568.563355 0.582815 -81.851853 4.078466 -0.008472 0.028605 0.803285 0.594847
1627999568.663525 0.549027 -81.748704 4.069552 -0.007439 0.028552 0.802018 0.596571
1627999568.763764 0.509050 -81.628778 4.059257 -0.007670 0.029465 0.800988 0.597906
1627999568.863915 0.460226 -81.499930 4.055427 -0.008258 0.029604 0.800251 0.598877
1627999568.964117 0.415426 -81.389773 4.049331 -0.008525 0.029080 0.799337 0.600119
1627999569.064289 0.379333 -81.279843 4.045986 -0.008373 0.028938 0.798374 0.601407
1627999569.164509 0.344393 -81.158642 4.037302 -0.008340 0.028681 0.797527 0.602543
1627999569.264669 0.309904 -81.057678 4.028350 -0.009291 0.029222 0.796941 0.603279
1627999569.364874 0.275816 -80.956750 4.026464 -0.010390 0.029387 0.796817 0.603416
1627999569.465054 0.257746 -80.850119 4.029036 -0.009862 0.029072 0.796660 0.603648
1627999569.565462 0.236869 -80.725189 4.014474 -0.009399 0.029110 0.796706 0.603592
1627999569.665462 0.168757 -80.626126 4.001938 -0.010987 0.029941 0.796685 0.603552
1627999569.765610 0.131338 -80.512433 4.007099 -0.011315 0.029649 0.797117 0.602991
1627999569.865795 0.075694 -80.411009 4.005440 -0.009903 0.028153 0.797353 0.602775
1627999569.965995 0.058466 -80.307620 3.992820 -0.008642 0.027847 0.797489 0.602628
1627999570.066310 0.038582 -80.175901 3.983683 -0.009133 0.028545 0.797866 0.602089
1627999570.166418 0.029296 -80.060820 3.982247 -0.009006 0.028787 0.798141 0.601716
1627999570.266780 0.019151 -79.955254 3.979191 -0.007907 0.028448 0.798657 0.601061
1627999570.366755 -0.000045 -79.850822 3.966487 -0.007576 0.028676 0.798896 0.600737
1627999570.467014 -0.038237 -79.735076 3.959617 -0.008650 0.029784 0.798994 0.600538
1627999570.567323 -0.081508 -79.617913 3.955537 -0.009446 0.029888 0.799425 0.599947
1627999570.667329 -0.138919 -79.504582 3.950460 -0.009483 0.029826 0.799998 0.599186
1627999570.767766 -0.185149 -79.418203 3.944706 -0.009231 0.030116 0.800182 0.598930
1627999570.867726 -0.217429 -79.313898 3.940659 -0.008863 0.030662 0.800427 0.598580
1627999570.967905 -0.242857 -79.193852 3.930290 -0.009041 0.030521 0.800713 0.598201
1627999571.068096 -0.277241 -79.073470 3.929477 -0.009827 0.030206 0.800960 0.597875
1627999571.168431 -0.325536 -78.971548 3.929062 -0.008881 0.029465 0.801347 0.597408
1627999571.268475 -0.349504 -78.873968 3.920301 -0.007387 0.028797 0.801334 0.597478
1627999571.368660 -0.367624 -78.756546 3.907774 -0.007648 0.028530 0.801672 0.597035
1627999571.468862 -0.412203 -78.627413 3.905703 -0.008494 0.027866 0.802175 0.596378
1627999571.569060 -0.450827 -78.522445 3.905336 -0.007359 0.026957 0.802733 0.595683
1627999571.669259 -0.460533 -78.432090 3.896556 -0.006099 0.027144 0.803088 0.595211
1627999571.772610 -0.478649 -78.332121 3.888327 -0.006951 0.027876 0.804163 0.593714
1627999571.869660 -0.492116 -78.232704 3.878568 -0.008801 0.027978 0.806782 0.590120
1627999571.969807 -0.517449 -78.121231 3.876863 -0.009904 0.027982 0.809582 0.586256
1627999572.070027 -0.562597 -78.010104 3.874034 -0.008941 0.028512 0.812066 0.582800
1627999572.172346 -0.613281 -77.899485 3.865656 -0.008801 0.029819 0.814276 0.579644
1627999572.270386 -0.645714 -77.802639 3.862176 -0.010206 0.030316 0.816453 0.576525
1627999572.372244 -0.661539 -77.699954 3.863935 -0.009571 0.028757 0.819044 0.572929
1627999572.470819 -0.700879 -77.583805 3.858920 -0.007972 0.027214 0.821313 0.569772
1627999572.571042 -0.738468 -77.481640 3.843876 -0.007399 0.027690 0.822458 0.568103
1627999572.671190 -0.794898 -77.385084 3.841551 -0.008009 0.028730 0.823311 0.566807
1627999572.771358 -0.847382 -77.297106 3.842099 -0.007207 0.028612 0.823687 0.566276
1627999572.871619 -0.881901 -77.186587 3.832822 -0.006450 0.028139 0.823698 0.566293
1627999572.971711 -0.924267 -77.079199 3.822160 -0.007297 0.028470 0.823462 0.566609
1627999573.071959 -0.965209 -76.963091 3.816889 -0.008687 0.029297 0.823410 0.566624
1627999573.172142 -1.012071 -76.853756 3.817920 -0.008720 0.029921 0.823106 0.567031
1627999573.272294 -1.051328 -76.754636 3.814255 -0.007517 0.029816 0.822473 0.567973
1627999573.372480 -1.080878 -76.653377 3.807133 -0.006826 0.029609 0.822003 0.568672
1627999573.472691 -1.115098 -76.543262 3.801118 -0.007084 0.029151 0.821797 0.568990
1627999573.572876 -1.158237 -76.438163 3.795224 -0.007470 0.029074 0.821429 0.569520
1627999573.673049 -1.193477 -76.329005 3.790280 -0.006923 0.029539 0.820661 0.570609
1627999573.773245 -1.206002 -76.218358 3.785601 -0.005673 0.029819 0.819437 0.572365
1627999573.873454 -1.236163 -76.118268 3.777345 -0.005344 0.029778 0.817559 0.575049
1627999573.973624 -1.284851 -76.010029 3.771222 -0.007178 0.029221 0.815950 0.577339
1627999574.073827 -1.331429 -75.902350 3.773069 -0.007957 0.028223 0.813714 0.580525
1627999574.174560 -1.359164 -75.802519 3.764914 -0.007382 0.027600 0.811020 0.584320
1627999574.274282 -1.370668 -75.716144 3.756890 -0.006894 0.028350 0.807445 0.589221
1627999574.374408 -1.395569 -75.635875 3.751439 -0.007409 0.028936 0.804241 0.593553
1627999574.474593 -1.420107 -75.526988 3.749908 -0.007885 0.028417 0.800719 0.598314
1627999574.574790 -1.472584 -75.396909 3.751522 -0.007654 0.027966 0.797564 0.602537
1627999574.674956 -1.509448 -75.269091 3.742193 -0.007242 0.027862 0.794131 0.607065
1627999574.775149 -1.546681 -75.160229 3.729026 -0.008086 0.028144 0.791210 0.610843
1627999574.875346 -1.576114 -75.042196 3.728743 -0.008918 0.028223 0.789395 0.613171
1627999574.975524 -1.619653 -74.956843 3.729252 -0.007972 0.027365 0.788203 0.614755
1627999575.075728 -1.646376 -74.864302 3.719516 -0.006614 0.027532 0.788053 0.614956
1627999575.175917 -1.679508 -74.763178 3.708810 -0.006715 0.028486 0.789026 0.613662
1627999575.276100 -1.707132 -74.647687 3.704139 -0.007534 0.028788 0.789621 0.612874
1627999575.376288 -1.760041 -74.521737 3.702933 -0.007982 0.028503 0.790406 0.611868
1627999575.476480 -1.805139 -74.416179 3.698525 -0.008169 0.028606 0.791114 0.610945
1627999575.576673 -1.823314 -74.300811 3.687293 -0.008542 0.029988 0.791669 0.610154
1627999575.676884 -1.854579 -74.174804 3.684943 -0.009527 0.031426 0.792496 0.608992
1627999575.777052 -1.917421 -74.040807 3.682013 -0.009044 0.030727 0.793522 0.607698
1627999575.877244 -1.965467 -73.927891 3.675783 -0.008094 0.030040 0.794141 0.606937
1627999575.977446 -1.996820 -73.826469 3.659088 -0.008784 0.030337 0.794762 0.606098
1627999576.077640 -2.063340 -73.733426 3.655998 -0.009706 0.030338 0.796289 0.604077
1627999576.177822 -2.091176 -73.614639 3.660391 -0.009384 0.030200 0.797471 0.602528
1627999576.278032 -2.114928 -73.501741 3.651243 -0.008589 0.029831 0.798837 0.600746
1627999576.378220 -2.140290 -73.379814 3.642204 -0.007756 0.030154 0.799812 0.599443
1627999576.478399 -2.169679 -73.272469 3.636589 -0.008177 0.030179 0.800769 0.598157
1627999576.578588 -2.186523 -73.161521 3.637746 -0.008026 0.029273 0.801558 0.597147
1627999576.678793 -2.209281 -73.046493 3.631475 -0.007036 0.028130 0.802149 0.596420
1627999576.778978 -2.233906 -72.934146 3.617471 -0.006697 0.027987 0.802484 0.595979
1627999576.879223 -2.251616 -72.821743 3.612790 -0.007013 0.027946 0.802670 0.595727
1627999576.979352 -2.288402 -72.705455 3.605071 -0.007173 0.028410 0.803146 0.595061
1627999577.079556 -2.313094 -72.599958 3.597704 -0.007898 0.030284 0.803806 0.594068
1627999577.179746 -2.344397 -72.484127 3.596021 -0.008047 0.031006 0.804187 0.593512
1627999577.279931 -2.396286 -72.358009 3.587823 -0.008568 0.030902 0.804515 0.593066
1627999577.380121 -2.457219 -72.240627 3.584096 -0.009373 0.031242 0.805087 0.592259
1627999577.480291 -2.530269 -72.120081 3.588518 -0.008054 0.030774 0.806113 0.590906
1627999577.580504 -2.576183 -72.017936 3.573544 -0.006232 0.029860 0.806278 0.590750
1627999577.684510 -2.627794 -71.905287 3.556759 -0.007894 0.030493 0.806960 0.589765
1627999577.780864 -2.681020 -71.796750 3.564827 -0.009255 0.030691 0.807798 0.588588
1627999577.881056 -2.718470 -71.693340 3.564828 -0.007507 0.030361 0.808413 0.587784
1627999577.981275 -2.754058 -71.578883 3.549224 -0.006286 0.030377 0.808834 0.587218
1627999578.081455 -2.791406 -71.459939 3.544641 -0.006739 0.029422 0.809478 0.586373
1627999578.181634 -2.822080 -71.359571 3.541489 -0.006896 0.028432 0.810412 0.585130
1627999578.281900 -2.861266 -71.237949 3.531806 -0.007105 0.029012 0.811086 0.584164
1627999578.382005 -2.897239 -71.112823 3.525616 -0.007208 0.029981 0.811646 0.583336
1627999578.482194 -2.949743 -70.990259 3.518514 -0.008067 0.030797 0.811900 0.582928
1627999578.582407 -2.993257 -70.868692 3.511524 -0.009245 0.030706 0.812985 0.581400
1627999578.682587 -3.020393 -70.749609 3.514069 -0.008773 0.030410 0.813380 0.580872
1627999578.782785 -3.050725 -70.643061 3.507012 -0.007294 0.029800 0.813993 0.580064
1627999578.882957 -3.079940 -70.542182 3.490595 -0.008190 0.030268 0.814351 0.579525
1627999578.983187 -3.106960 -70.439051 3.496076 -0.008420 0.030003 0.814959 0.578680
1627999579.083429 -3.131714 -70.327725 3.494014 -0.006144 0.028631 0.815021 0.578691
1627999579.183550 -3.170510 -70.202930 3.476027 -0.005342 0.028540 0.814233 0.579811
1627999579.283734 -3.218612 -70.087120 3.467388 -0.007198 0.029014 0.813735 0.580467
1627999579.383929 -3.238528 -69.978745 3.473283 -0.006882 0.028581 0.813632 0.580636
1627999579.484160 -3.269901 -69.853726 3.461735 -0.006112 0.028771 0.813185 0.581262
1627999579.584307 -3.304542 -69.721310 3.447591 -0.006957 0.029725 0.812570 0.582063
1627999579.684488 -3.338648 -69.626242 3.447854 -0.008118 0.030180 0.812018 0.582796
1627999579.786088 -3.393162 -69.520640 3.445036 -0.008550 0.029821 0.811553 0.583455
1627999579.886038 -3.421283 -69.389800 3.440219 -0.008483 0.030183 0.810736 0.584572
1627999579.985087 -3.445477 -69.260434 3.431953 -0.008307 0.030442 0.809601 0.586132
1627999580.085959 -3.491136 -69.138880 3.419008 -0.009055 0.030543 0.808502 0.587631
1627999580.185451 -3.524620 -69.030294 3.418460 -0.009789 0.030605 0.808045 0.588243
1627999580.286046 -3.558052 -68.925502 3.418683 -0.008729 0.029930 0.807677 0.588801
1627999580.385843 -3.595670 -68.826019 3.405334 -0.008019 0.029483 0.807214 0.589467
1627999580.486034 -3.654638 -68.715845 3.397982 -0.009028 0.029962 0.806898 0.589862
1627999580.586202 -3.705451 -68.582570 3.398233 -0.008972 0.030004 0.806709 0.590119
1627999580.686401 -3.735285 -68.453843 3.393995 -0.006862 0.029476 0.806058 0.591062
1627999580.786667 -3.759005 -68.333671 3.377503 -0.006425 0.029431 0.805683 0.591581
1627999580.886773 -3.800502 -68.217490 3.371281 -0.008656 0.030055 0.805160 0.592232
1627999580.986981 -3.851339 -68.108750 3.373525 -0.008922 0.029631 0.804950 0.592535
1627999581.087214 -3.893841 -67.994001 3.364482 -0.008077 0.029931 0.804891 0.592613
1627999581.187365 -3.920758 -67.877251 3.350661 -0.008650 0.031517 0.804528 0.593015
1627999581.287541 -3.960376 -67.762388 3.346773 -0.009617 0.032037 0.803983 0.593711
1627999581.388529 -3.991947 -67.643150 3.346693 -0.009654 0.031583 0.803921 0.593818
1627999581.487954 -4.043625 -67.520892 3.340739 -0.009009 0.030604 0.803588 0.594331
1627999581.588278 -4.087592 -67.405859 3.326977 -0.008928 0.030774 0.802870 0.595293
1627999581.690298 -4.125566 -67.297369 3.326237 -0.009460 0.032179 0.802488 0.595725
1627999581.788519 -4.169263 -67.183740 3.327150 -0.008509 0.031766 0.802670 0.595515
1627999581.888683 -4.199106 -67.064461 3.318846 -0.007349 0.030112 0.802088 0.596401
1627999581.988875 -4.219426 -66.951046 3.304363 -0.008067 0.029143 0.801925 0.596659
1627999582.089061 -4.240567 -66.820453 3.300680 -0.008026 0.029350 0.801962 0.596599
1627999582.189255 -4.261123 -66.692988 3.298354 -0.006261 0.029087 0.801757 0.596909
1627999582.289443 -4.296702 -66.586197 3.292074 -0.004926 0.028289 0.800848 0.598179
1627999582.389687 -4.329093 -66.487969 3.286254 -0.005139 0.027497 0.800573 0.598582
1627999582.489948 -4.381643 -66.371880 3.280514 -0.005956 0.027424 0.800634 0.598496
1627999582.590025 -4.433407 -66.257230 3.274764 -0.006050 0.027855 0.800844 0.598194
1627999582.690300 -4.480161 -66.145031 3.271470 -0.005400 0.028069 0.800199 0.599053
1627999582.790484 -4.511279 -66.028554 3.257093 -0.007179 0.028559 0.800014 0.599259
1627999582.890672 -4.534465 -65.911280 3.252097 -0.009071 0.029958 0.799945 0.599256
1627999582.990779 -4.553439 -65.789456 3.253921 -0.008434 0.030534 0.799822 0.599401
1627999583.091000 -4.592389 -65.677392 3.246867 -0.007706 0.030245 0.799329 0.600083
1627999583.191325 -4.640498 -65.576521 3.240112 -0.008353 0.029778 0.799053 0.600465
1627999583.293610 -4.680997 -65.458573 3.236745 -0.008718 0.029157 0.798854 0.600755
1627999583.391551 -4.713892 -65.341211 3.232927 -0.008105 0.029197 0.799137 0.600384
1627999583.491733 -4.748881 -65.219826 3.224523 -0.006334 0.029234 0.798960 0.600640
1627999583.591927 -4.789202 -65.103345 3.217240 -0.006108 0.029014 0.798331 0.601489
1627999583.692121 -4.816269 -64.972911 3.208624 -0.007717 0.028963 0.798156 0.601705
1627999583.794122 -4.848674 -64.854841 3.206330 -0.007996 0.028741 0.798374 0.601422
1627999583.892506 -4.894141 -64.752591 3.202688 -0.006760 0.028596 0.798139 0.601756
1627999583.992686 -4.926135 -64.642941 3.190526 -0.007353 0.029244 0.797906 0.602027
1627999584.092887 -4.952538 -64.537467 3.182791 -0.008807 0.030138 0.797668 0.602279
1627999584.193057 -4.984194 -64.423698 3.183181 -0.008690 0.030174 0.797703 0.602232
1627999584.293253 -5.005783 -64.302290 3.178771 -0.008046 0.029865 0.797674 0.602295
1627999584.393450 -5.027109 -64.186611 3.166324 -0.009301 0.030160 0.797479 0.602520
1627999584.493639 -5.057765 -64.066943 3.160971 -0.010362 0.030636 0.797287 0.602733
1627999584.593874 -5.094816 -63.928307 3.160485 -0.008988 0.029998 0.797221 0.602874
1627999584.694044 -5.138770 -63.808985 3.153745 -0.007485 0.029495 0.796956 0.603270
1627999584.794207 -5.183687 -63.689511 3.142426 -0.007682 0.029335 0.796455 0.603936
1627999584.894585 -5.211259 -63.578813 3.138027 -0.008359 0.029289 0.796369 0.604043
1627999584.994606 -5.232802 -63.474688 3.133786 -0.007998 0.028965 0.796581 0.603784
1627999585.094770 -5.253203 -63.373549 3.127672 -0.007052 0.028593 0.796391 0.604064
1627999585.194995 -5.292975 -63.258580 3.120485 -0.007657 0.028921 0.796143 0.604368
1627999585.295200 -5.334656 -63.145453 3.113686 -0.008967 0.029691 0.796101 0.604368
1627999585.395369 -5.357788 -63.010653 3.110761 -0.008425 0.029571 0.796296 0.604125
1627999585.495534 -5.387985 -62.873245 3.102262 -0.007843 0.029076 0.795785 0.604830
1627999585.596331 -5.419781 -62.751209 3.093967 -0.009194 0.029515 0.795456 0.605223
1627999585.696289 -5.448105 -62.642425 3.088347 -0.010286 0.029739 0.795496 0.605141
1627999585.796123 -5.479129 -62.526283 3.086241 -0.009116 0.029386 0.795729 0.604871
1627999585.896297 -5.509494 -62.401219 3.076691 -0.008307 0.029345 0.795359 0.605371
1627999585.996488 -5.539890 -62.279659 3.070386 -0.009173 0.029758 0.794878 0.605970
1627999586.096676 -5.582569 -62.159123 3.063634 -0.010251 0.029494 0.794869 0.605977
1627999586.196890 -5.621179 -62.048231 3.060850 -0.009621 0.028668 0.795059 0.605778
1627999586.297067 -5.664057 -61.941495 3.052381 -0.009083 0.028680 0.794917 0.605972
1627999586.397262 -5.708592 -61.830329 3.046297 -0.009445 0.029703 0.794644 0.606275
1627999586.497456 -5.726399 -61.718638 3.040253 -0.010084 0.030570 0.794455 0.606470
1627999586.597650 -5.737736 -61.611366 3.035265 -0.009294 0.029875 0.794647 0.606265
1627999586.697847 -5.787209 -61.497966 3.029197 -0.008861 0.029050 0.794364 0.606683
1627999586.798028 -5.825402 -61.364421 3.023936 -0.009799 0.029148 0.793978 0.607168
1627999586.898210 -5.839007 -61.230083 3.010612 -0.010499 0.030102 0.793785 0.607362
1627999586.998411 -5.875714 -61.102200 3.001058 -0.008629 0.030197 0.794140 0.606923
1627999587.098586 -5.908030 -60.978763 3.002076 -0.006336 0.029475 0.793824 0.607400
1627999587.198923 -5.945102 -60.873561 2.998146 -0.007276 0.028784 0.793222 0.608208
1627999587.299840 -5.981637 -60.764678 2.987146 -0.007378 0.027914 0.793392 0.608026
1627999587.399171 -6.002768 -60.658214 2.985990 -0.004063 0.025746 0.793378 0.608171
1627999587.499361 -6.019156 -60.542554 2.984887 -0.002988 0.025426 0.793126 0.608519
1627999587.599564 -6.052390 -60.423080 2.974989 -0.004673 0.026896 0.792760 0.608922
1627999587.699723 -6.088265 -60.304336 2.966419 -0.004623 0.026692 0.793016 0.608598
1627999587.799910 -6.118653 -60.194776 2.963001 -0.004185 0.026098 0.792923 0.608748
1627999587.900069 -6.161548 -60.078151 2.959769 -0.005329 0.026596 0.792157 0.609715
1627999588.000259 -6.204493 -59.966073 2.957193 -0.006188 0.027017 0.792222 0.609603
1627999588.100379 -6.253744 -59.847731 2.947210 -0.006685 0.027720 0.792372 0.609371
1627999588.200448 -6.297152 -59.724166 2.939498 -0.006337 0.028387 0.792516 0.609158
1627999588.300493 -6.330148 -59.604097 2.936438 -0.006235 0.028548 0.792022 0.609792
1627999588.400609 -6.355014 -59.491662 2.938325 -0.007769 0.028863 0.791795 0.610055
1627999588.500659 -6.372681 -59.364470 2.928321 -0.008751 0.029395 0.791985 0.609769
1627999588.600777 -6.402815 -59.252966 2.920754 -0.007294 0.029021 0.792263 0.609446
1627999588.700842 -6.429355 -59.145693 2.915517 -0.006760 0.029124 0.791733 0.610135
1627999588.800921 -6.467620 -59.041155 2.912706 -0.008561 0.029970 0.791639 0.610193
1627999588.901036 -6.504778 -58.917470 2.904389 -0.009305 0.030168 0.791654 0.610153
1627999589.001110 -6.545227 -58.804515 2.896074 -0.008268 0.029886 0.791894 0.609871
1627999589.101180 -6.582611 -58.694784 2.892142 -0.007467 0.030163 0.791446 0.610449
1627999589.201247 -6.605871 -58.587605 2.888345 -0.007926 0.030445 0.791533 0.610317
1627999589.301359 -6.638912 -58.484659 2.881311 -0.008328 0.030210 0.791419 0.610470
1627999589.401423 -6.668906 -58.365534 2.872701 -0.008026 0.029688 0.791702 0.610133
1627999589.501509 -6.687512 -58.264867 2.868982 -0.007708 0.030311 0.791516 0.610348
1627999589.601620 -6.716819 -58.149701 2.863321 -0.008410 0.031053 0.791027 0.610934
1627999589.701698 -6.753364 -58.049866 2.857756 -0.009103 0.031552 0.791012 0.610919
1627999589.801803 -6.757561 -57.958350 2.852647 -0.008214 0.031393 0.790990 0.610967
1627999589.901838 -6.782912 -57.866048 2.850532 -0.007241 0.031145 0.791427 0.610427
1627999590.001929 -6.805197 -57.783849 2.845448 -0.007311 0.031167 0.791172 0.610755
1627999590.102022 -6.831273 -57.692657 2.841576 -0.007910 0.031098 0.791338 0.610536
1627999590.202419 -6.852115 -57.624497 2.837025 -0.008513 0.031017 0.791205 0.610705
1627999590.302189 -6.876882 -57.552050 2.833765 -0.009035 0.031421 0.791210 0.610670
1627999590.402344 -6.888331 -57.476228 2.827253 -0.009902 0.032190 0.791364 0.610416
1627999590.502369 -6.902513 -57.411190 2.822628 -0.009071 0.032276 0.791860 0.609782
1627999590.603013 -6.931821 -57.323902 2.820398 -0.008371 0.031843 0.792149 0.609439
1627999590.702547 -6.960924 -57.257572 2.819150 -0.009200 0.031912 0.793065 0.608231
1627999590.802618 -6.970335 -57.191214 2.813171 -0.009771 0.031869 0.794177 0.606772
1627999590.903042 -6.967946 -57.117947 2.808256 -0.009113 0.031321 0.795520 0.605048
1627999591.002799 -6.990378 -57.053358 2.804526 -0.008800 0.031777 0.797446 0.602489
1627999591.102919 -6.998661 -56.996213 2.798924 -0.008251 0.032061 0.799093 0.600295
1627999591.202959 -6.994990 -56.948759 2.796419 -0.006867 0.030564 0.801163 0.597625
1627999591.303057 -7.011953 -56.889437 2.797806 -0.007172 0.029597 0.802479 0.595903
1627999591.403145 -7.033037 -56.834316 2.796745 -0.007446 0.030010 0.804182 0.593578
1627999591.503284 -7.063423 -56.770252 2.791609 -0.007298 0.030443 0.805425 0.591870
1627999591.603382 -7.093299 -56.713443 2.788902 -0.007141 0.030720 0.806636 0.590207
1627999591.705898 -7.120389 -56.631531 2.784848 -0.007564 0.030611 0.807700 0.588750
1627999591.803507 -7.143061 -56.563410 2.779127 -0.007545 0.030372 0.808910 0.587098
1627999591.903803 -7.173545 -56.505368 2.774559 -0.006591 0.030069 0.809827 0.585861
1627999592.003670 -7.204172 -56.433683 2.774373 -0.006239 0.030275 0.810380 0.585089
1627999592.103783 -7.220561 -56.360578 2.771260 -0.006998 0.030697 0.811216 0.583898
1627999592.203850 -7.222577 -56.274235 2.764336 -0.007694 0.030962 0.811832 0.583019
1627999592.303951 -7.244267 -56.175968 2.759765 -0.007583 0.031015 0.812765 0.581716
1627999592.404016 -7.269891 -56.073981 2.746732 -0.007564 0.031274 0.813536 0.580623
1627999592.508209 -7.306375 -55.976329 2.743852 -0.005777 0.030990 0.814242 0.579669
1627999592.604189 -7.352443 -55.899508 2.744569 -0.005306 0.030842 0.814385 0.579480
1627999592.704872 -7.393135 -55.817190 2.744384 -0.006868 0.030877 0.814496 0.579306
1627999592.804406 -7.412915 -55.733646 2.734135 -0.007112 0.029947 0.815250 0.578291
1627999592.904560 -7.432253 -55.660924 2.726579 -0.006238 0.029397 0.815293 0.578268
1627999593.004556 -7.463391 -55.573391 2.722949 -0.004444 0.029688 0.815812 0.577537
1627999593.105224 -7.488730 -55.492261 2.726217 -0.003473 0.029987 0.815717 0.577663
1627999593.204758 -7.521057 -55.419389 2.723674 -0.003824 0.029473 0.816154 0.577069
1627999593.305162 -7.541563 -55.335134 2.720650 -0.005044 0.028734 0.816431 0.576705
1627999593.404950 -7.568982 -55.242706 2.714622 -0.005676 0.028682 0.816821 0.576150
1627999593.505002 -7.613094 -55.135734 2.707167 -0.004935 0.028827 0.817333 0.575423
1627999593.605096 -7.655783 -55.031089 2.706106 -0.004445 0.029212 0.817076 0.575772
1627999593.705193 -7.688554 -54.946738 2.705909 -0.006489 0.029687 0.817559 0.575042
1627999593.805280 -7.733808 -54.865531 2.702022 -0.009084 0.030574 0.817611 0.574887
1627999593.905413 -7.766667 -54.775614 2.684842 -0.009313 0.030261 0.818155 0.574125
1627999594.005454 -7.793017 -54.683517 2.684211 -0.006932 0.029906 0.818619 0.573516
1627999594.105576 -7.826920 -54.592091 2.687679 -0.006718 0.030476 0.817538 0.575028
1627999594.205720 -7.871074 -54.509674 2.682316 -0.008792 0.030590 0.816140 0.576976
1627999594.305746 -7.914838 -54.428939 2.673633 -0.009214 0.029010 0.814520 0.579337
1627999594.405823 -7.954213 -54.328241 2.667738 -0.007841 0.027646 0.812193 0.582681
1627999594.505925 -8.005917 -54.224711 2.667897 -0.007678 0.028665 0.809716 0.586071
1627999594.606002 -8.046447 -54.132188 2.660965 -0.007555 0.029851 0.806980 0.589775
1627999594.708156 -8.080622 -54.025470 2.655230 -0.007594 0.030086 0.804161 0.593602
1627999594.806229 -8.119943 -53.926174 2.654249 -0.008780 0.029790 0.801336 0.597408
1627999594.906275 -8.149411 -53.831008 2.644836 -0.009058 0.029429 0.798751 0.600874
1627999595.006428 -8.165305 -53.731393 2.637572 -0.008477 0.028692 0.795287 0.605495
1627999595.106485 -8.195998 -53.623169 2.636898 -0.008921 0.028623 0.791570 0.610343
1627999595.206574 -8.220570 -53.542531 2.631600 -0.010129 0.028913 0.788107 0.614775
1627999595.306643 -8.238633 -53.449894 2.620550 -0.010391 0.028975 0.784975 0.618762
1627999595.406780 -8.262227 -53.351237 2.615996 -0.009886 0.029341 0.782469 0.621919
1627999595.506844 -8.289720 -53.254447 2.610370 -0.008733 0.029289 0.780121 0.624882
1627999595.606954 -8.324426 -53.146402 2.610309 -0.008421 0.029388 0.777905 0.627638
1627999595.707031 -8.351126 -53.039235 2.608191 -0.009994 0.029741 0.776073 0.629862
1627999595.807108 -8.365710 -52.941317 2.595311 -0.010355 0.028962 0.774997 0.631216
1627999595.907286 -8.382301 -52.844074 2.587303 -0.009146 0.028232 0.774531 0.631839
1627999596.007327 -8.394976 -52.749970 2.586881 -0.008477 0.028492 0.774299 0.632122
1627999596.107409 -8.423198 -52.650316 2.584222 -0.008766 0.029602 0.774649 0.631637
1627999596.207519 -8.436048 -52.546223 2.577076 -0.008888 0.029893 0.774870 0.631351
1627999596.307604 -8.447220 -52.437528 2.565375 -0.008345 0.029387 0.775216 0.630957
1627999596.407680 -8.463474 -52.336848 2.559530 -0.007347 0.028789 0.775861 0.630204
1627999596.507785 -8.494042 -52.238535 2.560373 -0.006863 0.028929 0.776187 0.629801
1627999596.607872 -8.529982 -52.125929 2.561009 -0.008095 0.029571 0.776913 0.628861
1627999596.711135 -8.550621 -52.011011 2.552254 -0.008746 0.029344 0.777698 0.627892
1627999596.808095 -8.554709 -51.914503 2.539634 -0.008062 0.028714 0.778974 0.626347
1627999596.908156 -8.574259 -51.821047 2.535187 -0.007189 0.029383 0.779632 0.625507
1627999597.008281 -8.600713 -51.706852 2.535552 -0.007529 0.030377 0.780196 0.624752
1627999597.108363 -8.628307 -51.597116 2.531687 -0.008783 0.030200 0.781050 0.623676
1627999597.208437 -8.648780 -51.485268 2.523938 -0.010015 0.029935 0.782132 0.622312
1627999597.308544 -8.672681 -51.377949 2.510550 -0.009836 0.030002 0.783258 0.620895
1627999597.408644 -8.691992 -51.285383 2.500263 -0.008588 0.030624 0.783989 0.619959
1627999597.508731 -8.720620 -51.181537 2.499974 -0.008008 0.031703 0.784832 0.618845
1627999597.608860 -8.742909 -51.070921 2.502161 -0.008397 0.031782 0.785273 0.618277
1627999597.708941 -8.771236 -50.969992 2.495226 -0.008584 0.030861 0.786151 0.617204
1627999597.809021 -8.793674 -50.852022 2.483334 -0.007744 0.029807 0.787259 0.615854
1627999597.909099 -8.821018 -50.743573 2.479295 -0.007634 0.030112 0.787862 0.615068
1627999598.009208 -8.834540 -50.653074 2.478695 -0.008735 0.031048 0.788631 0.614020
1627999598.109288 -8.859885 -50.561455 2.469435 -0.009541 0.031826 0.789276 0.613140
1627999598.209422 -8.889081 -50.462032 2.460646 -0.008898 0.031795 0.790535 0.611526
1627999598.309515 -8.916266 -50.355653 2.456598 -0.007922 0.031700 0.791040 0.610892
1627999598.409672 -8.950113 -50.259463 2.454046 -0.007884 0.032400 0.791894 0.609747
1627999598.509820 -8.967476 -50.169344 2.453352 -0.008370 0.033438 0.792258 0.609212
1627999598.609792 -8.986625 -50.081159 2.444097 -0.009260 0.033324 0.792855 0.608428
1627999598.709885 -9.007405 -49.996679 2.436507 -0.009040 0.032324 0.793937 0.607072
1627999598.810708 -9.031976 -49.908867 2.432181 -0.008608 0.032031 0.794657 0.606152
1627999598.910081 -9.041653 -49.833275 2.431408 -0.008820 0.032746 0.795282 0.605290
1627999599.010266 -9.050466 -49.758821 2.424803 -0.008515 0.033150 0.796053 0.604259
1627999599.110260 -9.068459 -49.694447 2.420279 -0.006650 0.033336 0.796738 0.603368
1627999599.210908 -9.078304 -49.632394 2.415615 -0.005545 0.032973 0.797279 0.602685
1627999599.310460 -9.091729 -49.569531 2.411658 -0.004705 0.031367 0.797792 0.602097
1627999599.410566 -9.118960 -49.495958 2.410615 -0.003496 0.029845 0.798250 0.601576
1627999599.510654 -9.144935 -49.444723 2.410924 -0.002808 0.029030 0.798231 0.601645
1627999599.610767 -9.168749 -49.388133 2.406190 -0.002746 0.028526 0.798588 0.601195
1627999599.710845 -9.185571 -49.324489 2.403200 -0.002273 0.027670 0.798146 0.601825
1627999599.812820 -9.201904 -49.257547 2.403778 -0.001950 0.027129 0.797608 0.602563
1627999599.911048 -9.228764 -49.196892 2.396760 -0.001621 0.027730 0.797013 0.603323
1627999600.013461 -9.260610 -49.140617 2.392882 -0.000452 0.027871 0.795890 0.604800
1627999600.111378 -9.275213 -49.079717 2.397327 -0.000208 0.026835 0.794087 0.607211
1627999600.211422 -9.299156 -49.011672 2.398018 -0.002115 0.026160 0.792103 0.609823
1627999600.311458 -9.299901 -48.937174 2.392984 -0.003509 0.026118 0.790405 0.612018
1627999600.411740 -9.324233 -48.859982 2.389335 -0.004141 0.026065 0.788003 0.615105
1627999600.511669 -9.372902 -48.784268 2.390180 -0.004965 0.026614 0.785415 0.618377
1627999600.611747 -9.401949 -48.707515 2.388465 -0.006314 0.027672 0.783032 0.621334
1627999600.711886 -9.426084 -48.632339 2.380677 -0.006414 0.028019 0.780528 0.624459
1627999600.814764 -9.450226 -48.547736 2.375964 -0.007225 0.028255 0.778273 0.627248
1627999600.912047 -9.482072 -48.444304 2.368797 -0.008237 0.027694 0.775944 0.630140
1627999601.014560 -9.509482 -48.335770 2.366569 -0.009223 0.027453 0.773933 0.632605
1627999601.112268 -9.520963 -48.238164 2.355657 -0.009603 0.028302 0.772459 0.634361
1627999601.212431 -9.543642 -48.129890 2.345379 -0.008283 0.027944 0.770968 0.636207
1627999601.312451 -9.557175 -48.028912 2.347016 -0.007402 0.027658 0.768828 0.638815
1627999601.412637 -9.574265 -47.929354 2.343947 -0.008087 0.027005 0.767037 0.640983
1627999601.512639 -9.588946 -47.829367 2.330387 -0.007927 0.025926 0.765676 0.642655
1627999601.612926 -9.626386 -47.711074 2.326883 -0.006723 0.025764 0.763972 0.644700
1627999601.712840 -9.639204 -47.599863 2.320207 -0.006191 0.026331 0.762188 0.646791
1627999601.813100 -9.644186 -47.509117 2.320353 -0.006793 0.027146 0.760457 0.648786
1627999601.913059 -9.655285 -47.410244 2.323767 -0.008248 0.027979 0.758802 0.650668
1627999602.015817 -9.657303 -47.295159 2.313650 -0.010112 0.029165 0.757208 0.652443
1627999602.113275 -9.670081 -47.187733 2.298889 -0.010136 0.028758 0.756086 0.653762
1627999602.213561 -9.707684 -47.070627 2.295667 -0.009703 0.028401 0.754194 0.655966
1627999602.313459 -9.732537 -46.950769 2.295456 -0.010884 0.029229 0.752370 0.658001
1627999602.413589 -9.750817 -46.866187 2.289277 -0.012115 0.030659 0.751290 0.659148
1627999602.513660 -9.764831 -46.794269 2.276817 -0.011181 0.030614 0.750139 0.660477
1627999602.613798 -9.782823 -46.688929 2.272647 -0.010431 0.030028 0.748895 0.661926
1627999602.713869 -9.783230 -46.574560 2.273465 -0.011354 0.030347 0.748325 0.662540
1627999602.814029 -9.766021 -46.473399 2.264086 -0.012951 0.030731 0.748322 0.662496
1627999602.914073 -9.750367 -46.385964 2.256072 -0.012824 0.030752 0.749558 0.661099
1627999603.014166 -9.766385 -46.305881 2.243298 -0.011304 0.030597 0.751940 0.658424
1627999603.114321 -9.787161 -46.217690 2.244440 -0.010252 0.030880 0.754733 0.655225
1627999603.214376 -9.804823 -46.106491 2.241809 -0.010946 0.031166 0.758031 0.651381
1627999603.314596 -9.813239 -46.016171 2.235305 -0.011507 0.030855 0.761780 0.646998
1627999603.414602 -9.812773 -45.918215 2.223476 -0.010520 0.030861 0.766680 0.641201
1627999603.514681 -9.821131 -45.829916 2.219565 -0.008907 0.031468 0.771709 0.635134
1627999603.614778 -9.843539 -45.705739 2.212121 -0.008360 0.031804 0.776079 0.629777
1627999603.714893 -9.863203 -45.605277 2.210347 -0.008796 0.031334 0.780392 0.624443
1627999603.814987 -9.893649 -45.509788 2.205720 -0.009585 0.030829 0.783878 0.620074
1627999603.915102 -9.919910 -45.424892 2.200251 -0.009527 0.030746 0.788096 0.614710
1627999604.015189 -9.934855 -45.341974 2.196140 -0.008750 0.031375 0.792097 0.609526
1627999604.115295 -9.968669 -45.253916 2.189840 -0.007970 0.032383 0.795495 0.605042
1627999604.215400 -9.986333 -45.167890 2.186364 -0.008408 0.032788 0.798317 0.601286
1627999604.315955 -10.007630 -45.075466 2.182024 -0.009495 0.032296 0.800868 0.597894
1627999604.415606 -10.035878 -44.984752 2.174299 -0.009563 0.031980 0.803631 0.594191
1627999604.515745 -10.067860 -44.893006 2.166090 -0.008888 0.032182 0.805933 0.591064
1627999604.615845 -10.107054 -44.808500 2.160399 -0.008218 0.032605 0.807675 0.588668
1627999604.715926 -10.128587 -44.722105 2.155610 -0.008179 0.031883 0.808655 0.587362
1627999604.816032 -10.171456 -44.625144 2.153268 -0.009023 0.030923 0.808663 0.587389
1627999604.916123 -10.214046 -44.525738 2.146544 -0.009463 0.030522 0.808502 0.587625
1627999605.016270 -10.234344 -44.436989 2.137595 -0.009066 0.030285 0.808266 0.587968
1627999605.116334 -10.263072 -44.345506 2.130823 -0.008221 0.030274 0.807408 0.589159
1627999605.216459 -10.297714 -44.248580 2.130806 -0.008773 0.030664 0.805987 0.591074
1627999605.316549 -10.336774 -44.145794 2.126912 -0.010023 0.030955 0.805021 0.592354
1627999605.416668 -10.365536 -44.030425 2.114647 -0.010440 0.030393 0.803633 0.594257
1627999605.516759 -10.420340 -43.939169 2.106191 -0.009565 0.029471 0.802261 0.596169
1627999605.616858 -10.490091 -43.839008 2.104183 -0.007919 0.027493 0.800628 0.598478
1627999605.717010 -10.541761 -43.723848 2.100384 -0.007472 0.026458 0.799389 0.600185
1627999605.817073 -10.568997 -43.625659 2.096753 -0.006262 0.027053 0.798264 0.601667
1627999605.917179 -10.588376 -43.520244 2.089343 -0.003636 0.026691 0.797212 0.603098
1627999606.017297 -10.614056 -43.426010 2.086208 -0.001612 0.025368 0.795661 0.605209
1627999606.117439 -10.647626 -43.328405 2.087925 -0.002802 0.024697 0.794204 0.607142
1627999606.217520 -10.684482 -43.228300 2.088504 -0.004965 0.025238 0.792649 0.609135
1627999606.317626 -10.719483 -43.127681 2.079045 -0.004630 0.026331 0.791458 0.610639
1627999606.417707 -10.748472 -43.034158 2.075620 -0.002871 0.028917 0.789973 0.612452
1627999606.517830 -10.777939 -42.929933 2.074463 -0.002987 0.031123 0.788077 0.614783
1627999606.617922 -10.797316 -42.827540 2.070518 -0.005261 0.031175 0.786170 0.617201
1627999606.718035 -10.818481 -42.732606 2.064193 -0.007418 0.029941 0.784721 0.619081
1627999606.818136 -10.833269 -42.629788 2.056186 -0.007330 0.029297 0.783213 0.621019
1627999606.918241 -10.859295 -42.527408 2.050303 -0.005993 0.029116 0.781782 0.622843
1627999607.115263 -10.885661 -42.328980 2.035355 -0.006889 0.029873 0.779486 0.625668
1627999607.118472 -10.884584 -42.330310 2.035943 -0.006777 0.029944 0.779500 0.625649
1627999607.218640 -10.910861 -42.228625 2.034483 -0.008112 0.030337 0.778172 0.627265
1627999607.318852 -10.932253 -42.117464 2.026599 -0.008125 0.030113 0.776994 0.628735
1627999607.419113 -10.967294 -41.997660 2.018804 -0.008229 0.030747 0.775606 0.630415
1627999607.518892 -11.002587 -41.864688 2.014502 -0.009250 0.031025 0.773826 0.632570
1627999607.619004 -11.034012 -41.751596 2.009220 -0.010519 0.030282 0.772755 0.633894
1627999607.719164 -11.043278 -41.653143 2.002184 -0.010752 0.030108 0.771573 0.635337
1627999607.819230 -11.056604 -41.549891 1.996340 -0.010145 0.030153 0.770350 0.636827
1627999607.919319 -11.074406 -41.457937 1.995767 -0.010323 0.031060 0.768392 0.639142
1627999608.019438 -11.096246 -41.359745 1.990502 -0.011086 0.031444 0.766157 0.641788
1627999608.121243 -11.120234 -41.256283 1.981998 -0.011267 0.030617 0.763789 0.644641
1627999608.219637 -11.149456 -41.161282 1.972786 -0.010671 0.029951 0.761800 0.647032
1627999608.319767 -11.168157 -41.049780 1.966683 -0.009682 0.029774 0.759633 0.649598
1627999608.420042 -11.193138 -40.938792 1.964385 -0.009642 0.029531 0.757967 0.651552
1627999608.520091 -11.209271 -40.823598 1.961493 -0.010762 0.029372 0.756457 0.653295
1627999608.620083 -11.226263 -40.716323 1.954164 -0.010923 0.029228 0.755508 0.654396
1627999608.720184 -11.222807 -40.608302 1.944582 -0.010140 0.029286 0.754228 0.655881
1627999608.823071 -11.223813 -40.503744 1.939113 -0.009925 0.029951 0.752905 0.657372
1627999608.920401 -11.259043 -40.402332 1.929087 -0.010800 0.029643 0.751503 0.658975
1627999609.020507 -11.274193 -40.299525 1.925794 -0.011539 0.029074 0.750308 0.660348
1627999609.120662 -11.297293 -40.190136 1.920202 -0.011168 0.028628 0.749348 0.661463
1627999609.220727 -11.299687 -40.091172 1.915035 -0.009902 0.028745 0.748910 0.661974
1627999609.320840 -11.312179 -40.000427 1.907911 -0.010014 0.029708 0.749054 0.661767
1627999609.420954 -11.315402 -39.908464 1.901989 -0.011152 0.030257 0.749867 0.660802
1627999609.521062 -11.323231 -39.802670 1.892245 -0.011787 0.029812 0.752001 0.658382
1627999609.621168 -11.333269 -39.696845 1.883230 -0.011186 0.029392 0.755007 0.654962
1627999609.721286 -11.358340 -39.593972 1.881983 -0.009635 0.030147 0.757935 0.651562
1627999609.821405 -11.377876 -39.493668 1.876383 -0.009080 0.031088 0.760619 0.648390
1627999609.921580 -11.399357 -39.413845 1.872790 -0.009879 0.030851 0.763103 0.645465
1627999610.021619 -11.413406 -39.330176 1.868195 -0.010107 0.029622 0.766048 0.642021
1627999610.122085 -11.431301 -39.232868 1.861987 -0.009037 0.028715 0.768445 0.639207
1627999610.221821 -11.448631 -39.129785 1.858419 -0.008527 0.029596 0.770737 0.636408
1627999610.321964 -11.474310 -39.025959 1.852333 -0.010135 0.031828 0.772187 0.634517
1627999610.422052 -11.480110 -38.922131 1.840758 -0.010709 0.031872 0.773772 0.632571
1627999610.522156 -11.486644 -38.812843 1.832239 -0.010634 0.030339 0.775235 0.630854
1627999610.622264 -11.502372 -38.717093 1.828977 -0.010499 0.029793 0.776485 0.629344
1627999610.722376 -11.537264 -38.606271 1.823659 -0.009959 0.030480 0.777281 0.628336
1627999610.822504 -11.564350 -38.494123 1.818125 -0.008836 0.030882 0.777747 0.627756
1627999610.922616 -11.586606 -38.403472 1.812060 -0.009466 0.030778 0.778275 0.627098
1627999611.022731 -11.613266 -38.305897 1.802180 -0.009968 0.030255 0.778771 0.626499
1627999611.123003 -11.640851 -38.203475 1.798147 -0.009221 0.029819 0.779014 0.626230
1627999611.222967 -11.657837 -38.105897 1.798977 -0.009665 0.030456 0.779520 0.625561
1627999611.323060 -11.686521 -37.997193 1.792665 -0.010450 0.032081 0.779853 0.625053
1627999611.423171 -11.716431 -37.896811 1.777479 -0.009091 0.031544 0.780212 0.624654
1627999611.523385 -11.746873 -37.807184 1.767108 -0.008347 0.029755 0.780567 0.624308
1627999611.623403 -11.762537 -37.696780 1.773564 -0.009574 0.029593 0.781229 0.623469
1627999611.723991 -11.782471 -37.600135 1.773439 -0.010675 0.029910 0.781790 0.622733
1627999611.823661 -11.802232 -37.487087 1.762657 -0.009785 0.030503 0.782306 0.622070
1627999611.924138 -11.824416 -37.394245 1.750903 -0.009559 0.032224 0.782721 0.621464
1627999612.023840 -11.861960 -37.287422 1.742119 -0.012815 0.034161 0.782758 0.621255
1627999612.123968 -11.874118 -37.167301 1.745615 -0.016320 0.035350 0.783199 0.620550
1627999612.224069 -11.903689 -37.069015 1.740891 -0.015190 0.032292 0.783212 0.620730
1627999612.324177 -11.937704 -36.956838 1.722318 -0.013697 0.029061 0.782375 0.621978
1627999612.424314 -11.969579 -36.867175 1.719323 -0.013896 0.030109 0.782082 0.622292
1627999612.524403 -11.995724 -36.770327 1.706051 -0.012429 0.030343 0.780890 0.623807
1627999612.624517 -12.022552 -36.671735 1.683609 -0.009408 0.027454 0.779945 0.625175
1627999612.724649 -12.054107 -36.568922 1.691163 -0.012882 0.029080 0.778835 0.626421
1627999612.824773 -12.071077 -36.457673 1.697242 -0.014685 0.032201 0.777688 0.627653
1627999612.924861 -12.092920 -36.336687 1.692821 -0.012047 0.030150 0.775787 0.630159
1627999613.025017 -12.130540 -36.240838 1.684645 -0.011416 0.028574 0.773915 0.632541
1627999613.125093 -12.171228 -36.137348 1.681942 -0.013106 0.029616 0.772152 0.634612
1627999613.225207 -12.193801 -36.038431 1.674497 -0.012753 0.029454 0.770588 0.636524
1627999613.325297 -12.207293 -35.919938 1.660574 -0.011974 0.028838 0.768576 0.638996
1627999613.425436 -12.218965 -35.826515 1.651328 -0.012205 0.029072 0.766840 0.641063
1627999613.526387 -12.235713 -35.721813 1.647749 -0.013178 0.028869 0.765012 0.643233
1627999613.625670 -12.247573 -35.620340 1.649993 -0.014469 0.029094 0.762958 0.645631
1627999613.725807 -12.273316 -35.527696 1.649742 -0.014402 0.029668 0.761292 0.647570
1627999613.825918 -12.297247 -35.413481 1.635918 -0.012991 0.029809 0.759539 0.649648
1627999613.925991 -12.303347 -35.294605 1.621113 -0.013210 0.029953 0.757394 0.652137
1627999614.026113 -12.307640 -35.193286 1.610208 -0.014705 0.029573 0.755974 0.653768
1627999614.126222 -12.325092 -35.098566 1.609950 -0.014654 0.028578 0.755034 0.654899
1627999614.226349 -12.347509 -34.995705 1.602297 -0.013712 0.028002 0.754313 0.655775
1627999614.327101 -12.357808 -34.891976 1.593288 -0.012809 0.028458 0.753634 0.656554
1627999614.426569 -12.376473 -34.793053 1.588303 -0.012814 0.029359 0.753664 0.656479
1627999614.526664 -12.388771 -34.684747 1.580400 -0.013557 0.029297 0.754398 0.655623
1627999614.626841 -12.417005 -34.587191 1.580319 -0.013726 0.029005 0.755430 0.654443
1627999614.726956 -12.443154 -34.479234 1.573765 -0.012868 0.028261 0.756881 0.652814
1627999614.827026 -12.457678 -34.363322 1.564753 -0.012586 0.028825 0.758206 0.651256
1627999614.927174 -12.457466 -34.262786 1.554329 -0.013173 0.029352 0.759600 0.649595
1627999615.027255 -12.468255 -34.170262 1.551371 -0.013081 0.029529 0.761259 0.647644
1627999615.127702 -12.495579 -34.052359 1.548593 -0.012572 0.029360 0.762541 0.646152
1627999615.227503 -12.515810 -33.946256 1.539817 -0.011979 0.029245 0.763854 0.644615
1627999615.327597 -12.536218 -33.841539 1.524952 -0.012680 0.029418 0.764646 0.643653
1627999615.427805 -12.534269 -33.739632 1.518823 -0.013802 0.029815 0.765165 0.642996
1627999615.527831 -12.536861 -33.651444 1.519042 -0.014273 0.029687 0.766256 0.641691
1627999615.627985 -12.561523 -33.554452 1.514416 -0.013665 0.029774 0.767307 0.640442
1627999615.728231 -12.588369 -33.458733 1.501330 -0.013563 0.030234 0.767810 0.639821
1627999615.828242 -12.605239 -33.356041 1.495944 -0.014114 0.031114 0.768392 0.639066
1627999615.929183 -12.626963 -33.258242 1.489264 -0.014433 0.030796 0.769442 0.637810
1627999616.028423 -12.636315 -33.155101 1.483034 -0.014491 0.029998 0.770320 0.636786
1627999616.128531 -12.654402 -33.040361 1.472693 -0.014161 0.029517 0.771663 0.635188
1627999616.228692 -12.682700 -32.941526 1.454069 -0.014236 0.029759 0.773357 0.633112
1627999616.328787 -12.705722 -32.835692 1.425019 -0.014219 0.029706 0.775936 0.629951
1627999616.428867 -12.732853 -32.721587 1.405293 -0.013345 0.029426 0.778737 0.626518
1627999616.529665 -12.752800 -32.612531 1.397572 -0.012169 0.028909 0.782805 0.621476
1627999616.629104 -12.807290 -32.505527 1.389421 -0.011667 0.028526 0.787242 0.615873
1627999616.729239 -12.840106 -32.398014 1.383163 -0.012381 0.028400 0.792833 0.608651
1627999616.829336 -12.848149 -32.307019 1.383423 -0.012139 0.029179 0.799048 0.600436
1627999616.929455 -12.818547 -32.236176 1.381371 -0.010843 0.029821 0.805860 0.591256
1627999617.029568 -12.810928 -32.164583 1.373492 -0.009692 0.030299 0.812791 0.581686
1627999617.129688 -12.845494 -32.079512 1.360681 -0.009796 0.030775 0.820524 0.570700
1627999617.229813 -12.904486 -31.976716 1.355784 -0.009771 0.030728 0.828117 0.559626
1627999617.330698 -12.954295 -31.873747 1.352417 -0.008697 0.030416 0.834180 0.550584
1627999617.430182 -13.001928 -31.744571 1.344774 -0.007638 0.030173 0.838204 0.544468
1627999617.530160 -13.056092 -31.611216 1.331942 -0.007270 0.029229 0.839431 0.542630
1627999617.630346 -13.106939 -31.477807 1.320040 -0.008169 0.027666 0.838701 0.543828
1627999617.731503 -13.159198 -31.347929 1.318757 -0.009590 0.026706 0.837094 0.546322
1627999617.830523 -13.238463 -31.251004 1.323081 -0.009371 0.026718 0.834215 0.550713
1627999617.930628 -13.282608 -31.160132 1.316606 -0.007602 0.026798 0.830705 0.556015
1627999618.030759 -13.311234 -31.062399 1.304443 -0.008032 0.027762 0.826217 0.562611
1627999618.131268 -13.342243 -30.973076 1.298517 -0.010389 0.028032 0.821953 0.568771
1627999618.230993 -13.358459 -30.908696 1.301193 -0.011298 0.026152 0.817041 0.575875
1627999618.331104 -13.389371 -30.813318 1.297806 -0.011308 0.024305 0.811444 0.583815
1627999618.431343 -13.431864 -30.715825 1.291586 -0.010763 0.023761 0.805685 0.591770
1627999618.531354 -13.462207 -30.610675 1.277494 -0.010856 0.024157 0.799746 0.599754
1627999618.632278 -13.498179 -30.492752 1.270351 -0.011196 0.024513 0.794211 0.607044
1627999618.731585 -13.531583 -30.374474 1.265676 -0.010982 0.024297 0.788943 0.613888
1627999618.831693 -13.551440 -30.259319 1.267536 -0.010351 0.024158 0.784589 0.619459
1627999618.931874 -13.584091 -30.158867 1.253289 -0.010618 0.024652 0.780850 0.624142
1627999619.031968 -13.597343 -30.074993 1.245674 -0.012090 0.025699 0.777766 0.627912
1627999619.132057 -13.617737 -30.002051 1.249878 -0.011973 0.025176 0.775095 0.631229
1627999619.232238 -13.647273 -29.907066 1.247777 -0.011153 0.024798 0.772522 0.634406
1627999619.332290 -13.664065 -29.803692 1.243441 -0.010683 0.024661 0.770203 0.637233
1627999619.432407 -13.683383 -29.707361 1.235736 -0.010896 0.024429 0.768211 0.639638
1627999619.532524 -13.703074 -29.597913 1.231051 -0.011596 0.024470 0.766899 0.641196
1627999619.632719 -13.737360 -29.469702 1.231867 -0.011526 0.025304 0.766890 0.641176
1627999619.732766 -13.763289 -29.364589 1.225716 -0.010407 0.025638 0.767838 0.640046
1627999619.832910 -13.781080 -29.260505 1.211617 -0.010084 0.025669 0.768706 0.639007
1627999619.933005 -13.810462 -29.165688 1.200081 -0.011582 0.025833 0.770221 0.637148
1627999620.033133 -13.842044 -29.054126 1.203600 -0.012230 0.025282 0.772138 0.634834
1627999620.133263 -13.867460 -28.926047 1.200256 -0.011448 0.025632 0.774160 0.632367
1627999620.234500 -13.887982 -28.818578 1.193325 -0.010229 0.026531 0.775730 0.630424
1627999620.333488 -13.911052 -28.720434 1.185419 -0.010082 0.026769 0.777405 0.628349
1627999620.433614 -13.931587 -28.627413 1.178955 -0.010621 0.026100 0.779295 0.626023
1627999620.534054 -13.956313 -28.525632 1.177974 -0.010559 0.025224 0.781482 0.623328
1627999620.633887 -13.973139 -28.411508 1.172973 -0.009227 0.024383 0.783506 0.620837
1627999620.734038 -14.000184 -28.288053 1.160798 -0.008639 0.025405 0.785037 0.618868
1627999620.834113 -14.022546 -28.159872 1.159824 -0.009352 0.026624 0.786751 0.616626
1627999620.934212 -14.046298 -28.039907 1.158207 -0.009527 0.025724 0.788571 0.614331
1627999621.034327 -14.066620 -27.922909 1.150306 -0.009310 0.024766 0.790781 0.611527
1627999621.134450 -14.099045 -27.806151 1.139545 -0.009564 0.024941 0.792458 0.609341
1627999621.235257 -14.146231 -27.697858 1.134721 -0.010211 0.025239 0.794363 0.606833
1627999621.335229 -14.183245 -27.598823 1.136972 -0.009378 0.025592 0.796038 0.604633
1627999621.434829 -14.203153 -27.498485 1.128696 -0.008910 0.025335 0.798293 0.601670
1627999621.534940 -14.226456 -27.403636 1.122689 -0.008331 0.025543 0.799847 0.599602
1627999621.635072 -14.255128 -27.309973 1.117019 -0.009302 0.025591 0.801604 0.597235
1627999621.735180 -14.293953 -27.192679 1.117412 -0.009835 0.025434 0.803216 0.595063
1627999621.836452 -14.322799 -27.077683 1.113330 -0.009210 0.025008 0.805058 0.592597
1627999621.935464 -14.357158 -26.970123 1.108701 -0.008161 0.025322 0.806881 0.590115
1627999622.035687 -14.410869 -26.864699 1.099688 -0.008745 0.026285 0.808324 0.588085
1627999622.135665 -14.440036 -26.765909 1.095963 -0.009302 0.025474 0.809970 0.585844
1627999622.236883 -14.468908 -26.656837 1.089679 -0.008727 0.024463 0.812208 0.582789
1627999622.335928 -14.509750 -26.540662 1.091715 -0.007901 0.024694 0.813653 0.580772
1627999622.436045 -14.549261 -26.432041 1.083318 -0.007128 0.025008 0.815400 0.578313
1627999622.536204 -14.594688 -26.342100 1.074527 -0.007160 0.024824 0.816973 0.576097
1627999622.636370 -14.634900 -26.238665 1.071748 -0.007642 0.023847 0.819015 0.573226
1627999622.736416 -14.662088 -26.126084 1.060014 -0.008490 0.023912 0.819994 0.571809
1627999622.839252 -14.685564 -26.001610 1.055951 -0.008960 0.025196 0.820789 0.570605
1627999622.936653 -14.717217 -25.878052 1.047290 -0.009519 0.026099 0.821515 0.569509
1627999623.036791 -14.751129 -25.769410 1.046928 -0.009659 0.027263 0.821612 0.569313
1627999623.136886 -14.796118 -25.681261 1.054639 -0.008497 0.027456 0.821512 0.569466
1627999623.237021 -14.824375 -25.578404 1.051605 -0.005550 0.026275 0.820762 0.570639
1627999623.337189 -14.864127 -25.481654 1.031264 -0.005422 0.025463 0.819832 0.572012
1627999623.437269 -14.904446 -25.365058 1.025290 -0.006173 0.025472 0.819237 0.572856
1627999623.537417 -14.939298 -25.253302 1.027537 -0.005177 0.025760 0.818670 0.573663
1627999623.637516 -14.992398 -25.159419 1.024905 -0.003780 0.027420 0.817410 0.575391
1627999623.737709 -15.029786 -25.046367 1.008028 -0.005072 0.028918 0.816657 0.576376
1627999623.838172 -15.073400 -24.947574 1.000435 -0.007183 0.028669 0.815742 0.577660
1627999623.937884 -15.104396 -24.843963 1.002982 -0.008514 0.027191 0.815131 0.578575
1627999624.038060 -15.144348 -24.726540 1.002061 -0.007739 0.026856 0.813693 0.580623
1627999624.138137 -15.169612 -24.610960 0.992034 -0.007740 0.027919 0.812229 0.582618
1627999624.238269 -15.209426 -24.511067 0.987120 -0.008086 0.029020 0.810205 0.585372
1627999624.338376 -15.250223 -24.393890 0.981919 -0.007825 0.028380 0.808357 0.587956
1627999624.439229 -15.276317 -24.281192 0.978156 -0.007705 0.026991 0.805854 0.591449
1627999624.538685 -15.293760 -24.187007 0.971641 -0.008310 0.026678 0.802178 0.596431
1627999624.640491 -15.305718 -24.089772 0.965757 -0.009603 0.027297 0.797874 0.602129
1627999624.738870 -15.335048 -23.989366 0.969065 -0.009679 0.027328 0.793345 0.608081
1627999624.839002 -15.359207 -23.875192 0.964446 -0.008444 0.026565 0.788333 0.614617
1627999624.939158 -15.393230 -23.769307 0.953141 -0.008133 0.026400 0.782873 0.621568
1627999625.039239 -15.418003 -23.673617 0.944936 -0.009148 0.026603 0.777232 0.628584
1627999625.139380 -15.442023 -23.556680 0.943367 -0.009902 0.026183 0.771456 0.635667
1627999625.240791 -15.465973 -23.461388 0.936977 -0.009761 0.026353 0.765596 0.642707
1627999625.339607 -15.472759 -23.363385 0.938020 -0.009362 0.026764 0.760166 0.649110
1627999625.439764 -15.504817 -23.268131 0.928779 -0.009283 0.026017 0.754576 0.655631
1627999625.539860 -15.524558 -23.170489 0.917206 -0.010390 0.025883 0.749599 0.661304
1627999625.640015 -15.545068 -23.080363 0.914024 -0.011487 0.025904 0.744728 0.666766
1627999625.740108 -15.558774 -22.996325 0.919893 -0.010931 0.026090 0.740765 0.671169
1627999625.840265 -15.570240 -22.897764 0.916805 -0.009147 0.026556 0.736618 0.675726
1627999625.940364 -15.579655 -22.801644 0.903178 -0.008898 0.027188 0.732746 0.679901
1627999626.041010 -15.589662 -22.702852 0.896805 -0.009813 0.026649 0.729122 0.683794
1627999626.140609 -15.593994 -22.598600 0.896289 -0.010426 0.025666 0.726209 0.686915
1627999626.241059 -15.614922 -22.496707 0.891677 -0.010112 0.025008 0.723612 0.689680
1627999626.340941 -15.629345 -22.399950 0.882536 -0.009711 0.025660 0.721030 0.692361
1627999626.441006 -15.630242 -22.299814 0.879823 -0.009601 0.026439 0.718767 0.694682
1627999626.541156 -15.618353 -22.199770 0.873371 -0.009624 0.026580 0.716580 0.696932
1627999626.641275 -15.627763 -22.087611 0.864754 -0.010494 0.026595 0.714536 0.699014
1627999626.741391 -15.642787 -21.985299 0.861020 -0.010731 0.026478 0.714438 0.699115
1627999626.841640 -15.654048 -21.868630 0.853638 -0.010306 0.026766 0.713674 0.699890
1627999626.941623 -15.650134 -21.768390 0.846062 -0.009983 0.027371 0.713301 0.700252
1627999627.044503 -15.655698 -21.664110 0.840357 -0.010599 0.027866 0.713026 0.700503
1627999627.141870 -15.658036 -21.555580 0.836224 -0.011185 0.027621 0.713013 0.700517
1627999627.243969 -15.667332 -21.441995 0.833598 -0.011073 0.026863 0.713587 0.699964
1627999627.342152 -15.675995 -21.344884 0.827423 -0.010803 0.027354 0.715047 0.698458
1627999627.442482 -15.670211 -21.247447 0.818323 -0.010863 0.028698 0.716346 0.697070
1627999627.542378 -15.653928 -21.130711 0.813176 -0.011435 0.029540 0.717971 0.695352
1627999627.642501 -15.660185 -21.009608 0.809119 -0.011372 0.029197 0.719477 0.693809
1627999627.742631 -15.683127 -20.900226 0.804645 -0.010556 0.028712 0.721509 0.691729
1627999627.842771 -15.692110 -20.780704 0.798042 -0.009898 0.028989 0.722531 0.690660
1627999627.942938 -15.695332 -20.671347 0.790923 -0.009593 0.029067 0.724008 0.689112
1627999628.043013 -15.707290 -20.569820 0.788200 -0.009022 0.028692 0.725363 0.687709
1627999628.143130 -15.717469 -20.465257 0.786483 -0.007907 0.027693 0.726872 0.686169
1627999628.243278 -15.711654 -20.366348 0.781308 -0.006857 0.027319 0.728657 0.684299
1627999628.343401 -15.718313 -20.257019 0.769250 -0.006995 0.027895 0.729680 0.683183
1627999628.443837 -15.714784 -20.128402 0.764526 -0.007726 0.027729 0.731240 0.681513
1627999628.543653 -15.705369 -20.003485 0.760435 -0.007929 0.026618 0.732716 0.679968
1627999628.645576 -15.719021 -19.911005 0.751061 -0.007943 0.026123 0.733895 0.678714
1627999628.743890 -15.726531 -19.821789 0.750223 -0.007469 0.027183 0.735229 0.677232
1627999628.844090 -15.733068 -19.734091 0.748096 -0.006853 0.028485 0.735943 0.676409
1627999628.944185 -15.746810 -19.631839 0.745422 -0.006893 0.028374 0.737014 0.675246
1627999629.044287 -15.762910 -19.545608 0.742586 -0.007791 0.026733 0.738470 0.673711
1627999629.144412 -15.773704 -19.473490 0.736708 -0.008770 0.025147 0.739303 0.672846
1627999629.244533 -15.781738 -19.398335 0.727419 -0.009502 0.024874 0.740417 0.671620
1627999629.344707 -15.784522 -19.326106 0.722624 -0.009642 0.026147 0.741037 0.670886
1627999629.444807 -15.781206 -19.257447 0.722089 -0.009485 0.028200 0.741921 0.669827
1627999629.544910 -15.787017 -19.185870 0.723401 -0.008809 0.029079 0.742700 0.668935
1627999629.645061 -15.789100 -19.108202 0.720280 -0.008930 0.028910 0.743244 0.668336
1627999629.745192 -15.794814 -19.041352 0.718341 -0.009236 0.028087 0.744033 0.667488
1627999629.845300 -15.801965 -18.983620 0.714959 -0.008987 0.027001 0.744694 0.666799
1627999629.945420 -15.805986 -18.928447 0.710179 -0.008113 0.026504 0.745170 0.666298
1627999630.045565 -15.809447 -18.876302 0.709610 -0.007376 0.026425 0.745785 0.665621
1627999630.145725 -15.817122 -18.822841 0.707762 -0.007628 0.025615 0.746246 0.665133
1627999630.245812 -15.830572 -18.773825 0.702593 -0.008614 0.024844 0.747069 0.664226
1627999630.346012 -15.833241 -18.711841 0.693902 -0.009089 0.025833 0.747717 0.663453
1627999630.446078 -15.836353 -18.635730 0.691723 -0.008450 0.027134 0.748442 0.662591
1627999630.546220 -15.843220 -18.573167 0.691852 -0.008339 0.027935 0.748988 0.661942
1627999630.646327 -15.847035 -18.512435 0.688671 -0.009033 0.027582 0.749634 0.661216
1627999630.746481 -15.862757 -18.452920 0.683049 -0.009604 0.026974 0.750110 0.660693
1627999630.846923 -15.871894 -18.383842 0.675248 -0.011523 0.028218 0.750640 0.660008
1627999630.946724 -15.870255 -18.315641 0.669534 -0.014528 0.029819 0.751097 0.659359
1627999631.046846 -15.872551 -18.247438 0.674747 -0.014189 0.030720 0.750616 0.659872
1627999631.146970 -15.879091 -18.172513 0.689007 -0.009487 0.028994 0.750311 0.660380
1627999631.247126 -15.878475 -18.125831 0.687897 -0.005888 0.025631 0.748839 0.662230
1627999631.347252 -15.894767 -18.043689 0.671306 -0.006179 0.023576 0.747108 0.664256
1627999631.447848 -15.908836 -17.972482 0.669359 -0.005994 0.021455 0.745263 0.666399
1627999631.547920 -15.903664 -17.893516 0.665156 -0.005051 0.020165 0.741013 0.671169
1627999631.647656 -15.915968 -17.809607 0.656893 -0.004252 0.017794 0.735276 0.677521
1627999631.747751 -15.924148 -17.734891 0.651157 -0.002827 0.016061 0.729365 0.683930
1627999631.847882 -15.910833 -17.669982 0.644068 -0.003638 0.019411 0.721440 0.692195
1627999631.948006 -15.899525 -17.580256 0.651364 -0.003859 0.020420 0.714257 0.699575
1627999632.048227 -15.888383 -17.495124 0.662532 -0.002083 0.017187 0.705031 0.708966
1627999632.148278 -15.909429 -17.414182 0.655647 -0.003819 0.014393 0.696725 0.717184
1627999632.248406 -15.911448 -17.340761 0.639848 -0.007618 0.013508 0.687675 0.725853
1627999632.348532 -15.902759 -17.254604 0.634676 -0.007382 0.013190 0.678845 0.734126
1627999632.448650 -15.880953 -17.160018 0.632914 -0.004587 0.013527 0.668250 0.743800
1627999632.549056 -15.864814 -17.071172 0.630841 -0.003947 0.015742 0.657998 0.752845
1627999632.648916 -15.856908 -16.982044 0.632198 -0.004237 0.016868 0.646377 0.762820
1627999632.749050 -15.857717 -16.886266 0.641827 -0.005963 0.014840 0.634066 0.773113
1627999632.849175 -15.868008 -16.778484 0.636602 -0.008716 0.011779 0.621804 0.783036
1627999632.949347 -15.858390 -16.681265 0.616529 -0.008707 0.010046 0.609579 0.792614
1627999633.049461 -15.829184 -16.592517 0.608276 -0.005049 0.011001 0.596876 0.802242
1627999633.149754 -15.795574 -16.495405 0.607948 -0.001941 0.013289 0.583119 0.812276
1627999633.249703 -15.766177 -16.398377 0.623316 -0.002987 0.013529 0.569989 0.821535
1627999633.349833 -15.745812 -16.295924 0.632090 -0.006433 0.010320 0.558979 0.829092
1627999633.449969 -15.724155 -16.197992 0.614945 -0.010889 0.008746 0.548656 0.835932
1627999633.550092 -15.694376 -16.100356 0.585831 -0.012565 0.011710 0.540010 0.841483
1627999633.650231 -15.632478 -15.992158 0.583135 -0.010612 0.014849 0.531643 0.846772
1627999633.750538 -15.567149 -15.911245 0.594776 -0.009409 0.016476 0.524477 0.851213
1627999633.850490 -15.529279 -15.817711 0.599909 -0.012642 0.018406 0.518587 0.854733
1627999633.950629 -15.496684 -15.715982 0.591911 -0.015457 0.017537 0.514858 0.856956
1627999634.050751 -15.451616 -15.609687 0.583834 -0.015072 0.015019 0.510466 0.859635
1627999634.150887 -15.391773 -15.498332 0.576253 -0.013144 0.013887 0.505922 0.862367
1627999634.251023 -15.338352 -15.398327 0.570905 -0.012181 0.014103 0.501510 0.864951
1627999634.351140 -15.290920 -15.308063 0.572206 -0.012681 0.013385 0.497600 0.867211
1627999634.451306 -15.223581 -15.214646 0.567140 -0.013361 0.011826 0.493752 0.869420
1627999634.551412 -15.161615 -15.128168 0.560164 -0.013715 0.011147 0.489620 0.871757
1627999634.651560 -15.104565 -15.023988 0.553653 -0.014237 0.011690 0.485023 0.874307
1627999634.751726 -15.057812 -14.926024 0.553351 -0.014428 0.010698 0.481041 0.876514
1627999634.856527 -15.008285 -14.827320 0.548972 -0.014843 0.009667 0.476953 0.878750
1627999634.951938 -14.948990 -14.739409 0.539790 -0.014488 0.009688 0.473152 0.880809
1627999635.052346 -14.895238 -14.648271 0.538704 -0.013021 0.009398 0.469290 0.882898
1627999635.152200 -14.839681 -14.567902 0.536141 -0.012047 0.009248 0.466240 0.884528
1627999635.252366 -14.777494 -14.483559 0.531023 -0.012476 0.010348 0.463095 0.886161
1627999635.352610 -14.727599 -14.390232 0.529536 -0.012429 0.010402 0.461023 0.887240
1627999635.452650 -14.663694 -14.291102 0.526842 -0.010794 0.008898 0.461678 0.886937
1627999635.552762 -14.605268 -14.188129 0.516312 -0.008395 0.009111 0.463696 0.885908
1627999635.653200 -14.557953 -14.103411 0.508326 -0.005984 0.011338 0.468496 0.883373
1627999635.753004 -14.503466 -14.019076 0.508605 -0.002871 0.012895 0.473930 0.880463
1627999635.856266 -14.450072 -13.945250 0.513074 -0.001032 0.013868 0.480574 0.876844
1627999635.953274 -14.392854 -13.868219 0.515431 -0.000760 0.014533 0.487621 0.872934
1627999636.056139 -14.342695 -13.764270 0.515371 -0.001196 0.014311 0.495674 0.868390
1627999636.153519 -14.297847 -13.669127 0.511998 -0.001759 0.014430 0.504695 0.863175
1627999636.253668 -14.268122 -13.578756 0.503131 -0.001922 0.014830 0.514201 0.857539
1627999636.353795 -14.229916 -13.492860 0.496700 -0.001340 0.015446 0.523901 0.851638
1627999636.453919 -14.166568 -13.405904 0.496917 -0.000690 0.016209 0.533639 0.845556
1627999636.554062 -14.121744 -13.315436 0.496656 -0.000738 0.016681 0.543563 0.839202
1627999636.654185 -14.070983 -13.225234 0.492879 -0.001369 0.017676 0.553657 0.832556
1627999636.754325 -14.027337 -13.132439 0.487598 -0.001430 0.018259 0.563163 0.826143
1627999636.854472 -13.985554 -13.035979 0.489213 -0.001433 0.017983 0.572286 0.819855
1627999636.954604 -13.950003 -12.944800 0.489898 -0.002130 0.017539 0.580224 0.814265
1627999637.055100 -13.924711 -12.874339 0.486992 -0.003495 0.017307 0.587459 0.809061
1627999637.154849 -13.902322 -12.779481 0.479199 -0.004386 0.017221 0.593234 0.804834
1627999637.255098 -13.854219 -12.697675 0.473389 -0.003696 0.016548 0.597054 0.802022
1627999637.355130 -13.815266 -12.620714 0.474299 -0.003006 0.016379 0.598698 0.800802
1627999637.455250 -13.777254 -12.525099 0.472604 -0.003448 0.016573 0.599462 0.800224
1627999637.555403 -13.756616 -12.426538 0.470652 -0.003542 0.015634 0.599254 0.800398
1627999637.655767 -13.717517 -12.335387 0.465926 -0.003331 0.014668 0.598451 0.801018
1627999637.755674 -13.694769 -12.258399 0.463238 -0.002871 0.014229 0.595222 0.803430
1627999637.855784 -13.662692 -12.167769 0.465823 -0.003624 0.014062 0.590062 0.807227
1627999637.955957 -13.637948 -12.075400 0.462202 -0.004703 0.013555 0.584792 0.811057
1627999638.056084 -13.602049 -11.985476 0.454652 -0.004966 0.012827 0.579383 0.814939
1627999638.156265 -13.562533 -11.890067 0.449293 -0.004765 0.013208 0.573455 0.819117
1627999638.257102 -13.535833 -11.792187 0.450583 -0.004411 0.013426 0.566780 0.823748
1627999638.356500 -13.494948 -11.697001 0.455595 -0.004937 0.012299 0.559203 0.828925
1627999638.456610 -13.466963 -11.602813 0.451625 -0.006536 0.010800 0.551698 0.833949
1627999638.556737 -13.430535 -11.503717 0.442121 -0.006986 0.009510 0.544710 0.838542
1627999638.656859 -13.401534 -11.415498 0.432899 -0.006089 0.008598 0.536582 0.843782
1627999638.757054 -13.365025 -11.338341 0.431353 -0.004462 0.008327 0.527916 0.849244
1627999638.857156 -13.327200 -11.250234 0.436006 -0.004235 0.007671 0.518778 0.854864
1627999638.957300 -13.282342 -11.144601 0.441592 -0.005812 0.006393 0.510591 0.859780
1627999639.057402 -13.241366 -11.040472 0.436535 -0.007256 0.004654 0.503690 0.863842
1627999639.157543 -13.186440 -10.944819 0.426918 -0.006930 0.003470 0.497459 0.867453
1627999639.257688 -13.128798 -10.857198 0.419884 -0.005184 0.003289 0.491360 0.870935
1627999639.358833 -13.067957 -10.766869 0.423049 -0.004021 0.003300 0.484942 0.874531
1627999639.458156 -13.014627 -10.665990 0.426672 -0.005020 0.003107 0.479232 0.877669
1627999639.558085 -12.959928 -10.566377 0.427519 -0.006983 0.002251 0.474525 0.880211
1627999639.658228 -12.902465 -10.478762 0.426155 -0.009035 0.001627 0.471021 0.882074
1627999639.758354 -12.851265 -10.393467 0.418714 -0.009114 0.000011 0.467764 0.883806
1627999639.858490 -12.795178 -10.303357 0.412128 -0.007010 -0.001307 0.465090 0.885235
1627999639.958663 -12.743814 -10.221278 0.410806 -0.004943 -0.000233 0.462253 0.886734
1627999640.059050 -12.680254 -10.129402 0.416566 -0.004883 0.000919 0.459343 0.888245
1627999640.158901 -12.623744 -10.036772 0.417191 -0.006833 0.001707 0.456142 0.889879
1627999640.259023 -12.567049 -9.945859 0.419904 -0.008177 0.000595 0.454338 0.890792
1627999640.359167 -12.505198 -9.850627 0.412949 -0.009741 0.001021 0.452705 0.891607
1627999640.459310 -12.450853 -9.757158 0.398260 -0.011178 0.004949 0.451805 0.892033
1627999640.559491 -12.397543 -9.681748 0.393567 -0.011144 0.008907 0.449996 0.892916
1627999640.659562 -12.317901 -9.599377 0.399648 -0.009852 0.008904 0.448665 0.893601
1627999640.759820 -12.249985 -9.510133 0.405259 -0.010386 0.008024 0.447848 0.894013
1627999640.859837 -12.173642 -9.423419 0.400690 -0.012561 0.009924 0.447171 0.894305
1627999640.959993 -12.130835 -9.327135 0.394424 -0.013789 0.011629 0.446294 0.894704
1627999641.060118 -12.083878 -9.244162 0.385709 -0.012538 0.010606 0.446157 0.894804
1627999641.160246 -12.010774 -9.168121 0.380462 -0.011337 0.009988 0.446797 0.894508
1627999641.260380 -11.941242 -9.071537 0.377022 -0.011747 0.012074 0.448216 0.893767
1627999641.360544 -11.868519 -8.972444 0.377592 -0.013108 0.013229 0.451306 0.892175
1627999641.460673 -11.808584 -8.877468 0.377360 -0.013775 0.011880 0.454322 0.890652
1627999641.563355 -11.748387 -8.808051 0.368454 -0.013596 0.010597 0.458795 0.888375
1627999641.660959 -11.688557 -8.738379 0.362652 -0.012349 0.010261 0.462403 0.886524
1627999641.762786 -11.623166 -8.654525 0.362481 -0.011509 0.009664 0.466158 0.884574
1627999641.861224 -11.568561 -8.577547 0.359450 -0.012029 0.011167 0.469257 0.882909
1627999641.961348 -11.518343 -8.501609 0.354182 -0.012242 0.012029 0.472875 0.880963
1627999642.061497 -11.464658 -8.430046 0.352237 -0.011110 0.011256 0.476021 0.879291
1627999642.161624 -11.413891 -8.362511 0.353671 -0.010445 0.010865 0.478573 0.877919
1627999642.262129 -11.362994 -8.282618 0.352851 -0.010848 0.011610 0.481257 0.876435
1627999642.361916 -11.320085 -8.206021 0.347471 -0.011170 0.011664 0.484008 0.874914
1627999642.462087 -11.272317 -8.127008 0.344349 -0.010932 0.010963 0.486826 0.873362
1627999642.562289 -11.224007 -8.051390 0.340189 -0.010236 0.010227 0.489535 0.871864
1627999642.662346 -11.176926 -7.977373 0.336502 -0.009834 0.010960 0.491916 0.870518
1627999642.762429 -11.129952 -7.905182 0.332952 -0.009386 0.011572 0.494430 0.869090
1627999642.862645 -11.082815 -7.834671 0.330682 -0.008978 0.012044 0.496523 0.867894
1627999642.962709 -11.043718 -7.763257 0.330045 -0.009106 0.013289 0.497284 0.867438
1627999643.064157 -11.007109 -7.686030 0.324929 -0.008901 0.013982 0.497082 0.867545
1627999643.163519 -10.954506 -7.611023 0.321355 -0.007915 0.014202 0.496105 0.868110
1627999643.263176 -10.919795 -7.531312 0.320498 -0.007184 0.014496 0.494013 0.869304
1627999643.364357 -10.877934 -7.462643 0.321855 -0.007686 0.014677 0.491299 0.870833
1627999643.463428 -10.827388 -7.383898 0.323881 -0.009403 0.014534 0.488744 0.872256
1627999643.563552 -10.783457 -7.298056 0.316884 -0.011707 0.014015 0.486414 0.873538
1627999643.663695 -10.740993 -7.218611 0.309765 -0.012673 0.013034 0.484244 0.874744
1627999643.763823 -10.702592 -7.147738 0.301409 -0.011279 0.012644 0.481971 0.876024
1627999643.863960 -10.652992 -7.078756 0.299529 -0.010295 0.014290 0.479626 0.877296
1627999643.964107 -10.600877 -7.007232 0.297199 -0.009988 0.016590 0.477968 0.878164
1627999644.064221 -10.561123 -6.945498 0.297032 -0.009472 0.017003 0.476124 0.879163
1627999644.164361 -10.517432 -6.881953 0.295916 -0.009937 0.015559 0.474525 0.880048
1627999644.264514 -10.470619 -6.792503 0.293968 -0.011470 0.014270 0.472836 0.880960
1627999644.364632 -10.430171 -6.726239 0.287148 -0.011965 0.014202 0.471237 0.881811
1627999644.464829 -10.387471 -6.656750 0.278337 -0.011294 0.014644 0.469775 0.882592
1627999644.564923 -10.340572 -6.586552 0.274538 -0.009360 0.014377 0.468855 0.883108
1627999644.665064 -10.308249 -6.544587 0.278973 -0.008123 0.014564 0.467759 0.883699
1627999644.765200 -10.274693 -6.492137 0.278622 -0.007820 0.015548 0.466917 0.884130
1627999644.865357 -10.235816 -6.425922 0.273589 -0.007461 0.015380 0.466068 0.884584
1627999644.965481 -10.208249 -6.370140 0.272196 -0.007170 0.014806 0.465080 0.885116
1627999645.065605 -10.165314 -6.324718 0.271625 -0.007329 0.015455 0.463508 0.885928
1627999645.165758 -10.135266 -6.283129 0.267692 -0.007001 0.015425 0.461636 0.886908
1627999645.265897 -10.094539 -6.245069 0.269661 -0.006483 0.014508 0.459936 0.887810
1627999645.366032 -10.065325 -6.194583 0.267989 -0.007234 0.014656 0.457889 0.888859
1627999645.466185 -10.043745 -6.148682 0.261945 -0.007519 0.014990 0.455801 0.889924
1627999645.566361 -10.005399 -6.115814 0.261958 -0.007133 0.014588 0.453040 0.891342
1627999645.666491 -9.968819 -6.071891 0.259716 -0.007290 0.014292 0.450385 0.892690
1627999645.766591 -9.933894 -6.033343 0.258958 -0.006914 0.014266 0.447629 0.894079
1627999645.866746 -9.893026 -5.991118 0.255203 -0.006194 0.013852 0.444699 0.895551
1627999645.966892 -9.852033 -5.955398 0.256285 -0.005551 0.013128 0.441031 0.897379
1627999646.067024 -9.813407 -5.916038 0.257903 -0.005879 0.011658 0.437389 0.899178
1627999646.167142 -9.768788 -5.868435 0.259110 -0.006815 0.010837 0.433654 0.900988
1627999646.267278 -9.743290 -5.807011 0.251902 -0.008083 0.011295 0.429925 0.902758
1627999646.367438 -9.731250 -5.743782 0.246342 -0.008370 0.010896 0.425535 0.904838
1627999646.467594 -9.715411 -5.677693 0.248837 -0.008511 0.010196 0.421123 0.906906
1627999646.567714 -9.684190 -5.601689 0.243051 -0.009239 0.009494 0.415872 0.909327
1627999646.667830 -9.634344 -5.552940 0.240118 -0.008925 0.009079 0.410703 0.911680
1627999646.768006 -9.566999 -5.483100 0.239642 -0.008758 0.009804 0.405059 0.914196
1627999646.868112 -9.498092 -5.430958 0.236335 -0.008727 0.010683 0.399343 0.916698
1627999646.968252 -9.450936 -5.365950 0.235259 -0.008903 0.010828 0.393514 0.919212
1627999647.068384 -9.382687 -5.300318 0.235330 -0.010260 0.011094 0.387340 0.921813
1627999647.168568 -9.309041 -5.222691 0.224878 -0.010849 0.009733 0.381151 0.924398
1627999647.268692 -9.254085 -5.164594 0.226164 -0.009784 0.008522 0.374307 0.927214
1627999647.368821 -9.180265 -5.094863 0.226689 -0.009252 0.010104 0.367390 0.929966
1627999647.468961 -9.115334 -5.026870 0.220027 -0.008313 0.010818 0.360546 0.932642
1627999647.569106 -9.059458 -4.961144 0.213981 -0.007395 0.010021 0.352757 0.935632
1627999647.669236 -8.996213 -4.885541 0.212585 -0.007649 0.008996 0.344605 0.938673
1627999647.769527 -8.927238 -4.818227 0.217476 -0.008581 0.008687 0.336191 0.941715
1627999647.869505 -8.834869 -4.759858 0.212612 -0.009495 0.009800 0.328179 0.944517
1627999647.971080 -8.760595 -4.695193 0.204281 -0.008866 0.009976 0.319618 0.947453
1627999648.069796 -8.671151 -4.624880 0.198942 -0.007055 0.009516 0.311207 0.950268
1627999648.169931 -8.583648 -4.561664 0.198453 -0.005734 0.009318 0.302466 0.953097
1627999648.270072 -8.504344 -4.494979 0.201946 -0.005697 0.009301 0.293774 0.955813
1627999648.370232 -8.414229 -4.430714 0.193449 -0.006511 0.009058 0.284889 0.958496
1627999648.470366 -8.325739 -4.375893 0.191799 -0.006433 0.008179 0.276355 0.960999
1627999648.572278 -8.234678 -4.330006 0.195117 -0.005994 0.007947 0.268710 0.963170
1627999648.670643 -8.122418 -4.294708 0.192110 -0.005966 0.008534 0.264056 0.964451
1627999648.770781 -8.005354 -4.258739 0.192599 -0.005555 0.009337 0.262781 0.964794
1627999648.870916 -7.911134 -4.211398 0.190610 -0.005294 0.010846 0.263332 0.964630
1627999648.971059 -7.825978 -4.155785 0.188644 -0.005408 0.012126 0.264751 0.964226
1627999649.071196 -7.735871 -4.113522 0.182176 -0.005940 0.012884 0.267717 0.963393
1627999649.171340 -7.653547 -4.064308 0.176268 -0.005799 0.012023 0.271206 0.962429
1627999649.271481 -7.566288 -4.016716 0.176584 -0.005163 0.011595 0.275461 0.961228
1627999649.371619 -7.485054 -3.961311 0.171703 -0.004185 0.012049 0.279468 0.960070
1627999649.471964 -7.402364 -3.904955 0.170023 -0.003508 0.012421 0.283271 0.958953
1627999649.571977 -7.302403 -3.853819 0.166434 -0.003570 0.011851 0.287403 0.957730
1627999649.672042 -7.236886 -3.800381 0.164345 -0.003318 0.011253 0.289958 0.956967
1627999649.772182 -7.159000 -3.750778 0.169594 -0.002763 0.012407 0.291353 0.956531
1627999649.872350 -7.091744 -3.692755 0.164029 -0.002494 0.013511 0.292461 0.956179
1627999649.972481 -6.996596 -3.633908 0.159152 -0.002467 0.013854 0.293773 0.955772
1627999650.072623 -6.913527 -3.581321 0.155268 -0.002524 0.013846 0.295908 0.955113
1627999650.172764 -6.831282 -3.539559 0.150611 -0.002438 0.013196 0.299420 0.954027
1627999650.272892 -6.743046 -3.498758 0.156106 -0.001260 0.014078 0.304073 0.952544
1627999650.373071 -6.653369 -3.449781 0.147936 -0.000038 0.016364 0.309132 0.950878
1627999650.473178 -6.576200 -3.398016 0.139507 0.000796 0.016068 0.315360 0.948836
1627999650.573349 -6.508041 -3.343436 0.144185 0.000694 0.015319 0.322494 0.946447
1627999650.673502 -6.444558 -3.286084 0.142435 -0.000119 0.015835 0.329358 0.944072
1627999650.773603 -6.374440 -3.232003 0.135540 -0.000238 0.015783 0.335719 0.941830
1627999650.873761 -6.309336 -3.174864 0.133963 -0.000146 0.015397 0.339540 0.940466
1627999650.973899 -6.248878 -3.106170 0.133980 0.000309 0.015705 0.340565 0.940090
1627999651.074031 -6.194112 -3.048023 0.131382 -0.000259 0.016883 0.340266 0.940177
1627999651.174196 -6.131699 -2.980754 0.122381 -0.001569 0.016408 0.339929 0.940307
1627999651.274338 -6.080492 -2.911268 0.123528 -0.001799 0.015111 0.337238 0.941296
1627999651.374458 -6.027420 -2.845183 0.126339 -0.001754 0.016372 0.333192 0.942715
1627999651.474612 -5.962263 -2.791130 0.115935 -0.002193 0.017963 0.328408 0.944363
1627999651.574757 -5.894157 -2.737952 0.111057 -0.002682 0.017563 0.323235 0.946152
1627999651.674904 -5.833989 -2.680041 0.112355 -0.003147 0.017524 0.317162 0.948204
1627999651.775027 -5.778684 -2.617241 0.107890 -0.003586 0.017897 0.310156 0.950510
1627999651.875171 -5.710423 -2.559141 0.103076 -0.003261 0.017367 0.302761 0.952903
1627999651.975496 -5.638028 -2.499364 0.103454 -0.003504 0.017427 0.294452 0.955501
1627999652.075490 -5.567798 -2.451654 0.095720 -0.004050 0.017545 0.286457 0.957924
1627999652.175607 -5.501718 -2.389666 0.088901 -0.003956 0.016183 0.277967 0.960446
1627999652.275826 -5.439819 -2.340945 0.088087 -0.003559 0.014646 0.268927 0.963043
1627999652.375897 -5.381026 -2.281317 0.087283 -0.003980 0.013629 0.258676 0.965860
1627999652.476086 -5.301118 -2.234824 0.083691 -0.004670 0.012519 0.248108 0.968640
1627999652.576275 -5.230542 -2.193434 0.083226 -0.005000 0.011288 0.236296 0.971603
1627999652.676330 -5.148254 -2.147334 0.085373 -0.004817 0.011613 0.225234 0.974223
1627999652.776628 -5.065263 -2.096222 0.080135 -0.003455 0.012369 0.213438 0.976872
1627999652.876605 -5.001108 -2.061886 0.075635 -0.003072 0.012831 0.201744 0.979349
1627999652.976761 -4.926212 -2.033567 0.068639 -0.004793 0.012047 0.190229 0.981654
1627999653.076904 -4.852691 -2.007398 0.070991 -0.006419 0.010562 0.180119 0.983567
1627999653.177044 -4.766726 -1.999034 0.077776 -0.006866 0.010603 0.171909 0.985032
1627999653.277165 -4.677890 -2.004316 0.077208 -0.005890 0.012001 0.167183 0.985835
1627999653.377360 -4.599123 -2.006540 0.068769 -0.004020 0.011864 0.164722 0.986260
1627999653.477480 -4.515478 -2.006689 0.066615 -0.002328 0.011033 0.164126 0.986375
1627999653.577631 -4.440729 -1.999394 0.069572 -0.002344 0.011752 0.165242 0.986180
1627999653.677766 -4.368821 -1.973713 0.070005 -0.003295 0.013097 0.167518 0.985776
1627999653.777928 -4.298597 -1.941876 0.066953 -0.003581 0.014818 0.170947 0.985162
1627999653.878030 -4.218254 -1.910249 0.064330 -0.003232 0.016886 0.175322 0.984361
1627999653.978192 -4.141601 -1.899638 0.055652 -0.002288 0.017010 0.180317 0.983459
1627999654.078375 -4.067455 -1.875195 0.053372 -0.001147 0.016344 0.184671 0.982664
1627999654.178462 -3.989870 -1.852078 0.054581 -0.000992 0.016785 0.188741 0.981883
1627999654.278632 -3.911221 -1.813165 0.048629 -0.001169 0.017239 0.192528 0.981139
1627999654.378757 -3.835322 -1.783487 0.041773 -0.001275 0.016391 0.196724 0.980321
1627999654.479022 -3.760018 -1.751502 0.041301 -0.001206 0.015019 0.200803 0.979516
1627999654.579046 -3.682886 -1.715048 0.038336 -0.001452 0.014098 0.204289 0.978808
1627999654.679190 -3.613217 -1.657311 0.034660 -0.001946 0.012748 0.206453 0.978372
1627999654.779327 -3.539374 -1.594594 0.032086 -0.002489 0.010720 0.204327 0.978841
1627999654.879471 -3.471102 -1.542476 0.031605 -0.002473 0.008960 0.199651 0.979823
1627999654.979725 -3.399931 -1.506611 0.030591 -0.001596 0.007525 0.193971 0.980977
1627999655.081780 -3.337536 -1.469030 0.029673 -0.000717 0.006032 0.186809 0.982377
1627999655.179914 -3.263805 -1.425757 0.028919 -0.000373 0.005450 0.178704 0.983888
1627999655.280062 -3.202266 -1.381030 0.025709 -0.001266 0.005272 0.169450 0.985524
1627999655.380728 -3.137060 -1.355306 0.027971 -0.002410 0.005216 0.159274 0.987218
1627999655.480337 -3.066618 -1.341554 0.029139 -0.003481 0.005442 0.149643 0.988719
1627999655.580825 -2.999871 -1.319464 0.029430 -0.003515 0.006248 0.139867 0.990144
1627999655.684603 -2.928636 -1.311658 0.031177 -0.003255 0.007053 0.129835 0.991505
1627999655.780907 -2.856869 -1.297129 0.029056 -0.003327 0.007992 0.120078 0.992727
1627999655.880920 -2.781275 -1.282757 0.025741 -0.003117 0.007942 0.110231 0.993869
1627999655.981087 -2.729855 -1.275567 0.024627 -0.002648 0.007328 0.100965 0.994859
1627999656.081201 -2.668633 -1.267860 0.023437 -0.002883 0.007080 0.092200 0.995711
1627999656.181538 -2.605704 -1.264166 0.023396 -0.003309 0.006421 0.084523 0.996395
1627999656.283515 -2.541067 -1.263682 0.024180 -0.003442 0.005287 0.077953 0.996937
1627999656.381638 -2.479409 -1.259691 0.023873 -0.002877 0.005022 0.072856 0.997326
1627999656.481795 -2.412015 -1.260344 0.019604 -0.002768 0.004876 0.068411 0.997641
1627999656.581947 -2.353848 -1.249737 0.018698 -0.003127 0.003934 0.064790 0.997886
1627999656.682110 -2.291042 -1.240106 0.020489 -0.003278 0.003151 0.061501 0.998097
1627999656.782240 -2.217911 -1.228845 0.023602 -0.003044 0.003576 0.058395 0.998283
1627999656.882388 -2.147586 -1.229447 0.021261 -0.002750 0.004186 0.056047 0.998416
1627999656.982521 -2.074743 -1.225699 0.018815 -0.002615 0.004581 0.053796 0.998538
1627999657.082681 -2.003411 -1.222072 0.017724 -0.002636 0.004698 0.052227 0.998621
1627999657.182800 -1.935117 -1.210440 0.016738 -0.002822 0.004909 0.050870 0.998689
1627999657.282944 -1.862775 -1.197127 0.016501 -0.002616 0.004879 0.049783 0.998745
1627999657.383096 -1.787451 -1.191927 0.018002 -0.001826 0.004772 0.048415 0.998814
1627999657.483287 -1.726671 -1.195549 0.018915 -0.001181 0.005446 0.047241 0.998868
1627999657.583406 -1.655713 -1.190647 0.014429 -0.001338 0.005891 0.046286 0.998910
1627999657.683534 -1.591983 -1.188553 0.011838 -0.001629 0.005437 0.045460 0.998950
1627999657.783684 -1.540441 -1.183316 0.013083 -0.001730 0.004648 0.044235 0.999009
1627999657.883840 -1.488829 -1.177108 0.014743 -0.001612 0.004606 0.043213 0.999054
1627999658.081918 -1.401969 -1.163469 0.015390 -0.001390 0.004246 0.042109 0.999103
1627999658.084108 -1.403040 -1.163386 0.015515 -0.001385 0.004231 0.042072 0.999105
1627999658.184267 -1.347193 -1.163684 0.014816 -0.000991 0.003855 0.040808 0.999159
1627999658.284397 -1.306730 -1.164803 0.015250 -0.000592 0.004558 0.040021 0.999188
1627999658.384544 -1.271019 -1.157351 0.011305 -0.000133 0.004641 0.039456 0.999211
1627999658.484689 -1.249405 -1.159032 0.011234 0.000172 0.004722 0.039549 0.999206
1627999658.584872 -1.230797 -1.166603 0.011639 0.000149 0.005043 0.039398 0.999211
1627999658.685425 -1.215999 -1.163137 0.010956 0.000066 0.004897 0.039211 0.999219
1627999658.785148 -1.205481 -1.154984 0.010685 -0.000079 0.004647 0.038896 0.999232
1627999658.885280 -1.192664 -1.154200 0.012337 0.000043 0.004765 0.038630 0.999242
1627999658.985453 -1.195050 -1.151355 0.010767 0.000250 0.004671 0.038739 0.999238
1627999659.085597 -1.194950 -1.149471 0.009033 0.000184 0.004412 0.038745 0.999239
1627999659.185736 -1.197803 -1.155462 0.010051 0.000067 0.004206 0.038748 0.999240
1627999659.285878 -1.203367 -1.158677 0.010255 -0.000087 0.004082 0.038780 0.999239
1627999659.386007 -1.208814 -1.158467 0.009819 0.000094 0.004048 0.038702 0.999243
1627999659.486191 -1.216790 -1.142555 0.009045 0.000128 0.004041 0.038759 0.999240
1627999659.586305 -1.220196 -1.128161 0.008698 0.000165 0.003962 0.038850 0.999237
1627999659.686505 -1.219747 -1.135106 0.008972 0.000047 0.003961 0.038865 0.999237
1627999659.786615 -1.209951 -1.151963 0.010407 0.000072 0.004066 0.038920 0.999234
1627999659.886788 -1.209322 -1.157594 0.010502 0.000145 0.004094 0.038878 0.999236
1627999659.986898 -1.215608 -1.158852 0.010563 0.000173 0.004155 0.038940 0.999233
1627999660.087057 -1.214812 -1.161307 0.010696 0.000039 0.004095 0.038809 0.999238
1627999660.187209 -1.204789 -1.161354 0.010113 -0.000049 0.004082 0.038799 0.999239
1627999660.287347 -1.201376 -1.155830 0.010238 0.000113 0.004073 0.039071 0.999228
1627999660.387490 -1.208245 -1.152961 0.009673 0.000087 0.004027 0.039008 0.999231
1627999660.487624 -1.210047 -1.155179 0.010431 0.000123 0.004109 0.038818 0.999238
1627999660.587770 -1.207248 -1.152540 0.009735 0.000055 0.004045 0.038731 0.999241
1627999660.687937 -1.206738 -1.151744 0.010481 0.000180 0.004032 0.038942 0.999233
1627999660.788069 -1.204692 -1.154642 0.010050 0.000125 0.004105 0.038940 0.999233
1627999660.888246 -1.206115 -1.154285 0.010537 0.000101 0.004073 0.038750 0.999241
1627999660.988362 -1.209557 -1.151981 0.009747 0.000018 0.004009 0.038747 0.999241
1627999661.088537 -1.203669 -1.155312 0.010342 0.000059 0.004069 0.038931 0.999234
1627999661.188649 -1.204758 -1.151934 0.010181 0.000108 0.004031 0.038822 0.999238
1627999661.288817 -1.206512 -1.149118 0.009712 0.000072 0.004077 0.038649 0.999245
1627999661.388959 -1.209070 -1.147557 0.010666 0.000071 0.004064 0.038789 0.999239
1627999661.489094 -1.208067 -1.146887 0.010605 0.000142 0.004093 0.038848 0.999237
1627999661.589458 -1.209478 -1.157328 0.010961 0.000019 0.004157 0.038897 0.999235
1627999661.689386 -1.207773 -1.157259 0.010815 0.000015 0.004179 0.038846 0.999236
1627999661.789563 -1.208466 -1.156794 0.010797 0.000067 0.004173 0.038865 0.999236
1627999661.889703 -1.208568 -1.155746 0.011128 0.000233 0.004069 0.038892 0.999235
1627999661.989863 -1.212354 -1.149598 0.010047 0.000044 0.003919 0.038813 0.999239
1627999662.089998 -1.209155 -1.151936 0.011271 -0.000042 0.004149 0.038824 0.999237
1627999662.190204 -1.216887 -1.157754 0.010897 0.000002 0.004082 0.038746 0.999241
1627999662.290300 -1.214787 -1.155136 0.011618 0.000093 0.004102 0.038720 0.999242
1627999662.390440 -1.207964 -1.157117 0.010635 0.000122 0.004178 0.038821 0.999237
1627999662.490571 -1.200391 -1.158740 0.010462 0.000091 0.004117 0.038931 0.999233
1627999662.590731 -1.202794 -1.148726 0.010686 0.000126 0.004156 0.038980 0.999231
1627999662.690870 -1.206447 -1.148494 0.011206 0.000093 0.004093 0.038972 0.999232
1627999662.791040 -1.209957 -1.146762 0.010762 0.000175 0.004107 0.038924 0.999234
1627999662.891709 -1.215799 -1.151249 0.009926 0.000001 0.004105 0.038772 0.999240
1627999662.991319 -1.211595 -1.156966 0.010993 -0.000039 0.004134 0.038961 0.999232
1627999663.091705 -1.211555 -1.158532 0.010942 0.000051 0.004150 0.038732 0.999241
1627999663.192246 -1.202728 -1.156410 0.010421 0.000146 0.004068 0.038803 0.999239
1627999663.291813 -1.206251 -1.155168 0.010416 0.000076 0.004108 0.038719 0.999242
1627999663.391934 -1.209735 -1.153009 0.010701 0.000138 0.004146 0.038863 0.999236
1627999663.492073 -1.209887 -1.154472 0.011392 0.000033 0.004112 0.038791 0.999239
1627999663.592203 -1.209463 -1.154543 0.010615 0.000121 0.004118 0.038748 0.999241
1627999663.692363 -1.208336 -1.157914 0.010500 0.000073 0.004104 0.038781 0.999239
1627999663.792500 -1.211765 -1.153367 0.010193 0.000037 0.004122 0.038835 0.999237
1627999663.892656 -1.211578 -1.148898 0.009588 0.000050 0.004054 0.038787 0.999239
1627999663.992807 -1.211072 -1.149367 0.010330 0.000110 0.004062 0.038895 0.999235
1627999664.093035 -1.206259 -1.157137 0.009638 -0.000016 0.004052 0.038944 0.999233
1627999664.193101 -1.205447 -1.158748 0.010597 0.000043 0.004093 0.038818 0.999238
1627999664.293249 -1.208119 -1.154611 0.009805 0.000030 0.004109 0.038844 0.999237
1627999664.393677 -1.213022 -1.155806 0.010283 0.000121 0.004159 0.038893 0.999235
1627999664.493546 -1.215532 -1.156744 0.010678 0.000071 0.004045 0.038756 0.999241
1627999664.593704 -1.208706 -1.157772 0.010555 0.000052 0.004071 0.038855 0.999237
1627999664.693840 -1.210998 -1.162652 0.010432 0.000021 0.004080 0.038832 0.999237
1627999664.794030 -1.213391 -1.156331 0.010229 0.000078 0.004133 0.038716 0.999242
1627999664.894143 -1.208138 -1.150534 0.010544 0.000126 0.004094 0.038695 0.999243
1627999664.994293 -1.200847 -1.151187 0.009952 0.000113 0.004076 0.038877 0.999236
1627999665.094441 -1.206329 -1.161288 0.010030 0.000006 0.004055 0.038623 0.999246
1627999665.194614 -1.209689 -1.161627 0.009948 0.000039 0.004062 0.038761 0.999240
1627999665.294763 -1.208231 -1.156150 0.009481 -0.000012 0.004047 0.038790 0.999239
1627999665.394891 -1.199174 -1.156152 0.009633 0.000031 0.004095 0.038958 0.999232
1627999665.495029 -1.201993 -1.156839 0.010067 0.000090 0.004049 0.038904 0.999235
1627999665.595258 -1.204383 -1.158699 0.010617 0.000014 0.004036 0.038834 0.999238
1627999665.695395 -1.208254 -1.163059 0.010840 0.000092 0.004117 0.038927 0.999234
1627999665.795490 -1.212851 -1.157646 0.010039 0.000036 0.004067 0.038634 0.999245
1627999665.895643 -1.220203 -1.157340 0.010130 0.000017 0.004045 0.038718 0.999242
1627999665.995776 -1.210426 -1.154594 0.009961 0.000008 0.004091 0.038823 0.999238
1627999666.095941 -1.204772 -1.155562 0.009747 0.000114 0.004103 0.038659 0.999244
1627999666.196097 -1.200822 -1.154624 0.010135 -0.000003 0.004068 0.038766 0.999240
1627999666.296250 -1.202675 -1.151926 0.009943 0.000021 0.004035 0.038818 0.999238
1627999666.396408 -1.199495 -1.162655 0.010557 0.000156 0.004051 0.038910 0.999235
1627999666.496538 -1.209131 -1.160711 0.009837 0.000047 0.004071 0.038834 0.999237
1627999666.596686 -1.218167 -1.154229 0.010123 0.000163 0.004035 0.038756 0.999241
1627999666.696834 -1.210494 -1.154977 0.010054 0.000134 0.004008 0.038889 0.999235
1627999666.796986 -1.210997 -1.158357 0.009904 0.000187 0.003949 0.038858 0.999237
1627999666.897153 -1.206758 -1.156047 0.010236 0.000286 0.003968 0.039043 0.999230
1627999666.997352 -1.210639 -1.154585 0.009581 0.000268 0.003910 0.038837 0.999238
1627999667.097424 -1.208147 -1.156161 0.010495 0.000249 0.003944 0.038688 0.999244
1627999667.197577 -1.212635 -1.160066 0.010974 0.000307 0.003875 0.038758 0.999241
1627999667.297741 -1.210031 -1.153995 0.009159 0.000260 0.003899 0.038895 0.999236
1627999667.397885 -1.205928 -1.154908 0.009074 0.000279 0.003852 0.038918 0.999235
1627999667.498037 -1.207833 -1.159606 0.010419 0.000210 0.003883 0.038755 0.999241
1627999667.598339 -1.209768 -1.159196 0.010420 0.000256 0.003885 0.038845 0.999238
1627999667.698366 -1.205315 -1.159489 0.010231 0.000292 0.003915 0.038781 0.999240
1627999667.798490 -1.196259 -1.160747 0.010023 0.000192 0.003828 0.038835 0.999238
1627999667.898667 -1.209536 -1.157795 0.010409 0.000268 0.003889 0.038866 0.999237
1627999667.998776 -1.217806 -1.152248 0.009842 0.000320 0.003772 0.038971 0.999233
1627999668.098936 -1.215706 -1.149774 0.009390 0.000281 0.003768 0.038863 0.999237
1627999668.199194 -1.206760 -1.155348 0.009635 0.000304 0.003752 0.038960 0.999234
1627999668.299249 -1.211210 -1.153371 0.008777 0.000196 0.003773 0.038699 0.999244
1627999668.399398 -1.209726 -1.157100 0.009512 0.000281 0.003720 0.038948 0.999234
1627999668.499536 -1.210159 -1.154884 0.010343 0.000317 0.003837 0.038809 0.999239
1627999668.599727 -1.209916 -1.158532 0.010424 0.000381 0.003841 0.038878 0.999237
1627999668.699825 -1.208640 -1.163535 0.010409 0.000340 0.003852 0.038997 0.999232
1627999668.799979 -1.214648 -1.159230 0.010541 0.000337 0.003821 0.038950 0.999234
1627999668.900131 -1.214825 -1.153680 0.009495 0.000323 0.003768 0.038705 0.999244
1627999669.000287 -1.216633 -1.157055 0.009687 0.000378 0.003763 0.038781 0.999241
1627999669.100440 -1.218843 -1.161312 0.009426 0.000230 0.003905 0.038924 0.999235
1627999669.200676 -1.214939 -1.155388 0.009540 0.000090 0.003973 0.038797 0.999239
1627999669.300856 -1.206503 -1.156220 0.009791 0.000153 0.004013 0.038831 0.999238
1627999669.405069 -1.199717 -1.154205 0.009486 0.000193 0.003930 0.038851 0.999237
1627999669.501046 -1.205419 -1.156010 0.010087 0.000319 0.003853 0.038845 0.999238
1627999669.601218 -1.210223 -1.160603 0.009875 0.000199 0.003776 0.038933 0.999235
1627999669.701338 -1.211566 -1.160465 0.010278 0.000226 0.003819 0.038846 0.999238
1627999669.801494 -1.217209 -1.163191 0.009632 0.000233 0.003807 0.038725 0.999243
1627999669.901672 -1.212711 -1.161155 0.009438 0.000266 0.003777 0.038806 0.999240
1627999670.001790 -1.207308 -1.163601 0.010734 0.000243 0.003728 0.038759 0.999242
1627999670.101953 -1.216403 -1.163641 0.010331 0.000215 0.003801 0.038916 0.999235
1627999670.204271 -1.222998 -1.163035 0.009992 0.000291 0.003740 0.038889 0.999236
1627999670.302271 -1.213414 -1.155580 0.009034 0.000281 0.003743 0.038865 0.999237
1627999670.402400 -1.209168 -1.154684 0.009349 0.000199 0.003763 0.038735 0.999242
1627999670.502571 -1.213801 -1.148574 0.008740 0.000307 0.003761 0.038775 0.999241
1627999670.602728 -1.217855 -1.149236 0.008165 0.000219 0.003840 0.038940 0.999234
1627999670.702904 -1.223348 -1.158415 0.009682 0.000129 0.003841 0.038887 0.999236
1627999670.804260 -1.220760 -1.161642 0.010327 0.000288 0.003837 0.038945 0.999234
1627999670.903175 -1.214427 -1.154741 0.009987 0.000286 0.003860 0.038776 0.999240
1627999671.003333 -1.210695 -1.152539 0.009285 0.000150 0.003730 0.038752 0.999242
1627999671.103480 -1.210630 -1.154435 0.009699 0.000226 0.003742 0.038944 0.999234
1627999671.203625 -1.205064 -1.157637 0.009553 0.000294 0.003719 0.038780 0.999241
1627999671.303757 -1.208228 -1.157972 0.009414 0.000274 0.003707 0.038877 0.999237
1627999671.405509 -1.206149 -1.157127 0.009617 0.000342 0.003672 0.038817 0.999240
1627999671.504087 -1.210358 -1.156896 0.009252 0.000212 0.003600 0.038900 0.999237
1627999671.604228 -1.210901 -1.160277 0.009315 0.000263 0.003708 0.038747 0.999242
1627999671.704403 -1.216528 -1.158009 0.009710 0.000377 0.003636 0.038787 0.999241
1627999671.804608 -1.217024 -1.163795 0.010885 0.000335 0.003621 0.038763 0.999242
1627999671.904716 -1.213368 -1.154967 0.009553 0.000304 0.003612 0.038747 0.999242
1627999672.004823 -1.210278 -1.158810 0.010054 0.000459 0.003571 0.038801 0.999240
1627999672.104980 -1.205231 -1.164248 0.010394 0.000389 0.003565 0.038757 0.999242
1627999672.205137 -1.206228 -1.164318 0.010694 0.000368 0.003568 0.038776 0.999241
1627999672.305291 -1.220408 -1.158309 0.010358 0.000356 0.003521 0.038805 0.999241
1627999672.405449 -1.217616 -1.161340 0.010155 0.000409 0.003620 0.038824 0.999239
1627999672.505592 -1.209910 -1.159123 0.008940 0.000405 0.003701 0.039121 0.999228
1627999672.605742 -1.217318 -1.156911 0.008921 0.000395 0.003673 0.038968 0.999234
1627999672.705888 -1.210800 -1.155105 0.009137 0.000387 0.003709 0.038837 0.999239
1627999672.806038 -1.205249 -1.154594 0.009727 0.000384 0.003749 0.038928 0.999235
1627999672.906195 -1.212925 -1.154757 0.009737 0.000429 0.003781 0.038886 0.999236
1627999673.006341 -1.215633 -1.159591 0.009876 0.000391 0.003815 0.038938 0.999234
1627999673.106524 -1.214070 -1.154240 0.010238 0.000411 0.003721 0.038894 0.999236
1627999673.206656 -1.214362 -1.156014 0.009859 0.000510 0.003533 0.038932 0.999236
1627999673.307984 -1.211563 -1.159772 0.008961 0.000388 0.003577 0.038792 0.999241
1627999673.406987 -1.212614 -1.160782 0.009514 0.000482 0.003531 0.038774 0.999242
1627999673.507148 -1.211979 -1.161784 0.009495 0.000431 0.003657 0.038879 0.999237
1627999673.607514 -1.208418 -1.163926 0.009751 0.000476 0.003603 0.038921 0.999236
1627999673.707512 -1.208201 -1.157763 0.009116 0.000410 0.003686 0.038933 0.999235
1627999673.807566 -1.207207 -1.156197 0.009310 0.000429 0.003603 0.038794 0.999241
1627999673.907893 -1.210386 -1.163858 0.009416 0.000436 0.003593 0.039028 0.999232
1627999674.007877 -1.213812 -1.158339 0.009165 0.000501 0.003632 0.038838 0.999239
1627999674.108050 -1.204884 -1.160182 0.009338 0.000379 0.003644 0.038901 0.999236
1627999674.208194 -1.206712 -1.159372 0.010639 0.000571 0.003664 0.038836 0.999239
1627999674.308363 -1.214884 -1.161800 0.009770 0.000517 0.003587 0.038927 0.999235
1627999674.408498 -1.210960 -1.163680 0.009959 0.000485 0.003578 0.038862 0.999238
1627999674.508650 -1.215127 -1.162681 0.010163 0.000416 0.003528 0.038763 0.999242
1627999674.608828 -1.221283 -1.157347 0.009225 0.000445 0.003482 0.038814 0.999240
1627999674.708948 -1.219819 -1.160266 0.009618 0.000477 0.003477 0.038854 0.999239
1627999674.809092 -1.215686 -1.154918 0.009685 0.000404 0.003539 0.038966 0.999234
1627999674.909247 -1.209356 -1.156263 0.010029 0.000537 0.003571 0.038984 0.999233
1627999675.009446 -1.207839 -1.156699 0.009481 0.000522 0.003580 0.038871 0.999238
1627999675.109552 -1.218246 -1.165017 0.008868 0.000491 0.003495 0.038772 0.999242
1627999675.209762 -1.226392 -1.162211 0.009600 0.000484 0.003479 0.038794 0.999241
1627999675.309854 -1.216908 -1.162092 0.009816 0.000373 0.003476 0.038950 0.999235
1627999675.410055 -1.210122 -1.161909 0.009374 0.000532 0.003487 0.038730 0.999243
1627999675.510187 -1.205344 -1.166713 0.009270 0.000444 0.003593 0.038944 0.999235
1627999675.610383 -1.206542 -1.167217 0.010878 0.000406 0.003576 0.038870 0.999238
1627999675.710484 -1.209130 -1.166300 0.010769 0.000494 0.003522 0.038901 0.999237
1627999675.810732 -1.215815 -1.161093 0.009779 0.000571 0.003385 0.038782 0.999242
1627999675.910800 -1.214833 -1.163431 0.009419 0.000593 0.003472 0.038992 0.999233
1627999676.010944 -1.218205 -1.157918 0.009753 0.000495 0.003450 0.038911 0.999237
1627999676.112282 -1.208316 -1.156527 0.009604 0.000547 0.003569 0.038915 0.999236
1627999676.211282 -1.214385 -1.155445 0.009479 0.000599 0.003588 0.038924 0.999236
1627999676.311434 -1.212715 -1.155792 0.009180 0.000545 0.003661 0.038828 0.999239
1627999676.411561 -1.214272 -1.162022 0.009606 0.000482 0.003574 0.038870 0.999238
1627999676.511741 -1.213029 -1.160504 0.009343 0.000487 0.003703 0.038905 0.999236
1627999676.611869 -1.206943 -1.156230 0.009665 0.000535 0.003706 0.038907 0.999236
1627999676.712010 -1.211376 -1.159295 0.009510 0.000407 0.003821 0.038956 0.999234
1627999676.812186 -1.218279 -1.154237 0.010258 0.000320 0.003817 0.038954 0.999234
1627999676.912316 -1.216925 -1.156171 0.009926 0.000298 0.003821 0.038869 0.999237
1627999677.012822 -1.211200 -1.160392 0.009844 0.000390 0.003803 0.038850 0.999238
1627999677.112672 -1.213266 -1.160202 0.010422 0.000284 0.003831 0.038736 0.999242
1627999677.212791 -1.212572 -1.164188 0.009793 0.000272 0.003824 0.038828 0.999239
1627999677.312956 -1.205407 -1.165473 0.009824 0.000235 0.003802 0.038830 0.999239
1627999677.413313 -1.207406 -1.158105 0.010400 0.000394 0.003804 0.038730 0.999242
1627999677.513455 -1.209981 -1.159133 0.009942 0.000320 0.003775 0.038830 0.999239
1627999677.613396 -1.215381 -1.156224 0.010286 0.000287 0.003845 0.038882 0.999236
1627999677.713626 -1.215838 -1.154992 0.009734 0.000239 0.003816 0.038723 0.999243
1627999677.813883 -1.203294 -1.156253 0.009639 0.000318 0.003850 0.038921 0.999235
1627999677.913919 -1.206180 -1.159882 0.010400 0.000352 0.003794 0.039072 0.999229
1627999678.014100 -1.217229 -1.161391 0.010130 0.000282 0.003809 0.038983 0.999233
1627999678.114165 -1.221639 -1.162343 0.010241 0.000302 0.003845 0.038789 0.999240
1627999678.214320 -1.217969 -1.159396 0.010641 0.000292 0.003820 0.038803 0.999240
