1624182042.316865 -0.000069 -0.000118 -0.000070 0.000084 0.000007 -0.000124 1.000000
1624182042.416941 0.000408 -0.001249 -0.002150 0.000804 0.000881 -0.000086 0.999999
1624182042.516937 0.003812 0.002176 -0.005864 0.001615 0.002017 -0.000230 0.999997
1624182042.615929 0.003244 0.002850 -0.006497 0.001166 0.001642 -0.000086 0.999998
1624182042.716902 0.002635 0.004443 -0.005375 0.001204 0.001641 -0.000055 0.999998
1624182042.815965 0.001854 0.005107 -0.003606 0.001197 0.001530 -0.000119 0.999998
1624182042.915943 0.002146 0.004909 -0.003234 0.001245 0.001662 -0.000119 0.999998
1624182043.016965 0.005910 0.010740 -0.003258 0.001062 0.001383 -0.000180 0.999998
1624182043.115953 0.007710 0.012646 -0.004669 0.001075 0.001602 -0.000242 0.999998
1624182043.215870 0.006937 0.013153 -0.004864 0.001061 0.001425 -0.000237 0.999998
1624182043.316042 0.007601 0.015767 -0.001244 0.001037 0.001405 -0.000248 0.999998
1624182043.415843 0.010545 0.015657 -0.000446 0.001077 0.001464 -0.000255 0.999998
1624182043.516128 0.005999 0.011894 -0.004076 0.001035 0.001358 -0.000196 0.999999
1624182043.616156 0.004707 0.011974 -0.007197 0.000971 0.001407 -0.000194 0.999999
1624182043.716149 0.007200 0.007180 -0.004611 0.001026 0.001479 -0.000122 0.999998
1624182043.816107 0.007698 0.009230 -0.000740 0.001008 0.001429 -0.000219 0.999998
1624182043.915936 0.006811 0.013987 -0.001461 0.001072 0.001387 -0.000166 0.999998
1624182044.015924 0.009723 0.017831 -0.004945 0.001026 0.001536 -0.000253 0.999998
1624182044.116114 0.010515 0.015221 -0.004592 0.000934 0.001464 -0.000158 0.999998
1624182044.215893 0.009004 0.013274 -0.003988 0.001090 0.001541 -0.000197 0.999998
1624182044.315836 0.007230 0.012018 -0.002782 0.001027 0.001410 -0.000208 0.999998
1624182044.415862 0.004810 0.008537 -0.003903 0.001154 0.001561 -0.000136 0.999998
1624182044.515933 0.003142 0.012434 -0.006325 0.001037 0.001489 -0.000243 0.999998
1624182044.615965 0.004292 0.011875 -0.007006 0.001063 0.001549 -0.000136 0.999998
1624182044.715981 0.007580 0.010463 -0.006532 0.001106 0.001550 -0.000109 0.999998
1624182044.815921 0.007594 0.008929 -0.004699 0.001057 0.001494 -0.000193 0.999998
1624182044.916124 0.006596 0.005653 -0.004858 0.001136 0.001561 -0.000092 0.999998
1624182045.015859 0.005665 0.008028 -0.006265 0.001079 0.001481 -0.000221 0.999998
1624182045.115985 0.004677 0.008541 -0.006033 0.001103 0.001521 -0.000126 0.999998
1624182045.215984 0.004967 0.009594 -0.006867 0.001187 0.001540 -0.000128 0.999998
1624182045.315969 0.004583 0.013151 -0.007434 0.001090 0.001500 -0.000137 0.999998
1624182045.415776 0.005499 0.014957 -0.005756 0.001074 0.001520 -0.000171 0.999998
1624182045.516070 0.005588 0.012507 -0.003373 0.001038 0.001436 -0.000201 0.999998
1624182045.616058 0.006106 0.013783 -0.004178 0.001130 0.001514 -0.000138 0.999998
1624182045.716062 0.005646 0.012223 -0.005779 0.001043 0.001449 -0.000194 0.999998
1624182045.815951 0.005839 0.011536 -0.005337 0.001045 0.001449 -0.000207 0.999998
1624182045.915986 0.006967 0.011310 -0.003758 0.001056 0.001505 -0.000225 0.999998
1624182046.015947 0.007537 0.010682 -0.003659 0.001105 0.001482 -0.000233 0.999998
1624182046.115961 0.007143 0.010667 -0.005326 0.001055 0.001467 -0.000219 0.999998
1624182046.215915 0.005993 0.012006 -0.006615 0.001032 0.001481 -0.000185 0.999998
1624182046.315750 0.006280 0.014074 -0.005747 0.001003 0.001468 -0.000176 0.999998
1624182046.415658 0.006233 0.014514 -0.004263 0.001062 0.001440 -0.000241 0.999998
1624182046.515614 0.006834 0.013562 -0.004609 0.001093 0.001504 -0.000193 0.999998
1624182046.615638 0.006406 0.013368 -0.006040 0.001058 0.001478 -0.000191 0.999998
1624182046.715749 0.007061 0.013017 -0.006306 0.001087 0.001518 -0.000220 0.999998
1624182046.816051 0.006469 0.012392 -0.004458 0.001070 0.001527 -0.000192 0.999998
1624182046.916124 0.006393 0.011191 -0.003214 0.001084 0.001581 -0.000172 0.999998
1624182047.015922 0.006438 0.010652 -0.005009 0.001170 0.001543 -0.000160 0.999998
1624182047.116166 0.006874 0.010532 -0.007337 0.001101 0.001551 -0.000155 0.999998
1624182047.215919 0.008450 0.009659 -0.008962 0.001165 0.001530 -0.000173 0.999998
1624182047.315916 0.006333 0.011573 -0.006923 0.001110 0.001588 -0.000166 0.999998
1624182047.416030 0.006308 0.015817 -0.004335 0.001100 0.001520 -0.000212 0.999998
1624182047.515999 0.007720 0.013337 -0.005698 0.001159 0.001506 -0.000128 0.999998
1624182047.615954 0.007593 0.013752 -0.007784 0.001121 0.001547 -0.000144 0.999998
1624182047.715953 0.006488 0.013766 -0.006959 0.001101 0.001581 -0.000182 0.999998
1624182047.815695 0.004764 0.011639 -0.005602 0.001147 0.001494 -0.000160 0.999998
1624182047.915681 0.005433 0.008057 -0.004670 0.001058 0.001496 -0.000146 0.999998
1624182048.015935 0.005973 0.007547 -0.005610 0.001038 0.001478 -0.000146 0.999998
1624182048.115758 0.006829 0.010119 -0.007232 0.001086 0.001536 -0.000146 0.999998
1624182048.215796 0.005840 0.012522 -0.006809 0.001066 0.001533 -0.000193 0.999998
1624182048.315800 0.003713 0.011511 -0.004124 0.001092 0.001486 -0.000179 0.999998
1624182048.415824 0.004298 0.014143 -0.004303 0.001106 0.001484 -0.000123 0.999998
1624182048.516846 0.006850 0.013194 -0.004870 0.001044 0.001561 -0.000193 0.999998
1624182048.615905 0.006865 0.012390 -0.005127 0.001083 0.001488 -0.000218 0.999998
1624182048.716065 0.004856 0.011073 -0.004940 0.001066 0.001488 -0.000204 0.999998
1624182048.815760 0.003079 0.009450 -0.005910 0.001086 0.001462 -0.000136 0.999998
1624182048.915957 0.002272 0.012384 -0.006672 0.001060 0.001483 -0.000231 0.999998
1624182049.016693 0.002722 0.014759 -0.006173 0.001069 0.001467 -0.000165 0.999998
1624182049.115747 0.005252 0.013740 -0.006032 0.001069 0.001481 -0.000265 0.999998
1624182049.215776 0.007577 0.011476 -0.004503 0.001015 0.001557 -0.000201 0.999998
1624182049.316013 0.006466 0.012114 -0.005116 0.001124 0.001500 -0.000249 0.999998
1624182049.415770 0.005912 0.012921 -0.005487 0.001116 0.001592 -0.000158 0.999998
1624182049.515764 0.007585 0.010408 -0.007164 0.001079 0.001516 -0.000156 0.999998
1624182049.615808 0.006120 0.011754 -0.007159 0.001090 0.001586 -0.000162 0.999998
1624182049.715761 0.003718 0.012256 -0.006626 0.001112 0.001532 -0.000199 0.999998
1624182049.815711 0.004935 0.013258 -0.006720 0.001128 0.001517 -0.000201 0.999998
1624182049.915719 0.007817 0.013038 -0.006065 0.001107 0.001525 -0.000223 0.999998
1624182050.015702 0.009998 0.011138 -0.005769 0.001106 0.001561 -0.000219 0.999998
1624182050.115684 0.007178 0.008848 -0.006606 0.001159 0.001567 -0.000208 0.999998
1624182050.215701 0.007259 0.012612 -0.006388 0.001111 0.001579 -0.000160 0.999998
1624182050.315745 0.007158 0.017822 -0.005888 0.001180 0.001705 -0.000231 0.999998
1624182050.415694 0.006364 0.015946 -0.005570 0.001106 0.001554 -0.000238 0.999998
1624182050.515718 0.006892 0.013377 -0.006776 0.001152 0.001581 -0.000143 0.999998
1624182050.615665 0.006819 0.012694 -0.007213 0.001076 0.001491 -0.000197 0.999998
1624182050.715708 0.005385 0.010411 -0.005904 0.001137 0.001574 -0.000219 0.999998
1624182050.815693 0.001918 0.007682 -0.005888 0.001176 0.001554 -0.000151 0.999998
1624182050.915756 0.002705 0.007163 -0.006411 0.001148 0.001564 -0.000240 0.999998
1624182051.015775 0.004564 0.006132 -0.007270 0.001151 0.001579 -0.000137 0.999998
1624182051.115811 0.004948 0.007446 -0.006159 0.001073 0.001578 -0.000215 0.999998
1624182051.215775 0.005011 0.008036 -0.006216 0.001170 0.001532 -0.000217 0.999998
1624182051.315741 0.002586 0.008477 -0.006727 0.001124 0.001531 -0.000185 0.999998
1624182051.415781 0.002120 0.009725 -0.007496 0.001109 0.001556 -0.000204 0.999998
1624182051.515731 0.002641 0.008850 -0.007000 0.001137 0.001543 -0.000181 0.999998
1624182051.615927 0.002415 0.006475 -0.007136 0.001141 0.001517 -0.000189 0.999998
1624182051.715945 0.002466 0.004662 -0.006243 0.001085 0.001510 -0.000190 0.999998
1624182051.815629 0.005243 0.006581 -0.006374 0.001139 0.001539 -0.000207 0.999998
1624182051.915850 0.007348 0.007305 -0.006409 0.001144 0.001599 -0.000161 0.999998
1624182052.015841 0.005158 0.007876 -0.006477 0.001109 0.001533 -0.000178 0.999998
1624182052.115892 0.003728 0.007651 -0.007177 0.001174 0.001575 -0.000188 0.999998
1624182052.215847 0.002909 0.007220 -0.007722 0.001170 0.001574 -0.000149 0.999998
1624182052.315673 0.003441 0.006388 -0.007150 0.001115 0.001531 -0.000181 0.999998
1624182052.415647 0.003003 0.006202 -0.006677 0.001160 0.001542 -0.000167 0.999998
1624182052.515698 0.003449 0.007980 -0.006461 0.001134 0.001534 -0.000171 0.999998
1624182052.615735 0.005769 0.008204 -0.005661 0.001175 0.001649 -0.000172 0.999998
1624182052.715708 0.005406 0.007168 -0.005893 0.001140 0.001508 -0.000154 0.999998
1624182052.815727 0.003824 0.003040 -0.005116 0.001146 0.001623 -0.000190 0.999998
1624182052.915741 0.005122 0.005817 -0.005885 0.001132 0.001580 -0.000180 0.999998
1624182053.015736 0.005006 0.007229 -0.006078 0.001108 0.001547 -0.000175 0.999998
1624182053.115687 0.006300 0.003875 -0.006584 0.001161 0.001576 -0.000114 0.999998
1624182053.215591 0.005383 0.004396 -0.007677 0.001152 0.001559 -0.000188 0.999998
1624182053.315601 0.003467 0.007949 -0.007667 0.001138 0.001559 -0.000155 0.999998
1624182053.415555 0.002903 0.011373 -0.006194 0.001149 0.001584 -0.000176 0.999998
1624182053.515584 0.004040 0.012051 -0.006204 0.001112 0.001565 -0.000220 0.999998
1624182053.615768 0.006855 0.011679 -0.006754 0.001131 0.001615 -0.000240 0.999998
1624182053.715821 0.008458 0.010185 -0.006428 0.001188 0.001657 -0.000200 0.999998
1624182053.815658 0.005851 0.011050 -0.004359 0.001108 0.001623 -0.000243 0.999998
1624182053.915908 0.001744 0.011853 -0.004980 0.001175 0.001528 -0.000181 0.999998
1624182054.015682 0.000014 0.010360 -0.006834 0.001106 0.001526 -0.000156 0.999998
1624182054.115714 0.002213 0.013501 -0.006700 0.001083 0.001572 -0.000210 0.999998
1624182054.215821 0.004859 0.012966 -0.007055 0.001145 0.001560 -0.000186 0.999998
1624182054.315625 0.007525 0.013104 -0.005905 0.001093 0.001588 -0.000240 0.999998
1624182054.415575 0.004858 0.014474 -0.006655 0.001122 0.001622 -0.000216 0.999998
1624182054.515573 0.003791 0.013036 -0.007332 0.001126 0.001524 -0.000216 0.999998
1624182054.615739 0.004000 0.011582 -0.005673 0.001079 0.001555 -0.000205 0.999998
1624182054.715604 0.005818 0.011826 -0.006257 0.001156 0.001562 -0.000179 0.999998
1624182054.815616 0.007871 0.012093 -0.007347 0.001136 0.001574 -0.000165 0.999998
1624182054.915625 0.008558 0.013076 -0.006547 0.001098 0.001591 -0.000277 0.999998
1624182055.015605 0.007201 0.013326 -0.006044 0.001142 0.001553 -0.000242 0.999998
1624182055.115561 0.006205 0.011381 -0.006948 0.001156 0.001551 -0.000195 0.999998
1624182055.215815 0.004482 0.009411 -0.007440 0.001130 0.001544 -0.000217 0.999998
1624182055.315641 0.006090 0.011795 -0.007414 0.001155 0.001588 -0.000180 0.999998
1624182055.415765 0.008238 0.013627 -0.006756 0.001152 0.001561 -0.000180 0.999998
1624182055.515700 0.006204 0.014339 -0.004987 0.001136 0.001600 -0.000268 0.999998
1624182055.615635 0.004397 0.013448 -0.005299 0.001156 0.001558 -0.000205 0.999998
1624182055.715602 0.001652 0.012572 -0.007847 0.001142 0.001602 -0.000186 0.999998
1624182055.815594 0.004580 0.011549 -0.007973 0.001066 0.001573 -0.000198 0.999998
1624182055.915567 0.004013 0.012944 -0.006896 0.001197 0.001569 -0.000205 0.999998
1624182056.015521 0.005346 0.012423 -0.006223 0.001155 0.001599 -0.000162 0.999998
1624182056.115501 0.003840 0.012103 -0.007099 0.001148 0.001563 -0.000203 0.999998
1624182056.215501 0.004961 0.010271 -0.006279 0.001079 0.001551 -0.000181 0.999998
1624182056.315486 0.005687 0.010469 -0.005801 0.001168 0.001572 -0.000158 0.999998
1624182056.415541 0.006568 0.011263 -0.006727 0.001133 0.001569 -0.000166 0.999998
1624182056.515575 0.004178 0.011564 -0.006798 0.001159 0.001601 -0.000228 0.999998
1624182056.615592 0.002751 0.010214 -0.007311 0.001153 0.001556 -0.000187 0.999998
1624182056.715820 0.003661 0.010495 -0.007355 0.001142 0.001573 -0.000169 0.999998
1624182056.815629 0.005481 0.011157 -0.007538 0.001131 0.001551 -0.000192 0.999998
1624182056.915839 0.007198 0.013625 -0.007841 0.001132 0.001612 -0.000162 0.999998
1624182057.015770 0.005849 0.014547 -0.006874 0.001141 0.001587 -0.000205 0.999998
1624182057.115689 0.007123 0.014425 -0.004684 0.001153 0.001612 -0.000185 0.999998
1624182057.215660 0.004860 0.012616 -0.005314 0.001144 0.001531 -0.000212 0.999998
1624182057.315510 0.004307 0.012653 -0.007222 0.001136 0.001616 -0.000176 0.999998
1624182057.415685 0.002617 0.011769 -0.007801 0.001131 0.001580 -0.000178 0.999998
1624182057.515726 0.004178 0.010218 -0.007654 0.001169 0.001569 -0.000163 0.999998
1624182057.615698 0.004167 0.010658 -0.007329 0.001152 0.001535 -0.000220 0.999998
1624182057.715781 0.003054 0.011354 -0.006437 0.001139 0.001522 -0.000183 0.999998
1624182057.815794 0.005985 0.012772 -0.006043 0.001167 0.001603 -0.000254 0.999998
1624182057.915611 0.005446 0.013569 -0.005530 0.001097 0.001562 -0.000182 0.999998
1624182058.015795 0.005761 0.010405 -0.005604 0.001148 0.001632 -0.000235 0.999998
1624182058.115822 0.004056 0.011253 -0.006278 0.001090 0.001552 -0.000211 0.999998
1624182058.215767 0.003497 0.011930 -0.006989 0.001167 0.001590 -0.000202 0.999998
1624182058.315698 0.001996 0.011958 -0.006658 0.001096 0.001520 -0.000206 0.999998
1624182058.415489 0.001827 0.013237 -0.004877 0.001143 0.001598 -0.000187 0.999998
1624182058.515450 0.002243 0.013210 -0.003832 0.001107 0.001589 -0.000242 0.999998
1624182058.615640 0.001391 0.012055 -0.005867 0.001075 0.001572 -0.000215 0.999998
1624182058.715695 0.001553 0.011212 -0.008129 0.001100 0.001571 -0.000206 0.999998
1624182058.815514 0.003023 0.012153 -0.007530 0.001102 0.001580 -0.000141 0.999998
1624182058.915574 0.004946 0.011530 -0.005160 0.001147 0.001633 -0.000178 0.999998
1624182059.015696 0.005027 0.011048 -0.004827 0.001196 0.001613 -0.000161 0.999998
1624182059.115531 0.004998 0.011650 -0.006527 0.001134 0.001578 -0.000175 0.999998
1624182059.215523 0.004561 0.014125 -0.007561 0.001128 0.001654 -0.000160 0.999998
1624182059.315491 0.001543 0.014009 -0.005603 0.001125 0.001559 -0.000204 0.999998
1624182059.415414 0.001279 0.013516 -0.004664 0.001196 0.001609 -0.000208 0.999998
1624182059.515464 0.002167 0.013493 -0.005811 0.001113 0.001621 -0.000158 0.999998
1624182059.615444 0.005649 0.012546 -0.005494 0.001104 0.001572 -0.000197 0.999998
1624182059.715496 0.007295 0.012193 -0.005732 0.001118 0.001598 -0.000169 0.999998
1624182059.815512 0.007189 0.012229 -0.007805 0.001170 0.001585 -0.000176 0.999998
1624182059.915606 0.004988 0.011033 -0.007731 0.001129 0.001586 -0.000163 0.999998
1624182060.015732 0.002476 0.012977 -0.006849 0.001151 0.001594 -0.000138 0.999998
1624182060.115450 0.002835 0.014096 -0.005653 0.001192 0.001651 -0.000159 0.999998
1624182060.215438 0.003066 0.015074 -0.004942 0.001104 0.001597 -0.000178 0.999998
1624182060.315451 0.003913 0.013148 -0.006534 0.001133 0.001564 -0.000194 0.999998
1624182060.415397 0.003411 0.011396 -0.006840 0.001132 0.001637 -0.000185 0.999998
1624182060.515346 0.003043 0.011336 -0.006577 0.001139 0.001613 -0.000157 0.999998
1624182060.615608 0.004715 0.007890 -0.005596 0.001116 0.001626 -0.000182 0.999998
1624182060.715480 0.002983 0.008418 -0.005033 0.001138 0.001633 -0.000121 0.999998
1624182060.815502 0.002453 0.010663 -0.004757 0.001142 0.001591 -0.000218 0.999998
1624182060.915502 0.004402 0.012341 -0.004928 0.001106 0.001595 -0.000167 0.999998
1624182061.015550 0.004498 0.015813 -0.006317 0.001152 0.001627 -0.000186 0.999998
1624182061.115544 0.004613 0.016929 -0.007707 0.001112 0.001550 -0.000261 0.999998
1624182061.215699 0.003898 0.016045 -0.006087 0.001094 0.001569 -0.000194 0.999998
1624182061.315374 0.004638 0.013752 -0.003897 0.001157 0.001620 -0.000225 0.999998
1624182061.415370 0.004481 0.012395 -0.004410 0.001097 0.001613 -0.000202 0.999998
1624182061.515388 0.001627 0.011942 -0.006925 0.001080 0.001583 -0.000197 0.999998
1624182061.615450 0.002684 0.008758 -0.006844 0.001093 0.001621 -0.000148 0.999998
1624182061.715444 0.006501 0.005511 -0.003501 0.001103 0.001686 -0.000095 0.999998
1624182061.815655 0.007152 0.007472 -0.002707 0.001171 0.001672 -0.000205 0.999998
1624182061.915625 0.004863 0.012732 -0.006449 0.001139 0.001628 -0.000191 0.999998
1624182062.015814 0.005702 0.014155 -0.009167 0.001105 0.001609 -0.000188 0.999998
1624182062.115766 0.006605 0.014739 -0.007089 0.001100 0.001624 -0.000199 0.999998
1624182062.215721 0.004681 0.012952 -0.004611 0.001153 0.001569 -0.000209 0.999998
1624182062.315787 0.004185 0.011239 -0.005659 0.001154 0.001571 -0.000181 0.999998
1624182062.415794 0.003712 0.013612 -0.008741 0.001138 0.001565 -0.000227 0.999998
1624182062.515873 0.004027 0.015848 -0.008634 0.001130 0.001628 -0.000232 0.999998
1624182062.615886 0.004221 0.015405 -0.007446 0.001174 0.001575 -0.000197 0.999998
1624182062.715874 0.007262 0.012215 -0.006098 0.001170 0.001602 -0.000194 0.999998
1624182062.815777 0.005145 0.013866 -0.005671 0.001153 0.001625 -0.000226 0.999998
1624182062.915721 0.002587 0.015055 -0.006457 0.001166 0.001603 -0.000191 0.999998
1624182063.015711 0.003184 0.015268 -0.006085 0.001106 0.001638 -0.000155 0.999998
1624182063.116747 0.004546 0.015264 -0.005961 0.001141 0.001638 -0.000179 0.999998
1624182063.216979 0.003676 0.013826 -0.004942 0.001126 0.001597 -0.000240 0.999998
1624182063.317148 0.004098 0.012945 -0.003743 0.001135 0.001678 -0.000149 0.999998
1624182063.417380 0.004922 0.012055 -0.004914 0.001137 0.001665 -0.000218 0.999998
1624182063.517448 0.003967 0.011796 -0.006743 0.001166 0.001667 -0.000214 0.999998
1624182063.617518 0.004582 0.013076 -0.006394 0.001141 0.001652 -0.000208 0.999998
1624182063.717442 0.003992 0.012994 -0.004964 0.001128 0.001583 -0.000160 0.999998
1624182063.817153 0.003898 0.011868 -0.004486 0.001161 0.001672 -0.000193 0.999998
1624182063.917114 0.004955 0.012822 -0.006426 0.001147 0.001607 -0.000218 0.999998
1624182064.016889 0.007014 0.012907 -0.007710 0.001102 0.001608 -0.000191 0.999998
1624182064.116826 0.006799 0.015054 -0.007636 0.001169 0.001648 -0.000241 0.999998
1624182064.216918 0.005555 0.017987 -0.006209 0.001166 0.001665 -0.000226 0.999998
1624182064.316897 0.004857 0.014917 -0.004966 0.001153 0.001639 -0.000228 0.999998
1624182064.416865 0.003627 0.013014 -0.006016 0.001140 0.001637 -0.000204 0.999998
1624182064.516921 0.003812 0.010505 -0.006639 0.001131 0.001594 -0.000221 0.999998
1624182064.616930 0.004215 0.011899 -0.005415 0.001128 0.001625 -0.000208 0.999998
1624182064.716888 0.003572 0.013331 -0.005084 0.001164 0.001666 -0.000176 0.999998
1624182064.817134 0.006052 0.015800 -0.005358 0.001120 0.001680 -0.000203 0.999998
1624182064.917088 0.003919 0.012423 -0.006939 0.001149 0.001624 -0.000210 0.999998
1624182065.017254 0.002920 0.009137 -0.006414 0.001108 0.001622 -0.000179 0.999998
1624182065.117257 0.002494 0.010069 -0.005826 0.001135 0.001605 -0.000220 0.999998
1624182065.217443 0.003706 0.012922 -0.006522 0.001194 0.001670 -0.000180 0.999998
1624182065.317707 0.004283 0.013422 -0.007792 0.001143 0.001580 -0.000228 0.999998
1624182065.417665 0.003988 0.012304 -0.007154 0.001164 0.001615 -0.000180 0.999998
1624182065.517697 0.004518 0.015081 -0.005094 0.001125 0.001639 -0.000261 0.999998
1624182065.617660 0.005577 0.014636 -0.004149 0.001161 0.001689 -0.000228 0.999998
1624182065.717901 0.005313 0.012324 -0.005420 0.001163 0.001644 -0.000184 0.999998
1624182065.817754 0.003989 0.008557 -0.007543 0.001136 0.001594 -0.000239 0.999998
1624182065.917977 0.003116 0.008012 -0.007463 0.001130 0.001620 -0.000134 0.999998
1624182066.017940 0.003307 0.011560 -0.005058 0.001155 0.001606 -0.000208 0.999998
1624182066.117916 0.005576 0.012719 -0.003748 0.001249 0.001684 0.000005 0.999998
1624182066.217853 0.006589 0.011524 -0.005245 0.001266 0.001674 -0.000611 0.999998
1624182066.317750 0.010041 0.014214 -0.005780 0.001123 0.001682 -0.000226 0.999998
1624182066.417795 0.004279 0.011635 -0.006027 0.001157 0.001753 0.000077 0.999998
1624182066.517768 0.004496 0.006648 -0.006032 0.001255 0.001644 -0.000444 0.999998
1624182066.617600 0.008841 0.011989 -0.005994 0.001179 0.001667 -0.000097 0.999998
1624182066.717865 0.004055 0.012477 -0.005555 0.001169 0.001625 -0.000038 0.999998
1624182066.817855 0.002714 0.010345 -0.005642 0.001199 0.001615 -0.000344 0.999998
1624182066.917866 0.004609 0.013359 -0.004856 0.001171 0.001607 -0.000156 0.999998
1624182067.017851 0.003088 0.012884 -0.006045 0.001132 0.001674 -0.000074 0.999998
1624182067.117860 0.006193 0.012172 -0.006906 0.001217 0.001597 -0.000348 0.999998
1624182067.217862 0.005870 0.014597 -0.007576 0.001133 0.001487 -0.000065 0.999998
1624182067.317847 0.004403 0.011854 -0.005192 0.001119 0.001436 -0.000060 0.999998
1624182067.417849 0.003726 0.008268 -0.004382 0.001086 0.001668 -0.000274 0.999998
1624182067.517792 0.005191 0.009435 -0.005126 0.001102 0.001543 -0.000130 0.999998
1624182067.617613 0.003865 0.014965 -0.007034 0.001072 0.001536 -0.000063 0.999998
1624182067.717749 0.005000 0.016105 -0.008119 0.001242 0.001677 -0.000278 0.999998
1624182067.817751 0.006972 0.018102 -0.005925 0.001131 0.001336 -0.000104 0.999998
1624182067.917758 0.005753 0.017931 -0.004185 0.001083 0.001048 0.000222 0.999999
1624182068.017839 0.006946 0.014799 -0.005405 0.000286 0.001615 -0.000337 0.999999
1624182068.117929 0.013774 0.014630 -0.003737 0.001065 0.001932 -0.000023 0.999998
1624182068.217957 0.013512 0.014392 -0.004149 0.001393 0.001722 -0.000111 0.999998
1624182068.317930 0.008032 0.010165 -0.006662 0.001569 0.002052 -0.000104 0.999997
1624182068.417860 0.004549 0.007331 -0.008735 0.001273 0.002027 -0.000066 0.999997
1624182068.517822 0.000420 0.007211 -0.004984 0.001270 0.001872 -0.000120 0.999997
1624182068.617759 -0.002737 0.008619 -0.003799 0.001336 0.001591 0.000100 0.999998
1624182068.717732 -0.004814 0.011768 -0.006156 0.001411 0.001184 0.000057 0.999998
1624182068.817732 -0.001666 0.012750 -0.009996 0.001625 0.001522 0.000013 0.999998
1624182068.917775 0.009665 0.016536 -0.007930 0.001102 0.000451 -0.000151 0.999999
1624182069.017824 0.029515 0.014430 -0.000184 0.001575 0.001474 -0.000046 0.999998
1624182069.117781 0.038719 0.010604 0.000660 0.001654 0.001681 -0.000136 0.999997
1624182069.217821 0.035159 0.008322 -0.002285 0.001545 0.001654 -0.000042 0.999997
1624182069.317832 0.029283 0.008706 -0.005917 0.001687 0.001793 0.000058 0.999997
1624182069.417580 0.021820 0.014601 -0.005318 0.001466 0.002000 -0.000184 0.999997
1624182069.517726 0.008465 0.017703 -0.005897 0.001737 0.002251 0.000080 0.999996
1624182069.617748 -0.008261 0.006983 -0.015381 0.001653 0.001458 0.000094 0.999998
1624182069.717807 -0.012632 0.008986 -0.022355 0.000895 0.002946 0.000290 0.999995
1624182069.817740 -0.008345 0.017562 -0.036065 0.000779 0.003090 0.000228 0.999995
1624182069.917716 -0.012843 0.026660 -0.054982 -0.000516 0.000713 0.000607 0.999999
1624182070.017697 -0.022977 0.032975 -0.076447 0.000671 0.000772 0.001018 0.999999
1624182070.117577 -0.024688 0.016165 -0.129394 -0.001794 -0.002031 0.000770 0.999996
1624182070.216917 -0.024176 0.003062 -0.196830 -0.002007 -0.003547 0.000635 0.999991
1624182070.317120 -0.041553 -0.005946 -0.270999 -0.004036 -0.008948 0.000925 0.999951
1624182070.417087 -0.069742 -0.015596 -0.344812 -0.006160 -0.017502 0.001166 0.999827
1624182070.515296 -0.072628 -0.021169 -0.422503 -0.007881 -0.024788 0.001323 0.999661
1624182070.615197 -0.042107 0.015115 -0.508824 -0.006864 -0.039001 0.000739 0.999215
1624182070.715262 -0.011287 0.052372 -0.604412 -0.006216 -0.047873 0.000145 0.998834
1624182070.815266 0.010214 0.063085 -0.700421 -0.005968 -0.049530 -0.000049 0.998755
1624182070.915243 0.025406 0.034930 -0.784228 -0.006467 -0.038825 0.000083 0.999225
1624182071.014452 0.043349 -0.010002 -0.868763 -0.006316 -0.023227 0.000531 0.999710
1624182071.115149 0.080074 -0.029569 -0.968072 -0.005877 -0.007176 0.000765 0.999957
1624182071.215340 0.126709 -0.033853 -1.097284 -0.004991 0.002128 0.000525 0.999985
1624182071.315157 0.174906 -0.033935 -1.226793 -0.004763 0.008547 0.000326 0.999952
1624182071.415185 0.228760 -0.022575 -1.344152 -0.004110 0.011151 0.000008 0.999929
1624182071.514959 0.262733 -0.020069 -1.442062 -0.001872 0.012497 0.000079 0.999920
1624182071.615361 0.290433 -0.017544 -1.552297 -0.001943 0.011861 -0.000371 0.999928
1624182071.715325 0.317755 -0.025091 -1.662410 -0.001781 0.010576 -0.000358 0.999942
1624182071.815413 0.341831 -0.043026 -1.805498 -0.005291 0.005774 -0.000227 0.999969
1624182071.915107 0.366122 -0.064022 -1.922382 -0.005398 0.003659 -0.000511 0.999979
1624182072.015073 0.387594 -0.070740 -2.020364 -0.009602 -0.001382 -0.000618 0.999953
1624182072.115220 0.406586 -0.065450 -2.149868 -0.013377 -0.003863 -0.000592 0.999903
1624182072.214920 0.433534 -0.067111 -2.281645 -0.015808 -0.005006 -0.000939 0.999862
1624182072.314881 0.467074 -0.081326 -2.402951 -0.017724 -0.005087 -0.001156 0.999829
1624182072.414946 0.490959 -0.118181 -2.491768 -0.017473 -0.004396 -0.001048 0.999837
1624182072.515140 0.509737 -0.144484 -2.623138 -0.018304 -0.005003 -0.001220 0.999819
1624182072.615125 0.534079 -0.165470 -2.767012 -0.015559 -0.003575 -0.001461 0.999871
1624182072.715053 0.552444 -0.200576 -2.859579 -0.009827 -0.002079 -0.000896 0.999949
1624182072.815098 0.572611 -0.230557 -2.974162 -0.006488 -0.002113 -0.001255 0.999976
1624182072.914710 0.586403 -0.268245 -3.110883 0.001772 -0.001773 -0.000827 0.999997
1624182073.014702 0.607169 -0.291276 -3.248541 0.006141 -0.001275 -0.000877 0.999980
1624182073.114810 0.631778 -0.318284 -3.368574 0.010566 -0.000219 -0.000815 0.999944
1624182073.214758 0.653951 -0.352899 -3.476436 0.013072 0.001020 -0.000996 0.999914
1624182073.314920 0.675796 -0.385693 -3.628121 0.010484 -0.000286 -0.001174 0.999944
1624182073.414884 0.693317 -0.404405 -3.756137 0.010654 0.000209 -0.001159 0.999943
1624182073.515081 0.713067 -0.410411 -3.870834 0.002377 -0.001116 -0.001403 0.999996
1624182073.614750 0.734378 -0.416171 -3.989441 -0.006311 -0.002864 -0.001533 0.999975
1624182073.714761 0.748577 -0.451060 -4.065502 -0.015018 -0.003187 -0.001420 0.999881
1624182073.814762 0.769521 -0.482053 -4.177559 -0.023032 -0.003478 -0.001399 0.999728
1624182073.914917 0.787358 -0.511232 -4.339406 -0.028753 -0.003823 -0.001272 0.999578
1624182074.014892 0.801565 -0.533764 -4.484475 -0.031960 -0.003260 -0.001431 0.999483
1624182074.114829 0.818901 -0.567710 -4.633647 -0.035019 -0.003898 -0.001324 0.999378
1624182074.214967 0.837541 -0.618545 -4.752528 -0.036433 -0.003532 -0.001429 0.999329
1624182074.314922 0.854729 -0.680267 -4.898594 -0.039452 -0.002777 -0.001600 0.999216
1624182074.414906 0.872333 -0.739520 -5.023042 -0.040989 -0.002845 -0.001402 0.999155
1624182074.515076 0.881701 -0.810435 -5.119415 -0.040074 -0.002140 -0.001254 0.999194
1624182074.615058 0.900323 -0.888620 -5.266844 -0.037517 -0.002789 -0.001184 0.999291
1624182074.715067 0.921493 -0.977019 -5.464838 -0.032846 -0.003055 -0.000921 0.999455
1624182074.815115 0.939479 -1.058819 -5.639680 -0.028115 -0.002891 -0.000897 0.999600
1624182074.915146 0.950021 -1.144005 -5.821775 -0.024793 -0.003546 -0.000971 0.999686
1624182075.015274 0.962239 -1.248069 -5.938550 -0.020081 -0.004855 -0.000847 0.999786
1624182075.115132 0.971565 -1.358222 -6.042899 -0.017841 -0.006189 -0.001157 0.999821
1624182075.215251 0.988668 -1.465283 -6.220860 -0.014408 -0.007212 -0.001182 0.999869
1624182075.315203 1.008063 -1.561734 -6.359319 -0.007057 -0.006286 -0.001212 0.999955
1624182075.415151 1.019518 -1.658160 -6.431132 0.002366 -0.004785 -0.001200 0.999985
1624182075.515161 1.029410 -1.762003 -6.675315 0.010145 -0.004704 -0.000928 0.999937
1624182075.616807 1.040636 -1.867105 -6.865615 0.022735 -0.001564 -0.000668 0.999740
1624182075.716857 1.056934 -1.962873 -7.013262 0.027805 0.004496 -0.001032 0.999603
1624182075.816887 1.070296 -2.056973 -7.092451 0.029283 0.008762 -0.000894 0.999532
1624182075.917086 1.083728 -2.139237 -7.158360 0.029208 0.013459 -0.001154 0.999482
1624182076.017043 1.090301 -2.219636 -7.232710 0.027612 0.014089 -0.000949 0.999519
1624182076.117116 1.092369 -2.276842 -7.404290 0.023764 0.012945 -0.001356 0.999633
1624182076.216914 1.094446 -2.330980 -7.490766 0.024841 0.008136 -0.001157 0.999658
1624182076.315318 1.089172 -2.381722 -7.670073 0.020383 0.002105 -0.000946 0.999790
1624182076.416761 1.086609 -2.434687 -7.953540 0.013790 -0.003156 -0.001143 0.999899
1624182076.493327 1.080806 -2.486408 -8.126734 0.002190 -0.003870 -0.001584 0.999989
1624182076.615185 1.078368 -2.536210 -8.102034 -0.013999 -0.004982 -0.001894 0.999888
1624182076.716773 1.076480 -2.577118 -8.030454 -0.026413 -0.006791 -0.001822 0.999626
1624182076.815175 1.074605 -2.624172 -8.104887 -0.037198 -0.008135 -0.001749 0.999273
1624182076.916922 1.068936 -2.682645 -8.251563 -0.042875 -0.008756 -0.001766 0.999041
1624182077.015169 1.061531 -2.752340 -8.459637 -0.047504 -0.009189 -0.001632 0.998827
1624182077.115132 1.060802 -2.835214 -8.608246 -0.050153 -0.008387 -0.001751 0.998705
1624182077.215193 1.070577 -2.930298 -8.744328 -0.051034 -0.007581 -0.001869 0.998666
1624182077.315206 1.075290 -3.026887 -8.791321 -0.051851 -0.007204 -0.001885 0.998627
1624182077.416690 1.073513 -3.130195 -8.847122 -0.051100 -0.007236 -0.001857 0.998666
1624182077.517064 1.066262 -3.221895 -8.922477 -0.049556 -0.006999 -0.001532 0.998746
1624182077.617028 1.061455 -3.331309 -9.008575 -0.045007 -0.006811 -0.001656 0.998962
1624182077.716808 1.064360 -3.467539 -9.095529 -0.039611 -0.006599 -0.001678 0.999192
1624182077.793326 1.065627 -3.602873 -9.210843 -0.030391 -0.006832 -0.001193 0.999514
1624182077.893441 1.072868 -3.744176 -9.364114 -0.023522 -0.006057 -0.001888 0.999703
1624182077.993402 1.077212 -3.892249 -9.448765 -0.016024 -0.004225 -0.001658 0.999861
1624182078.093426 1.074052 -4.041079 -9.495287 -0.008600 -0.004690 -0.001423 0.999951
1624182078.193040 1.072089 -4.186424 -9.572455 -0.003544 -0.005547 -0.001757 0.999977
1624182078.292556 1.071977 -4.326170 -9.649631 0.003558 -0.006149 -0.001543 0.999974
1624182078.392020 1.074636 -4.461674 -9.725684 0.009562 -0.005571 -0.001689 0.999937
1624182078.492538 1.080294 -4.597914 -9.833009 0.012502 -0.005937 -0.001643 0.999903
1624182078.591689 1.088601 -4.733692 -9.931146 0.015721 -0.005248 -0.001396 0.999862
1624182078.691493 1.093973 -4.864651 -9.989411 0.019763 -0.005001 -0.001483 0.999791
1624182078.791575 1.100801 -4.989370 -10.106642 0.020021 -0.004506 -0.001549 0.999788
1624182078.891368 1.109513 -5.106329 -10.129675 0.027023 -0.002858 -0.001776 0.999629
1624182078.991345 1.113704 -5.210392 -10.245821 0.026840 -0.003126 -0.001726 0.999633
1624182079.091304 1.115566 -5.320563 -10.390035 0.028331 -0.003870 -0.001941 0.999589
1624182079.191297 1.121913 -5.418009 -10.495685 0.026694 -0.003052 -0.002231 0.999636
1624182079.291108 1.131499 -5.508229 -10.593259 0.018061 -0.001980 -0.002311 0.999832
1624182079.390916 1.137647 -5.590443 -10.588707 0.011839 -0.001801 -0.002522 0.999925
1624182079.490950 1.142668 -5.668220 -10.635043 0.005551 -0.002746 -0.002414 0.999978
1624182079.593459 1.150140 -5.750560 -10.676609 0.002661 -0.002508 -0.002728 0.999990
1624182079.693279 1.155993 -5.832048 -10.764960 0.001102 -0.003722 -0.002615 0.999989
1624182079.793473 1.163158 -5.911998 -10.972810 -0.005317 -0.004909 -0.002704 0.999970
1624182079.893464 1.165477 -5.993358 -11.082356 -0.012971 -0.002539 -0.002746 0.999909
1624182079.993263 1.169454 -6.075986 -11.185391 -0.030114 -0.003270 -0.003232 0.999536
1624182080.108656 1.179426 -6.133795 -10.959108 -0.036847 0.000334 -0.003730 0.999314
1624182080.193178 1.184778 -6.197981 -10.897929 -0.043041 -0.005050 -0.003169 0.999056
1624182080.309599 1.184907 -6.301461 -11.039999 -0.041341 -0.005667 -0.003112 0.999124
1624182080.409815 1.182954 -6.413562 -11.114239 -0.040145 -0.003451 -0.002863 0.999184
1624182080.493102 1.186627 -6.539239 -11.272962 -0.040323 -0.004033 -0.002916 0.999174
1624182080.593279 1.191608 -6.679328 -11.428911 -0.039602 -0.003221 -0.002999 0.999206
1624182080.693282 1.195959 -6.811732 -11.488030 -0.039316 -0.000836 -0.002945 0.999222
1624182080.793247 1.203027 -6.937306 -11.544742 -0.037640 -0.001787 -0.002982 0.999285
1624182080.893211 1.206269 -7.063973 -11.574287 -0.037734 -0.001718 -0.002804 0.999282
1624182080.993373 1.202824 -7.203550 -11.630738 -0.035452 -0.002651 -0.002557 0.999365
1624182081.093156 1.201666 -7.356899 -11.641827 -0.035744 -0.001455 -0.002323 0.999357
1624182081.193408 1.207010 -7.512981 -11.711043 -0.041221 -0.002331 -0.002383 0.999145
1624182081.293248 1.210808 -7.674820 -11.792921 -0.049375 -0.001268 -0.002314 0.998777
1624182081.408748 1.209088 -7.828380 -11.720095 -0.053049 0.000067 -0.002614 0.998588
1624182081.509815 1.202768 -7.992767 -11.674962 -0.052846 -0.001956 -0.002304 0.998598
1624182081.609711 1.201921 -8.177851 -11.835492 -0.048401 -0.003827 -0.002125 0.998818
1624182081.692563 1.196447 -8.372705 -11.838697 -0.038469 -0.001812 -0.001975 0.999256
1624182081.792936 1.194337 -8.585263 -11.908243 -0.021269 -0.003475 -0.001420 0.999767
1624182081.892803 1.189443 -8.801915 -12.048877 -0.007899 -0.004009 -0.001086 0.999960
1624182081.993417 1.181785 -9.012841 -12.124374 0.005569 -0.002926 -0.001117 0.999980
1624182082.093273 1.174175 -9.208631 -12.155432 0.016428 -0.001915 -0.000896 0.999863
1624182082.193030 1.172262 -9.391535 -12.206136 0.023069 -0.001344 -0.000722 0.999733
1624182082.293598 1.166879 -9.562415 -12.201858 0.029481 -0.001430 -0.000714 0.999564
1624182082.393264 1.156769 -9.735124 -12.190579 0.026582 -0.001347 -0.000902 0.999645
1624182082.493025 1.147043 -9.908780 -12.187825 0.023294 -0.001751 -0.000875 0.999727
1624182082.593178 1.140607 -10.083086 -12.166821 0.017084 -0.002352 -0.001043 0.999851
1624182082.693321 1.136784 -10.244797 -12.208036 0.004409 -0.001796 -0.001375 0.999988
1624182082.793350 1.129067 -10.389645 -12.202316 -0.007513 0.000559 -0.001258 0.999971
1624182082.892775 1.117393 -10.535316 -12.134922 -0.020265 0.001376 -0.001828 0.999792
1624182082.991184 1.103221 -10.686134 -12.131785 -0.031967 0.004706 -0.001889 0.999476
1624182083.109541 1.085533 -10.841978 -12.107651 -0.037841 0.007537 -0.001698 0.999254
1624182083.209734 1.068005 -11.006090 -12.125516 -0.043614 0.005158 -0.001696 0.999034
1624182083.309943 1.051890 -11.182864 -12.199968 -0.045547 0.001529 -0.001545 0.998960
1624182083.409968 1.029800 -11.358837 -12.146227 -0.043073 -0.000161 -0.001444 0.999071
1624182083.493165 1.007209 -11.555537 -12.185760 -0.033935 -0.001743 -0.000973 0.999422
1624182083.593344 0.986450 -11.758900 -12.227499 -0.029754 -0.004327 -0.001059 0.999547
1624182083.693199 0.966491 -11.951546 -12.180337 -0.014630 0.000895 -0.001032 0.999892
1624182083.793222 0.941974 -12.141399 -12.158384 0.001474 -0.003307 -0.000600 0.999993
1624182083.892987 0.915070 -12.328420 -12.109037 0.026994 -0.005366 -0.000158 0.999621
1624182083.993112 0.890143 -12.513822 -12.144144 0.045655 -0.009726 0.000166 0.998910
1624182084.093087 0.871061 -12.708909 -12.179863 0.052363 -0.010909 0.000066 0.998569
1624182084.193064 0.853203 -12.881696 -12.188721 0.051677 -0.010136 -0.000151 0.998612
1624182084.292914 0.836472 -13.030354 -12.174318 0.047922 -0.008953 -0.000277 0.998811
1624182084.393114 0.813558 -13.146211 -12.155826 0.037583 -0.006638 -0.000375 0.999271
1624182084.493551 0.790487 -13.258483 -12.155945 0.026102 -0.008108 -0.000266 0.999626
1624182084.593201 0.771415 -13.367866 -12.102454 0.026029 -0.005926 -0.000362 0.999644
1624182084.693377 0.755704 -13.485374 -12.056393 0.020465 -0.005483 -0.000655 0.999775
1624182084.793161 0.743113 -13.604108 -12.039924 0.015075 -0.006452 -0.000870 0.999865
1624182084.893164 0.726679 -13.709901 -12.031816 0.014762 -0.005604 -0.001220 0.999875
1624182084.992935 0.704293 -13.812009 -12.032211 0.013606 -0.006970 -0.000958 0.999883
1624182085.093068 0.681036 -13.905031 -12.069499 0.013597 -0.007542 -0.000483 0.999879
1624182085.192834 0.666841 -13.992095 -12.082001 0.010809 -0.007043 -0.000912 0.999916
1624182085.293021 0.655855 -14.070459 -12.063841 0.005506 -0.007755 -0.001112 0.999954
1624182085.393070 0.644484 -14.145521 -12.029449 0.001622 -0.007955 -0.001038 0.999967
1624182085.493128 0.629103 -14.228238 -11.989901 0.000986 -0.008502 -0.000795 0.999963
1624182085.593138 0.610555 -14.319212 -12.003742 -0.004355 -0.009863 -0.000612 0.999942
1624182085.692575 0.595377 -14.405528 -12.026855 -0.008962 -0.009088 -0.000607 0.999918
1624182085.792348 0.585887 -14.489941 -12.030665 -0.017130 -0.009827 -0.000648 0.999805
1624182085.892311 0.580853 -14.568181 -11.979709 -0.024804 -0.008977 -0.000789 0.999652
1624182085.992743 0.569329 -14.650773 -11.957842 -0.034025 -0.011400 -0.000896 0.999356
1624182086.109493 0.553085 -14.730520 -11.895963 -0.035553 -0.008970 -0.000889 0.999327
1624182086.209462 0.542640 -14.823792 -11.908131 -0.039764 -0.011884 -0.000699 0.999138
1624182086.310044 0.536085 -14.934456 -11.916002 -0.033994 -0.010861 -0.000688 0.999363
1624182086.392635 0.529799 -15.047213 -11.968822 -0.028659 -0.012858 -0.000365 0.999506
1624182086.492071 0.523814 -15.179133 -12.034708 -0.025341 -0.012114 -0.000577 0.999605
1624182086.591941 0.516981 -15.298553 -12.021182 -0.021039 -0.008993 -0.000713 0.999738
1624182086.691642 0.513113 -15.421519 -12.021112 -0.017465 -0.010022 -0.000675 0.999797
1624182086.791427 0.508441 -15.540629 -12.019545 -0.011184 -0.010357 -0.000693 0.999884
1624182086.892889 0.506848 -15.664768 -12.062193 -0.009985 -0.010343 -0.000638 0.999896
1624182086.991518 0.508838 -15.788135 -12.055445 -0.007887 -0.006160 -0.000663 0.999950
1624182087.091382 0.505408 -15.916404 -12.026906 -0.008774 -0.006897 -0.000886 0.999937
1624182087.191376 0.500744 -16.040784 -12.022711 -0.007740 -0.006876 -0.000796 0.999946
1624182087.293302 0.497295 -16.162563 -12.045908 -0.007235 -0.006323 -0.000833 0.999953
1624182087.393298 0.496843 -16.281641 -12.045994 -0.003930 -0.004213 -0.000822 0.999983
1624182087.493057 0.501402 -16.419255 -12.110080 -0.009878 -0.007934 -0.000706 0.999919
1624182087.593462 0.499457 -16.544435 -12.103830 -0.010019 -0.004365 -0.001232 0.999940
1624182087.690673 0.498665 -16.661342 -12.074383 -0.013745 -0.006172 -0.001172 0.999886
1624182087.793046 0.496743 -16.776109 -12.027156 -0.011432 -0.005854 -0.000837 0.999917
1624182087.893031 0.495397 -16.887016 -12.018087 -0.007857 -0.007233 -0.000696 0.999943
1624182087.993022 0.500341 -17.017732 -12.050838 -0.005080 -0.006906 -0.000840 0.999963
1624182088.092986 0.500292 -17.150581 -12.086861 -0.001978 -0.007156 -0.000754 0.999972
1624182088.192931 0.498364 -17.282350 -12.146465 -0.000264 -0.007301 -0.000599 0.999973
1624182088.292721 0.496288 -17.405667 -12.193986 0.000097 -0.007084 -0.000791 0.999975
1624182088.392951 0.493596 -17.526387 -12.210330 -0.000310 -0.007196 -0.000726 0.999974
1624182088.493035 0.493667 -17.636548 -12.213027 -0.001316 -0.006788 -0.000718 0.999976
1624182088.592883 0.495410 -17.743806 -12.213877 -0.003289 -0.006401 -0.001020 0.999974
1624182088.693049 0.499755 -17.853409 -12.217898 -0.007212 -0.007042 -0.001238 0.999948
1624182088.793030 0.501646 -17.968358 -12.201311 -0.012740 -0.005667 -0.001169 0.999902
1624182088.892908 0.499480 -18.083967 -12.176444 -0.016446 -0.005672 -0.001088 0.999848
1624182088.993084 0.499511 -18.205240 -12.172140 -0.022521 -0.007067 -0.001097 0.999721
1624182089.093228 0.500823 -18.320459 -12.147625 -0.027607 -0.005307 -0.001602 0.999603
1624182089.208412 0.508335 -18.432916 -12.149037 -0.031911 -0.005747 -0.001475 0.999473
1624182089.308368 0.512657 -18.555441 -12.160005 -0.033260 -0.006664 -0.001571 0.999423
1624182089.392716 0.514642 -18.686275 -12.117857 -0.028769 -0.004834 -0.001614 0.999573
1624182089.509969 0.513355 -18.822574 -12.162859 -0.027935 -0.007004 -0.001360 0.999584
1624182089.592994 0.513298 -18.961723 -12.204763 -0.024472 -0.006597 -0.001324 0.999678
1624182089.692614 0.515212 -19.108604 -12.243674 -0.021659 -0.005095 -0.001238 0.999752
1624182089.792785 0.520001 -19.267751 -12.267701 -0.019652 -0.004440 -0.001019 0.999797
1624182089.892823 0.523280 -19.423312 -12.257996 -0.018654 -0.003814 -0.001330 0.999818
1624182089.992646 0.525491 -19.563494 -12.221534 -0.017437 -0.005636 -0.001305 0.999831
1624182090.092864 0.525415 -19.701594 -12.129424 -0.013384 -0.003001 -0.001451 0.999905
1624182090.192812 0.523782 -19.853139 -12.099146 -0.014184 -0.004878 -0.001318 0.999887
1624182090.292597 0.523701 -20.004928 -12.097586 -0.009403 -0.003741 -0.001295 0.999948
1624182090.392383 0.527134 -20.152089 -12.131501 -0.008031 -0.003460 -0.001239 0.999961
1624182090.492158 0.529005 -20.293893 -12.177842 -0.007339 -0.002585 -0.001309 0.999969
1624182090.592555 0.532664 -20.445777 -12.247378 -0.006962 -0.003115 -0.001422 0.999970
1624182090.692169 0.529738 -20.601553 -12.310405 -0.008315 -0.002553 -0.001325 0.999961
1624182090.792016 0.524210 -20.752956 -12.280352 -0.006569 -0.001511 -0.001561 0.999976
1624182090.891986 0.523577 -20.903055 -12.274726 -0.007900 -0.003962 -0.001381 0.999960
1624182090.992732 0.521711 -21.042931 -12.218467 -0.005148 -0.003117 -0.001567 0.999981
1624182091.091964 0.522401 -21.183639 -12.188688 -0.002265 -0.004082 -0.001120 0.999988
1624182091.191990 0.524421 -21.329958 -12.161617 -0.000237 -0.004543 -0.001058 0.999989
1624182091.291602 0.523673 -21.479289 -12.173202 -0.000180 -0.005669 -0.001259 0.999983
1624182091.391354 0.516352 -21.626924 -12.164696 0.005446 -0.002816 -0.001217 0.999980
1624182091.491732 0.507322 -21.769145 -12.158714 0.007019 -0.003950 -0.001091 0.999967
1624182091.592501 0.500283 -21.904235 -12.208020 0.012497 -0.004795 -0.000629 0.999910
1624182091.691762 0.502599 -22.020170 -12.243699 0.017193 -0.004772 -0.000356 0.999841
1624182091.792748 0.505425 -22.138444 -12.243550 0.018679 -0.002727 -0.000782 0.999822
1624182091.891826 0.502467 -22.259557 -12.217010 0.011577 -0.002294 -0.000778 0.999930
1624182091.991781 0.493310 -22.378759 -12.234344 0.011041 -0.002247 -0.000902 0.999936
1624182092.092391 0.483980 -22.491319 -12.236458 0.010317 -0.001461 -0.001111 0.999945
1624182092.191161 0.479609 -22.596736 -12.245712 0.012900 -0.001733 -0.000939 0.999915
1624182092.292276 0.476896 -22.698489 -12.280284 0.010688 -0.002286 -0.001098 0.999940
1624182092.391899 0.476854 -22.795163 -12.291998 0.009198 -0.000544 -0.001114 0.999957
1624182092.492287 0.470561 -22.885405 -12.304272 0.008360 -0.001243 -0.001111 0.999964
1624182092.592314 0.457361 -22.977543 -12.315170 0.009294 -0.001846 -0.001039 0.999955
1624182092.692499 0.442324 -23.066274 -12.344645 0.007595 -0.003055 -0.001073 0.999966
1624182092.793136 0.435170 -23.153379 -12.378552 0.008353 -0.004020 -0.001046 0.999956
1624182092.891754 0.429967 -23.244093 -12.388423 0.006709 -0.003888 -0.000928 0.999970
1624182092.991784 0.423511 -23.333969 -12.371017 0.005971 -0.004432 -0.001016 0.999972
1624182093.092788 0.414872 -23.415135 -12.359474 0.005880 -0.004714 -0.000891 0.999971
1624182093.192725 0.403896 -23.488325 -12.341221 0.007449 -0.005794 -0.000798 0.999955
1624182093.291736 0.392946 -23.560253 -12.329309 0.006030 -0.007456 -0.000767 0.999954
1624182093.391519 0.384166 -23.627653 -12.363914 0.007094 -0.008467 -0.000783 0.999939
1624182093.492693 0.375524 -23.700561 -12.391962 0.004622 -0.008907 -0.001130 0.999949
1624182093.591902 0.371079 -23.777981 -12.439370 -0.002470 -0.010476 -0.001156 0.999941
1624182093.691689 0.369805 -23.841101 -12.482022 -0.012713 -0.009838 -0.001452 0.999870
1624182093.810152 0.357144 -23.907568 -12.346900 -0.019802 -0.009002 -0.001342 0.999763
1624182093.909593 0.348690 -23.964563 -12.302900 -0.030776 -0.012475 -0.001539 0.999447
1624182094.010605 0.346458 -24.030894 -12.339269 -0.031439 -0.011866 -0.001377 0.999434
1624182094.110436 0.347347 -24.121858 -12.368481 -0.038949 -0.010763 -0.001426 0.999182
1624182094.210521 0.352466 -24.210943 -12.427744 -0.048107 -0.011406 -0.001267 0.998776
1624182094.310737 0.345932 -24.311073 -12.433402 -0.053766 -0.009503 -0.001326 0.998507
1624182094.410890 0.340642 -24.407874 -12.353787 -0.060794 -0.009515 -0.001206 0.998104
1624182094.510254 0.336639 -24.513364 -12.279140 -0.056031 -0.009987 -0.001042 0.998379
1624182094.609096 0.345948 -24.640101 -12.421345 -0.056979 -0.012276 -0.001130 0.998299
1624182094.710826 0.351037 -24.781513 -12.456254 -0.055755 -0.007510 -0.000839 0.998416
1624182094.810653 0.352259 -24.915167 -12.429154 -0.062611 -0.008543 -0.001187 0.998001
1624182094.910830 0.346483 -25.058611 -12.357952 -0.060116 -0.008531 -0.001201 0.998154
1624182095.010574 0.346732 -25.229629 -12.355178 -0.054501 -0.009462 -0.001138 0.998468
1624182095.110572 0.350392 -25.406562 -12.327800 -0.045138 -0.008479 -0.001012 0.998944
1624182095.210261 0.364370 -25.597790 -12.399494 -0.036525 -0.009523 -0.000850 0.999287
1624182095.310868 0.365165 -25.780782 -12.418560 -0.029514 -0.008185 -0.001140 0.999530
1624182095.410456 0.367805 -25.971571 -12.496915 -0.022362 -0.008137 -0.001151 0.999716
1624182095.509044 0.366257 -26.145732 -12.475355 -0.015999 -0.005810 -0.000979 0.999855
1624182095.608461 0.364428 -26.330354 -12.424726 -0.014167 -0.005948 -0.001193 0.999881
1624182095.692646 0.369107 -26.512761 -12.362759 -0.008227 -0.004605 -0.001223 0.999955
1624182095.792451 0.383662 -26.694832 -12.346202 -0.008926 -0.005776 -0.001232 0.999943
1624182095.892461 0.390802 -26.883390 -12.341587 0.001274 -0.004476 -0.000892 0.999989
1624182095.992272 0.390643 -27.071632 -12.344825 0.001583 -0.003068 -0.001212 0.999993
1624182096.092254 0.391625 -27.257572 -12.419892 -0.003225 -0.003624 -0.001373 0.999987
1624182096.192025 0.398047 -27.437896 -12.487310 -0.003399 -0.002820 -0.001513 0.999989
1624182096.308771 0.400948 -27.600713 -12.438131 -0.009064 -0.001755 -0.001545 0.999956
1624182096.410766 0.394532 -27.759977 -12.289682 -0.013091 -0.002787 -0.001752 0.999909
1624182096.508984 0.384959 -27.921546 -12.139615 -0.004303 -0.004360 -0.001482 0.999980
1624182096.591801 0.382473 -28.098298 -12.059104 0.016421 -0.003796 -0.001043 0.999857
1624182096.691593 0.393881 -28.273561 -12.093747 0.031655 -0.004545 -0.001185 0.999488
1624182096.791823 0.400605 -28.447978 -12.222383 0.054699 -0.003635 -0.001665 0.998495
1624182096.891850 0.395636 -28.589630 -12.393757 0.069872 -0.002428 -0.001738 0.997552
1624182096.991919 0.381592 -28.703658 -12.529137 0.077979 -0.003749 -0.001741 0.996946
1624182097.091865 0.368321 -28.803479 -12.587719 0.075780 -0.002896 -0.001815 0.997119
1624182097.191664 0.366745 -28.892619 -12.599038 0.062348 -0.002697 -0.002552 0.998048
1624182097.291232 0.365221 -28.976917 -12.478345 0.048522 -0.002031 -0.002684 0.998816
1624182097.391020 0.361223 -29.039264 -12.344246 0.027372 -0.003350 -0.002486 0.999617
1624182097.491028 0.354893 -29.082739 -12.207224 0.018296 -0.004691 -0.002336 0.999819
1624182097.590860 0.350146 -29.122440 -12.171290 0.003556 -0.006589 -0.002316 0.999969
1624182097.690696 0.356261 -29.171726 -12.275010 -0.017812 -0.006935 -0.002615 0.999814
1624182097.811206 0.353084 -29.230335 -12.376288 -0.039575 -0.005335 -0.002843 0.999198
1624182097.910737 0.339845 -29.278097 -12.218942 -0.062551 -0.004226 -0.002996 0.998028
1624182098.010911 0.326432 -29.327231 -12.123473 -0.073267 -0.007510 -0.002928 0.997280
1624182098.110636 0.316333 -29.400671 -12.066463 -0.069645 -0.008425 -0.002710 0.997533
1624182098.210442 0.317522 -29.496523 -12.112430 -0.059765 -0.009006 -0.002605 0.998168
1624182098.311105 0.322851 -29.617505 -12.211423 -0.051527 -0.008638 -0.002506 0.998631
1624182098.410915 0.319548 -29.740329 -12.317008 -0.046319 -0.007611 -0.002620 0.998894
1624182098.510883 0.313622 -29.863029 -12.400284 -0.042376 -0.006480 -0.002508 0.999078
1624182098.611108 0.298090 -29.991242 -12.432174 -0.041381 -0.006086 -0.002723 0.999121
1624182098.710853 0.284370 -30.112819 -12.325444 -0.041936 -0.005380 -0.002863 0.999102
1624182098.811060 0.282791 -30.241536 -12.258044 -0.039300 -0.005816 -0.002683 0.999207
1624182098.911134 0.283047 -30.384725 -12.191023 -0.035700 -0.006137 -0.002641 0.999340
1624182099.011009 0.278040 -30.530492 -12.099500 -0.030978 -0.007038 -0.002561 0.999492
1624182099.110991 0.269341 -30.681416 -12.052356 -0.021642 -0.007959 -0.002440 0.999731
1624182099.211167 0.257396 -30.842708 -12.093223 -0.012107 -0.008882 -0.002539 0.999884
1624182099.308974 0.254368 -30.997985 -12.142892 -0.003001 -0.008558 -0.002388 0.999956
1624182099.389032 0.256597 -31.157340 -12.294760 -0.001322 -0.009718 -0.002374 0.999949
1624182099.488837 0.252928 -31.303297 -12.267732 0.004430 -0.007007 -0.002760 0.999962
1624182099.608482 0.242368 -31.442821 -12.174960 0.004544 -0.006982 -0.002325 0.999963
1624182099.688542 0.235972 -31.582832 -12.097083 0.007392 -0.006327 -0.002231 0.999950
1624182099.788560 0.235639 -31.717215 -12.024277 0.009893 -0.005066 -0.002437 0.999935
1624182099.888412 0.234991 -31.853222 -12.005921 0.008366 -0.006032 -0.002618 0.999943
1624182099.988203 0.230165 -31.987332 -11.955705 0.007171 -0.005629 -0.002820 0.999954
1624182100.088041 0.219185 -32.114553 -11.943433 0.006034 -0.005632 -0.002859 0.999962
1624182100.188087 0.206479 -32.229275 -11.956091 0.004469 -0.005556 -0.002756 0.999971
1624182100.309151 0.199634 -32.338242 -11.940436 0.001932 -0.005990 -0.002974 0.999976
1624182100.409124 0.198318 -32.450374 -11.913386 0.000251 -0.006365 -0.002810 0.999976
1624182100.510875 0.203873 -32.564598 -11.949506 -0.003873 -0.006356 -0.002579 0.999969
1624182100.611042 0.201309 -32.677400 -11.962001 -0.010544 -0.006500 -0.002646 0.999920
1624182100.711294 0.190469 -32.784654 -11.919207 -0.015092 -0.006633 -0.002924 0.999860
1624182100.810712 0.170453 -32.895603 -11.817864 -0.018613 -0.007305 -0.002926 0.999796
1624182100.910817 0.156183 -33.006897 -11.796812 -0.019090 -0.008639 -0.002787 0.999777
1624182101.011152 0.150404 -33.122992 -11.781453 -0.016115 -0.008869 -0.002801 0.999827
1624182101.111155 0.148622 -33.241971 -11.826796 -0.015759 -0.009653 -0.003042 0.999825
1624182101.210660 0.147072 -33.364355 -11.906292 -0.012306 -0.010623 -0.003080 0.999863
1624182101.311249 0.140363 -33.482854 -11.901296 -0.008878 -0.010294 -0.003280 0.999902
1624182101.411024 0.133934 -33.601925 -11.950777 -0.005875 -0.009779 -0.003241 0.999930
1624182101.510849 0.129119 -33.715787 -11.995145 -0.001800 -0.008249 -0.003294 0.999959
1624182101.610922 0.127767 -33.828380 -12.045352 -0.000239 -0.007333 -0.003372 0.999967
1624182101.711328 0.123918 -33.943527 -12.076334 -0.001276 -0.007158 -0.003603 0.999967
1624182101.811151 0.110623 -34.059395 -12.097092 -0.000590 -0.005379 -0.004098 0.999977
1624182101.911225 0.104686 -34.164298 -12.146137 -0.002471 -0.005833 -0.004179 0.999971
1624182102.010628 0.103292 -34.270939 -12.233944 -0.001251 -0.007035 -0.004373 0.999965
1624182102.110779 0.101804 -34.378461 -12.351114 0.000680 -0.007069 -0.004229 0.999966
1624182102.209836 0.100506 -34.484361 -12.436617 0.003094 -0.008122 -0.004068 0.999954
1624182102.308913 0.096572 -34.592243 -12.538020 0.003581 -0.008969 -0.003934 0.999946
1624182102.385450 0.087118 -34.692032 -12.620147 0.006702 -0.009118 -0.003943 0.999928
1624182102.485257 0.075363 -34.789338 -12.708721 0.007648 -0.008358 -0.003597 0.999929
1624182102.585226 0.066506 -34.879405 -12.789949 0.007343 -0.008068 -0.003727 0.999934
1624182102.685051 0.060654 -34.969931 -12.872398 0.005267 -0.008337 -0.003547 0.999945
1624182102.785023 0.059408 -35.059601 -12.954124 0.003641 -0.009299 -0.003210 0.999945
1624182102.908843 0.054943 -35.148135 -12.972373 0.001235 -0.009629 -0.003091 0.999948
1624182103.009044 0.052784 -35.232066 -13.033956 -0.001799 -0.011326 -0.002948 0.999930
1624182103.110367 0.048968 -35.315263 -13.045666 -0.003645 -0.010745 -0.003018 0.999931
1624182103.211031 0.049852 -35.401339 -13.079612 -0.009431 -0.011695 -0.003160 0.999882
1624182103.311377 0.045447 -35.482191 -13.074023 -0.012511 -0.011329 -0.003240 0.999852
1624182103.410930 0.040379 -35.567724 -13.056889 -0.017020 -0.009772 -0.003483 0.999801
1624182103.511152 0.039457 -35.661279 -13.061938 -0.023560 -0.009180 -0.003655 0.999674
1624182103.611164 0.036467 -35.740629 -13.015860 -0.026159 -0.007602 -0.003876 0.999621
1624182103.711013 0.027777 -35.832379 -12.947991 -0.027255 -0.007022 -0.003947 0.999596
1624182103.811422 0.029987 -35.936151 -12.983040 -0.024917 -0.007595 -0.004021 0.999653
1624182103.911238 0.034325 -36.049310 -13.025584 -0.022156 -0.006538 -0.004373 0.999724
1624182104.011401 0.035947 -36.157693 -13.034424 -0.020284 -0.005054 -0.004504 0.999771
1624182104.111189 0.034166 -36.264743 -13.066184 -0.019432 -0.005214 -0.004743 0.999786
1624182104.211376 0.029594 -36.375887 -13.091453 -0.016108 -0.003278 -0.004738 0.999854
1624182104.311382 0.020571 -36.490495 -13.050777 -0.014031 -0.002674 -0.004661 0.999887
1624182104.411367 0.020554 -36.597977 -13.063975 -0.011577 -0.003069 -0.004488 0.999918
1624182104.511382 0.018729 -36.717311 -13.100755 -0.010247 -0.003219 -0.004580 0.999932
1624182104.611426 0.015204 -36.841155 -13.083679 -0.007733 -0.004080 -0.004585 0.999951
1624182104.710991 0.010131 -36.961060 -13.012435 -0.009220 -0.005801 -0.004782 0.999929
1624182104.811320 -0.000574 -37.084686 -13.045283 -0.006073 -0.007524 -0.004981 0.999941
1624182104.910924 -0.010593 -37.205653 -13.050341 -0.003617 -0.008760 -0.005022 0.999942
1624182105.011456 -0.018850 -37.319927 -13.059405 -0.001640 -0.010046 -0.004924 0.999936
1624182105.110852 -0.025000 -37.433457 -13.062975 0.002566 -0.011342 -0.004788 0.999921
1624182105.209134 -0.022267 -37.545495 -13.102534 0.003874 -0.012913 -0.004846 0.999897
1624182105.308790 -0.024554 -37.657512 -13.081125 0.006491 -0.013731 -0.004792 0.999873
1624182105.382231 -0.025973 -37.772294 -13.133152 0.005896 -0.015784 -0.004679 0.999847
1624182105.509674 -0.027982 -37.881662 -13.120911 0.004577 -0.014688 -0.004619 0.999871
1624182105.611040 -0.033454 -37.982214 -13.044825 0.004232 -0.014780 -0.004855 0.999870
1624182105.710973 -0.032012 -38.080314 -12.989501 0.002131 -0.014766 -0.005285 0.999875
1624182105.810358 -0.029037 -38.178398 -13.019843 0.002597 -0.014074 -0.005757 0.999881
1624182105.910684 -0.025711 -38.281335 -13.025524 0.003262 -0.011762 -0.006103 0.999907
1624182106.011071 -0.020017 -38.379241 -13.051115 0.002312 -0.009679 -0.006384 0.999930
1624182106.111494 -0.016655 -38.472532 -13.044446 0.003006 -0.006563 -0.006834 0.999951
1624182106.211094 -0.000480 -38.557025 -13.098947 0.002251 -0.003185 -0.006789 0.999969
1624182106.311498 0.004950 -38.641108 -13.131620 0.002399 0.000495 -0.007346 0.999970
1624182106.411323 0.005457 -38.731216 -13.179067 0.001507 0.002862 -0.007557 0.999966
1624182106.511524 0.004574 -38.821324 -13.223741 0.001795 0.004024 -0.007724 0.999960
1624182106.611545 0.002908 -38.904209 -13.258477 0.001569 0.003575 -0.007791 0.999962
1624182106.711495 -0.001197 -38.974514 -13.303595 0.004390 0.001435 -0.007431 0.999962
1624182106.811079 -0.001347 -39.049468 -13.367263 0.006347 -0.001494 -0.007072 0.999954
1624182106.909476 -0.009358 -39.126454 -13.439651 0.009635 -0.003317 -0.006522 0.999927
1624182106.981015 -0.015914 -39.211550 -13.552400 0.010552 -0.005438 -0.006348 0.999909
1624182107.080998 -0.022673 -39.292388 -13.688050 0.009338 -0.008514 -0.005514 0.999905
1624182107.208754 -0.031668 -39.351912 -13.730763 0.006681 -0.009854 -0.005208 0.999916
1624182107.309558 -0.042281 -39.406818 -13.753616 0.001481 -0.013785 -0.004944 0.999892
1624182107.411733 -0.053883 -39.466494 -13.755068 -0.005808 -0.013965 -0.005276 0.999872
1624182107.511733 -0.059926 -39.528384 -13.717627 -0.014276 -0.013469 -0.005580 0.999792
1624182107.611957 -0.069063 -39.590905 -13.650593 -0.021452 -0.011325 -0.005840 0.999689
1624182107.711484 -0.080162 -39.660851 -13.638489 -0.025104 -0.010534 -0.006444 0.999609
1624182107.811786 -0.091704 -39.726061 -13.614459 -0.025533 -0.009914 -0.006969 0.999601
1624182107.911387 -0.099592 -39.805327 -13.639342 -0.026388 -0.010100 -0.007350 0.999574
1624182108.011382 -0.104823 -39.887834 -13.707347 -0.021643 -0.010287 -0.007745 0.999683
1624182108.111503 -0.113898 -39.965149 -13.662438 -0.020323 -0.009424 -0.008093 0.999716
1624182108.211684 -0.117933 -40.042157 -13.712381 -0.016835 -0.010170 -0.008157 0.999773
1624182108.311620 -0.121158 -40.127643 -13.711627 -0.011940 -0.008191 -0.008433 0.999860
1624182108.411564 -0.129551 -40.215049 -13.715924 -0.009310 -0.007742 -0.008643 0.999889
1624182108.511513 -0.143041 -40.301839 -13.697607 -0.003653 -0.007084 -0.008735 0.999930
1624182108.611548 -0.153714 -40.392646 -13.712574 -0.001357 -0.006566 -0.008924 0.999938
1624182108.711015 -0.166809 -40.481764 -13.748604 0.005415 -0.005969 -0.008610 0.999930
1624182108.810873 -0.182266 -40.563428 -13.769652 0.008107 -0.005852 -0.008320 0.999915
1624182108.908899 -0.196782 -40.644881 -13.848008 0.009141 -0.005484 -0.008000 0.999911
1624182109.009917 -0.211068 -40.730145 -13.856673 0.008522 -0.005158 -0.007593 0.999922
1624182109.111079 -0.223637 -40.807817 -13.832523 0.006123 -0.006631 -0.006900 0.999935
1624182109.211236 -0.241511 -40.880561 -13.779177 0.006573 -0.007418 -0.006038 0.999933
1624182109.311043 -0.266942 -40.957202 -13.791211 0.003449 -0.010492 -0.005507 0.999924
1624182109.411030 -0.297434 -41.029108 -13.769232 0.004668 -0.011921 -0.004916 0.999906
1624182109.511408 -0.327478 -41.106372 -13.764338 0.002453 -0.015636 -0.004790 0.999863
1624182109.611457 -0.352577 -41.178790 -13.758767 0.002059 -0.016717 -0.004499 0.999848
1624182109.711645 -0.370720 -41.250898 -13.718908 0.002830 -0.018390 -0.004199 0.999818
1624182109.811410 -0.388386 -41.324250 -13.684883 0.004217 -0.018592 -0.004256 0.999809
1624182109.910715 -0.411210 -41.394687 -13.659351 0.006198 -0.018862 -0.004027 0.999795
1624182110.008588 -0.427469 -41.472717 -13.737820 0.009544 -0.017065 -0.003833 0.999801
1624182110.108904 -0.442743 -41.537906 -13.787542 0.011826 -0.017659 -0.003657 0.999767
1624182110.209637 -0.460332 -41.593457 -13.806777 0.008126 -0.018468 -0.004124 0.999788
1624182110.310193 -0.480657 -41.645046 -13.795919 0.007201 -0.020031 -0.004343 0.999764
1624182110.410999 -0.500456 -41.693731 -13.716411 0.005460 -0.020921 -0.004688 0.999755
1624182110.511614 -0.513850 -41.746668 -13.692886 0.004114 -0.023373 -0.004965 0.999706
1624182110.610784 -0.520770 -41.796687 -13.656283 0.006870 -0.023728 -0.005262 0.999681
1624182110.709368 -0.521557 -41.846341 -13.657647 0.008083 -0.028879 -0.005281 0.999536
1624182110.808601 -0.521821 -41.889344 -13.698832 0.012904 -0.035800 -0.005260 0.999262
1624182110.878928 -0.518757 -41.928903 -13.735385 0.015569 -0.046060 -0.005392 0.998803
1624182110.979470 -0.513843 -41.959507 -13.712825 0.016564 -0.057199 -0.005813 0.998208
1624182111.079326 -0.498798 -41.985279 -13.689708 0.017076 -0.065991 -0.005651 0.997658
1624182111.180370 -0.474180 -42.010043 -13.653712 0.015240 -0.073351 -0.005994 0.997172
1624182111.279375 -0.444664 -42.033708 -13.627659 0.013608 -0.084117 -0.006253 0.996343
1624182111.379377 -0.391135 -42.046741 -13.611122 0.012705 -0.088324 -0.006673 0.995988
1624182111.479532 -0.310744 -42.050393 -13.589818 0.011146 -0.096013 -0.006881 0.995294
1624182111.579569 -0.223519 -42.053442 -13.577964 0.011368 -0.101260 -0.006720 0.994772
1624182111.679132 -0.121138 -42.056332 -13.587247 0.006849 -0.105212 -0.007163 0.994400
1624182111.779301 0.002593 -42.062201 -13.594951 0.004599 -0.104578 -0.007524 0.994478
1624182111.891760 0.143872 -42.068573 -13.600635 0.003921 -0.101631 -0.007391 0.994787
1624182111.981042 0.299293 -42.068000 -13.622264 0.003521 -0.094658 -0.007235 0.995477
1624182112.079293 0.489129 -42.061976 -13.613002 0.004438 -0.082061 -0.006984 0.996593
1624182112.209448 0.697665 -42.058752 -13.658554 0.003203 -0.061777 -0.006869 0.998061
1624182112.309658 0.897122 -42.057571 -13.787024 -0.001353 -0.042832 -0.006720 0.999059
1624182112.412229 1.096482 -42.062731 -13.899884 -0.008467 -0.020482 -0.007052 0.999729
1624182112.512407 1.286258 -42.052630 -13.882053 -0.022841 -0.001037 -0.007557 0.999710
1624182112.612301 1.473239 -42.038486 -13.814119 -0.033670 0.012517 -0.008113 0.999322
1624182112.712320 1.660828 -42.032800 -13.756285 -0.037440 0.022364 -0.008775 0.999010
1624182112.812362 1.833716 -42.045065 -13.781520 -0.039344 0.026371 -0.008982 0.998837
1624182112.912310 2.001875 -42.073983 -13.931654 -0.038203 0.028343 -0.009464 0.998823
1624182113.012251 2.163116 -42.095456 -13.996356 -0.045416 0.028207 -0.009616 0.998524
1624182113.112475 2.310264 -42.115919 -14.016507 -0.058856 0.027260 -0.009707 0.997847
1624182113.213668 2.445095 -42.136127 -13.917837 -0.073772 0.025743 -0.010039 0.996892
1624182113.313862 2.571440 -42.165148 -13.782627 -0.089616 0.023599 -0.010162 0.995645
1624182113.413826 2.682433 -42.215348 -13.708799 -0.096047 0.022792 -0.010746 0.995058
1624182113.513198 2.784806 -42.303018 -13.728412 -0.100362 0.018384 -0.011049 0.994720
1624182113.613772 2.876690 -42.407333 -13.738955 -0.097413 0.015271 -0.011257 0.995063
1624182113.713813 2.963350 -42.534981 -13.759161 -0.091532 0.010324 -0.011022 0.995688
1624182113.814037 3.050419 -42.667158 -13.744219 -0.078883 0.007853 -0.010752 0.996795
1624182113.913139 3.128436 -42.808451 -13.686107 -0.059098 0.004798 -0.010174 0.998189
1624182114.012756 3.200758 -42.970685 -13.692228 -0.023872 0.003603 -0.009772 0.999661
1624182114.112978 3.269861 -43.149524 -13.712319 0.003047 0.001060 -0.009657 0.999948
1624182114.178687 3.337870 -43.356295 -13.763138 0.026295 -0.000226 -0.009580 0.999608
1624182114.278659 3.396889 -43.506490 -13.806135 0.050656 0.002547 -0.009551 0.998667
1624182114.378094 3.446723 -43.602489 -13.861931 0.060511 0.002304 -0.009321 0.998121
1624182114.479440 3.495691 -43.690112 -14.031099 0.051782 -0.001915 -0.009438 0.998612
1624182114.579639 3.548252 -43.800609 -14.053780 0.046466 -0.000350 -0.009737 0.998872
1624182114.678851 3.603490 -43.912205 -13.970050 0.032314 -0.002769 -0.009518 0.999429
1624182114.810329 3.647231 -44.002138 -13.779149 0.021192 -0.002683 -0.009471 0.999727
1624182114.911475 3.674565 -44.082852 -13.714717 0.010533 -0.005507 -0.009622 0.999883
1624182115.012613 3.709968 -44.158866 -13.715172 0.008260 -0.006056 -0.009709 0.999900
1624182115.113197 3.751857 -44.234113 -13.744285 0.007876 -0.006138 -0.009791 0.999902
1624182115.212987 3.791603 -44.320134 -13.847361 0.005282 -0.008409 -0.009904 0.999902
1624182115.312360 3.828510 -44.400476 -13.936553 0.007031 -0.007338 -0.009932 0.999899
1624182115.412747 3.862548 -44.472937 -13.975110 0.005497 -0.008482 -0.009872 0.999900
1624182115.513159 3.883407 -44.539000 -13.898487 0.006904 -0.007494 -0.009636 0.999902
1624182115.612591 3.920109 -44.609837 -13.908185 0.006148 -0.006859 -0.009525 0.999912
1624182115.713235 3.961357 -44.677088 -13.885436 0.006486 -0.006290 -0.009721 0.999912
1624182115.813066 4.005564 -44.742059 -13.954593 0.000498 -0.005673 -0.009954 0.999934
1624182115.913278 4.032756 -44.801440 -13.980119 -0.003602 -0.003293 -0.010168 0.999936
1624182116.013457 4.042357 -44.859930 -13.846522 -0.011316 -0.001549 -0.010274 0.999882
1624182116.113472 4.056016 -44.918746 -13.788106 -0.013384 -0.000931 -0.010005 0.999860
1624182116.213228 4.080909 -44.984220 -13.800981 -0.012440 -0.002598 -0.009995 0.999869
1624182116.312640 4.111486 -45.057357 -13.886698 -0.008473 -0.002605 -0.009956 0.999911
1624182116.413188 4.134147 -45.129664 -13.948415 -0.009143 -0.004112 -0.010212 0.999898
1624182116.513346 4.146555 -45.194768 -13.974386 -0.012084 -0.004443 -0.010395 0.999863
1624182116.613525 4.160321 -45.257741 -13.963574 -0.014499 -0.006267 -0.010627 0.999819
1624182116.713511 4.170691 -45.322395 -13.951972 -0.015825 -0.007793 -0.010673 0.999787
1624182116.813541 4.180419 -45.392832 -13.933902 -0.017203 -0.009899 -0.010670 0.999746
1624182116.913553 4.187372 -45.467451 -13.975042 -0.015556 -0.011931 -0.010663 0.999751
1624182117.013658 4.202467 -45.542398 -13.989054 -0.018484 -0.015094 -0.010543 0.999660
1624182117.113874 4.217901 -45.618319 -13.959922 -0.021296 -0.016384 -0.010639 0.999582
1624182117.213883 4.226619 -45.692802 -13.894866 -0.019581 -0.017072 -0.010441 0.999608
1624182117.313882 4.238266 -45.779587 -13.913222 -0.019532 -0.017872 -0.010347 0.999596
1624182117.413551 4.256367 -45.867142 -13.953104 -0.017372 -0.015640 -0.010373 0.999673
1624182117.513701 4.275094 -45.955161 -13.981806 -0.019425 -0.014402 -0.010629 0.999651
1624182117.613651 4.296787 -46.035939 -13.969808 -0.017032 -0.011721 -0.010449 0.999732
1624182117.713153 4.319850 -46.124405 -13.975004 -0.019315 -0.010550 -0.010696 0.999701
1624182117.813766 4.339522 -46.220311 -14.013918 -0.019932 -0.009288 -0.010801 0.999700
1624182117.913597 4.359552 -46.312011 -14.015635 -0.021705 -0.008057 -0.010996 0.999671
1624182118.013562 4.377045 -46.401045 -13.960450 -0.023010 -0.007457 -0.011109 0.999646
1624182118.113957 4.391719 -46.494018 -13.899704 -0.024916 -0.008038 -0.011179 0.999595
1624182118.213735 4.407496 -46.597437 -13.911986 -0.024387 -0.008293 -0.011167 0.999606
1624182118.313671 4.423351 -46.701718 -13.895862 -0.026391 -0.008170 -0.011518 0.999552
1624182118.413852 4.446404 -46.810194 -13.922191 -0.031113 -0.008146 -0.011776 0.999413
1624182118.513907 4.465632 -46.914894 -13.899075 -0.033910 -0.006568 -0.012231 0.999328
1624182118.613719 4.483557 -47.020123 -13.867741 -0.038649 -0.005046 -0.012390 0.999163
1624182118.713721 4.494980 -47.131972 -13.789816 -0.038131 -0.003874 -0.012602 0.999186
1624182118.813947 4.513627 -47.263051 -13.799181 -0.036895 -0.003924 -0.012526 0.999233
1624182118.913954 4.527225 -47.407202 -13.877511 -0.031951 -0.003790 -0.012760 0.999401
1624182119.013889 4.529911 -47.538856 -13.883669 -0.032839 -0.003271 -0.012490 0.999377
1624182119.113317 4.535027 -47.673469 -13.926169 -0.032271 -0.003472 -0.012326 0.999397
1624182119.213735 4.547322 -47.810481 -13.911221 -0.034522 -0.003581 -0.012138 0.999324
1624182119.313936 4.559025 -47.954000 -13.875156 -0.036663 -0.003413 -0.011881 0.999251
1624182119.413333 4.571766 -48.103543 -13.818988 -0.033870 -0.003540 -0.011826 0.999350
1624182119.513947 4.579824 -48.272441 -13.891041 -0.036185 -0.007018 -0.012136 0.999247
1624182119.613294 4.575532 -48.428385 -13.897140 -0.035403 -0.006860 -0.012655 0.999269
1624182119.713706 4.568187 -48.574770 -13.824834 -0.037415 -0.006417 -0.012865 0.999196
1624182119.813625 4.568885 -48.740117 -13.798433 -0.037787 -0.007894 -0.012932 0.999171
1624182119.913811 4.580135 -48.920026 -13.810646 -0.032378 -0.009279 -0.013092 0.999347
1624182120.013806 4.577832 -49.097485 -13.796807 -0.026604 -0.009046 -0.013203 0.999518
1624182120.113799 4.580245 -49.274333 -13.812266 -0.020540 -0.010251 -0.012729 0.999655
1624182120.213656 4.594603 -49.462211 -13.889771 -0.015276 -0.010581 -0.012620 0.999748
1624182120.313470 4.602610 -49.643063 -13.897234 -0.012898 -0.008834 -0.012940 0.999794
1624182120.413916 4.610537 -49.819897 -13.891337 -0.015276 -0.007116 -0.013154 0.999771
1624182120.513888 4.618805 -49.997173 -13.846501 -0.018569 -0.005192 -0.013641 0.999721
1624182120.613876 4.611312 -50.174216 -13.833823 -0.022035 -0.002678 -0.014185 0.999653
1624182120.713873 4.606476 -50.353311 -13.808314 -0.025136 -0.000214 -0.014550 0.999578
1624182120.814099 4.602075 -50.535997 -13.832149 -0.025472 0.000778 -0.014696 0.999567
1624182120.913870 4.604871 -50.720918 -13.850817 -0.024714 -0.000420 -0.014661 0.999587
1624182121.014039 4.609977 -50.905337 -13.867226 -0.023981 -0.001766 -0.014781 0.999602
1624182121.113872 4.592147 -51.090748 -13.860495 -0.021120 -0.002949 -0.014712 0.999664
1624182121.213508 4.587738 -51.283130 -13.865663 -0.017247 -0.006177 -0.014647 0.999725
1624182121.313876 4.587705 -51.466379 -13.845970 -0.010811 -0.008050 -0.014505 0.999804
1624182121.413843 4.591571 -51.661543 -13.866942 -0.006017 -0.009792 -0.014450 0.999830
1624182121.513763 4.591347 -51.861087 -13.937128 -0.002319 -0.012477 -0.014143 0.999819
1624182121.613733 4.586060 -52.046838 -13.952813 -0.001185 -0.012360 -0.014084 0.999824
1624182121.713708 4.573955 -52.217799 -13.927433 -0.006381 -0.011593 -0.014189 0.999812
1624182121.813063 4.572318 -52.383767 -13.874337 -0.010998 -0.011504 -0.014016 0.999775
1624182121.912935 4.577025 -52.563541 -13.829000 -0.013109 -0.009151 -0.014255 0.999771
1624182122.013682 4.579073 -52.741455 -13.768520 -0.009811 -0.006825 -0.014497 0.999823
1624182122.113882 4.582657 -52.915500 -13.750087 0.001612 -0.005457 -0.014949 0.999872
1624182122.212834 4.575877 -53.094610 -13.818590 0.014675 -0.003494 -0.015212 0.999770
1624182122.313807 4.572356 -53.266569 -13.932885 0.032719 -0.002097 -0.015144 0.999348
1624182122.413584 4.568299 -53.428566 -14.057859 0.044846 -0.001834 -0.015381 0.998874
1624182122.512255 4.573790 -53.577597 -14.076744 0.053222 -0.001235 -0.015411 0.998463
1624182122.612448 4.580368 -53.711319 -14.050602 0.056209 -0.002177 -0.015460 0.998297
1624182122.712394 4.579750 -53.830849 -13.983646 0.053991 -0.002427 -0.015728 0.998415
1624182122.813197 4.573437 -53.925519 -14.067857 0.029134 -0.004275 -0.016354 0.999433
1624182122.913392 4.561789 -54.013873 -13.958843 0.016998 -0.003360 -0.016353 0.999716
1624182123.012829 4.543113 -54.093559 -13.784774 -0.012011 -0.003792 -0.016181 0.999790
1624182123.113811 4.530837 -54.181105 -13.722716 -0.033947 -0.004657 -0.016244 0.999281
1624182123.213015 4.530316 -54.278130 -13.706444 -0.047179 -0.004826 -0.016652 0.998736
1624182123.313597 4.512913 -54.366085 -13.594060 -0.049764 -0.004613 -0.016681 0.998611
1624182123.412939 4.502422 -54.497202 -13.774386 -0.044817 -0.009401 -0.016335 0.998817
1624182123.513672 4.492309 -54.627044 -13.868896 -0.035810 -0.009147 -0.016726 0.999177
1624182123.612905 4.488279 -54.752595 -13.898735 -0.035322 -0.010429 -0.017069 0.999176
1624182123.713796 4.483198 -54.880786 -13.899634 -0.028989 -0.009841 -0.017180 0.999384
1624182123.813423 4.465536 -55.009222 -13.859191 -0.020480 -0.009310 -0.017105 0.999601
1624182123.913033 4.442739 -55.140441 -13.793137 -0.006476 -0.008311 -0.016879 0.999802
1624182124.013015 4.418647 -55.285890 -13.775605 0.006345 -0.008353 -0.016620 0.999807
1624182124.113329 4.403445 -55.425931 -13.835501 0.022575 -0.009293 -0.016235 0.999570
1624182124.213000 4.395306 -55.550413 -13.899809 0.034724 -0.009748 -0.015988 0.999222
1624182124.312833 4.393541 -55.671761 -13.931118 0.042281 -0.010530 -0.015847 0.998925
1624182124.413057 4.389081 -55.779045 -13.936963 0.043833 -0.011481 -0.015839 0.998847
1624182124.512815 4.388685 -55.872454 -14.057660 0.030193 -0.012350 -0.016316 0.999335
1624182124.612922 4.387143 -55.965431 -14.000305 0.019767 -0.011708 -0.016718 0.999596
1624182124.713677 4.365824 -56.034343 -13.808472 -0.002456 -0.009312 -0.017107 0.999807
1624182124.813120 4.337809 -56.109907 -13.711945 -0.018947 -0.009191 -0.017217 0.999630
1624182124.913852 4.311901 -56.193622 -13.653391 -0.028767 -0.009822 -0.017403 0.999386
1624182125.013624 4.301298 -56.283211 -13.673227 -0.031650 -0.009289 -0.017438 0.999304
1624182125.113333 4.294325 -56.378141 -13.721284 -0.025459 -0.010258 -0.017451 0.999471
1624182125.213321 4.290592 -56.484489 -13.750497 -0.014984 -0.009003 -0.017250 0.999698
1624182125.313447 4.281034 -56.593708 -13.819157 -0.000489 -0.009967 -0.017134 0.999803
1624182125.413493 4.261613 -56.697324 -13.959119 0.010867 -0.010179 -0.017001 0.999745
1624182125.513110 4.254461 -56.799099 -14.037403 0.020484 -0.010753 -0.017236 0.999584
1624182125.613182 4.247242 -56.888136 -14.026940 0.019130 -0.010239 -0.017306 0.999615
1624182125.713256 4.241175 -56.964517 -13.906687 0.015677 -0.008434 -0.017627 0.999686
1624182125.813690 4.237974 -57.042799 -13.778766 0.011450 -0.007519 -0.017593 0.999751
1624182125.913637 4.227471 -57.119483 -13.733510 0.008045 -0.008297 -0.017798 0.999775
1624182126.013437 4.212541 -57.194912 -13.745058 0.009277 -0.008337 -0.017849 0.999763
1624182126.113420 4.195244 -57.268795 -13.783518 0.005390 -0.009500 -0.017978 0.999779
1624182126.213473 4.190455 -57.338601 -13.860762 0.002236 -0.010240 -0.018113 0.999781
1624182126.313679 4.192822 -57.399524 -13.883762 -0.002529 -0.010036 -0.018273 0.999779
1624182126.413674 4.183822 -57.454654 -13.822146 -0.007357 -0.008395 -0.018377 0.999769
1624182126.513242 4.167755 -57.522249 -13.800624 -0.013335 -0.007513 -0.018524 0.999711
1624182126.613397 4.146417 -57.593172 -13.811438 -0.015404 -0.007408 -0.018763 0.999678
1624182126.713409 4.128195 -57.662108 -13.827052 -0.015839 -0.006201 -0.018895 0.999677
1624182126.813385 4.120732 -57.739470 -13.884046 -0.021301 -0.007012 -0.019123 0.999566
1624182126.913631 4.117773 -57.803221 -13.853370 -0.024626 -0.007528 -0.019440 0.999479
1624182127.013514 4.102172 -57.872658 -13.819680 -0.028070 -0.007994 -0.019465 0.999384
1624182127.113572 4.085252 -57.956335 -13.808971 -0.027087 -0.009740 -0.019313 0.999399
1624182127.213772 4.070302 -58.053143 -13.838532 -0.029047 -0.010289 -0.019382 0.999337
1624182127.313544 4.053783 -58.137469 -13.803427 -0.026454 -0.009729 -0.019584 0.999411
1624182127.413652 4.042645 -58.225404 -13.797921 -0.029483 -0.010400 -0.019596 0.999319
1624182127.513648 4.025822 -58.325762 -13.824470 -0.026969 -0.010509 -0.019749 0.999386
1624182127.613630 4.006361 -58.426377 -13.794576 -0.026800 -0.010351 -0.019821 0.999391
1624182127.713632 3.983896 -58.536109 -13.811775 -0.026217 -0.011830 -0.019839 0.999389
1624182127.813611 3.961217 -58.645558 -13.795164 -0.021866 -0.012680 -0.019796 0.999484
1624182127.913658 3.955202 -58.756533 -13.777547 -0.019821 -0.013178 -0.019980 0.999517
1624182128.013707 3.951784 -58.875689 -13.812403 -0.018958 -0.014191 -0.020038 0.999519
1624182128.113669 3.938969 -58.995498 -13.795094 -0.016798 -0.014606 -0.019976 0.999553
1624182128.213678 3.915727 -59.109681 -13.754626 -0.018576 -0.014053 -0.020091 0.999527
1624182128.313643 3.899001 -59.225943 -13.706922 -0.015088 -0.013818 -0.020178 0.999587
1624182128.413656 3.888756 -59.344983 -13.668804 -0.008928 -0.013412 -0.020273 0.999665
1624182128.513672 3.882481 -59.476024 -13.692127 -0.000207 -0.012607 -0.020259 0.999715
1624182128.613714 3.878705 -59.599277 -13.745957 0.007177 -0.012577 -0.020300 0.999689
1624182128.713682 3.864993 -59.718346 -13.780699 0.012662 -0.013196 -0.020285 0.999627
1624182128.813631 3.850476 -59.834374 -13.753974 0.015887 -0.012398 -0.020307 0.999591
1624182128.913513 3.839641 -59.941204 -13.713492 0.015864 -0.012751 -0.020300 0.999587
1624182129.013749 3.828013 -60.041897 -13.687256 0.015010 -0.012809 -0.020472 0.999596
1624182129.113589 3.821124 -60.141042 -13.674362 0.015461 -0.012862 -0.020645 0.999585
1624182129.213828 3.817059 -60.236250 -13.661420 0.016145 -0.012353 -0.020568 0.999582
1624182129.313868 3.800978 -60.326667 -13.625361 0.020239 -0.012857 -0.020530 0.999502
1624182129.413528 3.791674 -60.411504 -13.662670 0.023533 -0.014389 -0.020578 0.999408
1624182129.513680 3.791268 -60.492981 -13.702237 0.031787 -0.015692 -0.020622 0.999159
1624182129.613862 3.797039 -60.566225 -13.727000 0.035360 -0.016119 -0.020858 0.999027
1624182129.713891 3.794150 -60.634780 -13.702330 0.038000 -0.016738 -0.021038 0.998916
1624182129.813633 3.784531 -60.697639 -13.639054 0.038633 -0.015049 -0.021041 0.998919
1624182129.913561 3.779777 -60.750639 -13.596048 0.036780 -0.013640 -0.021170 0.999006
1624182130.013579 3.775629 -60.785887 -13.557897 0.035518 -0.011651 -0.021060 0.999079
1624182130.113481 3.776711 -60.818204 -13.500349 0.031793 -0.010159 -0.021091 0.999220
1624182130.213483 3.770076 -60.846942 -13.457231 0.027510 -0.009258 -0.021284 0.999352
1624182130.313529 3.766140 -60.870379 -13.394697 0.023408 -0.007821 -0.021272 0.999469
1624182130.413589 3.767385 -60.886525 -13.319752 0.019522 -0.006947 -0.021258 0.999559
1624182130.513688 3.765971 -60.897695 -13.260629 0.016053 -0.008614 -0.021279 0.999608
1624182130.613835 3.766648 -60.907970 -13.184150 0.014190 -0.007840 -0.021400 0.999640
1624182130.713657 3.763253 -60.913612 -13.111318 0.012442 -0.008502 -0.021606 0.999653
1624182130.813632 3.758509 -60.915556 -13.036357 0.014382 -0.008758 -0.021805 0.999620
1624182130.913566 3.749413 -60.915579 -12.967432 0.015338 -0.011131 -0.021797 0.999583
1624182131.013770 3.740886 -60.913396 -12.883794 0.015255 -0.011946 -0.022181 0.999566
1624182131.113779 3.739075 -60.911422 -12.779242 0.013999 -0.013453 -0.022475 0.999559
1624182131.213597 3.738836 -60.897776 -12.643956 0.014198 -0.013074 -0.022752 0.999555
1624182131.313693 3.740850 -60.883713 -12.512016 0.012181 -0.013530 -0.022735 0.999576
1624182131.413719 3.740635 -60.873919 -12.442700 0.011770 -0.011805 -0.022829 0.999600
1624182131.513343 3.741707 -60.857884 -12.343790 0.010442 -0.011230 -0.022952 0.999619
1624182131.613825 3.741548 -60.838298 -12.219575 0.009755 -0.012006 -0.022926 0.999617
1624182131.713584 3.735827 -60.817560 -12.087384 0.008603 -0.010474 -0.022630 0.999652
1624182131.813821 3.743274 -60.795624 -11.982390 0.006283 -0.011949 -0.022430 0.999657
1624182131.913722 3.751113 -60.771517 -11.849323 0.007263 -0.010065 -0.022059 0.999680
1624182132.013699 3.754852 -60.748651 -11.743874 0.004746 -0.010980 -0.021717 0.999693
1624182132.113793 3.752600 -60.728228 -11.625120 0.002164 -0.009773 -0.021561 0.999717
1624182132.213625 3.751540 -60.698102 -11.489020 0.001563 -0.011058 -0.021375 0.999709
1624182132.313997 3.755397 -60.663635 -11.341844 0.000132 -0.012119 -0.021357 0.999698
1624182132.414574 3.760257 -60.637594 -11.227849 -0.002697 -0.012128 -0.021489 0.999692
1624182132.513690 3.761046 -60.612474 -11.106170 -0.000952 -0.012058 -0.021522 0.999695
1624182132.613585 3.765240 -60.592035 -11.002549 -0.002439 -0.011284 -0.021484 0.999703
1624182132.713578 3.763649 -60.566255 -10.895844 -0.002206 -0.007792 -0.021634 0.999733
1624182132.813219 3.765706 -60.538850 -10.805021 -0.004417 -0.006167 -0.022057 0.999728
1624182132.913453 3.767985 -60.506169 -10.675550 -0.004955 -0.003257 -0.022353 0.999733
1624182133.013561 3.772511 -60.481961 -10.537128 -0.007021 -0.004546 -0.022462 0.999713
1624182133.113381 3.773805 -60.463829 -10.462322 -0.007872 -0.006410 -0.022880 0.999687
1624182133.213433 3.771421 -60.438941 -10.254897 -0.009270 -0.011291 -0.023144 0.999625
1624182133.313607 3.767267 -60.412556 -10.080964 -0.010120 -0.013232 -0.023613 0.999582
1624182133.413371 3.767968 -60.387427 -9.953494 -0.010049 -0.014077 -0.023718 0.999569
1624182133.513288 3.774063 -60.368198 -9.879911 -0.010322 -0.013414 -0.023523 0.999580
1624182133.613272 3.778302 -60.350364 -9.812040 -0.009525 -0.013143 -0.023233 0.999598
1624182133.713232 3.777993 -60.338828 -9.720278 -0.010260 -0.013134 -0.023235 0.999591
1624182133.813293 3.780703 -60.326121 -9.645597 -0.007627 -0.011471 -0.022956 0.999642
1624182133.913400 3.791789 -60.311906 -9.620586 -0.006788 -0.013922 -0.023080 0.999614
1624182134.013417 3.801394 -60.295397 -9.554249 -0.004377 -0.013954 -0.023704 0.999612
1624182134.113228 3.823256 -60.284450 -9.473830 -0.001913 -0.014550 -0.024186 0.999600
1624182134.213271 3.816218 -60.268978 -9.405009 0.004012 -0.014828 -0.026893 0.999520
1624182134.313119 3.819027 -60.251550 -9.352930 0.008405 -0.015582 -0.026953 0.999480
1624182134.413439 3.833230 -60.238914 -9.250692 0.012746 -0.014689 -0.027203 0.999441
1624182134.513176 3.852574 -60.224214 -9.121711 0.012666 -0.013151 -0.027356 0.999459
1624182134.612777 3.868095 -60.206150 -8.909086 0.011985 -0.009631 -0.027486 0.999504
1624182134.713177 3.878148 -60.178297 -8.701297 0.009383 -0.005188 -0.027632 0.999561
1624182134.812829 3.886167 -60.150810 -8.510131 0.006891 -0.003345 -0.027834 0.999583
1624182134.913190 3.896298 -60.123153 -8.400453 0.004660 -0.001138 -0.028033 0.999595
1624182135.013475 3.901667 -60.092145 -8.295757 0.001940 -0.001819 -0.028095 0.999602
1624182135.113520 3.904174 -60.061454 -8.190475 -0.000576 -0.001719 -0.028135 0.999602
1624182135.213474 3.904259 -60.028269 -8.022971 -0.004106 -0.002399 -0.028294 0.999588
1624182135.313688 3.915861 -59.993728 -7.985174 -0.011807 -0.006174 -0.028366 0.999509
1624182135.413755 3.912752 -59.964676 -7.878434 -0.018531 -0.006759 -0.028632 0.999395
1624182135.513758 3.902703 -59.937711 -7.728287 -0.030410 -0.008304 -0.028634 0.999093
1624182135.612792 3.897198 -59.913596 -7.601176 -0.036789 -0.010146 -0.028545 0.998864
1624182135.712121 3.899826 -59.903002 -7.567460 -0.037700 -0.012625 -0.028304 0.998808
1624182135.813165 3.906426 -59.910845 -7.609908 -0.033228 -0.014501 -0.028738 0.998929
1624182135.913442 3.910537 -59.921545 -7.712996 -0.028153 -0.016414 -0.030253 0.999011
1624182136.013411 3.930429 -59.955459 -7.755346 -0.018989 -0.016013 -0.034360 0.999101
1624182136.113505 3.996022 -60.031074 -7.720316 -0.012159 -0.014093 -0.044365 0.998842
1624182136.213954 4.072583 -60.110503 -7.681464 -0.003381 -0.011132 -0.066770 0.997701
1624182136.314211 4.118260 -60.172788 -7.609754 0.006096 -0.005937 -0.106403 0.994287
1624182136.413953 4.022139 -60.109589 -7.686086 0.012534 -0.005867 -0.160688 0.986908
1624182136.513647 3.901387 -60.058171 -7.746898 0.017615 -0.004150 -0.224374 0.974335
1624182136.611327 3.821266 -60.074260 -7.757450 0.019570 -0.005490 -0.287382 0.957600
1624182136.708999 3.831477 -60.153249 -7.678784 0.019577 -0.007483 -0.347738 0.937357
1624182136.812284 3.883071 -60.224629 -7.601599 0.018863 -0.008982 -0.408364 0.912580
1624182136.910373 3.901362 -60.229180 -7.581021 0.015325 -0.008236 -0.464814 0.885237
1624182137.008664 3.851270 -60.189931 -7.553668 0.013314 -0.008266 -0.518600 0.854874
1624182137.107008 3.791011 -60.166455 -7.547324 0.011287 -0.007101 -0.563531 0.825987
1624182137.205316 3.688760 -60.094004 -7.501795 0.004467 -0.008679 -0.594156 0.804291
1624182137.304257 3.604600 -60.069365 -7.531157 0.002174 -0.012923 -0.619966 0.784519
1624182137.403730 3.663858 -60.161038 -7.528965 -0.004610 -0.021218 -0.629168 0.776966
1624182137.504034 3.765691 -60.244585 -7.574212 -0.010967 -0.030422 -0.635651 0.771299
1624182137.604443 3.859741 -60.281268 -7.612483 -0.017343 -0.040429 -0.636980 0.769624
1624182137.705061 3.886752 -60.270727 -7.625765 -0.020134 -0.045791 -0.637657 0.768694
1624182137.805164 3.861659 -60.268635 -7.607555 -0.020582 -0.047081 -0.638678 0.767757
1624182137.905135 3.828447 -60.297956 -7.588635 -0.018820 -0.044126 -0.642801 0.764530
1624182138.004822 3.818261 -60.358152 -7.559581 -0.015831 -0.039371 -0.650589 0.758243
1624182138.104069 3.832435 -60.418101 -7.529611 -0.011497 -0.034235 -0.660753 0.749734
1624182138.203350 3.854051 -60.441251 -7.564072 -0.008629 -0.029046 -0.672849 0.739159
1624182138.302369 3.875052 -60.473832 -7.576125 -0.006122 -0.024274 -0.687646 0.725614
1624182138.401670 3.874049 -60.522425 -7.566506 -0.003898 -0.020548 -0.701957 0.711912
1624182138.501033 3.855307 -60.591199 -7.548479 -0.001977 -0.018231 -0.717034 0.696797
1624182138.600303 3.839859 -60.663088 -7.583917 -0.000699 -0.016131 -0.732108 0.680997
1624182138.691518 3.831791 -60.725608 -7.599379 -0.000801 -0.015214 -0.746633 0.665061
1624182138.791007 3.835666 -60.778410 -7.591838 0.000487 -0.012992 -0.760444 0.649273
1624182138.891416 3.840753 -60.825349 -7.560191 0.002525 -0.011890 -0.772316 0.635123
1624182138.990804 3.821590 -60.834915 -7.554852 0.002653 -0.010499 -0.779745 0.626003
1624182139.091204 3.813068 -60.897195 -7.572377 0.005528 -0.009365 -0.785302 0.619017
1624182139.191086 3.821173 -61.004459 -7.596310 0.007923 -0.006226 -0.784501 0.620046
1624182139.291416 3.823193 -61.078777 -7.597773 0.010181 -0.004509 -0.781281 0.624080
1624182139.399630 3.836100 -61.152862 -7.604288 0.011667 -0.002704 -0.776048 0.630561
1624182139.500563 3.864568 -61.239637 -7.606302 0.014535 -0.003083 -0.770414 0.637371
1624182139.601148 3.899234 -61.316885 -7.622410 0.014046 -0.002176 -0.764644 0.644297
1624182139.701453 3.896535 -61.346129 -7.627020 0.015257 -0.001892 -0.763079 0.646122
1624182139.813120 3.874072 -61.354341 -7.605644 0.014633 -0.003647 -0.762584 0.646714
1624182139.901554 3.846336 -61.387470 -7.619587 0.012794 -0.006492 -0.762721 0.646568
1624182140.001596 3.837166 -61.446556 -7.635635 0.010119 -0.010054 -0.763028 0.646209
1624182140.101528 3.849280 -61.510968 -7.626944 0.007751 -0.012066 -0.763254 0.645939
1624182140.201526 3.866239 -61.561320 -7.578623 0.006174 -0.013696 -0.763243 0.645937
1624182140.300702 3.872430 -61.601441 -7.510429 0.004652 -0.014497 -0.763177 0.646010
1624182140.399484 3.863250 -61.642399 -7.450262 0.003094 -0.015025 -0.763239 0.645934
1624182140.499733 3.851046 -61.681257 -7.368914 0.002817 -0.015329 -0.763220 0.645951
1624182140.591001 3.840471 -61.728204 -7.297905 0.001039 -0.014665 -0.763246 0.645940
1624182140.691833 3.836270 -61.778218 -7.214760 0.001188 -0.013323 -0.763104 0.646137
1624182140.791066 3.834453 -61.828191 -7.104457 0.000546 -0.012863 -0.763042 0.646221
1624182140.891268 3.833335 -61.879456 -7.003616 0.000605 -0.011393 -0.763051 0.646238
1624182140.991025 3.824762 -61.929221 -6.917103 0.001719 -0.012187 -0.762996 0.646286
1624182141.091235 3.809939 -61.977318 -6.875206 0.001582 -0.011539 -0.762892 0.646421
1624182141.191801 3.795847 -62.026689 -6.822754 0.003224 -0.012698 -0.762829 0.646468
1624182141.291265 3.783204 -62.078218 -6.784082 0.004842 -0.014076 -0.762818 0.646442
1624182141.413328 3.771605 -62.126655 -6.761671 0.005213 -0.012842 -0.762148 0.647255
1624182141.491206 3.755778 -62.165379 -6.710833 0.006261 -0.012552 -0.760656 0.649003
1624182141.591356 3.748940 -62.218603 -6.638892 0.007274 -0.012826 -0.757902 0.652202
1624182141.691351 3.741632 -62.278092 -6.565836 0.007705 -0.012496 -0.753098 0.657745
1624182141.791391 3.741363 -62.362994 -6.529882 0.009124 -0.011556 -0.749900 0.661388
1624182141.891977 3.753384 -62.445175 -6.503508 0.007959 -0.010944 -0.745890 0.665931
1624182141.992223 3.751507 -62.481391 -6.479434 0.008893 -0.011103 -0.745060 0.666846
1624182142.091529 3.731817 -62.492537 -6.440454 0.007510 -0.012759 -0.745104 0.666784
1624182142.191638 3.700617 -62.524790 -6.367610 0.006936 -0.014199 -0.745140 0.666721
1624182142.291552 3.681629 -62.584736 -6.327801 0.004649 -0.015398 -0.745631 0.666165
1624182142.391490 3.675906 -62.656754 -6.266034 0.002909 -0.017702 -0.745655 0.666090
1624182142.499453 3.684704 -62.716391 -6.215168 0.000093 -0.018247 -0.745724 0.666005
1624182142.599437 3.686970 -62.762937 -6.180362 -0.002144 -0.020125 -0.745874 0.665780
1624182142.699683 3.678080 -62.807335 -6.149321 -0.003553 -0.023618 -0.745685 0.665871
1624182142.799952 3.662249 -62.867197 -6.153831 -0.004027 -0.023410 -0.745603 0.665967
1624182142.899989 3.641660 -62.938075 -6.138221 -0.002283 -0.021427 -0.745801 0.665821
1624182143.000210 3.626947 -63.009238 -6.084509 0.000136 -0.018009 -0.745805 0.665921
1624182143.112177 3.619639 -63.072991 -6.054006 0.002178 -0.014802 -0.745764 0.666042
1624182143.200389 3.617642 -63.135908 -6.049013 0.003614 -0.013904 -0.745743 0.666079
1624182143.300558 3.610396 -63.208063 -6.070030 0.001935 -0.014335 -0.745694 0.666131
1624182143.400745 3.599058 -63.279117 -6.077459 0.000745 -0.015296 -0.745555 0.666268
1624182143.500912 3.590027 -63.347609 -6.100178 0.002496 -0.015361 -0.745649 0.666157
1624182143.601122 3.574920 -63.419873 -6.068481 0.000137 -0.014977 -0.745569 0.666261
1624182143.701351 3.554806 -63.490547 -6.045676 0.003201 -0.012419 -0.745391 0.666504
1624182143.801316 3.535006 -63.564416 -6.042332 0.005179 -0.010135 -0.745396 0.666525
1624182143.901505 3.520558 -63.635325 -6.056773 0.006958 -0.008075 -0.744033 0.668058
1624182144.001629 3.500472 -63.691979 -6.054598 0.009935 -0.006552 -0.742785 0.669424
1624182144.102011 3.480729 -63.752928 -6.059364 0.010442 -0.005524 -0.738362 0.674302
1624182144.202425 3.489323 -63.861449 -6.025826 0.013636 -0.004708 -0.734676 0.678265
1624182144.302969 3.485830 -63.956579 -6.031982 0.014248 -0.004220 -0.732024 0.681117
1624182144.403212 3.476264 -64.010480 -6.032271 0.015788 -0.004812 -0.730244 0.682988
1624182144.503358 3.455379 -64.034167 -6.024368 0.017743 -0.004918 -0.729642 0.683582
1624182144.603303 3.430851 -64.071379 -6.027096 0.020299 -0.004688 -0.729520 0.683642
1624182144.703424 3.403127 -64.133286 -6.049861 0.021244 -0.002177 -0.729724 0.683408
1624182144.803396 3.383011 -64.204576 -6.066371 0.023496 -0.001531 -0.729814 0.683240
1624182144.903534 3.365663 -64.260136 -6.046972 0.022171 -0.001272 -0.729808 0.683291
1624182145.003572 3.363665 -64.296379 -6.064648 0.024814 -0.000431 -0.729788 0.683223
1624182145.103791 3.358910 -64.326291 -6.089945 0.023413 -0.000316 -0.729853 0.683203
1624182145.203822 3.349634 -64.361197 -6.106220 0.024636 0.000074 -0.729777 0.683242
1624182145.303954 3.335328 -64.400935 -6.099632 0.024830 -0.000382 -0.729716 0.683299
1624182145.403992 3.313128 -64.432715 -6.116861 0.022736 -0.002018 -0.729744 0.683339
1624182145.504175 3.306321 -64.455586 -6.140324 0.019915 -0.005545 -0.729824 0.683322
1624182145.604241 3.312175 -64.472448 -6.155736 0.015730 -0.009148 -0.730023 0.683181
1624182145.704438 3.311099 -64.491609 -6.163975 0.012326 -0.012119 -0.730105 0.683117
1624182145.804435 3.310574 -64.515666 -6.185360 0.010207 -0.013499 -0.730372 0.682840
1624182145.904613 3.302787 -64.537948 -6.189420 0.008243 -0.013808 -0.730532 0.682689
1624182146.004616 3.292400 -64.553208 -6.156619 0.006923 -0.014590 -0.730488 0.682734
1624182146.104606 3.282536 -64.570739 -6.140835 0.001539 -0.019205 -0.730490 0.682652
1624182146.204739 3.288366 -64.597608 -6.193146 -0.002899 -0.024777 -0.730622 0.682326
1624182146.304895 3.296807 -64.629621 -6.223603 -0.009247 -0.032271 -0.730407 0.682187
1624182146.405069 3.297648 -64.665610 -6.272890 -0.012170 -0.033343 -0.730467 0.682024
1624182146.505118 3.290984 -64.701334 -6.223638 -0.010813 -0.033898 -0.730261 0.682241
1624182146.605205 3.274394 -64.746769 -6.161458 -0.007112 -0.028926 -0.730432 0.682335
1624182146.705456 3.261615 -64.795677 -6.088145 -0.003853 -0.025271 -0.730256 0.682695
1624182146.805437 3.260378 -64.846324 -6.060753 -0.002229 -0.022848 -0.730476 0.682552
1624182146.905563 3.262500 -64.899329 -6.014180 -0.003173 -0.022324 -0.730467 0.682576
1624182147.005559 3.264313 -64.949207 -5.929726 -0.001413 -0.021188 -0.730705 0.682363
1624182147.105681 3.252143 -65.001312 -5.807932 -0.004486 -0.022526 -0.730594 0.682425
1624182147.205836 3.248067 -65.066705 -5.732054 -0.004109 -0.024083 -0.730661 0.682303
1624182147.306084 3.245467 -65.136990 -5.666987 -0.009777 -0.028959 -0.730445 0.682287
1624182147.406241 3.250798 -65.208528 -5.636841 -0.012498 -0.033240 -0.730434 0.682060
1624182147.506606 3.261459 -65.281100 -5.622878 -0.015067 -0.035689 -0.730528 0.681783
1624182147.606885 3.252670 -65.353564 -5.526769 -0.016858 -0.039142 -0.730305 0.681791
1624182147.707104 3.234441 -65.444015 -5.458136 -0.014655 -0.038501 -0.730195 0.681996
1624182147.807322 3.222681 -65.551121 -5.444630 -0.015115 -0.038923 -0.730130 0.682032
1624182147.907712 3.225702 -65.662110 -5.438551 -0.013006 -0.041566 -0.729900 0.682165
1624182148.007914 3.236524 -65.768837 -5.394384 -0.013332 -0.043294 -0.729831 0.682125
1624182148.108099 3.243395 -65.876985 -5.314735 -0.004681 -0.044407 -0.729773 0.682230
1624182148.208255 3.245256 -65.998583 -5.288992 0.002617 -0.041233 -0.729959 0.682241
1624182148.308431 3.235275 -66.135254 -5.312546 0.009859 -0.042839 -0.729580 0.682481
1624182148.408586 3.235241 -66.268517 -5.287780 0.017728 -0.043170 -0.729444 0.682447
1624182148.508914 3.263063 -66.404057 -5.256564 0.018929 -0.038063 -0.729619 0.682531
1624182148.609130 3.296155 -66.536724 -5.165789 0.024005 -0.032748 -0.729524 0.682749
1624182148.709348 3.312735 -66.673354 -5.122318 0.025727 -0.022238 -0.729489 0.683147
1624182148.809574 3.336968 -66.806004 -5.055869 0.029858 -0.013528 -0.729455 0.683243
1624182148.909739 3.371857 -66.931944 -5.030823 0.026116 -0.006556 -0.729718 0.683218
1624182149.009977 3.412375 -67.051870 -4.999204 0.023976 -0.005040 -0.729740 0.683286
1624182149.110424 3.457417 -67.170312 -5.001801 0.022566 -0.003549 -0.729837 0.683240
1624182149.210629 3.493564 -67.290444 -4.946036 0.016764 -0.005590 -0.730011 0.683207
1624182149.310764 3.518840 -67.402925 -4.895465 0.013151 -0.005138 -0.729923 0.683383
1624182149.410928 3.543391 -67.510303 -4.807933 0.007795 -0.010376 -0.729886 0.683445
1624182149.511112 3.574370 -67.615714 -4.758527 -0.001478 -0.019068 -0.729906 0.683280
1624182149.611523 3.621912 -67.727004 -4.791685 -0.012565 -0.029613 -0.729899 0.682798
1624182149.711858 3.677567 -67.839427 -4.755758 -0.022913 -0.038104 -0.729723 0.682296
1624182149.812046 3.713236 -67.955933 -4.652299 -0.029064 -0.040849 -0.729529 0.682110
1624182149.912274 3.731610 -68.086190 -4.566941 -0.032290 -0.041357 -0.729403 0.682069
1624182150.012527 3.749115 -68.227569 -4.540397 -0.032137 -0.042432 -0.729283 0.682138
1624182150.112766 3.769648 -68.380107 -4.535418 -0.035263 -0.045354 -0.728989 0.682111
1624182150.212964 3.800594 -68.538557 -4.589474 -0.030168 -0.044969 -0.728987 0.682383
1624182150.313310 3.827998 -68.704051 -4.559410 -0.031291 -0.044525 -0.728974 0.682375
1624182150.413254 3.840008 -68.869671 -4.477434 -0.024126 -0.038531 -0.729142 0.682851
1624182150.491368 3.848608 -69.045500 -4.407769 -0.017167 -0.033367 -0.729429 0.683027
1624182150.591364 3.863743 -69.240649 -4.413049 -0.009100 -0.026101 -0.729779 0.683124
1624182150.691388 3.883449 -69.433532 -4.454121 -0.001799 -0.018088 -0.729954 0.683255
1624182150.814096 3.885309 -69.614364 -4.437980 0.001901 -0.011276 -0.729877 0.683483
1624182150.891366 3.896632 -69.794223 -4.357193 0.008561 -0.004372 -0.729786 0.683608
1624182150.991331 3.912429 -69.983281 -4.311724 0.019488 0.004526 -0.729675 0.683501
1624182151.091738 3.923298 -70.160527 -4.271273 0.024557 0.007855 -0.729501 0.683494
1624182151.214548 3.924423 -70.327424 -4.362228 0.026345 0.010491 -0.729329 0.683576
1624182151.314964 3.933488 -70.490686 -4.359891 0.027629 0.007697 -0.729281 0.683613
1624182151.414972 3.943864 -70.643817 -4.340699 0.025931 0.006240 -0.729327 0.683645
1624182151.491517 3.958442 -70.786670 -4.330289 0.026193 0.005515 -0.729291 0.683680
1624182151.591546 3.971849 -70.928722 -4.316447 0.030639 0.008923 -0.728878 0.683899
1624182151.691711 3.972399 -71.069114 -4.219478 0.034010 0.010007 -0.728554 0.684070
1624182151.791701 3.975302 -71.201308 -4.221665 0.039139 0.015796 -0.728086 0.684185
1624182151.891692 3.979360 -71.318390 -4.273253 0.040937 0.014382 -0.728016 0.684185
1624182151.991662 3.990875 -71.424914 -4.251937 0.042638 0.010524 -0.728010 0.684158
1624182152.091269 3.999707 -71.523148 -4.195504 0.040140 0.005572 -0.728140 0.684229
1624182152.191481 4.012444 -71.619772 -4.204472 0.036725 0.003025 -0.728285 0.684283
1624182152.291499 4.023052 -71.713370 -4.160651 0.032907 0.001322 -0.728580 0.684169
1624182152.391324 4.044520 -71.793620 -4.078978 0.028726 0.004520 -0.728722 0.684192
1624182152.491720 4.064403 -71.860338 -3.994358 0.025650 0.006471 -0.728732 0.684287
1624182152.591352 4.079218 -71.927256 -3.963353 0.022814 0.007482 -0.728744 0.684365
1624182152.691709 4.090904 -71.999029 -3.956807 0.017584 0.004357 -0.728853 0.684430
1624182152.800202 4.101488 -72.069039 -3.933299 0.010663 -0.000205 -0.728889 0.684549
1624182152.900529 4.116305 -72.129743 -3.878367 0.006988 -0.005163 -0.728906 0.684558
1624182153.000556 4.122926 -72.182149 -3.794407 0.002758 -0.009809 -0.728905 0.684539
1624182153.100541 4.121097 -72.235925 -3.730558 0.003999 -0.010386 -0.728963 0.684463
1624182153.200449 4.119836 -72.298663 -3.719371 0.004040 -0.012472 -0.728780 0.684622
1624182153.300223 4.119691 -72.363273 -3.732151 0.002334 -0.014889 -0.728632 0.684739
1624182153.400588 4.122365 -72.423105 -3.724795 -0.005967 -0.020849 -0.728634 0.684560
1624182153.500846 4.134638 -72.483034 -3.691888 -0.011720 -0.029385 -0.728598 0.684210
1624182153.600849 4.140496 -72.549810 -3.658801 -0.020883 -0.041100 -0.728095 0.683924
1624182153.700856 4.137767 -72.634573 -3.686178 -0.022187 -0.045340 -0.728123 0.683585
1624182153.801050 4.131271 -72.719043 -3.658073 -0.013880 -0.044869 -0.728168 0.683788
1624182153.900627 4.121250 -72.802612 -3.585581 -0.004091 -0.036322 -0.728448 0.684126
1624182154.000477 4.110876 -72.896565 -3.583931 0.013288 -0.027522 -0.728228 0.684653
1624182154.100117 4.101428 -72.989262 -3.516987 0.026970 -0.022151 -0.727732 0.684973
1624182154.200123 4.105860 -73.088971 -3.471531 0.032495 -0.017161 -0.727688 0.684923
1624182154.300066 4.117533 -73.182040 -3.453774 0.038336 -0.017412 -0.727611 0.684697
1624182154.400087 4.135339 -73.265799 -3.446887 0.034897 -0.014041 -0.727622 0.684946
1624182154.500090 4.153557 -73.345325 -3.405566 0.038004 -0.011066 -0.727541 0.684921
1624182154.600256 4.173287 -73.421699 -3.329017 0.035065 -0.002520 -0.727793 0.684895
1624182154.700224 4.196431 -73.489571 -3.239008 0.034203 0.004965 -0.727942 0.684767
1624182154.800413 4.223000 -73.554782 -3.212235 0.033704 0.011821 -0.728083 0.684558
1624182154.900382 4.245076 -73.612475 -3.204726 0.032220 0.012501 -0.728207 0.684486
1624182155.000394 4.262556 -73.656984 -3.208516 0.028221 0.010221 -0.728473 0.684416
1624182155.100428 4.275799 -73.695912 -3.212846 0.021783 0.004724 -0.728846 0.684315
1624182155.200620 4.300808 -73.732961 -3.178073 0.015296 0.001813 -0.729343 0.683975
1624182155.300823 4.332373 -73.764356 -3.097702 0.006965 0.000534 -0.729679 0.683754
1624182155.400990 4.359251 -73.793306 -3.030034 0.006142 0.001152 -0.729957 0.683464
1624182155.491777 4.370951 -73.824351 -3.036938 0.000784 0.001059 -0.730073 0.683368
1624182155.600225 4.368831 -73.855219 -3.131771 -0.009047 -0.000808 -0.729915 0.683477
1624182155.691812 4.377098 -73.870301 -3.042987 -0.013324 -0.007930 -0.729618 0.683680
1624182155.799853 4.390540 -73.889184 -2.916591 -0.029288 -0.021580 -0.729143 0.683394
1624182155.899848 4.394725 -73.926574 -2.921124 -0.043816 -0.035127 -0.728747 0.682476
1624182156.001408 4.389921 -73.979874 -2.970757 -0.058079 -0.059694 -0.727323 0.681223
1624182156.100394 4.383042 -74.033447 -2.954415 -0.067126 -0.075942 -0.726242 0.679926
1624182156.201494 4.370739 -74.095949 -2.878865 -0.071261 -0.085631 -0.725251 0.679411
1624182156.300909 4.350965 -74.194948 -2.822917 -0.069582 -0.088412 -0.725082 0.679410
1624182156.400369 4.332007 -74.321287 -2.793814 -0.062083 -0.085709 -0.725438 0.680103
1624182156.501706 4.313568 -74.462052 -2.772071 -0.053753 -0.082321 -0.725516 0.681147
1624182156.601954 4.296765 -74.618806 -2.735797 -0.040325 -0.074574 -0.726291 0.682139
1624182156.701775 4.286127 -74.811129 -2.785337 -0.024889 -0.059129 -0.727455 0.683150
1624182156.801519 4.279284 -74.992554 -2.749289 -0.010476 -0.045536 -0.728135 0.683839
1624182156.901538 4.270144 -75.168264 -2.696074 0.001892 -0.029908 -0.728564 0.684322
1624182157.001372 4.258736 -75.345496 -2.670109 0.011024 -0.018102 -0.728598 0.684613
1624182157.101398 4.247299 -75.538306 -2.682171 0.017869 -0.008331 -0.728470 0.684794
1624182157.200776 4.239593 -75.723904 -2.711043 0.025903 -0.001274 -0.728361 0.684703
1624182157.301361 4.236843 -75.892328 -2.760506 0.034391 0.007204 -0.727922 0.684759
1624182157.401136 4.234480 -76.051704 -2.714234 0.033598 0.009304 -0.728153 0.684528
1624182157.501137 4.230842 -76.209374 -2.679194 0.041616 0.014694 -0.727988 0.684168
1624182157.601369 4.227186 -76.356523 -2.705993 0.043428 0.014496 -0.727845 0.684211
1624182157.701334 4.233093 -76.496514 -2.758888 0.039513 0.012576 -0.727843 0.684489
1624182157.801165 4.236750 -76.616616 -2.743951 0.039055 0.011176 -0.727864 0.684517
1624182157.900993 4.240694 -76.726722 -2.715473 0.037564 0.011230 -0.728035 0.684418
1624182158.001146 4.242464 -76.832293 -2.696103 0.033337 0.009665 -0.728038 0.684657
1624182158.101162 4.247396 -76.931534 -2.672306 0.032648 0.006996 -0.728145 0.684609
1624182158.201746 4.259065 -77.024474 -2.638814 0.031089 0.007866 -0.728070 0.684752
1624182158.300577 4.266758 -77.108019 -2.601232 0.031096 0.010139 -0.728035 0.684760
1624182158.401684 4.269637 -77.189935 -2.573888 0.032798 0.013533 -0.727922 0.684742
1624182158.512253 4.274931 -77.259904 -2.532286 0.029578 0.012227 -0.727956 0.684877
1624182158.601918 4.280985 -77.324536 -2.483738 0.022187 0.007081 -0.728047 0.685131
1624182158.701711 4.287584 -77.380475 -2.460901 0.015554 0.000012 -0.728021 0.685378
1624182158.801860 4.293869 -77.426418 -2.432999 0.005863 -0.009724 -0.727940 0.685546
1624182158.901084 4.304957 -77.477995 -2.405477 -0.000010 -0.018248 -0.727769 0.685579
1624182159.002096 4.314316 -77.529666 -2.353094 -0.007691 -0.025283 -0.727600 0.685492
1624182159.102293 4.316613 -77.589219 -2.300080 -0.013297 -0.029468 -0.727604 0.685235
1624182159.201503 4.321812 -77.652564 -2.268811 -0.013456 -0.030983 -0.727472 0.685305
1624182159.302280 4.332418 -77.715250 -2.224681 -0.014435 -0.031425 -0.727554 0.685178
1624182159.402257 4.340293 -77.786192 -2.184611 -0.018376 -0.033559 -0.727372 0.685176
1624182159.502221 4.343607 -77.862698 -2.156952 -0.023064 -0.040605 -0.727056 0.684988
1624182159.601823 4.346096 -77.947240 -2.176115 -0.029835 -0.049989 -0.726457 0.684742
1624182159.702842 4.354242 -78.039491 -2.168342 -0.037084 -0.061621 -0.725861 0.684071
1624182159.802290 4.357880 -78.139703 -2.159339 -0.040622 -0.062424 -0.725948 0.683705
1624182159.902859 4.363590 -78.267492 -2.163766 -0.039909 -0.061238 -0.726016 0.683782
1624182160.003031 4.371080 -78.413462 -2.171205 -0.035113 -0.055878 -0.726417 0.684079
1624182160.102851 4.377527 -78.560019 -2.187359 -0.028800 -0.047010 -0.726954 0.684469
1624182160.202214 4.381825 -78.713171 -2.205466 -0.020519 -0.039894 -0.727226 0.684931
1624182160.302199 4.379796 -78.883388 -2.236329 -0.011602 -0.030125 -0.727825 0.685003
1624182160.402337 4.388837 -79.053331 -2.244661 0.000132 -0.018318 -0.728159 0.685164
1624182160.501971 4.396253 -79.206658 -2.229251 0.015568 -0.000599 -0.728257 0.685127
1624182160.612531 4.392944 -79.363401 -2.217255 0.032214 0.017932 -0.727855 0.684739
1624182160.712821 4.397457 -79.513439 -2.234461 0.047227 0.033394 -0.727121 0.684068
1624182160.813046 4.403924 -79.659389 -2.262550 0.055631 0.042750 -0.726573 0.683498
1624182160.912894 4.423850 -79.778735 -2.209102 0.046016 0.037626 -0.727453 0.683578
1624182161.012873 4.425785 -79.866136 -2.243815 0.048098 0.032124 -0.727036 0.684159
1624182161.102281 4.420058 -79.940521 -2.246024 0.028952 0.013524 -0.727906 0.684932
1624182161.202419 4.416122 -80.016475 -2.202629 0.014030 -0.001910 -0.728311 0.685101
1624182161.302613 4.427052 -80.097895 -2.151568 -0.004538 -0.020166 -0.728226 0.685025
1624182161.402983 4.438287 -80.192042 -2.182497 -0.018748 -0.035477 -0.727962 0.684442
1624182161.503397 4.440783 -80.283847 -2.156329 -0.029551 -0.048673 -0.727195 0.684065
1624182161.603338 4.445642 -80.363340 -2.082524 -0.040666 -0.058804 -0.726895 0.683017
1624182161.703552 4.449071 -80.465179 -2.084908 -0.038169 -0.058328 -0.726929 0.683166
1624182161.803547 4.452889 -80.581172 -2.086821 -0.030995 -0.058671 -0.726907 0.683523
1624182161.903607 4.452540 -80.717310 -2.111367 -0.023457 -0.055691 -0.726837 0.684146
1624182162.003748 4.455503 -80.862392 -2.124704 -0.010150 -0.050064 -0.726788 0.684959
1624182162.103907 4.461131 -81.013594 -2.101460 0.001310 -0.043260 -0.727048 0.685221
1624182162.203863 4.469859 -81.158406 -2.086695 0.010271 -0.035613 -0.727164 0.685462
1624182162.304043 4.486238 -81.302268 -2.085930 0.020586 -0.028165 -0.726958 0.685795
1624182162.404120 4.509867 -81.451284 -2.083034 0.023486 -0.021146 -0.727112 0.685791
1624182162.504371 4.530522 -81.594621 -2.090810 0.031685 -0.014101 -0.726914 0.685852
1624182162.604609 4.550750 -81.739264 -2.082584 0.033387 -0.008100 -0.726685 0.686111
1624182162.704613 4.579208 -81.886227 -2.114881 0.030035 0.000901 -0.726930 0.686053
1624182162.804768 4.608696 -82.010713 -2.098463 0.034100 0.008818 -0.726416 0.686353
1624182162.904777 4.644427 -82.122944 -2.022964 0.029854 0.017100 -0.726618 0.686180
1624182163.004572 4.671704 -82.236481 -1.988386 0.028144 0.028502 -0.726400 0.686104
1624182163.104550 4.696122 -82.344653 -2.013230 0.027996 0.033310 -0.726067 0.686246
1624182163.204676 4.723376 -82.436470 -2.044450 0.026545 0.035582 -0.725973 0.686289
1624182163.304649 4.756205 -82.513837 -2.022014 0.024835 0.032606 -0.726104 0.686362
1624182163.404842 4.774471 -82.577587 -1.988062 0.023202 0.027552 -0.725988 0.686763
1624182163.505092 4.781087 -82.637799 -2.014327 0.021060 0.021548 -0.726071 0.686959
1624182163.605257 4.791274 -82.690885 -1.994497 0.015338 0.012946 -0.726109 0.687286
1624182163.705502 4.799218 -82.739276 -1.974554 0.010057 0.007603 -0.726200 0.687368
1624182163.805696 4.808524 -82.782399 -2.001293 0.006347 0.001865 -0.726080 0.687578
1624182163.905910 4.821929 -82.808387 -1.973406 -0.001595 -0.004805 -0.726185 0.687480
1624182164.005896 4.830018 -82.838856 -1.934533 -0.008659 -0.009636 -0.725907 0.687671
1624182164.106095 4.829431 -82.880417 -1.951645 -0.014368 -0.018688 -0.725862 0.687436
1624182164.206233 4.824038 -82.926004 -1.954263 -0.023295 -0.028219 -0.725603 0.687140
1624182164.306647 4.819037 -82.971754 -1.978550 -0.026705 -0.034576 -0.725389 0.686951
1624182164.406845 4.815609 -83.014502 -1.946223 -0.032521 -0.041617 -0.725126 0.686588
1624182164.506799 4.812896 -83.074491 -1.917551 -0.038398 -0.045979 -0.725060 0.686076
1624182164.607154 4.797150 -83.157876 -1.967042 -0.031708 -0.043912 -0.725040 0.686574
1624182164.707313 4.796246 -83.256400 -1.939199 -0.040120 -0.047209 -0.724832 0.686134
1624182164.807119 4.799124 -83.357613 -1.934855 -0.035472 -0.041420 -0.725193 0.686383
1624182164.907331 4.786416 -83.444700 -1.965896 -0.031130 -0.037877 -0.725195 0.686796
1624182165.007371 4.765241 -83.530143 -1.966154 -0.027577 -0.033806 -0.725208 0.687146
1624182165.107394 4.744777 -83.667149 -1.953016 -0.026640 -0.025370 -0.725289 0.687461
1624182165.207171 4.731478 -83.836445 -1.957482 -0.017770 -0.015491 -0.727240 0.685979
1624182165.307303 4.728982 -83.973291 -1.937555 -0.015157 -0.008074 -0.728575 0.684751
1624182165.407155 4.702024 -84.064317 -1.952960 -0.015573 0.000168 -0.730966 0.682236
1624182165.507383 4.660624 -84.166759 -1.951930 -0.015266 0.005507 -0.733322 0.679688
1624182165.607922 4.614015 -84.306759 -1.947171 -0.018107 0.008753 -0.733827 0.679039
1624182165.708283 4.574383 -84.443772 -1.950183 -0.020264 0.009947 -0.734210 0.678547
1624182165.808919 4.534442 -84.568284 -1.908003 -0.016456 0.008193 -0.733986 0.678916
1624182165.909312 4.495763 -84.692595 -1.896256 -0.016040 0.003323 -0.733874 0.679088
1624182166.009758 4.446482 -84.824764 -1.959070 -0.012065 0.000974 -0.733744 0.679318
1624182166.110431 4.383321 -84.942243 -1.993431 -0.008703 -0.005157 -0.733600 0.679507
1624182166.210975 4.317696 -85.045070 -1.958797 -0.005683 -0.008065 -0.733371 0.679757
1624182166.311303 4.257637 -85.156447 -1.909101 -0.002987 -0.012277 -0.733279 0.679811
1624182166.411894 4.198470 -85.278190 -1.815134 0.008288 -0.021249 -0.732813 0.680047
1624182166.512072 4.139509 -85.416086 -1.870716 0.013701 -0.030941 -0.732404 0.680029
1624182166.612461 4.088728 -85.542488 -2.024361 0.023222 -0.042081 -0.731768 0.679857
1624182166.712800 4.044542 -85.667269 -2.066560 0.028336 -0.046894 -0.731496 0.679640
1624182166.813029 4.000439 -85.776019 -1.970911 0.024447 -0.041557 -0.731689 0.679931
1624182166.913585 3.957193 -85.887518 -1.888808 0.021736 -0.030337 -0.731894 0.680396
1624182167.014166 3.922633 -86.003204 -1.804090 0.014804 -0.016031 -0.732216 0.680722
1624182167.114450 3.913259 -86.137091 -1.824595 0.013433 -0.000349 -0.732563 0.680567
1624182167.214775 3.906403 -86.257644 -1.887826 0.015896 0.011861 -0.732230 0.680769
1624182167.314843 3.887164 -86.372644 -1.922558 0.018679 0.017992 -0.731991 0.680821
1624182167.412809 3.857835 -86.476066 -1.896736 0.021652 0.021307 -0.731814 0.680827
1624182167.513048 3.823541 -86.561761 -1.865980 0.036149 0.027214 -0.731101 0.680767
1624182167.614890 3.797835 -86.636654 -1.771844 0.030751 0.025563 -0.731228 0.680960
1624182167.714042 3.772757 -86.704327 -1.778744 0.035633 0.020481 -0.731246 0.680875
1624182167.813049 3.739166 -86.768855 -1.796065 0.041287 0.002472 -0.730953 0.681173
1624182167.912983 3.705620 -86.818508 -1.836903 0.028890 -0.019251 -0.730770 0.681741
1624182168.014718 3.691403 -86.862696 -1.870882 0.030227 -0.043201 -0.729886 0.681532
1624182168.114749 3.676209 -86.907700 -1.795932 0.039388 -0.058867 -0.728944 0.680899
1624182168.214728 3.673276 -86.963944 -1.763826 0.038976 -0.054620 -0.729165 0.681040
1624182168.314939 3.678379 -87.027349 -1.733593 0.052495 -0.050752 -0.728477 0.681168
1624182168.414767 3.713178 -87.096744 -1.749086 0.054459 -0.033102 -0.728977 0.681565
1624182168.514780 3.755183 -87.149330 -1.763951 0.061162 -0.011301 -0.728756 0.681943
1624182168.614749 3.796914 -87.193219 -1.726267 0.055685 0.009186 -0.728744 0.682456
1624182168.714736 3.828514 -87.227902 -1.670340 0.048913 0.020156 -0.728508 0.682991
1624182168.814910 3.870279 -87.253634 -1.671681 0.033518 0.018950 -0.728840 0.683601
1624182168.914800 3.918484 -87.257826 -1.694921 0.024181 0.009874 -0.728902 0.684120
1624182169.014626 3.971498 -87.256744 -1.698780 0.013342 -0.000881 -0.729122 0.684253
1624182169.114699 4.022580 -87.258377 -1.671259 0.006759 -0.008029 -0.729219 0.684200
1624182169.214689 4.064728 -87.260336 -1.637303 0.004252 -0.011728 -0.729418 0.683954
1624182169.314890 4.100729 -87.264458 -1.612976 0.003254 -0.013941 -0.729387 0.683951
1624182169.414730 4.138333 -87.276004 -1.612228 0.002768 -0.014631 -0.731538 0.681638
1624182169.515072 4.189799 -87.301020 -1.612709 0.003722 -0.014467 -0.734651 0.678281
1624182169.614991 4.232636 -87.294913 -1.602055 0.003748 -0.013250 -0.740082 0.672376
1624182169.713046 4.260528 -87.274628 -1.576259 0.004634 -0.013650 -0.747527 0.664075
1624182169.812867 4.282426 -87.265901 -1.560080 0.005256 -0.013932 -0.753933 0.656783
1624182169.914674 4.312184 -87.269790 -1.558586 0.005277 -0.014835 -0.758285 0.651733
1624182170.014488 4.359920 -87.279141 -1.577128 0.003194 -0.013039 -0.760884 0.648749
1624182170.114273 4.407483 -87.291904 -1.579027 0.001335 -0.009849 -0.762880 0.646463
1624182170.214314 4.445014 -87.306343 -1.491740 0.000789 -0.007389 -0.763156 0.646172
1624182170.314481 4.476055 -87.318554 -1.459709 -0.000880 -0.007097 -0.762834 0.646555
1624182170.414333 4.507421 -87.322727 -1.518542 -0.000598 -0.008542 -0.762578 0.646840
1624182170.514376 4.541910 -87.321170 -1.556485 0.001813 -0.011188 -0.762255 0.647177
1624182170.614445 4.575551 -87.319442 -1.532290 0.002110 -0.012050 -0.762060 0.647391
1624182170.714399 4.610391 -87.312976 -1.487942 0.004223 -0.013521 -0.759821 0.649978
1624182170.814301 4.636056 -87.301640 -1.465913 0.004471 -0.014138 -0.755321 0.655187
1624182170.914488 4.660554 -87.287265 -1.476280 0.004959 -0.015502 -0.745713 0.666068
1624182171.014553 4.691121 -87.329513 -1.488076 0.004896 -0.016270 -0.733197 0.679804
1624182171.114148 4.742866 -87.406687 -1.482356 0.004529 -0.015858 -0.719238 0.694568
1624182171.214913 4.803521 -87.451355 -1.454956 0.003903 -0.016292 -0.709257 0.704751
1624182171.315126 4.845827 -87.427717 -1.416798 -0.000518 -0.018880 -0.704662 0.709292
1624182171.414970 4.859268 -87.381220 -1.414019 -0.006596 -0.026298 -0.703030 0.710644
1624182171.514606 4.874210 -87.360295 -1.448875 -0.020070 -0.039717 -0.702301 0.710487
1624182171.614584 4.899053 -87.373122 -1.441141 -0.028144 -0.045089 -0.701529 0.710656
1624182171.712558 4.939437 -87.410610 -1.360594 -0.035321 -0.052722 -0.701461 0.709876
1624182171.814451 4.978560 -87.479153 -1.363927 -0.032801 -0.036980 -0.702020 0.710439
1624182171.914455 5.012719 -87.550361 -1.396983 -0.031766 -0.025140 -0.701954 0.711069
1624182172.014659 5.031775 -87.609111 -1.403929 -0.032426 -0.006643 -0.701999 0.711408
1624182172.114559 5.037550 -87.648407 -1.274602 -0.025383 -0.001692 -0.701147 0.712563
1624182172.214697 5.045399 -87.697193 -1.268155 -0.031320 -0.002499 -0.701364 0.712110
1624182172.314523 5.053394 -87.759868 -1.339229 -0.028953 -0.019118 -0.700822 0.712492
1624182172.414724 5.059969 -87.824513 -1.407771 -0.029114 -0.032930 -0.700596 0.712203
1624182172.514501 5.061886 -87.885489 -1.325156 -0.025312 -0.043042 -0.700110 0.712287
1624182172.614691 5.070193 -87.968278 -1.209480 -0.022427 -0.043795 -0.700571 0.711884
1624182172.714698 5.077537 -88.076156 -1.227987 -0.013503 -0.035538 -0.700796 0.712348
1624182172.814624 5.075443 -88.179498 -1.273845 -0.014845 -0.033373 -0.700677 0.712543
1624182172.914729 5.071232 -88.272989 -1.284549 -0.016555 -0.035694 -0.700344 0.712720
1624182173.014720 5.075436 -88.365034 -1.238087 -0.020454 -0.039407 -0.700096 0.712667
1624182173.114592 5.080022 -88.466965 -1.202074 -0.018408 -0.036845 -0.700589 0.712375
1624182173.214634 5.088371 -88.591677 -1.223132 -0.017255 -0.030641 -0.700858 0.712433
1624182173.314346 5.103729 -88.723838 -1.270660 -0.017645 -0.022624 -0.701135 0.712451
1624182173.412560 5.115509 -88.859035 -1.268185 -0.014318 -0.013175 -0.701229 0.712670
1624182173.512566 5.115083 -88.989006 -1.235614 -0.017540 -0.003169 -0.701352 0.712592
1624182173.612641 5.110876 -89.115436 -1.239810 -0.018923 -0.001333 -0.701265 0.712649
1624182173.712627 5.100754 -89.233738 -1.198422 -0.012391 -0.003359 -0.700646 0.713394
1624182173.813403 5.089170 -89.362056 -1.272268 -0.014307 -0.004796 -0.700765 0.713232
1624182173.914540 5.084863 -89.493109 -1.352722 -0.005484 -0.013439 -0.700143 0.713855
1624182174.014626 5.077793 -89.626583 -1.344185 -0.000932 -0.017085 -0.699885 0.714050
1624182174.114450 5.065177 -89.760716 -1.319776 0.001252 -0.019095 -0.699840 0.714043
1624182174.214648 5.054031 -89.885117 -1.312864 0.001900 -0.018977 -0.699777 0.714107
1624182174.314425 5.048037 -90.014815 -1.327983 0.002228 -0.020673 -0.699680 0.714153
1624182174.414392 5.041527 -90.139779 -1.357370 -0.000595 -0.017833 -0.699553 0.714358
1624182174.514372 5.038864 -90.262261 -1.367771 -0.002798 -0.021105 -0.699308 0.714504
1624182174.614186 5.031647 -90.389883 -1.392005 -0.002674 -0.021880 -0.698853 0.714926
1624182174.714363 5.028371 -90.521882 -1.407380 -0.006212 -0.021433 -0.698556 0.715207
1624182174.814353 5.026982 -90.652906 -1.402918 -0.005340 -0.021639 -0.698167 0.715588
1624182174.914326 5.025725 -90.781431 -1.411106 -0.007153 -0.018320 -0.698178 0.715655
1624182175.014142 5.027230 -90.908533 -1.463541 -0.008444 -0.018204 -0.698001 0.715815
1624182175.114398 5.020862 -91.040248 -1.460597 -0.005067 -0.019493 -0.697527 0.716276
1624182175.214446 5.014414 -91.184973 -1.476747 -0.008119 -0.017570 -0.697587 0.716239
1624182175.314416 5.016245 -91.318466 -1.509532 -0.006881 -0.017787 -0.697431 0.716398
1624182175.414375 5.015151 -91.446283 -1.508785 -0.006241 -0.017074 -0.697346 0.716505
1624182175.514195 5.010244 -91.590251 -1.499092 -0.006972 -0.015914 -0.697374 0.716496
1624182175.614332 5.008705 -91.740202 -1.525344 -0.006757 -0.016492 -0.697505 0.716358
1624182175.714307 4.997186 -91.873020 -1.521428 -0.006324 -0.015792 -0.697628 0.716258
1624182175.814121 4.986456 -91.998668 -1.546993 -0.007276 -0.016393 -0.697546 0.716315
1624182175.914314 4.992620 -92.145470 -1.554581 -0.004746 -0.018749 -0.697269 0.716549
1624182176.014155 4.999619 -92.287964 -1.535903 -0.004536 -0.019573 -0.697085 0.716707
1624182176.114541 4.996402 -92.422923 -1.559315 -0.005734 -0.019817 -0.696940 0.716833
1624182176.214327 4.982845 -92.552457 -1.564448 -0.002750 -0.020828 -0.696599 0.717153
1624182176.314105 4.980199 -92.696363 -1.555436 -0.006250 -0.020139 -0.696754 0.717000
1624182176.414149 4.984444 -92.836989 -1.564762 -0.005864 -0.020493 -0.696760 0.716988
1624182176.514102 4.978937 -92.973040 -1.539975 -0.005421 -0.022205 -0.696421 0.717270
1624182176.614248 4.978818 -93.132791 -1.530906 -0.005371 -0.023571 -0.696116 0.717522
1624182176.714329 4.985292 -93.284287 -1.553755 -0.004963 -0.022033 -0.696132 0.717558
1624182176.814310 4.984047 -93.416259 -1.538994 -0.001927 -0.021951 -0.695680 0.718014
1624182176.914124 4.978738 -93.547843 -1.534696 -0.003462 -0.020038 -0.695545 0.718195
1624182177.014497 4.982594 -93.704489 -1.524073 -0.000718 -0.020729 -0.695354 0.718368
1624182177.114517 4.994435 -93.863748 -1.512431 -0.000814 -0.019937 -0.695067 0.718668
1624182177.214296 5.000392 -94.018175 -1.554555 -0.003698 -0.017126 -0.694988 0.718808
1624182177.314291 5.008862 -94.166754 -1.530873 -0.001238 -0.017608 -0.694583 0.719196
1624182177.414479 5.017999 -94.310644 -1.509386 -0.005423 -0.013890 -0.694431 0.719405
1624182177.514574 5.022271 -94.452328 -1.519351 -0.007810 -0.014107 -0.693834 0.719954
1624182177.614644 5.020447 -94.596312 -1.515779 -0.007263 -0.013673 -0.693622 0.720173
1624182177.714631 5.028792 -94.741865 -1.508478 -0.009041 -0.012031 -0.693231 0.720558
1624182177.814704 5.040308 -94.895732 -1.557593 -0.012242 -0.009584 -0.693005 0.720766
1624182177.914792 5.039169 -95.050056 -1.499829 -0.010168 -0.010184 -0.692683 0.721098
1624182178.014798 5.035224 -95.202885 -1.469190 -0.015206 -0.006111 -0.692993 0.720758
1624182178.114814 5.034359 -95.349109 -1.432803 -0.012345 -0.011427 -0.692646 0.721081
1624182178.214684 5.024340 -95.494526 -1.478965 -0.009862 -0.012169 -0.692680 0.721075
1624182178.314602 5.020002 -95.636980 -1.512424 -0.010311 -0.019598 -0.692353 0.721219
1624182178.414562 5.015692 -95.784567 -1.499477 -0.003839 -0.018607 -0.692110 0.721542
1624182178.514574 5.005206 -95.938279 -1.461685 -0.003652 -0.019195 -0.692020 0.721614
1624182178.614117 4.994587 -96.092090 -1.433834 -0.000275 -0.017748 -0.691559 0.722102
1624182178.713985 4.989255 -96.245283 -1.436292 0.000837 -0.016976 -0.691465 0.722210
1624182178.814415 4.986934 -96.400283 -1.452732 0.002430 -0.015484 -0.691457 0.722248
1624182178.914301 4.980334 -96.553755 -1.445956 0.004631 -0.015395 -0.691335 0.722356
1624182179.014482 4.972139 -96.693102 -1.404755 0.005224 -0.014577 -0.691129 0.722565
1624182179.114107 4.963158 -96.825520 -1.395986 0.006123 -0.013628 -0.691131 0.722575
1624182179.214080 4.955631 -96.968474 -1.362550 0.009028 -0.012732 -0.691001 0.722686
1624182179.314155 4.950877 -97.118488 -1.340725 0.009040 -0.011582 -0.691092 0.722618
1624182179.414119 4.949724 -97.258625 -1.344979 0.012600 -0.009560 -0.691019 0.722664
1624182179.514090 4.947094 -97.391344 -1.331721 0.013252 -0.008539 -0.690835 0.722841
1624182179.614073 4.947701 -97.521577 -1.294483 0.009776 -0.008226 -0.690982 0.722759
1624182179.714236 4.942967 -97.646958 -1.273791 0.009408 -0.006916 -0.690505 0.723233
1624182179.814221 4.940451 -97.765356 -1.268768 0.005603 -0.007587 -0.690153 0.723602
1624182179.914153 4.932478 -97.879550 -1.270700 0.002786 -0.010376 -0.690168 0.723569
1624182180.014235 4.935356 -97.996230 -1.293120 0.000791 -0.013741 -0.689668 0.723995
1624182180.114194 4.944897 -98.118364 -1.344136 0.000088 -0.017517 -0.689326 0.724240
1624182180.214175 4.945126 -98.236893 -1.348726 -0.004672 -0.022603 -0.689253 0.724153
1624182180.314345 4.936939 -98.338090 -1.351138 -0.001317 -0.024689 -0.689172 0.724175
1624182180.414038 4.931198 -98.434252 -1.327447 -0.004546 -0.028181 -0.689265 0.723947
1624182180.514257 4.932412 -98.557297 -1.320455 -0.001705 -0.026029 -0.689413 0.723899
1624182180.614276 4.938739 -98.682584 -1.318286 -0.001940 -0.025488 -0.689418 0.723913
1624182180.714281 4.941785 -98.792375 -1.323042 -0.000727 -0.023034 -0.689392 0.724022
1624182180.814449 4.946320 -98.904950 -1.323434 0.000075 -0.022051 -0.689303 0.724137
1624182180.914185 4.949143 -99.038030 -1.322387 0.000964 -0.021299 -0.689315 0.724148
1624182181.014150 4.957994 -99.164545 -1.347383 0.002707 -0.020208 -0.688876 0.724593
1624182181.114202 4.968411 -99.272131 -1.377168 0.000525 -0.019769 -0.688742 0.724736
1624182181.214161 4.975188 -99.371225 -1.396323 0.000912 -0.020128 -0.688585 0.724876
1624182181.314019 4.984321 -99.482951 -1.430792 0.000086 -0.020492 -0.688264 0.725170
1624182181.414292 4.996981 -99.625598 -1.464382 -0.002212 -0.022236 -0.688167 0.725208
1624182181.514231 5.013243 -99.750729 -1.472914 -0.005665 -0.025956 -0.687918 0.725302
1624182181.614165 5.025743 -99.853760 -1.481758 -0.004555 -0.026121 -0.687625 0.725582
1624182181.714130 5.037362 -99.955972 -1.475100 -0.009515 -0.030475 -0.687594 0.725393
1624182181.814229 5.053754 -100.095169 -1.480489 -0.012474 -0.032579 -0.687542 0.725306
1624182181.914201 5.068426 -100.237081 -1.502486 -0.010304 -0.031223 -0.687549 0.725393
1624182182.014371 5.081770 -100.360134 -1.474796 -0.012484 -0.033133 -0.687454 0.725364
1624182182.114333 5.097959 -100.482199 -1.463082 -0.013025 -0.032953 -0.687606 0.725219
1624182182.214422 5.123672 -100.620258 -1.504974 -0.008089 -0.029563 -0.687604 0.725438
1624182182.314143 5.146763 -100.766822 -1.520050 -0.006850 -0.029407 -0.687371 0.725679
1624182182.414251 5.164391 -100.905663 -1.483960 -0.005104 -0.030125 -0.686847 0.726159
1624182182.514077 5.186229 -101.051230 -1.501417 0.000508 -0.025666 -0.686735 0.726455
1624182182.614178 5.210766 -101.201591 -1.517715 -0.002366 -0.024635 -0.686473 0.726734
1624182182.713845 5.241149 -101.344476 -1.528489 0.003858 -0.021595 -0.686379 0.726913
1624182182.814004 5.272649 -101.487280 -1.529454 -0.004802 -0.018156 -0.686601 0.726792
1624182182.913961 5.311769 -101.634838 -1.596869 -0.012370 -0.010724 -0.687067 0.726409
1624182183.013896 5.350438 -101.782241 -1.519074 -0.019821 -0.005945 -0.687043 0.726322
1624182183.113914 5.380644 -101.925905 -1.363279 -0.023475 -0.003809 -0.686945 0.726320
1624182183.214360 5.395964 -102.074351 -1.405419 -0.031411 0.000682 -0.687396 0.725603
1624182183.314559 5.405132 -102.234446 -1.475330 -0.017833 -0.010991 -0.686886 0.726463
1624182183.414355 5.417927 -102.380369 -1.568093 -0.016479 -0.012856 -0.686967 0.726388
1624182183.514588 5.432451 -102.535580 -1.581191 -0.008300 -0.017875 -0.686725 0.726650
1624182183.614347 5.440380 -102.690858 -1.486265 -0.004237 -0.015845 -0.686675 0.726779
1624182183.714546 5.450779 -102.845990 -1.441346 -0.004766 -0.012766 -0.686838 0.726683
1624182183.814296 5.465618 -102.995819 -1.470667 -0.000014 -0.010186 -0.686813 0.726762
1624182183.914574 5.478541 -103.147931 -1.497636 -0.003350 -0.006735 -0.686857 0.726754
1624182184.014295 5.497467 -103.300916 -1.547409 -0.005714 -0.006381 -0.686954 0.726650
1624182184.114249 5.512823 -103.455388 -1.551630 -0.007058 -0.007177 -0.686867 0.726714
1624182184.214240 5.512980 -103.613195 -1.512380 -0.003687 -0.005411 -0.686856 0.726764
1624182184.314041 5.510921 -103.760133 -1.566605 -0.006251 -0.001020 -0.687147 0.726491
1624182184.414317 5.520902 -103.892443 -1.674853 -0.002185 -0.000448 -0.687038 0.726618
1624182184.514511 5.528552 -104.040019 -1.696966 -0.004188 -0.000802 -0.686950 0.726692
1624182184.614513 5.523927 -104.197134 -1.739300 -0.003994 -0.001765 -0.687030 0.726616
1624182184.714010 5.523577 -104.343368 -1.755850 -0.007532 -0.001953 -0.687119 0.726503
1624182184.813999 5.531290 -104.479772 -1.804443 0.005372 0.011211 -0.687273 0.726293
1624182184.913924 5.535696 -104.621528 -1.793866 0.009915 0.025261 -0.686910 0.726236
1624182185.013884 5.531138 -104.763721 -1.768050 0.030264 0.053726 -0.686003 0.724981
1624182185.114046 5.513939 -104.891917 -1.820823 0.042136 0.072532 -0.685172 0.723535
1624182185.213886 5.491486 -104.976865 -1.883260 0.044703 0.072122 -0.685224 0.723373
1624182185.314280 5.467779 -105.042368 -1.957381 0.039692 0.056689 -0.685954 0.724347
1624182185.414014 5.438858 -105.103787 -2.000568 0.026670 0.031716 -0.686947 0.725525
1624182185.513875 5.413892 -105.155935 -1.966867 0.013759 0.009107 -0.687401 0.726091
1624182185.614110 5.387020 -105.205471 -1.919839 0.006764 -0.004153 -0.687472 0.726167
1624182185.713921 5.360599 -105.252061 -1.907012 0.002980 -0.009121 -0.687400 0.726215
1624182185.814045 5.326538 -105.317115 -1.928987 0.002763 -0.009669 -0.689534 0.724183
1624182185.914340 5.307161 -105.386579 -1.955621 0.003141 -0.007142 -0.692312 0.721556
1624182186.014234 5.280278 -105.442623 -1.959810 0.003671 -0.003358 -0.700380 0.713753
1624182186.114244 5.262619 -105.461518 -1.943397 0.006699 -0.000022 -0.710180 0.703988
1624182186.214253 5.249058 -105.472717 -1.926653 0.008492 0.002592 -0.722242 0.691583
1624182186.314065 5.207246 -105.511571 -1.917919 0.010585 0.005275 -0.735678 0.677228
1624182186.414347 5.150947 -105.574946 -1.939170 0.012774 0.008517 -0.749743 0.661551
1624182186.514318 5.117621 -105.603532 -1.937369 0.015239 0.009698 -0.763287 0.645807
1624182186.614277 5.086810 -105.615280 -1.931201 0.017158 0.010126 -0.777871 0.628108
1624182186.713432 5.056020 -105.636101 -1.910842 0.016471 0.010527 -0.791922 0.610310
1624182186.813901 5.029274 -105.645427 -1.915400 0.017912 0.009264 -0.805041 0.592877
1624182186.913972 4.994728 -105.661200 -1.915497 0.016577 0.009330 -0.818754 0.573830
1624182187.013815 4.954861 -105.672243 -1.903321 0.017342 0.007014 -0.831580 0.555090
1624182187.114099 4.923919 -105.666372 -1.897863 0.015165 0.004906 -0.844539 0.535257
1624182187.213936 4.897517 -105.645023 -1.905479 0.015142 0.003539 -0.856744 0.515507
1624182187.314142 4.867925 -105.630476 -1.892876 -0.013339 -0.001355 0.868432 -0.495626
1624182187.414068 4.824246 -105.629649 -1.873214 -0.012422 -0.002915 0.879583 -0.475575
1624182187.513744 4.799528 -105.618061 -1.842534 -0.011028 -0.001558 0.889851 -0.456116
1624182187.613864 4.783521 -105.588445 -1.854694 -0.011167 -0.002474 0.899966 -0.435810
1624182187.713983 4.759574 -105.558479 -1.884252 -0.009921 -0.001095 0.909155 -0.416339
1624182187.813931 4.733317 -105.532629 -1.856228 -0.010592 0.001829 0.917749 -0.397016
1624182187.913593 4.703124 -105.514540 -1.852128 -0.009861 0.001748 0.925877 -0.377692
1624182188.012234 4.682451 -105.485017 -1.856877 -0.010348 0.003401 0.933693 -0.357909
1624182188.113970 4.668972 -105.443246 -1.868264 -0.009282 0.002504 0.941207 -0.337693
1624182188.213639 4.649785 -105.396737 -1.865139 -0.008916 0.002955 0.948101 -0.317830
1624182188.314023 4.630410 -105.353038 -1.881072 -0.007697 0.003816 0.954564 -0.297881
1624182188.413055 4.600097 -105.321252 -1.892912 -0.006919 0.001173 0.960615 -0.277794
1624182188.512277 4.596479 -105.281911 -1.886163 -0.006228 0.001573 0.966196 -0.257729
1624182188.612231 4.591471 -105.231809 -1.892041 -0.006877 -0.000295 0.971417 -0.237281
1624182188.713829 4.577056 -105.176762 -1.891634 -0.006796 0.000287 0.975894 -0.218141
1624182188.814041 4.563967 -105.124281 -1.900432 -0.006662 -0.000134 0.980055 -0.198616
1624182188.914021 4.546795 -105.071536 -1.909360 -0.006343 0.001284 0.983619 -0.180146
1624182189.014009 4.518323 -105.021632 -1.911766 -0.006329 0.004998 0.986698 -0.162364
1624182189.114212 4.508523 -104.963162 -1.950426 -0.007304 0.006691 0.989582 -0.143628
1624182189.213931 4.506882 -104.903459 -1.934225 -0.007697 0.009654 0.991911 -0.126331
1624182189.313932 4.505253 -104.846412 -1.958704 -0.008992 0.012309 0.993981 -0.108485
1624182189.413591 4.502247 -104.793629 -1.938407 -0.009813 0.012455 0.995745 -0.090777
1624182189.513736 4.486753 -104.734237 -1.946912 -0.011108 0.013773 0.997124 -0.073690
1624182189.613904 4.474806 -104.672238 -2.007208 -0.009212 0.011521 0.998236 -0.057503
1624182189.713902 4.472049 -104.618488 -1.990429 -0.009855 0.011777 0.998997 -0.042062
1624182189.813895 4.478631 -104.570426 -1.983957 -0.008667 0.010912 0.999532 -0.027217
1624182189.913683 4.471699 -104.520360 -1.991266 -0.008666 0.009943 0.999828 -0.013010
1624182190.013943 4.464183 -104.453796 -2.009680 -0.009568 0.009330 0.999909 0.001616
1624182190.114347 4.472774 -104.395430 -2.004971 -0.009678 0.013187 0.999741 0.015806
1624182190.214421 4.478634 -104.343220 -2.041145 -0.010285 0.014080 0.999384 0.030469
1624182190.314510 4.483042 -104.288229 -2.066089 -0.009197 0.016834 0.998756 0.046022
1624182190.414432 4.492889 -104.230238 -2.077639 -0.008695 0.017961 0.997864 0.062200
1624182190.514436 4.505327 -104.180996 -2.063301 -0.006928 0.018798 0.996728 0.078307
1624182190.614202 4.510963 -104.121598 -2.069067 -0.006477 0.017717 0.995268 0.095315
1624182190.714334 4.518685 -104.068505 -2.090091 -0.006408 0.018249 0.993596 0.111319
1624182190.813651 4.523481 -104.019989 -2.105186 -0.006865 0.017671 0.991640 0.127634
1624182190.914049 4.525727 -103.969383 -2.113247 -0.008794 0.019353 0.989340 0.144062
1624182191.014158 4.547838 -103.937320 -2.119421 -0.009870 0.018460 0.986996 0.159377
1624182191.113916 4.566809 -103.890177 -2.127126 -0.011176 0.018907 0.984118 0.176152
1624182191.213823 4.565958 -103.845154 -2.162752 -0.012876 0.017184 0.981181 0.191890
1624182191.313912 4.570645 -103.796197 -2.164889 -0.012440 0.016101 0.977889 0.208134
1624182191.413942 4.599503 -103.761829 -2.148261 -0.014204 0.016926 0.974447 0.223530
1624182191.513885 4.625964 -103.718008 -2.153669 -0.013695 0.015303 0.970804 0.238992
1624182191.613927 4.639060 -103.673028 -2.193887 -0.012493 0.012599 0.967394 0.252653
1624182191.713852 4.653572 -103.636999 -2.174797 -0.011452 0.012415 0.964193 0.264662
1624182191.813870 4.670773 -103.600707 -2.199753 -0.008696 0.007842 0.961101 0.275950
1624182191.913861 4.697087 -103.569748 -2.162000 -0.008067 0.007128 0.958436 0.285103
1624182192.013894 4.711796 -103.536451 -2.136546 -0.006257 0.003898 0.956024 0.293197
1624182192.114031 4.740257 -103.496315 -2.088153 -0.006726 0.003834 0.954078 0.299458
1624182192.214045 4.766031 -103.445032 -2.074185 -0.006248 0.003136 0.952435 0.304663
1624182192.314057 4.784966 -103.400465 -2.059523 -0.006371 0.005715 0.951438 0.307723
1624182192.414000 4.797662 -103.361937 -2.025941 -0.005855 0.003840 0.950801 0.309723
1624182192.513974 4.814389 -103.313942 -2.004319 -0.006944 0.001892 0.950190 0.311590
1624182192.613903 4.841910 -103.264409 -1.943404 -0.008903 -0.004059 0.950195 0.311503
1624182192.713820 4.871527 -103.215854 -1.830750 -0.009141 -0.007160 0.950229 0.311336
1624182192.813806 4.899017 -103.164949 -1.793515 -0.006516 -0.007157 0.950346 0.311043
1624182192.913968 4.918663 -103.116996 -1.828760 -0.003887 -0.006112 0.950403 0.310936
1624182193.013918 4.944772 -103.060394 -1.879728 -0.000152 -0.000014 0.950096 0.311958
1624182193.113946 4.968379 -102.991510 -1.842403 -0.001826 0.006900 0.949677 0.313148
1624182193.213949 5.001205 -102.907731 -1.786182 -0.004310 0.012986 0.947839 0.318456
1624182193.314017 5.040298 -102.836120 -1.746343 -0.007443 0.020123 0.945625 0.324552
1624182193.414043 5.073426 -102.783198 -1.755099 -0.009571 0.022785 0.942165 0.334236
1624182193.514192 5.108786 -102.719040 -1.773200 -0.010640 0.025899 0.937529 0.346780
1624182193.614323 5.136942 -102.645810 -1.755847 -0.009694 0.025759 0.931268 0.363293
1624182193.713911 5.175831 -102.591105 -1.684528 -0.007955 0.028786 0.923611 0.382166
1624182193.813773 5.216859 -102.552842 -1.704497 -0.005323 0.029870 0.913959 0.404670
1624182193.913585 5.256472 -102.499125 -1.738451 -0.003818 0.032316 0.902454 0.429555
1624182194.012101 5.292420 -102.448626 -1.724716 -0.002440 0.032486 0.889844 0.455100
1624182194.111918 5.324297 -102.412046 -1.604468 0.001252 0.041756 0.875433 0.481531
1624182194.211459 5.344705 -102.378765 -1.696637 0.009619 0.049240 0.859911 0.507973
1624182194.311620 5.364103 -102.359076 -1.853008 0.010674 0.050336 0.844403 0.533231
1624182194.411352 5.386902 -102.321226 -1.828171 0.007762 0.043941 0.828562 0.558116
1624182194.513489 5.396669 -102.280757 -1.667817 0.003528 0.035954 0.812973 0.581179
1624182194.613572 5.408172 -102.290371 -1.635669 0.003365 0.028530 0.797988 0.601988
1624182194.713466 5.410952 -102.298555 -1.669282 -0.002501 0.016799 0.784611 0.619755
1624182194.811819 5.397103 -102.295957 -1.680185 -0.006522 0.003920 0.775609 0.631168
1624182194.913347 5.407532 -102.266136 -1.687577 -0.005728 -0.005200 0.769865 0.638159
1624182195.011903 5.408820 -102.213632 -1.690547 0.001116 -0.011566 0.767790 0.640596
1624182195.112895 5.397472 -102.162729 -1.705681 0.009425 -0.014228 0.767371 0.640977
1624182195.212267 5.387433 -102.139176 -1.695754 0.017712 -0.017580 0.767381 0.640706
1624182195.313870 5.385953 -102.114546 -1.698081 0.025395 -0.020278 0.767229 0.640550
1624182195.413885 5.383318 -102.079249 -1.689702 0.025869 -0.019476 0.767542 0.640180
1624182195.513823 5.386239 -102.030181 -1.710377 0.026798 -0.017026 0.767298 0.640504
1624182195.613715 5.383957 -101.958836 -1.754317 0.025489 -0.015527 0.766950 0.641012
1624182195.713685 5.370378 -101.890539 -1.762168 0.024642 -0.014539 0.766934 0.641088
1624182195.813653 5.362319 -101.819470 -1.753507 0.023365 -0.012813 0.766376 0.641839
1624182195.913557 5.356806 -101.740285 -1.774013 0.023600 -0.013520 0.766205 0.642020
1624182196.012722 5.348590 -101.651782 -1.768988 0.019662 -0.009095 0.766289 0.642131
1624182196.112747 5.339654 -101.558214 -1.780837 0.021115 -0.012001 0.766259 0.642073
1624182196.213548 5.327159 -101.447013 -1.785645 0.016923 -0.005777 0.766547 0.641939
1624182196.312786 5.309773 -101.340693 -1.794593 0.017113 -0.006883 0.766715 0.641723
1624182196.412019 5.293801 -101.244138 -1.828503 0.017010 -0.005541 0.766940 0.641469
1624182196.511985 5.280225 -101.137812 -1.814120 0.016083 -0.004923 0.767228 0.641154
1624182196.611762 5.267994 -101.014061 -1.778207 0.016656 -0.002576 0.767281 0.641090
1624182196.712048 5.253413 -100.882837 -1.789267 0.016771 -0.004150 0.767224 0.641147
1624182196.812103 5.231944 -100.761328 -1.842431 0.017675 -0.003535 0.767276 0.641064
1624182196.912129 5.209712 -100.640557 -1.825201 0.016664 -0.004294 0.767317 0.641037
1624182197.011874 5.187549 -100.508272 -1.790020 0.016166 -0.004317 0.767212 0.641175
1624182197.113655 5.166779 -100.367399 -1.773137 0.010604 -0.003252 0.767407 0.641064
1624182197.212068 5.143784 -100.236177 -1.756688 0.003140 -0.002011 0.767601 0.640917
1624182197.311819 5.125378 -100.105667 -1.841163 -0.009778 -0.004272 0.767597 0.640844
1624182197.413760 5.102608 -99.948532 -1.823942 -0.021493 -0.005151 0.768133 0.639909
1624182197.513694 5.078966 -99.803324 -1.734280 -0.027156 -0.004264 0.768373 0.639412
1624182197.613507 5.077051 -99.678549 -1.704547 -0.032052 -0.009003 0.768454 0.639038
1624182197.713701 5.083306 -99.523855 -1.719565 -0.028408 -0.000797 0.768474 0.639250
1624182197.811739 5.081205 -99.356590 -1.751077 -0.023839 0.011143 0.767456 0.640562
1624182197.911818 5.080126 -99.244159 -1.804669 -0.021936 0.022818 0.765429 0.642741
1624182198.011980 5.085348 -99.139907 -1.787229 -0.019204 0.028658 0.762368 0.646224
1624182198.112077 5.094340 -99.057229 -1.768486 -0.016734 0.029628 0.759641 0.649451
1624182198.213498 5.094412 -98.956005 -1.721270 -0.008544 0.023532 0.757498 0.652358
1624182198.311676 5.087328 -98.810353 -1.656147 0.001379 0.010111 0.756806 0.653560
1624182198.411875 5.078112 -98.673914 -1.619013 0.009818 0.000404 0.756639 0.653759
1624182198.511767 5.069180 -98.557588 -1.589507 0.013715 -0.007501 0.756942 0.653294
1624182198.613576 5.062993 -98.456429 -1.593485 0.021249 -0.012956 0.756983 0.652961
1624182198.713602 5.051920 -98.343261 -1.614672 0.021460 -0.013101 0.757094 0.652822
1624182198.813391 5.039245 -98.209576 -1.587951 0.021767 -0.010164 0.756267 0.653822
1624182198.912000 5.016870 -98.087640 -1.552546 0.018634 -0.008747 0.756080 0.654156
1624182199.013572 5.018297 -97.924676 -1.569955 0.012933 -0.002259 0.752441 0.658529
1624182199.112258 4.999108 -97.773833 -1.547616 0.007100 0.002080 0.750163 0.661211
1624182199.212235 4.968515 -97.660008 -1.573968 0.000256 0.003750 0.746053 0.665876
1624182199.311976 4.953753 -97.527713 -1.574765 -0.009862 0.005194 0.742043 0.670260
1624182199.413476 4.942037 -97.370779 -1.509899 -0.014685 0.003051 0.740927 0.671418
1624182199.513147 4.933819 -97.214116 -1.518792 -0.023492 -0.004731 0.740643 0.671471
1624182199.613648 4.914465 -97.060470 -1.505392 -0.018429 -0.005647 0.740732 0.671524
1624182199.714059 4.895130 -96.932797 -1.517210 -0.021053 -0.017264 0.740573 0.671425
1624182199.814077 4.889679 -96.808627 -1.533790 -0.016848 -0.018741 0.741015 0.671016
1624182199.914085 4.886028 -96.666687 -1.454387 -0.018561 -0.020467 0.741310 0.670594
1624182200.013725 4.891947 -96.514467 -1.445556 -0.017179 -0.018801 0.741833 0.670101
1624182200.114161 4.905934 -96.366587 -1.476559 -0.009032 -0.015872 0.742371 0.669740
1624182200.214224 4.921591 -96.226394 -1.546310 -0.005470 -0.010988 0.742911 0.669278
1624182200.314198 4.931791 -96.074638 -1.523357 0.004505 -0.011200 0.743132 0.669036
1624182200.414237 4.944259 -95.922208 -1.486264 0.006267 -0.005059 0.743009 0.669233
1624182200.514163 4.957837 -95.776062 -1.467525 0.007388 -0.004452 0.742904 0.669342
1624182200.614053 4.973328 -95.625033 -1.502125 0.003526 0.001853 0.742973 0.669310
1624182200.713950 4.987864 -95.464977 -1.540566 0.001897 0.000274 0.742752 0.669564
1624182200.813789 4.997960 -95.312127 -1.550316 -0.000672 0.001329 0.742766 0.669549
1624182200.913854 5.008947 -95.155414 -1.514259 -0.000548 -0.001266 0.742508 0.669836
1624182201.013679 5.020490 -95.005086 -1.496008 -0.001874 -0.000036 0.742571 0.669765
1624182201.113880 5.033043 -94.845981 -1.535754 -0.006883 0.003217 0.742613 0.669678
1624182201.213733 5.048593 -94.685911 -1.552390 -0.007832 0.004306 0.742624 0.669648
1624182201.313740 5.059792 -94.528119 -1.578394 -0.012457 0.008463 0.742543 0.669629
1624182201.413507 5.067112 -94.369357 -1.577463 -0.016807 0.014243 0.742535 0.669445
1624182201.513449 5.075607 -94.232495 -1.606757 -0.016388 0.010614 0.742420 0.669650
1624182201.613573 5.090217 -94.097348 -1.642469 -0.016469 0.012334 0.743061 0.668907
1624182201.711778 5.104624 -93.949579 -1.646139 -0.010172 0.004731 0.743575 0.668559
1624182201.813540 5.121757 -93.801705 -1.638460 -0.005383 0.000359 0.743647 0.668551
1624182201.913674 5.134558 -93.668508 -1.658390 -0.005436 -0.001665 0.744022 0.668131
1624182202.013661 5.145170 -93.534448 -1.681277 -0.007722 -0.000809 0.744244 0.667863
1624182202.113490 5.154264 -93.384941 -1.702444 -0.012133 -0.001143 0.744304 0.667730
1624182202.213665 5.168153 -93.247569 -1.727361 -0.014026 -0.000523 0.744457 0.667523
1624182202.313469 5.188827 -93.115006 -1.756974 -0.014222 -0.000414 0.744775 0.667164
1624182202.413432 5.217802 -92.983531 -1.760876 -0.011449 -0.004076 0.744915 0.667049
1624182202.513547 5.238120 -92.843343 -1.764463 -0.010264 -0.005040 0.745122 0.666830
1624182202.613353 5.258676 -92.710519 -1.783722 -0.010125 -0.003387 0.745202 0.666753
1624182202.713412 5.283903 -92.575416 -1.801825 -0.009530 -0.005126 0.745310 0.666630
1624182202.813530 5.312349 -92.431979 -1.817479 -0.010392 -0.002252 0.745302 0.666642
1624182202.913528 5.343705 -92.293810 -1.830591 -0.010874 -0.001277 0.745268 0.666675
1624182203.013435 5.372467 -92.168228 -1.821014 -0.010662 -0.001135 0.745396 0.666536
1624182203.113605 5.402105 -92.048125 -1.863390 -0.011459 0.000247 0.745450 0.666463
1624182203.213598 5.437168 -91.920208 -1.871210 -0.010954 -0.001012 0.745655 0.666241
1624182203.313601 5.465992 -91.770535 -1.865776 -0.009358 -0.003160 0.745834 0.666058
1624182203.413548 5.498554 -91.624907 -1.858565 -0.008927 -0.003406 0.745890 0.666000
1624182203.513311 5.536091 -91.491223 -1.878459 -0.008426 -0.003578 0.745979 0.665906
1624182203.613595 5.573005 -91.359779 -1.881335 -0.005643 0.000987 0.746037 0.665880
1624182203.713626 5.610256 -91.230985 -1.873626 -0.003331 0.003951 0.746107 0.665806
1624182203.813832 5.644469 -91.101299 -1.912539 0.004292 0.013210 0.746160 0.665622
1624182203.913830 5.676318 -90.979978 -1.962588 0.010665 0.019751 0.746110 0.665444
1624182204.013771 5.704195 -90.846485 -2.038158 0.013383 0.023144 0.746057 0.665346
1624182204.113576 5.724404 -90.701185 -1.934422 0.014265 0.026586 0.746096 0.665154
1624182204.213809 5.738480 -90.574082 -1.956298 0.009901 0.018856 0.746515 0.665027
1624182204.313638 5.749027 -90.451456 -2.010620 0.007154 0.017114 0.746599 0.665016
1624182204.413593 5.760225 -90.316621 -1.961641 -0.004404 0.006911 0.746849 0.664944
1624182204.513601 5.766181 -90.190600 -1.915028 -0.008706 0.001317 0.747231 0.664506
1624182204.613558 5.770734 -90.068055 -1.929549 -0.009368 0.001192 0.747459 0.664241
1624182204.713606 5.776813 -89.953759 -2.015216 -0.006481 0.003386 0.747378 0.664359
1624182204.813591 5.781141 -89.830680 -2.068272 -0.005353 0.003954 0.747589 0.664129
1624182204.913723 5.784928 -89.712565 -2.119814 -0.000635 0.007225 0.747545 0.664172
1624182205.013860 5.792599 -89.585025 -2.043678 -0.002849 0.004223 0.747630 0.664096
1624182205.113896 5.801495 -89.459196 -1.990770 -0.005685 0.001361 0.747974 0.663703
1624182205.213969 5.810039 -89.350361 -1.996345 -0.006094 0.000673 0.748194 0.663451
1624182205.313977 5.816724 -89.236429 -2.055025 -0.004448 0.000022 0.748315 0.663329
1624182205.413919 5.820486 -89.109307 -2.097077 -0.006872 0.001232 0.748441 0.663165
1624182205.513871 5.823350 -88.987232 -2.099970 -0.005413 -0.000189 0.748321 0.663315
1624182205.613939 5.831860 -88.870425 -2.062752 -0.004599 -0.000545 0.748313 0.663330
1624182205.714160 5.838586 -88.747210 -2.001990 0.002003 0.004514 0.748408 0.663220
1624182205.813988 5.842064 -88.628043 -2.082289 0.000335 0.001446 0.748382 0.663266
1624182205.913920 5.844764 -88.510180 -2.128430 0.007882 0.010140 0.748589 0.662910
1624182206.014151 5.839729 -88.391454 -2.132896 0.000760 0.010737 0.748943 0.662547
1624182206.113975 5.836117 -88.272917 -2.124398 -0.002929 0.010555 0.748883 0.662611
1624182206.213944 5.835536 -88.151037 -2.113285 -0.001296 0.006046 0.748859 0.662700
1624182206.313562 5.831414 -88.035162 -2.130699 0.000223 0.000377 0.748998 0.662572
1624182206.413397 5.829309 -87.911344 -2.136361 0.004134 -0.003461 0.749136 0.662395
1624182206.513476 5.824554 -87.789823 -2.117807 0.007354 -0.007411 0.749029 0.662455
1624182206.613703 5.813050 -87.660052 -2.129600 0.003152 -0.005143 0.749021 0.662519
1624182206.713558 5.801303 -87.535148 -2.155538 -0.001761 -0.001636 0.749019 0.662544
1624182206.813935 5.792939 -87.422021 -2.183919 -0.004635 -0.000925 0.749113 0.662425
1624182206.913775 5.787691 -87.301153 -2.171477 -0.001487 -0.002009 0.749243 0.662291
1624182207.013527 5.778276 -87.167326 -2.165516 0.000197 -0.002118 0.749396 0.662118
1624182207.113431 5.770579 -87.026571 -2.155904 0.002663 -0.003727 0.749140 0.662396
1624182207.213365 5.764990 -86.893006 -2.137258 0.000396 -0.003224 0.749232 0.662300
1624182207.313386 5.755211 -86.771314 -2.135054 -0.000615 -0.002104 0.749314 0.662211
1624182207.413573 5.738748 -86.649225 -2.171873 -0.000587 -0.000561 0.749484 0.662022
1624182207.513614 5.722543 -86.523352 -2.184222 0.001937 -0.000895 0.749595 0.661893
1624182207.613295 5.708318 -86.386652 -2.182091 0.003629 -0.002032 0.749636 0.661837
1624182207.713566 5.699855 -86.245787 -2.177682 0.002369 -0.000868 0.749577 0.661912
1624182207.813829 5.690409 -86.112440 -2.163333 0.001285 0.000240 0.749629 0.661857
1624182207.913826 5.675588 -85.988951 -2.158309 -0.001043 0.001696 0.749608 0.661879
1624182208.013577 5.656368 -85.862493 -2.176380 -0.003708 0.004073 0.749700 0.661755
1624182208.113517 5.638652 -85.716062 -2.189907 -0.004849 0.004845 0.749498 0.661971
1624182208.213465 5.620041 -85.576032 -2.193706 -0.007084 0.006046 0.749469 0.661974
1624182208.313622 5.604090 -85.447283 -2.171251 -0.007909 0.007988 0.749495 0.661914
1624182208.413596 5.587189 -85.335325 -2.169985 -0.009282 0.008368 0.749672 0.661691
1624182208.513322 5.570700 -85.203490 -2.190809 -0.010933 0.010178 0.749826 0.661466
1624182208.613590 5.552147 -85.074270 -2.204400 -0.009364 0.008050 0.749788 0.661563
1624182208.713210 5.532388 -84.949908 -2.184055 -0.006494 0.006862 0.749972 0.661402
1624182208.813445 5.515350 -84.841090 -2.163920 -0.005794 0.007412 0.749986 0.661386
1624182208.913475 5.499270 -84.715592 -2.168151 -0.001110 0.003897 0.749930 0.661505
1624182209.013682 5.476578 -84.596863 -2.189784 0.000030 0.002748 0.750078 0.661344
1624182209.113488 5.451609 -84.490639 -2.194626 0.002826 -0.000277 0.750023 0.661405
1624182209.213623 5.426476 -84.386139 -2.201164 0.000951 -0.004360 0.750094 0.661316
1624182209.313640 5.409456 -84.242021 -2.177878 -0.002774 -0.003924 0.749906 0.661527
1624182209.413493 5.396141 -84.110682 -2.172843 -0.014495 -0.007947 0.749681 0.661593
1624182209.511712 5.372106 -84.007803 -2.182295 -0.020275 -0.009092 0.749732 0.661369
1624182209.613281 5.341896 -83.927811 -2.191226 -0.022104 -0.010617 0.749921 0.661073
1624182209.713273 5.321998 -83.846025 -2.162264 -0.020829 -0.012387 0.750055 0.660932
1624182209.813443 5.319744 -83.678721 -2.158748 -0.011147 -0.011293 0.750310 0.660896
1624182209.913206 5.332559 -83.526127 -2.218618 0.002263 -0.012453 0.749856 0.661480
1624182210.013392 5.334619 -83.421463 -2.267887 0.013341 -0.013487 0.749737 0.661465
1624182210.113352 5.329529 -83.316532 -2.245042 0.018906 -0.014098 0.749669 0.661392
1624182210.213355 5.321186 -83.175560 -2.177939 0.023469 -0.016783 0.749114 0.661813
1624182210.313645 5.308962 -83.029744 -2.158859 0.017597 -0.011933 0.749432 0.661740
1624182210.413532 5.290398 -82.918963 -2.186671 0.015875 -0.014510 0.749621 0.661517
1624182210.513686 5.275399 -82.794691 -2.244683 0.015400 -0.015942 0.749701 0.661406
1624182210.613462 5.276111 -82.625808 -2.257790 0.017574 -0.019814 0.749491 0.661484
1624182210.713422 5.269282 -82.465689 -2.200552 0.020449 -0.023067 0.749414 0.661384
1624182210.813576 5.253051 -82.312603 -2.159543 0.015260 -0.018582 0.749686 0.661357
1624182210.913519 5.238136 -82.150950 -2.156117 0.009261 -0.013512 0.749704 0.661571
1624182211.013492 5.226978 -81.989976 -2.230390 0.001414 -0.006931 0.749784 0.661645
1624182211.113533 5.220839 -81.830257 -2.225267 -0.002346 -0.003219 0.749925 0.661510
1624182211.213601 5.211558 -81.655811 -2.206527 -0.002630 -0.003607 0.749899 0.661538
1624182211.313426 5.202631 -81.483421 -2.183506 -0.004335 -0.000713 0.749663 0.661805
1624182211.413869 5.199391 -81.325065 -2.143277 -0.003913 -0.003712 0.749679 0.661780
1624182211.513833 5.189896 -81.174851 -2.134730 0.001031 -0.007223 0.749693 0.661746
1624182211.613988 5.174953 -81.011869 -2.146720 -0.000205 -0.005591 0.749730 0.661720
1624182211.713936 5.169867 -80.857454 -2.141769 0.007291 -0.011010 0.749725 0.661618
1624182211.813702 5.165136 -80.692246 -2.132364 0.005774 -0.009006 0.749634 0.661767
1624182211.913693 5.161808 -80.523678 -2.089123 0.005144 -0.008026 0.749735 0.661669
1624182212.013686 5.156044 -80.360815 -2.077989 0.003122 -0.006896 0.749668 0.661771
1624182212.113766 5.142348 -80.197034 -2.098045 -0.000174 -0.003493 0.749772 0.661687
1624182212.213711 5.138382 -80.027096 -2.098510 -0.000744 -0.002817 0.749613 0.661870
1624182212.313756 5.135096 -79.861702 -2.100854 -0.000673 -0.002638 0.749738 0.661730
1624182212.413381 5.128098 -79.695099 -2.103437 0.000099 -0.002980 0.749897 0.661548
1624182212.513247 5.119782 -79.527470 -2.047069 0.002837 -0.003802 0.749938 0.661492
1624182212.613394 5.116515 -79.370158 -2.070314 0.004690 -0.004719 0.749972 0.661436
1624182212.713645 5.111927 -79.200056 -2.114560 0.004904 -0.004960 0.749919 0.661493
1624182212.813383 5.107303 -79.027815 -2.096574 0.009266 -0.009760 0.749708 0.661632
1624182212.913270 5.097378 -78.860716 -2.071076 0.007311 -0.008502 0.749759 0.661616
1624182213.013121 5.088939 -78.687021 -2.111878 -0.002278 -0.001693 0.749781 0.661680
1624182213.113502 5.086185 -78.522539 -2.077159 -0.000262 -0.005317 0.749368 0.662133
1624182213.213163 5.080795 -78.348749 -2.106248 -0.013552 0.005249 0.749555 0.661782
1624182213.312989 5.079246 -78.177854 -2.168027 -0.015778 0.004208 0.749111 0.662244
1624182213.412970 5.070830 -78.014837 -2.214739 -0.019060 0.004757 0.749173 0.662083
1624182213.513216 5.059250 -77.850061 -2.192851 -0.016792 0.003364 0.749453 0.661836
1624182213.613432 5.057333 -77.695439 -2.148010 -0.012223 0.000570 0.749545 0.661840
1624182213.713601 5.058231 -77.536840 -2.188331 -0.012555 0.002634 0.749603 0.661763
1624182213.813492 5.061030 -77.380374 -2.223193 -0.006904 0.000132 0.749817 0.661609
1624182213.913255 5.063882 -77.233572 -2.254834 -0.002262 -0.003815 0.749718 0.661742
1624182214.013242 5.062317 -77.084031 -2.259229 0.000595 -0.005030 0.749634 0.661833
1624182214.113237 5.061065 -76.930765 -2.233887 0.006088 -0.010132 0.749442 0.661965
1624182214.213402 5.058503 -76.768646 -2.230151 0.004953 -0.011299 0.749469 0.661925
1624182214.313387 5.058236 -76.604243 -2.236033 0.007115 -0.014764 0.749355 0.661965
1624182214.413263 5.062784 -76.440677 -2.254522 0.006572 -0.015935 0.748522 0.662886
1624182214.513523 5.067483 -76.249786 -2.269496 0.003365 -0.013208 0.746292 0.665479
1624182214.613656 5.065693 -76.088440 -2.236836 0.006061 -0.014481 0.742997 0.669111
1624182214.713628 5.074636 -75.961231 -2.240692 0.004359 -0.012906 0.737289 0.675441
1624182214.813478 5.082985 -75.851887 -2.248367 0.008461 -0.015075 0.733367 0.679613
1624182214.913080 5.089329 -75.670294 -2.257347 0.014392 -0.018778 0.730213 0.682810
1624182215.013199 5.099139 -75.454577 -2.247144 0.015429 -0.020312 0.729455 0.683553
1624182215.113449 5.104609 -75.247701 -2.202752 0.016483 -0.019853 0.729279 0.683730
1624182215.213341 5.105669 -75.062473 -2.209144 0.008604 -0.015167 0.729558 0.683696
1624182215.313581 5.102799 -74.895229 -2.236746 0.003850 -0.010699 0.729312 0.684087
1624182215.413371 5.100307 -74.700853 -2.243814 -0.002230 -0.006861 0.727778 0.685775
1624182215.513262 5.104607 -74.503130 -2.247099 -0.009518 0.000553 0.725120 0.688557
1624182215.613442 5.110620 -74.327754 -2.234563 -0.011187 0.003327 0.721141 0.692690
1624182215.713347 5.132735 -74.218835 -2.281201 -0.020777 0.009234 0.717182 0.696515
1624182215.812954 5.144522 -74.054519 -2.290537 -0.028788 0.014396 0.714262 0.699138
1624182215.913119 5.152865 -73.852436 -2.275219 -0.034666 0.020279 0.713568 0.699434
1624182216.011360 5.160140 -73.659762 -2.293686 -0.048267 0.031520 0.712735 0.699060
1624182216.113195 5.166856 -73.511185 -2.280067 -0.055857 0.039358 0.712291 0.698550
1624182216.210837 5.180905 -73.412463 -2.315387 -0.063930 0.046266 0.711503 0.698237
1624182216.312244 5.193415 -73.323000 -2.375284 -0.065564 0.048092 0.711462 0.698004
1624182216.412912 5.208229 -73.236323 -2.399667 -0.058549 0.040450 0.712173 0.698387
1624182216.511527 5.223237 -73.137349 -2.349883 -0.046343 0.031742 0.713037 0.698873
1624182216.613041 5.231536 -73.052402 -2.316200 -0.036914 0.022945 0.713355 0.699454
1624182216.713012 5.243348 -72.991090 -2.341367 -0.033484 0.017728 0.713418 0.699714
1624182216.813092 5.262528 -72.941186 -2.366801 -0.031481 0.015037 0.713277 0.700013
1624182216.913111 5.285178 -72.897986 -2.394983 -0.032502 0.014000 0.713230 0.700036
1624182217.013287 5.313395 -72.861908 -2.420219 -0.028928 0.011155 0.713287 0.700186
1624182217.113287 5.340338 -72.833119 -2.475789 -0.024425 0.008285 0.713502 0.700179
1624182217.213282 5.362742 -72.816607 -2.562650 -0.015943 0.001440 0.714177 0.699782
1624182217.313211 5.383876 -72.782518 -2.633712 -0.006770 -0.004949 0.714515 0.699569
1624182217.413224 5.409074 -72.763717 -2.660310 0.002748 -0.013694 0.715706 0.698262
1624182217.513204 5.440315 -72.735684 -2.688754 0.011108 -0.019918 0.716218 0.697503
1624182217.611452 5.460451 -72.679013 -2.708546 0.024412 -0.032475 0.717727 0.695138
1624182217.711566 5.487286 -72.633815 -2.718123 0.034278 -0.040805 0.718186 0.693807
1624182217.811601 5.508068 -72.588056 -2.741967 0.043788 -0.048368 0.717775 0.693212
1624182217.911566 5.525338 -72.535527 -2.741447 0.052465 -0.054005 0.717215 0.692772
1624182218.013067 5.542858 -72.463784 -2.758390 0.055778 -0.056132 0.717163 0.692398
1624182218.111332 5.570898 -72.386951 -2.716400 0.065853 -0.054833 0.717696 0.691064
1624182218.212851 5.598670 -72.236915 -2.626296 0.077591 -0.035503 0.717862 0.690937
1624182218.313198 5.603998 -72.092234 -2.760955 0.099307 -0.022473 0.717742 0.688825
1624182218.413032 5.577039 -71.954474 -3.118577 0.106453 -0.004737 0.716546 0.689353
1624182218.513123 5.552076 -71.795967 -3.245022 0.110128 0.005115 0.715255 0.690113
1624182218.612888 5.531331 -71.624708 -3.109838 0.094924 -0.001315 0.715817 0.691805
1624182218.712932 5.498747 -71.422519 -2.949917 0.079478 -0.014757 0.716652 0.692730
1624182218.811415 5.430304 -71.196536 -2.995976 0.061942 -0.032285 0.717553 0.692992
1624182218.911272 5.337543 -70.977181 -3.188736 0.046508 -0.042870 0.718058 0.693104
1624182219.013056 5.248805 -70.749684 -3.394301 0.028228 -0.043053 0.718236 0.693893
1624182219.111242 5.173398 -70.503586 -3.514594 -0.003618 -0.021723 0.718865 0.694801
1624182219.213187 5.112602 -70.246709 -3.558964 -0.035289 0.005106 0.718526 0.694585
1624182219.313199 5.056159 -70.007280 -3.619355 -0.064571 0.025512 0.717038 0.693568
1624182219.411452 5.001303 -69.795547 -3.767910 -0.084118 0.042121 0.715573 0.692175
1624182219.512994 4.951968 -69.615283 -4.003097 -0.092797 0.046533 0.714947 0.691429
1624182219.612985 4.901430 -69.435481 -4.110432 -0.088042 0.040334 0.715594 0.691770
1624182219.712944 4.859858 -69.264746 -4.114132 -0.086190 0.033953 0.715598 0.692342
1624182219.813237 4.831182 -69.108042 -4.118001 -0.086833 0.033082 0.715368 0.692541
1624182219.913226 4.806195 -68.991409 -4.193404 -0.084017 0.030449 0.715624 0.692745
1624182220.011484 4.780492 -68.895030 -4.343466 -0.082027 0.028031 0.715708 0.692999
1624182220.113018 4.770341 -68.797605 -4.472191 -0.073775 0.025825 0.716356 0.693343
1624182220.210206 4.765655 -68.708189 -4.546250 -0.064524 0.019262 0.716871 0.693947
1624182220.310729 4.761032 -68.637732 -4.589773 -0.058578 0.016949 0.717002 0.694398
1624182220.411119 4.762960 -68.572583 -4.644581 -0.055229 0.017353 0.717016 0.694649
1624182220.511289 4.773600 -68.517312 -4.745966 -0.053615 0.017294 0.716781 0.695019
1624182220.611306 4.792613 -68.479907 -4.848781 -0.050829 0.018331 0.716751 0.695232
1624182220.711323 4.812675 -68.457273 -5.019927 -0.045482 0.014717 0.716894 0.695541
1624182220.811338 4.832562 -68.450695 -5.154934 -0.029916 0.006631 0.717647 0.695732
1624182220.909395 4.857682 -68.443644 -5.283176 -0.008442 -0.009990 0.718646 0.695253
1624182221.011150 4.889096 -68.408644 -5.412120 0.020778 -0.030097 0.719311 0.693725
1624182221.111425 4.914080 -68.375870 -5.531626 0.051926 -0.056206 0.719290 0.690482
1624182221.211030 4.931715 -68.311842 -5.643315 0.063359 -0.067893 0.719480 0.688277
1624182221.311113 4.944760 -68.253305 -5.668648 0.073564 -0.071822 0.719809 0.686517
1624182221.411256 4.972522 -68.171376 -5.860646 0.057802 -0.054327 0.721870 0.687467
1624182221.511274 5.003341 -68.073245 -6.134939 0.022978 -0.022739 0.724840 0.688158
1624182221.610942 5.030470 -67.907100 -6.296884 -0.007390 0.008253 0.724818 0.688851
1624182221.709996 5.050457 -67.752309 -6.478811 -0.031018 0.031784 0.724966 0.687351
1624182221.809952 5.074085 -67.639470 -6.551583 -0.040081 0.058724 0.723928 0.686202
1624182221.911048 5.080269 -67.595235 -6.961576 -0.035076 0.068639 0.722631 0.686923
1624182222.011286 5.080719 -67.543545 -7.270977 -0.023846 0.075588 0.721861 0.687485
1624182222.111111 5.076818 -67.473669 -7.510004 -0.022123 0.070425 0.721909 0.688040
1624182222.211068 5.062121 -67.389571 -7.628355 -0.020468 0.063361 0.722252 0.688418
1624182222.311279 5.032484 -67.315339 -7.696075 -0.025893 0.050441 0.722959 0.688561
1624182222.411350 5.002502 -67.259742 -7.725447 -0.035723 0.037885 0.723523 0.688334
1624182222.510989 4.977977 -67.231687 -7.809762 -0.045041 0.026360 0.724243 0.687567
1624182222.611187 4.952172 -67.220942 -8.075245 -0.049361 0.021886 0.724569 0.687084
1624182222.711133 4.938167 -67.205546 -8.288335 -0.047588 0.019390 0.724977 0.686854
1624182222.811113 4.922714 -67.199400 -8.527557 -0.045410 0.016469 0.725247 0.686792
1624182222.911297 4.893956 -67.200459 -8.768054 -0.034923 0.018268 0.725409 0.687189
1624182223.011344 4.871047 -67.201443 -8.957168 -0.023796 0.011138 0.725611 0.687604
1624182223.111138 4.861650 -67.209510 -9.150181 -0.011913 0.001224 0.725635 0.687975
1624182223.211314 4.855054 -67.217206 -9.300396 0.004741 -0.015864 0.725543 0.687977
1624182223.311293 4.834624 -67.218734 -9.392462 0.029149 -0.038846 0.724756 0.687291
1624182223.411127 4.813210 -67.211508 -9.582513 0.049747 -0.060237 0.723107 0.686304
1624182223.489249 4.789971 -67.195436 -9.764600 0.080254 -0.087607 0.720241 0.683475
1624182223.589041 4.768686 -67.151358 -9.959956 0.106319 -0.111692 0.716774 0.680041
1624182223.689210 4.747868 -67.064107 -10.131486 0.124295 -0.124829 0.714272 0.677336
1624182223.788980 4.729365 -66.922906 -10.283830 0.136166 -0.132060 0.712584 0.675457
1624182223.888625 4.702804 -66.738092 -10.443269 0.142136 -0.132341 0.711823 0.674975
1624182223.989202 4.678472 -66.515428 -10.627953 0.136619 -0.120715 0.713506 0.676515
1624182224.089029 4.664738 -66.272270 -10.738878 0.122923 -0.088792 0.717405 0.679953
1624182224.188892 4.626799 -65.966664 -10.894958 0.103542 -0.042216 0.720230 0.684665
1624182224.288843 4.574273 -65.605043 -11.175518 0.077431 0.011179 0.721954 0.687504
1624182224.388800 4.465236 -65.244992 -11.532971 0.041515 0.052999 0.721384 0.689255
1624182224.489048 4.353863 -64.900350 -11.662994 0.013789 0.078961 0.720479 0.688829
1624182224.610988 4.273208 -64.583063 -11.804145 -0.016594 0.094227 0.720284 0.687049
1624182224.710981 4.203532 -64.290604 -12.011589 -0.046917 0.093630 0.720425 0.685580
1624182224.811036 4.107004 -64.016228 -12.251818 -0.068542 0.085414 0.720329 0.684933
1624182224.911037 3.991106 -63.762279 -12.484670 -0.085459 0.077257 0.719698 0.684663
1624182225.011076 3.868414 -63.530775 -12.771340 -0.100769 0.072983 0.718382 0.684431
1624182225.111117 3.743298 -63.327544 -12.969835 -0.121140 0.065474 0.717273 0.683050
1624182225.211105 3.633241 -63.175219 -13.161739 -0.138911 0.062777 0.715798 0.681466
1624182225.311100 3.547442 -63.045600 -13.358165 -0.148490 0.061194 0.714863 0.680571
1624182225.411138 3.470803 -62.929496 -13.546122 -0.149613 0.058111 0.715063 0.680385
1624182225.511125 3.396943 -62.838782 -13.766172 -0.143642 0.053165 0.715935 0.681159
1624182225.611085 3.340974 -62.758099 -14.005918 -0.132101 0.046799 0.717174 0.682657
1624182225.710837 3.297436 -62.719887 -14.216727 -0.117603 0.039095 0.718734 0.684151
1624182225.810961 3.255778 -62.718129 -14.352169 -0.096749 0.031999 0.720540 0.685885
1624182225.910562 3.236338 -62.743369 -14.521737 -0.075132 0.021870 0.721954 0.687502
1624182226.009823 3.216511 -62.756688 -14.748536 -0.043058 0.010301 0.722969 0.689460
1624182226.110801 3.200170 -62.765133 -14.916688 -0.014878 -0.001185 0.722999 0.690688
1624182226.188985 3.186944 -62.762836 -15.103047 0.008692 -0.005916 0.722385 0.691411
1624182226.289211 3.149851 -62.751500 -15.354800 0.021079 -0.006314 0.721942 0.691604
1624182226.388819 3.108570 -62.746505 -15.545645 0.025216 -0.006171 0.721699 0.691720
1624182226.488925 3.088582 -62.750877 -15.672659 0.016449 -0.001796 0.722015 0.691680
1624182226.588699 3.070171 -62.756623 -15.781725 0.006207 -0.000207 0.722599 0.691240
1624182226.689465 3.042590 -62.735690 -15.875640 -0.003358 0.001031 0.723024 0.690813
1624182226.789133 3.006302 -62.691796 -15.994044 -0.009371 0.000007 0.723509 0.690252
1624182226.889184 2.960312 -62.664973 -16.111771 -0.012844 -0.000650 0.724138 0.689535
1624182226.988556 2.918687 -62.655219 -16.261993 -0.014102 -0.003845 0.724733 0.688875
1624182227.089116 2.881251 -62.647760 -16.433280 -0.010783 -0.007577 0.725925 0.687648
1624182227.188943 2.840926 -62.634906 -16.611599 -0.002507 -0.016687 0.727695 0.685694
1624182227.289131 2.802908 -62.602123 -16.813466 0.008393 -0.027921 0.729688 0.683158
1624182227.389307 2.780822 -62.530032 -17.019498 0.019346 -0.040332 0.730815 0.681109
1624182227.489774 2.751919 -62.473688 -17.142279 0.035151 -0.056452 0.731793 0.678275
1624182227.589748 2.705800 -62.435429 -17.209279 0.051945 -0.072201 0.731577 0.675931
1624182227.689513 2.664876 -62.373298 -17.309952 0.068963 -0.087665 0.730326 0.673930
1624182227.789490 2.625472 -62.306600 -17.401954 0.088321 -0.103956 0.729647 0.670080
1624182227.887103 2.594084 -62.194320 -17.505627 0.099302 -0.114117 0.730377 0.666082
1624182227.986708 2.564091 -61.998210 -17.587816 0.099250 -0.113367 0.732188 0.664227
1624182228.097869 2.524852 -61.800229 -17.617070 0.093829 -0.105800 0.734992 0.663166
1624182228.186946 2.496681 -61.586180 -17.654625 0.079560 -0.092092 0.737287 0.664528
1624182228.287111 2.463759 -61.370476 -17.677622 0.063939 -0.077076 0.739607 0.665547
1624182228.387115 2.425302 -61.144941 -17.706487 0.048462 -0.063414 0.740836 0.666927
1624182228.498068 2.373397 -60.892413 -17.703237 0.036197 -0.051736 0.741721 0.667730
1624182228.587139 2.332877 -60.619553 -17.741919 0.020034 -0.037313 0.742159 0.668884
1624182228.688122 2.300173 -60.339655 -17.759395 0.006174 -0.024016 0.742293 0.669616
1624182228.787285 2.273350 -60.058572 -17.764674 -0.009530 -0.005452 0.742312 0.669964
1624182228.887292 2.241006 -59.774188 -17.760337 -0.024485 0.012057 0.742125 0.669706
1624182228.987325 2.198750 -59.495259 -17.749533 -0.037047 0.034194 0.741314 0.669262
1624182229.089031 2.152185 -59.239056 -17.760934 -0.042833 0.053639 0.740158 0.668921
1624182229.189048 2.115664 -59.007586 -17.770162 -0.044458 0.069753 0.738976 0.668634
1624182229.289068 2.078394 -58.781753 -17.766316 -0.042427 0.077584 0.738353 0.668592
1624182229.389654 2.027540 -58.558433 -17.776467 -0.038885 0.082628 0.737830 0.668780
1624182229.489252 1.957616 -58.365581 -17.785691 -0.036321 0.082166 0.737934 0.668867
1624182229.589066 1.883658 -58.198365 -17.772926 -0.034180 0.079635 0.738157 0.669039
1624182229.689451 1.799591 -58.038207 -17.828252 -0.038227 0.067394 0.738724 0.669540
1624182229.788843 1.712518 -57.878387 -17.816879 -0.044604 0.056276 0.739028 0.669837
1624182229.888667 1.620953 -57.730221 -17.781176 -0.057867 0.044384 0.739060 0.669680
1624182229.987853 1.538923 -57.605209 -17.710004 -0.075417 0.031872 0.738740 0.669000
1624182230.087809 1.458056 -57.516624 -17.641523 -0.088415 0.023926 0.738549 0.667949
1624182230.189014 1.388498 -57.445216 -17.586380 -0.093491 0.019728 0.738559 0.667384
1624182230.287867 1.322901 -57.379604 -17.563412 -0.091419 0.018128 0.738818 0.667429
1624182230.388057 1.269365 -57.317736 -17.588520 -0.086622 0.015295 0.739330 0.667573
1624182230.488063 1.224053 -57.267056 -17.637536 -0.080843 0.012734 0.739643 0.668004
1624182230.588475 1.197129 -57.297709 -17.672257 -0.072073 0.009064 0.744212 0.663981
1624182230.688460 1.190630 -57.348854 -17.694470 -0.064166 0.008772 0.753113 0.654696
1624182230.789150 1.173094 -57.310788 -17.703656 -0.056452 0.008841 0.767259 0.638786
1624182230.899504 1.092192 -57.066247 -17.676073 -0.048743 0.013078 0.778614 0.625470
1624182231.000068 1.005664 -56.924649 -17.636178 -0.037506 0.009052 0.788132 0.614296
1624182231.100278 1.000374 -57.014940 -17.584740 -0.021516 0.000354 0.791566 0.610705
1624182231.200536 1.022889 -57.196107 -17.578700 -0.002762 -0.004521 0.792639 0.609668
1624182231.300345 1.056023 -57.309927 -17.603069 0.018126 -0.016761 0.792490 0.609385
1624182231.398497 1.055525 -57.286792 -17.605492 0.032577 -0.024935 0.791504 0.609786
1624182231.498736 1.021055 -57.170797 -17.607851 0.044343 -0.035591 0.790623 0.609657
1624182231.600204 0.968189 -57.063313 -17.612562 0.047872 -0.039848 0.790190 0.609688
1624182231.699802 0.919032 -57.010560 -17.607753 0.050703 -0.042294 0.790110 0.609398
1624182231.800165 0.884093 -56.997327 -17.574679 0.049674 -0.044637 0.790202 0.609196
1624182231.901004 0.856602 -56.970240 -17.538297 0.047148 -0.042148 0.790575 0.609090
1624182232.001060 0.825373 -56.883174 -17.534017 0.042148 -0.040731 0.790559 0.609575
1624182232.101120 0.782115 -56.748694 -17.527307 0.036794 -0.036948 0.790737 0.609932
1624182232.201113 0.724613 -56.606920 -17.546975 0.028386 -0.033115 0.790806 0.610510
1624182232.301114 0.659319 -56.469768 -17.569196 0.021485 -0.029104 0.790958 0.610800
1624182232.400104 0.593020 -56.349541 -17.554460 0.012814 -0.022178 0.791051 0.611214
1624182232.500292 0.535253 -56.231161 -17.564991 0.001296 -0.014787 0.791211 0.611363
1624182232.601146 0.478568 -56.092147 -17.537116 -0.007963 -0.008193 0.791261 0.611371
1624182232.700675 0.420760 -55.936024 -17.541333 -0.019777 -0.000673 0.791178 0.611266
1624182232.799873 0.360125 -55.780286 -17.550134 -0.028803 0.006163 0.790983 0.611129
1624182232.898120 0.299621 -55.629383 -17.553560 -0.033333 0.009996 0.790834 0.611041
1624182232.999667 0.238490 -55.504067 -17.544355 -0.035956 0.011817 0.790895 0.610780
1624182233.098913 0.181938 -55.394488 -17.569935 -0.035992 0.012312 0.790756 0.610948
1624182233.198173 0.133407 -55.284356 -17.568135 -0.034119 0.011058 0.790680 0.611178
1624182233.298357 0.090331 -55.171234 -17.586713 -0.031505 0.007977 0.790717 0.611318
1624182233.398565 0.038847 -55.052089 -17.599066 -0.028581 0.005898 0.790640 0.611586
1624182233.500950 -0.016379 -54.935048 -17.572571 -0.026727 0.003951 0.790644 0.611680
1624182233.601115 -0.066326 -54.833920 -17.585149 -0.024391 0.000960 0.790750 0.611652
1624182233.700842 -0.106811 -54.743857 -17.587470 -0.021164 0.000029 0.790682 0.611861
1624182233.800801 -0.149009 -54.657158 -17.608999 -0.019256 -0.001534 0.790695 0.611905
1624182233.901027 -0.188885 -54.555636 -17.618295 -0.017545 -0.003454 0.790627 0.612036
1624182234.001247 -0.224840 -54.454717 -17.625496 -0.015935 -0.003465 0.790751 0.611921
1624182234.101459 -0.267883 -54.355151 -17.618255 -0.015974 -0.002988 0.790645 0.612059
1624182234.201284 -0.305376 -54.261375 -17.628841 -0.015666 -0.003277 0.790776 0.611896
1624182234.301446 -0.343083 -54.168828 -17.631589 -0.016307 -0.003381 0.790754 0.611907
1624182234.401267 -0.373813 -54.074526 -17.628552 -0.016575 -0.004852 0.790743 0.611905
1624182234.501223 -0.404815 -53.976818 -17.627575 -0.015785 -0.005360 0.790746 0.611918
1624182234.600973 -0.449665 -53.880103 -17.623955 -0.014047 -0.007783 0.790669 0.612033
1624182234.701198 -0.491116 -53.788421 -17.638663 -0.012817 -0.007195 0.790648 0.612094
1624182234.801660 -0.522851 -53.689172 -17.663183 -0.012380 -0.007626 0.790653 0.612092
1624182234.901455 -0.550122 -53.589424 -17.657453 -0.013561 -0.007403 0.790621 0.612111
1624182235.001403 -0.580565 -53.494638 -17.646666 -0.014400 -0.006802 0.790600 0.612125
1624182235.101454 -0.612715 -53.406355 -17.659646 -0.015999 -0.005660 0.790437 0.612308
1624182235.201827 -0.643766 -53.315683 -17.674180 -0.016749 -0.004122 0.790352 0.612410
1624182235.301443 -0.672146 -53.216717 -17.708319 -0.019429 -0.002635 0.790353 0.612338
1624182235.401404 -0.701728 -53.108015 -17.719312 -0.025443 -0.000154 0.790119 0.612425
1624182235.501214 -0.735320 -53.008128 -17.723440 -0.034345 0.007940 0.789847 0.612290
1624182235.601132 -0.758134 -52.921119 -17.687241 -0.041866 0.013423 0.789763 0.611834
1624182235.701353 -0.770095 -52.847482 -17.686879 -0.049733 0.020491 0.789504 0.611384
1624182235.801355 -0.780976 -52.774781 -17.699556 -0.053350 0.025427 0.789228 0.611249
1624182235.900007 -0.801031 -52.707019 -17.725368 -0.055885 0.028438 0.788995 0.611192
1624182235.998906 -0.816736 -52.651410 -17.746946 -0.055502 0.028769 0.789133 0.611033
1624182236.098853 -0.829698 -52.606818 -17.790203 -0.053875 0.027754 0.789272 0.611046
1624182236.200091 -0.848773 -52.570948 -17.794587 -0.051896 0.025146 0.789410 0.611151
1624182236.300243 -0.857710 -52.550517 -17.798067 -0.047933 0.021211 0.789751 0.611183
1624182236.400009 -0.870472 -52.535565 -17.795284 -0.045277 0.017815 0.789789 0.611445
1624182236.501527 -0.870802 -52.520803 -17.778933 -0.042558 0.013916 0.790172 0.611248
1624182236.601785 -0.868604 -52.506944 -17.803555 -0.038499 0.010596 0.790473 0.611194
1624182236.701539 -0.863653 -52.507964 -17.784448 -0.034429 0.007784 0.790729 0.611148
1624182236.799557 -0.864973 -52.515032 -17.817637 -0.030210 0.006841 0.790819 0.611266
1624182236.899546 -0.868182 -52.519140 -17.839931 -0.025442 0.004723 0.790944 0.611341
1624182236.999621 -0.866191 -52.520335 -17.861724 -0.023052 0.003990 0.790893 0.611507
1624182237.099654 -0.859961 -52.525890 -17.870524 -0.020904 0.003657 0.790931 0.611537
1624182237.200242 -0.851692 -52.535618 -17.875361 -0.017973 0.001760 0.790978 0.611579
1624182237.300300 -0.849895 -52.547536 -17.890681 -0.013999 -0.001895 0.790992 0.611663
1624182237.400805 -0.848531 -52.562962 -17.868962 -0.003024 -0.013993 0.791151 0.611453
1624182237.500037 -0.862099 -52.558495 -17.856933 0.006761 -0.019027 0.790790 0.611754
1624182237.601315 -0.863883 -52.565909 -17.879733 0.025729 -0.035443 0.790557 0.610820
1624182237.700701 -0.871373 -52.563211 -17.905221 0.040752 -0.047459 0.789733 0.610253
1624182237.801871 -0.873538 -52.539517 -17.888481 0.058528 -0.060243 0.788810 0.608871
1624182237.901076 -0.890731 -52.484344 -17.903938 0.071116 -0.069426 0.787654 0.608049
1624182238.002032 -0.909208 -52.411793 -17.904845 0.083113 -0.079566 0.786179 0.607193
1624182238.101476 -0.937462 -52.315739 -17.947188 0.091824 -0.086837 0.785131 0.606298
1624182238.201501 -0.969121 -52.210641 -17.942571 0.101504 -0.091885 0.783953 0.605535
1624182238.303279 -1.011371 -52.057859 -17.977196 0.103345 -0.096814 0.783156 0.605486
1624182238.401744 -1.060170 -51.887905 -17.956826 0.105908 -0.097814 0.782879 0.605241
1624182238.501996 -1.120692 -51.677062 -17.966772 0.101409 -0.095305 0.783236 0.605949
1624182238.602396 -1.185550 -51.437066 -17.967250 0.097791 -0.093039 0.783571 0.606462
1624182238.702025 -1.251981 -51.166990 -17.987148 0.087714 -0.086565 0.784805 0.607367
1624182238.802395 -1.333158 -50.870749 -18.009160 0.085724 -0.085848 0.784822 0.607730
1624182238.902094 -1.407092 -50.562926 -18.030864 0.075497 -0.078699 0.785965 0.608577
1624182239.002471 -1.496839 -50.235276 -17.983535 0.078594 -0.079096 0.785983 0.608110
1624182239.103595 -1.591453 -49.875462 -17.989515 0.076320 -0.076619 0.786361 0.608228
1624182239.203026 -1.681111 -49.495833 -18.030092 0.077930 -0.076322 0.786290 0.608153
1624182239.302588 -1.774295 -49.091328 -17.919113 0.055599 -0.059115 0.787932 0.610391
1624182239.402957 -1.832964 -48.754027 -17.640911 0.017538 -0.026213 0.790549 0.611586
1624182239.501843 -1.924365 -48.435722 -17.188659 -0.004613 0.000715 0.791534 0.611107
1624182239.601707 -2.042880 -48.047021 -16.983029 -0.030195 0.022560 0.790751 0.610976
1624182239.702713 -2.183300 -47.543494 -16.965622 -0.046762 0.039781 0.789197 0.611064
1624182239.801754 -2.330000 -46.955628 -17.188413 -0.058455 0.051158 0.787774 0.611047
1624182239.902110 -2.462251 -46.437748 -17.557511 -0.069255 0.065585 0.786078 0.610724
1624182240.002882 -2.553312 -46.114910 -18.011238 -0.076378 0.071459 0.785858 0.609497
1624182240.102675 -2.608406 -45.939994 -18.377391 -0.084496 0.068721 0.786106 0.608420
1624182240.203007 -2.683682 -45.747563 -18.576119 -0.095571 0.071700 0.784926 0.607961
1624182240.302387 -2.765729 -45.505832 -18.540395 -0.109233 0.060480 0.784811 0.607027
1624182240.402802 -2.854430 -45.235555 -18.338269 -0.119737 0.055408 0.784041 0.606526
1624182240.502598 -2.943354 -44.934916 -18.064708 -0.113176 0.043376 0.784804 0.607776
1624182240.602776 -3.054024 -44.658676 -17.915545 -0.097821 0.051462 0.785515 0.608891
1624182240.703343 -3.136639 -44.443183 -17.827704 -0.071995 0.057021 0.786707 0.610457
1624182240.802404 -3.168163 -44.317598 -17.963124 -0.047473 0.063441 0.787584 0.611092
1624182240.903278 -3.208002 -44.203553 -18.031408 -0.036166 0.059619 0.787962 0.611763
1624182241.002774 -3.265180 -44.075177 -18.033731 -0.030038 0.057623 0.787960 0.612288
1624182241.103873 -3.321385 -43.938638 -17.984464 -0.027525 0.055184 0.788325 0.612161
1624182241.204208 -3.398897 -43.812642 -18.029330 -0.032004 0.056120 0.788148 0.612086
1624182241.303455 -3.480495 -43.713212 -18.156298 -0.040157 0.050112 0.788448 0.611741
1624182241.403190 -3.556304 -43.611927 -18.202619 -0.060687 0.049988 0.787571 0.611188
1624182241.503533 -3.621704 -43.530761 -18.038849 -0.076658 0.044351 0.787411 0.610033
1624182241.604273 -3.683571 -43.487096 -17.832576 -0.085609 0.037513 0.787264 0.609490
1624182241.704092 -3.750771 -43.427796 -17.729829 -0.081122 0.031357 0.787811 0.609746
1624182241.804147 -3.812323 -43.371865 -17.729542 -0.069253 0.018179 0.788955 0.610265
1624182241.904800 -3.869426 -43.338009 -17.859440 -0.055960 0.007116 0.789515 0.611133
1624182242.003800 -3.917146 -43.335904 -18.001678 -0.044106 -0.006660 0.789991 0.611493
1624182242.104411 -3.947925 -43.345493 -18.105319 -0.035692 -0.017063 0.790319 0.611417
1624182242.204206 -3.971560 -43.346150 -18.126442 -0.031136 -0.020958 0.790511 0.611297
1624182242.303779 -3.989305 -43.329139 -18.138049 -0.029088 -0.020996 0.790607 0.611272
1624182242.404723 -4.000062 -43.302372 -18.114708 -0.027068 -0.017220 0.790631 0.611452
1624182242.504128 -4.004171 -43.270575 -18.083212 -0.026328 -0.013670 0.790652 0.611547
1624182242.604525 -4.011708 -43.242946 -18.049018 -0.025161 -0.008513 0.790569 0.611796
1624182242.704465 -4.013168 -43.222496 -18.027240 -0.024672 -0.005144 0.790855 0.611484
1624182242.804096 -4.012039 -43.204697 -18.045339 -0.025049 0.000350 0.790740 0.611639
1624182242.904190 -4.007386 -43.183579 -18.059064 -0.023893 0.005075 0.790911 0.611444
1624182243.004988 -4.006122 -43.152397 -18.090093 -0.025500 0.010008 0.790744 0.611534
1624182243.103831 -4.005591 -43.123441 -18.121532 -0.025150 0.015945 0.790471 0.611775
1624182243.204028 -3.997924 -43.110360 -18.179805 -0.026432 0.020086 0.790250 0.611885
1624182243.303902 -3.995744 -43.106597 -18.216489 -0.027269 0.021455 0.790014 0.612106
1624182243.403879 -3.997842 -43.100128 -18.207726 -0.027129 0.021446 0.789958 0.612185
1624182243.504434 -3.998955 -43.091416 -18.199295 -0.027654 0.021899 0.789809 0.612337
1624182243.603909 -4.001921 -43.087296 -18.193163 -0.027516 0.020558 0.789849 0.612339
1624182243.703891 -4.004914 -43.094726 -18.210650 -0.025652 0.019410 0.790175 0.612036
1624182243.803772 -4.009724 -43.098370 -18.221468 -0.025233 0.017302 0.790255 0.612014
1624182243.904175 -4.014926 -43.103625 -18.226018 -0.025363 0.013746 0.790324 0.612010
1624182244.005133 -4.024704 -43.112499 -18.186220 -0.024404 0.010886 0.790480 0.611905
1624182244.104866 -4.031338 -43.124342 -18.161598 -0.023357 0.008961 0.790444 0.612023
1624182244.205065 -4.031198 -43.147092 -18.187963 -0.022452 0.005296 0.790529 0.611990
1624182244.304863 -4.032613 -43.164960 -18.215532 -0.022196 0.004044 0.790506 0.612038
1624182244.404107 -4.036130 -43.180885 -18.208217 -0.021509 0.001902 0.790529 0.612044
1624182244.504070 -4.039512 -43.197499 -18.215685 -0.022787 0.000045 0.790556 0.611966
1624182244.604245 -4.042629 -43.216002 -18.180206 -0.022646 -0.000123 0.790482 0.612066
1624182244.703880 -4.046823 -43.232858 -18.198532 -0.025562 0.000701 0.790235 0.612270
1624182244.803970 -4.039557 -43.245226 -18.188096 -0.025355 -0.001606 0.790363 0.612112
1624182244.904189 -4.031836 -43.256337 -18.187831 -0.025873 -0.000962 0.790298 0.612176
1624182245.004086 -4.024968 -43.269807 -18.184582 -0.025682 -0.000792 0.790306 0.612173
1624182245.104038 -4.013044 -43.285772 -18.192881 -0.022569 -0.002897 0.790486 0.612057
1624182245.203935 -4.003863 -43.304524 -18.240350 -0.021420 -0.001183 0.790187 0.612490
1624182245.304116 -3.995383 -43.319113 -18.279294 -0.018655 -0.003676 0.790374 0.612329
1624182245.404653 -3.990872 -43.330827 -18.281671 -0.015005 -0.003310 0.790374 0.612431
1624182245.505058 -3.986079 -43.333463 -18.257951 -0.014204 -0.003483 0.790348 0.612484
1624182245.604043 -3.975289 -43.348331 -18.262747 -0.012288 -0.002386 0.790408 0.612453
1624182245.704197 -3.964801 -43.361589 -18.285010 -0.011384 -0.000941 0.790343 0.612558
1624182245.803783 -3.949542 -43.369987 -18.292683 -0.012096 0.000530 0.790432 0.612430
1624182245.903830 -3.937775 -43.375540 -18.304048 -0.013266 0.001648 0.790441 0.612393
1624182246.003923 -3.932717 -43.376393 -18.335305 -0.013584 0.002917 0.790269 0.612603
1624182246.103722 -3.928206 -43.380432 -18.364774 -0.014208 0.003519 0.790018 0.612909
1624182246.203686 -3.920282 -43.386022 -18.381557 -0.014828 0.004147 0.789855 0.613101
1624182246.303846 -3.906669 -43.399669 -18.390172 -0.014392 0.003742 0.789703 0.613309
1624182246.403845 -3.905196 -43.403374 -18.375569 -0.014097 0.004665 0.789683 0.613335
1624182246.503840 -3.903889 -43.397321 -18.385850 -0.015053 0.005035 0.789660 0.613340
1624182246.603832 -3.898370 -43.390079 -18.384842 -0.015417 0.007073 0.789644 0.613331
1624182246.703847 -3.889742 -43.395403 -18.399903 -0.017341 0.008738 0.789552 0.613376
1624182246.803618 -3.882560 -43.407393 -18.429888 -0.018340 0.010659 0.789505 0.613378
1624182246.903591 -3.883273 -43.416381 -18.438378 -0.018619 0.013134 0.789359 0.613509
1624182247.004546 -3.882080 -43.429567 -18.470920 -0.017076 0.012839 0.789403 0.613503
1624182247.104778 -3.886240 -43.434232 -18.483039 -0.015412 0.012722 0.789284 0.613703
1624182247.203813 -3.893022 -43.432460 -18.495491 -0.013370 0.012305 0.789169 0.613907
1624182247.304874 -3.891898 -43.430757 -18.495855 -0.014518 0.009994 0.789029 0.614103
1624182247.403720 -3.902162 -43.443572 -18.442303 -0.014888 0.008489 0.789156 0.613953
1624182247.503706 -3.911080 -43.464571 -18.436363 -0.017113 0.006979 0.789208 0.613848
1624182247.603692 -3.919582 -43.483409 -18.448211 -0.018336 0.004669 0.789229 0.613807
1624182247.703880 -3.933388 -43.502857 -18.431038 -0.019114 0.003127 0.789270 0.613740
1624182247.803775 -3.942688 -43.524353 -18.337679 -0.011349 -0.006762 0.789710 0.613339
1624182247.903750 -3.959934 -43.506339 -18.380504 0.003258 -0.019850 0.789458 0.613474
1624182248.004169 -3.982652 -43.495633 -18.414083 0.007505 -0.019918 0.789000 0.614025
1624182248.105104 -3.996420 -43.520145 -18.269770 0.014735 -0.025833 0.789209 0.613404
1624182248.204181 -4.003557 -43.547784 -18.148689 0.014781 -0.025102 0.789528 0.613023
1624182248.304235 -4.013961 -43.535275 -18.190374 0.011504 -0.022428 0.789783 0.612868
1624182248.403794 -4.028744 -43.511058 -18.244164 0.007368 -0.020731 0.790792 0.611690
1624182248.503782 -4.042743 -43.512897 -18.313141 0.003029 -0.017995 0.793356 0.608485
1624182248.604349 -4.045693 -43.527036 -18.394892 0.000871 -0.014353 0.800032 0.599784
1624182248.704586 -4.069941 -43.485502 -18.423377 0.001949 -0.014808 0.812058 0.583385
1624182248.805814 -4.129914 -43.362283 -18.451726 -0.001669 -0.009261 0.826434 0.562954
1624182248.906390 -4.202920 -43.214083 -18.431073 -0.000954 -0.006640 0.841749 0.539828
1624182249.007487 -4.250192 -43.131134 -18.409797 0.000137 -0.007692 0.857081 0.515124
1624182249.109772 -4.285930 -43.112271 -18.380708 0.000304 -0.004723 0.870448 0.492237
1624182249.209418 -4.328094 -43.101948 -18.376016 0.002691 -0.003526 0.881723 0.471746
1624182249.310463 -4.349963 -43.101419 -18.340117 0.008114 -0.005833 0.892179 0.451572
1624182249.410841 -4.416685 -43.015398 -18.364537 0.008617 -0.005820 0.898427 0.439000
1624182249.510805 -4.503646 -42.901550 -18.335781 0.012760 -0.010066 0.903373 0.428548
1624182249.610628 -4.529886 -42.826904 -18.343260 0.019202 -0.013821 0.905310 0.424091
1624182249.710043 -4.546751 -42.777998 -18.367161 0.021813 -0.014945 0.905437 0.423656
1624182249.810067 -4.577363 -42.725136 -18.393678 0.029327 -0.017459 0.904986 0.424071
1624182249.910013 -4.641720 -42.646649 -18.428317 0.025300 -0.017492 0.905010 0.424277
1624182250.009967 -4.703489 -42.540066 -18.420517 0.020452 -0.013349 0.905985 0.422604
1624182250.110107 -4.771498 -42.423985 -18.403769 0.013885 -0.010390 0.908492 0.417541
1624182250.210306 -4.827013 -42.315369 -18.389674 0.000830 -0.002753 0.913324 0.407224
1624182250.311819 -4.925015 -42.189116 -18.397955 -0.008589 0.004131 0.919554 0.392848
1624182250.411165 -5.046585 -42.066654 -18.450346 -0.025032 0.016191 0.927000 0.373875
1624182250.512142 -5.141398 -41.963524 -18.406909 -0.041446 0.022007 0.934141 0.353807
1624182250.612479 -5.212530 -41.874410 -18.351111 -0.056554 0.030441 0.941416 0.331076
1624182250.710175 -5.252751 -41.796065 -18.322762 -0.063895 0.038569 0.949090 0.306036
1624182250.808474 -5.325252 -41.706377 -18.370562 -0.066698 0.043102 0.956943 0.279201
1624182250.904516 -5.428959 -41.628684 -18.428972 -0.065070 0.045523 0.965407 0.248362
1624182251.005594 -5.462475 -41.569663 -18.497349 -0.060623 0.037445 0.973551 0.217074
1624182251.105948 -5.519971 -41.520446 -18.461572 -0.055647 0.037321 0.980496 0.184765
1624182251.206999 -5.553690 -41.502531 -18.481027 -0.045868 0.030851 0.987142 0.149983
1624182251.306921 -5.583600 -41.483774 -18.414926 -0.039081 0.027029 0.991885 0.117921
1624182251.409060 -5.602620 -41.473340 -18.378079 -0.030696 0.025816 0.995782 0.082521
1624182251.509954 -5.648742 -41.433278 -18.379767 -0.025080 0.025751 0.997972 0.052527
1624182251.609948 -5.867654 -41.412749 -18.399073 -0.016749 0.022405 0.999177 0.029357
1624182251.710747 -5.920222 -41.405710 -18.399931 -0.006435 0.022482 0.999649 0.012454
1624182251.810759 -5.812066 -41.389860 -18.432056 0.016152 0.020287 0.999644 0.006315
1624182251.883518 -5.713969 -41.357562 -18.424563 0.035851 0.019740 0.999145 0.005877
1624182251.984525 -5.675817 -41.315070 -18.381071 0.055331 0.018305 0.998282 0.006107
1624182252.083977 -5.729454 -41.280075 -18.363660 0.071966 0.018993 0.997202 0.006951
1624182252.184326 -5.845223 -41.267165 -18.354689 0.075645 0.017764 0.996948 0.007553
1624182252.283331 -5.973058 -41.263096 -18.360804 0.072708 0.017336 0.997172 0.007806
1624182252.384301 -6.085177 -41.248731 -18.352766 0.075487 0.017772 0.996959 0.007674
1624182252.484422 -6.201874 -41.221367 -18.375985 0.071341 0.017488 0.997271 0.007466
1624182252.584145 -6.330894 -41.189450 -18.402132 0.067327 0.018208 0.997540 0.006992
1624182252.684562 -6.483570 -41.166057 -18.400628 0.057266 0.018406 0.998165 0.007027
1624182252.784593 -6.663212 -41.154934 -18.431754 0.044716 0.017820 0.998819 0.006536
1624182252.883436 -6.859115 -41.148412 -18.463369 0.026853 0.017648 0.999464 0.006206
1624182252.983661 -7.057698 -41.138034 -18.506187 0.018914 0.015992 0.999677 0.005722
1624182253.083481 -7.257412 -41.123782 -18.524261 0.010264 0.016260 0.999801 0.005306
1624182253.210168 -7.447103 -41.102739 -18.488098 -0.005596 0.013479 0.999880 0.005237
1624182253.282146 -7.635392 -41.086416 -18.472888 -0.024945 0.013229 0.999589 0.005034
1624182253.409425 -7.851550 -41.073486 -18.528360 -0.046108 0.011168 0.998863 0.004626
1624182253.509643 -8.080713 -41.059192 -18.584505 -0.071323 0.012639 0.997364 0.004259
1624182253.608890 -8.278410 -41.044081 -18.643732 -0.089193 0.011349 0.995942 0.003920
1624182253.708710 -8.435905 -41.028091 -18.653097 -0.098338 0.012579 0.995067 0.003551
1624182253.811938 -8.564913 -41.015027 -18.626950 -0.100218 0.012404 0.994882 0.003420
1624182253.909028 -8.723225 -40.997445 -18.688133 -0.076462 0.011409 0.997004 0.002570
1624182254.009727 -8.817161 -40.973464 -18.610479 -0.062127 0.011368 0.997998 0.003336
1624182254.109502 -8.868432 -40.949579 -18.471501 -0.032874 0.012486 0.999376 0.003345
1624182254.212066 -8.941213 -40.945096 -18.477021 0.000582 0.011616 0.999927 0.003380
1624182254.283909 -9.032302 -40.936213 -18.456231 0.029921 0.012828 0.999462 0.003903
1624182254.385101 -9.141062 -40.914060 -18.434855 0.058851 0.011834 0.998189 0.003826
1624182254.485095 -9.268106 -40.885875 -18.425210 0.076523 0.012905 0.996975 0.004193
1624182254.585668 -9.419742 -40.861174 -18.429307 0.087900 0.012227 0.996044 0.004435
1624182254.685686 -9.583828 -40.837940 -18.420820 0.080590 0.014842 0.996628 0.004315
1624182254.784893 -9.768441 -40.821929 -18.434104 0.063691 0.015103 0.997845 0.004591
1624182254.885319 -9.965047 -40.801024 -18.479486 0.037154 0.016318 0.999167 0.004370
1624182254.984058 -10.179017 -40.777613 -18.535180 0.003196 0.018754 0.999811 0.003959
1624182255.082657 -10.391869 -40.757193 -18.541210 -0.035582 0.015424 0.999239 0.004238
1624182255.210152 -10.646760 -40.726513 -18.621902 -0.055017 0.013874 0.998385 0.002984
1624182255.251620 -10.913441 -40.701445 -18.619515 -0.069213 0.010142 0.997546 0.003010
1624182255.351618 -11.148981 -40.676148 -18.596412 -0.080664 0.004029 0.996729 0.002899
1624182255.511553 -11.216809 -40.662170 -18.555841 -0.088568 0.002887 0.996062 0.002719
1624182255.617283 -11.261266 -40.646004 -18.542568 -0.086777 0.002703 0.996222 0.002209
1624182255.709717 -11.357866 -40.616916 -18.503764 -0.084035 0.002959 0.996456 0.002208
1624182255.817377 -11.493678 -40.576148 -18.479634 -0.079977 0.004809 0.996783 0.002138
1624182255.910342 -11.623761 -40.535337 -18.483115 -0.075960 0.004984 0.997095 0.002422
1624182256.010569 -11.737420 -40.502050 -18.476207 -0.072035 0.007655 0.997370 0.002163
1624182256.110461 -11.801748 -40.467804 -18.460821 -0.067767 0.010069 0.997650 0.000641
1624182256.151257 -11.864643 -40.433139 -18.458427 -0.063265 0.013047 0.997911 -0.001283
1624182256.252013 -11.926530 -40.397751 -18.449625 -0.058166 0.014353 0.998178 -0.007099
1624182256.351431 -11.947916 -40.360873 -18.438555 -0.050756 0.017139 0.998326 -0.021818
1624182256.511615 -11.829164 -40.304904 -18.394678 -0.046482 0.019311 0.997309 -0.053309
1624182256.584436 -11.784635 -40.270988 -18.356363 -0.042532 0.020788 0.994479 -0.093655
1624182256.686998 -11.859906 -40.266029 -18.338142 -0.037967 0.021099 0.987896 -0.148910
1624182256.788735 -12.028773 -40.291463 -18.353626 -0.033717 0.020226 0.976688 -0.211032
1624182256.892799 -12.229781 -40.338146 -18.381347 -0.028819 0.019291 0.960705 -0.275396
1624182256.994446 -12.342526 -40.363882 -18.363333 -0.024848 0.018634 0.939625 -0.340794
1624182257.037639 -12.400807 -40.369207 -18.354469 -0.020709 0.020364 0.914880 -0.402680
1624182257.197962 -12.308947 -40.356823 -18.345949 -0.019790 0.021185 0.890399 -0.454256
1624182257.299803 -12.145518 -40.306309 -18.360853 0.016161 -0.022536 -0.860860 0.508086
1624182257.401330 -12.068123 -40.241532 -18.360570 0.016927 -0.025571 -0.832300 0.553476
1624182257.502788 -12.029808 -40.274644 -18.361335 0.018711 -0.022646 -0.813577 0.580715
1624182257.604063 -12.034640 -40.283221 -18.260809 0.022252 -0.024228 -0.802976 0.595103
1624182257.704218 -12.084297 -40.318280 -18.107780 0.021748 -0.025611 -0.793377 0.607803
1624182257.803980 -12.231315 -40.272532 -18.101888 0.006775 -0.028963 -0.786325 0.617097
1624182257.904432 -12.342344 -40.205984 -18.102884 -0.005174 -0.033256 -0.786029 0.617273
1624182258.004278 -12.377533 -40.130020 -18.205028 -0.017397 -0.037815 -0.786350 0.616377
1624182258.103891 -12.343320 -40.093146 -18.308881 -0.027644 -0.043960 -0.786298 0.615661
1624182258.203965 -12.296495 -40.098368 -18.353022 -0.040167 -0.052086 -0.785659 0.615154
1624182258.304204 -12.294514 -40.131725 -18.370105 -0.049062 -0.059351 -0.785083 0.614585
1624182258.404500 -12.352958 -40.172468 -18.378032 -0.062755 -0.069806 -0.783916 0.613730
1624182258.504833 -12.435801 -40.208444 -18.360727 -0.071575 -0.079313 -0.782805 0.613028
1624182258.604968 -12.502930 -40.247458 -18.350495 -0.077037 -0.085763 -0.782133 0.612354
1624182258.677646 -12.553440 -40.313962 -18.341478 -0.080792 -0.090678 -0.781596 0.611848
1624182258.777461 -12.588917 -40.409568 -18.313568 -0.079153 -0.093894 -0.781050 0.612275
1624182258.877252 -12.623321 -40.540527 -18.317225 -0.076117 -0.092757 -0.781193 0.612650
1624182258.977800 -12.676335 -40.694289 -18.315131 -0.069319 -0.089059 -0.781589 0.613499
1624182259.077353 -12.756611 -40.862035 -18.307178 -0.060750 -0.082847 -0.782121 0.614600
1624182259.174753 -12.847060 -41.047742 -18.331087 -0.052534 -0.076820 -0.782767 0.615316
1624182259.274737 -12.941435 -41.239548 -18.342596 -0.042213 -0.069131 -0.783523 0.616060
1624182259.374738 -13.021141 -41.439070 -18.342857 -0.032661 -0.064428 -0.783818 0.616775
1624182259.505200 -13.090675 -41.659336 -18.358465 -0.024361 -0.057277 -0.784314 0.617233
1624182259.605208 -13.148301 -41.888757 -18.394995 -0.016212 -0.051358 -0.784794 0.617413
1624182259.705430 -13.214108 -42.109686 -18.418490 -0.010649 -0.047327 -0.785079 0.617493
1624182259.805666 -13.293298 -42.343576 -18.457792 -0.007579 -0.041943 -0.785342 0.617594
1624182259.905895 -13.377807 -42.577054 -18.498013 -0.004555 -0.036895 -0.785630 0.617579
1624182260.005872 -13.457964 -42.804172 -18.499192 -0.003258 -0.033221 -0.785717 0.617684
1624182260.105841 -13.536060 -43.038163 -18.505017 -0.000919 -0.028427 -0.786107 0.617436
1624182260.206026 -13.601744 -43.275330 -18.513762 0.003896 -0.023692 -0.786260 0.617429
1624182260.306380 -13.664265 -43.508567 -18.520485 0.010965 -0.018305 -0.786469 0.617261
1624182260.406625 -13.737871 -43.745092 -18.556509 0.030466 -0.002882 -0.786397 0.616962
1624182260.507393 -13.816908 -43.964821 -18.528331 0.045806 0.010236 -0.785810 0.616684
1624182260.608043 -13.889810 -44.177965 -18.517525 0.063948 0.025688 -0.784630 0.616123
1624182260.708941 -13.961466 -44.372463 -18.516219 0.076994 0.036630 -0.783515 0.615495
1624182260.808698 -14.033659 -44.539244 -18.515732 0.085497 0.042217 -0.782815 0.614905
1624182260.908712 -14.087510 -44.689909 -18.535165 0.086183 0.045101 -0.782230 0.615349
1624182261.008961 -14.131060 -44.820632 -18.530238 0.083404 0.043442 -0.781612 0.616635
1624182261.108875 -14.184809 -44.905608 -18.499213 0.077464 0.038566 -0.776194 0.624527
1624182261.209615 -14.264032 -44.965577 -18.480549 0.066963 0.030576 -0.763735 0.641319
1624182261.309322 -14.315798 -45.048549 -18.425502 0.057404 0.022456 -0.743084 0.666354
1624182261.409704 -14.317155 -45.141016 -18.382921 0.051735 0.010646 -0.711195 0.701007
1624182261.509775 -14.309812 -45.210389 -18.394395 0.046810 0.000405 -0.670074 0.740817
1624182261.551253 -14.273372 -45.270240 -18.396294 0.046740 -0.010858 -0.621707 0.781779
1624182261.652381 -14.242831 -45.308612 -18.408131 0.045650 -0.018128 -0.569380 0.820606
1624182261.755598 -14.235774 -45.317663 -18.413864 0.044865 -0.023359 -0.514172 0.856195
1624182261.851271 -14.255678 -45.305763 -18.405440 0.041784 -0.027361 -0.455980 0.888587
1624182261.946125 -14.286453 -45.281471 -18.388871 0.034322 -0.028246 -0.394921 0.917639
1624182262.048832 -14.309493 -45.261290 -18.367995 0.024696 -0.029568 -0.332626 0.942271
1624182262.164082 -14.299092 -45.257827 -18.328735 0.017310 -0.029581 -0.269245 0.962462
1624182262.266209 -14.259823 -45.244108 -18.279537 0.010534 -0.027716 -0.206145 0.978072
1624182262.368101 -14.183272 -45.237207 -18.251259 0.005178 -0.026046 -0.151059 0.988168
1624182262.469970 -14.174931 -45.234051 -18.163944 -0.001688 -0.028487 -0.120719 0.992276
1624182262.571200 -14.186740 -45.211449 -18.084221 -0.003319 -0.031286 -0.111523 0.993264
1624182262.699596 -14.272270 -45.212908 -18.044184 -0.006252 -0.033513 -0.090257 0.995335
1624182262.771206 -14.399969 -45.151654 -18.042885 -0.010425 -0.028586 -0.069561 0.997114
1624182262.899980 -14.306382 -45.136697 -18.080506 -0.014890 -0.024145 -0.058444 0.997888
1624182263.000319 -14.209167 -45.131658 -18.165173 -0.014943 -0.024688 -0.044680 0.998584
1624182263.072215 -14.173779 -45.126615 -18.283800 -0.011053 -0.029108 -0.041015 0.998673
1624182263.172447 -14.196008 -45.146534 -18.416895 -0.005090 -0.042220 -0.039513 0.998314
1624182263.272467 -14.250705 -45.170298 -18.486530 -0.001427 -0.062034 -0.039282 0.997300
1624182263.372868 -14.284504 -45.182726 -18.489605 0.000115 -0.084195 -0.039232 0.995677
1624182263.472911 -14.261798 -45.178432 -18.397341 -0.000054 -0.102510 -0.039295 0.993956
1624182263.585425 -14.191776 -45.166022 -18.268621 -0.000339 -0.118236 -0.038975 0.992220
1624182263.698931 -14.112207 -45.160718 -18.131755 -0.002207 -0.127460 -0.038759 0.991084
1624182263.800946 -14.035800 -45.163950 -18.064171 -0.001299 -0.129477 -0.038830 0.990821
1624182263.872563 -13.942482 -45.172795 -18.051056 -0.001078 -0.127819 -0.039247 0.991020
1624182263.986547 -13.817732 -45.185717 -18.089371 -0.000887 -0.120649 -0.039313 0.991916
1624182264.085387 -13.666404 -45.193906 -18.163178 -0.000919 -0.111420 -0.039612 0.992983
1624182264.186155 -13.485897 -45.191766 -18.240126 -0.002849 -0.101435 -0.040167 0.994027
1624182264.300846 -13.288736 -45.187804 -18.276618 -0.005464 -0.091139 -0.040556 0.994997
1624182264.400769 -13.084420 -45.193823 -18.299324 -0.007983 -0.082741 -0.041008 0.995695
1624182264.500783 -12.880026 -45.199879 -18.285528 -0.005855 -0.074922 -0.041107 0.996325
1624182264.572486 -12.665688 -45.214934 -18.302027 -0.006752 -0.068353 -0.041651 0.996768
1624182264.672329 -12.457484 -45.223243 -18.314531 -0.004806 -0.063410 -0.041764 0.997102
1624182264.772547 -12.240734 -45.224482 -18.332380 -0.004678 -0.060822 -0.042170 0.997246
1624182264.872543 -12.011189 -45.224389 -18.337323 -0.005865 -0.060601 -0.042511 0.997239
1624182264.973536 -11.768433 -45.227492 -18.338999 -0.005523 -0.060395 -0.042646 0.997248
1624182265.072327 -11.517188 -45.231921 -18.324211 -0.005330 -0.057341 -0.042472 0.997437
1624182265.200246 -11.270466 -45.239209 -18.326363 -0.008295 -0.052826 -0.042293 0.997673
1624182265.301153 -11.031975 -45.246364 -18.329881 -0.010610 -0.044173 -0.042573 0.998060
1624182265.372230 -10.788413 -45.259928 -18.380202 -0.014364 -0.037869 -0.043408 0.998236
1624182265.500521 -10.543784 -45.262750 -18.370182 -0.016568 -0.026385 -0.043807 0.998554
1624182265.572617 -10.289322 -45.268367 -18.348487 -0.017339 -0.016223 -0.044089 0.998745
1624182265.672657 -10.033690 -45.280907 -18.310624 -0.018793 0.008282 -0.044666 0.998791
1624182265.803155 -9.794377 -45.304193 -18.344886 -0.018574 0.028678 -0.044559 0.998422
1624182265.903121 -9.571974 -45.327802 -18.396495 -0.017017 0.052234 -0.044851 0.997482
1624182266.002960 -9.365776 -45.357967 -18.475568 -0.016595 0.067541 -0.044814 0.996571
1624182266.102933 -9.182547 -45.386680 -18.519411 -0.015752 0.076963 -0.045069 0.995890
1624182266.202982 -9.012744 -45.399760 -18.514602 -0.014317 0.079859 -0.045101 0.995682
1624182266.303121 -8.879542 -45.409035 -18.513116 -0.015121 0.076280 -0.043407 0.996026
1624182266.403259 -8.828163 -45.386714 -18.457305 -0.013658 0.072097 -0.036079 0.996651
1624182266.503574 -8.748350 -45.394170 -18.401804 -0.012317 0.061201 -0.019836 0.997852
1624182266.600391 -8.627311 -45.434202 -18.400914 -0.010017 0.052853 0.008367 0.998517
1624182266.672277 -8.523178 -45.457137 -18.387962 -0.005767 0.040988 0.046084 0.998080
1624182266.774873 -8.466922 -45.458341 -18.390292 -0.002863 0.029034 0.096714 0.994885
1624182266.878127 -8.415273 -45.457113 -18.407050 -0.000441 0.017654 0.158227 0.987245
1624182266.979002 -8.359890 -45.457258 -18.400250 0.001760 0.008684 0.230411 0.973053
1624182267.082425 -8.299718 -45.459985 -18.378467 0.003731 0.001211 0.306384 0.951900
1624182267.184954 -8.259891 -45.457744 -18.357727 0.005038 -0.003492 0.382322 0.924009
1624182267.288183 -8.248929 -45.442525 -18.330074 0.005986 -0.006650 0.454229 0.890840
1624182267.388637 -8.267953 -45.403064 -18.311691 0.006364 -0.007835 0.518849 0.854806
1624182267.484961 -8.273183 -45.330766 -18.269498 0.004708 -0.005413 0.571608 0.820495
1624182267.582752 -8.338089 -45.243668 -18.188125 0.004391 -0.005475 0.608531 0.793499
1624182267.685574 -8.391891 -45.225410 -18.093388 0.005635 -0.001917 0.625101 0.780522
1624182267.786374 -8.518639 -45.185650 -18.023803 0.011052 -0.017819 0.635511 0.771807
1624182267.885017 -8.446244 -45.252179 -18.030728 0.018611 -0.027654 0.644822 0.763605
1624182267.981799 -8.248843 -45.399377 -18.067913 0.032228 -0.044208 0.646368 0.761062
1624182268.096714 -8.079685 -45.526398 -18.158329 0.043548 -0.060984 0.646021 0.759632
1624182268.186370 -8.012723 -45.558583 -18.265329 0.059715 -0.083796 0.644773 0.757417
1624182268.296081 -8.045826 -45.467537 -18.302977 0.072943 -0.101621 0.643564 0.755101
1624182268.397560 -8.097601 -45.286816 -18.300884 0.086592 -0.115598 0.642176 0.752827
1624182268.497324 -8.101001 -45.101053 -18.281303 0.092860 -0.123085 0.641343 0.751603
1624182268.597905 -8.045987 -44.935449 -18.258981 0.093063 -0.126581 0.640815 0.751447
1624182268.697491 -7.968879 -44.793410 -18.233210 0.091573 -0.123252 0.641243 0.751819
1624182268.797763 -7.895488 -44.640694 -18.200023 0.085542 -0.117542 0.641879 0.752900
1624182268.897790 -7.832253 -44.435542 -18.172132 0.077398 -0.109740 0.642865 0.754116
1624182268.998141 -7.781122 -44.169179 -18.152775 0.071188 -0.101794 0.643536 0.755269
1624182269.097516 -7.734799 -43.868217 -18.150190 0.063927 -0.094548 0.643983 0.756478
1624182269.198042 -7.671283 -43.540287 -18.191486 0.057309 -0.088603 0.644042 0.757677
1624182269.297976 -7.599107 -43.226355 -18.221097 0.050007 -0.082034 0.644034 0.758940
1624182269.398521 -7.517098 -42.907579 -18.250702 0.040700 -0.072604 0.644326 0.760208
1624182269.498310 -7.438524 -42.581708 -18.270472 0.029934 -0.062397 0.644894 0.761133
1624182269.597907 -7.367843 -42.234350 -18.289824 0.013359 -0.041828 0.645657 0.762364
1624182269.698483 -7.291427 -41.873115 -18.309686 -0.006403 -0.021204 0.645850 0.763143
1624182269.797524 -7.210320 -41.516893 -18.247316 -0.041238 0.019430 0.644426 0.763307
1624182269.896981 -7.094670 -41.204225 -18.174526 -0.072076 0.054747 0.643554 0.760030
1624182270.009659 -6.992385 -40.892815 -18.043277 -0.099467 0.083888 0.640730 0.756660
1624182270.096790 -6.911319 -40.582275 -17.975365 -0.114434 0.103348 0.638191 0.754278
1624182270.209365 -6.853271 -40.257743 -18.021034 -0.118379 0.112281 0.636855 0.753522
1624182270.297425 -6.793755 -39.970144 -17.994418 -0.100435 0.084347 0.640507 0.756670
1624182270.397022 -6.751847 -39.745969 -18.099031 -0.086077 0.083159 0.639969 0.759022
1624182270.497473 -6.701354 -39.660493 -18.285807 -0.069038 0.068020 0.641733 0.760780
1624182270.598423 -6.641338 -39.589148 -18.431646 -0.056610 0.055103 0.643293 0.761533
1624182270.698472 -6.578339 -39.504833 -18.488201 -0.049170 0.045725 0.644797 0.761399
1624182270.798673 -6.525768 -39.409655 -18.505574 -0.045769 0.042680 0.644863 0.761731
1624182270.898877 -6.482689 -39.308424 -18.547377 -0.041258 0.038063 0.644682 0.762387
1624182270.998878 -6.448009 -39.220677 -18.605490 -0.037220 0.032997 0.644832 0.762704
1624182271.098810 -6.416942 -39.155469 -18.687706 -0.032754 0.027534 0.645113 0.762888
1624182271.198617 -6.389353 -39.101289 -18.838403 -0.029693 0.018964 0.645519 0.762931
1624182271.298693 -6.354610 -39.066819 -19.028410 -0.026660 0.012145 0.645881 0.762876
1624182271.398932 -6.317326 -39.044405 -19.245339 -0.022845 0.006386 0.646405 0.762626
1624182271.498970 -6.281868 -39.028301 -19.474404 -0.020598 0.003579 0.646487 0.762639
1624182271.599514 -6.249419 -38.992053 -19.717986 -0.018623 0.001297 0.646784 0.762444
1624182271.698875 -6.213011 -38.961744 -19.980046 -0.017280 0.001373 0.646766 0.762492
1624182271.798901 -6.175127 -38.933191 -20.210544 -0.015514 0.002672 0.646859 0.762447
1624182271.899482 -6.140608 -38.899349 -20.455195 -0.014273 0.004685 0.646799 0.762512
1624182271.998725 -6.108134 -38.879746 -20.701042 -0.012226 0.005920 0.646626 0.762686
1624182272.099879 -6.075032 -38.866221 -20.943370 -0.009631 0.009706 0.646557 0.762743
1624182272.198502 -6.034525 -38.850539 -21.185516 -0.008434 0.012834 0.646540 0.762726
1624182272.300030 -5.994781 -38.825168 -21.435138 -0.006757 0.016428 0.646525 0.762686
1624182272.400013 -5.964278 -38.810027 -21.677820 -0.006465 0.016715 0.646303 0.762870
1624182272.498422 -5.943806 -38.801748 -21.919808 -0.006413 0.017862 0.646150 0.762974
1624182272.598495 -5.925710 -38.795726 -22.161887 -0.006845 0.017965 0.645930 0.763155
1624182272.700194 -5.904083 -38.792207 -22.391329 -0.007060 0.018587 0.645736 0.763302
1624182272.800109 -5.887845 -38.789993 -22.611742 -0.007304 0.019078 0.645835 0.763204
1624182272.898400 -5.878294 -38.782895 -22.869562 -0.006547 0.018660 0.645796 0.763253
1624182272.998783 -5.873894 -38.772857 -23.182488 -0.004323 0.016922 0.645789 0.763316
1624182273.100351 -5.873420 -38.767470 -23.457761 -0.004670 0.013926 0.645949 0.763239
1624182273.200583 -5.874522 -38.778434 -23.720962 -0.006783 0.011077 0.646077 0.763162
1624182273.299995 -5.876967 -38.779069 -23.979875 -0.008364 0.007761 0.646174 0.763105
1624182273.399184 -5.880822 -38.771857 -24.286215 -0.010261 0.006679 0.646124 0.763135
1624182273.500757 -5.880949 -38.778026 -24.603482 -0.011297 0.001767 0.646359 0.762948
1624182273.600821 -5.884856 -38.797227 -24.887077 -0.008926 -0.001473 0.646447 0.762905
1624182273.701184 -5.890292 -38.808219 -25.179015 -0.002266 -0.010341 0.646545 0.762802
1624182273.800474 -5.888145 -38.776470 -25.481930 0.020927 -0.038294 0.646175 0.761940
1624182273.899818 -5.890249 -38.741141 -25.714290 0.041293 -0.064746 0.644495 0.760743
1624182274.000250 -5.908829 -38.753935 -25.861044 0.061521 -0.090734 0.642596 0.758323
1624182274.100437 -5.933125 -38.771559 -25.989660 0.088265 -0.122832 0.638945 0.754235
1624182274.200557 -5.940727 -38.742971 -26.074408 0.109921 -0.148693 0.635332 0.749774
1624182274.300658 -5.934785 -38.678731 -26.117953 0.124718 -0.165073 0.632443 0.746467
1624182274.400688 -5.922428 -38.593128 -26.135409 0.133220 -0.172125 0.630991 0.744631
1624182274.500533 -5.901855 -38.470807 -26.137883 0.134765 -0.171878 0.631240 0.744199
1624182274.600354 -5.878041 -38.273793 -26.149848 0.131277 -0.163711 0.632738 0.745391
1624182274.700013 -5.844338 -38.028296 -26.150872 0.119768 -0.149854 0.635053 0.748270
1624182274.800199 -5.806755 -37.751475 -26.148116 0.103437 -0.131375 0.638082 0.751593
1624182274.899420 -5.773825 -37.438746 -26.148148 0.080806 -0.106295 0.640685 0.756105
1624182274.998948 -5.728214 -37.134545 -26.173607 0.058985 -0.086144 0.642813 0.758875
1624182275.098572 -5.677250 -36.802624 -26.193611 0.038669 -0.067067 0.643798 0.761269
1624182275.197795 -5.616268 -36.445086 -26.240714 0.020438 -0.049244 0.644555 0.762697
1624182275.302313 -5.565657 -36.073171 -26.289075 0.007454 -0.033100 0.644720 0.763666
1624182275.402680 -5.518837 -35.696899 -26.344670 -0.008048 -0.016331 0.644451 0.764429
1624182275.503841 -5.465708 -35.322729 -26.402594 -0.024329 0.000429 0.643793 0.764812
1624182275.604041 -5.425227 -34.970741 -26.337961 -0.052286 0.030955 0.641330 0.764855
1624182275.703461 -5.343941 -34.660211 -26.370345 -0.076449 0.061759 0.643698 0.758943
1624182275.803970 -5.241411 -34.345959 -26.386898 -0.095467 0.084178 0.647970 0.750956
1624182275.903961 -5.166891 -33.982040 -26.444367 -0.106146 0.101717 0.656729 0.739657
1624182276.004745 -5.131176 -33.650140 -26.467711 -0.109091 0.110478 0.674878 0.721411
1624182276.105912 -5.127374 -33.436647 -26.448804 -0.109979 0.117135 0.698345 0.697494
1624182276.207346 -5.148687 -33.311196 -26.421861 -0.102105 0.116170 0.728818 0.667011
1624182276.309442 -5.160948 -33.202336 -26.401500 -0.090808 0.110301 0.762078 0.631525
1624182276.410689 -5.169643 -33.083587 -26.395044 -0.077332 0.100588 0.797549 0.589761
1624182276.511800 -5.168827 -32.948871 -26.372707 -0.063580 0.091020 0.833696 0.540947
1624182276.612036 -5.154614 -32.797046 -26.347788 -0.050074 0.080809 0.868243 0.486945
1624182276.712263 -5.171076 -32.645908 -26.324436 -0.038430 0.072120 0.901233 0.425561
1624182276.817025 -5.189714 -32.572875 -26.331720 -0.026453 0.061106 0.930526 0.360121
1624182276.917006 -5.233967 -32.528686 -26.341270 -0.019620 0.053005 0.952178 0.300270
1624182277.017248 -5.265506 -32.528535 -26.340286 -0.017833 0.040487 0.965503 0.256607
1624182277.117630 -5.326866 -32.630248 -26.372649 -0.022540 0.026274 0.970912 0.236922
1624182277.217650 -5.440389 -32.703727 -26.397807 -0.026196 0.017484 0.974121 0.223824
1624182277.316957 -5.414046 -32.835262 -26.376383 -0.024518 0.017226 0.981104 0.191146
1624182277.415940 -5.276811 -32.736074 -26.212648 -0.021006 0.023198 0.987686 0.153289
1624182277.515218 -5.298263 -32.636203 -26.067012 -0.018870 0.022988 0.991083 0.129883
1624182277.615910 -5.266770 -32.439759 -26.018695 -0.021122 0.022621 0.993699 0.107726
1624182277.716847 -5.239907 -32.301637 -25.965899 -0.024704 0.022697 0.995736 0.085936
1624182277.817122 -5.300671 -32.207064 -26.093772 -0.006476 0.015386 0.996890 0.077021
1624182277.917120 -5.355715 -32.085541 -26.119353 0.012831 0.011120 0.997013 0.075340
1624182277.929197 -5.393739 -31.998961 -26.195346 0.037050 0.006141 0.996405 0.075933
1624182278.076452 -5.318570 -32.011659 -26.312410 0.049965 0.008526 0.996585 0.065180
1624182278.176662 -5.262346 -32.100028 -26.422195 0.061433 0.010862 0.996595 0.053912
1624182278.275490 -5.271898 -32.178548 -26.505635 0.070949 0.013775 0.996777 0.034802
1624182278.377525 -5.320799 -32.177443 -26.553061 0.072912 0.018297 0.997087 0.012895
1624182278.478257 -5.496988 -32.088689 -26.548037 0.072024 0.022749 0.997129 -0.005335
1624182278.578019 -5.726970 -31.976556 -26.517911 0.066372 0.024636 0.997229 -0.022863
1624182278.680242 -5.873283 -31.866971 -26.457085 0.060311 0.027653 0.997172 -0.035308
1624182278.778599 -5.949414 -31.806387 -26.429649 0.053281 0.029007 0.997451 -0.037562
1624182278.878052 -6.011035 -31.784003 -26.434187 0.047749 0.029456 0.997684 -0.038463
1624182278.979905 -6.105137 -31.768904 -26.431016 0.040924 0.031632 0.997910 -0.038734
1624182279.078307 -6.262390 -31.750481 -26.438637 0.033507 0.030847 0.998215 -0.038643
1624182279.177672 -6.459817 -31.702550 -26.435045 0.025740 0.030199 0.998457 -0.038847
1624182279.319569 -6.689086 -31.648864 -26.432950 0.021719 0.029012 0.998586 -0.038891
1624182279.334983 -6.908544 -31.597029 -26.418692 0.017415 0.028134 0.998684 -0.039191
1624182279.434997 -7.119367 -31.550918 -26.407735 0.017364 0.028318 0.998684 -0.039069
1624182279.534798 -7.316235 -31.507389 -26.400288 0.019050 0.028349 0.998664 -0.038785
1624182279.634795 -7.502767 -31.472815 -26.385311 0.018377 0.030224 0.998618 -0.038873
1624182279.819718 -7.668281 -31.472938 -26.380526 0.016704 0.031038 0.998606 -0.039289
1624182279.834800 -7.846413 -31.471243 -26.377582 0.015422 0.032167 0.998588 -0.039351
1624182279.934601 -8.041318 -31.461170 -26.375805 0.013761 0.035340 0.998501 -0.039477
1624182280.034601 -8.259115 -31.446017 -26.380469 0.012016 0.036946 0.998482 -0.039052
1624182280.134595 -8.496752 -31.425255 -26.383886 0.007509 0.035087 0.998606 -0.038707
1624182280.319596 -8.759429 -31.384542 -26.370247 0.004431 0.032398 0.998710 -0.038835
1624182280.419590 -9.013126 -31.356602 -26.356357 0.002205 0.029680 0.998794 -0.039055
1624182280.519596 -9.252418 -31.343395 -26.361499 0.000034 0.026208 0.998907 -0.038696
1624182280.619615 -9.478240 -31.338638 -26.334817 -0.002349 0.027768 0.998853 -0.038935
1624182280.719607 -9.706978 -31.359568 -26.312591 -0.004294 0.025142 0.998918 -0.038887
1624182280.819550 -9.947283 -31.364267 -26.323620 -0.006119 0.024988 0.998917 -0.038757
1624182280.916587 -10.177043 -31.356071 -26.316339 -0.008922 0.025489 0.998886 -0.038693
1624182281.016490 -10.406767 -31.343768 -26.299628 -0.011142 0.024932 0.998873 -0.038826
1624182281.116486 -10.638702 -31.343753 -26.316008 -0.012561 0.024924 0.998869 -0.038492
1624182281.216540 -10.870279 -31.343179 -26.341495 -0.013627 0.026412 0.998808 -0.038727
1624182281.316353 -11.097817 -31.335047 -26.362117 -0.016229 0.027561 0.998744 -0.038558
1624182281.419708 -11.339258 -31.329363 -26.398365 -0.018988 0.029003 0.998674 -0.038054
1624182281.516634 -11.581480 -31.331955 -26.430335 -0.022219 0.030236 0.998565 -0.038206
1624182281.528905 -11.820623 -31.334722 -26.459021 -0.027166 0.030124 0.998476 -0.037424
1624182281.716652 -12.036805 -31.339335 -26.473281 -0.030245 0.028989 0.998413 -0.037638
1624182281.816619 -12.252427 -31.347017 -26.476149 -0.030807 0.028253 0.998416 -0.037669
1624182281.916347 -12.468226 -31.356600 -26.466401 -0.030352 0.028243 0.998421 -0.037913
1624182281.928871 -12.678303 -31.370384 -26.466621 -0.027086 0.028171 0.998533 -0.037465
1624182282.116450 -12.875184 -31.378442 -26.454849 -0.023105 0.026874 0.998651 -0.037958
1624182282.219406 -13.081664 -31.394496 -26.459857 -0.017207 0.025903 0.998787 -0.038177
1624182282.319666 -13.285026 -31.409974 -26.480460 -0.014061 0.025434 0.998842 -0.038337
1624182282.419516 -13.482065 -31.428014 -26.467848 -0.012651 0.025132 0.998856 -0.038676
1624182282.519541 -13.692321 -31.450172 -26.478117 -0.010297 0.023510 0.998926 -0.038588
1624182282.620011 -13.903391 -31.463621 -26.462831 -0.009350 0.023288 0.998934 -0.038734
1624182282.719387 -14.101359 -31.470183 -26.457472 -0.009273 0.023541 0.998926 -0.038814
1624182282.816271 -14.299089 -31.487295 -26.486482 -0.007572 0.021216 0.998978 -0.039176
1624182282.919482 -14.487131 -31.492501 -26.478367 -0.007430 0.022019 0.998958 -0.039272
1624182283.019194 -14.680879 -31.500441 -26.491424 -0.007548 0.022461 0.998935 -0.039583
1624182283.115906 -14.872062 -31.510050 -26.486840 -0.012401 0.022878 0.998891 -0.039240
1624182283.219498 -15.068728 -31.533337 -26.528613 -0.021031 0.025186 0.998662 -0.039970
1624182283.316159 -15.231916 -31.549949 -26.547696 -0.036977 0.025867 0.997908 -0.046293
1624182283.328830 -15.404998 -31.576321 -26.576519 -0.061022 0.027632 0.996170 -0.056189
1624182283.516212 -15.620842 -31.598406 -26.610476 -0.078055 0.028510 0.993662 -0.075701
1624182283.616255 -15.859610 -31.632117 -26.661386 -0.091277 0.026755 0.990432 -0.099989
1624182283.716686 -16.063432 -31.669470 -26.702259 -0.096026 0.026830 0.986587 -0.129245
1624182283.742129 -16.225897 -31.709793 -26.728051 -0.097631 0.027451 0.981814 -0.160485
1624182283.834685 -16.360619 -31.757116 -26.740860 -0.094194 0.028819 0.975214 -0.198128
1624182283.935853 -16.460988 -31.805985 -26.754317 -0.088039 0.029157 0.965764 -0.242280
1624182284.037225 -16.530538 -31.850190 -26.760059 -0.082043 0.031709 0.952600 -0.291233
1624182284.140548 -16.568024 -31.886891 -26.764501 -0.074466 0.032550 0.936388 -0.341427
1624182284.241755 -16.580437 -31.915123 -26.763067 -0.067044 0.034698 0.917247 -0.391100
1624182284.343529 -16.581023 -31.938499 -26.757243 -0.060452 0.034058 0.895040 -0.440556
1624182284.446086 -16.590883 -31.955411 -26.748204 -0.054412 0.034954 0.868283 -0.491836
1624182284.546042 -16.615318 -31.967253 -26.733502 0.046574 -0.033770 -0.838509 0.541843
1624182284.642117 -16.649622 -31.974101 -26.710793 0.035352 -0.032727 -0.805353 0.590834
1624182284.751688 -16.687260 -31.982579 -26.667429 0.028986 -0.031575 -0.769771 0.636880
1624182284.849532 -16.688835 -31.998177 -26.595492 0.017349 -0.032127 -0.738079 0.673725
1624182284.953915 -16.674568 -32.004627 -26.524718 0.002366 -0.042895 -0.719737 0.692917
1624182285.053648 -16.675443 -31.995021 -26.456458 -0.019298 -0.065124 -0.709922 0.700997
1624182285.176155 -16.712454 -32.078244 -26.365134 -0.042922 -0.085730 -0.700677 0.707008
1624182285.275900 -16.712702 -32.126104 -26.351488 -0.057348 -0.097879 -0.694963 0.710041
1624182285.376441 -16.694249 -32.116492 -26.391437 -0.074517 -0.115440 -0.693006 0.707717
1624182285.476315 -16.673736 -32.116099 -26.476227 -0.084281 -0.124861 -0.692128 0.705879
1624182285.576340 -16.664480 -32.170308 -26.551470 -0.092997 -0.130856 -0.691358 0.704452
1624182285.676370 -16.681201 -32.299842 -26.581748 -0.094542 -0.132478 -0.690946 0.704347
1624182285.776476 -16.704283 -32.500214 -26.597749 -0.093923 -0.133293 -0.690428 0.704784
1624182285.876351 -16.724878 -32.745369 -26.591776 -0.090154 -0.132385 -0.690545 0.705333
1624182285.976629 -16.729690 -32.998562 -26.591277 -0.087496 -0.130951 -0.690825 0.705660
1624182286.076898 -16.722428 -33.249135 -26.593730 -0.082231 -0.129177 -0.691215 0.706239
1624182286.176883 -16.709802 -33.494813 -26.609229 -0.079124 -0.124715 -0.691978 0.706648
1624182286.276852 -16.703263 -33.756616 -26.616404 -0.074466 -0.119258 -0.692672 0.707416
1624182286.376841 -16.701209 -34.014806 -26.640085 -0.069672 -0.111812 -0.693600 0.708211
1624182286.475411 -16.697178 -34.381845 -26.648859 -0.063599 -0.103134 -0.694546 0.709172
1624182286.575616 -16.689674 -34.745169 -26.642002 -0.057885 -0.096356 -0.694926 0.710241
1624182286.676208 -16.682970 -35.119884 -26.638797 -0.053612 -0.087991 -0.696108 0.710505
1624182286.775609 -16.674049 -35.500203 -26.628403 -0.048563 -0.081020 -0.697042 0.710781
1624182286.876557 -16.670954 -35.878169 -26.606914 -0.041794 -0.074458 -0.697441 0.711538
1624182286.975790 -16.670830 -36.261520 -26.594813 -0.034255 -0.065358 -0.697921 0.712363
1624182287.075606 -16.671786 -36.663829 -26.605293 -0.023844 -0.052675 -0.698709 0.713065
1624182287.153359 -16.677858 -37.067512 -26.610009 -0.012368 -0.040591 -0.699245 0.713621
1624182287.275248 -16.684589 -37.472950 -26.625869 0.001060 -0.026667 -0.699715 0.713924
1624182287.352788 -16.698106 -37.872464 -26.627750 0.014297 -0.015284 -0.699502 0.714324
1624182287.449248 -16.708667 -38.263592 -26.642976 0.022028 -0.005075 -0.699747 0.714033
1624182287.548476 -16.714439 -38.644489 -26.656315 0.028701 0.002079 -0.699298 0.714251
1624182287.648664 -16.718373 -39.010945 -26.656482 0.036370 0.010296 -0.699254 0.713873
1624182287.748856 -16.722552 -39.359820 -26.672495 0.049834 0.021994 -0.698917 0.713125
1624182287.843771 -16.729083 -39.688426 -26.679419 0.064816 0.033885 -0.696023 0.714284
1624182287.946467 -16.747233 -40.003114 -26.670846 0.073058 0.047189 -0.688418 0.720080
1624182288.044279 -16.777820 -40.297930 -26.648763 0.077204 0.058499 -0.671490 0.734655
1624182288.144024 -16.803618 -40.562281 -26.617765 0.076509 0.065859 -0.641455 0.760490
1624182288.243804 -16.816021 -40.797420 -26.581089 0.076754 0.070454 -0.598410 0.794387
1624182288.347149 -16.811424 -40.995883 -26.532266 0.082809 0.057436 -0.546566 0.831330
1624182288.450338 -16.787541 -41.153043 -26.506380 0.092281 0.041739 -0.482849 0.869827
1624182288.551971 -16.765952 -41.294890 -26.489194 0.100007 0.021692 -0.410681 0.906018
1624182288.654232 -16.755806 -41.424692 -26.482348 0.106626 0.005480 -0.335711 0.935895
1624182288.754495 -16.773040 -41.538326 -26.489600 0.104349 -0.011731 -0.257140 0.960652
1624182288.865699 -16.803955 -41.631728 -26.498113 0.094440 -0.022221 -0.182579 0.978393
1624182288.968049 -16.855350 -41.701258 -26.497552 0.081318 -0.028560 -0.129894 0.987775
1624182289.069328 -16.938425 -41.771782 -26.480609 0.056111 -0.036710 -0.104569 0.992255
1624182289.167857 -17.070815 -41.835844 -26.478497 0.036028 -0.041997 -0.099406 0.993507
1624182289.267463 -17.275547 -41.855864 -26.501312 0.022124 -0.057021 -0.094410 0.993653
1624182289.373496 -17.487182 -41.844238 -26.535717 0.011762 -0.071858 -0.089373 0.993333
1624182289.472455 -17.644374 -41.799510 -26.573415 0.001347 -0.091326 -0.082129 0.992428
1624182289.572916 -17.584609 -41.750851 -26.553851 -0.004586 -0.107790 -0.071653 0.991578
1624182289.671375 -17.199152 -41.816915 -26.454450 -0.007468 -0.118535 -0.054535 0.991423
1624182289.772491 -16.769643 -41.902306 -26.357431 -0.006461 -0.135211 -0.037556 0.990084
1624182289.873165 -16.443295 -41.965927 -26.280388 -0.004854 -0.142343 -0.019180 0.989620
1624182289.974672 -16.298322 -42.004866 -26.262483 -0.004435 -0.144602 -0.002881 0.989476
1624182290.074741 -16.338291 -42.012748 -26.256868 -0.005050 -0.139444 0.004925 0.990205
1624182290.175065 -16.438864 -42.019601 -26.286286 -0.006183 -0.130246 0.007040 0.991437
1624182290.275589 -16.460767 -42.032162 -26.313186 -0.008185 -0.120314 0.006179 0.992683
1624182290.374135 -16.345535 -42.059384 -26.319342 -0.008899 -0.110884 0.005692 0.993777
1624182290.475617 -16.085519 -42.092471 -26.316516 -0.008743 -0.105918 0.004992 0.994324
1624182290.575539 -15.750705 -42.137191 -26.312578 -0.009527 -0.098281 0.004729 0.995102
1624182290.673494 -15.446794 -42.176000 -26.294202 -0.009079 -0.093985 0.005237 0.995518
1624182290.774249 -15.208916 -42.199388 -26.278176 -0.010003 -0.088102 0.004962 0.996049
1624182290.874233 -15.027720 -42.221339 -26.267156 -0.010927 -0.081881 0.004180 0.996573
1624182290.974096 -14.853118 -42.244531 -26.278679 -0.011637 -0.075907 0.003592 0.997040
1624182291.075082 -14.650089 -42.273122 -26.275948 -0.012404 -0.070706 0.003240 0.997415
1624182291.175057 -14.408295 -42.296474 -26.261959 -0.014072 -0.066120 0.002606 0.997709
1624182291.273533 -14.130464 -42.324965 -26.249381 -0.014193 -0.063422 0.002696 0.997882
1624182291.374902 -13.836156 -42.354357 -26.232568 -0.015565 -0.060906 0.002481 0.998019
1624182291.474322 -13.549465 -42.393130 -26.229316 -0.015899 -0.059727 0.002320 0.998085
1624182291.575146 -13.282116 -42.423119 -26.226042 -0.014422 -0.058616 0.002507 0.998173
1624182291.674950 -13.021520 -42.452857 -26.225694 -0.012305 -0.054897 0.002290 0.998414
1624182291.773779 -12.759889 -42.481233 -26.250550 -0.012410 -0.052887 0.001867 0.998522
1624182291.874557 -12.499982 -42.511644 -26.262872 -0.010982 -0.044984 0.001626 0.998926
1624182291.974915 -12.226571 -42.543299 -26.269429 -0.009382 -0.041751 0.001813 0.999082
1624182292.074321 -11.938984 -42.573834 -26.262935 -0.009113 -0.036088 0.001517 0.999306
1624182292.174933 -11.650605 -42.609197 -26.275350 -0.009550 -0.034948 0.001398 0.999343
1624182292.274900 -11.366396 -42.647315 -26.283239 -0.010362 -0.035517 0.001157 0.999315
1624182292.374862 -11.100206 -42.683216 -26.278163 -0.010757 -0.036254 0.001143 0.999284
1624182292.474653 -10.840970 -42.713507 -26.264058 -0.011657 -0.038346 0.001204 0.999196
1624182292.574640 -10.581048 -42.744980 -26.247670 -0.011716 -0.037506 0.000951 0.999227
1624182292.674685 -10.320863 -42.773149 -26.220911 -0.011658 -0.036783 0.000779 0.999255
1624182292.774682 -10.056912 -42.810882 -26.215239 -0.013344 -0.034275 0.000163 0.999323
1624182292.874462 -9.790229 -42.854482 -26.196166 -0.012525 -0.031078 0.000049 0.999438
1624182292.974716 -9.539983 -42.890923 -26.196717 -0.012262 -0.030856 0.000200 0.999449
1624182293.074507 -9.266718 -42.926254 -26.210375 -0.010695 -0.031879 0.000477 0.999434
1624182293.174514 -9.009237 -42.963054 -26.237891 -0.011584 -0.035302 0.000314 0.999310
1624182293.274495 -8.753583 -43.000320 -26.239293 -0.009520 -0.038361 0.000528 0.999218
1624182293.374502 -8.494302 -43.041280 -26.244401 -0.009712 -0.040984 0.000313 0.999113
1624182293.474252 -8.232682 -43.087024 -26.232216 -0.009434 -0.040546 -0.000023 0.999133
1624182293.573659 -7.973611 -43.129583 -26.219556 -0.009924 -0.038723 -0.000204 0.999201
1624182293.673032 -7.733795 -43.162241 -26.180467 -0.009126 -0.028411 -0.000428 0.999555
1624182293.774213 -7.512232 -43.194352 -26.159330 -0.011083 -0.010848 0.003587 0.999873
1624182293.874127 -7.306676 -43.223842 -26.124485 -0.009523 0.013923 0.017642 0.999702
1624182293.974324 -7.077097 -43.251899 -26.112938 -0.003461 0.038415 0.046743 0.998162
1624182294.034338 -6.868923 -43.272141 -26.120029 0.004790 0.059179 0.097920 0.993422
1624182294.136116 -6.681704 -43.292416 -26.131046 0.012539 0.075420 0.166348 0.983099
1624182294.236910 -6.517179 -43.321732 -26.149308 0.018886 0.068539 0.226481 0.971418
1624182294.340322 -6.375312 -43.353851 -26.157605 0.024943 0.051085 0.293731 0.954196
1624182294.440123 -6.287626 -43.384697 -26.172415 0.030439 0.044846 0.356564 0.932697
1624182294.541940 -6.198862 -43.393714 -26.168147 0.039358 0.041798 0.410496 0.910053
1624182294.647069 -6.058552 -43.377288 -26.140248 0.048762 0.034408 0.464892 0.883354
1624182294.749252 -5.910760 -43.360158 -26.127738 0.050110 0.025083 0.517931 0.853585
1624182294.850915 -5.775605 -43.336322 -26.110532 0.050619 0.015899 0.549961 0.833503
1624182294.991165 -5.751661 -43.362959 -26.096121 0.045445 0.010441 0.591870 0.804684
1624182295.094732 -5.749827 -43.371584 -26.115537 0.038117 -0.000468 0.623010 0.781284
1624182295.195241 -5.763939 -43.381002 -26.090703 0.033845 -0.014138 0.660941 0.749541
1624182295.297973 -5.825461 -43.171758 -26.030207 0.037862 -0.029413 0.683036 0.728810
1624182295.399566 -5.885596 -43.060770 -25.933172 0.063830 -0.055187 0.693411 0.715585
1624182295.496437 -5.926819 -42.882186 -25.926178 0.086838 -0.083818 0.702227 0.701649
1624182295.598977 -5.833417 -42.896405 -25.950779 0.097199 -0.101281 0.705281 0.694890
1624182295.699498 -5.711578 -42.900711 -25.981406 0.107441 -0.116849 0.704194 0.692036
1624182295.799717 -5.641734 -42.842352 -26.021853 0.102061 -0.116287 0.704983 0.692141
1624182295.899491 -5.637238 -42.751637 -25.933133 0.082703 -0.093385 0.708690 0.694405
1624182295.998857 -5.659135 -42.566570 -25.938111 0.078400 -0.092984 0.709388 0.694245
1624182296.098754 -5.671818 -42.273744 -25.995465 0.080529 -0.096096 0.709227 0.693742
1624182296.199211 -5.687682 -41.938291 -26.044421 0.083346 -0.101907 0.708048 0.693784
1624182296.299721 -5.691807 -41.644049 -26.032360 0.081575 -0.101136 0.707967 0.694190
1624182296.400008 -5.671628 -41.342499 -26.079695 0.088003 -0.109412 0.706847 0.693291
1624182296.500191 -5.644083 -41.015338 -26.151219 0.087982 -0.112913 0.706347 0.693241
1624182296.599856 -5.634544 -40.668926 -26.200163 0.087057 -0.110068 0.706662 0.693495
1624182296.699872 -5.642882 -40.286301 -26.230623 0.079446 -0.104074 0.707569 0.694409
1624182296.799841 -5.655293 -39.878941 -26.235278 0.066373 -0.094211 0.708366 0.696373
1624182296.900244 -5.671583 -39.441418 -26.204116 0.052796 -0.084314 0.708929 0.698229
1624182297.000376 -5.670983 -38.985960 -26.187514 0.035749 -0.072276 0.709463 0.700115
1624182297.100705 -5.664063 -38.526687 -26.170481 0.022949 -0.061579 0.709709 0.701423
1624182297.201656 -5.660372 -38.068635 -26.200490 0.002924 -0.048268 0.709525 0.703019
1624182297.302889 -5.649840 -37.589548 -26.241137 -0.011752 -0.036388 0.709575 0.703591
1624182297.404655 -5.636656 -37.116346 -26.264068 -0.028577 -0.019358 0.709973 0.703382
1624182297.504869 -5.600795 -36.644923 -26.313630 -0.042499 -0.007845 0.710365 0.702505
1624182297.605031 -5.586297 -36.174030 -26.332715 -0.056738 0.007631 0.709351 0.702527
1624182297.705062 -5.561681 -35.741056 -26.339097 -0.066669 0.019143 0.709196 0.701591
1624182297.805185 -5.525727 -35.332298 -26.312188 -0.075688 0.032578 0.709006 0.700372
1624182297.905218 -5.485868 -34.943288 -26.307982 -0.087386 0.048034 0.707770 0.699370
1624182298.005333 -5.448617 -34.504902 -26.289911 -0.097845 0.067538 0.705446 0.698721
1624182298.104818 -5.388169 -34.213148 -26.322170 -0.114135 0.088391 0.704394 0.694975
1624182298.204829 -5.323680 -33.953849 -26.332120 -0.127987 0.108098 0.702180 0.692009
1624182298.304861 -5.261227 -33.731391 -26.354514 -0.136297 0.120093 0.700242 0.690407
1624182298.405069 -5.208110 -33.505070 -26.354903 -0.136838 0.124853 0.699858 0.689845
1624182298.505394 -5.159010 -33.291132 -26.385286 -0.129629 0.122349 0.700579 0.690953
1624182298.605755 -5.115425 -33.033135 -26.407615 -0.119298 0.114184 0.702003 0.692764
1624182298.706148 -5.081661 -32.817157 -26.374789 -0.108328 0.097438 0.704835 0.694247
1624182298.806516 -5.038921 -32.695205 -26.328796 -0.092843 0.076274 0.707843 0.696075
1624182298.907092 -4.998037 -32.606846 -26.238897 -0.073685 0.057534 0.708703 0.699286
1624182299.008257 -4.949329 -32.574610 -26.194080 -0.053286 0.036576 0.709840 0.701391
1624182299.108305 -4.891700 -32.544864 -26.181778 -0.033507 0.021081 0.710439 0.702644
1624182299.207133 -4.836622 -32.514581 -26.201191 -0.018079 0.010064 0.711076 0.702811
1624182299.303427 -4.776096 -32.464528 -26.219072 -0.006211 0.001429 0.711323 0.702836
1624182299.402451 -4.730121 -32.421639 -26.228508 -0.000434 -0.003644 0.711360 0.702818
1624182299.501868 -4.687774 -32.384656 -26.241549 0.001319 -0.005063 0.711104 0.703068
1624182299.602201 -4.637578 -32.356167 -26.221738 0.000086 -0.000718 0.710984 0.703208
1624182299.702250 -4.577962 -32.333014 -26.203301 -0.001110 0.003654 0.711167 0.703012
1624182299.808904 -4.525550 -32.316227 -26.214500 -0.002823 0.010684 0.710833 0.703274
1624182299.908496 -4.477425 -32.277809 -26.265764 -0.004088 0.014897 0.710793 0.703231
1624182300.001058 -4.440880 -32.243471 -26.290054 -0.003490 0.019187 0.710876 0.703047
1624182300.108877 -4.402280 -32.235643 -26.286531 -0.004660 0.019376 0.712369 0.701522
1624182300.209183 -4.369117 -32.224286 -26.250019 -0.004155 0.018749 0.715724 0.698119
1624182300.308926 -4.341376 -32.212865 -26.248204 -0.003540 0.018355 0.722138 0.691496
1624182300.409321 -4.298452 -32.201571 -26.240515 -0.003276 0.017803 0.729822 0.683397
1624182300.510231 -4.318214 -32.053839 -26.208953 -0.005231 0.019854 0.737110 0.675460
1624182300.610910 -4.314797 -32.027327 -26.216766 -0.005058 0.017124 0.742181 0.669962
1624182300.710983 -4.286343 -32.057541 -26.199188 -0.005363 0.016361 0.742756 0.669340
1624182300.810893 -4.251494 -32.122635 -26.179624 -0.003862 0.013210 0.742989 0.669163
1624182300.910692 -4.226610 -32.152551 -26.164611 -0.002469 0.012989 0.742463 0.669756
1624182301.010495 -4.217481 -32.161930 -26.155119 -0.001253 0.011089 0.742158 0.670132
1624182301.110416 -4.212599 -32.151878 -26.153111 -0.000174 0.009448 0.741933 0.670408
1624182301.203517 -4.208124 -32.134439 -26.143229 -0.000827 0.008013 0.741908 0.670454
1624182301.305720 -4.201914 -32.125808 -26.132813 -0.002594 0.005734 0.742044 0.670322
1624182301.407490 -4.194498 -32.130099 -26.132444 -0.005131 0.003925 0.742310 0.670026
1624182301.508526 -4.183080 -32.140953 -26.142763 -0.007892 0.000435 0.742378 0.669935
1624182301.609246 -4.182008 -32.160054 -26.128845 -0.009310 -0.000497 0.742556 0.669719
1624182301.709282 -4.177803 -32.173338 -26.142725 -0.011432 -0.002947 0.742637 0.669590
1624182301.810087 -4.169714 -32.177501 -26.123857 -0.009941 -0.002455 0.742934 0.669287
1624182301.909570 -4.159756 -32.171552 -26.138567 -0.010417 -0.003944 0.742925 0.669282
1624182302.009579 -4.147914 -32.178230 -26.140688 -0.009410 -0.002999 0.742989 0.669230
1624182302.109132 -4.135176 -32.183821 -26.138879 -0.007498 -0.001298 0.742903 0.669355
1624182302.208410 -4.114644 -32.195686 -26.160456 -0.005475 -0.001514 0.743132 0.669121
1624182302.307840 -4.096722 -32.203536 -26.156178 -0.003735 0.000588 0.743129 0.669138
1624182302.406616 -4.081570 -32.207042 -26.176875 -0.001112 0.001100 0.743095 0.669185
1624182302.505970 -4.071877 -32.205211 -26.160351 0.002755 0.001366 0.742997 0.669288
1624182302.603549 -4.065710 -32.207872 -26.156915 0.006371 0.001854 0.742788 0.669494
1624182302.709010 -4.055626 -32.221030 -26.204947 0.007638 0.000827 0.742544 0.669753
1624182302.809196 -4.046431 -32.233808 -26.222433 0.007503 0.000176 0.742392 0.669923
1624182302.903496 -4.037463 -32.245775 -26.231111 0.004509 -0.002484 0.742513 0.669811
1624182303.006402 -4.036848 -32.244673 -26.214271 0.001712 -0.003707 0.742442 0.669898
1624182303.108185 -4.038713 -32.233942 -26.162979 -0.001707 -0.005475 0.742575 0.669738
1624182303.208206 -4.041492 -32.228069 -26.149795 -0.002660 -0.005607 0.742489 0.669829
1624182303.307993 -4.035692 -32.218828 -26.169417 -0.003131 -0.004668 0.742436 0.669894
1624182303.407834 -4.025785 -32.219658 -26.198827 -0.003086 -0.004129 0.742647 0.669664
1624182303.508017 -4.019084 -32.221765 -26.219283 -0.003645 -0.002935 0.742767 0.669534
1624182303.608019 -4.012625 -32.223983 -26.222598 -0.005090 -0.001799 0.742842 0.669445
1624182303.707578 -4.010574 -32.234219 -26.224562 -0.005285 0.002441 0.742825 0.669460
1624182303.807742 -4.007354 -32.248560 -26.235107 -0.005707 0.002731 0.742795 0.669489
1624182303.907369 -3.999083 -32.250495 -26.238571 -0.005286 0.004854 0.742841 0.669429
1624182304.007215 -3.991559 -32.240791 -26.239572 -0.005646 0.002273 0.742676 0.669623
1624182304.107389 -3.992879 -32.224796 -26.256494 -0.007103 0.001907 0.742571 0.669726
1624182304.208995 -3.998732 -32.228384 -26.226301 -0.008182 -0.000563 0.742693 0.669582
1624182304.309193 -4.001384 -32.240387 -26.182520 -0.008582 -0.003634 0.742839 0.669405
1624182304.409194 -3.998475 -32.237201 -26.192075 -0.008072 -0.004689 0.742760 0.669492
1624182304.508598 -3.991866 -32.230493 -26.207589 -0.005976 -0.005134 0.742717 0.669560
1624182304.607927 -3.979739 -32.224327 -26.241811 -0.004506 -0.004511 0.742681 0.669616
1624182304.707557 -3.968509 -32.220914 -26.282742 -0.004467 -0.004295 0.742682 0.669616
1624182304.807555 -3.958835 -32.232248 -26.288190 -0.002991 -0.003459 0.742907 0.669379
1624182304.907367 -3.953704 -32.234732 -26.320600 -0.005121 -0.004458 0.742921 0.669344
1624182305.007143 -3.951070 -32.232123 -26.324438 -0.003613 -0.003746 0.743155 0.669099
1624182305.107613 -3.949361 -32.227358 -26.311287 -0.004128 -0.004497 0.743303 0.668928
1624182305.207761 -3.945247 -32.217716 -26.305952 -0.004817 -0.005311 0.743315 0.668903
1624182305.307627 -3.942837 -32.207861 -26.307592 -0.005365 -0.003754 0.743191 0.669047
1624182305.407626 -3.932188 -32.200135 -26.318378 -0.005680 -0.004796 0.743259 0.668963
1624182305.507814 -3.916017 -32.195845 -26.342139 -0.007924 -0.002984 0.743378 0.668818
1624182305.608587 -3.904388 -32.199093 -26.372226 -0.011120 -0.002658 0.743406 0.668743
1624182305.709744 -3.898223 -32.207232 -26.353198 -0.013396 -0.003443 0.743672 0.668401
1624182305.809692 -3.897892 -32.201923 -26.322743 -0.014473 -0.001315 0.743538 0.668536
1624182305.909448 -3.884835 -32.199561 -26.349283 -0.012386 -0.000442 0.743958 0.668111
1624182306.008432 -3.870265 -32.193074 -26.347519 -0.010552 0.002517 0.743778 0.668338
1624182306.108027 -3.857422 -32.189620 -26.366683 -0.009327 0.001298 0.743769 0.668371
1624182306.208259 -3.838717 -32.183206 -26.377740 -0.008392 0.001205 0.743778 0.668373
1624182306.307723 -3.823084 -32.181906 -26.365431 -0.006297 0.000990 0.743787 0.668387
1624182306.407123 -3.818379 -32.174053 -26.342827 -0.005642 0.000034 0.743683 0.668509
1624182306.506947 -3.813798 -32.163609 -26.338091 -0.004919 -0.000032 0.743672 0.668527
1624182306.606959 -3.806995 -32.157592 -26.333313 -0.005239 0.000677 0.743607 0.668596
1624182306.706785 -3.793849 -32.160437 -26.336072 -0.005143 0.002257 0.743699 0.668491
1624182306.806618 -3.779047 -32.161492 -26.348790 -0.005109 0.003144 0.743747 0.668434
1624182306.905971 -3.766686 -32.166628 -26.359602 -0.005088 0.003387 0.743748 0.668432
1624182307.005154 -3.764779 -32.170323 -26.379091 -0.003804 0.003944 0.743559 0.668648
1624182307.107036 -3.763340 -32.165282 -26.383014 -0.003531 0.003352 0.743345 0.668891
1624182307.204634 -3.758298 -32.157295 -26.369497 -0.002285 0.001851 0.743383 0.668860
1624182307.304277 -3.759066 -32.148385 -26.365729 -0.000968 0.002218 0.743111 0.669164
1624182307.403959 -3.761604 -32.136589 -26.368874 -0.000654 0.000486 0.742963 0.669332
1624182307.504903 -3.758085 -32.127045 -26.367248 -0.002543 -0.000259 0.742939 0.669354
1624182307.605804 -3.756320 -32.118631 -26.366528 -0.002873 -0.000020 0.742953 0.669337
1624182307.706617 -3.751773 -32.124976 -26.383355 -0.006009 -0.000189 0.743032 0.669229
1624182307.808335 -3.759416 -32.135394 -26.382442 -0.008002 0.001514 0.742738 0.669533
1624182307.908328 -3.762407 -32.135917 -26.367943 -0.007840 0.000326 0.742870 0.669389
1624182308.007277 -3.759756 -32.124756 -26.375258 -0.007580 0.001004 0.742743 0.669533
1624182308.107075 -3.763469 -32.113954 -26.334433 -0.004655 0.003783 0.742838 0.669444
1624182308.204103 -3.765596 -32.096880 -26.367892 -0.003812 0.004332 0.742766 0.669526
1624182308.303213 -3.765102 -32.090662 -26.413289 -0.003331 0.002753 0.742646 0.669670
1624182308.404930 -3.765954 -32.085472 -26.416716 -0.003762 0.002130 0.742578 0.669746
1624182308.505967 -3.769345 -32.085536 -26.389089 -0.004273 0.000747 0.742574 0.669750
1624182308.605921 -3.774757 -32.077740 -26.378234 -0.004506 0.000102 0.742639 0.669677
1624182308.706668 -3.785804 -32.057996 -26.383222 -0.004828 0.000575 0.742670 0.669640
1624182308.806883 -3.793337 -32.059701 -26.374582 -0.004808 0.001330 0.742812 0.669482
1624182308.906267 -3.796877 -32.057280 -26.391794 -0.006645 0.001903 0.742810 0.669466
1624182309.005924 -3.800311 -32.045528 -26.404760 -0.005493 0.001417 0.742721 0.669577
1624182309.106284 -3.807429 -32.039810 -26.397228 -0.004944 0.001638 0.742781 0.669514
1624182309.205293 -3.817296 -32.026148 -26.418836 -0.005564 0.001130 0.742820 0.669467
1624182309.305054 -3.826789 -32.008803 -26.422441 -0.005679 0.001831 0.742908 0.669367
1624182309.405814 -3.835456 -31.994986 -26.424830 -0.007178 0.001029 0.742975 0.669280
1624182309.506950 -3.843102 -31.998828 -26.414838 -0.008825 0.001096 0.742987 0.669247
1624182309.607759 -3.852288 -32.006010 -26.398936 -0.009415 0.000595 0.743038 0.669182
1624182309.707594 -3.859987 -32.000986 -26.408716 -0.008769 0.000471 0.743021 0.669210
1624182309.808236 -3.867175 -31.984320 -26.410074 -0.007471 0.001142 0.743093 0.669146
1624182309.905505 -3.872918 -31.957635 -26.414170 -0.005320 0.001911 0.743249 0.668991
1624182310.004342 -3.877338 -31.942877 -26.414126 -0.004325 0.002514 0.743149 0.669107
1624182310.110001 -3.886400 -31.935779 -26.458893 -0.002827 0.002582 0.743238 0.669017
1624182310.201942 -3.896300 -31.928452 -26.477743 -0.004345 0.000754 0.743087 0.669180
1624182310.304867 -3.907760 -31.921653 -26.475194 -0.006220 -0.001626 0.742894 0.669378
1624182310.407588 -3.925466 -31.909215 -26.444216 -0.009539 -0.003212 0.742778 0.669462
1624182310.508613 -3.945234 -31.901050 -26.406779 -0.012472 -0.003748 0.742618 0.669588
1624182310.609008 -3.961325 -31.898591 -26.389679 -0.014313 -0.003424 0.742499 0.669685
1624182310.708805 -3.960718 -31.909763 -26.419327 -0.014349 -0.003152 0.742617 0.669555
1624182310.809565 -3.966584 -31.896219 -26.436565 -0.014072 -0.001551 0.742424 0.669781
1624182310.908217 -3.967924 -31.878766 -26.460732 -0.013616 -0.000450 0.742568 0.669632
1624182311.007865 -3.972760 -31.859507 -26.485304 -0.013158 0.001310 0.742365 0.669865
1624182311.107818 -3.981412 -31.847263 -26.484614 -0.013404 0.002173 0.742346 0.669879
1624182311.207404 -3.986273 -31.831574 -26.471361 -0.013210 0.002806 0.742394 0.669827
1624182311.308036 -3.992112 -31.824712 -26.427281 -0.013356 0.002891 0.742388 0.669831
1624182311.407962 -4.000644 -31.819829 -26.441431 -0.014714 0.003698 0.742316 0.669878
1624182311.508545 -3.999762 -31.816614 -26.427722 -0.015100 0.002785 0.742614 0.669544
1624182311.608994 -4.006378 -31.811859 -26.429389 -0.017156 0.003133 0.742473 0.669649
1624182311.709020 -4.008862 -31.811105 -26.412811 -0.016791 0.002922 0.742640 0.669474
1624182311.808748 -4.012039 -31.808355 -26.417333 -0.015163 0.002793 0.742637 0.669517
1624182311.908139 -4.015982 -31.810605 -26.412394 -0.013354 0.002212 0.742551 0.669653
1624182312.007539 -4.020141 -31.814141 -26.419589 -0.011107 0.002197 0.742438 0.669819
1624182312.107359 -4.020026 -31.839895 -26.419202 -0.010427 0.001672 0.742729 0.669509
1624182312.206912 -4.021596 -31.835449 -26.409268 -0.010023 0.000662 0.742663 0.669590
1624182312.307666 -4.023733 -31.853505 -26.413470 -0.011151 -0.000554 0.743464 0.668683
1624182312.408204 -4.030601 -31.884134 -26.400625 -0.013532 -0.001651 0.745162 0.666744
1624182312.508760 -4.035572 -31.896285 -26.366011 -0.012478 -0.000355 0.749237 0.662185
1624182312.609004 -4.047227 -31.880098 -26.382027 -0.014361 -0.001349 0.755208 0.655326
1624182312.709061 -4.053784 -31.853527 -26.398603 -0.013485 -0.001515 0.762174 0.647229
1624182312.810381 -4.064582 -31.852736 -26.397992 -0.012201 -0.000687 0.769713 0.638273
1624182312.909861 -4.070642 -31.863936 -26.383058 -0.011387 -0.000973 0.778492 0.627551
1624182313.009645 -4.067137 -31.901008 -26.404533 -0.009431 -0.001037 0.789480 0.613703
1624182313.108951 -4.059583 -31.907979 -26.423559 -0.008757 -0.000276 0.802564 0.596502
1624182313.209425 -4.075724 -31.901222 -26.410671 -0.007676 -0.000038 0.818760 0.574085
1624182313.311013 -4.093600 -31.882140 -26.396973 -0.008240 0.001210 0.835939 0.548759
1624182313.411066 -4.112467 -31.864773 -26.395403 -0.009320 0.001671 0.854792 0.518885
1624182313.513432 -4.135949 -31.856079 -26.390126 -0.010098 0.004048 0.873634 0.486463
1624182313.611368 -4.158721 -31.864090 -26.392465 -0.010325 0.004192 0.891928 0.452041
1624182313.713529 -4.182465 -31.881478 -26.435505 -0.011278 0.005269 0.908064 0.418645
1624182313.811236 -4.202437 -31.893472 -26.438647 -0.011922 0.003526 0.922782 0.385122
1624182313.911179 -4.220720 -31.908003 -26.433568 -0.012240 0.001128 0.935422 0.353318
1624182314.011129 -4.213285 -31.910410 -26.377219 -0.011168 0.001608 0.947239 0.320331
1624182314.111234 -4.219294 -31.907011 -26.367607 -0.010301 0.001121 0.957149 0.289411
1624182314.213153 -4.246439 -31.905497 -26.386908 -0.008634 0.002691 0.965773 0.259230
1624182314.315975 -4.265472 -31.926667 -26.399533 -0.007332 0.004386 0.973250 0.229590
1624182314.415772 -4.252722 -31.952520 -26.403550 -0.007334 0.005776 0.979480 0.201324
1624182314.515588 -4.258724 -31.971374 -26.425272 -0.007780 0.005753 0.984240 0.176572
1624182314.615644 -4.354697 -31.974150 -26.420567 -0.008536 0.006154 0.987424 0.157744
1624182314.715898 -4.425850 -31.962425 -26.415153 -0.008994 0.006569 0.989603 0.143391
1624182314.815933 -4.380804 -31.947340 -26.417936 -0.009538 0.007034 0.990541 0.136705
1624182314.915972 -4.302406 -31.964063 -26.447811 -0.007620 0.006856 0.990878 0.134369
1624182315.015570 -4.256980 -31.956958 -26.425597 -0.007885 0.007427 0.990923 0.133990
1624182315.115719 -4.263935 -31.948370 -26.396945 -0.006441 0.007419 0.990866 0.134489
1624182315.215444 -4.283526 -31.948836 -26.440210 -0.005481 0.006188 0.990810 0.135010
1624182315.315387 -4.305649 -31.948824 -26.454434 -0.004993 0.006408 0.990801 0.135085
1624182315.415579 -4.322930 -31.954214 -26.449860 -0.004822 0.006711 0.990823 0.134910
1624182315.515742 -4.342193 -31.963181 -26.497430 -0.005999 0.004071 0.990851 0.134763
1624182315.615693 -4.349925 -31.944640 -26.463440 -0.008550 0.002341 0.990915 0.134195
1624182315.715765 -4.361716 -31.925082 -26.456686 -0.010038 0.001383 0.990939 0.133930
1624182315.815723 -4.382579 -31.920284 -26.471297 -0.011220 -0.000931 0.990930 0.133904
1624182315.915940 -4.393411 -31.917815 -26.473102 -0.012891 -0.000856 0.990950 0.133607
1624182316.016002 -4.408084 -31.922750 -26.502567 -0.014463 -0.001150 0.990920 0.133669
1624182316.115701 -4.420115 -31.913609 -26.509463 -0.015138 -0.000526 0.990906 0.133702
1624182316.215694 -4.432700 -31.900445 -26.505041 -0.016149 -0.000443 0.990893 0.133679
1624182316.315638 -4.448721 -31.888817 -26.508637 -0.017235 0.000796 0.990843 0.133913
1624182316.415602 -4.459740 -31.881849 -26.498671 -0.016948 0.001659 0.990858 0.133830
1624182316.515630 -4.466459 -31.877782 -26.491633 -0.016735 0.003202 0.990868 0.133757
1624182316.615797 -4.477434 -31.874509 -26.484427 -0.014793 0.004174 0.990898 0.133736
1624182316.715639 -4.480210 -31.875723 -26.495154 -0.014189 0.006454 0.990861 0.133985
1624182316.815652 -4.482564 -31.873069 -26.495503 -0.012912 0.007300 0.990900 0.133781
1624182316.915649 -4.490957 -31.864688 -26.496421 -0.013034 0.007659 0.990865 0.134007
1624182317.015552 -4.506993 -31.847174 -26.508727 -0.015146 0.007504 0.990830 0.134052
1624182317.115588 -4.517440 -31.826754 -26.508140 -0.017928 0.006741 0.990777 0.134139
1624182317.215678 -4.524094 -31.812100 -26.495821 -0.020118 0.007280 0.990748 0.134016
1624182317.315622 -4.533488 -31.805795 -26.488560 -0.021502 0.006992 0.990700 0.134171
1624182317.415573 -4.537058 -31.801239 -26.485328 -0.021665 0.007438 0.990673 0.134321
1624182317.515611 -4.542772 -31.795328 -26.495714 -0.020559 0.008342 0.990685 0.134357
1624182317.615688 -4.547144 -31.785420 -26.505571 -0.019684 0.010258 0.990686 0.134344
1624182317.715536 -4.548221 -31.777305 -26.536057 -0.018529 0.009475 0.990729 0.134248
1624182317.815655 -4.552898 -31.774604 -26.551366 -0.018682 0.010284 0.990785 0.133755
1624182317.915645 -4.517601 -31.773649 -26.537996 -0.019059 0.009000 0.991331 0.129689
1624182318.015471 -4.447524 -31.786313 -26.523220 -0.019988 0.007821 0.992511 0.120256
1624182318.115257 -4.473333 -31.794242 -26.503437 -0.021670 0.006228 0.993829 0.108609
1624182318.215426 -4.616113 -31.789153 -26.499434 -0.022648 0.003921 0.995198 0.095148
1624182318.315766 -4.706583 -31.789702 -26.491662 -0.021785 0.003043 0.996242 0.083774
1624182318.415919 -4.673352 -31.794536 -26.503999 -0.020056 0.002161 0.996753 0.077952
1624182318.515907 -4.590389 -31.798853 -26.503651 -0.017574 0.000665 0.996981 0.075624
1624182318.615799 -4.539847 -31.773778 -26.454353 -0.017818 0.001826 0.997066 0.074420
1624182318.715647 -4.536449 -31.768180 -26.455241 -0.016998 0.001772 0.997096 0.074207
1624182318.815547 -4.548353 -31.772239 -26.468245 -0.016084 0.002479 0.997097 0.074388
1624182318.915444 -4.560914 -31.789871 -26.506245 -0.015514 0.002859 0.997093 0.074539
1624182319.015420 -4.561084 -31.791524 -26.498846 -0.014113 0.004260 0.997119 0.074407
1624182319.115390 -4.555348 -31.778884 -26.495421 -0.014161 0.003991 0.997123 0.074355
1624182319.215445 -4.553453 -31.756184 -26.477133 -0.014500 0.003877 0.997131 0.074188
1624182319.315470 -4.556360 -31.743852 -26.446792 -0.015167 0.005729 0.997129 0.073962
1624182319.415496 -4.562215 -31.747889 -26.431131 -0.015016 0.006716 0.997128 0.073923
1624182319.515551 -4.569402 -31.748725 -26.430469 -0.015687 0.009124 0.997091 0.074029
1624182319.615604 -4.576041 -31.746415 -26.466070 -0.013136 0.008426 0.997123 0.074177
1624182319.715667 -4.570436 -31.718193 -26.434616 -0.012315 0.011099 0.997095 0.074338
1624182319.727872 -4.572433 -31.702314 -26.428749 -0.010944 0.009451 0.997106 0.074631
1624182319.915654 -4.576949 -31.688730 -26.390804 -0.010685 0.011287 0.997068 0.074921
1624182320.015589 -4.583920 -31.697025 -26.384866 -0.010821 0.012400 0.997018 0.075387
1624182320.115538 -4.588852 -31.707068 -26.381328 -0.012403 0.015512 0.996958 0.075371
1624182320.215473 -4.600441 -31.702427 -26.379625 -0.014917 0.018170 0.996882 0.075317
1624182320.315503 -4.614914 -31.702754 -26.368035 -0.017390 0.018873 0.996864 0.074863
1624182320.415478 -4.633990 -31.709017 -26.361719 -0.018211 0.018430 0.996879 0.074578
1624182320.515537 -4.644726 -31.702345 -26.324339 -0.016881 0.016297 0.996961 0.074291
1624182320.615569 -4.652185 -31.707146 -26.334964 -0.015778 0.012503 0.997041 0.074189
1624182320.715605 -4.656892 -31.704121 -26.314636 -0.014233 0.007763 0.997127 0.073991
1624182320.815605 -4.667415 -31.731750 -26.310793 -0.013559 0.002362 0.997156 0.074092
1624182320.915597 -4.674858 -31.748856 -26.278146 -0.013718 -0.000043 0.997168 0.073942
1624182321.015548 -4.682403 -31.747108 -26.247417 -0.014541 -0.002000 0.997146 0.074054
1624182321.115473 -4.691810 -31.739500 -26.256083 -0.015412 -0.003777 0.997135 0.073959
1624182321.215472 -4.702426 -31.741867 -26.278566 -0.016550 -0.003732 0.997107 0.074098
1624182321.315482 -4.711853 -31.741577 -26.281116 -0.017333 -0.002227 0.997085 0.074265
1624182321.415453 -4.717437 -31.737816 -26.273939 -0.018921 -0.001272 0.997063 0.074201
1624182321.515481 -4.730334 -31.750451 -26.300696 -0.019996 0.000266 0.997028 0.074402
1624182321.615465 -4.744772 -31.765294 -26.318103 -0.020319 0.002192 0.997033 0.074210
1624182321.715550 -4.758963 -31.771425 -26.308613 -0.022905 0.002464 0.996981 0.074151
1624182321.815323 -4.764871 -31.760287 -26.280607 -0.024161 0.003154 0.996972 0.073841
1624182321.915372 -4.774802 -31.746078 -26.279035 -0.024784 0.003183 0.996962 0.073772
1624182322.015324 -4.778165 -31.735410 -26.276247 -0.025522 0.004556 0.996952 0.073587
1624182322.115337 -4.785985 -31.745505 -26.320346 -0.024133 0.002125 0.996991 0.073632
1624182322.215537 -4.787807 -31.740416 -26.300886 -0.023966 0.003799 0.996985 0.073699
1624182322.229375 -4.790347 -31.736088 -26.285711 -0.023221 0.004099 0.997001 0.073710
1624182322.415509 -4.781643 -31.734384 -26.297834 -0.018556 0.003097 0.997085 0.073938
1624182322.429361 -4.782493 -31.727248 -26.295378 -0.014041 0.002533 0.997121 0.074473
1624182322.615667 -4.781658 -31.711195 -26.272532 -0.012789 0.005245 0.997148 0.074189
1624182322.715503 -4.780757 -31.710196 -26.281045 -0.011992 0.006956 0.997128 0.074459
1624182322.815418 -4.780928 -31.701169 -26.294952 -0.012252 0.009341 0.997111 0.074376
1624182322.915382 -4.782044 -31.695216 -26.308551 -0.013107 0.011399 0.997074 0.074439
1624182323.015402 -4.785031 -31.680839 -26.299749 -0.014242 0.013273 0.997055 0.074184
1624182323.115446 -4.793171 -31.671329 -26.287258 -0.015870 0.014829 0.997001 0.074275
1624182323.215552 -4.797716 -31.661425 -26.261164 -0.015665 0.016548 0.996972 0.074345
1624182323.315577 -4.804565 -31.668302 -26.285648 -0.015570 0.018346 0.996899 0.074924
1624182323.415577 -4.804908 -31.679133 -26.285697 -0.016650 0.021104 0.996805 0.075215
1624182323.515610 -4.811022 -31.687909 -26.283272 -0.017830 0.022576 0.996726 0.075567
1624182323.615518 -4.816406 -31.699676 -26.291725 -0.018170 0.023022 0.996700 0.075690
1624182323.715703 -4.817788 -31.714655 -26.299211 -0.019082 0.022990 0.996670 0.075876
1624182323.815368 -4.819098 -31.721732 -26.300776 -0.018040 0.021276 0.996725 0.075905
1624182323.915326 -4.828705 -31.726248 -26.309146 -0.018454 0.018157 0.996789 0.075768
1624182324.015381 -4.831472 -31.721070 -26.277965 -0.017112 0.015141 0.996897 0.075325
1624182324.115409 -4.830216 -31.715445 -26.248288 -0.018071 0.012477 0.996935 0.075092
1624182324.215409 -4.834927 -31.736948 -26.273664 -0.016429 0.008599 0.997008 0.075035
1624182324.315482 -4.838177 -31.772226 -26.288500 -0.016205 0.007177 0.997024 0.075033
1624182324.415482 -4.840922 -31.807581 -26.260168 -0.015621 0.005442 0.997068 0.074710
1624182324.429323 -4.842607 -31.838557 -26.233722 -0.013352 0.004531 0.997106 0.074706
1624182324.615458 -4.847776 -31.866891 -26.231593 -0.013386 0.002618 0.997124 0.074551
1624182324.715412 -4.847928 -31.874906 -26.203825 -0.013063 0.003130 0.997133 0.074468
1624182324.815398 -4.850634 -31.877668 -26.208416 -0.013257 0.001315 0.997132 0.074502
1624182324.915380 -4.849313 -31.880084 -26.205489 -0.012895 0.000085 0.997147 0.074379
1624182325.015659 -4.853215 -31.889428 -26.200123 -0.011997 -0.001218 0.997156 0.074399
1624182325.115692 -4.858128 -31.899235 -26.196721 -0.011044 -0.002466 0.997163 0.074423
1624182325.215628 -4.856455 -31.913022 -26.187933 -0.010774 -0.003190 0.997174 0.074287
1624182325.315372 -4.865729 -31.925432 -26.197776 -0.010168 -0.003516 0.997173 0.074372
1624182325.415398 -4.874220 -31.934607 -26.186526 -0.011614 -0.002603 0.997160 0.074368
1624182325.515339 -4.872887 -31.932217 -26.158658 -0.011618 -0.003703 0.997165 0.074258
1624182325.615359 -4.882671 -31.932958 -26.163072 -0.011025 -0.003453 0.997171 0.074268
1624182325.715090 -4.886898 -31.930389 -26.155980 -0.011801 -0.002633 0.997169 0.074212
1624182325.815454 -4.890777 -31.926775 -26.148325 -0.012016 -0.001507 0.997182 0.074032
1624182325.915483 -4.896320 -31.934595 -26.147794 -0.012247 -0.000955 0.997179 0.074048
1624182326.015475 -4.905157 -31.941627 -26.142719 -0.013238 -0.000175 0.997171 0.073997
1624182326.115428 -4.917084 -31.942751 -26.126772 -0.013701 0.001667 0.997171 0.073889
1624182326.215396 -4.926943 -31.937418 -26.124897 -0.014376 0.000888 0.997173 0.073746
1624182326.229274 -4.937757 -31.932621 -26.126007 -0.015727 0.001929 0.997157 0.073662
1624182326.415419 -4.936709 -31.929262 -26.104147 -0.017535 0.003087 0.997126 0.073637
1624182326.515354 -4.936379 -31.924006 -26.090403 -0.019126 0.004852 0.997095 0.073567
1624182326.615369 -4.945032 -31.915227 -26.127185 -0.019078 0.004890 0.997084 0.073721
1624182326.715310 -4.952890 -31.892177 -26.116549 -0.020204 0.007066 0.997045 0.073778
1624182326.815335 -4.956665 -31.883787 -26.116540 -0.018485 0.007271 0.997078 0.073767
1624182326.915330 -4.956921 -31.875010 -26.113713 -0.018763 0.008343 0.997067 0.073728
1624182327.015387 -4.957818 -31.867411 -26.111855 -0.018210 0.010042 0.997062 0.073718
1624182327.115408 -4.963239 -31.869043 -26.120622 -0.016463 0.010119 0.997085 0.073809
1624182327.215381 -4.960947 -31.860994 -26.091846 -0.015990 0.012546 0.997083 0.073574
1624182327.315485 -4.965603 -31.873012 -26.119385 -0.013606 0.011494 0.997119 0.073729
1624182327.415540 -4.970053 -31.873146 -26.110954 -0.012875 0.013403 0.997134 0.073341
1624182327.429238 -4.974828 -31.878382 -26.112245 -0.012173 0.013138 0.997172 0.072987
1624182327.615350 -4.976154 -31.884004 -26.096493 -0.011754 0.011145 0.997198 0.073039
1624182327.715574 -4.973571 -31.884236 -26.095464 -0.012743 0.010282 0.997202 0.072941
1624182327.815393 -4.967235 -31.893009 -26.117599 -0.013867 0.008168 0.997211 0.072879
1624182327.915415 -4.969370 -31.897910 -26.124974 -0.013830 0.007346 0.997213 0.072947
1624182328.015446 -4.979436 -31.913145 -26.147031 -0.014051 0.005112 0.997227 0.072902
1624182328.029232 -4.988661 -31.922302 -26.151302 -0.013505 0.002789 0.997233 0.073046
1624182328.215330 -4.992761 -31.923375 -26.143576 -0.013397 0.002828 0.997255 0.072762
1624182328.315259 -4.996497 -31.945559 -26.198666 -0.013072 0.001341 0.997253 0.072893
1624182328.415182 -4.996632 -31.948176 -26.179823 -0.013138 0.002257 0.997259 0.072773
1624182328.515164 -4.999518 -31.942831 -26.182210 -0.013586 -0.000001 0.997261 0.072705
1624182328.615195 -5.002725 -31.937089 -26.193166 -0.014151 -0.000638 0.997258 0.072634
1624182328.715258 -5.011545 -31.936797 -26.208617 -0.009117 -0.004419 0.997320 0.072456
1624182328.815286 -5.014775 -31.931441 -26.209440 -0.006537 -0.003355 0.997334 0.072597
1624182328.915557 -5.022653 -31.938490 -26.236006 -0.004087 -0.004738 0.997328 0.072784
1624182329.015400 -5.029412 -31.943923 -26.236946 -0.004737 -0.003130 0.997329 0.072816
1624182329.115415 -5.034750 -31.945423 -26.236532 -0.006472 -0.002846 0.997300 0.073093
1624182329.215416 -5.047373 -31.942346 -26.234610 -0.009321 -0.000306 0.997245 0.073584
1624182329.315439 -5.058136 -31.930096 -26.239121 -0.012181 0.002191 0.997214 0.073566
1624182329.415426 -5.077820 -31.929479 -26.223631 -0.013854 0.007151 0.997145 0.073887
1624182329.515337 -5.088232 -31.930116 -26.271466 -0.015448 0.008381 0.997110 0.073907
1624182329.615304 -5.102465 -31.917080 -26.276792 -0.014772 0.011913 0.997072 0.074070
1624182329.715201 -5.130694 -31.887886 -26.254588 -0.006059 0.006890 0.997229 0.073822
1624182329.815211 -5.130504 -31.869444 -26.220928 0.004463 0.008778 0.997205 0.074059
1624182329.827781 -5.139299 -31.865470 -26.230708 0.021484 0.005976 0.996973 0.074486
1624182330.015244 -5.155928 -31.884400 -26.264405 0.035710 0.004312 0.996614 0.073931
1624182330.072723 -5.193946 -31.910618 -26.302760 0.049541 0.003765 0.995982 0.074506
1624182330.174915 -5.240281 -31.915175 -26.295790 0.061733 0.002451 0.995316 0.074355
1624182330.272777 -5.305969 -31.904203 -26.325901 0.068351 0.000416 0.994869 0.074596
1624182330.374876 -5.387414 -31.881778 -26.319747 0.068084 -0.002872 0.994880 0.074629
1624182330.474398 -5.477115 -31.853795 -26.304479 0.064021 -0.002348 0.995161 0.074503
1624182330.574770 -5.587002 -31.833649 -26.345021 0.048048 -0.000453 0.996073 0.074360
1624182330.672619 -5.710036 -31.822878 -26.443149 0.034325 -0.000260 0.996654 0.074179
1624182330.818242 -5.850921 -31.806275 -26.510747 0.023529 0.001528 0.997003 0.073677
1624182330.918476 -6.002336 -31.785590 -26.646551 0.014924 0.004603 0.997168 0.073572
1624182331.015200 -6.147945 -31.771180 -26.848406 0.006844 0.006554 0.997239 0.073654
1624182331.115297 -6.303095 -31.743380 -27.002456 0.003030 0.006970 0.997315 0.072838
1624182331.215397 -6.468366 -31.724553 -27.216579 -0.006935 0.006874 0.997300 0.072785
1624182331.315659 -6.636351 -31.699070 -27.404128 -0.013050 0.005650 0.997290 0.072181
1624182331.415400 -6.793345 -31.657881 -27.576500 -0.019751 0.002924 0.997210 0.071927
1624182331.515353 -6.946341 -31.638868 -27.753621 -0.022067 0.002093 0.997143 0.072216
1624182331.615417 -7.101757 -31.621997 -27.898629 -0.025028 0.003894 0.997074 0.072122
1624182331.715176 -7.248623 -31.621789 -28.098210 -0.028890 0.002777 0.996956 0.072359
1624182331.815171 -7.397050 -31.610938 -28.277960 -0.029433 0.002565 0.996930 0.072514
1624182331.915278 -7.545958 -31.561290 -28.353188 -0.028324 0.000834 0.996971 0.072427
1624182332.015093 -7.682040 -31.505409 -28.477537 -0.022150 0.002525 0.997094 0.072851
1624182332.069931 -7.814153 -31.470636 -28.644472 -0.013353 0.003204 0.997174 0.073860
1624182332.218334 -7.938577 -31.449168 -28.752339 -0.004895 0.004714 0.997250 0.073795
1624182332.318285 -8.081809 -31.450122 -28.981577 0.000749 0.006718 0.997274 0.073483
1624182332.414561 -8.228509 -31.446125 -29.178573 0.002863 0.007807 0.997212 0.074149
1624182332.514782 -8.388002 -31.416094 -29.367347 0.004733 0.007952 0.997248 0.073564
1624182332.621329 -8.524610 -31.378817 -29.557067 -0.000212 0.005780 0.997293 0.073305
1624182332.721261 -8.684178 -31.352315 -29.759487 -0.004605 0.003311 0.997299 0.073231
1624182332.821252 -8.844111 -31.319594 -29.887480 -0.009271 0.002558 0.997355 0.072045
1624182332.920533 -9.009501 -31.308468 -30.054163 -0.013476 -0.000878 0.997299 0.072203
1624182333.021533 -9.158012 -31.287147 -30.181977 -0.011699 -0.001962 0.997374 0.071444
1624182333.121288 -9.289756 -31.241208 -30.261790 -0.008263 -0.002845 0.997376 0.071863
1624182333.219235 -9.432065 -31.210478 -30.474660 0.001725 -0.000808 0.997397 0.072081
1624182333.319320 -9.574160 -31.187881 -30.645276 0.007503 0.001330 0.997334 0.072573
1624182333.419342 -9.738213 -31.161038 -30.856938 0.008890 0.004507 0.997315 0.072548
1624182333.519696 -9.907167 -31.136116 -31.031537 0.006911 0.006102 0.997307 0.072758
1624182333.619323 -10.076136 -31.100784 -31.172087 0.003997 0.007590 0.997298 0.072961
1624182333.719240 -10.251215 -31.070876 -31.334404 0.002608 0.008927 0.997281 0.073102
1624182333.819418 -10.409752 -31.054357 -31.539637 0.002410 0.009067 0.997243 0.073605
1624182333.919455 -10.603529 -31.030069 -31.677855 0.006666 0.007906 0.997234 0.073599
1624182334.019433 -10.772627 -30.991460 -31.891211 0.006268 0.004921 0.997237 0.073857
1624182334.119456 -10.936219 -30.969329 -32.042895 0.009824 0.001957 0.997208 0.074001
1624182334.149025 -11.122683 -30.934956 -32.214095 0.014053 -0.000623 0.997193 0.073537
1624182334.247255 -11.319637 -30.896941 -32.369500 0.022917 -0.002368 0.997043 0.073314
1624182334.407868 -11.515239 -30.875747 -32.556169 0.029688 -0.002984 0.996840 0.073617
1624182334.472831 -11.701550 -30.852273 -32.684805 0.036486 -0.002156 0.996577 0.074150
1624182334.572760 -11.901101 -30.834389 -32.794213 0.043707 -0.003942 0.996409 0.072415
1624182334.672905 -12.129453 -30.810912 -32.895517 0.047393 -0.004638 0.996226 0.072563
1624182334.784813 -12.366177 -30.785226 -32.970669 0.053377 -0.005808 0.996024 0.071089
1624182334.885463 -12.610141 -30.738627 -33.032603 0.054288 -0.006347 0.995936 0.071580
1624182334.986264 -12.853514 -30.682672 -33.091823 0.048072 -0.004295 0.996226 0.072138
1624182335.072986 -13.114249 -30.637285 -33.177908 0.039605 -0.000602 0.996548 0.072959
1624182335.185790 -13.387613 -30.593227 -33.331332 0.026813 0.003436 0.997007 0.072432
1624182335.257115 -13.670480 -30.544524 -33.513221 0.011689 0.007593 0.997273 0.072468
1624182335.347193 -13.960446 -30.493275 -33.703264 -0.001666 0.009541 0.997323 0.072484
1624182335.521872 -14.248665 -30.456679 -33.895148 -0.010393 0.008471 0.997334 0.071730
1624182335.621764 -14.531069 -30.425543 -34.072556 -0.013961 0.007928 0.997346 0.071019
1624182335.722015 -14.812943 -30.391937 -34.208928 -0.014272 0.005786 0.997377 0.070720
1624182335.819958 -15.099233 -30.344234 -34.398247 -0.015805 0.003673 0.997372 0.070604
1624182335.922171 -15.394269 -30.316807 -34.538660 -0.015190 0.000236 0.997372 0.070842
1624182336.022359 -15.698578 -30.276589 -34.651428 -0.013508 -0.003217 0.997401 0.070695
1624182336.120310 -15.966492 -30.252123 -34.755582 -0.012620 -0.006208 0.997405 0.070612
1624182336.217470 -16.233123 -30.217842 -34.832922 -0.008435 -0.008405 0.997416 0.070855
1624182336.322294 -16.472760 -30.178045 -34.925379 -0.011166 -0.007411 0.997418 0.070554
1624182336.421073 -16.731847 -30.134457 -34.931305 -0.019714 -0.004961 0.997234 0.071492
1624182336.522304 -17.031705 -30.093642 -34.949610 -0.031410 -0.001786 0.996990 0.070856
1624182336.619193 -17.325847 -30.055687 -34.989119 -0.050964 0.002818 0.996177 0.070894
1624182336.720147 -17.609860 -30.012084 -34.983612 -0.066567 0.004696 0.995244 0.070960
1624182336.817966 -17.985058 -29.963767 -34.917980 -0.065250 0.002919 0.995487 0.068842
1624182336.920123 -18.287103 -29.847400 -34.774803 -0.060867 0.002644 0.995646 0.070554
1624182337.019603 -18.434850 -29.819001 -34.832431 -0.046871 0.003740 0.996289 0.072088
1624182337.120971 -18.571941 -29.802556 -34.934724 -0.030232 0.001806 0.996951 0.071906
1624182337.221959 -18.719364 -29.816335 -35.020498 -0.016560 0.000017 0.997317 0.071304
1624182337.322327 -18.890551 -29.818195 -35.102417 -0.008229 -0.001358 0.997582 0.068995
1624182337.422070 -19.043739 -29.816510 -35.167116 -0.004061 -0.001726 0.998105 0.061370
1624182337.521850 -19.223947 -29.786886 -35.174667 -0.000693 -0.002437 0.998984 0.044994
1624182337.621897 -19.448250 -29.746176 -35.180483 -0.001979 -0.000957 0.999841 0.017681
1624182337.721606 -19.690519 -29.713785 -35.204694 -0.003566 0.000393 0.999783 -0.020508
1624182337.822269 -19.942025 -29.671511 -35.204820 -0.005083 0.002579 0.997839 -0.065455
1624182337.922489 -20.208841 -29.628944 -35.220626 -0.005402 0.007138 0.993225 -0.115864
1624182337.931116 -20.457473 -29.596304 -35.228563 -0.005423 0.013204 0.985361 -0.169885
1624182338.055232 -20.697815 -29.572788 -35.241036 -0.006647 0.021877 0.974139 -0.224791
1624182338.139164 -20.922677 -29.557870 -35.231434 -0.007635 0.031162 0.959200 -0.280903
1624182338.239162 -21.124187 -29.559444 -35.208615 -0.004672 0.038973 0.940639 -0.337132
1624182338.360497 -21.305910 -29.573287 -35.195019 -0.001573 0.045498 0.918093 -0.393742
1624182338.461820 -21.465841 -29.603648 -35.169124 -0.000394 0.052905 0.891283 -0.450351
1624182338.565148 -21.616946 -29.639989 -35.165759 -0.004386 -0.061021 -0.861573 0.503933
1624182338.665297 -21.773248 -29.683958 -35.157331 -0.010015 -0.067326 -0.827973 0.556621
1624182338.768353 -21.948503 -29.728407 -35.145984 -0.015928 -0.074000 -0.791941 0.605887
1624182338.870108 -22.137906 -29.775482 -35.145131 -0.019297 -0.082623 -0.753043 0.652477
1624182338.971107 -22.315929 -29.827309 -35.144298 -0.025322 -0.093205 -0.714226 0.693219
1624182339.073154 -22.486181 -29.881096 -35.154729 -0.031508 -0.102830 -0.673691 0.731146
1624182339.176011 -22.644918 -29.954450 -35.156931 -0.038613 -0.115454 -0.633531 0.764080
1624182339.276189 -22.785673 -30.041435 -35.139602 -0.045811 -0.128349 -0.594679 0.792329
1624182339.379380 -22.890661 -30.173090 -35.139828 -0.050025 -0.142498 -0.562522 0.812872
1624182339.469165 -23.000785 -30.315394 -35.132344 -0.055360 -0.154121 -0.532903 0.830179
1624182339.570020 -23.094965 -30.487522 -35.146560 -0.059275 -0.160990 -0.510720 0.842457
1624182339.670159 -23.177714 -30.616542 -35.128858 -0.057972 -0.165052 -0.495672 0.850709
1624182339.769679 -23.259477 -30.842326 -35.146541 -0.053181 -0.165087 -0.476442 0.861929
1624182339.870391 -23.309772 -31.097424 -35.174403 -0.046440 -0.161394 -0.457964 0.872963
1624182339.972271 -23.335528 -31.381780 -35.187073 -0.038991 -0.152742 -0.440603 0.883753
1624182340.073265 -23.344764 -31.753762 -35.207701 -0.026749 -0.138899 -0.421618 0.895673
1624182340.162440 -23.329271 -32.058136 -35.210225 -0.019953 -0.124461 -0.409580 0.903524
1624182340.266334 -23.295398 -32.370246 -35.226626 -0.009388 -0.106725 -0.395367 0.912254
1624182340.359636 -23.245881 -32.694991 -35.235796 0.006068 -0.081812 -0.372805 0.924276
1624182340.468336 -23.196096 -33.024415 -35.255927 0.020351 -0.054567 -0.338444 0.939182
1624182340.561317 -23.128472 -33.347308 -35.284605 0.038571 -0.020811 -0.289767 0.956093
1624182340.662095 -23.050564 -33.649641 -35.289558 0.062267 0.001937 -0.227302 0.971830
1624182340.758441 -22.943650 -33.954701 -35.329177 0.087575 0.024074 -0.180998 0.979281
1624182340.857617 -22.866983 -34.235809 -35.351479 0.113433 0.029449 -0.153120 0.981234
1624182340.948358 -22.812779 -34.513793 -35.378567 0.132090 0.032960 -0.145152 0.979998
1624182341.048179 -22.777729 -34.755708 -35.416781 0.135551 0.029496 -0.140555 0.980306
1624182341.155709 -22.779781 -34.947532 -35.456303 0.128969 0.026907 -0.137479 0.981704
1624182341.248454 -22.783006 -35.091158 -35.500644 0.118581 0.024350 -0.134908 0.983435
1624182341.348507 -22.793866 -35.196273 -35.562422 0.097577 0.021025 -0.134352 0.985894
1624182341.447662 -22.827477 -35.276425 -35.621687 0.080613 0.014083 -0.134634 0.987510
1624182341.554615 -22.855559 -35.315640 -35.670899 0.068350 0.007423 -0.133992 0.988595
1624182341.658521 -22.884635 -35.358970 -35.693767 0.057856 -0.001222 -0.133600 0.989344
1624182341.754671 -22.901099 -35.375544 -35.717191 0.044159 -0.008561 -0.133178 0.990071
1624182341.868387 -22.902240 -35.338640 -35.718052 0.035692 -0.015320 -0.132512 0.990420
1624182341.967707 -22.900493 -35.293205 -35.714443 0.028815 -0.021196 -0.131605 0.990657
1624182342.066799 -22.885594 -35.228295 -35.717017 0.020999 -0.023151 -0.133527 0.990552
1624182342.167786 -22.859472 -35.156661 -35.699578 0.015908 -0.025392 -0.131903 0.990810
1624182342.267403 -22.844404 -35.115255 -35.679298 0.011096 -0.025243 -0.132081 0.990855
1624182342.377593 -22.819750 -35.141484 -35.620521 0.010533 -0.026334 -0.128476 0.991307
1624182342.474966 -22.770544 -35.225878 -35.559654 0.011097 -0.026239 -0.120821 0.992265
1624182342.577542 -22.772248 -35.500359 -35.425344 0.010307 -0.023349 -0.111956 0.993385
1624182342.677269 -22.791125 -35.761677 -35.300258 0.009854 -0.022758 -0.110329 0.993586
1624182342.767703 -22.812796 -35.956333 -35.180220 0.009824 -0.021265 -0.110242 0.993629
1624182342.877636 -22.834094 -36.078133 -35.107445 0.008233 -0.020599 -0.110071 0.993676
1624182342.968271 -22.863337 -36.130153 -35.050718 0.010853 -0.021054 -0.110098 0.993638
1624182343.077237 -22.876419 -36.104254 -35.033092 0.010107 -0.022535 -0.109447 0.993686
1624182343.175850 -22.887263 -36.037305 -35.023927 0.008601 -0.023790 -0.109880 0.993623
1624182343.278791 -22.885667 -35.966862 -35.024953 0.008093 -0.022605 -0.109603 0.993685
1624182343.412030 -22.887036 -35.920135 -35.026228 0.007808 -0.021957 -0.109762 0.993685
1624182343.475496 -22.884101 -35.907839 -35.050661 0.008879 -0.021630 -0.110409 0.993611
1624182343.577849 -22.886900 -35.920486 -35.074509 0.008371 -0.020406 -0.110632 0.993617
1624182343.675552 -22.892481 -35.941415 -35.112414 0.010868 -0.020214 -0.110662 0.993593
1624182343.775307 -22.881070 -35.972820 -35.165403 0.010492 -0.020349 -0.110594 0.993602
1624182343.875263 -22.865408 -36.007729 -35.179497 0.011904 -0.021290 -0.110646 0.993561
1624182343.965494 -22.845779 -36.036779 -35.218108 0.011789 -0.020481 -0.110824 0.993559
1624182344.077581 -22.824490 -36.058962 -35.255729 0.012992 -0.015765 -0.110250 0.993694
1624182344.168212 -22.796093 -36.076529 -35.296874 0.011472 -0.015504 -0.110342 0.993707
1624182344.268228 -22.779537 -36.078404 -35.308206 0.011147 -0.011567 -0.110642 0.993730
1624182344.375678 -22.771005 -36.078889 -35.304658 0.011595 -0.011514 -0.107082 0.994116
1624182344.475247 -22.766152 -36.072541 -35.294443 0.014629 -0.012589 -0.099663 0.994834
1624182344.568508 -22.769705 -36.069647 -35.307317 0.013195 -0.015994 -0.083781 0.996268
1624182344.676240 -22.767100 -36.061152 -35.306176 0.011027 -0.016827 -0.062396 0.997849
1624182344.778617 -22.768854 -36.038662 -35.310346 0.008846 -0.019631 -0.034374 0.999177
1624182344.879658 -22.755001 -36.031553 -35.314641 0.005128 -0.018326 -0.002217 0.999816
1624182344.972036 -22.727600 -36.024345 -35.306091 0.000144 -0.016947 0.028147 0.999460
1624182345.082471 -22.716193 -36.000305 -35.260195 -0.000901 -0.015060 0.064198 0.997823
1624182345.179884 -22.715171 -35.972354 -35.228086 -0.001861 -0.013991 0.095205 0.995358
1624182345.282985 -22.717704 -35.948453 -35.200531 -0.001256 -0.013142 0.126613 0.991864
1624182345.383826 -22.739296 -35.935819 -35.185113 -0.001371 -0.013365 0.159751 0.987066
1624182345.484511 -22.737989 -35.929667 -35.213950 -0.001978 -0.012052 0.187049 0.982275
1624182345.583603 -22.728955 -35.924187 -35.218448 -0.002789 -0.011045 0.208009 0.978060
1624182345.681430 -22.739267 -35.905239 -35.211333 -0.003439 -0.011817 0.221644 0.975050
1624182345.786431 -22.735151 -35.890677 -35.191703 -0.006738 -0.008882 0.225020 0.974290
1624182345.886361 -22.732126 -35.886946 -35.166769 -0.007179 -0.011882 0.224791 0.974308
1624182345.976018 -22.717632 -35.885805 -35.138376 -0.004170 -0.009798 0.223840 0.974568
1624182346.086301 -22.700768 -35.882946 -35.107275 -0.003861 -0.009666 0.223500 0.974648
1624182346.186109 -22.699852 -35.884460 -35.105399 -0.003857 -0.010221 0.226260 0.974006
1624182346.281759 -22.701657 -35.893584 -35.086812 -0.003158 -0.009824 0.230243 0.973078
1624182346.386221 -22.675850 -35.894165 -35.101914 -0.002475 -0.009684 0.237242 0.971399
1624182346.486861 -22.677330 -35.889223 -35.110385 -0.002184 -0.012045 0.243980 0.969703
1624182346.585396 -22.676335 -35.891307 -35.132697 -0.004235 -0.015080 0.245184 0.969350
1624182346.689500 -22.671813 -35.894416 -35.098745 -0.002687 -0.017418 0.246117 0.969080
1624182346.788783 -22.663793 -35.898227 -35.093710 -0.002996 -0.019091 0.245705 0.969152
1624182346.887985 -22.660785 -35.894881 -35.062925 -0.001822 -0.021357 0.245765 0.969092
1624182346.978984 -22.653969 -35.898788 -35.041813 -0.002074 -0.018943 0.244975 0.969342
1624182347.078602 -22.651845 -35.892769 -35.004707 -0.000886 -0.019119 0.244943 0.969348
1624182347.188106 -22.644632 -35.902328 -34.992373 0.000556 -0.016774 0.244548 0.969492
1624182347.279317 -22.639947 -35.901182 -34.986291 0.003737 -0.017109 0.244281 0.969546
1624182347.378851 -22.626845 -35.903297 -34.986833 0.004610 -0.016357 0.244206 0.969575
1624182347.486431 -22.597580 -35.914114 -35.023719 0.002809 -0.016559 0.243699 0.969705
1624182347.534350 -22.572147 -35.919030 -35.019078 0.000350 -0.014693 0.243211 0.969862
1624182347.678468 -22.551187 -35.906235 -35.012813 -0.003800 -0.016597 0.243118 0.969847
1624182347.779016 -22.544023 -35.893203 -35.001036 -0.007543 -0.016523 0.242831 0.969898
1624182347.878645 -22.537418 -35.880771 -34.987746 -0.009232 -0.013460 0.242874 0.969921
1624182347.979454 -22.540495 -35.867423 -34.975453 -0.010923 -0.011235 0.242866 0.969933
1624182348.088633 -22.537369 -35.865190 -34.975476 -0.012384 -0.010398 0.242976 0.969897
1624182348.205685 -22.531742 -35.858574 -34.988100 -0.014140 -0.010728 0.243016 0.969860
1624182348.279485 -22.526811 -35.864321 -34.997394 -0.014995 -0.011769 0.243080 0.969819
1624182348.379519 -22.518635 -35.867350 -34.987735 -0.014974 -0.013881 0.243237 0.969752
1624182348.479503 -22.504176 -35.866727 -34.973343 -0.014371 -0.012772 0.242990 0.969838
1624182348.579505 -22.497955 -35.857882 -34.944803 -0.012700 -0.014156 0.242951 0.969852
1624182348.679488 -22.488994 -35.860436 -34.897329 -0.011596 -0.013730 0.242721 0.969930
1624182348.779464 -22.474418 -35.875610 -34.893579 -0.010787 -0.015036 0.242328 0.970018
1624182348.879430 -22.466716 -35.900124 -34.889123 -0.010989 -0.015012 0.242008 0.970096
1624182348.987782 -22.470325 -35.918845 -34.897864 -0.012972 -0.014526 0.242038 0.970071
1624182349.086757 -22.473627 -35.922643 -34.910459 -0.012929 -0.016122 0.242225 0.970000
1624182349.186745 -22.475105 -35.915339 -34.916693 -0.016431 -0.018153 0.241773 0.970024
1624182349.278735 -22.472085 -35.911567 -34.892929 -0.016913 -0.018139 0.242102 0.969934
1624182349.386539 -22.459498 -35.926080 -34.900098 -0.017719 -0.017118 0.242127 0.969932
1624182349.484043 -22.453080 -35.941294 -34.890827 -0.016168 -0.015520 0.242510 0.969890
1624182349.578630 -22.441181 -35.952394 -34.885188 -0.014479 -0.014926 0.242594 0.969905
1624182349.686872 -22.435729 -35.967121 -34.915214 -0.013328 -0.014588 0.242195 0.970026
1624182349.787858 -22.435784 -35.993454 -34.947464 -0.011582 -0.017332 0.241983 0.970056
1624182349.886466 -22.431446 -36.026244 -34.964864 -0.011458 -0.019692 0.241508 0.970131
1624182349.986637 -22.419923 -36.046292 -34.959980 -0.010615 -0.021579 0.241667 0.970061
1624182350.078584 -22.404717 -36.056864 -34.971021 -0.009242 -0.022283 0.241685 0.970055
1624182350.186775 -22.393146 -36.072383 -34.973088 -0.008034 -0.022814 0.241689 0.970052
1624182350.278590 -22.382276 -36.097018 -34.982630 -0.008209 -0.022116 0.241687 0.970067
1624182350.386456 -22.368577 -36.121657 -34.981013 -0.006847 -0.022460 0.242053 0.969979
1624182350.486401 -22.364461 -36.132760 -34.978125 -0.004763 -0.021900 0.241887 0.970046
1624182350.579018 -22.354870 -36.140518 -34.991356 -0.003852 -0.022645 0.241952 0.970016
1624182350.686789 -22.351861 -36.146342 -34.996204 -0.002400 -0.021982 0.241915 0.970045
1624182350.786801 -22.339980 -36.155378 -35.001897 -0.000506 -0.022688 0.241782 0.970065
1624182350.878952 -22.331306 -36.167435 -34.999434 0.001098 -0.022444 0.241484 0.970145
1624182350.968029 -22.320772 -36.170165 -34.996300 0.003164 -0.022001 0.240984 0.970274
1624182351.068057 -22.313015 -36.184626 -35.004821 0.003294 -0.021774 0.240886 0.970304
1624182351.178406 -22.308982 -36.191793 -34.998932 0.001324 -0.019240 0.240513 0.970454
1624182351.278810 -22.305412 -36.193656 -34.971513 -0.000217 -0.016893 0.240011 0.970623
1624182351.384637 -22.297364 -36.201283 -34.939216 -0.002858 -0.013331 0.239798 0.970727
1624182351.483213 -22.292429 -36.208999 -34.927210 -0.004036 -0.010154 0.239763 0.970770
1624182351.534647 -22.289467 -36.215622 -34.911925 -0.005856 -0.011875 0.240013 0.970679
1624182351.687326 -22.284908 -36.225330 -34.881638 -0.005971 -0.013395 0.240089 0.970640
1624182351.787169 -22.282125 -36.227576 -34.877976 -0.007300 -0.018048 0.239795 0.970628
1624182351.886723 -22.290113 -36.231118 -34.873118 -0.005702 -0.020920 0.239880 0.970560
1624182351.978543 -22.297701 -36.237898 -34.859718 -0.003793 -0.024389 0.239973 0.970466
1624182352.081514 -22.311134 -36.232382 -34.851789 -0.001548 -0.025570 0.239875 0.970466
1624182352.186791 -22.317639 -36.236062 -34.854450 0.001626 -0.027346 0.239567 0.970493
1624182352.277595 -22.321245 -36.236922 -34.839348 0.005624 -0.026352 0.239036 0.970637
1624182352.377793 -22.314540 -36.236678 -34.838827 0.008698 -0.026127 0.238601 0.970727
1624182352.476836 -22.302702 -36.236039 -34.860393 0.007144 -0.024851 0.237722 0.970989
1624182352.555152 -22.290654 -36.239746 -34.877764 0.007618 -0.024413 0.237543 0.971040
1624182352.687794 -22.285513 -36.235443 -34.878997 0.002916 -0.024399 0.238000 0.970954
1624182352.787721 -22.290856 -36.206334 -34.859488 -0.002360 -0.023794 0.237833 0.971012
1624182352.876191 -22.288492 -36.190972 -34.848224 -0.007056 -0.024032 0.238223 0.970888
1624182352.976165 -22.291819 -36.169414 -34.831487 -0.010963 -0.025019 0.237961 0.970891
1624182353.103483 -22.309132 -36.169813 -34.792722 -0.014099 -0.024587 0.237890 0.970878
1624182353.203458 -22.312941 -36.166699 -34.785819 -0.015029 -0.023995 0.237659 0.970936
1624182353.287635 -22.309750 -36.160142 -34.780909 -0.015147 -0.022819 0.237162 0.971084
1624182353.378062 -22.296258 -36.155332 -34.776645 -0.014976 -0.022191 0.237396 0.971044
1624182353.486270 -22.271316 -36.159988 -34.779588 -0.013488 -0.018446 0.237546 0.971108
1624182353.579163 -22.254574 -36.157162 -34.785242 -0.011361 -0.017241 0.237717 0.971115
1624182353.679128 -22.238071 -36.154919 -34.829420 -0.009525 -0.016643 0.237175 0.971278
1624182353.778729 -22.225497 -36.156292 -34.835201 -0.007223 -0.015200 0.237020 0.971359
1624182353.878364 -22.215220 -36.156826 -34.849463 -0.004465 -0.014624 0.236779 0.971443
1624182353.978340 -22.206941 -36.159590 -34.873504 -0.003028 -0.014363 0.236705 0.971471
1624182354.078335 -22.192406 -36.163627 -34.917725 -0.003080 -0.015060 0.236742 0.971451
1624182354.179152 -22.175569 -36.159755 -34.963340 -0.004791 -0.016754 0.236458 0.971486
1624182354.303573 -22.168533 -36.153997 -34.958026 -0.005872 -0.016573 0.236773 0.971406
1624182354.378297 -22.162055 -36.138856 -34.942343 -0.007599 -0.018306 0.236324 0.971472
1624182354.486483 -22.161736 -36.122869 -34.925206 -0.010909 -0.018994 0.236264 0.971442
1624182354.524607 -22.164365 -36.106723 -34.921262 -0.010853 -0.018186 0.236832 0.971320
1624182354.678245 -22.167071 -36.091918 -34.902961 -0.010982 -0.017630 0.236721 0.971356
1624182354.785823 -22.167731 -36.088582 -34.884815 -0.009663 -0.016231 0.237062 0.971311
1624182354.878662 -22.166345 -36.090951 -34.883500 -0.008459 -0.015281 0.237293 0.971281
1624182354.979020 -22.159514 -36.089401 -34.874151 -0.006054 -0.016690 0.239234 0.970800
1624182355.078629 -22.147386 -36.095886 -34.875006 -0.003569 -0.020664 0.242733 0.969866
1624182355.178175 -22.129530 -36.093317 -34.876061 -0.002904 -0.027681 0.249552 0.967961
1624182355.283533 -22.129326 -36.082146 -34.873645 -0.001621 -0.031606 0.257415 0.965783
1624182355.379815 -22.131446 -36.069772 -34.888647 -0.000706 -0.036187 0.271056 0.961883
1624182355.486266 -22.110646 -36.036504 -34.880049 0.004677 -0.050099 0.294859 0.954215
1624182355.582365 -22.078577 -35.966804 -34.863331 0.011471 -0.067415 0.327311 0.942439
1624182355.681765 -22.074573 -35.931694 -34.842487 0.022381 -0.094727 0.366261 0.925407
1624182355.784585 -22.068388 -35.880334 -34.811362 0.039762 -0.132412 0.419940 0.896960
1624182355.883909 -22.060154 -35.838463 -34.778913 0.057360 -0.163676 0.471427 0.864683
1624182355.985198 -22.041375 -35.747738 -34.755486 0.078485 -0.186639 0.519129 0.830368
1624182356.084468 -21.993496 -35.634788 -34.738781 0.093552 -0.197165 0.557502 0.800978
1624182356.184807 -21.908106 -35.446285 -34.722363 0.105155 -0.195593 0.591046 0.775468
1624182356.285072 -21.787452 -35.265487 -34.737506 0.111199 -0.188970 0.617254 0.755594
1624182356.385445 -21.621010 -34.996869 -34.759765 0.112340 -0.174367 0.645953 0.734657
1624182356.485764 -21.473926 -34.699678 -34.752900 0.110574 -0.157907 0.670272 0.716641
1624182356.582557 -21.315179 -34.367325 -34.773272 0.106456 -0.144341 0.686838 0.704334
1624182356.687610 -21.176168 -33.970412 -34.766539 0.105301 -0.132331 0.697511 0.696333
1624182356.781529 -21.039578 -33.557721 -34.793127 0.099238 -0.115174 0.703715 0.694026
1624182356.882948 -20.878632 -33.111796 -34.831745 0.092189 -0.100402 0.706146 0.694823
1624182356.982708 -20.696698 -32.593565 -34.880754 0.082194 -0.085432 0.708167 0.696021
1624182357.082926 -20.542815 -32.111882 -34.907655 0.071932 -0.073197 0.708780 0.697925
1624182357.182941 -20.413706 -31.621194 -34.924438 0.063902 -0.063027 0.709738 0.698724
1624182357.282394 -20.296512 -31.102341 -34.935651 0.050479 -0.047482 0.710788 0.699984
1624182357.387871 -20.186079 -30.571694 -34.939105 0.041985 -0.036916 0.710829 0.701140
1624182357.493613 -20.065389 -30.028998 -34.961650 0.027741 -0.027344 0.711060 0.702051
1624182357.593238 -19.960019 -29.493368 -34.935735 0.018423 -0.019571 0.711125 0.702551
1624182357.688194 -19.860681 -28.971076 -34.924930 0.010092 -0.014510 0.710665 0.703308
1624182357.746416 -19.757197 -28.453788 -34.930398 0.001574 -0.009866 0.710268 0.703861
1624182357.904614 -19.644818 -27.926500 -34.950646 -0.007587 -0.004437 0.710160 0.703985
1624182358.004153 -19.542847 -27.406967 -34.953333 -0.018830 0.003370 0.709796 0.704147
1624182358.105331 -19.441001 -26.900107 -34.942489 -0.025275 0.010006 0.710246 0.703429
1624182358.203817 -19.336958 -26.416716 -34.963233 -0.029205 0.016746 0.710159 0.703236
1624182358.303977 -19.239685 -25.935697 -34.943413 -0.034337 0.022585 0.709407 0.703599
1624182358.403991 -19.150024 -25.448585 -34.933853 -0.038292 0.026223 0.709490 0.703185
1624182358.513151 -19.054938 -24.971703 -34.941200 -0.044380 0.029958 0.709187 0.702984
1624182358.621950 -18.946533 -24.539407 -35.011354 -0.053797 0.030652 0.709041 0.702444
1624182358.712600 -18.852894 -24.118176 -35.030893 -0.064198 0.029243 0.708632 0.702043
1624182358.804422 -18.755805 -23.702338 -35.023614 -0.076956 0.020485 0.708370 0.701334
1624182358.904592 -18.661126 -23.317364 -35.008693 -0.082990 0.016969 0.708158 0.700954
1624182359.004568 -18.552552 -22.950832 -35.002538 -0.085873 0.014521 0.707619 0.701207
1624182359.103996 -18.449687 -22.580327 -34.954576 -0.086524 0.011376 0.707627 0.701177
1624182359.203985 -18.319986 -22.239211 -34.960874 -0.083425 0.010220 0.707934 0.701260
1624182359.304986 -18.198880 -21.915645 -34.972324 -0.077379 0.010163 0.708369 0.701514
1624182359.402154 -18.072241 -21.596520 -34.974236 -0.069058 0.006305 0.709114 0.701675
1624182359.502551 -17.941499 -21.257791 -34.958752 -0.059421 0.004556 0.709322 0.702361
1624182359.599449 -17.798726 -20.971720 -34.949613 -0.049548 0.000388 0.709817 0.702641
1624182359.701422 -17.670812 -20.653732 -34.900324 -0.042327 0.000471 0.709118 0.703818
1624182359.801967 -17.503554 -20.356529 -34.886896 -0.033628 -0.009738 0.709891 0.703441
1624182359.904951 -17.374686 -20.116073 -34.850904 -0.025801 -0.007665 0.709412 0.704280
1624182360.004719 -17.225603 -19.897451 -34.908815 -0.016416 -0.014356 0.709628 0.704239
1624182360.105067 -17.074848 -19.669600 -34.971666 -0.010754 -0.019548 0.710425 0.703419
1624182360.205312 -16.928658 -19.438306 -35.003277 -0.007673 -0.026367 0.710739 0.702920
1624182360.304922 -16.799994 -19.201395 -34.959763 -0.007714 -0.027764 0.710611 0.702994
1624182360.405147 -16.666577 -18.967645 -34.954827 -0.008113 -0.027639 0.710900 0.702703
1624182360.504873 -16.530584 -18.695409 -34.955435 -0.013135 -0.022652 0.710977 0.702728
1624182360.605113 -16.396941 -18.405156 -35.007279 -0.022834 -0.016839 0.710262 0.703365
1624182360.701427 -16.260808 -18.130728 -35.034466 -0.034290 -0.013067 0.710099 0.703145
1624182360.800074 -16.138464 -17.889215 -35.027379 -0.046266 -0.009330 0.709560 0.703063
1624182360.901171 -15.988189 -17.647877 -35.041025 -0.055155 -0.006906 0.709213 0.702799
1624182361.002736 -15.816980 -17.431505 -35.084273 -0.067781 -0.007757 0.708889 0.702013
1624182361.102964 -15.664986 -17.214769 -35.082308 -0.078225 -0.008818 0.708895 0.700907
1624182361.203295 -15.502132 -17.022082 -35.104739 -0.081295 -0.013066 0.709107 0.700276
1624182361.303672 -15.344304 -16.788935 -35.118579 -0.070191 -0.019391 0.709621 0.700811
1624182361.398422 -15.182353 -16.580464 -35.110970 -0.057600 -0.023594 0.709725 0.701723
1624182361.498209 -15.009737 -16.388277 -35.078000 -0.041410 -0.033645 0.710144 0.702032
1624182361.597796 -14.803824 -16.232236 -35.053387 -0.023289 -0.042838 0.711069 0.701430
1624182361.697978 -14.611870 -16.060751 -35.041441 -0.007398 -0.048702 0.710911 0.701554
1624182361.798519 -14.417519 -15.892926 -35.017173 0.012775 -0.056941 0.711112 0.700652
1624182361.883354 -14.225451 -15.721225 -35.002638 0.032048 -0.062859 0.710741 0.699906
1624182361.990425 -14.032447 -15.517081 -35.050102 0.046456 -0.069226 0.709691 0.699563
1624182362.074795 -13.826332 -15.266210 -35.117001 0.053935 -0.066438 0.708571 0.700432
1624182362.183428 -13.623066 -15.022116 -35.143695 0.059463 -0.069690 0.708950 0.699284
1624182362.274825 -13.429445 -14.761973 -35.158315 0.049760 -0.059168 0.709182 0.700774
1624182362.383191 -13.249489 -14.505933 -35.138726 0.043531 -0.056404 0.709546 0.701048
1624182362.489765 -13.075521 -14.237924 -35.157250 0.037342 -0.052537 0.709870 0.701378
1624182362.583077 -12.905768 -13.962354 -35.145295 0.034386 -0.051027 0.709871 0.701639
1624182362.691315 -12.745969 -13.665398 -35.112824 0.027729 -0.054004 0.709489 0.702097
1624182362.783348 -12.577950 -13.361992 -35.084992 0.024749 -0.057443 0.708983 0.702446
1624182362.897852 -12.420924 -13.061922 -35.046995 0.023910 -0.055476 0.709580 0.702031
1624182362.982799 -12.263156 -12.735348 -35.035139 0.026404 -0.050212 0.709404 0.702515
1624182363.082785 -12.084742 -12.391046 -35.081640 0.029005 -0.048169 0.708951 0.703013
1624182363.183140 -11.913524 -12.052345 -35.108972 0.027929 -0.035676 0.709845 0.702899
1624182363.286280 -11.739974 -11.702206 -35.172141 0.023406 -0.023235 0.710356 0.703070
1624182363.375174 -11.573232 -11.344663 -35.201350 0.019058 -0.011252 0.710053 0.703800
1624182363.486431 -11.408985 -10.994099 -35.219911 0.014759 -0.002194 0.710172 0.703870
1624182363.598335 -11.261072 -10.665331 -35.247204 0.007210 0.012188 0.709956 0.704104
1624182363.698893 -11.127826 -10.325092 -35.254407 0.001242 0.022177 0.709422 0.704434
1624182363.798910 -11.006673 -10.029011 -35.268774 -0.005605 0.027022 0.710125 0.703535
1624182363.905151 -10.888585 -9.691823 -35.299640 -0.012596 0.031888 0.709629 0.703741
1624182364.004974 -10.781233 -9.385267 -35.291982 -0.017683 0.029412 0.710060 0.703304
1624182364.103970 -10.684125 -9.074760 -35.259533 -0.016737 0.027427 0.709938 0.703531
1624182364.205310 -10.589996 -8.766677 -35.239473 -0.014731 0.024215 0.709505 0.704131
1624182364.304152 -10.503017 -8.461790 -35.233215 -0.013369 0.021041 0.709363 0.704402
1624182364.407532 -10.420210 -8.184522 -35.212050 -0.013383 0.017264 0.709923 0.703940
1624182364.502731 -10.324399 -7.904744 -35.203556 -0.019882 0.016236 0.709086 0.704655
1624182364.605067 -10.224617 -7.625280 -35.242611 -0.030881 0.016144 0.709118 0.704229
1624182364.712293 -10.135906 -7.391806 -35.344000 -0.048187 0.013359 0.709552 0.702876
1624182364.804062 -10.100806 -7.162684 -35.229005 -0.063406 0.014372 0.709198 0.702006
1624182364.903980 -10.052437 -6.966419 -35.180978 -0.068515 0.014209 0.709142 0.701585
1624182365.003364 -9.961085 -6.775262 -35.212348 -0.062814 0.017245 0.709254 0.701937
1624182365.098770 -9.856112 -6.556158 -35.260806 -0.054379 0.019229 0.708764 0.703084
1624182365.217364 -9.766447 -6.325515 -35.224059 -0.044290 0.021251 0.708638 0.703861
1624182365.299515 -9.662990 -6.135300 -35.263693 -0.038668 0.018980 0.709739 0.703147
1624182365.405553 -9.573712 -5.969189 -35.250719 -0.034790 0.020326 0.709605 0.703446
1624182365.504704 -9.497298 -5.829794 -35.217766 -0.029629 0.018314 0.710175 0.703163
1624182365.604343 -9.414848 -5.699142 -35.249196 -0.024986 0.011247 0.710352 0.703313
1624182365.704944 -9.320371 -5.556269 -35.290322 -0.024036 0.002998 0.709775 0.704012
1624182365.798698 -9.251584 -5.401399 -35.268797 -0.024543 -0.009747 0.709947 0.703760
1624182365.900908 -9.189897 -5.253692 -35.262906 -0.028300 -0.023671 0.709868 0.703368
1624182366.005977 -9.138189 -5.119976 -35.212720 -0.032017 -0.030731 0.709914 0.702888
1624182366.098705 -9.072648 -4.981478 -35.178240 -0.031581 -0.030968 0.709958 0.702853
1624182366.199466 -8.981921 -4.869295 -35.153439 -0.033635 -0.031147 0.710645 0.702056
1624182366.299300 -8.888993 -4.728246 -35.154985 -0.033481 -0.026277 0.710240 0.702672
1624182366.398878 -8.779926 -4.577802 -35.159229 -0.034115 -0.020554 0.709723 0.703354
1624182366.506295 -8.676085 -4.454723 -35.184051 -0.037712 -0.015296 0.709813 0.703214
1624182366.599437 -8.560457 -4.356576 -35.248396 -0.043663 -0.010319 0.709830 0.702943
1624182366.708460 -8.458135 -4.226909 -35.229662 -0.050249 -0.008506 0.709330 0.703032
1624182366.803648 -8.352064 -4.135633 -35.224594 -0.053560 -0.006161 0.709634 0.702505
1624182366.903399 -8.242305 -4.036057 -35.201326 -0.054508 -0.005787 0.709725 0.702343
1624182366.998847 -8.151149 -3.940557 -35.114082 -0.050568 -0.002488 0.710107 0.702271
1624182367.101775 -8.028739 -3.830551 -35.132642 -0.046048 -0.002764 0.710580 0.702102
1624182367.200436 -7.902925 -3.749101 -35.105887 -0.041585 0.001667 0.710258 0.702710
1624182367.304523 -7.774503 -3.669767 -35.109934 -0.036759 0.001440 0.710136 0.703103
1624182367.408506 -7.638677 -3.582207 -35.149708 -0.035319 -0.000691 0.709950 0.703365
1624182367.499094 -7.515564 -3.500260 -35.124777 -0.036369 -0.004268 0.709406 0.703848
1624182367.599668 -7.409393 -3.448332 -35.085339 -0.041378 -0.010855 0.709269 0.703639
1624182367.699441 -7.298208 -3.407240 -35.052477 -0.044982 -0.014565 0.709168 0.703452
1624182367.807773 -7.174102 -3.374668 -35.012551 -0.048293 -0.016944 0.709343 0.703003
1624182367.904220 -7.034442 -3.344859 -35.006027 -0.047570 -0.016233 0.709667 0.702742
1624182367.999446 -6.895875 -3.315038 -34.996904 -0.046918 -0.016548 0.710015 0.702427
1624182368.098887 -6.753797 -3.266966 -35.001109 -0.046126 -0.017972 0.709622 0.702841
1624182368.199897 -6.612355 -3.218313 -34.940282 -0.046540 -0.021724 0.709717 0.702613
1624182368.303386 -6.465291 -3.188520 -34.911967 -0.042510 -0.019199 0.709943 0.702712
1624182368.399062 -6.308479 -3.178554 -34.898793 -0.031922 -0.018407 0.710717 0.702513
1624182368.504544 -6.147124 -3.166515 -34.874729 -0.010120 -0.024787 0.711718 0.701955
1624182368.605272 -5.974973 -3.155167 -34.827948 0.014861 -0.030829 0.711413 0.701940
1624182368.686718 -5.814943 -3.104714 -34.858605 0.034030 -0.030604 0.709120 0.703601
1624182368.773791 -5.658378 -3.076221 -34.888752 0.048613 -0.034596 0.708822 0.702859
1624182368.873543 -5.506168 -3.012426 -34.899973 0.060203 -0.032559 0.710273 0.700591
1624182368.973143 -5.365049 -2.918278 -34.901805 0.064823 -0.030255 0.710337 0.700217
1624182369.073164 -5.240083 -2.811795 -34.876368 0.071084 -0.036146 0.709931 0.699742
1624182369.173230 -5.129777 -2.689504 -34.855157 0.073528 -0.039952 0.709105 0.700120
1624182369.273640 -5.030625 -2.555318 -34.846993 0.071867 -0.038692 0.708237 0.701240
1624182369.374232 -4.926457 -2.417867 -34.855733 0.071410 -0.041216 0.709630 0.699734
1624182369.473259 -4.833062 -2.259932 -34.868581 0.061565 -0.037129 0.710018 0.700503
1624182369.573455 -4.756520 -2.100793 -34.867695 0.052101 -0.033610 0.709896 0.701572
1624182369.674038 -4.687332 -1.929985 -34.891572 0.039014 -0.029250 0.710701 0.701803
1624182369.782956 -4.619595 -1.747750 -34.939799 0.026778 -0.020019 0.711109 0.702286
1624182369.873167 -4.562612 -1.568695 -34.947811 0.011549 -0.010163 0.711581 0.702436
1624182369.999965 -4.510503 -1.389007 -34.920864 0.000419 -0.002882 0.712017 0.702156
1624182370.100171 -4.464453 -1.197554 -34.910234 -0.005649 0.003038 0.711830 0.702323
1624182370.200149 -4.416991 -0.993687 -34.933300 -0.008872 0.006010 0.711412 0.702693
1624182370.300102 -4.363817 -0.803813 -34.957576 -0.008025 0.007398 0.711356 0.702747
1624182370.400119 -4.312416 -0.626203 -35.008560 -0.008849 0.008248 0.710932 0.703157
1624182370.500110 -4.263572 -0.453512 -35.043448 -0.006309 0.005689 0.711318 0.702819
1624182370.600114 -4.227618 -0.279464 -35.071190 -0.004912 0.006396 0.711159 0.702985
1624182370.700116 -4.201697 -0.105901 -35.099022 -0.002929 0.002631 0.710831 0.703352
1624182370.800180 -4.179881 0.041603 -35.102029 -0.001632 -0.001504 0.711304 0.702881
1624182370.900176 -4.164081 0.194171 -35.111595 -0.001422 -0.001485 0.711007 0.703182
1624182371.000222 -4.144819 0.366168 -35.135321 -0.002110 -0.003292 0.710918 0.703264
1624182371.099744 -4.125899 0.535403 -35.163069 -0.008328 -0.001264 0.710771 0.703373
1624182371.199937 -4.111809 0.693552 -35.177074 -0.019608 0.007855 0.710629 0.703250
1624182371.308321 -4.084491 0.828415 -35.198463 -0.033388 0.016703 0.710994 0.702207
1624182371.407939 -4.066054 0.934277 -35.202147 -0.045758 0.028519 0.710897 0.701227
1624182371.511688 -4.056123 1.060490 -35.120934 -0.045010 0.026313 0.711615 0.700633
1624182371.608330 -4.058611 1.280294 -35.034059 -0.037483 0.024650 0.710888 0.701873
1624182371.719227 -4.057432 1.430329 -35.082866 -0.031699 0.022077 0.710228 0.702911
1624182371.805348 -4.056294 1.475978 -35.146423 -0.018650 0.009538 0.710809 0.703073
1624182371.899850 -4.050719 1.513792 -35.207116 -0.004467 -0.003084 0.710449 0.703728
1624182372.000233 -4.053092 1.558543 -35.269625 0.006893 -0.014357 0.710160 0.703860
1624182372.100243 -4.049128 1.625744 -35.285629 0.015040 -0.024297 0.710008 0.703614
1624182372.200309 -4.040590 1.679934 -35.281045 0.016681 -0.026616 0.710817 0.702675
1624182372.300329 -4.037790 1.750552 -35.272409 0.015903 -0.026604 0.710883 0.702627
1624182372.400298 -4.051863 1.863303 -35.256545 0.015342 -0.026188 0.710775 0.702764
1624182372.500177 -4.066294 1.972616 -35.237955 0.014069 -0.023919 0.711093 0.702550
1624182372.600371 -4.081107 2.117221 -35.270334 0.011686 -0.021682 0.710890 0.702872
1624182372.700175 -4.102946 2.232045 -35.231611 0.012137 -0.025251 0.711174 0.702458
1624182372.800096 -4.129718 2.356451 -35.250546 0.010745 -0.024626 0.711373 0.702301
1624182372.900337 -4.158977 2.471281 -35.274041 0.014413 -0.031159 0.711054 0.702299
1624182373.000407 -4.183615 2.578715 -35.275156 0.019575 -0.037067 0.711463 0.701473
1624182373.087303 -4.207128 2.701415 -35.276377 0.027470 -0.047470 0.710999 0.701051
1624182373.182805 -4.236477 2.857312 -35.325800 0.037480 -0.058702 0.710030 0.700718
1624182373.283534 -4.258233 3.029380 -35.367135 0.040244 -0.064490 0.709465 0.700629
1624182373.383455 -4.276768 3.215409 -35.392490 0.036408 -0.061060 0.709866 0.700740
1624182373.472636 -4.295840 3.397694 -35.380145 0.030388 -0.054378 0.710460 0.700975
1624182373.583341 -4.321074 3.582245 -35.329712 0.028422 -0.050980 0.711048 0.700717
1624182373.690215 -4.350585 3.794381 -35.344963 0.026225 -0.047460 0.710891 0.701209
1624182373.790657 -4.382425 4.000596 -35.307033 0.033508 -0.053695 0.710262 0.701087
1624182373.883624 -4.414520 4.240659 -35.325726 0.033955 -0.050635 0.710149 0.701407
1624182373.973106 -4.457004 4.466749 -35.303730 0.040495 -0.058506 0.709559 0.701044
1624182374.082857 -4.493425 4.711270 -35.299111 0.047494 -0.063724 0.709073 0.700642
1624182374.172929 -4.528039 4.985043 -35.296091 0.056079 -0.071708 0.708210 0.700108
1624182374.283425 -4.547086 5.285077 -35.332011 0.057869 -0.074269 0.707458 0.700456
1624182374.373257 -4.572016 5.574131 -35.314695 0.060868 -0.075746 0.708195 0.699298
1624182374.483607 -4.590580 5.885874 -35.338039 0.057737 -0.074019 0.708166 0.699777
1624182374.573298 -4.627768 6.211552 -35.355710 0.053760 -0.069968 0.708708 0.699963
1624182374.683839 -4.673856 6.561312 -35.350719 0.047298 -0.065913 0.709289 0.700233
1624182374.783868 -4.714323 6.932498 -35.384410 0.041059 -0.062601 0.708904 0.701321
1624182374.883401 -4.760197 7.310677 -35.364709 0.039752 -0.062374 0.708710 0.701612
1624182374.972464 -4.800607 7.702814 -35.399383 0.035854 -0.058756 0.708707 0.702137
1624182375.091810 -4.841753 8.118412 -35.469196 0.025598 -0.048734 0.708758 0.703301
1624182375.183954 -4.876880 8.510077 -35.470109 0.013355 -0.041333 0.709632 0.703232
1624182375.301379 -4.909770 8.886426 -35.478612 -0.003831 -0.022703 0.710366 0.703456
1624182375.401156 -4.952202 9.285543 -35.491750 -0.021272 -0.006070 0.710302 0.703549
1624182375.500410 -4.982150 9.678302 -35.503243 -0.036426 0.010577 0.710357 0.702819
1624182375.612333 -5.016137 10.063218 -35.555866 -0.053870 0.029110 0.708674 0.702873
1624182375.710958 -5.051054 10.406032 -35.643804 -0.075218 0.049495 0.706726 0.701734
1624182375.813931 -5.093557 10.716037 -35.593519 -0.094068 0.065700 0.706403 0.698448
1624182375.913371 -5.114620 10.977968 -35.575975 -0.111163 0.079013 0.705193 0.695774
1624182376.013941 -5.152549 11.291844 -35.384784 -0.111255 0.077230 0.705484 0.695665
1624182376.113545 -5.252379 11.498087 -35.252128 -0.106002 0.080733 0.706814 0.694737
1624182376.213715 -5.294425 11.775191 -35.292353 -0.097901 0.079988 0.706223 0.696611
1624182376.313718 -5.316351 12.026088 -35.339349 -0.086278 0.070315 0.707531 0.697862
1624182376.413633 -5.320741 12.224113 -35.414330 -0.076163 0.061377 0.708672 0.698724
1624182376.510891 -5.329433 12.384525 -35.478354 -0.065415 0.052934 0.709415 0.699750
1624182376.617057 -5.369807 12.514817 -35.488579 -0.056499 0.043443 0.709927 0.700660
1624182376.712379 -5.405049 12.637980 -35.484300 -0.049044 0.033787 0.710512 0.701160
1624182376.811478 -5.467628 12.747114 -35.409763 -0.044911 0.025329 0.710632 0.701672
1624182376.911508 -5.533445 12.849267 -35.288134 -0.040687 0.018730 0.711312 0.701448
1624182377.009538 -5.568591 12.956977 -35.238737 -0.036084 0.017649 0.710653 0.702395
1624182377.100745 -5.612227 13.048386 -35.162560 -0.033505 0.014632 0.711214 0.702024
1624182377.200790 -5.651824 13.112588 -35.110256 -0.033328 0.014474 0.711158 0.702092
1624182377.313496 -5.691029 13.185268 -35.038059 -0.032353 0.014916 0.711363 0.701921
1624182377.401135 -5.726460 13.280118 -34.991257 -0.031529 0.016753 0.710630 0.702660
1624182377.513431 -5.761939 13.371737 -34.966055 -0.033649 0.021760 0.710042 0.703018
1624182377.611432 -5.800788 13.465291 -34.911249 -0.041504 0.027789 0.709529 0.702903
1624182377.717314 -5.840976 13.530621 -34.845310 -0.055418 0.040361 0.708250 0.702625
1624182377.813591 -5.881685 13.564390 -34.778989 -0.070970 0.051338 0.707734 0.701028
1624182377.913604 -5.933315 13.567163 -34.670303 -0.089435 0.060902 0.706499 0.699394
1624182378.013622 -5.986014 13.581509 -34.590170 -0.104034 0.067051 0.705020 0.698303
1624182378.113454 -6.026159 13.558351 -34.542029 -0.115157 0.065615 0.704501 0.697217
1624182378.213830 -6.059890 13.526039 -34.483308 -0.124188 0.058468 0.703843 0.696968
1624182378.311846 -6.102413 13.477580 -34.400699 -0.131243 0.049030 0.703918 0.696326
1624182378.411557 -6.139470 13.395278 -34.301135 -0.132525 0.040309 0.704704 0.695848
1624182378.511566 -6.182981 13.272870 -34.171936 -0.124615 0.029838 0.706899 0.695611
1624182378.613549 -6.168394 13.165511 -34.104123 -0.106441 0.023017 0.708489 0.697269
1624182378.668085 -6.149468 13.043615 -34.021831 -0.082263 0.017782 0.709523 0.699638
1624182378.810537 -6.116248 12.929882 -33.975832 -0.064647 0.010368 0.709750 0.701405
1624182378.910897 -6.101744 12.783860 -33.875991 -0.052453 0.000912 0.710262 0.701980
1624182379.010897 -6.106156 12.613588 -33.738813 -0.047072 -0.006316 0.711252 0.701331
1624182379.098915 -6.096570 12.446412 -33.625047 -0.039708 -0.011809 0.711926 0.701031
1624182379.212224 -6.089218 12.287322 -33.445766 -0.027924 -0.014504 0.712589 0.700876
1624182379.300562 -6.067486 12.092690 -33.311695 -0.009601 -0.018906 0.713863 0.699964
1624182379.402169 -6.019996 11.969306 -33.233446 0.011950 -0.018234 0.712971 0.700855
1624182379.511304 -5.975106 11.859988 -33.147957 0.030315 -0.022445 0.712132 0.701031
1624182379.573519 -5.945364 11.752289 -33.064380 0.042938 -0.025588 0.711442 0.700965
1624182379.673245 -5.931984 11.654465 -32.994285 0.044272 -0.024198 0.710919 0.701461
1624182379.773263 -5.918751 11.566521 -32.864842 0.033216 -0.023130 0.711226 0.701797
1624182379.901243 -5.925367 11.458761 -32.722261 0.011640 -0.013964 0.712634 0.701301
1624182380.013416 -5.962803 11.345398 -32.472316 -0.009097 -0.005214 0.712670 0.701422
1624182380.110940 -5.992602 11.236535 -32.281311 -0.027756 0.000531 0.712438 0.701186
1624182380.210854 -6.015361 11.131599 -32.117595 -0.038694 0.004250 0.712150 0.700947
1624182380.311845 -6.019221 11.055058 -31.969286 -0.044604 0.005551 0.711601 0.701144
1624182380.411991 -6.011839 10.976940 -31.828658 -0.046407 0.004151 0.711107 0.701538
1624182380.510837 -5.997027 10.910181 -31.676615 -0.043943 0.002320 0.710794 0.702023
1624182380.610856 -5.988774 10.833703 -31.549113 -0.040814 -0.001030 0.710823 0.702185
1624182380.710652 -5.973581 10.755309 -31.425316 -0.043486 -0.000973 0.710647 0.702203
1624182380.809846 -5.962704 10.657536 -31.274895 -0.050595 0.001868 0.710506 0.701868
1624182380.913117 -5.955668 10.531711 -31.181463 -0.062228 0.002671 0.710707 0.700726
1624182381.012394 -5.966492 10.404750 -30.979142 -0.076261 0.002062 0.710605 0.699443
1624182381.111988 -5.962512 10.266244 -30.795039 -0.086596 0.003165 0.710577 0.698263
1624182381.211870 -5.925589 10.146844 -30.607732 -0.095866 0.004130 0.709777 0.697860
1624182381.308732 -5.874558 10.034077 -30.404181 -0.104934 0.006826 0.709586 0.696728
1624182381.406435 -5.833340 9.875076 -30.261842 -0.117005 0.010021 0.709677 0.694671
1624182381.508872 -5.806005 9.645633 -30.075067 -0.119896 0.010048 0.711153 0.692665
1624182381.607140 -5.754614 9.460707 -29.871891 -0.109055 0.009767 0.713565 0.691980
1624182381.709502 -5.667992 9.288152 -29.693446 -0.079362 0.006373 0.716775 0.692745
1624182381.810832 -5.593751 9.105523 -29.388677 -0.034819 -0.007135 0.720532 0.692510
1624182381.910364 -5.459979 8.978418 -29.189881 0.005814 -0.012706 0.720739 0.693065
1624182381.973423 -5.350333 8.833642 -28.973872 0.044315 -0.021514 0.720313 0.691897
1624182382.105259 -5.273926 8.655706 -28.757290 0.062151 -0.023623 0.720060 0.690719
1624182382.174428 -5.219759 8.471569 -28.496867 0.069781 -0.022282 0.719430 0.690692
1624182382.273776 -5.180772 8.304950 -28.300750 0.073346 -0.019733 0.719978 0.689828
1624182382.373201 -5.150070 8.166598 -28.092193 0.067369 -0.018517 0.720501 0.689925
1624182382.473465 -5.118594 8.063211 -27.859210 0.054847 -0.020332 0.719877 0.691633
1624182382.573896 -5.083057 7.975323 -27.621854 0.043502 -0.030027 0.719409 0.692572
1624182382.704593 -5.047765 7.902796 -27.385986 0.028102 -0.036161 0.718112 0.694419
1624182382.806897 -5.030214 7.823511 -27.018961 0.012094 -0.038758 0.716840 0.696054
1624182382.907427 -5.012297 7.731739 -26.659117 -0.000405 -0.040489 0.716783 0.696120
1624182383.007016 -4.954650 7.671559 -26.413355 -0.028021 -0.027178 0.715764 0.697250
1624182383.107066 -4.922956 7.593440 -26.144389 -0.042801 -0.023749 0.716525 0.695842
1624182383.207005 -4.922932 7.542686 -25.794998 -0.059731 -0.009029 0.716498 0.694968
1624182383.306970 -4.868163 7.468307 -25.506616 -0.060631 -0.001438 0.718695 0.692675
1624182383.406414 -4.779975 7.388665 -25.265529 -0.039216 0.006724 0.721290 0.691490
1624182383.508855 -4.662191 7.352063 -25.019706 -0.014591 0.014353 0.722819 0.690734
1624182383.607152 -4.559439 7.278414 -24.856945 0.016862 0.033682 0.723129 0.689686
1624182383.709320 -4.489470 7.173874 -24.713648 0.041918 0.032200 0.723480 0.688319
1624182383.804633 -4.452817 7.076622 -24.577909 0.050258 0.038338 0.722655 0.688313
1624182383.860566 -4.429896 6.984769 -24.406093 0.046456 0.036240 0.722420 0.688940
1624182384.005718 -4.417273 6.909825 -24.124123 0.038658 0.032474 0.721930 0.690122
1624182384.107790 -4.424948 6.835214 -23.766863 0.018912 0.024538 0.721761 0.691448
1624182384.206945 -4.454323 6.749525 -23.419935 0.000059 0.017227 0.721682 0.692010
1624182384.306633 -4.462879 6.686998 -23.075556 -0.018378 0.016084 0.721938 0.691527
1624182384.406619 -4.463116 6.646010 -22.786226 -0.041362 0.017141 0.722980 0.689417
1624182384.505397 -4.466141 6.605968 -22.574350 -0.063620 0.022311 0.722874 0.687683
1624182384.604822 -4.471399 6.543103 -22.357409 -0.090444 0.026329 0.722661 0.684754
1624182384.703280 -4.484093 6.457815 -22.137641 -0.114321 0.033126 0.721028 0.682607
1624182384.807020 -4.487037 6.317573 -21.839722 -0.124027 0.029407 0.721196 0.680903
1624182384.907047 -4.473551 6.184300 -21.506193 -0.120741 0.029122 0.721132 0.681573
1624182385.007082 -4.434436 6.040165 -21.257836 -0.101937 0.025969 0.722210 0.683628
1624182385.104487 -4.367798 5.868640 -21.121429 -0.077768 0.016857 0.723449 0.685777
1624182385.205787 -4.306412 5.699270 -20.913072 -0.042819 0.004395 0.724667 0.687753
1624182385.302873 -4.255150 5.524078 -20.712846 -0.013480 -0.004915 0.724682 0.688934
1624182385.405779 -4.203561 5.350423 -20.478697 0.014965 -0.018344 0.724449 0.688922
1624182385.506929 -4.150002 5.183589 -20.202629 0.024635 -0.021853 0.723468 0.689572
1624182385.606755 -4.098172 4.984259 -19.951412 0.020716 -0.020117 0.723656 0.689557
1624182385.706368 -4.056750 4.809853 -19.625224 0.018375 -0.018730 0.724141 0.689153
1624182385.805430 -4.021164 4.712253 -19.315045 0.012621 -0.016658 0.724308 0.689160
1624182385.902437 -3.973650 4.651263 -19.045774 0.002892 -0.009477 0.724404 0.689305
1624182386.004632 -3.925312 4.584925 -18.806013 -0.002986 -0.004199 0.724213 0.689557
1624182386.106554 -3.886792 4.501277 -18.587889 -0.008939 0.005009 0.724248 0.689463
1624182386.204934 -3.843081 4.377926 -18.376467 -0.018469 0.008589 0.723891 0.689614
1624182386.306727 -3.811178 4.249434 -18.139980 -0.016312 0.012658 0.724361 0.689112
1624182386.406937 -3.772471 4.145507 -17.941584 -0.014725 0.010186 0.724615 0.688922
1624182386.506725 -3.737354 4.040565 -17.717818 -0.003964 0.004083 0.724774 0.688964
1624182386.606357 -3.700373 3.930757 -17.447393 0.009531 -0.002514 0.724819 0.688869
1624182386.705223 -3.671528 3.832304 -17.155337 0.021230 -0.013382 0.724657 0.688653
1624182386.805429 -3.643856 3.728478 -16.844586 0.023790 -0.012913 0.724510 0.688733
1624182386.906778 -3.613226 3.640608 -16.451220 0.019757 -0.012568 0.724453 0.688926
1624182387.006946 -3.588861 3.583007 -16.138601 0.011334 -0.009964 0.725064 0.688516
1624182387.106915 -3.573349 3.541239 -15.908135 -0.000274 -0.004104 0.725501 0.688209
1624182387.204433 -3.552116 3.500908 -15.714404 -0.007609 -0.000264 0.725620 0.688053
1624182387.304369 -3.526305 3.464440 -15.528603 -0.011879 0.000873 0.726031 0.687559
1624182387.404567 -3.506531 3.416100 -15.334011 -0.012707 0.003652 0.726304 0.687246
1624182387.504582 -3.488252 3.358023 -15.104185 -0.014312 0.004993 0.726384 0.687122
1624182387.604419 -3.467548 3.305939 -14.881200 -0.017031 0.009285 0.726273 0.687133
1624182387.704214 -3.450276 3.260403 -14.598662 -0.019981 0.013252 0.725949 0.687331
1624182387.806910 -3.433485 3.216466 -14.283828 -0.024776 0.015281 0.725743 0.687349
1624182387.907705 -3.407930 3.170917 -13.965927 -0.025685 0.015182 0.725483 0.687593
1624182388.006701 -3.384347 3.112481 -13.716133 -0.027698 0.013252 0.725222 0.687830
1624182388.106946 -3.363560 3.058013 -13.471778 -0.028598 0.019490 0.724693 0.688202
1624182388.206907 -3.340370 3.004053 -13.194625 -0.021902 0.010796 0.724701 0.688630
1624182388.306934 -3.316439 2.956834 -13.002487 -0.021367 0.004343 0.724624 0.688800
1624182388.406811 -3.295838 2.896325 -12.861459 -0.008683 -0.001263 0.724341 0.689386
1624182388.506544 -3.271474 2.819997 -12.671032 0.008400 -0.005839 0.723863 0.689867
1624182388.606504 -3.246169 2.758512 -12.496909 0.020579 -0.012927 0.723679 0.689709
1624182388.705577 -3.227421 2.728660 -12.359001 0.027914 -0.012323 0.723537 0.689611
1624182388.806827 -3.210141 2.711333 -12.286589 0.028711 -0.009424 0.723787 0.689361
1624182388.906654 -3.198363 2.701987 -12.293490 0.022105 -0.002152 0.724460 0.688959
1624182389.006991 -3.189858 2.711148 -12.376709 0.011545 0.002506 0.725120 0.688522
1624182389.107003 -3.188532 2.722643 -12.425569 -0.001851 0.010373 0.725408 0.688238
1624182389.207044 -3.186806 2.733149 -12.456356 -0.012234 0.018194 0.725441 0.687935
1624182389.306797 -3.187789 2.729472 -12.445736 -0.025696 0.024714 0.725140 0.687678
1624182389.406952 -3.191005 2.726546 -12.406475 -0.033146 0.029207 0.725104 0.687221
1624182389.506654 -3.194351 2.716989 -12.372828 -0.036380 0.027721 0.725057 0.687169
1624182389.606610 -3.199550 2.703974 -12.346327 -0.033986 0.026966 0.725203 0.687167
1624182389.706629 -3.204325 2.696385 -12.326591 -0.026440 0.020128 0.725331 0.687598
1624182389.806570 -3.207166 2.674628 -12.307548 -0.019070 0.012280 0.725619 0.687723
1624182389.906800 -3.208457 2.644022 -12.279230 -0.011561 0.006461 0.725631 0.687956
1624182390.006606 -3.210473 2.621099 -12.263066 -0.006737 0.001872 0.725694 0.687982
1624182390.106816 -3.214958 2.597612 -12.205212 -0.002910 0.000924 0.725834 0.687863
1624182390.206817 -3.222344 2.588999 -12.189961 0.001019 0.000146 0.725792 0.687914
1624182390.306590 -3.225387 2.585052 -12.200455 0.001237 0.000796 0.725793 0.687912
1624182390.406883 -3.229550 2.579016 -12.212745 0.003117 0.002420 0.725824 0.687869
1624182390.506934 -3.239295 2.566809 -12.211781 0.002755 0.002583 0.725784 0.687913
1624182390.608491 -3.246782 2.557922 -12.192013 0.002661 0.003397 0.725918 0.687768
1624182390.706884 -3.262496 2.554602 -12.185291 0.001377 0.003251 0.725889 0.687803
1624182390.806895 -3.274325 2.551279 -12.161041 0.000840 0.005102 0.725946 0.687733
1624182390.906839 -3.289645 2.550755 -12.144373 -0.000841 0.005559 0.725917 0.687760
1624182391.006627 -3.312554 2.556952 -12.191493 -0.003061 0.006380 0.725885 0.687780
1624182391.106651 -3.327576 2.559374 -12.219261 -0.004786 0.007267 0.725876 0.687770
1624182391.206862 -3.341885 2.567829 -12.227673 -0.008005 0.005624 0.726071 0.687550
1624182391.306767 -3.363536 2.580645 -12.207381 -0.009463 0.005476 0.726031 0.687575
1624182391.406503 -3.382429 2.589867 -12.187716 -0.010932 0.004528 0.726034 0.687557
1624182391.506505 -3.402244 2.592996 -12.166920 -0.011797 0.004105 0.726051 0.687527
1624182391.606542 -3.420196 2.601016 -12.152827 -0.012457 0.004030 0.726057 0.687510
1624182391.706753 -3.431604 2.601152 -12.151117 -0.017968 0.010260 0.726006 0.687377
1624182391.806802 -3.441795 2.606894 -12.134331 -0.028115 0.017377 0.725662 0.687257
1624182391.906616 -3.458808 2.619636 -12.190457 -0.042776 0.017774 0.725564 0.686594
1624182392.006893 -3.475724 2.627903 -12.179066 -0.054223 0.025440 0.725257 0.685867
1624182392.106922 -3.498207 2.625568 -12.131515 -0.063561 0.024983 0.724863 0.685499
1624182392.206851 -3.496481 2.602969 -12.125490 -0.063977 0.020908 0.725066 0.685382
1624182392.306813 -3.478441 2.562112 -12.154619 -0.059552 0.017301 0.725233 0.685705
1624182392.406632 -3.465783 2.508545 -12.161523 -0.053711 0.013377 0.725531 0.685960
1624182392.506787 -3.461960 2.456645 -12.127908 -0.045729 0.008276 0.726191 0.685921
1624182392.606721 -3.450100 2.404199 -12.105510 -0.037165 0.002895 0.726567 0.686084
1624182392.706714 -3.427408 2.360704 -12.060079 -0.026162 -0.000020 0.726886 0.686259
1624182392.806739 -3.403233 2.313822 -11.982307 -0.016775 -0.004821 0.727098 0.686312
1624182392.906776 -3.376112 2.258376 -11.882427 -0.010220 -0.005927 0.727280 0.686240
1624182393.006792 -3.352346 2.203997 -11.787949 -0.006761 -0.008186 0.727798 0.685709
1624182393.106731 -3.330578 2.153353 -11.702686 -0.005293 -0.009480 0.728529 0.684929
1624182393.206559 -3.302959 2.122861 -11.588748 -0.004597 -0.011984 0.728975 0.684420
1624182393.306813 -3.282216 2.090202 -11.433745 -0.005905 -0.015385 0.729651 0.683621
1624182393.406761 -3.252087 2.052124 -11.268069 -0.012827 -0.018346 0.729926 0.683159
1624182393.506560 -3.221490 2.017590 -11.053502 -0.016392 -0.018871 0.730191 0.682785
1624182393.606567 -3.197409 1.989238 -10.811594 -0.022254 -0.016892 0.730297 0.682558
1624182393.706692 -3.155171 1.962978 -10.654508 -0.026341 -0.014669 0.730438 0.682313
1624182393.806533 -3.103632 1.936294 -10.527011 -0.022777 -0.006706 0.730675 0.682313
1624182393.906732 -3.044655 1.909299 -10.481191 -0.019148 -0.001164 0.730674 0.682457
1624182394.006707 -2.987239 1.877433 -10.410044 -0.012117 0.004138 0.730725 0.682551
1624182394.106505 -2.933594 1.849961 -10.317629 -0.008499 0.006603 0.730573 0.682749
1624182394.206787 -2.892945 1.828826 -10.164595 -0.006832 0.009516 0.730203 0.683129
1624182394.306581 -2.844306 1.804890 -10.015769 -0.007352 0.009958 0.730087 0.683243
1624182394.406780 -2.792446 1.775344 -9.917487 -0.011212 0.011586 0.730064 0.683188
1624182394.507522 -2.746722 1.755432 -9.812086 -0.018741 0.015303 0.729825 0.683206
1624182394.606777 -2.703476 1.737671 -9.683749 -0.025294 0.017712 0.729854 0.682906
1624182394.706795 -2.656792 1.707001 -9.582615 -0.034290 0.019972 0.729642 0.682677
1624182394.806566 -2.615758 1.669387 -9.462538 -0.038276 0.022748 0.730040 0.681952
1624182394.906771 -2.565624 1.627421 -9.358598 -0.040026 0.022461 0.730126 0.681769
1624182395.006706 -2.510856 1.578160 -9.255118 -0.040252 0.021875 0.730293 0.681596
1624182395.106496 -2.460885 1.525482 -9.115428 -0.039019 0.021587 0.730529 0.681424
1624182395.206694 -2.405417 1.473970 -8.971727 -0.038682 0.020474 0.730745 0.681246
1624182395.306518 -2.348244 1.408125 -8.833247 -0.039074 0.020848 0.730707 0.681253
1624182395.406465 -2.289981 1.342207 -8.708308 -0.037670 0.021734 0.730713 0.681298
1624182395.506654 -2.231448 1.265806 -8.605405 -0.035234 0.022204 0.730759 0.681364
1624182395.606607 -2.167431 1.195355 -8.528800 -0.032640 0.020951 0.730776 0.681515
1624182395.706414 -2.105042 1.109567 -8.419648 -0.027698 0.018163 0.730892 0.681689
1624182395.806501 -2.042872 1.015246 -8.288477 -0.022986 0.013795 0.730897 0.681961
1624182395.906709 -1.985299 0.925294 -8.173787 -0.019156 0.008970 0.730942 0.682111
1624182396.008333 -1.925168 0.838342 -8.035141 -0.014432 0.004187 0.730676 0.682559
1624182396.106702 -1.860486 0.749304 -7.916935 -0.008042 -0.000357 0.730699 0.682653
1624182396.208316 -1.791898 0.663263 -7.817825 -0.001356 -0.001871 0.730579 0.682824
1624182396.306757 -1.731259 0.591878 -7.706163 0.010396 -0.005618 0.730535 0.682773
1624182396.406703 -1.669337 0.509999 -7.625683 0.018389 -0.005743 0.730320 0.682834
1624182396.506711 -1.601469 0.429248 -7.523600 0.027677 -0.006152 0.730195 0.682650
1624182396.606702 -1.550302 0.366860 -7.389917 0.036289 -0.004500 0.730103 0.682358
1624182396.706701 -1.503794 0.321154 -7.282290 0.036385 -0.004269 0.729978 0.682488
1624182396.806364 -1.458468 0.286528 -7.200779 0.036760 -0.001768 0.730111 0.682337
1624182396.908083 -1.417869 0.253035 -7.087387 0.033045 -0.001384 0.730317 0.682307
1624182397.006588 -1.377422 0.216659 -6.966798 0.030686 0.002283 0.730406 0.682320
1624182397.106610 -1.354184 0.191294 -6.895697 0.018694 0.002759 0.730636 0.682505
1624182397.206681 -1.334608 0.178756 -6.764880 0.011366 0.004547 0.730736 0.682551
1624182397.306757 -1.325210 0.175736 -6.676617 -0.000690 0.008611 0.730925 0.682404
1624182397.406550 -1.298082 0.167219 -6.607176 -0.013010 0.009757 0.730920 0.682269
1624182397.506759 -1.280701 0.156959 -6.531017 -0.018476 0.012914 0.731002 0.682003
1624182397.606515 -1.262171 0.150193 -6.445878 -0.019867 0.014147 0.731012 0.681929
1624182397.706468 -1.236488 0.127470 -6.372711 -0.018792 0.014226 0.730971 0.682002
1624182397.806625 -1.214957 0.096134 -6.284747 -0.015695 0.014105 0.731155 0.681885
1624182397.906616 -1.198289 0.071138 -6.171946 -0.011310 0.014033 0.731210 0.681914
1624182398.006400 -1.179646 0.050634 -6.058889 -0.009452 0.014931 0.731245 0.681886
1624182398.106565 -1.159478 0.044378 -5.970208 -0.005926 0.015954 0.731280 0.681865
1624182398.206601 -1.144210 0.028379 -5.923724 -0.006256 0.015977 0.730960 0.682205
1624182398.306355 -1.133877 -0.003857 -5.807367 -0.006881 0.016565 0.730903 0.682245
1624182398.406662 -1.120147 -0.043662 -5.709338 -0.009919 0.015731 0.730894 0.682238
1624182398.506601 -1.114567 -0.081395 -5.600731 -0.010235 0.017785 0.730922 0.682153
1624182398.606650 -1.102573 -0.097874 -5.532969 -0.014597 0.017021 0.730629 0.682406
1624182398.706689 -1.094880 -0.109688 -5.473846 -0.017759 0.014967 0.730726 0.682276
1624182398.806659 -1.087044 -0.136608 -5.386678 -0.020291 0.012523 0.730629 0.682358
1624182398.906605 -1.083738 -0.182521 -5.277095 -0.024678 0.009016 0.730682 0.682212
1624182399.006577 -1.076011 -0.233354 -5.145757 -0.026266 0.006923 0.730652 0.682210
1624182399.106578 -1.068103 -0.273191 -5.032806 -0.028429 0.003802 0.730651 0.682148
1624182399.206626 -1.052510 -0.305709 -4.962555 -0.029823 0.002984 0.730614 0.682132
1624182399.306542 -1.035533 -0.342590 -4.886725 -0.030004 0.002701 0.730959 0.681756
1624182399.408147 -1.013547 -0.383129 -4.810986 -0.030211 0.003533 0.731096 0.681596
1624182399.506663 -0.981363 -0.423757 -4.722478 -0.027961 0.003576 0.731138 0.681647
1624182399.608164 -0.947609 -0.473607 -4.628509 -0.025018 0.002893 0.731345 0.681543
1624182399.706721 -0.921030 -0.530738 -4.524793 -0.020633 0.001252 0.731720 0.681292
1624182399.806632 -0.892551 -0.588742 -4.430199 -0.013563 0.001852 0.731967 0.681203
1624182399.906536 -0.855458 -0.633736 -4.357569 -0.005667 0.001551 0.731986 0.681295
1624182400.006453 -0.812654 -0.673846 -4.303881 0.001715 0.001947 0.732035 0.681262
1624182400.106484 -0.776562 -0.709786 -4.221624 0.007411 0.001708 0.731810 0.681467
1624182400.206514 -0.745478 -0.749648 -4.114200 0.012447 0.001686 0.731499 0.681727
1624182400.306565 -0.723419 -0.795094 -4.029237 0.014929 -0.000452 0.731545 0.681630
1624182400.406535 -0.699780 -0.837510 -3.968032 0.016999 -0.001320 0.731709 0.681404
1624182400.506552 -0.670657 -0.866193 -3.895362 0.017975 -0.001478 0.731656 0.681435
1624182400.608204 -0.648473 -0.880250 -3.802523 0.017467 -0.001202 0.731762 0.681335
1624182400.706638 -0.632483 -0.894741 -3.715447 0.014721 0.000005 0.731793 0.681368
1624182400.806452 -0.622021 -0.902694 -3.635053 0.014080 0.000290 0.731986 0.681174
1624182400.906666 -0.605299 -0.912710 -3.580553 0.011942 -0.000654 0.731917 0.681288
1624182401.006581 -0.590517 -0.932277 -3.468271 0.014706 -0.002467 0.731847 0.681305
1624182401.107257 -0.575609 -0.946269 -3.353409 0.013779 -0.004744 0.731746 0.681422
1624182401.206451 -0.563727 -0.946325 -3.256657 0.014174 -0.004882 0.731749 0.681409
1624182401.306498 -0.561086 -0.942515 -3.178248 0.014327 -0.005189 0.731994 0.681141
1624182401.408150 -0.562156 -0.933220 -3.114203 0.013829 -0.004773 0.731979 0.681170
1624182401.508163 -0.560045 -0.910742 -3.042843 0.011213 -0.002641 0.732121 0.681077
1624182401.605060 -0.558518 -0.882679 -2.955304 0.009133 -0.002083 0.731948 0.681296
1624182401.704976 -0.557406 -0.854598 -2.852811 0.005353 -0.000406 0.731816 0.681481
1624182401.805915 -0.559697 -0.825588 -2.780352 0.003549 0.000774 0.731806 0.681503
1624182401.905639 -0.558771 -0.796042 -2.709174 0.001334 0.001627 0.731598 0.681733
1624182402.006422 -0.560613 -0.771961 -2.640241 -0.000691 0.003509 0.731377 0.681964
1624182402.104905 -0.559806 -0.743690 -2.565792 -0.005512 0.005150 0.731324 0.681989
1624182402.204941 -0.564915 -0.699125 -2.488399 -0.009512 0.007388 0.731225 0.682030
1624182402.304308 -0.574977 -0.666469 -2.399787 -0.012852 0.009383 0.731101 0.682083
1624182402.405715 -0.580648 -0.640314 -2.325708 -0.015047 0.010719 0.731102 0.682018
1624182402.506413 -0.584636 -0.619238 -2.261152 -0.015477 0.009047 0.730891 0.682259
1624182402.605055 -0.590565 -0.607596 -2.156940 -0.015466 0.009449 0.731000 0.682137
1624182402.704998 -0.600185 -0.589475 -2.050828 -0.013423 0.009627 0.731062 0.682111
1624182402.801269 -0.605536 -0.570659 -1.960532 -0.014037 0.008741 0.730883 0.682302
1624182402.901254 -0.604211 -0.542198 -1.886763 -0.014107 0.008644 0.730764 0.682429
1624182403.003133 -0.604210 -0.515478 -1.769109 -0.010660 0.010443 0.730890 0.682332
1624182403.103096 -0.611504 -0.492159 -1.675336 -0.010566 0.009213 0.730695 0.682561
1624182403.199254 -0.622546 -0.474842 -1.592922 -0.006075 0.010382 0.730680 0.682614
1624182403.302995 -0.636576 -0.470605 -1.493372 -0.004498 0.009990 0.730956 0.682336
1624182403.402794 -0.644871 -0.463481 -1.382644 -0.004068 0.009232 0.730890 0.682421
1624182403.503983 -0.637360 -0.454248 -1.274406 -0.006889 0.010240 0.731003 0.682263
1624182403.605779 -0.641229 -0.415878 -1.164989 -0.006346 0.009078 0.730942 0.682349
1624182403.706082 -0.658690 -0.386411 -1.092310 -0.010664 0.009032 0.730951 0.682287
1624182403.806056 -0.679368 -0.371140 -1.026554 -0.011233 0.006034 0.731148 0.682099
1624182403.906281 -0.699518 -0.360303 -0.933842 -0.011501 0.002542 0.730924 0.682357
1624182404.006283 -0.719647 -0.330447 -0.876823 -0.019465 -0.006875 0.730453 0.682651
1624182404.106508 -0.699060 -0.331040 -0.694586 -0.017882 0.000036 0.731458 0.681652
1624182404.206530 -0.697017 -0.322062 -0.637853 -0.021687 -0.004692 0.730284 0.682783
1624182404.305490 -0.725853 -0.321214 -0.697275 -0.016742 0.000862 0.730151 0.683080
1624182404.406089 -0.750736 -0.314897 -0.703213 -0.012023 0.005334 0.729996 0.683325
1624182404.506248 -0.750248 -0.302658 -0.623891 -0.008047 0.009565 0.730045 0.683285
1624182404.606283 -0.740089 -0.290502 -0.549042 -0.006820 0.009305 0.729937 0.683417
1624182404.706284 -0.736570 -0.280521 -0.512390 -0.005140 0.011150 0.730107 0.683222
1624182404.806072 -0.743034 -0.270076 -0.502993 -0.008331 0.005188 0.729967 0.683412
1624182404.906068 -0.748064 -0.261068 -0.478520 -0.009285 0.004032 0.730055 0.683314
1624182405.006091 -0.734332 -0.258325 -0.414638 -0.008517 0.005137 0.730118 0.683249
1624182405.106269 -0.736134 -0.241670 -0.381181 -0.009077 0.003333 0.729778 0.683616
1624182405.206109 -0.751303 -0.222704 -0.394392 -0.006205 0.005642 0.729699 0.683717
1624182405.306089 -0.771122 -0.210931 -0.399408 -0.003857 0.007951 0.729730 0.683678
1624182405.406140 -0.786706 -0.211813 -0.371419 -0.002388 0.010236 0.729975 0.683393
1624182405.505306 -0.794497 -0.216721 -0.342676 -0.001833 0.011429 0.729957 0.683395
1624182405.606003 -0.804735 -0.219988 -0.323519 -0.003558 0.011777 0.730148 0.683179
1624182405.706113 -0.825221 -0.211720 -0.298723 -0.006121 0.009519 0.730136 0.683208
1624182405.806139 -0.844765 -0.188897 -0.256877 -0.011495 0.008002 0.730423 0.682852
1624182405.906259 -0.847353 -0.187760 -0.186437 -0.015663 0.003328 0.730516 0.682708
1624182406.007941 -0.850396 -0.191813 -0.125331 -0.021440 -0.001194 0.730620 0.682446
1624182406.106489 -0.860074 -0.194600 -0.106605 -0.021387 -0.001658 0.730891 0.682157
1624182406.208151 -0.881895 -0.186897 -0.110088 -0.018384 -0.000749 0.730896 0.682241
1624182406.306604 -0.909450 -0.173965 -0.118551 -0.015490 -0.002309 0.730781 0.682433
1624182406.406543 -0.932650 -0.171438 -0.117982 -0.015286 -0.005664 0.730584 0.682629
1624182406.508174 -0.911308 -0.160965 -0.057112 -0.015315 -0.007658 0.730893 0.682277
1624182406.606260 -0.890514 -0.143419 -0.036895 -0.019342 -0.014319 0.730167 0.682844
1624182406.707836 -0.875879 -0.147381 -0.031430 -0.022508 -0.021876 0.730741 0.681933
1624182406.808067 -0.872957 -0.164405 -0.031446 -0.023191 -0.023254 0.731086 0.681494
1624182406.908097 -0.871327 -0.176704 -0.024589 -0.019254 -0.019841 0.730949 0.681872
1624182407.007158 -0.886109 -0.161352 -0.050691 -0.022017 -0.023659 0.730410 0.682244
1624182407.107180 -0.882536 -0.139829 -0.055572 -0.020884 -0.020252 0.730814 0.681957
1624182407.208178 -0.880393 -0.138505 -0.038745 -0.023303 -0.022746 0.730382 0.682262
1624182407.308191 -0.868847 -0.143157 -0.029782 -0.020998 -0.021033 0.730522 0.682242
1624182407.408056 -0.862654 -0.161187 -0.032162 -0.021299 -0.021426 0.730666 0.682067
1624182407.508231 -0.862651 -0.164095 -0.044145 -0.020600 -0.021674 0.730560 0.682194
1624182407.607205 -0.871041 -0.161015 -0.044037 -0.020803 -0.021413 0.730735 0.682008
1624182407.708159 -0.876056 -0.152848 -0.040943 -0.021001 -0.021960 0.730555 0.682177
1624182407.808129 -0.874623 -0.148355 -0.031240 -0.020117 -0.021110 0.730646 0.682133
1624182407.908122 -0.870671 -0.144347 -0.035622 -0.020944 -0.021646 0.730591 0.682151
1624182408.007881 -0.866483 -0.146670 -0.039426 -0.020354 -0.020868 0.730637 0.682143
1624182408.107856 -0.867453 -0.150720 -0.046030 -0.020705 -0.020611 0.730649 0.682128
1624182408.207897 -0.875397 -0.161284 -0.047100 -0.022327 -0.021311 0.730339 0.682387
1624182408.307886 -0.881428 -0.161953 -0.040207 -0.023698 -0.020961 0.730610 0.682062
1624182408.408122 -0.874336 -0.156163 -0.030933 -0.024448 -0.019461 0.730769 0.681909
1624182408.508039 -0.879059 -0.156220 -0.036593 -0.025913 -0.019687 0.730726 0.681894
1624182408.608057 -0.875407 -0.159394 -0.044087 -0.026405 -0.018935 0.730665 0.681963
1624182408.707921 -0.873736 -0.153391 -0.044500 -0.025975 -0.019904 0.730877 0.681724
1624182408.807931 -0.878018 -0.153831 -0.042795 -0.025724 -0.019598 0.730765 0.681863
1624182408.908001 -0.876021 -0.152671 -0.040079 -0.025191 -0.020772 0.730712 0.681904
1624182409.008178 -0.869651 -0.151015 -0.035835 -0.024627 -0.020505 0.730695 0.681951
1624182409.108173 -0.868538 -0.147493 -0.038359 -0.025028 -0.020833 0.730572 0.682058
1624182409.208157 -0.868876 -0.143840 -0.038739 -0.025140 -0.020188 0.730770 0.681862
1624182409.308187 -0.877793 -0.147188 -0.042082 -0.025525 -0.019605 0.730591 0.682057
1624182409.408178 -0.882677 -0.152817 -0.043121 -0.025522 -0.020220 0.730621 0.682007
1624182409.508181 -0.877351 -0.154459 -0.034411 -0.025551 -0.019978 0.730680 0.681950
1624182409.608050 -0.870073 -0.147945 -0.032004 -0.025376 -0.020132 0.730525 0.682117
1624182409.708133 -0.869812 -0.148295 -0.040113 -0.025505 -0.020319 0.730522 0.682110
1624182409.807914 -0.870284 -0.146929 -0.041515 -0.025582 -0.020134 0.730524 0.682110
1624182409.907869 -0.870428 -0.151552 -0.037178 -0.025486 -0.020374 0.730644 0.681979
1624182410.007712 -0.874842 -0.152670 -0.035449 -0.025470 -0.020323 0.730615 0.682012
1624182410.108023 -0.875757 -0.145471 -0.035806 -0.025553 -0.020084 0.730599 0.682033
1624182410.208146 -0.872923 -0.146486 -0.037937 -0.025694 -0.020254 0.730705 0.681909
1624182410.307969 -0.875719 -0.153392 -0.038778 -0.025623 -0.020179 0.730617 0.682008
1624182410.408191 -0.878790 -0.162235 -0.037572 -0.025547 -0.020224 0.730446 0.682193
1624182410.508207 -0.874149 -0.160539 -0.035421 -0.025354 -0.020303 0.730631 0.681999
1624182410.608131 -0.874453 -0.151943 -0.037167 -0.025887 -0.020182 0.730603 0.682013
1624182410.708121 -0.875372 -0.148987 -0.039419 -0.025530 -0.020167 0.730607 0.682023
1624182410.808082 -0.871846 -0.149376 -0.040049 -0.025420 -0.020170 0.730497 0.682144
1624182410.908074 -0.870441 -0.154648 -0.038685 -0.025424 -0.020259 0.730582 0.682051
1624182411.008281 -0.869113 -0.153284 -0.037486 -0.025684 -0.020184 0.730609 0.682014
1624182411.108085 -0.872643 -0.151249 -0.037744 -0.025582 -0.020123 0.730689 0.681934
1624182411.207977 -0.875888 -0.147907 -0.036525 -0.025633 -0.020103 0.730645 0.681980
1624182411.308000 -0.873267 -0.147899 -0.035551 -0.025578 -0.020146 0.730688 0.681934
1624182411.407808 -0.867808 -0.145312 -0.036267 -0.025699 -0.020205 0.730680 0.681937
1624182411.508006 -0.864988 -0.143181 -0.037542 -0.025306 -0.020062 0.730641 0.681998
1624182411.607978 -0.870023 -0.152054 -0.038151 -0.025578 -0.020057 0.730563 0.682072
1624182411.708061 -0.873753 -0.159133 -0.038290 -0.025694 -0.020227 0.730701 0.681914
1624182411.808019 -0.875702 -0.157064 -0.037658 -0.025614 -0.020092 0.730619 0.682009
1624182411.907994 -0.873531 -0.154448 -0.036231 -0.025676 -0.020134 0.730587 0.682040
1624182412.008042 -0.870939 -0.149288 -0.036019 -0.025591 -0.020091 0.730676 0.681948
1624182412.108057 -0.867312 -0.147118 -0.034548 -0.025617 -0.020212 0.730677 0.681943
1624182412.208087 -0.870132 -0.140977 -0.034564 -0.025721 -0.020017 0.730675 0.681947
1624182412.308062 -0.873450 -0.139747 -0.037033 -0.025648 -0.019975 0.730686 0.681939
1624182412.408055 -0.874714 -0.140642 -0.039095 -0.025769 -0.020047 0.730612 0.682012
1624182412.507973 -0.872170 -0.144699 -0.039265 -0.025462 -0.020036 0.730606 0.682030
1624182412.607886 -0.868064 -0.148481 -0.034369 -0.025493 -0.020036 0.730681 0.681949
1624182412.707838 -0.866509 -0.142755 -0.032278 -0.025530 -0.019994 0.730755 0.681869
1624182412.807904 -0.872871 -0.142543 -0.036266 -0.025607 -0.020011 0.730588 0.682045
1624182412.907945 -0.873107 -0.143955 -0.039435 -0.025728 -0.020140 0.730677 0.681941
1624182413.007978 -0.872539 -0.145008 -0.037402 -0.025567 -0.020065 0.730676 0.681951
1624182413.108079 -0.872225 -0.146928 -0.037056 -0.025589 -0.020174 0.730691 0.681930
1624182413.208284 -0.869635 -0.146067 -0.036865 -0.025853 -0.020097 0.730718 0.681894
1624182413.308151 -0.866665 -0.144525 -0.035440 -0.025799 -0.020115 0.730761 0.681849
1624182413.408115 -0.867197 -0.139594 -0.033585 -0.025664 -0.020067 0.730721 0.681899
1624182413.508210 -0.869346 -0.143854 -0.037041 -0.025829 -0.020111 0.730782 0.681826
1624182413.607783 -0.872549 -0.142910 -0.037945 -0.025825 -0.020139 0.730667 0.681948
1624182413.707972 -0.872967 -0.145700 -0.037981 -0.025680 -0.020102 0.730673 0.681948
1624182413.807988 -0.873386 -0.141061 -0.037185 -0.025790 -0.020133 0.730725 0.681888
1624182413.907929 -0.874564 -0.142068 -0.037392 -0.025521 -0.020147 0.730736 0.681885
1624182414.007881 -0.869408 -0.148516 -0.037017 -0.025498 -0.020046 0.730688 0.681940
1624182414.107890 -0.869892 -0.154660 -0.039359 -0.025522 -0.020195 0.730800 0.681815
1624182414.207932 -0.872632 -0.155592 -0.041200 -0.025531 -0.020181 0.730618 0.682011
1624182414.307953 -0.873277 -0.149269 -0.036715 -0.025456 -0.019960 0.730712 0.681919
1624182414.407989 -0.873952 -0.147928 -0.032774 -0.025439 -0.020003 0.730630 0.682006
1624182414.508063 -0.873551 -0.150532 -0.036432 -0.025506 -0.020039 0.730703 0.681924
1624182414.607968 -0.870188 -0.148139 -0.038787 -0.025639 -0.020113 0.730664 0.681959
1624182414.707709 -0.869781 -0.144051 -0.037368 -0.025492 -0.020075 0.730710 0.681916
1624182414.808251 -0.871432 -0.143501 -0.034900 -0.025592 -0.020051 0.730619 0.682011
1624182414.908349 -0.873739 -0.147331 -0.035427 -0.025737 -0.019969 0.730691 0.681931
1624182415.007956 -0.875516 -0.146608 -0.036855 -0.025686 -0.020002 0.730763 0.681855
1624182415.107901 -0.874844 -0.147101 -0.037004 -0.025644 -0.020062 0.730660 0.681964
1624182415.208335 -0.874370 -0.144629 -0.035244 -0.025670 -0.020134 0.730697 0.681922
1624182415.308376 -0.866707 -0.137618 -0.034530 -0.025592 -0.019872 0.730628 0.682006
1624182415.408103 -0.866208 -0.142421 -0.036513 -0.025498 -0.020056 0.730662 0.681968
1624182415.508216 -0.869794 -0.145177 -0.038485 -0.025659 -0.020062 0.730669 0.681955
1624182415.607913 -0.871686 -0.145243 -0.038163 -0.025656 -0.020064 0.730718 0.681902
1624182415.708240 -0.877220 -0.154595 -0.037864 -0.025621 -0.020186 0.730722 0.681895
1624182415.807848 -0.876036 -0.154037 -0.036206 -0.025506 -0.020066 0.730741 0.681882
1624182415.908063 -0.870742 -0.147884 -0.035252 -0.025565 -0.019998 0.730731 0.681893
1624182416.007730 -0.871329 -0.140651 -0.036983 -0.025637 -0.020083 0.730714 0.681907
1624182416.107921 -0.870693 -0.136894 -0.039342 -0.025567 -0.019974 0.730710 0.681916
1624182416.207999 -0.871315 -0.135373 -0.036379 -0.025774 -0.019935 0.730716 0.681904
1624182416.308026 -0.869316 -0.133863 -0.033943 -0.025615 -0.019959 0.730784 0.681836
1624182416.407956 -0.870740 -0.141281 -0.037234 -0.025565 -0.020039 0.730778 0.681842
1624182416.507925 -0.877496 -0.153127 -0.040702 -0.025800 -0.020074 0.730772 0.681838
1624182416.607859 -0.878979 -0.158176 -0.038387 -0.025648 -0.020109 0.730774 0.681841
1624182416.707802 -0.874777 -0.152862 -0.036232 -0.025495 -0.020039 0.730727 0.681899
1624182416.807656 -0.872590 -0.151349 -0.037884 -0.025563 -0.020061 0.730639 0.681990
1624182416.907856 -0.872768 -0.148612 -0.037344 -0.025662 -0.020030 0.730648 0.681978
1624182417.007922 -0.872950 -0.151826 -0.037201 -0.025447 -0.020049 0.730675 0.681956
1624182417.107927 -0.873123 -0.144908 -0.037200 -0.025489 -0.020108 0.730724 0.681900
1624182417.208137 -0.874102 -0.143895 -0.038551 -0.025597 -0.019955 0.730622 0.682011
1624182417.307883 -0.874433 -0.151687 -0.037625 -0.025613 -0.020091 0.730686 0.681937
1624182417.407915 -0.873380 -0.152424 -0.037650 -0.025480 -0.020036 0.730711 0.681917
1624182417.507870 -0.869505 -0.154587 -0.037982 -0.025394 -0.019947 0.730676 0.681960
1624182417.607922 -0.872921 -0.152626 -0.038604 -0.025694 -0.019974 0.730662 0.681964
1624182417.708091 -0.876395 -0.147681 -0.038504 -0.025509 -0.020056 0.730782 0.681839
1624182417.808177 -0.876996 -0.137883 -0.037956 -0.025563 -0.019943 0.730668 0.681963
1624182417.907828 -0.875531 -0.136092 -0.039731 -0.025488 -0.019993 0.730691 0.681939
1624182418.007878 -0.876337 -0.142048 -0.039584 -0.025625 -0.019897 0.730685 0.681943
1624182418.107865 -0.874866 -0.153552 -0.037993 -0.025479 -0.019943 0.730650 0.681985
1624182418.208253 -0.874373 -0.154647 -0.037868 -0.025451 -0.020020 0.730645 0.681989
1624182418.307802 -0.877691 -0.162123 -0.036607 -0.025632 -0.020007 0.730726 0.681896
1624182418.407845 -0.878737 -0.156609 -0.036958 -0.025442 -0.020004 0.730704 0.681926
1624182418.508341 -0.879280 -0.144109 -0.038685 -0.025655 -0.019953 0.730706 0.681918
1624182418.607923 -0.876352 -0.143724 -0.039900 -0.025683 -0.019998 0.730754 0.681864
1624182418.707829 -0.876824 -0.145167 -0.040730 -0.025477 -0.020083 0.730766 0.681856
1624182418.808241 -0.879258 -0.156496 -0.040216 -0.025665 -0.019990 0.730699 0.681924
1624182418.907846 -0.881093 -0.155940 -0.037507 -0.025580 -0.019900 0.730770 0.681854
1624182419.007867 -0.879482 -0.153392 -0.035299 -0.025526 -0.019893 0.730671 0.681962
1624182419.107697 -0.871819 -0.152659 -0.036303 -0.025665 -0.020043 0.730663 0.681961
1624182419.208258 -0.876092 -0.158725 -0.040294 -0.025505 -0.020050 0.730682 0.681947
1624182419.307827 -0.880366 -0.157214 -0.041602 -0.025571 -0.020034 0.730693 0.681933
1624182419.407610 -0.882789 -0.156964 -0.038264 -0.025663 -0.020064 0.730695 0.681926
1624182419.507793 -0.879710 -0.151098 -0.037389 -0.025516 -0.019858 0.730622 0.682016
1624182419.607742 -0.877843 -0.145146 -0.039657 -0.025573 -0.019955 0.730702 0.681926
1624182419.707694 -0.881102 -0.149893 -0.041124 -0.025509 -0.020093 0.730677 0.681950
1624182419.807742 -0.882257 -0.157982 -0.039703 -0.025517 -0.019995 0.730735 0.681891
1624182419.907815 -0.880403 -0.162226 -0.036952 -0.025511 -0.019943 0.730728 0.681901
1624182420.007878 -0.876141 -0.153822 -0.036536 -0.025527 -0.020002 0.730714 0.681913
1624182420.107699 -0.873633 -0.146156 -0.039399 -0.025679 -0.020050 0.730773 0.681843
1624182420.207890 -0.874892 -0.144617 -0.041011 -0.025455 -0.020011 0.730557 0.682083
1624182420.307886 -0.879080 -0.152056 -0.038995 -0.025608 -0.019900 0.730666 0.681964
1624182420.407863 -0.881317 -0.155052 -0.036791 -0.025689 -0.019923 0.730704 0.681920
1624182420.507926 -0.879624 -0.156054 -0.036250 -0.025565 -0.020008 0.730626 0.682006
1624182420.607800 -0.882826 -0.156067 -0.036740 -0.025514 -0.019900 0.730643 0.681992
1624182420.707676 -0.882081 -0.156322 -0.038901 -0.025424 -0.020127 0.730711 0.681916
1624182420.807686 -0.883855 -0.154171 -0.039334 -0.025554 -0.020097 0.730539 0.682097
1624182420.907704 -0.884307 -0.156985 -0.039259 -0.025524 -0.019940 0.730631 0.682003
1624182421.008053 -0.882020 -0.159878 -0.037977 -0.025548 -0.019895 0.730652 0.681982
1624182421.107691 -0.879293 -0.160319 -0.037548 -0.025436 -0.019908 0.730631 0.682008
1624182421.207713 -0.879106 -0.160621 -0.038637 -0.025498 -0.020026 0.730691 0.681938
1624182421.307764 -0.880629 -0.156167 -0.038917 -0.025509 -0.020065 0.730716 0.681910
1624182421.408239 -0.878243 -0.144631 -0.037298 -0.025491 -0.019916 0.730701 0.681930
1624182421.507900 -0.878417 -0.142808 -0.037766 -0.025395 -0.020009 0.730662 0.681974
1624182421.608305 -0.881259 -0.152549 -0.039553 -0.025527 -0.020027 0.730673 0.681957
1624182421.707877 -0.878255 -0.156874 -0.037634 -0.025534 -0.019895 0.730677 0.681956
1624182421.807621 -0.876038 -0.161246 -0.036139 -0.025518 -0.019941 0.730626 0.682009
1624182421.907744 -0.876820 -0.160326 -0.038195 -0.025588 -0.019947 0.730632 0.682000
1624182422.007523 -0.878543 -0.161904 -0.039131 -0.025480 -0.020008 0.730701 0.681928
1624182422.107685 -0.878532 -0.157760 -0.037606 -0.025479 -0.019887 0.730752 0.681878
1624182422.207721 -0.876498 -0.147839 -0.036021 -0.025475 -0.019966 0.730693 0.681938
1624182422.307790 -0.874066 -0.134531 -0.037133 -0.025534 -0.020014 0.730785 0.681836
1624182422.407756 -0.871927 -0.134034 -0.037849 -0.025513 -0.019870 0.730710 0.681922
1624182422.507751 -0.876729 -0.142733 -0.039452 -0.025445 -0.020059 0.730702 0.681927
1624182422.607746 -0.876601 -0.150576 -0.036500 -0.025691 -0.019825 0.730769 0.681853
1624182422.707738 -0.876923 -0.148040 -0.036037 -0.025419 -0.020023 0.730712 0.681918
1624182422.807729 -0.874756 -0.141005 -0.038767 -0.025480 -0.019912 0.730692 0.681941
1624182422.907748 -0.875446 -0.142254 -0.038230 -0.025522 -0.020013 0.730740 0.681885
1624182423.007687 -0.877873 -0.144259 -0.038451 -0.025529 -0.019843 0.730728 0.681902
1624182423.107741 -0.873309 -0.150560 -0.036677 -0.025386 -0.019910 0.730723 0.681912
1624182423.207774 -0.872778 -0.147696 -0.037376 -0.025410 -0.020024 0.730711 0.681919
1624182423.307717 -0.875626 -0.143695 -0.038173 -0.025488 -0.019836 0.730660 0.681977
1624182423.407761 -0.878763 -0.138147 -0.037854 -0.025628 -0.019979 0.730732 0.681891
1624182423.507715 -0.881105 -0.136649 -0.035789 -0.025505 -0.019851 0.730608 0.682032
1624182423.607437 -0.878215 -0.146409 -0.035471 -0.025477 -0.019926 0.730757 0.681871
1624182423.707667 -0.877953 -0.151071 -0.038102 -0.025364 -0.019959 0.730605 0.682037
1624182423.807624 -0.878055 -0.151650 -0.039954 -0.025633 -0.019922 0.730699 0.681928
1624182423.907721 -0.874193 -0.153150 -0.038372 -0.025549 -0.019922 0.730708 0.681921
