1.000000 0.000000 0.000000 0.000000 0.000000 1.000000 0.000000 0.000000 0.000000 0.000000 1.000000 0.000000
0.999629 0.027205 -0.001119 0.403596 -0.027205 0.999630 -0.000310 -0.217253 0.001111 0.000340 0.999999 -0.005677
0.997542 0.069871 -0.005266 1.384006 -0.069893 0.997547 -0.003957 -0.347004 0.004976 0.004316 0.999978 0.006289
0.992889 0.118674 -0.009353 2.476609 -0.118714 0.992921 -0.003855 -0.404511 0.008830 0.004938 0.999949 0.037915
0.985760 0.167725 -0.012065 3.568344 -0.167762 0.985825 -0.002163 -0.483879 0.011532 0.004156 0.999925 0.046450
0.976418 0.215511 -0.012775 4.622089 -0.215579 0.976478 -0.004152 -0.623711 0.011580 0.006808 0.999910 0.080952
0.965084 0.261548 -0.014343 5.603962 -0.261643 0.965151 -0.005218 -0.852454 0.012479 0.008789 0.999884 0.102697
0.951553 0.306973 -0.017725 6.574325 -0.307147 0.951628 -0.008094 -1.159553 0.014383 0.013147 0.999810 0.122255
0.936804 0.349265 -0.020293 7.571902 -0.349501 0.936889 -0.009436 -1.467681 0.015716 0.015932 0.999750 0.177911
0.919332 0.392886 -0.021658 8.472893 -0.393153 0.919421 -0.009719 -1.846999 0.016094 0.017450 0.999718 0.179972
0.900077 0.435195 -0.021621 9.393267 -0.435475 0.900142 -0.010336 -2.265801 0.014964 0.018718 0.999713 0.212989
0.878680 0.476962 -0.020722 10.247016 -0.477225 0.878722 -0.010185 -2.704305 0.013351 0.018839 0.999733 0.248432
0.854844 0.518462 -0.020950 11.107428 -0.518734 0.854873 -0.010390 -3.204595 0.012523 0.019750 0.999727 0.264632
0.829332 0.558345 -0.021432 11.914719 -0.558634 0.829343 -0.010884 -3.732746 0.011698 0.020999 0.999711 0.287574
0.802735 0.595890 -0.023051 12.722008 -0.596233 0.802714 -0.012483 -4.299149 0.011065 0.023765 0.999656 0.327281
0.772911 0.634034 -0.024694 13.475052 -0.634415 0.772895 -0.012296 -4.922038 0.011290 0.025170 0.999619 0.330873
0.743736 0.667934 -0.026852 14.219529 -0.668399 0.743652 -0.014980 -5.541244 0.009962 0.029089 0.999527 0.364549
0.711968 0.701694 -0.026965 14.890883 -0.702154 0.711878 -0.014480 -6.211601 0.009036 0.029243 0.999531 0.387249
0.676839 0.735548 -0.029286 15.570877 -0.736067 0.676768 -0.013795 -6.927897 0.009673 0.030893 0.999476 0.391375
0.641743 0.766244 -0.032184 16.198852 -0.766862 0.641642 -0.014746 -7.630932 0.009352 0.034144 0.999373 0.422759
0.604809 0.795661 -0.033615 16.797248 -0.796313 0.604735 -0.013492 -8.396880 0.009593 0.034929 0.999344 0.441298
0.567597 0.822485 -0.036766 17.335637 -0.823240 0.567553 -0.012642 -9.169044 0.010469 0.037443 0.999244 0.467574
0.528923 0.847676 -0.041054 17.830254 -0.848586 0.528933 -0.011506 -9.954606 0.011961 0.040923 0.999091 0.485556
0.489315 0.871007 -0.043786 18.329479 -0.872022 0.489351 -0.010607 -10.813771 0.012188 0.043373 0.998985 0.494972
0.451280 0.891137 -0.047123 18.746237 -0.892326 0.451213 -0.012666 -11.669317 0.009975 0.047766 0.998809 0.510772
0.414751 0.908517 -0.050785 19.172246 -0.909892 0.414627 -0.013437 -12.540719 0.008849 0.051782 0.998619 0.541471
0.378157 0.924289 -0.051826 19.544583 -0.925701 0.378073 -0.011804 -13.440979 0.008683 0.052440 0.998586 0.553576
0.345152 0.937101 -0.052081 19.892399 -0.938524 0.344996 -0.012235 -14.348051 0.006503 0.053102 0.998568 0.563308
0.311696 0.948656 -0.053829 20.222823 -0.950175 0.311403 -0.013964 -15.291397 0.003516 0.055500 0.998453 0.574704
0.279258 0.958673 -0.054415 20.522862 -0.960215 0.278912 -0.013999 -16.235128 0.001756 0.056160 0.998420 0.593242
0.247098 0.967602 -0.051861 20.775906 -0.968989 0.246833 -0.011555 -17.210757 0.001620 0.053108 0.998587 0.604308
0.214846 0.975275 -0.051760 20.999028 -0.976647 0.214623 -0.009893 -18.200502 0.001461 0.052677 0.998611 0.596773
0.184538 0.981379 -0.053307 21.198407 -0.982825 0.184277 -0.009811 -19.181292 0.000195 0.054202 0.998530 0.605060
0.154145 0.986534 -0.054688 21.362212 -0.988046 0.153800 -0.010491 -20.192651 -0.001938 0.055652 0.998448 0.612983
0.123141 0.990938 -0.053653 21.517232 -0.992379 0.122718 -0.011127 -21.234159 -0.004442 0.054615 0.998498 0.617552
0.093945 0.994113 -0.053980 21.625614 -0.995558 0.093463 -0.011389 -22.282059 -0.006277 0.054810 0.998477 0.611674
0.065884 0.996235 -0.056346 21.689757 -0.997797 0.065336 -0.011504 -23.353738 -0.007779 0.056980 0.998345 0.604459
0.040898 0.997336 -0.060408 21.746704 -0.999126 0.040296 -0.011152 -24.433515 -0.008688 0.060811 0.998111 0.603193
0.017978 0.997730 -0.064899 21.766987 -0.999792 0.017317 -0.010737 -25.522898 -0.009589 0.065078 0.997834 0.592197
-0.003021 0.997529 -0.070194 21.766979 -0.999928 -0.003829 -0.011378 -26.633940 -0.011619 0.070155 0.997468 0.592660
-0.020292 0.996988 -0.074854 21.742300 -0.999704 -0.021237 -0.011846 -27.758660 -0.013400 0.074591 0.997124 0.579960
-0.036265 0.996290 -0.078048 21.714229 -0.999230 -0.037320 -0.012101 -28.875869 -0.014968 0.077550 0.996876 0.570484
-0.051033 0.995445 -0.080530 21.667279 -0.998553 -0.052229 -0.012809 -30.014141 -0.016957 0.079760 0.996670 0.562310
-0.063986 0.994642 -0.081195 21.597893 -0.997771 -0.065308 -0.013733 -31.177330 -0.018962 0.080135 0.996604 0.548027
-0.075795 0.993791 -0.081455 21.536287 -0.996931 -0.077133 -0.013415 -32.333523 -0.019614 0.080188 0.996587 0.538053
-0.087781 0.992817 -0.081298 21.440178 -0.995974 -0.088962 -0.011011 -33.475097 -0.018165 0.080004 0.996629 0.519211
-0.098484 0.991809 -0.081333 21.312157 -0.995013 -0.099440 -0.007787 -34.657657 -0.015811 0.080160 0.996657 0.498998
-0.108215 0.990760 -0.081762 21.187952 -0.994024 -0.109024 -0.005475 -35.875090 -0.014338 0.080680 0.996637 0.481076
-0.115464 0.989951 -0.081642 21.061713 -0.993219 -0.116183 -0.004099 -37.099993 -0.013543 0.080615 0.996653 0.465761
-0.121497 0.989228 -0.081642 20.922865 -0.992506 -0.122158 -0.003125 -38.326472 -0.013064 0.080651 0.996657 0.445196
-0.127129 0.988494 -0.081957 20.771045 -0.991808 -0.127719 -0.001971 -39.590198 -0.012416 0.081035 0.996634 0.431350
-0.131504 0.987988 -0.081161 20.590371 -0.991255 -0.131962 -0.000286 -40.872185 -0.010992 0.080413 0.996701 0.411921
-0.135452 0.987455 -0.081154 20.410352 -0.990725 -0.135879 0.000261 -42.212838 -0.010769 0.080437 0.996702 0.399356
-0.139190 0.986909 -0.081465 20.251609 -0.990197 -0.139679 -0.000302 -43.542180 -0.011677 0.080624 0.996676 0.388609
-0.140756 0.986621 -0.082264 20.060455 -0.989947 -0.141422 -0.002300 -44.906328 -0.013903 0.081113 0.996608 0.370828
-0.142680 0.986261 -0.083255 19.885102 -0.989660 -0.143405 -0.002760 -46.260624 -0.014661 0.082000 0.996524 0.354012
-0.145507 0.985778 -0.084078 19.682181 -0.989239 -0.146277 -0.003035 -47.656131 -0.015291 0.082731 0.996455 0.336975
-0.145986 0.985621 -0.085090 19.472638 -0.989177 -0.146709 -0.002273 -49.073736 -0.014724 0.083837 0.996371 0.303958
-0.147109 0.985387 -0.085861 19.263175 -0.989015 -0.147803 -0.001744 -50.514231 -0.014409 0.084661 0.996306 0.291414
-0.146678 0.985427 -0.086134 19.041332 -0.989092 -0.147296 -0.000821 -51.978275 -0.013496 0.085074 0.996283 0.259894
-0.146600 0.985509 -0.085324 18.836567 -0.989117 -0.147134 0.000030 -53.461894 -0.012524 0.084400 0.996353 0.250534
-0.145766 0.985647 -0.085162 18.619609 -0.989239 -0.146305 -0.000099 -54.956431 -0.012557 0.084231 0.996367 0.229048
-0.143732 0.985889 -0.085812 18.402763 -0.989533 -0.144308 -0.000515 -56.463833 -0.012892 0.084840 0.996311 0.206828
-0.142758 0.986016 -0.085977 18.192427 -0.989676 -0.143320 -0.000361 -57.989943 -0.012678 0.085038 0.996297 0.192755
-0.141893 0.986159 -0.085777 17.978805 -0.989813 -0.142370 0.000567 -59.558050 -0.011653 0.084983 0.996314 0.171735
-0.140556 0.986292 -0.086444 17.752199 -0.990011 -0.140986 0.001148 -61.150900 -0.011055 0.085742 0.996256 0.155837
-0.139322 0.986509 -0.085958 17.524463 -0.990186 -0.139750 0.001049 -62.779439 -0.010978 0.085261 0.996298 0.137119
-0.138593 0.986493 -0.087311 17.300863 -0.990267 -0.139179 -0.000633 -64.386224 -0.012776 0.086374 0.996181 0.117828
-0.137264 0.986414 -0.090252 17.079418 -0.990431 -0.137995 -0.001877 -66.017724 -0.014306 0.089131 0.995917 0.094262
-0.136703 0.986331 -0.091997 16.850006 -0.990519 -0.137376 -0.000987 -67.691835 -0.013612 0.090990 0.995759 0.077439
-0.136258 0.986470 -0.091160 16.618764 -0.990592 -0.136845 -0.000188 -69.344738 -0.012660 0.090277 0.995836 0.068438
-0.135454 0.986461 -0.092445 16.401968 -0.990708 -0.136005 0.000339 -71.030487 -0.012238 0.091632 0.995718 0.048265
-0.135463 0.986470 -0.092342 16.168300 -0.990696 -0.136089 -0.000489 -72.743641 -0.013049 0.091417 0.995727 0.037867
-0.134771 0.986485 -0.093186 15.946416 -0.990788 -0.135419 -0.000634 -74.471946 -0.013245 0.092243 0.995648 0.010768
-0.134831 0.986432 -0.093662 15.728097 -0.990772 -0.135532 -0.001138 -76.168420 -0.013817 0.092644 0.995603 -0.000410
-0.134437 0.986390 -0.094660 15.491960 -0.990828 -0.135128 -0.000894 -77.906900 -0.013673 0.093671 0.995509 -0.024675
-0.134999 0.986284 -0.094969 15.252096 -0.990758 -0.135643 -0.000331 -79.657756 -0.013208 0.094047 0.995480 -0.040492
-0.135943 0.986222 -0.094261 15.030583 -0.990640 -0.136499 0.000553 -81.422087 -0.012321 0.093454 0.995547 -0.059341
-0.136666 0.986146 -0.094013 14.783186 -0.990549 -0.137151 0.001319 -83.199060 -0.011593 0.093304 0.995570 -0.075319
-0.137696 0.986097 -0.093020 14.534556 -0.990409 -0.138162 0.001447 -84.999487 -0.011425 0.092327 0.995663 -0.085454
-0.139021 0.985973 -0.092358 14.295249 -0.990221 -0.139502 0.001263 -86.818033 -0.011639 0.091631 0.995725 -0.105507
-0.139726 0.985909 -0.091984 14.046102 -0.990111 -0.140289 0.000346 -88.630551 -0.012564 0.091123 0.995760 -0.114576
-0.139542 0.986103 -0.090161 13.795181 -0.990135 -0.140118 -0.000067 -90.456288 -0.012699 0.089262 0.995927 -0.141232
-0.141536 0.985882 -0.089467 13.544319 -0.989859 -0.142054 0.000591 -92.311753 -0.012126 0.088643 0.995990 -0.153095
-0.144674 0.985553 -0.088059 13.283232 -0.989412 -0.145132 0.001218 -94.192899 -0.011580 0.087303 0.996115 -0.176540
-0.148826 0.984878 -0.088689 13.016920 -0.988800 -0.149235 0.002036 -96.083533 -0.011230 0.087998 0.996057 -0.189945
-0.153326 0.984354 -0.086818 12.733293 -0.988103 -0.153787 0.001394 -97.967434 -0.011979 0.085999 0.996223 -0.208486
-0.157835 0.983763 -0.085435 12.445188 -0.987384 -0.158340 0.000875 -99.875257 -0.012667 0.084495 0.996343 -0.230416
-0.162977 0.983035 -0.084152 12.153278 -0.986552 -0.163440 0.001403 -101.788835 -0.012375 0.083249 0.996452 -0.241413
-0.167459 0.982284 -0.084114 11.837442 -0.985814 -0.167815 0.002860 -103.730642 -0.011306 0.083400 0.996452 -0.251559
-0.172580 0.981459 -0.083388 11.503741 -0.984945 -0.172809 0.004525 -105.654686 -0.009969 0.082914 0.996507 -0.264520
-0.177652 0.980682 -0.081868 11.173315 -0.984045 -0.177853 0.004887 -107.598880 -0.009768 0.081430 0.996631 -0.277803
-0.182382 0.979931 -0.080454 10.823436 -0.983175 -0.182612 0.004553 -109.551099 -0.010230 0.079930 0.996748 -0.288524
-0.188423 0.978988 -0.077973 10.469802 -0.982025 -0.188713 0.003705 -111.512905 -0.011087 0.077270 0.996949 -0.303330
-0.193456 0.977994 -0.078116 10.101058 -0.981037 -0.193793 0.003322 -113.474272 -0.011890 0.077278 0.996939 -0.312420
-0.198768 0.976923 -0.078182 9.716493 -0.979966 -0.199139 0.003102 -115.438913 -0.012539 0.077233 0.996934 -0.332764
-0.204967 0.975615 -0.078512 9.321906 -0.978696 -0.205271 0.004270 -117.432111 -0.011950 0.077715 0.996904 -0.339598
-0.210564 0.974497 -0.077581 8.920409 -0.977513 -0.210813 0.005050 -119.402661 -0.011434 0.076900 0.996973 -0.356120
-0.216570 0.973149 -0.077957 8.496368 -0.976192 -0.216849 0.004975 -121.376236 -0.012063 0.077179 0.996944 -0.363885
-0.222689 0.971789 -0.077694 8.066921 -0.974811 -0.222975 0.005085 -123.402249 -0.012382 0.076869 0.996964 -0.379967
-0.227922 0.970649 -0.076757 7.612638 -0.973606 -0.228164 0.005718 -125.397438 -0.011963 0.076034 0.997033 -0.395745
-0.232890 0.969558 -0.075625 7.142429 -0.972429 -0.233130 0.005763 -127.443268 -0.012043 0.074882 0.997120 -0.410808
-0.237099 0.968437 -0.076898 6.660673 -0.971396 -0.237409 0.005223 -129.471493 -0.013198 0.075937 0.997025 -0.425088
-0.240056 0.967443 -0.080170 6.171808 -0.970657 -0.240408 0.005375 -131.508871 -0.014073 0.079108 0.996767 -0.444351
-0.244849 0.966218 -0.080442 5.664171 -0.969456 -0.245201 0.005632 -133.545313 -0.014283 0.079364 0.996743 -0.459490
-0.247621 0.965469 -0.080956 5.165686 -0.968754 -0.247950 0.006122 -135.557570 -0.014162 0.079943 0.996699 -0.480613
-0.250924 0.964680 -0.080188 4.642315 -0.967900 -0.251262 0.006018 -137.589373 -0.014342 0.079124 0.996762 -0.503257
-0.254639 0.963770 -0.079416 4.124352 -0.966936 -0.254935 0.006558 -139.684531 -0.013925 0.078460 0.996820 -0.518826
-0.259552 0.962663 -0.076901 3.582877 -0.965634 -0.259822 0.006642 -141.727404 -0.013586 0.075982 0.997017 -0.537861
-0.264328 0.961387 -0.076592 3.042661 -0.964334 -0.264603 0.006724 -143.816212 -0.013802 0.075638 0.997040 -0.559919
-0.269229 0.960003 -0.076875 2.473429 -0.962976 -0.269496 0.007079 -145.886418 -0.013922 0.075935 0.997016 -0.572848
-0.273731 0.958797 -0.076020 1.910714 -0.961710 -0.273964 0.007547 -147.976652 -0.013590 0.075175 0.997078 -0.592718
-0.278286 0.957535 -0.075384 1.322510 -0.960397 -0.278540 0.007345 -150.085403 -0.013964 0.074443 0.997127 -0.609704
-0.281945 0.956427 -0.075859 0.727096 -0.959319 -0.282237 0.007070 -152.178153 -0.014649 0.074766 0.997093 -0.629773
-0.286015 0.955182 -0.076311 0.108172 -0.958107 -0.286323 0.007100 -154.275741 -0.015068 0.075145 0.997059 -0.650302
-0.290698 0.953717 -0.076937 -0.525005 -0.956696 -0.290988 0.007661 -156.412032 -0.015082 0.075832 0.997007 -0.670626
-0.294409 0.952600 -0.076655 -1.152884 -0.955570 -0.294642 0.008501 -158.515467 -0.014488 0.075752 0.997021 -0.693239
-0.297961 0.951503 -0.076556 -1.784577 -0.954486 -0.298084 0.010089 -160.601873 -0.013220 0.076078 0.997014 -0.706935
-0.301358 0.950416 -0.076763 -2.453118 -0.953429 -0.301408 0.011212 -162.755059 -0.012481 0.076567 0.996986 -0.727982
-0.304455 0.949476 -0.076173 -3.125967 -0.952451 -0.304463 0.011780 -164.907756 -0.012007 0.076138 0.997025 -0.742637
-0.307988 0.948364 -0.075827 -3.799258 -0.951313 -0.308000 0.011831 -167.063327 -0.012134 0.075779 0.997051 -0.762157
-0.311438 0.947190 -0.076407 -4.470470 -0.950187 -0.311442 0.012175 -169.187088 -0.012265 0.076393 0.997002 -0.772679
-0.315641 0.945701 -0.077586 -5.175946 -0.948790 -0.315671 0.012201 -171.339580 -0.012954 0.077464 0.996911 -0.790629
-0.319293 0.944288 -0.079827 -5.889790 -0.947557 -0.319341 0.012508 -173.491551 -0.013680 0.079634 0.996730 -0.808913
-0.321594 0.943397 -0.081110 -6.598354 -0.946769 -0.321672 0.012452 -175.624754 -0.014344 0.080796 0.996627 -0.829568
-0.324279 0.942486 -0.081012 -7.334410 -0.945841 -0.324415 0.011845 -177.777833 -0.015118 0.080465 0.996643 -0.848234
-0.327563 0.941441 -0.079946 -8.062512 -0.944717 -0.327653 0.012363 -179.953513 -0.014556 0.079576 0.996723 -0.869499
-0.330442 0.940572 -0.078304 -8.807580 -0.943739 -0.330399 0.013891 -182.121827 -0.012806 0.078489 0.996833 -0.892262
-0.334147 0.939377 -0.076921 -9.558362 -0.942451 -0.334000 0.015151 -184.303757 -0.011459 0.077557 0.996922 -0.900956
-0.337894 0.938144 -0.075588 -10.340105 -0.941129 -0.337655 0.016305 -186.509968 -0.010227 0.076647 0.997006 -0.924162
-0.340715 0.937274 -0.073694 -11.118315 -0.940122 -0.340415 0.016982 -188.688834 -0.009170 0.075067 0.997136 -0.936401
-0.344593 0.935778 -0.074661 -11.893767 -0.938708 -0.344259 0.017715 -190.867604 -0.009126 0.076189 0.997052 -0.941704
-0.347663 0.934657 -0.074474 -12.687763 -0.937566 -0.347395 0.016944 -193.069337 -0.010035 0.075715 0.997079 -0.956209
-0.351387 0.933265 -0.074449 -13.504609 -0.936165 -0.351186 0.016211 -195.279288 -0.011016 0.075393 0.997093 -0.966818
-0.355530 0.931702 -0.074367 -14.326868 -0.934591 -0.355376 0.015749 -197.515065 -0.011755 0.075102 0.997107 -0.976662
-0.359063 0.930444 -0.073132 -15.145967 -0.933245 -0.358879 0.016096 -199.715030 -0.011269 0.074030 0.997192 -0.993122
-0.362409 0.929211 -0.072290 -15.984185 -0.931957 -0.362185 0.016648 -201.916964 -0.010713 0.073405 0.997245 -1.007731
-0.366490 0.927614 -0.072238 -16.846284 -0.930360 -0.366253 0.016970 -204.131230 -0.010716 0.073427 0.997243 -1.016850
-0.369317 0.926438 -0.072918 -17.705558 -0.929242 -0.369059 0.017472 -206.348705 -0.010724 0.074211 0.997185 -1.019748
-0.372197 0.925201 -0.073977 -18.575079 -0.928081 -0.371979 0.017212 -208.572698 -0.011593 0.075063 0.997111 -1.030937
-0.374479 0.924135 -0.075762 -19.456203 -0.927153 -0.374283 0.017306 -210.772517 -0.012363 0.076724 0.996976 -1.044745
-0.376781 0.923129 -0.076608 -20.343176 -0.926216 -0.376584 0.017563 -212.991099 -0.012637 0.077572 0.996907 -1.058161
-0.380118 0.921806 -0.076050 -21.242167 -0.924857 -0.379885 0.018075 -215.213522 -0.012229 0.077205 0.996940 -1.068270
-0.382502 0.920861 -0.075544 -22.131161 -0.923879 -0.382233 0.018560 -217.408866 -0.011784 0.076893 0.996970 -1.082468
-0.385450 0.919690 -0.074823 -23.045523 -0.922666 -0.385102 0.019602 -219.635655 -0.010786 0.076593 0.997004 -1.091661
-0.389173 0.918209 -0.073730 -23.969807 -0.921109 -0.388780 0.020206 -221.852794 -0.010112 0.075777 0.997073 -1.094956
-0.391121 0.917515 -0.072046 -24.894040 -0.920296 -0.390663 0.020929 -224.062738 -0.008943 0.074489 0.997182 -1.104983
-0.394211 0.916172 -0.072290 -25.837175 -0.918977 -0.393732 0.021365 -226.282504 -0.008889 0.074855 0.997155 -1.108638
-0.397192 0.914742 -0.074070 -26.778748 -0.917679 -0.396767 0.020993 -228.505991 -0.010186 0.076311 0.997032 -1.104178
-0.399200 0.913806 -0.074823 -27.728226 -0.916792 -0.398855 0.020152 -230.704325 -0.011429 0.076642 0.996993 -1.116843
-0.402200 0.912517 -0.074481 -28.693813 -0.915476 -0.401878 0.019929 -232.944795 -0.011746 0.076201 0.997023 -1.126804
-0.405148 0.911370 -0.072527 -29.652105 -0.914176 -0.404853 0.019378 -235.174629 -0.011703 0.074153 0.997178 -1.133145
-0.408597 0.909942 -0.071088 -30.624559 -0.912639 -0.408329 0.018925 -237.357730 -0.011806 0.072611 0.997290 -1.147387
-0.412421 0.908258 -0.070549 -31.611390 -0.910909 -0.412198 0.018363 -239.570578 -0.012402 0.071837 0.997339 -1.157339
-0.415838 0.906744 -0.069955 -32.594732 -0.909351 -0.415632 0.018164 -241.765882 -0.012606 0.071167 0.997385 -1.165258
-0.419039 0.905312 -0.069408 -33.592052 -0.907878 -0.418852 0.017918 -243.954460 -0.012851 0.070522 0.997427 -1.180341
-0.423248 0.903440 -0.068253 -34.598089 -0.905914 -0.423120 0.017031 -246.175892 -0.013493 0.069040 0.997523 -1.186729
-0.426980 0.901714 -0.067827 -35.609585 -0.904162 -0.426842 0.017243 -248.366008 -0.013403 0.068689 0.997548 -1.203298
-0.430886 0.899878 -0.067512 -36.629233 -0.902311 -0.430723 0.017691 -250.541702 -0.013160 0.068540 0.997562 -1.214223
-0.435237 0.897760 -0.067788 -37.655519 -0.900213 -0.435088 0.017736 -252.726446 -0.013571 0.068743 0.997542 -1.221017
-0.438478 0.896204 -0.067495 -38.698723 -0.898640 -0.438323 0.017889 -254.891657 -0.013553 0.068498 0.997559 -1.236178
-0.442615 0.894270 -0.066125 -39.762811 -0.896613 -0.442458 0.017798 -257.080272 -0.013341 0.067166 0.997653 -1.248280
-0.445958 0.892596 -0.066290 -40.824419 -0.894955 -0.445787 0.018177 -259.253029 -0.013326 0.067432 0.997635 -1.269322
-0.449522 0.890757 -0.066952 -41.883875 -0.893170 -0.449327 0.018790 -261.428203 -0.013346 0.068246 0.997579 -1.288144
-0.453349 0.888751 -0.067806 -42.975984 -0.891240 -0.453089 0.020052 -263.609205 -0.012900 0.069522 0.997497 -1.297536
-0.456749 0.886916 -0.068997 -44.069149 -0.889510 -0.456407 0.021570 -265.784314 -0.012360 0.071226 0.997384 -1.308876
-0.459550 0.885393 -0.069956 -45.172608 -0.888068 -0.459159 0.022522 -267.935644 -0.012180 0.072476 0.997296 -1.330879
-0.462873 0.883576 -0.071010 -46.292355 -0.886353 -0.462364 0.024447 -270.081495 -0.011232 0.074256 0.997176 -1.344687
-0.465349 0.882188 -0.072071 -47.414076 -0.885070 -0.464698 0.026574 -272.257252 -0.010048 0.076154 0.997045 -1.355775
-0.468428 0.880496 -0.072815 -48.543996 -0.883448 -0.467715 0.027614 -274.434961 -0.009743 0.077264 0.996963 -1.371108
-0.471363 0.878960 -0.072436 -49.686639 -0.881889 -0.470623 0.028041 -276.617771 -0.009443 0.077098 0.996979 -1.383350
-0.475044 0.877049 -0.071544 -50.855510 -0.879915 -0.474284 0.028347 -278.814725 -0.009071 0.076419 0.997035 -1.407480
-0.478958 0.874897 -0.071795 -52.037763 -0.877795 -0.478141 0.029291 -281.016284 -0.008702 0.077050 0.996989 -1.421559
-0.482368 0.873086 -0.071004 -53.195287 -0.875929 -0.481534 0.029563 -283.201109 -0.008379 0.076455 0.997038 -1.432278
-0.484834 0.871830 -0.069627 -54.396958 -0.874571 -0.483991 0.029640 -285.415518 -0.007857 0.075264 0.997133 -1.450394
-0.488157 0.869896 -0.070601 -55.621758 -0.872714 -0.487323 0.029758 -287.661954 -0.008519 0.076140 0.997061 -1.460512
-0.490240 0.868584 -0.072293 -56.844372 -0.871536 -0.489423 0.029826 -289.882705 -0.009475 0.077627 0.996937 -1.472995
-0.492292 0.867332 -0.073370 -58.083630 -0.870368 -0.491511 0.029600 -292.085276 -0.010390 0.078431 0.996865 -1.488153
-0.494687 0.865982 -0.073218 -59.328228 -0.869005 -0.493934 0.029329 -294.320375 -0.010766 0.078135 0.996885 -1.507061
-0.496397 0.865002 -0.073223 -60.566831 -0.868022 -0.495681 0.028934 -296.535087 -0.011267 0.077922 0.996896 -1.533222
-0.499318 0.863220 -0.074386 -61.859114 -0.866329 -0.498657 0.028546 -298.794935 -0.012451 0.078697 0.996821 -1.555417
-0.500873 0.862280 -0.074831 -63.120842 -0.865425 -0.500225 0.028521 -301.017742 -0.012839 0.079046 0.996788 -1.575284
-0.502905 0.861160 -0.074098 -64.418824 -0.864260 -0.502188 0.029374 -303.283455 -0.011915 0.078812 0.996818 -1.601731
-0.506268 0.859387 -0.071746 -65.710452 -0.862318 -0.505449 0.030488 -305.548013 -0.010063 0.077303 0.996957 -1.616807
-0.509250 0.857751 -0.070194 -67.009046 -0.860563 -0.508448 0.030198 -307.803301 -0.009787 0.075785 0.997076 -1.635076
-0.513148 0.855512 -0.069128 -68.339461 -0.858227 -0.512491 0.028287 -310.061530 -0.011228 0.073843 0.997207 -1.657234
-0.518449 0.852421 -0.067742 -69.693525 -0.855012 -0.517951 0.026096 -312.361934 -0.012842 0.071449 0.997362 -1.680165
-0.522747 0.849834 -0.067221 -71.037168 -0.852373 -0.522343 0.024856 -314.620639 -0.013989 0.070291 0.997428 -1.706809
-0.527090 0.847134 -0.067378 -72.423545 -0.849680 -0.526734 0.024387 -316.894686 -0.014831 0.070103 0.997429 -1.735632
-0.532057 0.843873 -0.069231 -73.822407 -0.846572 -0.531656 0.025640 -319.190169 -0.015170 0.072251 0.997271 -1.766851
-0.535650 0.841560 -0.069682 -75.241865 -0.844306 -0.535211 0.026405 -321.451933 -0.015073 0.072977 0.997220 -1.796251
-0.539924 0.838767 -0.070375 -76.657271 -0.841558 -0.539543 0.025957 -323.725023 -0.016199 0.073240 0.997183 -1.824768
-0.543079 0.836602 -0.071848 -78.109677 -0.839491 -0.542790 0.025188 -325.986452 -0.017926 0.073995 0.997098 -1.859885
-0.546962 0.834117 -0.071284 -79.537623 -0.836934 -0.546795 0.023571 -328.236086 -0.019317 0.072552 0.997178 -1.889838
-0.551488 0.831182 -0.070696 -80.980952 -0.833947 -0.551363 0.023036 -330.504323 -0.019832 0.071661 0.997232 -1.917282
-0.555094 0.828791 -0.070547 -82.463135 -0.831533 -0.555024 0.022385 -332.756091 -0.020603 0.071088 0.997257 -1.956740
-0.558963 0.826003 -0.072661 -83.950659 -0.828908 -0.558917 0.022862 -334.995051 -0.021727 0.073009 0.997095 -1.992757
-0.563822 0.822673 -0.072903 -85.441481 -0.825573 -0.563870 0.021890 -337.250731 -0.023100 0.072529 0.997099 -2.025457
-0.566813 0.820696 -0.071979 -86.948044 -0.823499 -0.566943 0.020593 -339.465499 -0.023907 0.070947 0.997194 -2.071946
-0.570119 0.818352 -0.072559 -88.476484 -0.821182 -0.570316 0.020012 -341.721593 -0.025005 0.070994 0.997163 -2.121253
-0.573436 0.815941 -0.073563 -90.041808 -0.818821 -0.573727 0.019226 -343.972664 -0.026518 0.071260 0.997105 -2.169436
-0.576019 0.814304 -0.071495 -91.581682 -0.816999 -0.576365 0.017773 -346.201973 -0.026735 0.068649 0.997283 -2.216664
-0.579488 0.812149 -0.067879 -93.127715 -0.814583 -0.579796 0.017092 -348.429235 -0.025475 0.065197 0.997547 -2.274876
-0.582511 0.810339 -0.063497 -94.670058 -0.812452 -0.582825 0.015380 -350.625560 -0.024545 0.060547 0.997864 -2.320557
-0.585230 0.808476 -0.062221 -96.241222 -0.810449 -0.585667 0.012876 -352.848242 -0.026031 0.057962 0.997979 -2.365329
-0.588316 0.806007 -0.065096 -97.832898 -0.808149 -0.588836 0.012928 -355.100529 -0.027911 0.060213 0.997795 -2.424728
-0.591002 0.804120 -0.064093 -99.428471 -0.806203 -0.591496 0.013000 -357.307589 -0.027457 0.059355 0.997859 -2.475897
-0.594600 0.801714 -0.060879 -101.043971 -0.803544 -0.595151 0.010608 -359.487848 -0.027727 0.055226 0.998089 -2.523491
-0.597965 0.799067 -0.062697 -102.643327 -0.800945 -0.598671 0.008913 -361.706382 -0.030413 0.055547 0.997993 -2.593476
-0.600314 0.797373 -0.061803 -104.254401 -0.799118 -0.601142 0.006256 -363.903365 -0.032164 0.053143 0.998069 -2.652968
-0.603182 0.795323 -0.060280 -105.872646 -0.796942 -0.604035 0.004950 -366.075197 -0.032474 0.051025 0.998169 -2.720528
-0.606550 0.792819 -0.059462 -107.498857 -0.794380 -0.607404 0.004531 -368.247376 -0.032526 0.049983 0.998220 -2.782680
-0.608909 0.790972 -0.059938 -109.129308 -0.792548 -0.609795 0.004316 -370.401888 -0.033136 0.050132 0.998193 -2.850247
-0.611922 0.788601 -0.060496 -110.770514 -0.790179 -0.612864 0.003685 -372.565889 -0.034170 0.050058 0.998162 -2.914562
-0.614369 0.786872 -0.058164 -112.426946 -0.788288 -0.615303 0.002325 -374.727918 -0.033959 0.047278 0.998304 -2.976710
-0.616707 0.785600 -0.050051 -114.064445 -0.786584 -0.617484 -0.000066 -376.889792 -0.030957 0.039329 0.998747 -3.045140
-0.620946 0.782997 -0.036634 -115.694549 -0.783527 -0.621357 0.000200 -379.014856 -0.022607 0.028828 0.999329 -3.113316
-0.623973 0.780435 -0.039729 -117.389427 -0.781253 -0.624141 0.009544 -381.164841 -0.017348 0.036993 0.999165 -3.122383
-0.625109 0.779002 -0.048927 -119.089474 -0.780258 -0.625334 0.012468 -383.291413 -0.020883 0.045970 0.998725 -3.147519
-0.625804 0.777779 -0.058554 -120.754281 -0.779318 -0.626601 0.005859 -385.415354 -0.032133 0.049299 0.998267 -3.223997
-0.627498 0.776240 -0.060804 -122.437679 -0.777548 -0.628815 -0.003321 -387.554744 -0.040812 0.045194 0.998144 -3.321904
-0.631079 0.773621 -0.057002 -124.104132 -0.774423 -0.632567 -0.011316 -389.653792 -0.044812 0.037002 0.998310 -3.402273
-0.633947 0.771394 -0.055338 -125.814948 -0.772083 -0.635401 -0.012371 -391.782676 -0.044705 0.034883 0.998391 -3.498178
-0.636740 0.768910 -0.057787 -127.549135 -0.769866 -0.638152 -0.008244 -393.893780 -0.043215 0.039239 0.998295 -3.579876
-0.639576 0.766494 -0.058561 -129.251555 -0.767729 -0.640771 -0.002163 -395.968257 -0.039182 0.043575 0.998282 -3.655340
-0.642186 0.764431 -0.056940 -130.980138 -0.765696 -0.643202 0.000629 -398.034802 -0.036143 0.044003 0.998377 -3.730773
-0.644825 0.762145 -0.057759 -132.708381 -0.763452 -0.645864 0.000877 -400.109764 -0.036636 0.044662 0.998330 -3.808733
-0.648000 0.759333 -0.059231 -134.430570 -0.760693 -0.649111 0.000634 -402.179145 -0.037966 0.045467 0.998244 -3.887444
-0.650220 0.757323 -0.060633 -136.179035 -0.758710 -0.651429 -0.000229 -404.248571 -0.039672 0.045854 0.998160 -3.966125
-0.651879 0.755834 -0.061389 -137.932619 -0.757261 -0.653113 -0.000045 -406.307565 -0.040129 0.046458 0.998114 -4.047894
-0.653493 0.754428 -0.061530 -139.668288 -0.755872 -0.654720 0.000299 -408.343140 -0.040060 0.046704 0.998105 -4.132965
-0.654359 0.753640 -0.061969 -141.404252 -0.755111 -0.655597 0.000486 -410.379515 -0.040260 0.047112 0.998078 -4.212596
-0.655956 0.752057 -0.064278 -143.184248 -0.753620 -0.657311 0.000105 -412.439367 -0.042172 0.048510 0.997932 -4.294953
-0.656459 0.751355 -0.067289 -144.938365 -0.753034 -0.657981 -0.000621 -414.471918 -0.044742 0.050263 0.997733 -4.386126
-0.657318 0.750340 -0.070161 -146.707375 -0.752154 -0.658987 -0.000862 -416.514767 -0.046882 0.052206 0.997535 -4.483481
-0.659258 0.748794 -0.068459 -148.478690 -0.750510 -0.660858 -0.000980 -418.542507 -0.045975 0.050734 0.997653 -4.581228
-0.660659 0.748047 -0.062888 -150.237746 -0.749475 -0.662031 -0.001311 -420.583488 -0.042615 0.046267 0.998020 -4.673386
-0.661972 0.747161 -0.059529 -151.992147 -0.748420 -0.663222 -0.001684 -422.611734 -0.040739 0.043438 0.998225 -4.761670
-0.663762 0.745587 -0.059332 -153.786937 -0.746797 -0.665047 -0.002604 -424.628228 -0.041400 0.042580 0.998235 -4.847816
-0.664015 0.745429 -0.058479 -155.539118 -0.746554 -0.665314 -0.003778 -426.657117 -0.041723 0.041149 0.998282 -4.929894
-0.664850 0.744944 -0.055080 -157.302958 -0.745884 -0.666057 -0.004984 -428.663009 -0.040400 0.037770 0.998469 -5.015699
-0.666220 0.743755 -0.054582 -159.098234 -0.744638 -0.667442 -0.005882 -430.684964 -0.040806 0.036725 0.998492 -5.101412
-0.666234 0.743603 -0.056457 -160.862932 -0.744514 -0.667572 -0.006862 -432.688203 -0.042792 0.037461 0.998381 -5.181467
-0.666427 0.743119 -0.060399 -162.662164 -0.744123 -0.667993 -0.008188 -434.701162 -0.046430 0.039487 0.998141 -5.277660
-0.664698 0.744102 -0.067005 -164.439078 -0.745325 -0.666635 -0.009371 -436.708693 -0.051641 0.043712 0.997709 -5.379227
-0.662849 0.745158 -0.073282 -166.205545 -0.746638 -0.665155 -0.010054 -438.705620 -0.056235 0.048051 0.997261 -5.497524
-0.661664 0.746649 -0.068679 -167.965259 -0.747809 -0.663804 -0.012090 -440.716985 -0.054616 0.043359 0.997566 -5.620036
-0.660908 0.748126 -0.059227 -169.713852 -0.748843 -0.662610 -0.013505 -442.743509 -0.049348 0.035426 0.998153 -5.736568
-0.659293 0.749958 -0.053812 -171.466461 -0.750428 -0.660782 -0.014993 -444.782578 -0.046802 0.030497 0.998439 -5.853304
-0.657294 0.751820 -0.052263 -173.228615 -0.752225 -0.658724 -0.015493 -446.801595 -0.046075 0.029130 0.998513 -5.947470
-0.654142 0.754459 -0.053761 -174.969948 -0.754940 -0.655623 -0.014931 -448.826288 -0.046512 0.030820 0.998442 -6.045161
-0.651292 0.756842 -0.054855 -176.712691 -0.757381 -0.652811 -0.014559 -450.848457 -0.046829 0.032064 0.998388 -6.150314
-0.649716 0.758478 -0.050794 -178.459514 -0.758895 -0.651050 -0.014584 -452.892178 -0.044131 0.029072 0.998603 -6.241753
-0.647762 0.760475 -0.045643 -180.172600 -0.760588 -0.648970 -0.018529 -454.952526 -0.043711 0.022713 0.998786 -6.339675
-0.647066 0.761349 -0.040646 -181.903177 -0.761114 -0.648163 -0.024291 -456.998511 -0.044839 0.015218 0.998878 -6.445179
-0.646590 0.762085 -0.033879 -183.611031 -0.761605 -0.647432 -0.028098 -459.048346 -0.043348 0.007635 0.999031 -6.532238
-0.646186 0.762522 -0.031680 -185.323779 -0.761996 -0.646939 -0.028860 -461.102182 -0.042501 0.005491 0.999081 -6.625713
-0.645496 0.763015 -0.033823 -187.046794 -0.762494 -0.646343 -0.029037 -463.138583 -0.044016 0.007047 0.999006 -6.710539
-0.643595 0.764457 -0.037304 -188.765805 -0.763943 -0.644605 -0.029571 -465.201937 -0.046652 0.009467 0.998866 -6.801892
-0.642132 0.765668 -0.037668 -190.455968 -0.765080 -0.643177 -0.031252 -467.237525 -0.048155 0.008751 0.998802 -6.907975
-0.641428 0.766388 -0.034908 -192.156623 -0.765751 -0.642347 -0.031882 -469.295607 -0.046857 0.006281 0.998882 -7.012063
-0.640409 0.767349 -0.032427 -193.853628 -0.766728 -0.641211 -0.031238 -471.359817 -0.044764 0.004858 0.998986 -7.113150
-0.639563 0.768084 -0.031719 -195.540796 -0.767522 -0.640327 -0.029862 -473.414523 -0.043247 0.005246 0.999051 -7.204947
-0.638516 0.768836 -0.034480 -197.265561 -0.768325 -0.639397 -0.029126 -475.477724 -0.044440 0.007894 0.998981 -7.294109
-0.637137 0.769864 -0.036954 -198.951787 -0.769375 -0.638132 -0.029156 -477.528775 -0.046028 0.009856 0.998892 -7.391821
-0.636220 0.770613 -0.037144 -200.622623 -0.770109 -0.637228 -0.029537 -479.569611 -0.046431 0.009813 0.998873 -7.487728
-0.635053 0.771612 -0.036377 -202.291150 -0.771075 -0.636031 -0.030124 -481.611586 -0.046381 0.008919 0.998884 -7.582376
-0.634154 0.772316 -0.037102 -203.968667 -0.771754 -0.635174 -0.030824 -483.677035 -0.047372 0.009086 0.998836 -7.684047
-0.633448 0.772878 -0.037464 -205.630729 -0.772288 -0.634492 -0.031483 -485.748360 -0.048103 0.008990 0.998802 -7.788211
-0.632800 0.773474 -0.036076 -207.318842 -0.772895 -0.633774 -0.031041 -487.822457 -0.046873 0.008240 0.998867 -7.889537
-0.632329 0.773904 -0.035110 -208.994764 -0.773350 -0.633253 -0.030341 -489.896262 -0.045714 0.007967 0.998923 -7.989701
-0.632011 0.774128 -0.035906 -210.677885 -0.773572 -0.632973 -0.030535 -491.975052 -0.046366 0.008477 0.998889 -8.084639
-0.631371 0.774625 -0.036419 -212.337707 -0.774031 -0.632366 -0.031451 -494.037580 -0.047393 0.008333 0.998842 -8.181964
-0.631040 0.774927 -0.035744 -214.011846 -0.774265 -0.632013 -0.032760 -496.124547 -0.047977 0.007002 0.998824 -8.285137
-0.631711 0.774388 -0.035570 -215.680459 -0.773692 -0.632679 -0.033427 -498.208635 -0.048390 0.006404 0.998808 -8.391147
-0.631572 0.774506 -0.035470 -217.347807 -0.773842 -0.632531 -0.032757 -500.274374 -0.047806 0.006759 0.998834 -8.495212
-0.632086 0.774085 -0.035504 -219.035919 -0.773427 -0.633045 -0.032635 -502.378859 -0.047737 0.006831 0.998837 -8.592289
-0.631778 0.774296 -0.036359 -220.704375 -0.773592 -0.632786 -0.033711 -504.439627 -0.049110 0.006829 0.998770 -8.696593
-0.631964 0.774126 -0.036734 -222.380098 -0.773336 -0.633003 -0.035474 -506.515598 -0.050714 0.005990 0.998695 -8.805616
-0.632742 0.773493 -0.036695 -224.052279 -0.772652 -0.633783 -0.036450 -508.591655 -0.051451 0.005289 0.998662 -8.914598
-0.632406 0.773814 -0.035684 -225.707703 -0.772980 -0.633395 -0.036224 -510.655454 -0.050632 0.004675 0.998706 -9.028706
-0.632409 0.773838 -0.035132 -227.392423 -0.773020 -0.633368 -0.035843 -512.735215 -0.049988 0.004490 0.998740 -9.137309
-0.632735 0.773541 -0.035779 -229.080688 -0.772757 -0.633723 -0.035244 -514.809981 -0.049937 0.005348 0.998738 -9.244248
-0.632385 0.773808 -0.036202 -230.739716 -0.773018 -0.633395 -0.035397 -516.867160 -0.050321 0.005601 0.998717 -9.352959
-0.632542 0.773687 -0.036034 -232.421617 -0.772889 -0.633545 -0.035550 -518.952464 -0.050334 0.005363 0.998718 -9.459256
-0.632238 0.773983 -0.034993 -234.095278 -0.773178 -0.633190 -0.035581 -521.024935 -0.049696 0.004560 0.998754 -9.565144
-0.632127 0.774080 -0.034866 -235.752611 -0.773249 -0.633074 -0.036105 -523.080933 -0.050021 0.004137 0.998740 -9.675527
-0.632446 0.773780 -0.035741 -237.427616 -0.772894 -0.633442 -0.037231 -525.138643 -0.051448 0.004078 0.998667 -9.781287
-0.631852 0.774197 -0.037176 -239.093949 -0.773285 -0.632926 -0.037885 -527.214193 -0.052860 0.004810 0.998590 -9.898844
-0.631416 0.774557 -0.037079 -240.762966 -0.773657 -0.632485 -0.037656 -529.290313 -0.052619 0.004909 0.998603 -10.010031
-0.631314 0.774616 -0.037577 -242.439611 -0.773774 -0.632403 -0.036606 -531.370363 -0.052119 0.005967 0.998623 -10.122935
-0.630803 0.775009 -0.038061 -244.101987 -0.774166 -0.631919 -0.036688 -533.438538 -0.052485 0.006322 0.998602 -10.236875
-0.630548 0.775212 -0.038152 -245.788378 -0.774330 -0.631673 -0.037439 -535.526527 -0.053122 0.005935 0.998570 -10.352163
-0.631144 0.774762 -0.037446 -247.449689 -0.773844 -0.632234 -0.038025 -537.589043 -0.053135 0.004978 0.998575 -10.472169
-0.630822 0.775043 -0.037039 -249.106161 -0.774131 -0.631891 -0.037891 -539.669260 -0.052772 0.004771 0.998595 -10.584806
-0.630851 0.774996 -0.037528 -250.785565 -0.774042 -0.631950 -0.038716 -541.748056 -0.053720 0.004624 0.998545 -10.700889
-0.631448 0.774452 -0.038697 -252.465642 -0.773416 -0.632616 -0.040310 -543.839598 -0.055698 0.004476 0.998438 -10.822455
-0.631322 0.774567 -0.038463 -254.138765 -0.773477 -0.632481 -0.041237 -545.914430 -0.056268 0.003717 0.998409 -10.949506
-0.632070 0.774042 -0.036695 -255.806589 -0.772988 -0.633128 -0.040488 -547.975622 -0.054572 0.002773 0.998506 -11.069404
-0.631956 0.774242 -0.034372 -257.477832 -0.773298 -0.632886 -0.038295 -550.040493 -0.051404 0.002379 0.998675 -11.187668
-0.632094 0.774129 -0.034359 -259.151526 -0.773185 -0.633023 -0.038310 -552.108674 -0.051406 0.002350 0.998675 -11.299144
-0.632258 0.773883 -0.036798 -260.810805 -0.772893 -0.633318 -0.039294 -554.180724 -0.053714 0.003597 0.998550 -11.415253
-0.632019 0.773993 -0.038562 -262.497495 -0.772954 -0.633180 -0.040325 -556.271243 -0.055628 0.004321 0.998442 -11.536027
-0.631819 0.774133 -0.039031 -264.171917 -0.773107 -0.633005 -0.040131 -558.354526 -0.055774 0.004820 0.998432 -11.659369
-0.632244 0.773816 -0.038430 -265.836244 -0.772839 -0.633392 -0.039179 -560.405357 -0.054658 0.004929 0.998493 -11.782583
-0.632083 0.773933 -0.038725 -267.517868 -0.772993 -0.633243 -0.038538 -562.488652 -0.054348 0.005575 0.998506 -11.902155
-0.632026 0.773932 -0.039648 -269.165602 -0.773009 -0.633236 -0.038328 -564.521492 -0.054770 0.006424 0.998478 -12.020625
-0.631665 0.774138 -0.041356 -270.862191 -0.773186 -0.632975 -0.039052 -566.634080 -0.056409 0.007308 0.998381 -12.144732
-0.631335 0.774381 -0.041825 -272.539557 -0.773384 -0.632679 -0.039932 -568.726425 -0.057384 0.007136 0.998327 -12.271430
-0.631547 0.774204 -0.041902 -274.198616 -0.773207 -0.632895 -0.039924 -570.778833 -0.057428 0.007185 0.998324 -12.395601
-0.630980 0.774624 -0.042684 -275.888483 -0.773636 -0.632373 -0.039895 -572.864303 -0.057896 0.007849 0.998292 -12.520877
-0.630653 0.774821 -0.043922 -277.574375 -0.773803 -0.632125 -0.040582 -574.956429 -0.059208 0.008394 0.998210 -12.648591
-0.630453 0.775036 -0.042989 -279.230819 -0.773938 -0.631879 -0.041816 -577.004157 -0.059573 0.006908 0.998200 -12.782981
-0.630213 0.775272 -0.042250 -280.908718 -0.774080 -0.631605 -0.043309 -579.095788 -0.060262 0.005411 0.998168 -12.916836
-0.629928 0.775541 -0.041552 -282.551276 -0.774386 -0.631274 -0.042655 -581.148105 -0.059311 0.005308 0.998225 -13.046166
-0.629021 0.776266 -0.041763 -284.230082 -0.775206 -0.630372 -0.041081 -583.237168 -0.058216 0.006534 0.998283 -13.179344
-0.628268 0.776836 -0.042488 -285.913769 -0.775821 -0.629658 -0.040416 -585.341249 -0.058149 0.007571 0.998279 -13.303072
-0.627703 0.777268 -0.042932 -287.573736 -0.776229 -0.629123 -0.040895 -587.415912 -0.058796 0.007655 0.998241 -13.427779
-0.626941 0.777806 -0.044294 -289.234827 -0.776754 -0.628447 -0.041326 -589.485283 -0.059980 0.008497 0.998163 -13.564089
-0.626690 0.778047 -0.043605 -290.886792 -0.777002 -0.628153 -0.041127 -591.554192 -0.059390 0.008107 0.998202 -13.689724
-0.626176 0.778496 -0.042973 -292.541789 -0.777449 -0.627602 -0.041093 -593.634228 -0.058961 0.007678 0.998231 -13.822979
-0.625224 0.779283 -0.042563 -294.197044 -0.778223 -0.626629 -0.041290 -595.720537 -0.058848 0.007308 0.998240 -13.954484
-0.624824 0.779624 -0.042200 -295.856992 -0.778523 -0.626212 -0.041953 -597.818539 -0.059133 0.006640 0.998228 -14.084315
-0.624415 0.779959 -0.042064 -297.481988 -0.778830 -0.625799 -0.042414 -599.873623 -0.059405 0.006277 0.998214 -14.215335
-0.623679 0.780610 -0.040907 -299.142626 -0.779410 -0.625001 -0.043520 -601.979555 -0.059539 0.004741 0.998215 -14.347206
-0.623871 0.780519 -0.039689 -300.784794 -0.779276 -0.625123 -0.044162 -604.055217 -0.059280 0.003378 0.998236 -14.483909
-0.623888 0.780592 -0.037941 -302.447648 -0.779352 -0.625037 -0.044034 -606.152080 -0.058087 0.002098 0.998309 -14.615037
-0.623977 0.780463 -0.039116 -304.091626 -0.779225 -0.625194 -0.044043 -608.229709 -0.058829 0.002999 0.998264 -14.743136
-0.624057 0.780333 -0.040415 -305.718729 -0.779034 -0.625356 -0.045135 -610.293123 -0.060494 0.003318 0.998163 -14.874032
-0.623883 0.780482 -0.040226 -307.380054 -0.779129 -0.625173 -0.046019 -612.396904 -0.061065 0.002630 0.998130 -15.017100
-0.624185 0.780300 -0.039053 -309.035967 -0.778968 -0.625403 -0.045604 -614.503547 -0.060009 0.001956 0.998196 -15.156017
-0.624212 0.780346 -0.037665 -310.649339 -0.779089 -0.625345 -0.044305 -616.545656 -0.058127 0.001689 0.998308 -15.285678
-0.624238 0.780345 -0.037259 -312.317167 -0.779152 -0.625346 -0.043183 -618.648863 -0.056997 0.002074 0.998372 -15.414541
-0.624637 0.780005 -0.037700 -313.966638 -0.778824 -0.625769 -0.042965 -620.745214 -0.057104 0.002524 0.998365 -15.543177
-0.624319 0.780188 -0.039146 -315.636440 -0.778977 -0.625536 -0.043574 -622.845270 -0.058484 0.003290 0.998283 -15.673918
-0.624136 0.780290 -0.040017 -317.294665 -0.779041 -0.625408 -0.044281 -624.940529 -0.059579 0.003538 0.998217 -15.800654
-0.624084 0.780300 -0.040629 -318.920959 -0.779049 -0.625392 -0.044350 -627.000925 -0.060015 0.003974 0.998190 -15.934462
-0.623545 0.780765 -0.039957 -320.561186 -0.779522 -0.624814 -0.044185 -629.082539 -0.059464 0.003596 0.998224 -16.065922
-0.623599 0.780761 -0.039197 -322.235798 -0.779523 -0.624822 -0.044049 -631.208682 -0.058883 0.003086 0.998260 -16.198226
-0.623483 0.780838 -0.039513 -323.849930 -0.779599 -0.624725 -0.044092 -633.255428 -0.059114 0.003313 0.998246 -16.331372
-0.622891 0.781304 -0.039639 -325.505481 -0.780050 -0.624142 -0.044363 -635.344990 -0.059401 0.003288 0.998229 -16.461745
-0.622552 0.781565 -0.039805 -327.151164 -0.780287 -0.623815 -0.044804 -637.441621 -0.059849 0.003167 0.998202 -16.595432
-0.622353 0.781734 -0.039612 -328.774205 -0.780439 -0.623606 -0.045065 -639.507485 -0.059931 0.002868 0.998198 -16.731848
-0.621929 0.782134 -0.038342 -330.430999 -0.780859 -0.623106 -0.044692 -641.611560 -0.058846 0.002144 0.998265 -16.858243
-0.621775 0.782244 -0.038590 -332.057013 -0.780981 -0.622967 -0.044500 -643.684634 -0.058850 0.002469 0.998264 -16.990341
-0.621079 0.782748 -0.039571 -333.715673 -0.781447 -0.622332 -0.045208 -645.793981 -0.060013 0.002845 0.998194 -17.119823
-0.620603 0.783079 -0.040470 -335.361321 -0.781777 -0.621912 -0.045286 -647.893512 -0.060631 0.003534 0.998154 -17.256366
-0.620615 0.783125 -0.039393 -336.965906 -0.781863 -0.621856 -0.044552 -649.947358 -0.059386 0.003150 0.998230 -17.388222
-0.620070 0.783577 -0.038992 -338.634623 -0.782404 -0.621283 -0.043032 -652.069245 -0.057944 0.003825 0.998313 -17.519561
-0.619679 0.783865 -0.039411 -340.273621 -0.782684 -0.620918 -0.043208 -654.168691 -0.058341 0.004071 0.998288 -17.648571
-0.619065 0.784245 -0.041453 -341.876755 -0.783072 -0.620425 -0.043243 -656.220778 -0.059632 0.005690 0.998204 -17.772786
-0.618614 0.784571 -0.042007 -343.524306 -0.783342 -0.620014 -0.044245 -658.350154 -0.060758 0.005536 0.998137 -17.905975
-0.618214 0.784884 -0.042050 -345.133173 -0.783614 -0.619621 -0.044935 -660.414803 -0.061324 0.005172 0.998105 -18.037537
-0.617923 0.785128 -0.041781 -346.780747 -0.783830 -0.619316 -0.045370 -662.531124 -0.061496 0.004714 0.998096 -18.178165
-0.617550 0.785436 -0.041507 -348.427340 -0.784162 -0.618925 -0.044966 -664.644906 -0.061008 0.004780 0.998126 -18.313576
-0.617184 0.785783 -0.040364 -350.021522 -0.784551 -0.618487 -0.044197 -666.698388 -0.059694 0.004390 0.998207 -18.445817
-0.616826 0.786082 -0.040011 -351.665932 -0.784875 -0.618107 -0.043763 -668.812311 -0.059133 0.004410 0.998240 -18.580510
-0.616680 0.786214 -0.039669 -353.304380 -0.784993 -0.617942 -0.043974 -670.925154 -0.059086 0.004022 0.998245 -18.712043
-0.616877 0.786056 -0.039736 -354.903485 -0.784808 -0.618144 -0.044429 -673.000167 -0.059486 0.003778 0.998222 -18.844186
-0.616840 0.786112 -0.039195 -356.564684 -0.784834 -0.618077 -0.044908 -675.127522 -0.059528 0.003061 0.998222 -18.973258
-0.617159 0.785893 -0.038562 -358.180972 -0.784580 -0.618359 -0.045455 -677.228595 -0.059568 0.002202 0.998222 -19.107553
-0.617687 0.785537 -0.037339 -359.783217 -0.784225 -0.618813 -0.045406 -679.283256 -0.058774 0.001236 0.998271 -19.239015
-0.617774 0.785493 -0.036839 -361.425729 -0.784183 -0.618870 -0.045350 -681.405399 -0.058421 0.000872 0.998292 -19.369911
-0.618479 0.784907 -0.037484 -363.044293 -0.783576 -0.619613 -0.045694 -683.480132 -0.059091 0.001110 0.998252 -19.500050
-0.618807 0.784604 -0.038384 -364.692792 -0.783253 -0.619995 -0.046066 -685.610741 -0.059941 0.001559 0.998201 -19.634234
-0.619139 0.784279 -0.039666 -366.337650 -0.782916 -0.620404 -0.046275 -687.732559 -0.060902 0.002404 0.998141 -19.767569
-0.619518 0.783976 -0.039744 -367.945373 -0.782605 -0.620787 -0.046397 -689.787959 -0.061047 0.002360 0.998132 -19.905862
-0.619661 0.783890 -0.039202 -369.597532 -0.782541 -0.620896 -0.046017 -691.905904 -0.060413 0.002162 0.998171 -20.043123
-0.619636 0.783938 -0.038632 -371.237912 -0.782649 -0.620835 -0.044990 -694.014843 -0.059254 0.002358 0.998240 -20.178937
-0.619428 0.784044 -0.039802 -372.852825 -0.782838 -0.620692 -0.043655 -696.070842 -0.058932 0.004117 0.998253 -20.307147
-0.619028 0.784312 -0.040726 -374.510582 -0.783140 -0.620345 -0.043165 -698.198418 -0.059119 0.005174 0.998238 -20.439028
-0.618473 0.784670 -0.042226 -376.126260 -0.783541 -0.619877 -0.042617 -700.276614 -0.059615 0.006728 0.998199 -20.568382
-0.617828 0.785172 -0.042363 -377.776954 -0.784058 -0.619238 -0.042392 -702.379823 -0.059518 0.007024 0.998203 -20.699427
-0.617077 0.785799 -0.041671 -379.398528 -0.784687 -0.618447 -0.042310 -704.477154 -0.059019 0.006590 0.998235 -20.830414
-0.616756 0.786115 -0.040439 -381.000051 -0.784983 -0.618056 -0.042528 -706.532371 -0.058425 0.005514 0.998277 -20.961409
-0.616224 0.786573 -0.039633 -382.647966 -0.785446 -0.617477 -0.042384 -708.665569 -0.057811 0.005011 0.998315 -21.086259
-0.615967 0.786770 -0.039710 -384.289008 -0.785608 -0.617228 -0.043018 -710.781454 -0.058356 0.004699 0.998285 -21.221614
-0.615402 0.787112 -0.041645 -385.880116 -0.785911 -0.616783 -0.043851 -712.845604 -0.060202 0.005743 0.998170 -21.348115
-0.614778 0.787517 -0.043170 -387.522628 -0.786312 -0.616254 -0.044088 -714.970276 -0.061324 0.006841 0.998094 -21.482766
-0.614067 0.788039 -0.043771 -389.150319 -0.786846 -0.615580 -0.043977 -717.080093 -0.061600 0.007437 0.998073 -21.618621
-0.613759 0.788297 -0.043445 -390.747014 -0.787158 -0.615245 -0.043067 -719.140071 -0.060679 0.007765 0.998127 -21.749797
-0.613005 0.788904 -0.043078 -392.388523 -0.787823 -0.614463 -0.042076 -721.275597 -0.059663 0.008145 0.998185 -21.890312
-0.612544 0.789325 -0.041895 -393.979929 -0.788280 -0.613927 -0.041344 -723.344823 -0.058354 0.007700 0.998266 -22.014920
-0.611442 0.790174 -0.042001 -395.605896 -0.789167 -0.612828 -0.040725 -725.474363 -0.057919 0.008244 0.998287 -22.147530
-0.610835 0.790633 -0.042182 -397.232498 -0.789681 -0.612224 -0.039822 -727.594879 -0.057310 0.008986 0.998316 -22.272719
-0.610586 0.790850 -0.041728 -398.825586 -0.789886 -0.611950 -0.039953 -729.669815 -0.057132 0.008565 0.998330 -22.394767
-0.609537 0.791672 -0.041480 -400.436864 -0.790654 -0.610896 -0.040889 -731.795928 -0.057711 0.007873 0.998302 -22.519097
-0.609065 0.792122 -0.039777 -402.046331 -0.791020 -0.610335 -0.042175 -733.922788 -0.057686 0.005777 0.998318 -22.653702
-0.608658 0.792462 -0.039241 -403.628094 -0.791365 -0.609897 -0.042040 -735.991559 -0.057248 0.005466 0.998345 -22.780645
-0.607783 0.793124 -0.039425 -405.235899 -0.792093 -0.609027 -0.040925 -738.112221 -0.056469 0.006355 0.998384 -22.904178
-0.607148 0.793586 -0.039901 -406.852019 -0.792659 -0.608407 -0.039154 -740.263734 -0.055348 0.007856 0.998436 -23.025326
-0.607063 0.793642 -0.040090 -408.424474 -0.792706 -0.608334 -0.039329 -742.332575 -0.055601 0.007904 0.998422 -23.147112
-0.606888 0.793741 -0.040764 -410.035934 -0.792713 -0.608211 -0.041050 -744.479839 -0.057376 0.007401 0.998325 -23.271884
-0.607118 0.793582 -0.040440 -411.623858 -0.792456 -0.608432 -0.042703 -746.583835 -0.058493 0.006121 0.998269 -23.406557
-0.607255 0.793568 -0.038618 -413.231240 -0.792419 -0.608465 -0.042932 -748.729485 -0.057567 0.004532 0.998331 -23.532760
-0.607199 0.793705 -0.036629 -414.836964 -0.792610 -0.608292 -0.041839 -750.837906 -0.055489 0.003628 0.998453 -23.657842
-0.607216 0.793600 -0.038570 -416.444236 -0.792519 -0.608417 -0.041741 -752.935978 -0.056592 0.005222 0.998384 -23.782471
-0.606189 0.794236 -0.041512 -418.053965 -0.793178 -0.607561 -0.041691 -755.074557 -0.058334 0.007654 0.998268 -23.907385
-0.605299 0.794797 -0.043719 -419.652669 -0.793826 -0.606791 -0.040569 -757.208106 -0.058772 0.010149 0.998220 -24.043835
-0.605356 0.794735 -0.044042 -421.239509 -0.793840 -0.606854 -0.039332 -759.301169 -0.057985 0.011152 0.998255 -24.170724
-0.604370 0.795556 -0.042752 -422.850987 -0.794751 -0.605775 -0.037518 -761.444236 -0.055746 0.011303 0.998381 -24.298632
-0.604117 0.795797 -0.041825 -424.456589 -0.795070 -0.605453 -0.035914 -763.561674 -0.053904 0.011558 0.998479 -24.421891
-0.602898 0.796691 -0.042389 -426.037485 -0.796004 -0.604259 -0.035339 -765.703264 -0.053768 0.012436 0.998476 -24.537805
-0.601869 0.797401 -0.043638 -427.626689 -0.796687 -0.603309 -0.036168 -767.837787 -0.055168 0.012998 0.998392 -24.656153
-0.601413 0.797734 -0.043862 -429.224338 -0.796967 -0.602878 -0.037166 -769.953665 -0.056092 0.012604 0.998346 -24.782875
-0.600276 0.798644 -0.042853 -430.815641 -0.797850 -0.601690 -0.037471 -772.103372 -0.055711 0.011697 0.998378 -24.905265
-0.599256 0.799448 -0.042135 -432.409145 -0.798637 -0.600633 -0.037664 -774.244363 -0.055418 0.011080 0.998402 -25.032575
-0.598869 0.799744 -0.042016 -433.977842 -0.798915 -0.600244 -0.037973 -776.360885 -0.055588 0.010826 0.998395 -25.155477
-0.597784 0.800595 -0.041239 -435.558748 -0.799773 -0.599115 -0.037743 -778.501057 -0.054924 0.010419 0.998436 -25.273128
-0.596889 0.801313 -0.040254 -437.140741 -0.800488 -0.598166 -0.037631 -780.651176 -0.054233 0.009761 0.998481 -25.401962
-0.596729 0.801407 -0.040767 -438.728959 -0.800619 -0.598027 -0.037041 -782.782577 -0.054065 0.010536 0.998482 -25.515409
-0.596032 0.801903 -0.041189 -440.302864 -0.801115 -0.597355 -0.037160 -784.921509 -0.054404 0.010849 0.998460 -25.632007
-0.596415 0.801607 -0.041419 -441.886482 -0.800735 -0.597767 -0.038705 -787.061036 -0.055785 0.010081 0.998392 -25.755556
-0.596176 0.801818 -0.040770 -443.455593 -0.800856 -0.597505 -0.040207 -789.219222 -0.056600 0.008680 0.998359 -25.877889
-0.596481 0.801679 -0.038992 -445.023760 -0.800697 -0.597711 -0.040318 -791.369565 -0.055628 0.007172 0.998426 -26.003604
-0.596951 0.801399 -0.037555 -446.586711 -0.800426 -0.598098 -0.039954 -793.493246 -0.054481 0.006210 0.998496 -26.122481
-0.597390 0.801067 -0.037633 -448.155580 -0.800094 -0.598542 -0.039964 -795.624416 -0.054538 0.006236 0.998492 -26.238251
-0.597592 0.800882 -0.038354 -449.730601 -0.799950 -0.598779 -0.039301 -797.757658 -0.054441 0.007196 0.998491 -26.360842
-0.598586 0.800084 -0.039509 -451.307360 -0.799182 -0.599831 -0.038879 -799.896130 -0.054805 0.008302 0.998463 -26.476654
-0.598359 0.800204 -0.040496 -452.845924 -0.799317 -0.599658 -0.038769 -802.009142 -0.055306 0.009171 0.998427 -26.590495
-0.599161 0.799544 -0.041660 -454.418131 -0.798638 -0.600528 -0.039285 -804.129906 -0.056428 0.009733 0.998359 -26.710480
-0.599753 0.799125 -0.041171 -456.001509 -0.798181 -0.601098 -0.039863 -806.272201 -0.056604 0.008954 0.998357 -26.835430
-0.599541 0.799414 -0.038578 -457.556542 -0.798491 -0.600736 -0.039102 -808.361398 -0.054434 0.007362 0.998490 -26.954438
-0.600012 0.799136 -0.036986 -459.136125 -0.798278 -0.601111 -0.037665 -810.484296 -0.052332 0.006926 0.998606 -27.071193
-0.599502 0.799536 -0.036602 -460.696664 -0.798718 -0.600576 -0.036842 -812.586728 -0.051439 0.007148 0.998651 -27.178947
-0.599134 0.799772 -0.037457 -462.273021 -0.798962 -0.600252 -0.036845 -814.708952 -0.051951 0.007852 0.998619 -27.291084
-0.598681 0.800078 -0.038150 -463.842736 -0.799254 -0.599839 -0.037228 -816.833902 -0.052669 0.008204 0.998578 -27.405587
-0.597608 0.800843 -0.038937 -465.408735 -0.800010 -0.598811 -0.037543 -818.951599 -0.053382 0.008714 0.998536 -27.519474
-0.596691 0.801469 -0.040090 -466.967089 -0.800663 -0.597955 -0.037257 -821.066051 -0.053833 0.009868 0.998501 -27.635722
-0.596185 0.801807 -0.040856 -468.546342 -0.801026 -0.597488 -0.036961 -823.198337 -0.054047 0.010691 0.998481 -27.753695
-0.594488 0.803041 -0.041347 -470.108957 -0.802281 -0.595816 -0.036713 -825.324766 -0.054117 0.011346 0.998470 -27.873240
-0.592919 0.804173 -0.041864 -471.672379 -0.803419 -0.594277 -0.036780 -827.471059 -0.054457 0.011827 0.998446 -27.993136
-0.592397 0.804545 -0.042108 -473.238065 -0.803776 -0.593773 -0.037110 -829.614023 -0.054859 0.011862 0.998424 -28.111773
-0.590820 0.805675 -0.042644 -474.796224 -0.804894 -0.592232 -0.037498 -831.751043 -0.055466 0.012170 0.998386 -28.233796
-0.590007 0.806255 -0.042951 -476.342355 -0.805409 -0.591452 -0.038732 -833.888524 -0.056632 0.011741 0.998326 -28.356453
-0.588625 0.807278 -0.042683 -477.888955 -0.806368 -0.590069 -0.039866 -836.025456 -0.057369 0.010952 0.998293 -28.480536
-0.588010 0.807810 -0.041083 -479.432724 -0.806880 -0.589364 -0.039942 -838.162356 -0.056479 0.009663 0.998357 -28.611885
-0.587460 0.808218 -0.040924 -480.981714 -0.807305 -0.588803 -0.039624 -840.320329 -0.056121 0.009761 0.998376 -28.740518
-0.586357 0.808979 -0.041688 -482.534459 -0.808077 -0.587744 -0.039604 -842.489775 -0.056541 0.010465 0.998345 -28.864376
-0.585814 0.809340 -0.042304 -484.061463 -0.808436 -0.587239 -0.039776 -844.637954 -0.057035 0.010898 0.998313 -28.994709
-0.586170 0.809094 -0.042090 -485.575465 -0.808140 -0.587590 -0.040587 -846.756602 -0.057570 0.010224 0.998289 -29.117979
-0.585729 0.809352 -0.043249 -487.116927 -0.808317 -0.587234 -0.042179 -848.923438 -0.059535 0.010254 0.998174 -29.254513
-0.586450 0.808885 -0.042207 -488.657420 -0.807728 -0.587909 -0.044038 -851.083487 -0.060436 0.008265 0.998138 -29.388388
-0.586857 0.808641 -0.041211 -490.232721 -0.807472 -0.588256 -0.044095 -853.300041 -0.059900 0.007399 0.998177 -29.528212
-0.586476 0.809008 -0.039380 -491.758402 -0.807857 -0.587764 -0.043599 -855.446149 -0.058418 0.006244 0.998273 -29.664295
-0.586496 0.809008 -0.039099 -493.294515 -0.807819 -0.587771 -0.044203 -857.590363 -0.058742 0.005660 0.998257 -29.796228
-0.585518 0.809678 -0.039881 -494.821620 -0.808432 -0.586847 -0.045270 -859.710746 -0.060058 0.005735 0.998178 -29.929224
-0.584647 0.810366 -0.038656 -496.346746 -0.809164 -0.585900 -0.044440 -861.861782 -0.058661 0.005297 0.998264 -30.065585
-0.584156 0.810749 -0.038053 -497.857579 -0.809577 -0.585371 -0.043882 -863.969349 -0.057852 0.005173 0.998312 -30.188611
-0.583991 0.810784 -0.039808 -499.423295 -0.809629 -0.585308 -0.043773 -866.166150 -0.058790 0.006667 0.998248 -30.320065
-0.583773 0.810845 -0.041708 -501.017467 -0.809656 -0.585210 -0.044582 -868.400669 -0.060557 0.007743 0.998135 -30.458425
-0.584208 0.810424 -0.043756 -502.540294 -0.809175 -0.585781 -0.045801 -870.547498 -0.062750 0.008649 0.997992 -30.595832
-0.583644 0.810830 -0.043766 -504.086706 -0.809491 -0.585230 -0.047238 -872.714305 -0.063915 0.007858 0.997924 -30.733071
-0.583238 0.811103 -0.044105 -505.601054 -0.809712 -0.584853 -0.048093 -874.841950 -0.064804 0.007662 0.997869 -30.875433
-0.582384 0.811733 -0.043796 -507.161477 -0.810386 -0.583975 -0.047401 -877.033248 -0.064053 0.007886 0.997915 -31.017385
-0.581266 0.812489 -0.044634 -508.710743 -0.811255 -0.582898 -0.045777 -879.208132 -0.063210 0.009601 0.997954 -31.159133
-0.579836 0.813416 -0.046309 -510.235282 -0.812269 -0.581565 -0.044725 -881.351534 -0.063312 0.011682 0.997925 -31.294295
-0.578506 0.814287 -0.047621 -511.790076 -0.813165 -0.580319 -0.044633 -883.547237 -0.063979 0.012903 0.997868 -31.435538
-0.577098 0.815214 -0.048831 -513.325280 -0.814052 -0.579004 -0.045537 -885.746092 -0.065396 0.013472 0.997768 -31.580889
-0.575785 0.816101 -0.049499 -514.818376 -0.814913 -0.577745 -0.046132 -887.876797 -0.066246 0.013775 0.997708 -31.718244
-0.574539 0.816923 -0.050427 -516.335870 -0.815692 -0.576574 -0.046995 -890.045147 -0.067466 0.014132 0.997621 -31.862781
-0.573502 0.817669 -0.050128 -517.812868 -0.816380 -0.575530 -0.047838 -892.172478 -0.067966 0.013488 0.997596 -32.006767
-0.572390 0.818540 -0.048607 -519.335873 -0.817198 -0.574324 -0.048374 -894.377360 -0.067512 0.012032 0.997646 -32.155333
-0.571445 0.819232 -0.048061 -520.828928 -0.817874 -0.573346 -0.048556 -896.536911 -0.067334 0.011561 0.997664 -32.305793
-0.570152 0.820115 -0.048350 -522.310051 -0.818759 -0.572076 -0.048616 -898.687958 -0.067531 0.011869 0.997647 -32.448554
-0.568920 0.820953 -0.048654 -523.800840 -0.819611 -0.570864 -0.048503 -900.874872 -0.067593 0.012283 0.997637 -32.596713
-0.568033 0.821567 -0.048641 -525.290592 -0.820244 -0.569975 -0.048254 -903.040858 -0.067368 0.012487 0.997650 -32.741959
-0.567172 0.822074 -0.050110 -526.743888 -0.820750 -0.569219 -0.048572 -905.164146 -0.068454 0.013579 0.997562 -32.891424
-0.566130 0.822737 -0.050992 -528.254273 -0.821367 -0.568252 -0.049459 -907.372836 -0.069668 0.013883 0.997474 -33.038980
-0.565415 0.823219 -0.051161 -529.731972 -0.821795 -0.567561 -0.050265 -909.546834 -0.070416 0.013624 0.997425 -33.196566
-0.564769 0.823687 -0.050753 -531.154139 -0.822238 -0.566892 -0.050576 -911.650733 -0.070430 0.013168 0.997430 -33.349536
-0.563995 0.824263 -0.050009 -532.621741 -0.822800 -0.566068 -0.050676 -913.829307 -0.070078 0.012566 0.997462 -33.501942
-0.563674 0.824539 -0.049066 -534.082653 -0.823024 -0.565689 -0.051260 -915.975799 -0.070022 0.011489 0.997479 -33.654626
-0.563252 0.824822 -0.049148 -535.558714 -0.823308 -0.565274 -0.051283 -918.152039 -0.070081 0.011579 0.997474 -33.811484
-0.562890 0.825063 -0.049251 -537.019771 -0.823621 -0.564907 -0.050291 -920.314597 -0.069315 0.012256 0.997520 -33.967066
-0.562617 0.825285 -0.048653 -538.457135 -0.823929 -0.564577 -0.048929 -922.438834 -0.067849 0.012558 0.997617 -34.108728
-0.561898 0.825711 -0.049717 -539.890999 -0.824359 -0.563934 -0.049102 -924.581783 -0.068581 0.013394 0.997556 -34.258061
-0.561615 0.825709 -0.052846 -541.350362 -0.824298 -0.563892 -0.050585 -926.744458 -0.071568 0.015151 0.997321 -34.416281
-0.561502 0.825788 -0.052827 -542.791785 -0.824368 -0.563779 -0.050692 -928.892702 -0.071644 0.015086 0.997316 -34.588282
-0.561949 0.825928 -0.045350 -544.243237 -0.824552 -0.563687 -0.048689 -931.052966 -0.065777 0.010033 0.997784 -34.730355
-0.562154 0.826075 -0.039780 -545.659282 -0.824804 -0.563519 -0.046313 -933.157795 -0.060675 0.006776 0.998135 -34.852129
-0.562066 0.825991 -0.042664 -547.108142 -0.824587 -0.563629 -0.048760 -935.328755 -0.064322 0.007774 0.997899 -35.001621
-0.561566 0.825997 -0.048714 -548.574630 -0.824375 -0.563577 -0.052796 -937.492439 -0.071063 0.010510 0.997416 -35.161040
-0.561171 0.826196 -0.049872 -550.016617 -0.824424 -0.563290 -0.055042 -939.637893 -0.073568 0.010228 0.997238 -35.325155
-0.560684 0.826486 -0.050540 -551.443472 -0.824740 -0.562850 -0.054798 -941.770868 -0.073736 0.010958 0.997218 -35.487857
-0.560142 0.826833 -0.050872 -552.884597 -0.825126 -0.562329 -0.054346 -943.911724 -0.073542 0.011535 0.997225 -35.646646
-0.559564 0.827158 -0.051941 -554.365906 -0.825408 -0.561841 -0.055111 -946.121589 -0.074768 0.012034 0.997128 -35.820172
-0.558831 0.827653 -0.051939 -555.803530 -0.825798 -0.561126 -0.056534 -948.276728 -0.075935 0.011298 0.997049 -35.990569
-0.558361 0.827931 -0.052564 -557.252835 -0.826105 -0.560701 -0.056256 -950.428441 -0.076049 0.012012 0.997032 -36.167139
-0.557709 0.828510 -0.050316 -558.655092 -0.826706 -0.559875 -0.055654 -952.545189 -0.074281 0.010557 0.997181 -36.324458
-0.556641 0.829175 -0.051180 -560.088337 -0.827448 -0.558863 -0.054789 -954.703592 -0.074032 0.011851 0.997185 -36.495323
-0.555532 0.829843 -0.052387 -561.549316 -0.828120 -0.557849 -0.054971 -956.902915 -0.074841 0.012844 0.997113 -36.665101
-0.554723 0.830333 -0.053183 -562.888318 -0.828633 -0.557100 -0.054838 -958.921701 -0.075162 0.013649 0.997078 -36.829753
-0.554117 0.830802 -0.052187 -564.360316 -0.829124 -0.556414 -0.054383 -961.149191 -0.074219 0.013135 0.997155 -36.997026
-0.553171 0.831470 -0.051571 -565.794981 -0.829763 -0.555429 -0.054694 -963.333702 -0.074121 0.012537 0.997170 -37.160124
-0.552235 0.832003 -0.052989 -567.240204 -0.830284 -0.554606 -0.055135 -965.538246 -0.075261 0.013548 0.997072 -37.339324
-0.551573 0.832420 -0.053334 -568.661923 -0.830650 -0.553982 -0.055897 -967.685356 -0.076076 0.013470 0.997011 -37.502813
-0.550683 0.832938 -0.054422 -570.086850 -0.831044 -0.553202 -0.057731 -969.862596 -0.078193 0.013436 0.996848 -37.677505
-0.549700 0.833422 -0.056899 -571.507442 -0.831321 -0.552462 -0.060762 -972.032826 -0.082075 0.013900 0.996529 -37.865441
-0.549015 0.833830 -0.057528 -572.932908 -0.831517 -0.551867 -0.063422 -974.226036 -0.084631 0.013016 0.996327 -38.062545
-0.548641 0.834177 -0.056057 -574.348232 -0.831686 -0.551392 -0.065307 -976.414414 -0.085387 0.010792 0.996289 -38.253014
-0.549131 0.833903 -0.055322 -575.762660 -0.831567 -0.551797 -0.063379 -978.553149 -0.083379 0.011201 0.996455 -38.436779
-0.548671 0.834139 -0.056325 -577.184877 -0.831996 -0.551395 -0.061204 -980.749072 -0.082110 0.013282 0.996535 -38.624295
-0.548762 0.833913 -0.058738 -578.629313 -0.831961 -0.551655 -0.059310 -982.949579 -0.081863 0.016320 0.996510 -38.810211
-0.548603 0.834120 -0.057252 -580.048548 -0.832100 -0.551384 -0.059879 -985.154554 -0.081515 0.014790 0.996562 -38.997748
-0.548848 0.834104 -0.055099 -581.490875 -0.831911 -0.551476 -0.061630 -987.369677 -0.081792 0.012012 0.996577 -39.189526
-0.549228 0.834028 -0.052399 -582.880912 -0.831797 -0.551637 -0.061721 -989.516654 -0.080383 0.009686 0.996717 -39.370649
-0.549304 0.833933 -0.053110 -584.297189 -0.831800 -0.551758 -0.060597 -991.684170 -0.079838 0.010891 0.996748 -39.553470
-0.549375 0.833678 -0.056284 -585.757490 -0.831647 -0.552074 -0.059816 -993.885093 -0.080940 0.013947 0.996621 -39.736440
-0.548656 0.834009 -0.058352 -587.167697 -0.832095 -0.551510 -0.058774 -996.060161 -0.081200 0.016308 0.996564 -39.917178
-0.548527 0.834084 -0.058497 -588.593088 -0.832254 -0.551376 -0.057774 -998.257138 -0.080442 0.016994 0.996614 -40.101679
-0.548481 0.834084 -0.058922 -590.020392 -0.832279 -0.551360 -0.057559 -1000.427431 -0.080496 0.017469 0.996602 -40.284672
-0.547887 0.834439 -0.059422 -591.443775 -0.832608 -0.550816 -0.058009 -1002.616545 -0.081135 0.017693 0.996546 -40.467397
-0.547504 0.834718 -0.059039 -592.851324 -0.832875 -0.550404 -0.058086 -1004.775054 -0.080981 0.017370 0.996564 -40.650643
-0.546798 0.835276 -0.057672 -594.281285 -0.833454 -0.549581 -0.057580 -1006.988562 -0.079791 0.016583 0.996674 -40.829626
-0.546464 0.835534 -0.057097 -595.699517 -0.833709 -0.549201 -0.057518 -1009.176818 -0.079416 0.016171 0.996710 -41.011355
-0.546066 0.835748 -0.057779 -597.114666 -0.833896 -0.548866 -0.058003 -1011.344809 -0.080189 0.016508 0.996643 -41.186936
-0.545388 0.836108 -0.058951 -598.542069 -0.834135 -0.548314 -0.059758 -1013.559711 -0.082288 0.016582 0.996471 -41.367693
-0.544686 0.836533 -0.059418 -599.913509 -0.834406 -0.547684 -0.061707 -1015.714704 -0.084162 0.015968 0.996324 -41.547891
-0.544475 0.836735 -0.058495 -601.297378 -0.834497 -0.547414 -0.062871 -1017.865226 -0.084628 0.014582 0.996306 -41.735183
-0.544025 0.837186 -0.056177 -602.699771 -0.834969 -0.546762 -0.062272 -1020.054895 -0.082849 0.013028 0.996477 -41.921708
-0.543895 0.837363 -0.054782 -604.107162 -0.835221 -0.546504 -0.061144 -1022.225683 -0.081138 0.012499 0.996624 -42.110796
-0.543780 0.837405 -0.055279 -605.503478 -0.835296 -0.546426 -0.060822 -1024.396191 -0.081138 0.013100 0.996617 -42.292709
-0.542930 0.837867 -0.056616 -606.890519 -0.835784 -0.545686 -0.060761 -1026.573613 -0.081804 0.014329 0.996545 -42.466641
-0.542913 0.837873 -0.056704 -608.303177 -0.835850 -0.545665 -0.060032 -1028.768836 -0.081241 0.014804 0.996585 -42.649665
-0.542603 0.837979 -0.058077 -609.705833 -0.836034 -0.545457 -0.059357 -1030.954017 -0.081419 0.016347 0.996546 -42.829818
-0.541977 0.838240 -0.060125 -611.080327 -0.836380 -0.544990 -0.058776 -1033.090571 -0.082036 0.018432 0.996459 -43.005094
-0.542113 0.838061 -0.061372 -612.473050 -0.836320 -0.545206 -0.057614 -1035.240344 -0.081745 0.020094 0.996451 -43.179628
-0.541243 0.838546 -0.062426 -613.861031 -0.836900 -0.544406 -0.056749 -1037.402202 -0.081572 0.021529 0.996435 -43.359521
-0.540479 0.839064 -0.062071 -615.247133 -0.837314 -0.543640 -0.057972 -1039.575709 -0.082387 0.020640 0.996387 -43.535202
-0.540241 0.839444 -0.058935 -616.602386 -0.837484 -0.543178 -0.059816 -1041.719045 -0.082224 0.017042 0.996468 -43.710294
-0.539517 0.840190 -0.054785 -617.962703 -0.837965 -0.542153 -0.062335 -1043.876459 -0.082075 0.012277 0.996551 -43.895194
-0.538957 0.840775 -0.051211 -619.331931 -0.838448 -0.541311 -0.063145 -1046.042931 -0.080812 0.008905 0.996690 -44.072126
-0.538606 0.841157 -0.048563 -620.680861 -0.838855 -0.540745 -0.062588 -1048.188637 -0.078907 0.007027 0.996857 -44.251772
-0.537638 0.841736 -0.049253 -622.074717 -0.839522 -0.539826 -0.061567 -1050.360160 -0.078412 0.008248 0.996887 -44.424143
-0.536440 0.842355 -0.051672 -623.421388 -0.840178 -0.538821 -0.061431 -1052.484029 -0.079588 0.010460 0.996773 -44.597111
-0.534962 0.843153 -0.053936 -624.787874 -0.840959 -0.537535 -0.061995 -1054.656055 -0.081264 0.012193 0.996618 -44.769201
-0.533942 0.843734 -0.054945 -626.146636 -0.841607 -0.536592 -0.061376 -1056.809074 -0.081268 0.013471 0.996601 -44.950591
-0.533352 0.844199 -0.053520 -627.474696 -0.842132 -0.535877 -0.060415 -1058.933116 -0.079682 0.012848 0.996738 -45.126369
-0.532692 0.844716 -0.051908 -628.818625 -0.842752 -0.535072 -0.058888 -1061.107833 -0.077518 0.012377 0.996914 -45.297359
-0.531963 0.845158 -0.052190 -630.180884 -0.843235 -0.534361 -0.058417 -1063.278553 -0.077260 0.012933 0.996927 -45.470526
-0.531224 0.845387 -0.055878 -631.527814 -0.843476 -0.533921 -0.058971 -1065.413733 -0.079688 0.015805 0.996695 -45.637997
-0.529886 0.846027 -0.058815 -632.878641 -0.844026 -0.532854 -0.060716 -1067.588587 -0.082707 0.017469 0.996421 -45.817902
-0.529470 0.846366 -0.057672 -634.195070 -0.844077 -0.532396 -0.063945 -1069.709777 -0.084825 0.014822 0.996286 -46.001351
-0.528702 0.847072 -0.054258 -635.552019 -0.844553 -0.531368 -0.066170 -1071.904964 -0.084881 0.010840 0.996332 -46.195519
-0.528598 0.847388 -0.050183 -636.884747 -0.844749 -0.530930 -0.067174 -1074.081942 -0.083566 0.006884 0.996478 -46.386248
-0.528759 0.847375 -0.048676 -638.187455 -0.844760 -0.530963 -0.066774 -1076.196347 -0.082428 0.005813 0.996580 -46.567880
-0.528242 0.847737 -0.047980 -639.534579 -0.845194 -0.530385 -0.065873 -1078.382814 -0.081290 0.005756 0.996674 -46.749869
-0.528170 0.847756 -0.048444 -640.870886 -0.845364 -0.530339 -0.064033 -1080.544223 -0.079976 0.007133 0.996771 -46.925796
-0.528390 0.847537 -0.049845 -642.170636 -0.845278 -0.530657 -0.062510 -1082.644532 -0.079431 0.009103 0.996799 -47.097589
-0.527866 0.847712 -0.052361 -643.540653 -0.845622 -0.530316 -0.060737 -1084.855584 -0.079256 0.012217 0.996779 -47.274946
-0.527829 0.847628 -0.054063 -644.874451 -0.845496 -0.530425 -0.061528 -1087.019835 -0.080829 0.013234 0.996640 -47.446317
-0.527532 0.847714 -0.055601 -646.161114 -0.845517 -0.530269 -0.062581 -1089.091836 -0.082534 0.013998 0.996490 -47.620942
-0.527185 0.847968 -0.055001 -647.519524 -0.845786 -0.529871 -0.062316 -1091.295950 -0.081985 0.013667 0.996540 -47.811275
-0.526567 0.848407 -0.054156 -648.850721 -0.846409 -0.529152 -0.059917 -1093.473496 -0.079491 0.014287 0.996733 -47.994633
-0.525726 0.848842 -0.055498 -650.154064 -0.847186 -0.528352 -0.055851 -1095.588128 -0.076731 0.017654 0.996895 -48.159381
-0.524332 0.849673 -0.055958 -651.503262 -0.848118 -0.526975 -0.054714 -1097.792331 -0.075977 0.018771 0.996933 -48.333828
-0.523314 0.850034 -0.059875 -652.812930 -0.848625 -0.526243 -0.053885 -1099.916079 -0.077313 0.022613 0.996750 -48.495827
-0.522508 0.850741 -0.056800 -654.148737 -0.849111 -0.525242 -0.055953 -1102.105681 -0.077435 0.018993 0.996816 -48.659171
-0.521787 0.851108 -0.057914 -655.462566 -0.849273 -0.524666 -0.058839 -1104.282492 -0.080464 0.018484 0.996586 -48.848535
-0.521183 0.851307 -0.060378 -656.737895 -0.849213 -0.524336 -0.062529 -1106.401541 -0.084890 0.018685 0.996215 -49.030937
-0.520162 0.851838 -0.061669 -658.053941 -0.849683 -0.523448 -0.063567 -1108.592313 -0.086430 0.019334 0.996070 -49.220764
-0.519292 0.852421 -0.060945 -659.386226 -0.850421 -0.522480 -0.061631 -1110.757903 -0.084378 0.019824 0.996237 -49.413748
-0.518850 0.852892 -0.058049 -660.669247 -0.850954 -0.521772 -0.060258 -1112.901803 -0.081682 0.018132 0.996494 -49.590418
-0.517711 0.853596 -0.057872 -661.983754 -0.851700 -0.520612 -0.059759 -1115.093185 -0.081138 0.018352 0.996534 -49.773374
-0.517211 0.853834 -0.058829 -663.282458 -0.851935 -0.520196 -0.060020 -1117.264449 -0.081849 0.019075 0.996462 -49.954223
-0.515775 0.854723 -0.058527 -664.607226 -0.852742 -0.518757 -0.061005 -1119.448301 -0.082504 0.018444 0.996420 -50.138882
-0.514880 0.855224 -0.059073 -665.903151 -0.853136 -0.517937 -0.062450 -1121.622997 -0.084005 0.018243 0.996298 -50.319390
-0.514016 0.855669 -0.060150 -667.174433 -0.853532 -0.517181 -0.063296 -1123.753960 -0.085269 0.018805 0.996180 -50.504695
-0.512938 0.856341 -0.059787 -668.491619 -0.854228 -0.516070 -0.062980 -1125.960263 -0.084786 0.018767 0.996222 -50.700992
-0.512102 0.856942 -0.058332 -669.805037 -0.854854 -0.515102 -0.062409 -1128.150374 -0.083528 0.017906 0.996345 -50.881716
-0.511657 0.857268 -0.057431 -671.078666 -0.855195 -0.514577 -0.062058 -1130.317812 -0.082753 0.017362 0.996419 -51.062831
-0.510207 0.858149 -0.057173 -672.372309 -0.856023 -0.513120 -0.062710 -1132.494238 -0.083151 0.016946 0.996393 -51.252669
-0.509251 0.858690 -0.057571 -673.649577 -0.856577 -0.512200 -0.062674 -1134.671917 -0.083306 0.017397 0.996372 -51.434835
-0.508966 0.858877 -0.057314 -674.918069 -0.856845 -0.511876 -0.061650 -1136.834024 -0.082287 0.017732 0.996451 -51.613489
-0.507577 0.859788 -0.055945 -676.219336 -0.857811 -0.510362 -0.060743 -1139.063159 -0.080779 0.017158 0.996584 -51.800565
-0.507106 0.860101 -0.055408 -677.495979 -0.858148 -0.509842 -0.060356 -1141.256283 -0.080162 0.016941 0.996638 -51.982007
-0.505573 0.861000 -0.055453 -678.783493 -0.859130 -0.508300 -0.059381 -1143.455974 -0.079314 0.017620 0.996694 -52.160026
-0.504931 0.861410 -0.054926 -680.066258 -0.859583 -0.507606 -0.058756 -1145.655139 -0.078494 0.017546 0.996760 -52.335874
-0.504691 0.861518 -0.055437 -681.345398 -0.859704 -0.507407 -0.058718 -1147.861971 -0.078716 0.018025 0.996734 -52.510900
-0.503516 0.862179 -0.055851 -682.627840 -0.860352 -0.506272 -0.059009 -1150.081033 -0.079152 0.018339 0.996694 -52.685538
-0.502732 0.862648 -0.055670 -683.908256 -0.860785 -0.505483 -0.059462 -1152.301075 -0.079435 0.018027 0.996677 -52.860751
-0.502647 0.862726 -0.055228 -685.185459 -0.860759 -0.505385 -0.060665 -1154.515445 -0.080249 0.017045 0.996629 -53.044456
-0.502174 0.863067 -0.054193 -686.453642 -0.861044 -0.504838 -0.061178 -1156.718792 -0.080159 0.015941 0.996655 -53.223079
-0.502878 0.862737 -0.052907 -687.724656 -0.860670 -0.505442 -0.061454 -1158.943196 -0.079760 0.014632 0.996707 -53.404167
-0.502958 0.862673 -0.053181 -689.016610 -0.860557 -0.505553 -0.062110 -1161.184527 -0.080467 0.014526 0.996651 -53.587085
-0.502872 0.862677 -0.053920 -690.284051 -0.860564 -0.505529 -0.062213 -1163.385049 -0.080928 0.015117 0.996605 -53.767094
-0.503621 0.862273 -0.053396 -691.555862 -0.860191 -0.506226 -0.061699 -1165.602692 -0.080232 0.014858 0.996666 -53.945894
-0.503476 0.862262 -0.054919 -692.843813 -0.860190 -0.506207 -0.061872 -1167.823079 -0.081151 0.016090 0.996572 -54.130569
-0.503497 0.862169 -0.056178 -694.157543 -0.860162 -0.506321 -0.061319 -1170.070955 -0.081312 0.017448 0.996536 -54.316884
-0.504402 0.861706 -0.055150 -695.436095 -0.859826 -0.507109 -0.059500 -1172.296394 -0.079239 0.017408 0.996704 -54.496092
-0.504091 0.861855 -0.055657 -696.729884 -0.859973 -0.506842 -0.059644 -1174.533916 -0.079614 0.017798 0.996667 -54.679133
-0.503747 0.861984 -0.056774 -698.016285 -0.859992 -0.506618 -0.061254 -1176.771629 -0.081563 0.017968 0.996506 -54.872316
-0.504244 0.861686 -0.056883 -699.299876 -0.859663 -0.507129 -0.061637 -1178.981785 -0.081959 0.017820 0.996476 -55.055667
-0.503496 0.862133 -0.056731 -700.597042 -0.860314 -0.506324 -0.059130 -1181.230471 -0.079702 0.019035 0.996637 -55.250532
-0.503911 0.861931 -0.056115 -701.890481 -0.860263 -0.506649 -0.057050 -1183.462878 -0.077604 0.019525 0.996793 -55.429850
-0.502660 0.862595 -0.057122 -703.185887 -0.860931 -0.505484 -0.057298 -1185.722171 -0.078299 0.020377 0.996722 -55.611936
-0.502298 0.862715 -0.058479 -704.477362 -0.860950 -0.505265 -0.058920 -1187.962041 -0.080379 0.020752 0.996548 -55.793085
-0.502033 0.862746 -0.060272 -705.790824 -0.860803 -0.505203 -0.061552 -1190.216119 -0.083553 0.020981 0.996282 -55.984680
-0.501493 0.863023 -0.060788 -707.095889 -0.860922 -0.504750 -0.063567 -1192.503655 -0.085543 0.020455 0.996125 -56.182938
-0.501308 0.863174 -0.060180 -708.390493 -0.861029 -0.504520 -0.063936 -1194.762913 -0.085550 0.019765 0.996138 -56.384865
-0.501517 0.863197 -0.058068 -709.678238 -0.861042 -0.504543 -0.063588 -1197.000108 -0.084187 0.018108 0.996285 -56.587270
-0.500820 0.863642 -0.057469 -710.989274 -0.861531 -0.503786 -0.062958 -1199.279002 -0.083325 0.017980 0.996360 -56.782828
-0.500122 0.863993 -0.058265 -712.304951 -0.861933 -0.503148 -0.062554 -1201.571392 -0.083362 0.018937 0.996339 -56.988303
-0.499706 0.864237 -0.058218 -713.579516 -0.862205 -0.502723 -0.062228 -1203.806305 -0.083048 0.019101 0.996363 -57.171848
-0.498720 0.864830 -0.057853 -714.889630 -0.862921 -0.501680 -0.060705 -1206.099345 -0.081523 0.019648 0.996478 -57.363005
-0.498503 0.864982 -0.057452 -716.192153 -0.863157 -0.501408 -0.059584 -1208.352277 -0.080346 0.019887 0.996569 -57.549004
-0.497485 0.865537 -0.057921 -717.514739 -0.863730 -0.500429 -0.059511 -1210.682605 -0.080494 0.020422 0.996546 -57.739895
-0.496483 0.866031 -0.059118 -718.801326 -0.864208 -0.499538 -0.060056 -1212.957096 -0.081542 0.021273 0.996443 -57.927212
-0.496063 0.866235 -0.059661 -720.087388 -0.864422 -0.499163 -0.060089 -1215.220883 -0.081832 0.021764 0.996409 -58.115883
-0.495165 0.866740 -0.059776 -721.401104 -0.864881 -0.498291 -0.060724 -1217.527148 -0.082418 0.021631 0.996363 -58.306912
-0.494196 0.867274 -0.060054 -722.695742 -0.865358 -0.497364 -0.061515 -1219.835913 -0.083219 0.021568 0.996298 -58.505601
-0.494080 0.867361 -0.059747 -723.986607 -0.865411 -0.497230 -0.061851 -1222.128493 -0.083355 0.021146 0.996295 -58.697908
-0.492761 0.868060 -0.060488 -725.299312 -0.866173 -0.495965 -0.061349 -1224.436858 -0.083255 0.022163 0.996282 -58.893535
-0.491212 0.868934 -0.060540 -726.594393 -0.867138 -0.494400 -0.060336 -1226.747685 -0.082359 0.022859 0.996341 -59.086984
-0.490269 0.869540 -0.059474 -727.869911 -0.867813 -0.493347 -0.059244 -1229.021119 -0.080856 0.022567 0.996470 -59.273742
-0.488572 0.870530 -0.058942 -729.170262 -0.868898 -0.491583 -0.057996 -1231.356517 -0.079462 0.022879 0.996575 -59.468241
-0.487689 0.871080 -0.058130 -730.448289 -0.869552 -0.490602 -0.056474 -1233.662128 -0.077712 0.023006 0.996710 -59.648909
-0.485855 0.872117 -0.057940 -731.744400 -0.870638 -0.488742 -0.055856 -1236.001494 -0.077030 0.023307 0.996756 -59.832366
-0.484427 0.872879 -0.058414 -733.026627 -0.871377 -0.487366 -0.056358 -1238.337309 -0.077663 0.023600 0.996700 -60.015474
-0.483729 0.873301 -0.057894 -734.285688 -0.871708 -0.486652 -0.057401 -1240.647545 -0.078303 0.022700 0.996671 -60.193842
-0.482623 0.874036 -0.056011 -735.576362 -0.872420 -0.485397 -0.057211 -1243.004729 -0.077192 0.021254 0.996790 -60.380069
-0.482454 0.874264 -0.053864 -736.849710 -0.872673 -0.485046 -0.056314 -1245.345248 -0.075360 0.019836 0.996959 -60.559589
-0.482746 0.874135 -0.053343 -738.134339 -0.872616 -0.485276 -0.055205 -1247.670675 -0.074143 0.019898 0.997049 -60.740304
-0.481742 0.874681 -0.053463 -739.418674 -0.873227 -0.484267 -0.054400 -1250.048675 -0.073473 0.020479 0.997087 -60.911231
-0.480936 0.875062 -0.054467 -740.708025 -0.873641 -0.483534 -0.054285 -1252.413165 -0.073840 0.021477 0.997039 -61.085864
-0.480922 0.875028 -0.055139 -741.970594 -0.873627 -0.483568 -0.054206 -1254.744511 -0.074095 0.022103 0.997006 -61.257337
-0.479666 0.875726 -0.054989 -743.252317 -0.874279 -0.482317 -0.054843 -1257.135959 -0.074549 0.021769 0.996980 -61.436031
-0.479276 0.875949 -0.054834 -744.540226 -0.874412 -0.481941 -0.056002 -1259.488568 -0.075482 0.021107 0.996924 -61.612828
-0.479240 0.875960 -0.054985 -745.819909 -0.874328 -0.481943 -0.057279 -1261.846159 -0.076674 0.020625 0.996843 -61.793469
-0.478085 0.876576 -0.055213 -747.113006 -0.874865 -0.480831 -0.058420 -1264.248790 -0.077757 0.020374 0.996764 -61.980514
-0.477651 0.876682 -0.057264 -748.382224 -0.874939 -0.480580 -0.059373 -1266.598857 -0.079571 0.021742 0.996592 -62.168228
-0.476626 0.877215 -0.057631 -749.684250 -0.875524 -0.479574 -0.058867 -1269.008532 -0.079278 0.022400 0.996601 -62.357851
-0.476109 0.877623 -0.055666 -750.967787 -0.876094 -0.478848 -0.056255 -1271.387212 -0.076026 0.021985 0.996863 -62.546330
-0.476471 0.877641 -0.052168 -752.230989 -0.876340 -0.478864 -0.052134 -1273.754013 -0.070736 0.020876 0.997277 -62.729911
-0.475371 0.878427 -0.048873 -753.513226 -0.877399 -0.477438 -0.047159 -1276.174279 -0.064759 0.020463 0.997691 -62.893574
-0.474658 0.878825 -0.048647 -754.794278 -0.877914 -0.476672 -0.045277 -1278.570565 -0.062980 0.021217 0.997789 -63.049149
-0.474296 0.878877 -0.051161 -756.069546 -0.877936 -0.476502 -0.046619 -1280.934810 -0.065350 0.022805 0.997602 -63.199062
-0.473315 0.879401 -0.051261 -757.359378 -0.878333 -0.475573 -0.048605 -1283.371633 -0.067121 0.022019 0.997502 -63.359854
-0.473300 0.879340 -0.052434 -758.635178 -0.878146 -0.475687 -0.050808 -1285.776190 -0.069620 0.021997 0.997331 -63.527717
-0.472239 0.879875 -0.053005 -759.926851 -0.878561 -0.474710 -0.052736 -1288.211692 -0.071563 0.021664 0.997201 -63.699734
-0.471769 0.880109 -0.053300 -761.201963 -0.878753 -0.474278 -0.053419 -1290.607842 -0.072294 0.021636 0.997149 -63.869290
-0.471673 0.880130 -0.053817 -762.460969 -0.878803 -0.474213 -0.053166 -1292.994170 -0.072313 0.022217 0.997134 -64.041083
-0.470771 0.880671 -0.052854 -763.754244 -0.879361 -0.473233 -0.052680 -1295.446511 -0.071406 0.021678 0.997212 -64.209335
-0.470398 0.880925 -0.051939 -765.024071 -0.879672 -0.472772 -0.051611 -1297.868465 -0.070021 0.021412 0.997316 -64.378084
-0.470422 0.880953 -0.051232 -766.288079 -0.879784 -0.472717 -0.050187 -1300.261085 -0.068431 0.021463 0.997425 -64.541770
-0.469601 0.881391 -0.051230 -767.581557 -0.880279 -0.471879 -0.049386 -1302.712181 -0.067703 0.021905 0.997465 -64.704983
-0.469025 0.881656 -0.051946 -768.858539 -0.880534 -0.471361 -0.049783 -1305.125873 -0.068376 0.022391 0.997408 -64.863675
-0.468883 0.881716 -0.052207 -770.113071 -0.880556 -0.471252 -0.050417 -1307.528984 -0.069056 0.022332 0.997363 -65.027635
-0.467826 0.882324 -0.051414 -771.384553 -0.881156 -0.470139 -0.050325 -1309.966817 -0.068574 0.021760 0.997409 -65.186580
-0.467822 0.882313 -0.051640 -772.648868 -0.881154 -0.470150 -0.050274 -1312.373340 -0.068636 0.021984 0.997400 -65.348803
-0.466848 0.882831 -0.051607 -773.924595 -0.881734 -0.469155 -0.049393 -1314.784859 -0.067817 0.022444 0.997445 -65.508988
-0.466436 0.883083 -0.051006 -775.194542 -0.882073 -0.468670 -0.047907 -1317.209429 -0.066211 0.022646 0.997549 -65.668487
-0.466493 0.883077 -0.050587 -776.445897 -0.882143 -0.468669 -0.046617 -1319.620021 -0.064875 0.022879 0.997631 -65.815828
-0.465357 0.883676 -0.050596 -777.706695 -0.882797 -0.467517 -0.045807 -1322.038100 -0.064133 0.023349 0.997668 -65.965613
-0.465020 0.883876 -0.050195 -778.975878 -0.882936 -0.467173 -0.046615 -1324.479716 -0.064652 0.022642 0.997651 -66.111630
-0.464777 0.883930 -0.051479 -780.222247 -0.882958 -0.467036 -0.047558 -1326.889702 -0.066081 0.023350 0.997541 -66.263396
-0.463560 0.884506 -0.052554 -781.486364 -0.883588 -0.465883 -0.047180 -1329.324640 -0.066215 0.024565 0.997503 -66.413253
-0.463275 0.884712 -0.051588 -782.750307 -0.883807 -0.465521 -0.046645 -1331.759878 -0.065283 0.023984 0.997579 -66.567140
-0.463362 0.884677 -0.051392 -783.996968 -0.883778 -0.465592 -0.046485 -1334.173928 -0.065052 0.023880 0.997596 -66.716542
-0.462290 0.885284 -0.050607 -785.257407 -0.884335 -0.464481 -0.046999 -1336.609426 -0.065113 0.023026 0.997612 -66.872149
-0.462474 0.885229 -0.049876 -786.495852 -0.884341 -0.464590 -0.045794 -1339.014624 -0.063710 0.022929 0.997705 -67.016965
-0.461442 0.885904 -0.047391 -787.734877 -0.885089 -0.463359 -0.043770 -1341.439275 -0.060735 0.021748 0.997917 -67.158015
-0.461020 0.886202 -0.045887 -788.979947 -0.885411 -0.462828 -0.042861 -1343.874722 -0.059222 0.020869 0.998027 -67.296715
-0.461071 0.886099 -0.047349 -790.229021 -0.885337 -0.462967 -0.042902 -1346.298528 -0.059937 0.022139 0.997957 -67.438972
-0.459913 0.886593 -0.049317 -791.483104 -0.885836 -0.461945 -0.043601 -1348.735654 -0.061438 0.023634 0.997831 -67.578068
-0.459431 0.886810 -0.049914 -792.732863 -0.886024 -0.461517 -0.044300 -1351.157550 -0.062322 0.023872 0.997771 -67.719652
-0.459782 0.886720 -0.048246 -793.966769 -0.885924 -0.461754 -0.043828 -1353.577067 -0.061141 0.022591 0.997873 -67.858508
-0.458910 0.887245 -0.046893 -795.203905 -0.886484 -0.460778 -0.042788 -1356.023364 -0.059570 0.021934 0.997983 -68.001322
-0.458630 0.887419 -0.046332 -796.455395 -0.886704 -0.460443 -0.041809 -1358.478907 -0.058435 0.021908 0.998051 -68.142696
-0.458796 0.887356 -0.045893 -797.701707 -0.886664 -0.460571 -0.041243 -1360.870502 -0.057734 0.021770 0.998095 -68.268143
-0.457335 0.888109 -0.045907 -798.936817 -0.887415 -0.459114 -0.041330 -1363.301506 -0.057783 0.021837 0.998090 -68.400619
-0.456807 0.888328 -0.046912 -800.179764 -0.887642 -0.458651 -0.041610 -1365.744707 -0.058480 0.022634 0.998032 -68.522507
-0.456740 0.888308 -0.047923 -801.400646 -0.887637 -0.458648 -0.041749 -1368.162643 -0.059066 0.023470 0.997978 -68.655275
-0.455678 0.888907 -0.046918 -802.641623 -0.888188 -0.457537 -0.042218 -1370.608092 -0.058995 0.022434 0.998006 -68.781992
-0.455253 0.889128 -0.046872 -803.847240 -0.888397 -0.457114 -0.042407 -1373.005106 -0.059131 0.022335 0.998000 -68.913883
-0.454621 0.889487 -0.046183 -805.081883 -0.888773 -0.456430 -0.041873 -1375.456374 -0.058324 0.022010 0.998055 -69.040458
-0.453931 0.889850 -0.045982 -806.310451 -0.889132 -0.455729 -0.041883 -1377.893569 -0.058225 0.021872 0.998064 -69.171351
-0.454290 0.889652 -0.046253 -807.531432 -0.888941 -0.456104 -0.041876 -1380.297025 -0.058351 0.022092 0.998052 -69.303589
-0.453439 0.890098 -0.046022 -808.746763 -0.889397 -0.455235 -0.041636 -1382.700553 -0.058011 0.022053 0.998072 -69.431483
-0.452741 0.890462 -0.045861 -809.970079 -0.889815 -0.454506 -0.040669 -1385.116552 -0.057058 0.022395 0.998120 -69.559673
-0.452536 0.890551 -0.046157 -811.170271 -0.889992 -0.454285 -0.039222 -1387.536299 -0.055897 0.023330 0.998164 -69.682177
-0.451416 0.891118 -0.046173 -812.382081 -0.890611 -0.453146 -0.038350 -1389.952403 -0.055098 0.023811 0.998197 -69.802148
-0.450499 0.891610 -0.045628 -813.590818 -0.891146 -0.452176 -0.037365 -1392.369424 -0.053947 0.023829 0.998259 -69.923669
-0.450189 0.891795 -0.045072 -814.793035 -0.891388 -0.451806 -0.036051 -1394.784927 -0.052514 0.023947 0.998333 -70.039861
-0.449002 0.892465 -0.043624 -816.002234 -0.892086 -0.450516 -0.034888 -1397.226157 -0.050789 0.023252 0.998439 -70.152199
-0.448838 0.892579 -0.042983 -817.200992 -0.892191 -0.450317 -0.034767 -1399.634385 -0.050388 0.022744 0.998471 -70.269771
-0.447507 0.893279 -0.042304 -818.411317 -0.892858 -0.448962 -0.035187 -1402.067068 -0.050425 0.022025 0.998485 -70.376791
-0.446851 0.893606 -0.042336 -819.605990 -0.893154 -0.448322 -0.035812 -1404.488953 -0.050982 0.021810 0.998461 -70.489301
-0.446642 0.893706 -0.042430 -820.790028 -0.893255 -0.448118 -0.035861 -1406.892866 -0.051063 0.021884 0.998456 -70.599171
-0.445098 0.894463 -0.042701 -821.989143 -0.893995 -0.446601 -0.036350 -1409.330771 -0.051584 0.021995 0.998426 -70.712210
-0.444240 0.894879 -0.042923 -823.184713 -0.894415 -0.445755 -0.036390 -1411.744515 -0.051698 0.022226 0.998415 -70.825036
-0.444249 0.894869 -0.043039 -824.360763 -0.894431 -0.445760 -0.035927 -1414.160929 -0.051335 0.022534 0.998427 -70.934373
-0.442911 0.895507 -0.043553 -825.545778 -0.895100 -0.444441 -0.035595 -1416.593429 -0.051232 0.023219 0.998417 -71.045216
-0.442180 0.895817 -0.044602 -826.716283 -0.895461 -0.443753 -0.035115 -1419.000833 -0.051249 0.024412 0.998387 -71.153662
-0.441229 0.896325 -0.043799 -827.883918 -0.896000 -0.442738 -0.034170 -1421.415602 -0.050019 0.024167 0.998456 -71.259448
-0.440058 0.896896 -0.043891 -829.053437 -0.896625 -0.441547 -0.033155 -1423.832974 -0.049116 0.024763 0.998486 -71.364597
-0.439921 0.896981 -0.043518 -830.208955 -0.896749 -0.441368 -0.032171 -1426.225513 -0.048064 0.024872 0.998535 -71.468476
-0.438792 0.897531 -0.043583 -831.377708 -0.897365 -0.440209 -0.030852 -1428.656795 -0.046876 0.025572 0.998573 -71.565027
-0.437920 0.897927 -0.044189 -832.540161 -0.897808 -0.439349 -0.030216 -1431.071564 -0.046547 0.026441 0.998566 -71.666688
-0.437355 0.898217 -0.043908 -833.676462 -0.898080 -0.438777 -0.030458 -1433.442986 -0.046624 0.026112 0.998571 -71.763686
-0.436621 0.898599 -0.043374 -834.840560 -0.898441 -0.438023 -0.030649 -1435.880143 -0.046540 0.025587 0.998589 -71.868528
-0.436708 0.898585 -0.042784 -836.000625 -0.898426 -0.438075 -0.030340 -1438.283442 -0.046006 0.025189 0.998624 -71.967833
-0.435842 0.899069 -0.041428 -837.157106 -0.898930 -0.437120 -0.029182 -1440.715875 -0.044345 0.024522 0.998715 -72.064009
-0.435292 0.899378 -0.040510 -838.309774 -0.899259 -0.436505 -0.028222 -1443.156947 -0.043065 0.024145 0.998780 -72.162083
-0.435168 0.899423 -0.040823 -839.443921 -0.899345 -0.436376 -0.027467 -1445.540560 -0.042519 0.024761 0.998789 -72.250786
-0.434055 0.899974 -0.040536 -840.603190 -0.899885 -0.435254 -0.027576 -1447.975980 -0.042462 0.024508 0.998797 -72.336267
-0.433408 0.900276 -0.040747 -841.743335 -0.900160 -0.434635 -0.028357 -1450.390655 -0.043239 0.024389 0.998767 -72.425514
-0.433604 0.900217 -0.039962 -842.890906 -0.900072 -0.434803 -0.028586 -1452.774990 -0.043109 0.023574 0.998792 -72.512799
-0.432744 0.900634 -0.039882 -844.043898 -0.900517 -0.433924 -0.027916 -1455.188576 -0.042447 0.023834 0.998814 -72.599399
-0.431950 0.901011 -0.039969 -845.200907 -0.900890 -0.433138 -0.028093 -1457.604797 -0.042624 0.023873 0.998806 -72.689218
-0.431841 0.901093 -0.039312 -846.333969 -0.900956 -0.433001 -0.028084 -1460.001607 -0.042328 0.023291 0.998832 -72.771413
-0.430545 0.901737 -0.038738 -847.461373 -0.901589 -0.431681 -0.028095 -1462.405486 -0.042057 0.022830 0.998854 -72.858522
-0.430597 0.901722 -0.038514 -848.600125 -0.901549 -0.431734 -0.028546 -1464.803498 -0.042368 0.022431 0.998850 -72.941241
-0.429545 0.902196 -0.039146 -849.716976 -0.902024 -0.430718 -0.028913 -1467.213725 -0.042946 0.022892 0.998815 -73.022789
-0.428765 0.902539 -0.039794 -850.844374 -0.902374 -0.429970 -0.029110 -1469.618267 -0.043383 0.023427 0.998784 -73.106283
-0.428573 0.902602 -0.040433 -851.979358 -0.902424 -0.429821 -0.029751 -1472.009120 -0.044233 0.023737 0.998739 -73.194862
-0.427491 0.903097 -0.040838 -853.100530 -0.902943 -0.428750 -0.029453 -1474.422710 -0.044108 0.024283 0.998732 -73.278642
-0.426752 0.903464 -0.040444 -854.211657 -0.903325 -0.427981 -0.028922 -1476.812588 -0.043439 0.024191 0.998763 -73.364403
-0.426640 0.903523 -0.040307 -855.321999 -0.903382 -0.427862 -0.028886 -1479.173844 -0.043345 0.024089 0.998770 -73.451534
-0.425988 0.903858 -0.039699 -856.433234 -0.903723 -0.427173 -0.028428 -1481.574916 -0.042653 0.023767 0.998807 -73.539243
-0.425349 0.904157 -0.039725 -857.534968 -0.904041 -0.426526 -0.028018 -1483.944229 -0.042277 0.023996 0.998818 -73.621744
-0.425357 0.904159 -0.039599 -858.645337 -0.904049 -0.426524 -0.027815 -1486.288781 -0.042039 0.023968 0.998828 -73.703026
-0.424076 0.904769 -0.039397 -859.733377 -0.904652 -0.425236 -0.027909 -1488.676557 -0.042005 0.023805 0.998834 -73.782153
-0.424423 0.904602 -0.039500 -860.825357 -0.904452 -0.425607 -0.028735 -1491.023811 -0.042805 0.023530 0.998806 -73.864205
-0.423983 0.904832 -0.038945 -861.919631 -0.904639 -0.425160 -0.029440 -1493.376715 -0.043196 0.022749 0.998808 -73.944105
-0.424213 0.904719 -0.039069 -863.009438 -0.904488 -0.425417 -0.030374 -1495.745916 -0.044101 0.022453 0.998775 -74.022557
-0.425056 0.904291 -0.039821 -864.098053 -0.904047 -0.426307 -0.031017 -1498.074158 -0.045024 0.022816 0.998725 -74.109023
-0.424684 0.904467 -0.039796 -865.197847 -0.904194 -0.425948 -0.031644 -1500.445055 -0.045572 0.022544 0.998707 -74.192780
-0.424298 0.904657 -0.039594 -866.277315 -0.904380 -0.425553 -0.031638 -1502.814642 -0.045471 0.022384 0.998715 -74.283075
-0.424866 0.904433 -0.038589 -867.346844 -0.904131 -0.426077 -0.031703 -1505.123111 -0.045115 0.021421 0.998752 -74.369580
-0.423984 0.904861 -0.038276 -868.417398 -0.904541 -0.425186 -0.031980 -1507.478238 -0.045212 0.021063 0.998755 -74.452002
-0.424339 0.904660 -0.039075 -869.483200 -0.904338 -0.425587 -0.032376 -1509.772614 -0.045920 0.021598 0.998712 -74.542647
-0.423576 0.905005 -0.039364 -870.558328 -0.904719 -0.424823 -0.031762 -1512.101130 -0.045468 0.022160 0.998720 -74.625067
-0.423250 0.905187 -0.038666 -871.621803 -0.904941 -0.424440 -0.030546 -1514.420945 -0.044061 0.022062 0.998785 -74.710643
-0.423175 0.905182 -0.039600 -872.683407 -0.904974 -0.424397 -0.030151 -1516.717115 -0.044098 0.023078 0.998761 -74.798038
-0.422110 0.905616 -0.041025 -873.764406 -0.905390 -0.423424 -0.031320 -1519.033691 -0.045735 0.023923 0.998667 -74.882275
-0.421150 0.906003 -0.042334 -874.821077 -0.905757 -0.422552 -0.032457 -1521.332591 -0.047294 0.024675 0.998576 -74.971519
-0.421666 0.905784 -0.041863 -875.885855 -0.905555 -0.423032 -0.031851 -1523.630719 -0.046559 0.024479 0.998616 -75.059305
-0.420645 0.906267 -0.041691 -876.943835 -0.906086 -0.421976 -0.030743 -1525.932485 -0.045454 0.024844 0.998657 -75.149465
-0.420083 0.906548 -0.041252 -877.998190 -0.906382 -0.421380 -0.030174 -1528.228383 -0.044737 0.024715 0.998693 -75.237037
-0.420268 0.906472 -0.041024 -879.040206 -0.906270 -0.421571 -0.030857 -1530.516342 -0.045265 0.024210 0.998682 -75.320550
-0.418955 0.907032 -0.042077 -880.084982 -0.906800 -0.420337 -0.032113 -1532.800959 -0.046814 0.024702 0.998598 -75.409437
-0.418946 0.907035 -0.042088 -881.125678 -0.906734 -0.420364 -0.033570 -1535.071202 -0.048141 0.024098 0.998550 -75.499178
-0.417984 0.907466 -0.042366 -882.189820 -0.907148 -0.419428 -0.034085 -1537.383431 -0.048701 0.024185 0.998521 -75.595005
-0.417671 0.907617 -0.042208 -883.225282 -0.907318 -0.419098 -0.033643 -1539.657335 -0.048224 0.024245 0.998542 -75.686527
-0.417909 0.907558 -0.041114 -884.254256 -0.907345 -0.419225 -0.031214 -1541.934524 -0.045564 0.024260 0.998667 -75.777349
-0.416638 0.908183 -0.040204 -885.296472 -0.908025 -0.417873 -0.029536 -1544.208412 -0.043624 0.024200 0.998755 -75.860586
-0.415743 0.908586 -0.040356 -886.323408 -0.908418 -0.416993 -0.029880 -1546.494598 -0.043976 0.024238 0.998738 -75.942548
-0.415866 0.908495 -0.041141 -887.331939 -0.908215 -0.417221 -0.032741 -1548.761624 -0.046910 0.023749 0.998617 -76.027344
-0.414643 0.908988 -0.042569 -888.349432 -0.908609 -0.416134 -0.035528 -1551.028078 -0.050009 0.023947 0.998462 -76.122377
-0.413951 0.909295 -0.042735 -889.363379 -0.908879 -0.415471 -0.036371 -1553.302471 -0.050827 0.023785 0.998424 -76.215633
-0.413932 0.909359 -0.041544 -890.362740 -0.908986 -0.415359 -0.034950 -1555.569069 -0.049037 0.023296 0.998525 -76.317277
-0.412944 0.909836 -0.040932 -891.374772 -0.909524 -0.414306 -0.033423 -1557.831755 -0.047367 0.023427 0.998603 -76.412457
-0.412234 0.910118 -0.041804 -892.379539 -0.909870 -0.413616 -0.032529 -1560.073771 -0.046896 0.024626 0.998596 -76.496158
-0.412027 0.910182 -0.042446 -893.376012 -0.909940 -0.413445 -0.032760 -1562.332755 -0.047367 0.025125 0.998562 -76.582022
-0.411591 0.910413 -0.041715 -894.398218 -0.910084 -0.413010 -0.034217 -1564.600317 -0.048380 0.023881 0.998543 -76.671705
-0.411691 0.910389 -0.041259 -895.380062 -0.909984 -0.413118 -0.035523 -1566.839781 -0.049384 0.022921 0.998517 -76.761623
-0.411987 0.910292 -0.040435 -896.384317 -0.909801 -0.413403 -0.036891 -1569.078433 -0.050298 0.021589 0.998501 -76.851287
-0.412800 0.909912 -0.040692 -897.365965 -0.909381 -0.414247 -0.037759 -1571.290865 -0.051214 0.021417 0.998458 -76.947772
-0.414164 0.909270 -0.041194 -898.349081 -0.908715 -0.415650 -0.038375 -1573.507093 -0.052015 0.021540 0.998414 -77.040574
-0.414581 0.909095 -0.040840 -899.354836 -0.908571 -0.416033 -0.037633 -1575.756986 -0.051203 0.021504 0.998457 -77.136222
-0.415538 0.908692 -0.040077 -900.367424 -0.908166 -0.416943 -0.037317 -1577.994570 -0.050620 0.020890 0.998499 -77.233789
-0.416384 0.908317 -0.039817 -901.349274 -0.907795 -0.417771 -0.037087 -1580.199183 -0.050321 0.020703 0.998518 -77.327535
-0.416306 0.908378 -0.039231 -902.351824 -0.907837 -0.417667 -0.037241 -1582.411496 -0.050214 0.020111 0.998536 -77.422952
-0.417512 0.907794 -0.039912 -903.354462 -0.907237 -0.418917 -0.037794 -1584.614191 -0.051029 0.020430 0.998488 -77.522727
-0.417803 0.907628 -0.040645 -904.335576 -0.907095 -0.419242 -0.037617 -1586.819682 -0.051182 0.021153 0.998465 -77.614420
-0.418560 0.907305 -0.040060 -905.335121 -0.906795 -0.419954 -0.036900 -1588.995862 -0.050303 0.020881 0.998516 -77.712404
-0.419767 0.906742 -0.040177 -906.339927 -0.906256 -0.421156 -0.036434 -1591.169694 -0.049957 0.021117 0.998528 -77.812376
-0.420385 0.906423 -0.040914 -907.328779 -0.905960 -0.421807 -0.036261 -1593.380814 -0.050126 0.021822 0.998504 -77.902032
-0.421438 0.905934 -0.040901 -908.325082 -0.905452 -0.422867 -0.036620 -1595.550606 -0.050470 0.021601 0.998492 -77.993788
-0.423566 0.904961 -0.040465 -909.329925 -0.904421 -0.424990 -0.037498 -1597.736644 -0.051131 0.020715 0.998477 -78.089398
-0.425528 0.904056 -0.040101 -910.326657 -0.903444 -0.426956 -0.038689 -1599.909973 -0.052098 0.019766 0.998446 -78.185182
-0.427982 0.902916 -0.039673 -911.348777 -0.902212 -0.429415 -0.040203 -1602.088387 -0.053336 0.018587 0.998404 -78.287304
-0.430989 0.901477 -0.039842 -912.356131 -0.900728 -0.432443 -0.041018 -1604.266730 -0.054206 0.018208 0.998364 -78.386880
-0.432951 0.900521 -0.040189 -913.381281 -0.899761 -0.434427 -0.041268 -1606.429318 -0.054621 0.018293 0.998340 -78.483932
-0.435751 0.899180 -0.039957 -914.388996 -0.898415 -0.437211 -0.041186 -1608.579457 -0.054503 0.017951 0.998352 -78.587125
-0.437650 0.898298 -0.039037 -915.419230 -0.897507 -0.439060 -0.041324 -1610.740102 -0.054261 0.016951 0.998383 -78.688386
-0.440870 0.896763 -0.038071 -916.465728 -0.895955 -0.442224 -0.041260 -1612.893126 -0.053837 0.015919 0.998423 -78.787015
-0.444177 0.895165 -0.037237 -917.472876 -0.894324 -0.445488 -0.041535 -1614.994830 -0.053769 0.014853 0.998443 -78.883602
-0.446823 0.893821 -0.037847 -918.525371 -0.892963 -0.448171 -0.041960 -1617.129339 -0.054467 0.015048 0.998402 -78.981412
-0.449043 0.892659 -0.038990 -919.575801 -0.891757 -0.450467 -0.043001 -1619.268271 -0.055949 0.015460 0.998314 -79.081598
-0.451304 0.891470 -0.040079 -920.621677 -0.890539 -0.452799 -0.043740 -1621.359229 -0.057141 0.015952 0.998239 -79.183278
-0.452737 0.890753 -0.039857 -921.672497 -0.889803 -0.454222 -0.043964 -1623.481290 -0.057264 0.015561 0.998238 -79.287626
-0.455176 0.889542 -0.039113 -922.731115 -0.888580 -0.456614 -0.043922 -1625.565899 -0.056930 0.014763 0.998269 -79.387888
-0.456592 0.888844 -0.038474 -923.790077 -0.887837 -0.458001 -0.044511 -1627.658599 -0.057185 0.013835 0.998268 -79.495016
-0.458380 0.887869 -0.039703 -924.864601 -0.886879 -0.459857 -0.044453 -1629.766086 -0.057726 0.014836 0.998222 -79.605031
-0.459900 0.887090 -0.039540 -925.913236 -0.886102 -0.461364 -0.044349 -1631.819057 -0.057584 0.014641 0.998233 -79.701954
-0.459876 0.887017 -0.041409 -926.972023 -0.886116 -0.461432 -0.043344 -1633.902556 -0.057554 0.016760 0.998202 -79.812851
-0.460594 0.886607 -0.042200 -928.044104 -0.885794 -0.462172 -0.042032 -1635.962795 -0.056770 0.018021 0.998225 -79.910951
-0.462029 0.885917 -0.040994 -929.085432 -0.885138 -0.463520 -0.040985 -1637.996284 -0.055310 0.017349 0.998318 -80.010273
-0.462017 0.885988 -0.039563 -930.154597 -0.885216 -0.463419 -0.040433 -1640.056642 -0.054157 0.016341 0.998399 -80.111026
-0.462869 0.885568 -0.039013 -931.214416 -0.884790 -0.464240 -0.040336 -1642.111041 -0.053832 0.015848 0.998424 -80.208372
-0.463773 0.885090 -0.039112 -932.250030 -0.884352 -0.465137 -0.039608 -1644.128635 -0.053249 0.016220 0.998450 -80.299969
-0.463992 0.884994 -0.038693 -933.306364 -0.884279 -0.465324 -0.039049 -1646.198561 -0.052563 0.016097 0.998488 -80.390825
-0.464565 0.884665 -0.039336 -934.350691 -0.883932 -0.465940 -0.039554 -1648.231355 -0.053320 0.016396 0.998443 -80.486291
-0.463887 0.884991 -0.040009 -935.403924 -0.884267 -0.465299 -0.039613 -1650.227467 -0.053674 0.017003 0.998414 -80.579626
-0.463890 0.885041 -0.038854 -936.453600 -0.884289 -0.465242 -0.039789 -1652.277484 -0.053292 0.015901 0.998452 -80.668105
-0.463782 0.885079 -0.039268 -937.479853 -0.884304 -0.465166 -0.040347 -1654.264177 -0.053976 0.016012 0.998414 -80.761266
-0.462317 0.885834 -0.039523 -938.504611 -0.885000 -0.463735 -0.041543 -1656.274781 -0.055128 0.015772 0.998355 -80.864798
-0.461120 0.886381 -0.041184 -939.559985 -0.885477 -0.462662 -0.043294 -1658.298419 -0.057429 0.016504 0.998213 -80.957948
-0.459309 0.887163 -0.044479 -940.574988 -0.886178 -0.461089 -0.045670 -1660.271301 -0.061025 0.018440 0.997966 -81.062518
-0.457117 0.888240 -0.045530 -941.602837 -0.887144 -0.459006 -0.047852 -1662.267539 -0.063403 0.018518 0.997816 -81.172844
-0.455403 0.889119 -0.045557 -942.593085 -0.888041 -0.457291 -0.047630 -1664.230940 -0.063182 0.018766 0.997826 -81.298862
-0.454299 0.889809 -0.043030 -943.607875 -0.888839 -0.455988 -0.045174 -1666.261513 -0.059817 0.017724 0.998052 -81.409724
-0.452027 0.891082 -0.040554 -944.630947 -0.890385 -0.453478 -0.039659 -1668.292594 -0.053730 0.018181 0.998390 -81.501444
-0.449950 0.892108 -0.041087 -945.628737 -0.891590 -0.451370 -0.036500 -1670.281883 -0.051107 0.020210 0.998489 -81.597758
-0.446394 0.893680 -0.045487 -946.609372 -0.893184 -0.448081 -0.038027 -1672.264570 -0.054366 0.023654 0.998241 -81.693529
-0.443317 0.895158 -0.046491 -947.577766 -0.894588 -0.445107 -0.039896 -1674.218969 -0.056407 0.023903 0.998122 -81.788240
-0.440809 0.896391 -0.046601 -948.535388 -0.895672 -0.442670 -0.042598 -1676.179381 -0.058814 0.022962 0.998005 -81.892809
-0.438074 0.897705 -0.047076 -949.523153 -0.896870 -0.440017 -0.044821 -1678.217403 -0.060950 0.022586 0.997885 -82.006979
-0.436760 0.898355 -0.046899 -950.476732 -0.897565 -0.438676 -0.044049 -1680.212924 -0.060145 0.022856 0.997928 -82.116982
-0.435668 0.898843 -0.047689 -951.436991 -0.898131 -0.437610 -0.043113 -1682.210813 -0.059621 0.024048 0.997931 -82.220583
-0.433662 0.899717 -0.049452 -952.378872 -0.898971 -0.435746 -0.044462 -1684.162747 -0.061552 0.025175 0.997786 -82.323432
-0.432603 0.900308 -0.047960 -953.304223 -0.899438 -0.434631 -0.045912 -1686.122895 -0.062180 0.023276 0.997794 -82.437478
-0.431767 0.900800 -0.046224 -954.248030 -0.899836 -0.433708 -0.046827 -1688.122028 -0.062230 0.021375 0.997833 -82.553637
-0.431519 0.901037 -0.043853 -955.187614 -0.900018 -0.433316 -0.046956 -1690.107301 -0.061312 0.019206 0.997934 -82.663892
-0.431431 0.901153 -0.042315 -956.104918 -0.900063 -0.433147 -0.047658 -1692.070386 -0.061276 0.017525 0.997967 -82.776348
-0.431010 0.901363 -0.042128 -957.030139 -0.900225 -0.432727 -0.048390 -1694.033785 -0.061847 0.017068 0.997940 -82.883831
-0.430454 0.901627 -0.042172 -957.958707 -0.900441 -0.432189 -0.049189 -1696.013454 -0.062576 0.016800 0.997899 -82.995811
-0.430667 0.901495 -0.042804 -958.877921 -0.900319 -0.432441 -0.049199 -1697.961941 -0.062863 0.017349 0.997871 -83.099987
-0.430415 0.901639 -0.042298 -959.824120 -0.900458 -0.432157 -0.049142 -1699.973252 -0.062588 0.016936 0.997896 -83.216453
-0.430846 0.901428 -0.042409 -960.730554 -0.900260 -0.432591 -0.048951 -1701.879601 -0.062472 0.017089 0.997900 -83.322055
-0.430940 0.901418 -0.041659 -961.605921 -0.900259 -0.432633 -0.048611 -1703.736044 -0.061841 0.016555 0.997949 -83.424526
-0.430786 0.901438 -0.042816 -962.541942 -0.900309 -0.432548 -0.048430 -1705.724174 -0.062177 0.017684 0.997908 -83.538529
-0.430196 0.901660 -0.044065 -963.455884 -0.900501 -0.432052 -0.049281 -1707.667506 -0.063473 0.018480 0.997812 -83.645048
-0.429215 0.902052 -0.045562 -964.396255 -0.900857 -0.431189 -0.050337 -1709.667074 -0.065053 0.019440 0.997692 -83.759529
-0.428877 0.902218 -0.045474 -965.320629 -0.901008 -0.430849 -0.050539 -1711.646489 -0.065189 0.019297 0.997686 -83.874869
-0.428130 0.902530 -0.046297 -966.225794 -0.901304 -0.430168 -0.051052 -1713.566914 -0.065991 0.019871 0.997622 -83.985427
-0.427333 0.902954 -0.045390 -967.134091 -0.901653 -0.429329 -0.051950 -1715.509520 -0.066395 0.018726 0.997618 -84.105630
-0.426407 0.903391 -0.045398 -968.036397 -0.902054 -0.428415 -0.052524 -1717.448998 -0.066899 0.018555 0.997587 -84.222807
-0.425265 0.903830 -0.047334 -968.935234 -0.902513 -0.427411 -0.052818 -1719.369301 -0.067969 0.020258 0.997482 -84.348367
-0.423785 0.904499 -0.047833 -969.844809 -0.903310 -0.425931 -0.051129 -1721.333369 -0.066620 0.021541 0.997546 -84.459527
-0.422394 0.905188 -0.047100 -970.752363 -0.904179 -0.424429 -0.048162 -1723.299107 -0.063586 0.022243 0.997728 -84.575101
-0.420953 0.905888 -0.046537 -971.632097 -0.904897 -0.422945 -0.047741 -1725.203900 -0.062930 0.022015 0.997775 -84.686316
-0.419261 0.906641 -0.047143 -972.522111 -0.905474 -0.421360 -0.050733 -1727.140661 -0.065861 0.021416 0.997599 -84.799431
-0.417731 0.907351 -0.047073 -973.382236 -0.905999 -0.419884 -0.053502 -1729.059364 -0.068310 0.020299 0.997458 -84.916792
-0.416411 0.908034 -0.045563 -974.277819 -0.906554 -0.418492 -0.054991 -1731.022824 -0.069001 0.018407 0.997447 -85.040017
-0.414865 0.908722 -0.045950 -975.147231 -0.907095 -0.417017 -0.057238 -1732.963577 -0.071175 0.017935 0.997303 -85.163846
-0.413593 0.909283 -0.046318 -975.980675 -0.907623 -0.415784 -0.057828 -1734.814851 -0.071840 0.018122 0.997252 -85.284907
-0.412116 0.910031 -0.044768 -976.850096 -0.908404 -0.414185 -0.057033 -1736.789849 -0.070444 0.017163 0.997368 -85.407297
-0.410796 0.910640 -0.044519 -977.718972 -0.908979 -0.412858 -0.057492 -1738.723420 -0.070735 0.016850 0.997353 -85.530868
-0.409664 0.911083 -0.045857 -978.536750 -0.909405 -0.411833 -0.058102 -1740.580713 -0.071821 0.017900 0.997257 -85.660380
-0.409134 0.911363 -0.045014 -979.410067 -0.909790 -0.411215 -0.056427 -1742.538488 -0.069936 0.017867 0.997391 -85.779414
-0.408307 0.911689 -0.045917 -980.247038 -0.910182 -0.410440 -0.055748 -1744.430196 -0.069671 0.019031 0.997388 -85.899657
-0.407909 0.911743 -0.048316 -981.074418 -0.910313 -0.410203 -0.055359 -1746.305271 -0.070293 0.021401 0.997297 -86.010926
-0.407327 0.911871 -0.050764 -981.898061 -0.910593 -0.409762 -0.053997 -1748.186087 -0.070039 0.024231 0.997250 -86.126094
-0.407428 0.911642 -0.053956 -982.714790 -0.910403 -0.410105 -0.054598 -1750.017949 -0.071902 0.026877 0.997050 -86.235179
-0.407846 0.911354 -0.055635 -983.545784 -0.910064 -0.410681 -0.055902 -1751.895547 -0.073795 0.027832 0.996885 -86.352452
-0.408186 0.911267 -0.054565 -984.373414 -0.909880 -0.410966 -0.056800 -1753.763058 -0.074185 0.026463 0.996893 -86.471961
-0.409048 0.911016 -0.052253 -985.180017 -0.909545 -0.411663 -0.057105 -1755.584267 -0.073534 0.024168 0.997000 -86.592409
-0.409707 0.910891 -0.049168 -985.993450 -0.909341 -0.412099 -0.057210 -1757.441982 -0.072375 0.021271 0.997151 -86.719356
-0.410698 0.910536 -0.047458 -986.799820 -0.908928 -0.412969 -0.057497 -1759.248234 -0.071952 0.019522 0.997217 -86.836539
-0.410905 0.910472 -0.046872 -987.602746 -0.908785 -0.413152 -0.058439 -1761.071268 -0.072572 0.018584 0.997190 -86.952971
-0.411722 0.910061 -0.047681 -988.397603 -0.908293 -0.414050 -0.059709 -1762.867849 -0.074082 0.018725 0.997076 -87.067512
-0.412515 0.909731 -0.047123 -989.198057 -0.907833 -0.414829 -0.061293 -1764.658558 -0.075309 0.017496 0.997007 -87.188715
-0.413403 0.909360 -0.046507 -990.011021 -0.907322 -0.415697 -0.062951 -1766.471657 -0.076578 0.016172 0.996932 -87.312247
-0.414903 0.908699 -0.046063 -990.829415 -0.906495 -0.417189 -0.064957 -1768.278357 -0.078244 0.014805 0.996824 -87.441332
-0.416484 0.907935 -0.046856 -991.623420 -0.905679 -0.418841 -0.065715 -1770.049860 -0.079291 0.015067 0.996738 -87.567058
-0.417113 0.907550 -0.048684 -992.424143 -0.905339 -0.419610 -0.065488 -1771.829273 -0.079862 0.016760 0.996665 -87.692506
-0.418346 0.906810 -0.051787 -993.223262 -0.904636 -0.421094 -0.065683 -1773.574172 -0.081369 0.019370 0.996496 -87.816173
-0.418994 0.906281 -0.055658 -994.027737 -0.904222 -0.422049 -0.065240 -1775.316730 -0.082617 0.022992 0.996316 -87.945925
-0.420120 0.905568 -0.058696 -994.828638 -0.903714 -0.423383 -0.063622 -1777.066620 -0.082465 0.026316 0.996246 -88.071886
-0.421073 0.904954 -0.061280 -995.615653 -0.903351 -0.424485 -0.061395 -1778.768619 -0.081572 0.029505 0.996231 -88.197351
-0.421779 0.904423 -0.064193 -996.398371 -0.903021 -0.425385 -0.060013 -1780.482202 -0.081584 0.032655 0.996131 -88.325098
-0.423110 0.903574 -0.067317 -997.188282 -0.902394 -0.426918 -0.058535 -1782.176372 -0.081630 0.035980 0.996013 -88.445290
-0.424611 0.902662 -0.070045 -997.955359 -0.901736 -0.428567 -0.056595 -1783.819667 -0.081105 0.039131 0.995937 -88.561692
-0.425765 0.901942 -0.072280 -998.726969 -0.901227 -0.429838 -0.055034 -1785.458943 -0.080706 0.041709 0.995865 -88.680808
-0.427417 0.900978 -0.074521 -999.503479 -0.900433 -0.431627 -0.054028 -1787.098071 -0.080843 0.044008 0.995755 -88.802192
-0.429741 0.899674 -0.076878 -1000.271501 -0.899291 -0.434104 -0.053190 -1788.731782 -0.081227 0.046278 0.995621 -88.919686
-0.431663 0.898466 -0.080165 -1001.040199 -0.898328 -0.436236 -0.052003 -1790.379282 -0.081694 0.049567 0.995424 -89.037110
-0.433928 0.897102 -0.083155 -1001.799205 -0.897221 -0.438675 -0.050593 -1791.939422 -0.081865 0.052655 0.995252 -89.152525
-0.436414 0.895622 -0.086046 -1002.562589 -0.895978 -0.441338 -0.049440 -1793.489629 -0.082255 0.055518 0.995064 -89.264920
-0.439672 0.893913 -0.087222 -1003.316753 -0.894408 -0.444632 -0.048340 -1795.037867 -0.081993 0.056758 0.995015 -89.376462
-0.444252 0.891570 -0.087989 -1004.053983 -0.892081 -0.449280 -0.048362 -1796.558463 -0.082650 0.057008 0.994947 -89.487650
-0.449498 0.888772 -0.089649 -1004.801954 -0.889300 -0.454700 -0.048929 -1798.062593 -0.084250 0.057732 0.994771 -89.601172
-0.455600 0.885534 -0.090871 -1005.557713 -0.886122 -0.460893 -0.048632 -1799.569549 -0.084948 0.058366 0.994674 -89.713151
-0.462674 0.881828 -0.091175 -1006.327453 -0.882414 -0.467981 -0.048354 -1801.042320 -0.085309 0.058082 0.994660 -89.828139
-0.470748 0.877626 -0.090388 -1007.075083 -0.878123 -0.475990 -0.048307 -1802.481843 -0.085420 0.056631 0.994734 -89.940617
-0.481391 0.871982 -0.088934 -1007.842720 -0.872368 -0.486493 -0.047937 -1803.913681 -0.085066 0.054507 0.994883 -90.053587
-0.493182 0.865426 -0.088376 -1008.623436 -0.865776 -0.498201 -0.047199 -1805.326677 -0.084876 0.053236 0.994968 -90.165325
-0.506015 0.857890 -0.089302 -1009.425704 -0.858313 -0.511057 -0.046034 -1806.714115 -0.085131 0.053355 0.994940 -90.276683
-0.520467 0.848999 -0.091188 -1010.223559 -0.849544 -0.525612 -0.044795 -1808.073217 -0.085960 0.054154 0.994826 -90.388970
-0.533947 0.840289 -0.093889 -1011.047883 -0.841022 -0.539260 -0.043378 -1809.397570 -0.087081 0.055801 0.994637 -90.496625
-0.547933 0.830969 -0.096229 -1011.882976 -0.831866 -0.553386 -0.041977 -1810.722486 -0.088133 0.057049 0.994474 -90.607203
-0.562631 0.820817 -0.098522 -1012.731533 -0.821880 -0.568220 -0.040494 -1812.021138 -0.089220 0.058190 0.994311 -90.720396
-0.577693 0.810151 -0.099634 -1013.620124 -0.811249 -0.583354 -0.039666 -1813.294725 -0.090257 0.057913 0.994233 -90.839324
-0.593857 0.798376 -0.099650 -1014.507757 -0.799570 -0.599409 -0.037370 -1814.545486 -0.089567 0.057485 0.994321 -90.959148
-0.609793 0.786277 -0.099606 -1015.438136 -0.787437 -0.615314 -0.036485 -1815.778997 -0.089976 0.056186 0.994358 -91.064904
-0.626184 0.772917 -0.102434 -1016.370679 -0.774163 -0.631962 -0.035980 -1816.950069 -0.092544 0.056771 0.994089 -91.191475
-0.643229 0.758461 -0.104850 -1017.342835 -0.759711 -0.649264 -0.035993 -1818.136360 -0.095374 0.056504 0.993837 -91.310734
-0.660031 0.743769 -0.105670 -1018.331568 -0.745025 -0.666118 -0.035001 -1819.289909 -0.096421 0.055624 0.993785 -91.436103
-0.677064 0.728330 -0.105446 -1019.346524 -0.729445 -0.683150 -0.034878 -1820.434354 -0.097438 0.053302 0.993813 -91.566217
-0.694075 0.712278 -0.104498 -1020.372764 -0.713300 -0.700040 -0.033866 -1821.529522 -0.097275 0.051032 0.993948 -91.691658
-0.711400 0.695130 -0.103464 -1021.422237 -0.696025 -0.717251 -0.033156 -1822.600999 -0.097257 0.048426 0.994080 -91.814948
-0.729335 0.676165 -0.104264 -1022.526130 -0.677014 -0.735254 -0.032443 -1823.666801 -0.098598 0.046926 0.994020 -91.945409
-0.746189 0.657198 -0.106264 -1023.632413 -0.658012 -0.752319 -0.032196 -1824.687253 -0.101103 0.045899 0.993817 -92.071005
-0.762962 0.637165 -0.109130 -1024.757798 -0.637849 -0.769450 -0.033095 -1825.664025 -0.105057 0.044358 0.993476 -92.204484
-0.779914 0.615940 -0.111137 -1025.939200 -0.616497 -0.786648 -0.033413 -1826.638610 -0.108006 0.042456 0.993243 -92.355302
-0.795897 0.595065 -0.111557 -1027.106371 -0.595724 -0.802591 -0.031003 -1827.566996 -0.107984 0.041782 0.993274 -92.483255
-0.811701 0.573783 -0.109157 -1028.312675 -0.574411 -0.818062 -0.028768 -1828.442648 -0.105804 0.039349 0.993608 -92.627317
-0.826731 0.552016 -0.108601 -1029.535979 -0.552675 -0.832969 -0.026698 -1829.286664 -0.105199 0.037949 0.993727 -92.768649
-0.841495 0.529347 -0.108067 -1030.780067 -0.530014 -0.847625 -0.024833 -1830.123285 -0.104745 0.036380 0.993833 -92.910838
-0.855805 0.505805 -0.108442 -1032.085873 -0.506481 -0.861937 -0.023263 -1830.913870 -0.105236 0.035015 0.993831 -93.049225
-0.869389 0.481739 -0.109958 -1033.372165 -0.482377 -0.875675 -0.022494 -1831.670785 -0.107124 0.033486 0.993682 -93.188993
-0.882820 0.456596 -0.110223 -1034.674839 -0.457171 -0.889119 -0.021489 -1832.378795 -0.107813 0.031420 0.993675 -93.330615
-0.895957 0.430514 -0.109169 -1036.011417 -0.431047 -0.902110 -0.019895 -1833.070104 -0.107048 0.029232 0.993824 -93.464509
-0.907987 0.404772 -0.108258 -1037.353936 -0.405373 -0.913986 -0.017388 -1833.688517 -0.105985 0.028097 0.993971 -93.603968
-0.919222 0.378542 -0.108336 -1038.713841 -0.379174 -0.925195 -0.015515 -1834.291516 -0.106105 0.026817 0.993993 -93.735686
-0.929808 0.351363 -0.109552 -1040.103407 -0.351962 -0.935903 -0.014459 -1834.847886 -0.107610 0.025114 0.993876 -93.882208
-0.939304 0.324776 -0.110582 -1041.489108 -0.325195 -0.945532 -0.014731 -1835.397051 -0.109343 0.022124 0.993758 -94.024776
-0.948440 0.297300 -0.109881 -1042.909977 -0.297540 -0.954598 -0.014590 -1835.877212 -0.109229 0.018856 0.993838 -94.169497
-0.956542 0.270769 -0.108219 -1044.337681 -0.270864 -0.962514 -0.014099 -1836.303332 -0.107980 0.015826 0.994027 -94.309251
-0.963630 0.244617 -0.107612 -1045.764231 -0.244617 -0.969527 -0.013410 -1836.700924 -0.107613 0.013402 0.994103 -94.450997
-0.970144 0.216908 -0.108497 -1047.218772 -0.216973 -0.976112 -0.011345 -1837.070026 -0.108366 0.012534 0.994032 -94.596074
-0.975629 0.190855 -0.108268 -1048.660215 -0.190887 -0.981559 -0.010169 -1837.385700 -0.108213 0.010746 0.994070 -94.742116
-0.980505 0.163898 -0.108383 -1050.120139 -0.163991 -0.986428 -0.008116 -1837.676459 -0.108243 0.009816 0.994076 -94.878539
-0.984744 0.136323 -0.108144 -1051.597383 -0.136357 -0.990634 -0.007110 -1837.910273 -0.108100 0.007745 0.994110 -95.022981
-0.988190 0.109593 -0.107096 -1053.066098 -0.109533 -0.993962 -0.006454 -1838.098139 -0.107156 0.005353 0.994228 -95.166650
-0.990925 0.082752 -0.105922 -1054.539170 -0.082713 -0.996562 -0.004772 -1838.245661 -0.105952 0.004032 0.994363 -95.301956
-0.992922 0.055761 -0.104864 -1056.041140 -0.055679 -0.998442 -0.003713 -1838.365398 -0.104908 0.002152 0.994480 -95.443570
-0.994129 0.030572 -0.103789 -1057.519007 -0.030559 -0.999531 -0.001709 -1838.446783 -0.103793 0.001472 0.994598 -95.581328
-0.994613 0.004509 -0.103564 -1059.023936 -0.004515 -0.999990 -0.000181 -1838.481359 -0.103564 0.000287 0.994623 -95.715918
-0.994376 -0.020116 -0.103982 -1060.495549 0.020125 -0.999797 0.000958 -1838.476296 -0.103980 -0.001140 0.994579 -95.858032
-0.993580 -0.045757 -0.103469 -1061.989223 0.045813 -0.998948 0.001840 -1838.447041 -0.103445 -0.002912 0.994631 -95.992810
-0.992165 -0.072038 -0.102072 -1063.489579 0.072141 -0.997391 0.002689 -1838.382667 -0.101999 -0.004696 0.994773 -96.130920
-0.990237 -0.097593 -0.099527 -1064.978916 0.097756 -0.995205 0.003246 -1838.273705 -0.099367 -0.006515 0.995030 -96.268259
-0.987709 -0.123113 -0.096297 -1066.460122 0.123402 -0.992352 0.002968 -1838.115456 -0.095926 -0.008951 0.995348 -96.396981
-0.984133 -0.150219 -0.094422 -1067.980488 0.150604 -0.988589 0.003082 -1837.908843 -0.093808 -0.011188 0.995527 -96.529312
-0.979859 -0.176346 -0.093693 -1069.459272 0.176875 -0.984230 0.002698 -1837.673895 -0.092691 -0.013928 0.995597 -96.659709
-0.974428 -0.204002 -0.094197 -1070.967333 0.204613 -0.978838 0.003225 -1837.397491 -0.092862 -0.016132 0.995548 -96.783229
-0.968374 -0.230451 -0.095629 -1072.428748 0.231083 -0.972923 0.004561 -1837.088478 -0.094091 -0.017681 0.995407 -96.909753
-0.961555 -0.257512 -0.095394 -1073.892742 0.258182 -0.966081 0.005467 -1836.735100 -0.093566 -0.019372 0.995425 -97.032442
-0.953915 -0.285250 -0.093160 -1075.372450 0.286042 -0.958204 0.005016 -1836.326308 -0.090697 -0.021863 0.995639 -97.156508
-0.945919 -0.311262 -0.091397 -1076.803814 0.312092 -0.950036 0.005427 -1835.878099 -0.088519 -0.023391 0.995800 -97.275993
-0.936921 -0.337522 -0.090869 -1078.249666 0.338344 -0.940999 0.006671 -1835.402392 -0.087759 -0.024495 0.995841 -97.393062
-0.926648 -0.364878 -0.090488 -1079.693885 0.365717 -0.930694 0.007734 -1834.872599 -0.087038 -0.025927 0.995868 -97.509525
-0.915893 -0.391132 -0.090312 -1081.095564 0.392050 -0.919909 0.008082 -1834.311872 -0.086240 -0.028004 0.995881 -97.622768
-0.904107 -0.417924 -0.089053 -1082.497514 0.418895 -0.907996 0.008392 -1833.698932 -0.084367 -0.029716 0.995992 -97.734437
-0.891301 -0.444856 -0.087672 -1083.902368 0.445881 -0.895051 0.008608 -1833.049936 -0.082300 -0.031419 0.996112 -97.848913
-0.877875 -0.470922 -0.086994 -1085.255958 0.472034 -0.881538 0.008602 -1832.355508 -0.080740 -0.033512 0.996172 -97.951544
-0.863057 -0.497736 -0.085972 -1086.633907 0.498907 -0.866611 0.008823 -1831.607980 -0.078896 -0.035278 0.996258 -98.061657
-0.847830 -0.523338 -0.085450 -1087.930817 0.524575 -0.851316 0.009066 -1830.861752 -0.077490 -0.037139 0.996301 -98.154938
-0.831726 -0.548698 -0.084631 -1089.206380 0.549940 -0.835145 0.009966 -1830.047216 -0.076148 -0.038253 0.996363 -98.259587
-0.814507 -0.573956 -0.084570 -1090.498640 0.575239 -0.817915 0.010772 -1829.193492 -0.075353 -0.039874 0.996359 -98.352997
-0.797706 -0.597188 -0.083855 -1091.719858 0.598487 -0.801050 0.011454 -1828.307305 -0.074012 -0.041049 0.996412 -98.451892
-0.779534 -0.620828 -0.083062 -1092.943749 0.622167 -0.782795 0.011810 -1827.395090 -0.072353 -0.042472 0.996474 -98.539751
-0.760172 -0.644601 -0.081409 -1094.144909 0.645987 -0.763261 0.011518 -1826.422596 -0.069560 -0.043833 0.996614 -98.635083
-0.741105 -0.666601 -0.080044 -1095.302205 0.668048 -0.744037 0.011022 -1825.430961 -0.066903 -0.045305 0.996730 -98.718518
-0.720028 -0.689404 -0.079259 -1096.447546 0.690846 -0.722904 0.011919 -1824.392214 -0.065514 -0.046173 0.996783 -98.804931
-0.699637 -0.710153 -0.078687 -1097.530128 0.711577 -0.702487 0.013052 -1823.358072 -0.064545 -0.046860 0.996814 -98.887668
-0.677630 -0.731269 -0.077866 -1098.595002 0.732738 -0.680385 0.013089 -1822.257995 -0.062551 -0.048185 0.996878 -98.963069
-0.654969 -0.751834 -0.075901 -1099.622401 0.753320 -0.657534 0.012585 -1821.121657 -0.059369 -0.048935 0.997036 -99.043335
-0.632605 -0.770950 -0.073803 -1100.607062 0.772453 -0.634963 0.011755 -1819.973808 -0.055925 -0.049573 0.997204 -99.108769
-0.609760 -0.789321 -0.071864 -1101.561770 0.790831 -0.611935 0.011074 -1818.779568 -0.052717 -0.050080 0.997353 -99.180210
-0.586114 -0.807134 -0.070742 -1102.497349 0.808649 -0.588187 0.011107 -1817.561602 -0.050574 -0.050695 0.997433 -99.242252
-0.562885 -0.823519 -0.070542 -1103.384291 0.825058 -0.564930 0.011588 -1816.318720 -0.049394 -0.051678 0.997442 -99.303182
-0.538769 -0.839532 -0.070100 -1104.279961 0.841063 -0.540793 0.012481 -1815.025625 -0.048388 -0.052234 0.997462 -99.364158
-0.515298 -0.854177 -0.069637 -1105.098846 0.855748 -0.517247 0.012286 -1813.725470 -0.046514 -0.053261 0.997497 -99.416308
-0.491693 -0.868060 -0.068628 -1105.895155 0.869666 -0.493508 0.011443 -1812.399100 -0.043801 -0.054057 0.997577 -99.474663
-0.467823 -0.881262 -0.067218 -1106.662141 0.882824 -0.469555 0.011836 -1811.051969 -0.041993 -0.053804 0.997668 -99.522167
-0.445055 -0.893075 -0.065905 -1107.383795 0.894580 -0.446732 0.012557 -1809.675651 -0.040656 -0.053369 0.997747 -99.572577
-0.422629 -0.904025 -0.064210 -1108.059637 0.905483 -0.424199 0.012511 -1808.281914 -0.038548 -0.052853 0.997858 -99.612834
-0.399615 -0.914593 -0.061869 -1108.714501 0.915981 -0.401039 0.012078 -1806.842381 -0.035858 -0.051844 0.998011 -99.657640
-0.377770 -0.923845 -0.061651 -1109.349053 0.925259 -0.379147 0.011977 -1805.405105 -0.034440 -0.052519 0.998026 -99.697569
-0.354758 -0.932963 -0.061044 -1109.958612 0.934330 -0.356156 0.013409 -1803.921392 -0.034251 -0.052278 0.998045 -99.739329
-0.332531 -0.941073 -0.061674 -1110.540570 0.942522 -0.333892 0.012953 -1802.413396 -0.032783 -0.053822 0.998012 -99.782883
-0.311286 -0.948387 -0.060530 -1111.053296 0.949824 -0.312543 0.012292 -1800.902097 -0.030576 -0.053666 0.998091 -99.812853
-0.290826 -0.954914 -0.059670 -1111.547240 0.956350 -0.291992 0.011656 -1799.385157 -0.028554 -0.053676 0.998150 -99.850222
-0.271969 -0.960537 -0.058326 -1112.005440 0.961913 -0.273090 0.012043 -1797.869521 -0.027496 -0.052829 0.998225 -99.884193
-0.253918 -0.965537 -0.057128 -1112.431645 0.966849 -0.255024 0.012852 -1796.314692 -0.026978 -0.051971 0.998284 -99.906124
-0.237076 -0.969931 -0.055036 -1112.858968 0.971154 -0.238104 0.012858 -1794.743237 -0.025575 -0.050400 0.998402 -99.939209
-0.221881 -0.973639 -0.052876 -1113.233943 0.974785 -0.222809 0.012278 -1793.161743 -0.023736 -0.048819 0.998526 -99.962137
-0.207885 -0.976831 -0.050839 -1113.592015 0.977915 -0.208701 0.011245 -1791.570199 -0.021595 -0.047379 0.998644 -99.982986
-0.194064 -0.979774 -0.048809 -1113.930838 0.980793 -0.194780 0.010325 -1789.963330 -0.019623 -0.045868 0.998755 -100.008000
-0.181340 -0.982275 -0.047449 -1114.248161 0.983239 -0.182022 0.010423 -1788.349109 -0.018875 -0.044764 0.998819 -100.023120
-0.169293 -0.984465 -0.046560 -1114.543778 0.985404 -0.169933 0.010105 -1786.726408 -0.017860 -0.044170 0.998864 -100.041906
-0.157604 -0.986433 -0.045941 -1114.832988 0.987354 -0.158217 0.010011 -1785.083815 -0.017144 -0.043782 0.998894 -100.054546
-0.147060 -0.988031 -0.046565 -1115.099195 0.988996 -0.147645 0.009381 -1783.436617 -0.016143 -0.044673 0.998871 -100.073876
-0.136553 -0.989534 -0.046650 -1115.355846 0.990503 -0.137146 0.009724 -1781.749472 -0.016020 -0.044879 0.998864 -100.086336
-0.128563 -0.990638 -0.045917 -1115.596439 0.991560 -0.129190 0.010941 -1780.069860 -0.016771 -0.044123 0.998885 -100.105753
-0.122265 -0.991493 -0.044654 -1115.835993 0.992343 -0.122915 0.012110 -1778.380470 -0.017496 -0.042832 0.998929 -100.115014
-0.116537 -0.992200 -0.044243 -1116.036675 0.993037 -0.117177 0.012157 -1776.708322 -0.017247 -0.042518 0.998947 -100.126030
-0.111698 -0.992759 -0.044198 -1116.237965 0.993589 -0.112350 0.012550 -1775.064170 -0.017424 -0.042513 0.998944 -100.140754
-0.106464 -0.993329 -0.044304 -1116.440985 0.994158 -0.107138 0.013117 -1773.363047 -0.017777 -0.042648 0.998932 -100.153298
-0.100965 -0.993877 -0.044879 -1116.624452 0.994735 -0.101643 0.013101 -1771.651380 -0.017583 -0.043320 0.998907 -100.164479
-0.097295 -0.994212 -0.045571 -1116.804152 0.995095 -0.098000 0.013503 -1769.935369 -0.017891 -0.044034 0.998870 -100.180341
-0.093446 -0.994571 -0.045788 -1116.977526 0.995456 -0.094178 0.014087 -1768.234668 -0.018323 -0.044264 0.998852 -100.190701
-0.090311 -0.994876 -0.045455 -1117.159537 0.995748 -0.091035 0.014110 -1766.525053 -0.018176 -0.043988 0.998867 -100.204287
-0.088489 -0.995056 -0.045101 -1117.323064 0.995922 -0.089183 0.013613 -1764.828646 -0.017568 -0.043713 0.998890 -100.215619
-0.085817 -0.995282 -0.045261 -1117.474808 0.996169 -0.086484 0.012987 -1763.117795 -0.016840 -0.043973 0.998891 -100.226515
-0.084810 -0.995390 -0.044789 -1117.644181 0.996257 -0.085467 0.012971 -1761.399245 -0.016739 -0.043521 0.998912 -100.234734
-0.083491 -0.995494 -0.044948 -1117.793499 0.996368 -0.084151 0.013013 -1759.684907 -0.016736 -0.043698 0.998905 -100.247240
-0.081943 -0.995635 -0.044683 -1117.938535 0.996506 -0.082578 0.012552 -1757.989615 -0.016187 -0.043499 0.998922 -100.252024
-0.080808 -0.995691 -0.045487 -1118.088012 0.996590 -0.081475 0.013022 -1756.282596 -0.016672 -0.044279 0.998880 -100.261146
-0.079910 -0.995799 -0.044699 -1118.221934 0.996652 -0.080596 0.013759 -1754.557963 -0.017304 -0.043450 0.998906 -100.266480
-0.078561 -0.995891 -0.045038 -1118.372443 0.996745 -0.079287 0.014584 -1752.827591 -0.018095 -0.043746 0.998879 -100.280129
-0.077749 -0.995957 -0.044993 -1118.515073 0.996796 -0.078507 0.015323 -1751.134927 -0.018794 -0.043658 0.998870 -100.285910
-0.076550 -0.996019 -0.045669 -1118.664736 0.996886 -0.077326 0.015480 -1749.391054 -0.018949 -0.044342 0.998837 -100.302127
-0.075563 -0.996075 -0.046097 -1118.812703 0.996973 -0.076318 0.014840 -1747.687530 -0.018300 -0.044836 0.998827 -100.307885
-0.074312 -0.996155 -0.046406 -1118.931676 0.997076 -0.075052 0.014389 -1745.991285 -0.017816 -0.045201 0.998819 -100.322877
-0.072746 -0.996272 -0.046375 -1119.068382 0.997177 -0.073523 0.015269 -1744.267151 -0.018622 -0.045133 0.998807 -100.334354
-0.071475 -0.996344 -0.046797 -1119.191612 0.997252 -0.072299 0.016160 -1742.558111 -0.019484 -0.045513 0.998774 -100.347468
-0.070266 -0.996409 -0.047244 -1119.327216 0.997343 -0.071087 0.015929 -1740.850862 -0.019230 -0.045999 0.998756 -100.352375
-0.068755 -0.996461 -0.048361 -1119.445241 0.997483 -0.069506 0.014029 -1739.160638 -0.017341 -0.047274 0.998731 -100.362475
-0.067696 -0.996501 -0.049012 -1119.570803 0.997590 -0.068357 0.011932 -1737.481091 -0.015240 -0.048086 0.998727 -100.369142
-0.065828 -0.996627 -0.049001 -1119.684455 0.997740 -0.066408 0.010290 -1735.790350 -0.013509 -0.048213 0.998746 -100.368766
-0.063798 -0.996774 -0.048688 -1119.813041 0.997889 -0.064312 0.009073 -1734.102831 -0.012174 -0.048006 0.998773 -100.376806
-0.061641 -0.996915 -0.048579 -1119.923595 0.998025 -0.062152 0.009079 -1732.458515 -0.012071 -0.047924 0.998778 -100.370526
-0.057725 -0.997165 -0.048272 -1120.026478 0.998250 -0.058275 0.010065 -1730.790259 -0.012850 -0.047607 0.998783 -100.365225
-0.053073 -0.997385 -0.049047 -1120.137693 0.998503 -0.053653 0.010590 -1729.130662 -0.013194 -0.048412 0.998740 -100.362992
-0.046943 -0.997632 -0.050263 -1120.229874 0.998817 -0.047521 0.010352 -1727.485267 -0.012716 -0.049718 0.998682 -100.361238
-0.038084 -0.997977 -0.050913 -1120.311354 0.999199 -0.038657 0.010323 -1725.851375 -0.012270 -0.050479 0.998650 -100.356226
-0.029062 -0.998252 -0.051471 -1120.378941 0.999514 -0.029601 0.009729 -1724.232943 -0.011236 -0.051163 0.998627 -100.353423
-0.018981 -0.998493 -0.051496 -1120.426624 0.999764 -0.019500 0.009595 -1722.611997 -0.010584 -0.051302 0.998627 -100.343810
-0.006624 -0.998629 -0.051932 -1120.468457 0.999919 -0.007178 0.010489 -1720.996271 -0.010847 -0.051859 0.998596 -100.341370
0.006330 -0.998592 -0.052671 -1120.477169 0.999923 0.005761 0.010963 -1719.440378 -0.010644 -0.052737 0.998552 -100.335617
0.022199 -0.998326 -0.053409 -1120.462791 0.999706 0.021644 0.010943 -1717.871295 -0.009769 -0.053637 0.998513 -100.324174
0.038688 -0.997795 -0.053932 -1120.441502 0.999218 0.038191 0.010223 -1716.325944 -0.008140 -0.054285 0.998492 -100.314713
0.056648 -0.996908 -0.054457 -1120.387662 0.998380 0.056271 0.008430 -1714.784422 -0.005340 -0.054847 0.998481 -100.299611
0.076466 -0.995619 -0.053806 -1120.285922 0.997069 0.076209 0.006822 -1713.250805 -0.002692 -0.054170 0.998528 -100.286166
0.096935 -0.993871 -0.053149 -1120.174406 0.995291 0.096790 0.005291 -1711.744115 -0.000114 -0.053412 0.998573 -100.263636
0.118189 -0.991613 -0.052289 -1120.012682 0.992990 0.118114 0.004545 -1710.260662 0.001669 -0.052459 0.998622 -100.236607
0.141529 -0.988616 -0.051060 -1119.832987 0.989931 0.141469 0.004794 -1708.773848 0.002484 -0.051224 0.998684 -100.215193
0.165694 -0.984891 -0.050343 -1119.630054 0.986169 0.165690 0.004287 -1707.300199 0.004119 -0.050357 0.998723 -100.182911
0.192628 -0.979991 -0.050124 -1119.370130 0.981247 0.192736 0.002717 -1705.826139 0.006998 -0.049708 0.998739 -100.159249
0.219866 -0.974277 -0.049440 -1119.081189 0.975482 0.220074 0.001255 -1704.389788 0.009657 -0.048504 0.998776 -100.126487
0.247496 -0.967727 -0.047442 -1118.748806 0.968806 0.247820 -0.000981 -1702.977964 0.012706 -0.045719 0.998874 -100.094957
0.275985 -0.960122 -0.044698 -1118.377594 0.961029 0.276422 -0.003783 -1701.538339 0.015988 -0.041912 0.998993 -100.045288
0.304286 -0.951620 -0.042765 -1117.960667 0.952401 0.304793 -0.005735 -1700.157070 0.018492 -0.038984 0.999069 -100.010676
0.333145 -0.942022 -0.040114 -1117.515239 0.942660 0.333676 -0.007190 -1698.773223 0.020158 -0.035419 0.999169 -99.963760
0.363149 -0.930936 -0.038486 -1117.007180 0.931496 0.363675 -0.007428 -1697.388403 0.020912 -0.033152 0.999232 -99.917872
0.393004 -0.918799 -0.036829 -1116.480136 0.919296 0.393503 -0.007121 -1696.047419 0.021035 -0.031058 0.999296 -99.868820
0.425027 -0.904484 -0.035519 -1115.889142 0.904913 0.425528 -0.007627 -1694.705399 0.022013 -0.028900 0.999340 -99.818745
0.456335 -0.889079 -0.036015 -1115.274446 0.889487 0.456884 -0.008404 -1693.405569 0.023926 -0.028200 0.999316 -99.772656
0.488179 -0.871973 -0.036655 -1114.610449 0.872306 0.488833 -0.011131 -1692.142204 0.027624 -0.026541 0.999266 -99.709985
0.519339 -0.853786 -0.036547 -1113.880440 0.854021 0.520062 -0.013558 -1690.874893 0.030583 -0.024170 0.999240 -99.645989
0.548787 -0.835205 -0.035572 -1113.146456 0.835360 0.549510 -0.014593 -1689.661865 0.031735 -0.021707 0.999261 -99.584858
0.578136 -0.815230 -0.034057 -1112.361217 0.815270 0.578849 -0.016394 -1688.463027 0.033079 -0.018288 0.999285 -99.522990
0.607343 -0.793717 -0.033878 -1111.511039 0.793682 0.608074 -0.017759 -1687.279137 0.034696 -0.016102 0.999268 -99.450612
0.635383 -0.771479 -0.033316 -1110.640179 0.771425 0.636085 -0.017295 -1686.160339 0.034534 -0.014712 0.999295 -99.383409
0.663262 -0.747646 -0.033291 -1109.705628 0.747556 0.663966 -0.017580 -1685.055497 0.035248 -0.013226 0.999291 -99.319551
0.689701 -0.723308 -0.033735 -1108.754070 0.723144 0.690434 -0.019068 -1683.991705 0.037084 -0.011244 0.999249 -99.248506
0.715412 -0.697803 -0.035458 -1107.787303 0.697532 0.716229 -0.021542 -1682.976176 0.040429 -0.009322 0.999139 -99.182281
0.740526 -0.671084 -0.035603 -1106.736059 0.670671 0.741358 -0.024249 -1681.980681 0.042668 -0.005921 0.999072 -99.098552
0.763715 -0.644548 -0.036019 -1105.683182 0.643978 0.764560 -0.027201 -1681.033651 0.045071 -0.002422 0.998981 -99.023766
0.786172 -0.616975 -0.035729 -1104.595375 0.616239 0.786981 -0.030177 -1680.137606 0.046737 0.001707 0.998906 -98.942409
0.807829 -0.588310 -0.036109 -1103.450484 0.587434 0.808619 -0.032498 -1679.251860 0.048318 0.005041 0.998819 -98.855789
0.827998 -0.559528 -0.036704 -1102.298495 0.558494 0.828767 -0.035056 -1678.431074 0.050034 0.008527 0.998711 -98.771281
0.846938 -0.530258 -0.039016 -1101.114294 0.529004 0.847754 -0.038304 -1677.642254 0.053387 0.011801 0.998504 -98.685777
0.864047 -0.501701 -0.041452 -1099.937859 0.500187 0.864903 -0.041913 -1676.914886 0.056880 0.015481 0.998261 -98.593123
0.879632 -0.473820 -0.041740 -1098.720837 0.472158 0.880418 -0.043946 -1676.222358 0.057571 0.018949 0.998162 -98.499237
0.894050 -0.446177 -0.040000 -1097.449502 0.444428 0.894647 -0.045727 -1675.545280 0.056188 0.023105 0.998153 -98.403383
0.906926 -0.419450 -0.039341 -1096.167110 0.417559 0.907366 -0.048287 -1674.931200 0.055951 0.027366 0.998058 -98.313318
0.918945 -0.392369 -0.039839 -1094.886012 0.390327 0.919290 -0.050506 -1674.353412 0.056441 0.030862 0.997929 -98.217415
0.930667 -0.363437 -0.042091 -1093.560771 0.361078 0.930941 -0.054514 -1673.810971 0.058997 0.035536 0.997625 -98.120968
0.941071 -0.335253 -0.044612 -1092.226904 0.332668 0.941345 -0.056587 -1673.318615 0.060966 0.038411 0.997400 -98.014677
0.950975 -0.305903 -0.045500 -1090.887820 0.303341 0.951265 -0.055500 -1672.861746 0.060261 0.038977 0.997421 -97.922681
0.960704 -0.274212 -0.043066 -1089.492313 0.271777 0.960794 -0.054890 -1672.442365 0.056430 0.041029 0.997563 -97.835620
0.969414 -0.241688 -0.042693 -1088.115520 0.239444 0.969536 -0.051640 -1672.035977 0.053873 0.039838 0.997753 -97.736693
0.977036 -0.207242 -0.049512 -1086.723910 0.204700 0.977448 -0.051899 -1671.697866 0.059151 0.040573 0.997424 -97.645878
0.983032 -0.173151 -0.060556 -1085.337022 0.170256 0.984124 -0.050120 -1671.427648 0.068274 0.038960 0.996906 -97.538762
0.987990 -0.140027 -0.065332 -1083.940690 0.136913 0.989323 -0.049949 -1671.212872 0.071629 0.040404 0.996613 -97.436823
0.992282 -0.107517 -0.061772 -1082.503670 0.104388 0.993185 -0.051831 -1670.991891 0.066924 0.044983 0.996744 -97.328848
0.995591 -0.075465 -0.055704 -1081.079366 0.072410 0.995859 -0.054977 -1670.858407 0.059622 0.050701 0.996933 -97.230104
0.997688 -0.042085 -0.053370 -1079.637764 0.039016 0.997594 -0.057298 -1670.763293 0.055653 0.055083 0.996930 -97.122227
0.998367 -0.008132 -0.056541 -1078.170486 0.004801 0.998259 -0.058794 -1670.706148 0.056920 0.058427 0.996668 -97.026679
0.997722 0.025790 -0.062331 -1076.710648 -0.029427 0.997874 -0.058153 -1670.720915 0.060699 0.059855 0.996360 -96.925564
0.995950 0.059909 -0.067045 -1075.242826 -0.063779 0.996326 -0.057152 -1670.774768 0.063374 0.061196 0.996112 -96.822035
0.993218 0.092511 -0.070428 -1073.817151 -0.096516 0.993768 -0.055761 -1670.877272 0.064831 0.062181 0.995957 -96.711955
0.989494 0.125471 -0.071827 -1072.392729 -0.129425 0.990155 -0.053314 -1671.018669 0.064431 0.062050 0.995991 -96.610793
0.984664 0.159280 -0.071188 -1070.932628 -0.163133 0.985231 -0.052028 -1671.207652 0.061850 0.062843 0.996105 -96.503673
0.978769 0.192170 -0.071284 -1069.492601 -0.195889 0.979380 -0.049417 -1671.449221 0.060318 0.062332 0.996231 -96.407230
0.971850 0.224322 -0.072021 -1068.053788 -0.227920 0.972579 -0.046282 -1671.747554 0.059664 0.061394 0.996329 -96.286303
0.964072 0.255448 -0.072872 -1066.566278 -0.259011 0.964853 -0.044401 -1672.104460 0.058969 0.061681 0.996352 -96.193309
0.956090 0.283944 -0.072583 -1065.160717 -0.287453 0.956811 -0.043407 -1672.488652 0.057123 0.062365 0.996417 -96.092981
0.947485 0.311520 -0.072299 -1063.753806 -0.315057 0.948058 -0.043876 -1672.914677 0.054875 0.064350 0.996417 -95.998523
0.939131 0.336226 -0.070602 -1062.348299 -0.339687 0.939495 -0.044294 -1673.389968 0.051438 0.065581 0.996521 -95.903464
0.930377 0.359760 -0.070506 -1060.937795 -0.363268 0.930588 -0.045204 -1673.909871 0.049349 0.067670 0.996487 -95.822507
0.921186 0.382557 -0.071183 -1059.504774 -0.386110 0.921349 -0.045117 -1674.468189 0.048325 0.069045 0.996442 -95.729539
0.912642 0.402185 -0.073013 -1058.097975 -0.405864 0.912827 -0.044963 -1675.077412 0.048565 0.070669 0.996317 -95.654014
0.904672 0.419407 -0.075275 -1056.725804 -0.423311 0.904808 -0.046158 -1675.690015 0.048750 0.073622 0.996094 -95.561021
0.896892 0.435540 -0.076747 -1055.324096 -0.439631 0.896910 -0.047716 -1676.341371 0.048053 0.076537 0.995908 -95.479850
0.890185 0.449300 -0.075499 -1053.948347 -0.453392 0.889916 -0.049854 -1677.029957 0.044788 0.078611 0.995899 -95.394293
0.883496 0.462600 -0.073730 -1052.583894 -0.466604 0.882983 -0.051201 -1677.733624 0.041417 0.079638 0.995963 -95.326278
0.875992 0.476683 -0.073561 -1051.204704 -0.480662 0.875415 -0.051117 -1678.457682 0.040030 0.080136 0.995980 -95.241839
0.869221 0.488652 -0.075328 -1049.833496 -0.492736 0.868720 -0.050369 -1679.230954 0.040826 0.080898 0.995886 -95.178004
0.863362 0.498668 -0.077044 -1048.465132 -0.502922 0.862812 -0.051231 -1680.010460 0.040927 0.082978 0.995711 -95.099842
0.859231 0.505772 -0.076923 -1047.078334 -0.510084 0.858486 -0.053060 -1680.820793 0.039201 0.084828 0.995624 -95.025829
0.856525 0.510500 -0.075858 -1045.711826 -0.514732 0.855684 -0.053439 -1681.620847 0.037629 0.084818 0.995686 -94.955083
0.854200 0.514547 -0.074720 -1044.358797 -0.518649 0.853366 -0.052635 -1682.430942 0.036680 0.083715 0.995814 -94.896513
0.852488 0.517519 -0.073744 -1042.968545 -0.521496 0.851695 -0.051549 -1683.279349 0.036130 0.082403 0.995944 -94.828735
0.851361 0.519619 -0.071972 -1041.561440 -0.523465 0.850457 -0.052025 -1684.128228 0.034176 0.081967 0.996049 -94.766885
0.850621 0.521096 -0.070014 -1040.181233 -0.524839 0.849497 -0.053840 -1684.955074 0.031421 0.082543 0.996092 -94.701862
0.849707 0.522798 -0.068413 -1038.754441 -0.526418 0.848493 -0.054246 -1685.829780 0.029689 0.082108 0.996181 -94.635659
0.848860 0.524223 -0.068020 -1037.329058 -0.527805 0.847639 -0.054125 -1686.702776 0.029283 0.081846 0.996215 -94.584360
0.847655 0.526083 -0.068689 -1035.919664 -0.529723 0.846433 -0.054263 -1687.576214 0.029594 0.082382 0.996161 -94.529661
0.846749 0.527434 -0.069499 -1034.486126 -0.531117 0.845603 -0.053577 -1688.454729 0.030510 0.082278 0.996142 -94.467559
0.845707 0.529051 -0.069892 -1033.056621 -0.532689 0.844763 -0.051161 -1689.350600 0.031976 0.080498 0.996242 -94.414005
0.844914 0.530336 -0.069743 -1031.638897 -0.533968 0.843942 -0.051393 -1690.236787 0.031604 0.080663 0.996240 -94.347853
0.843875 0.532103 -0.068858 -1030.181692 -0.535759 0.842600 -0.054655 -1691.144083 0.028938 0.083013 0.996128 -94.285377
